Date,adj_close,Close,High,Low,Open,Volume
2000-01-03,7.985649585723877,15.711530685424805,16.160432815551758,15.599306106567385,15.823756217956545,10635087
2000-01-04,7.757486820220947,15.262630462646484,15.599306106567385,15.150404930114746,15.459024429321287,10734887
2000-01-05,7.743222713470459,15.234574317932127,15.402911186218262,15.066235542297363,15.066235542297363,11722632
2000-01-06,8.014164924621582,15.767642974853516,15.823756217956545,15.178461074829102,15.262630462646484,17479583
2000-01-07,8.099724769592285,15.935980796813965,16.27265739440918,15.487079620361328,15.487079620361328,15756040
2000-01-10,8.042685508728027,15.823756217956545,16.188488006591797,15.655418395996094,16.160432815551758,10442172
2000-01-11,7.92860746383667,15.599306106567385,15.795700073242188,15.430968284606934,15.430968284606934,9533285
2000-01-12,7.8099493980407715,15.290685653686523,15.711530685424805,15.262630462646484,15.627362251281738,8330124
2000-01-13,7.738300800323486,15.150404930114746,15.430968284606934,15.122347831726074,15.290685653686523,10615929
2000-01-14,7.910264015197754,15.487079620361328,15.543192863464355,15.262630462646484,15.487079620361328,11217621
2000-01-18,7.738300800323486,15.150404930114746,15.487079620361328,14.86984157562256,15.178461074829102,11348831
2000-01-19,7.580667972564697,14.841785430908203,15.010123252868652,14.75761604309082,14.75761604309082,16849822
2000-01-20,7.351385593414307,14.392884254455566,14.75761604309082,14.224547386169434,14.673447608947754,15429241
2000-01-21,7.15076208114624,14.000096321105955,14.196490287780762,13.803702354431152,14.14037799835205,18903505
2000-01-24,6.878487586975098,13.467025756835938,13.859814643859863,13.467025756835938,13.747589111328123,20606554
2000-01-25,6.792508125305176,13.298688888549805,13.71953296661377,13.186463356018066,13.467025756835938,22725507
2000-01-26,6.806841850280762,13.32674503326416,13.467025756835938,13.214520454406738,13.382857322692873,14037397
2000-01-27,7.064781665802002,13.831757545471191,14.000096321105955,13.298688888549805,13.354801177978516,16105783
2000-01-28,7.308391571044922,14.3087158203125,14.448996543884276,13.943984031677246,14.000096321105955,13831338
2000-01-31,7.466026306152344,14.617335319519045,14.75761604309082,13.88787078857422,14.3087158203125,11452194
2000-02-01,7.53767728805542,14.75761604309082,14.75761604309082,14.3087158203125,14.53316593170166,8050775
2000-02-02,7.580667972564697,14.841785430908203,14.92595386505127,14.70150375366211,14.70150375366211,10301829
2000-02-03,7.623655796051025,14.92595386505127,15.010123252868652,14.785673141479492,14.813729286193848,8176192
2000-02-04,7.895928859710693,15.459024429321287,15.73958683013916,15.178461074829102,15.178461074829102,13315412
2000-02-07,7.752631664276123,15.178461074829102,15.51513671875,14.982067108154297,15.487079620361328,5931822
2000-02-08,7.824284553527832,15.318742752075195,15.487079620361328,15.038179397583008,15.34679889678955,10834240
2000-02-09,8.268519401550293,16.188488006591797,16.3848819732666,15.51513671875,15.571249008178713,14133855
2000-02-10,8.053563117980957,15.767642974853516,16.160432815551758,15.571249008178713,16.160432815551758,14272416
2000-02-11,7.795618057250977,15.262630462646484,15.795700073242188,15.262630462646484,15.795700073242188,6961002
2000-02-14,8.039234161376953,15.73958683013916,15.795700073242188,15.430968284606934,15.599306106567385,6156593
2000-02-15,8.053563117980957,15.767642974853516,15.87986946105957,15.51513671875,15.795700073242188,8322550
2000-02-16,7.953252792358398,15.571249008178713,15.767642974853516,15.51513671875,15.599306106567385,5104022
2000-02-17,7.852940082550049,15.374855041503906,15.823756217956545,15.318742752075195,15.683473587036133,9944512
2000-02-18,7.480354309082031,14.645391464233398,15.459024429321287,14.53316593170166,15.262630462646484,9892830
2000-02-22,7.652318954467773,14.982067108154297,15.038179397583008,14.729559898376465,15.010123252868652,8656254
2000-02-23,7.365714073181152,14.420941352844238,14.813729286193848,14.280658721923828,14.53316593170166,8071492
2000-02-24,7.279735565185547,14.252602577209473,14.617335319519045,13.915926933288574,14.477052688598633,7740684
2000-02-25,7.351385593414307,14.392884254455566,14.70150375366211,14.252602577209473,14.3087158203125,9544869
2000-02-28,7.594997882843018,14.86984157562256,15.122347831726074,14.645391464233398,15.038179397583008,9246362
2000-02-29,7.566336631774902,14.813729286193848,15.066235542297363,14.645391464233398,14.86984157562256,8257948
2000-03-01,7.752631664276123,15.178461074829102,15.262630462646484,14.70150375366211,14.86984157562256,8537297
2000-03-02,7.680978298187256,15.038179397583008,15.234574317932127,14.785673141479492,15.178461074829102,7037857
2000-03-03,7.437365055084228,14.561222076416016,14.86984157562256,14.3087158203125,14.70150375366211,11829560
2000-03-06,7.165090560913086,14.028153419494627,14.448996543884276,13.915926933288574,14.448996543884276,9772982
2000-03-07,6.792508125305176,13.298688888549805,14.028153419494627,13.242575645446776,14.000096321105955,15393821
2000-03-08,7.107771873474121,13.915926933288574,14.11232089996338,13.49508285522461,13.523138999938965,16825986
2000-03-09,7.165090560913086,14.028153419494627,14.11232089996338,13.49508285522461,13.579252243041992,11917776
2000-03-10,7.093440532684326,13.88787078857422,14.336771965026855,13.691476821899414,14.11232089996338,8180425
2000-03-13,7.0074639320373535,13.71953296661377,13.775646209716797,13.410914421081545,13.467025756835938,7070603
2000-03-14,7.1364336013793945,13.972040176391602,14.11232089996338,13.803702354431152,13.859814643859863,8679199
2000-03-15,7.451696872711182,14.589279174804688,14.75761604309082,13.747589111328123,13.88787078857422,9057011
2000-03-16,7.910264015197754,15.487079620361328,15.655418395996094,14.92595386505127,15.038179397583008,12571372
2000-03-17,7.680978298187256,15.038179397583008,15.655418395996094,14.982067108154297,15.487079620361328,8273541
2000-03-20,7.766965389251709,15.206517219543455,15.459024429321287,15.038179397583008,15.374855041503906,5535075
2000-03-21,7.723968505859375,15.122347831726074,15.459024429321287,14.785673141479492,15.430968284606934,8819319
2000-03-22,7.867269039154053,15.402911186218262,15.459024429321287,15.010123252868652,15.038179397583008,5635765
2000-03-23,7.752631664276123,15.178461074829102,15.402911186218262,15.038179397583008,15.374855041503906,6320549
2000-03-24,7.709639072418213,15.09429168701172,15.318742752075195,15.038179397583008,15.206517219543455,6335474
2000-03-27,7.623655796051025,14.92595386505127,15.206517219543455,14.86984157562256,15.038179397583008,7046990
2000-03-28,7.766965389251709,15.206517219543455,15.262630462646484,14.617335319519045,14.841785430908203,10095324
2000-03-29,7.996240139007568,15.655418395996094,15.935980796813965,15.234574317932127,15.318742752075195,11370216
2000-03-30,8.139545440673828,15.935980796813965,16.160432815551758,15.599306106567385,15.87986946105957,10572713
2000-03-31,8.06789493560791,15.795700073242188,16.132375717163086,15.459024429321287,15.935980796813965,7390273
2000-04-03,8.483469009399414,16.609333038330078,16.77766990661621,15.87986946105957,15.964037895202637,9708157
2000-04-04,9.04234504699707,17.703527450561523,17.843809127807617,16.581275939941406,16.693500518798828,15373327
2000-04-05,8.51213264465332,16.66544532775879,17.366853713989258,16.609333038330078,17.338796615600586,8360866
2000-04-06,8.669761657714844,16.97406578063965,17.282684326171875,16.66544532775879,16.66544532775879,7079514
2000-04-07,8.397485733032227,16.440994262695312,17.0582332611084,16.356826782226562,16.97406578063965,6845164
2000-04-10,8.497797012329102,16.637388229370117,17.0582332611084,15.964037895202637,16.27265739440918,11166162
2000-04-11,8.727084159851074,17.08629035949707,17.282684326171875,16.581275939941406,16.581275939941406,8703926
2000-04-12,9.130914688110352,17.787696838378906,17.984092712402344,17.170459747314453,17.394908905029297,15842250
2000-04-13,9.030102729797363,17.5913028717041,17.89992332458496,17.310739517211914,17.619359970092773,8913995
2000-04-14,8.482821464538574,16.525163650512695,17.50713348388672,16.3848819732666,17.422964096069336,11353509
2000-04-17,8.6844482421875,16.917951583862305,17.002120971679688,16.41293716430664,16.609333038330078,7666949
2000-04-18,8.799674034118652,17.14240264892578,17.338796615600586,16.66544532775879,16.917951583862305,6324559
2000-04-19,8.84287166595459,17.22657012939453,17.422964096069336,16.917951583862305,17.254627227783203,6057016
2000-04-20,9.044506072998049,17.619359970092773,17.675472259521484,17.170459747314453,17.310739517211914,6094887
2000-04-24,9.231734275817873,17.984092712402344,18.068260192871094,17.338796615600586,17.394908905029297,9178864
2000-04-25,9.159722328186035,17.843809127807617,18.012147903442383,17.50713348388672,17.956035614013672,5514803
2000-04-26,8.986893653869629,17.50713348388672,17.50713348388672,17.254627227783203,17.310739517211914,4376244
2000-04-27,8.986893653869629,17.50713348388672,17.53519058227539,17.198514938354492,17.282684326171875,8515688
2000-04-28,8.857278823852539,17.254627227783203,17.394908905029297,16.917951583862305,17.394908905029297,6870336
2000-05-01,8.770861625671387,17.08629035949707,17.14240264892578,16.749614715576172,17.11434555053711,8625289
2000-05-02,8.799674034118652,17.14240264892578,17.22657012939453,16.497106552124023,16.889896392822266,8389825
2000-05-03,8.670051574707031,16.889896392822266,17.170459747314453,16.66544532775879,17.030176162719727,7554897
2000-05-04,8.583634376525879,16.7215576171875,16.917951583862305,16.525163650512695,16.77766990661621,5276666
2000-05-05,8.74206256866455,17.030176162719727,17.030176162719727,16.525163650512695,16.609333038330078,6311861
2000-05-08,8.94369125366211,17.422964096069336,17.422964096069336,16.861839294433594,17.0582332611084,4218749
2000-05-09,8.986893653869629,17.50713348388672,17.50713348388672,17.14240264892578,17.14240264892578,4383596
2000-05-10,8.886082649230957,17.310739517211914,17.451021194458008,17.0582332611084,17.170459747314453,6806848
2000-05-11,8.713261604309082,16.97406578063965,17.451021194458008,16.917951583862305,17.451021194458008,6419234
2000-05-12,8.52602767944336,16.609333038330078,16.833782196044922,16.497106552124023,16.805727005004883,6130975
2000-05-15,8.972492218017578,17.47907829284668,17.5913028717041,16.77766990661621,16.805727005004883,10544644
2000-05-16,8.900483131408691,17.338796615600586,17.50713348388672,17.170459747314453,17.47907829284668,5329016
2000-05-17,8.886082649230957,17.310739517211914,17.5913028717041,17.170459747314453,17.22657012939453,5120952
2000-05-18,9.346948623657228,18.208541870117188,18.2646541595459,17.451021194458008,17.50713348388672,14291128
2000-05-19,9.577384948730469,18.657442092895508,18.7977237701416,18.012147903442383,18.09631729125977,12146334
2000-05-22,9.851021766662598,19.190513610839844,19.218568801879883,18.657442092895508,18.68549919128418,12208486
2000-05-23,9.851021766662598,19.190513610839844,19.274681091308597,18.966062545776367,19.190513610839844,7282454
2000-05-24,10.016643524169922,19.513160705566406,19.751638412475582,19.1343994140625,19.274681091308597,11233438
2000-05-25,9.851021766662598,19.190513610839844,19.414962768554688,19.07828712463379,19.218568801879883,6554454
2000-05-26,9.606184005737305,18.71355438232422,19.302738189697266,18.57327461242676,19.190513610839844,4614604
2000-05-30,9.476566314697266,18.461048126220703,18.74161148071289,18.236597061157227,18.71355438232422,4097118
2000-05-31,9.375752449035645,18.2646541595459,18.62938690185547,18.15242958068848,18.6013298034668,4422580
2000-06-01,9.418953895568848,18.34882354736328,18.71355438232422,18.124372482299805,18.29271125793457,4444411
2000-06-02,9.015701293945312,17.563247680664062,18.48910522460937,17.47907829284668,18.461048126220703,8030281
2000-06-05,9.159722328186035,17.843809127807617,18.040203094482425,17.451021194458008,17.451021194458008,5275107
2000-06-06,9.260534286499023,18.040203094482425,18.18048667907715,17.422964096069336,17.5913028717041,3894624
2000-06-07,9.260534286499023,18.040203094482425,18.2646541595459,17.984092712402344,17.984092712402344,3213850
2000-06-08,9.36134910583496,18.236597061157227,18.404935836791992,17.956035614013672,18.376880645751957,3801730
2000-06-09,9.404556274414062,18.32076644897461,18.74161148071289,18.18048667907715,18.29271125793457,3290259
2000-06-12,9.289335250854492,18.09631729125977,18.62938690185547,18.09631729125977,18.34882354736328,2758515
2000-06-13,9.46216869354248,18.432992935180664,18.62938690185547,18.040203094482425,18.040203094482425,3572504
2000-06-14,9.678199768066406,18.853836059570312,18.909950256347656,18.54521751403809,18.57327461242676,4600125
2000-06-15,9.879823684692385,19.246625900268555,19.330793380737305,18.7977237701416,18.881893157958984,5519259
2000-06-16,9.779012680053713,19.05023193359375,19.274681091308597,19.02217483520508,19.246625900268555,6136990
2000-06-19,9.807815551757812,19.10634422302246,19.302738189697266,18.881893157958984,19.10634422302246,4127192
2000-06-20,9.634994506835938,18.76966857910156,18.93800544738769,18.57327461242676,18.93800544738769,4432159
2000-06-21,9.577384948730469,18.657442092895508,18.881893157958984,18.62938690185547,18.76966857910156,4258624
2000-06-22,9.404556274414062,18.32076644897461,18.57327461242676,18.208541870117188,18.432992935180664,5972142
2000-06-23,9.318144798278809,18.15242958068848,18.461048126220703,17.984092712402344,18.404935836791992,5284686
2000-06-26,9.46216869354248,18.432992935180664,19.07828712463379,18.012147903442383,18.124372482299805,5800167
2000-06-27,9.577384948730469,18.657442092895508,19.07828712463379,18.32076644897461,18.376880645751957,6441066
2000-06-28,9.800617218017578,19.092315673828125,19.330793380737305,18.74161148071289,18.7977237701416,7026941
2000-06-29,9.64939022064209,18.7977237701416,19.61135673522949,18.7977237701416,19.38690757751465,9090425
2000-06-30,10.268684387207031,20.0041446685791,20.060258865356445,18.236597061157227,18.404935836791992,14398056
2000-07-03,10.21107292175293,19.89192008972168,20.11637115478516,19.583301544189453,19.807750701904297,5158154
2000-07-05,10.268684387207031,20.0041446685791,20.28470993041992,19.751638412475582,19.94803237915039,10513234
2000-07-06,10.095854759216309,19.66747093200684,20.088314056396484,19.4710750579834,19.976089477539062,5738683
2000-07-07,9.98063850402832,19.44301986694336,19.779695510864254,19.302738189697266,19.66747093200684,6199587
2000-07-10,9.908635139465332,19.302738189697266,19.583301544189453,19.02217483520508,19.49913215637207,6666505
2000-07-11,9.908635139465332,19.302738189697266,19.358850479125977,19.10634422302246,19.274681091308597,4906206
2000-07-12,10.256393432617188,19.89192008972168,20.088314056396484,19.10634422302246,19.302738189697266,11584963
2000-07-13,10.097264289855955,19.583301544189453,20.20054054260254,19.10634422302246,20.20054054260254,9299380
2000-07-14,9.83687973022461,19.07828712463379,19.61135673522949,18.404935836791992,19.583301544189453,9511677
2000-07-17,9.83687973022461,19.07828712463379,19.274681091308597,18.657442092895508,18.657442092895508,6334360
2000-07-18,9.706679344177246,18.825780868530277,19.4710750579834,18.57327461242676,19.16245651245117,5274216
2000-07-19,9.518624305725098,18.461048126220703,19.02217483520508,18.404935836791992,18.881893157958984,3729554
2000-07-20,9.518624305725098,18.461048126220703,18.71355438232422,18.236597061157227,18.57327461242676,4544210
2000-07-21,9.3450345993042,18.124372482299805,18.404935836791992,17.956035614013672,18.404935836791992,7121617
2000-07-24,9.431829452514648,18.29271125793457,18.376880645751957,17.956035614013672,17.956035614013672,4500994
2000-07-25,9.200376510620115,17.843809127807617,18.09631729125977,17.843809127807617,17.984092712402344,5136991
2000-07-26,9.2293062210083,17.89992332458496,18.124372482299805,17.815753936767578,17.927978515625,5987068
2000-07-27,9.258240699768066,17.956035614013672,18.09631729125977,17.89992332458496,17.89992332458496,3954993
2000-07-28,9.605422973632812,18.62938690185547,18.909950256347656,17.843809127807617,17.87186622619629,5858309
2000-07-31,9.605422973632812,18.62938690185547,18.93800544738769,18.6013298034668,18.853836059570312,5687224
2000-08-01,9.76455020904541,18.93800544738769,19.05023193359375,18.68549919128418,18.7977237701416,8208494
2000-08-02,9.89474105834961,19.190513610839844,19.190513610839844,18.57327461242676,18.909950256347656,11376008
2000-08-03,9.93814182281494,19.274681091308597,19.274681091308597,19.02217483520508,19.190513610839844,8417448
2000-08-04,9.721150398254396,18.853836059570312,18.994117736816406,18.62938690185547,18.909950256347656,7071272
2000-08-07,9.35949993133545,18.15242958068848,18.853836059570312,17.956035614013672,18.62938690185547,9163716
2000-08-08,9.301634788513184,18.040203094482425,18.2646541595459,17.675472259521484,18.012147903442383,10761618
2000-08-09,9.156975746154783,17.759641647338867,18.34882354736328,17.647415161132812,17.984092712402344,6169291
2000-08-10,9.388429641723633,18.208541870117188,18.32076644897461,17.647415161132812,17.647415161132812,5376465
2000-08-11,9.475227355957031,18.376880645751957,18.54521751403809,18.208541870117188,18.376880645751957,6395621
2000-08-14,9.301634788513184,18.040203094482425,18.13840103149414,17.843809127807617,18.09631729125977,3638665
2000-08-15,9.301634788513184,18.040203094482425,18.32076644897461,17.843809127807617,17.89992332458496,8844714
2000-08-16,9.446292877197266,18.32076644897461,18.48910522460937,18.208541870117188,18.34882354736328,9283118
2000-08-17,9.475227355957031,18.376880645751957,18.48910522460937,18.208541870117188,18.48910522460937,5817320
2000-08-18,9.301634788513184,18.040203094482425,18.32076644897461,17.787696838378906,18.208541870117188,8320545
2000-08-21,9.677752494812012,18.76966857910156,18.966062545776367,18.461048126220703,18.966062545776367,9751819
2000-08-22,9.73561668395996,18.881893157958984,18.93800544738769,18.657442092895508,18.825780868530277,5186446
2000-08-23,9.634350776672363,18.68549919128418,18.853836059570312,18.62938690185547,18.68549919128418,4321444
2000-08-24,9.475227355957031,18.376880645751957,18.71355438232422,18.29271125793457,18.657442092895508,4155260
2000-08-25,9.692214965820312,18.7977237701416,18.909950256347656,18.124372482299805,18.236597061157227,4976377
2000-08-28,10.010470390319824,19.414962768554688,19.52718734741211,18.853836059570312,19.07828712463379,8327228
2000-08-29,9.851346015930176,19.10634422302246,19.302738189697266,18.966062545776367,19.302738189697266,5009124
2000-08-30,9.967069625854492,19.330793380737305,19.639413833618164,19.05023193359375,19.1343994140625,7222975
2000-08-31,10.129817962646484,19.646427154541016,20.20054054260254,19.4710750579834,19.751638412475582,12143661
2000-09-01,10.010470390319824,19.414962768554688,19.91997718811035,19.414962768554688,19.751638412475582,4006230
2000-09-05,9.880276679992676,19.16245651245117,19.274681091308597,18.853836059570312,19.218568801879883,6076620
2000-09-06,9.80794906616211,19.02217483520508,19.190513610839844,18.74161148071289,19.10634422302246,6097337
2000-09-07,9.995999336242676,19.38690757751465,19.49913215637207,18.909950256347656,19.07828712463379,3863659
2000-09-08,10.212989807128906,19.807750701904297,19.83580780029297,19.302738189697266,19.38690757751465,5164837
2000-09-11,10.401049613952637,20.172483444213867,20.172483444213867,19.66747093200684,19.723581314086918,5805736
2000-09-12,10.386582374572754,20.144426345825195,20.20054054260254,19.779695510864254,19.976089477539062,4785912
2000-09-13,10.24193000793457,19.86386489868164,20.144426345825195,19.61135673522949,20.032201766967773,4582081
2000-09-14,10.184064865112305,19.751638412475582,19.91997718811035,19.414962768554688,19.751638412475582,6969245
2000-09-15,11.109882354736328,21.5472412109375,21.996143341064453,19.414962768554688,19.55524444580078,8703480
2000-09-18,10.24193000793457,19.86386489868164,21.0141716003418,19.583301544189453,20.172483444213867,16889252
2000-09-19,10.06833267211914,19.52718734741211,19.723581314086918,19.330793380737305,19.66747093200684,8909094
2000-09-20,10.169594764709473,19.723581314086918,19.723581314086918,19.358850479125977,19.52718734741211,5205604
2000-09-21,10.64696979522705,20.64944076538086,20.873891830444336,19.639413833618164,19.723581314086918,10714838
2000-09-22,11.22560691833496,21.771692276000977,21.771692276000977,20.930004119873047,21.09834098815918,13540183
2000-09-25,11.109882354736328,21.5472412109375,21.659467697143555,21.378904342651367,21.5472412109375,8693010
2000-09-26,10.762701988220217,20.873891830444336,21.378904342651367,20.537214279174805,21.210567474365234,8163718
2000-09-27,10.820563316345217,20.98611640930176,21.04222869873047,20.396934509277344,20.64944076538086,6418121
2000-09-28,10.806097030639648,20.95805931091309,21.210567474365234,20.70555305480957,20.76166534423828,6895732
2000-09-29,11.008621215820312,21.35084724426269,21.5472412109375,20.845834732055664,20.873891830444336,7123176
2000-10-02,11.09542179107666,21.51918601989746,21.5472412109375,21.238622665405277,21.51918601989746,5670962
2000-10-03,11.167747497558594,21.659467697143555,21.715579986572266,21.294734954833984,21.46307373046875,6516138
2000-10-04,10.965225219726562,21.266679763793945,21.715579986572266,21.210567474365234,21.659467697143555,4902864
2000-10-05,11.02309226989746,21.378904342651367,21.827804565429688,21.322792053222656,21.322792053222656,8633755
2000-10-06,11.09542179107666,21.51918601989746,21.96808624267578,21.238622665405277,21.603355407714844,6205379
2000-10-09,11.037559509277344,21.40696144104004,21.771692276000977,21.18251037597656,21.715579986572266,3522827
2000-10-10,11.355805397033691,22.02419853210449,22.27670669555664,20.930004119873047,20.98611640930176,13290016
2000-10-11,11.63231372833252,22.473100662231445,22.781719207763672,22.052255630493164,22.108367919921875,12761837
2000-10-12,11.55970573425293,22.33281898498535,22.837831497192383,22.24864959716797,22.52921295166016,14493846
2000-10-13,11.675885200500488,22.557268142700195,22.557268142700195,21.85586166381836,22.02419853210449,11259501
2000-10-16,11.719446182250977,22.641437530517575,23.034225463867188,22.388931274414062,22.557268142700195,13035617
2000-10-17,11.96631908416748,23.11839485168457,23.53923988342285,22.641437530517575,23.00617027282715,11923790
2000-10-18,11.85014533996582,22.893945693969727,23.679521560668945,22.837831497192383,23.11839485168457,13371326
2000-10-19,11.327340126037598,21.88391876220703,22.445043563842773,21.46307373046875,22.388931274414062,10662933
2000-10-20,11.341862678527832,21.91197395324707,21.996143341064453,21.603355407714844,21.603355407714844,6189117
2000-10-23,11.458047866821287,22.136425018310547,22.66949462890625,21.85586166381836,22.02419853210449,6999095
2000-10-24,11.443520545959473,22.108367919921875,22.52921295166016,21.687524795532227,22.22059440612793,8267749
2000-10-25,11.951804161071776,23.09033966064453,23.17450714111328,22.30476188659668,22.388931274414062,12992623
2000-10-26,11.864666938781738,22.92200088500977,23.59535217285156,22.641437530517575,23.11839485168457,10172402
2000-10-27,12.009889602661133,23.202564239501957,23.51118469238281,22.473100662231445,22.61338233947754,8457546
2000-10-30,12.54721450805664,24.24064826965332,24.24064826965332,23.17450714111328,23.286733627319336,13404741
2000-10-31,12.271295547485352,23.707578659057617,24.26870346069336,23.45507049560547,24.24064826965332,10027826
2000-11-01,12.285809516906738,23.735633850097656,23.763690948486328,23.230621337890625,23.230621337890625,5323224
2000-11-02,12.431032180786133,24.016197204589844,24.156478881835938,23.258676528930664,23.56729507446289,6259288
2000-11-03,12.256769180297852,23.679521560668945,24.184534072875977,23.37090110778809,24.016197204589844,6692792
2000-11-06,12.227725982666016,23.623409271240234,24.128421783447266,23.14645195007324,23.37090110778809,7863206
2000-11-07,12.155105590820312,23.48312759399414,23.87591552734375,23.342845916748047,23.59535217285156,6102461
2000-11-08,12.198674201965332,23.56729507446289,23.98814010620117,23.56729507446289,23.735633850097656,7128968
2000-11-09,12.169639587402344,23.51118469238281,23.903972625732425,22.69755172729492,23.56729507446289,7562694
2000-11-10,12.213201522827148,23.59535217285156,23.87591552734375,23.17450714111328,23.342845916748047,5253721
2000-11-13,11.908241271972656,23.00617027282715,23.51118469238281,22.108367919921875,23.51118469238281,8551331
2000-11-14,11.821100234985352,22.837831497192383,22.86588859558105,22.24864959716797,22.72560691833496,7475815
2000-11-15,12.37294578552246,23.903972625732425,23.960084915161133,22.641437530517575,22.781719207763672,7821548
2000-11-16,12.285809516906738,23.735633850097656,23.960084915161133,23.59535217285156,23.903972625732425,4993976
2000-11-17,12.111549377441406,23.39895820617676,23.87591552734375,23.11839485168457,23.735633850097656,5422801
2000-11-20,12.24224090576172,23.651464462280277,23.84785842895508,23.39895820617676,23.623409271240234,3495872
2000-11-21,12.518165588378906,24.184534072875977,24.29676055908203,23.342845916748047,23.342845916748047,10132526
2000-11-22,12.445554733276367,24.044252395629883,24.156478881835938,23.53923988342285,23.735633850097656,6461783
2000-11-24,12.329379081726074,23.81980323791504,24.016197204589844,23.56729507446289,24.016197204589844,1738914
2000-11-27,12.31485366821289,23.791746139526367,23.960084915161133,23.45507049560547,23.791746139526367,5721085
2000-11-28,12.721484184265137,24.57732391357422,24.68954849243164,23.679521560668945,23.791746139526367,8919786
2000-11-29,12.95383071899414,25.02622413635254,25.08233642578125,24.66149139404297,24.68954849243164,8108917
2000-11-30,12.79409408569336,24.717605590820312,25.250675201416016,24.32481575012207,25.11039352416992,9759838
2000-12-01,12.285809516906738,23.735633850097656,24.465097427368164,23.230621337890625,24.465097427368164,8917559
2000-12-04,12.561737060546877,24.26870346069336,24.605379104614254,23.230621337890625,23.258676528930664,6504777
2000-12-05,12.489127159118652,24.128421783447266,25.02622413635254,24.016197204589844,24.549266815185547,8508783
2000-12-06,11.893712997436523,22.97811317443848,24.24064826965332,22.641437530517575,24.016197204589844,8500986
2000-12-07,11.864666938781738,22.92200088500977,23.31478881835937,22.66949462890625,22.69755172729492,7605688
2000-12-08,11.545178413391112,22.30476188659668,22.92200088500977,22.02419853210449,22.92200088500977,9333018
2000-12-11,11.63231372833252,22.473100662231445,22.753662109375,22.24864959716797,22.41698837280273,6178424
2000-12-12,11.661354064941406,22.52921295166016,22.809776306152344,22.388931274414062,22.445043563842773,5803954
2000-12-13,12.038930892944336,23.258676528930664,23.707578659057617,22.69755172729492,22.753662109375,7000655
2000-12-14,11.18211555480957,21.603355407714844,22.837831497192383,21.43501663208008,22.61338233947754,17118701
2000-12-15,10.877152442932127,21.0141716003418,21.491130828857425,20.396934509277344,20.424989700317383,32598956
2000-12-18,11.516133308410645,22.24864959716797,22.445043563842773,21.35084724426269,21.51918601989746,17980807
2000-12-19,11.690400123596191,22.585325241088867,22.781719207763672,22.02419853210449,22.02419853210449,15930020
2000-12-20,11.341862678527832,21.91197395324707,22.585325241088867,21.57529830932617,22.445043563842773,9590313
2000-12-21,11.18211555480957,21.603355407714844,22.388931274414062,21.5472412109375,21.88391876220703,10996191
2000-12-22,11.007854461669922,21.266679763793945,21.659467697143555,20.95805931091309,21.631410598754883,6362429
2000-12-26,11.196640014648438,21.631410598754883,21.88391876220703,21.09834098815918,21.09834098815918,4104247
2000-12-27,11.283773422241213,21.79974937438965,22.69755172729492,21.715579986572266,21.91197395324707,5631533
2000-12-28,11.269248008728027,21.771692276000977,22.164480209350582,21.51918601989746,21.827804565429688,5397628
2000-12-29,11.254738807678224,21.743635177612305,21.96808624267578,21.491130828857425,21.743635177612305,4274440
2001-01-02,11.18211555480957,21.603355407714844,22.052255630493164,21.5472412109375,21.603355407714844,5243919
2001-01-03,10.935245513916016,21.12639808654785,22.24864959716797,21.07028579711914,21.715579986572266,11035398
2001-01-04,9.933207511901855,19.190513610839844,20.873891830444336,18.966062545776367,20.481103897094727,31524108
2001-01-05,9.991300582885742,19.302738189697266,19.639413833618164,18.994117736816406,19.38690757751465,16300258
2001-01-08,9.889644622802734,19.10634422302246,19.52718734741211,18.909950256347656,19.07828712463379,10008891
2001-01-09,10.107477188110352,19.52718734741211,19.86386489868164,19.190513610839844,19.218568801879883,8979488
2001-01-10,9.933030128479004,19.10634422302246,19.91997718811035,19.05023193359375,19.61135673522949,7410099
2001-01-11,9.816340446472168,18.881893157958984,19.55524444580078,18.853836059570312,19.218568801879883,11252373
2001-01-12,10.166406631469728,19.55524444580078,19.695526123046875,18.93800544738769,19.05023193359375,8935826
2001-01-16,10.501876831054688,20.20054054260254,20.537214279174805,19.52718734741211,19.52718734741211,11165717
2001-01-17,10.326849937438965,19.86386489868164,20.28470993041992,19.55524444580078,20.20054054260254,9598555
2001-01-18,10.516465187072754,20.228595733642575,20.59332847595215,19.94803237915039,20.20054054260254,8587196
2001-01-19,10.283093452453612,19.779695510864254,20.20054054260254,19.751638412475582,19.976089477539062,7406312
2001-01-22,10.312264442443848,19.83580780029297,20.172483444213867,19.695526123046875,20.088314056396484,5924470
2001-01-23,10.268506050109863,19.751638412475582,20.0041446685791,19.49913215637207,19.94803237915039,8053448
2001-01-24,10.093473434448242,19.414962768554688,19.583301544189453,19.246625900268555,19.38690757751465,12685651
2001-01-25,10.647745132446287,20.481103897094727,20.64944076538086,19.723581314086918,19.807750701904297,10707709
2001-01-26,10.779014587402344,20.73360824584961,21.04222869873047,20.537214279174805,20.59332847595215,7637098
2001-01-29,10.606901168823242,20.40254592895508,21.188121795654297,20.38010025024414,21.07589530944824,4866330
2001-01-30,10.5135498046875,20.222984313964844,20.62250518798828,20.003023147583008,20.58210563659668,6004889
2001-01-31,10.46920394897461,20.137693405151367,20.290319442749023,19.500253677368164,20.1780948638916,6800610
2001-02-01,10.73525333404541,20.64944076538086,20.64944076538086,20.029956817626957,20.155649185180664,4897740
2001-02-02,10.620899200439451,20.429479598999023,20.76166534423828,20.330720901489254,20.64944076538086,4615941
2001-02-05,10.812267303466797,20.797578811645508,20.887357711791992,20.330720901489254,20.330720901489254,5031623
2001-02-06,11.008304595947266,21.17465591430664,21.345237731933597,20.748199462890625,20.797578811645508,8109808
2001-02-07,11.099323272705078,21.3497257232666,21.42603874206543,21.10283088684082,21.17465591430664,6346835
2001-02-08,11.269688606262209,21.67742347717285,22.085922241210938,21.327281951904297,21.327281951904297,8079957
2001-02-09,11.29535961151123,21.72680282592773,21.95574188232422,21.461950302124023,21.95125389099121,7686775
2001-02-12,11.55207061767578,22.22059440612793,22.22059440612793,21.861473083496094,21.95125389099121,9060129
2001-02-13,11.12265968322754,21.394615173339844,21.83902740478516,21.313814163208008,21.794137954711918,10283116
2001-02-14,11.06431007385254,21.282390594482425,21.54275321960449,21.219545364379883,21.5068416595459,4029175
2001-02-15,11.190336227416992,21.524797439575195,21.524797439575195,20.824512481689453,21.39012718200684,6862762
2001-02-16,11.318686485290527,21.771692276000977,21.771692276000977,21.21505546569824,21.68191337585449,7297602
2001-02-20,11.358369827270508,21.848005294799805,21.848005294799805,21.59213256835937,21.68191337585449,5967242
2001-02-21,11.668758392333984,22.445043563842773,22.445043563842773,21.88391876220703,21.928808212280277,7921125
2001-02-22,11.65709114074707,22.42259979248047,22.691938400268555,21.93778610229492,22.26548385620117,8756276
2001-02-23,11.412041664123535,21.95125389099121,22.22059440612793,21.4888858795166,22.22059440612793,5854076
2001-02-26,11.482054710388184,22.085922241210938,22.13081359863281,21.794137954711918,22.108367919921875,4980610
2001-02-27,11.34670066833496,21.8255615234375,22.202638626098636,21.5472412109375,22.085922241210938,7796376
2001-02-28,11.433046340942385,21.99165344238281,22.391176223754883,21.749248504638672,21.924318313598636,7877240
2001-03-01,11.629084587097168,22.368730545043945,22.44055557250977,21.771692276000977,21.95125389099121,5607920
2001-03-02,11.594077110290527,22.30139541625977,22.40015411376953,21.8435173034668,22.33281898498535,6294485
2001-03-05,11.428389549255373,21.982675552368164,22.27895164489746,21.780670166015625,22.26548385620117,3525500
2001-03-06,11.206674575805664,21.55621910095215,22.13530158996582,21.41706085205078,22.13081359863281,5575396
2001-03-07,10.998964309692385,21.15669822692871,21.56968688964844,20.613527297973636,21.5068416595459,7118275
2001-03-08,11.318686485290527,21.771692276000977,21.88391876220703,21.053451538085938,21.210567474365234,6186889
2001-03-09,11.14599609375,21.43950653076172,21.987165451049805,21.27790260314941,21.776182174682617,6994863
2001-03-12,11.01297664642334,21.18363380432129,21.794137954711918,21.17914390563965,21.210567474365234,4668737
2001-03-13,11.173999786376951,21.49337387084961,21.56070899963379,20.779621124267575,21.16567611694336,6319881
2001-03-14,10.800602912902832,20.77513313293457,21.327281951904297,20.6943302154541,21.322792053222656,7801722
2001-03-15,10.800602912902832,20.77513313293457,20.873891830444336,20.357654571533203,20.77513313293457,8433265
2001-03-16,10.501876831054688,20.20054054260254,20.424989700317383,19.79203987121582,20.424989700317383,14249025
2001-03-19,10.443536758422852,20.088314056396484,20.20054054260254,19.756128311157227,19.774084091186523,8216959
2001-03-20,10.105144500732422,19.437408447265625,20.110759735107425,19.39251708984375,20.110759735107425,7943402
2001-03-21,10.268506050109863,19.751638412475582,20.020978927612305,19.616968154907227,19.751638412475582,9007111
2001-03-22,10.147153854370115,19.51820945739746,19.751638412475582,19.033397674560547,19.549633026123047,12100221
2001-03-23,10.147153854370115,19.51820945739746,19.760616302490234,18.966062545776367,19.12317657470703,7061024
2001-03-26,10.326849937438965,19.86386489868164,20.020978927612305,19.581056594848636,19.751638412475582,6727543
2001-03-27,10.450542449951172,20.101781845092773,20.20054054260254,19.751638412475582,19.86386489868164,8135649
2001-03-28,10.625570297241213,20.438457489013672,20.609039306640625,19.886308670043945,19.886308670043945,6004221
2001-03-29,10.851943969726562,20.873891830444336,20.99958229064941,20.227474212646484,20.24542999267578,6967240
2001-03-30,11.01297664642334,21.18363380432129,21.27790260314941,20.653928756713867,20.873891830444336,6058353
2001-04-02,10.828601837158203,20.82900047302246,21.322792053222656,20.483346939086918,20.98611640930176,5766084
2001-04-03,10.483210563659668,20.164627075195312,21.048961639404297,19.80999565124512,20.76166534423828,8578731
2001-04-04,10.602231979370115,20.3935661315918,20.49232482910156,19.49576568603516,19.976089477539062,8713282
2001-04-05,10.991969108581545,21.143230438232425,21.143230438232425,20.70330810546875,20.8514461517334,9010898
2001-04-06,11.03397274017334,21.22403335571289,21.22852325439453,20.80655670166016,21.09834098815918,6498317
2001-04-09,11.300023078918455,21.735780715942383,21.735780715942383,21.170166015625,21.22403335571289,7483389
2001-04-10,11.300025939941406,21.641511917114254,22.22059440612793,21.322792053222656,22.22059440612793,6387156
2001-04-11,11.014060020446776,21.09385108947754,21.327281951904297,20.45641326904297,21.322792053222656,6747146
2001-04-12,10.704666137695312,20.50130271911621,21.17914390563965,20.38010025024414,20.64944076538086,9605907
2001-04-16,10.90859603881836,20.891847610473636,21.318302154541016,20.64944076538086,20.82900047302246,6373345
2001-04-17,11.039847373962402,21.143230438232425,21.30034637451172,20.77513313293457,20.78411102294922,8130971
2001-04-18,10.99062728881836,21.048961639404297,21.048961639404297,20.5147705078125,20.932247161865234,8478264
2001-04-19,10.716384887695312,20.52374839782715,21.09385108947754,20.44294548034668,21.09385108947754,7100677
2001-04-20,10.568720817565918,20.24094009399414,20.249919891357425,19.90426445007324,19.998533248901367,10627068
2001-04-23,10.439810752868652,19.99404525756836,20.44743537902832,19.86386489868164,20.38010025024414,8077284
2001-04-24,10.414018630981444,19.94466590881348,20.303787231445312,19.823463439941406,20.173606872558597,5584752
2001-04-25,10.66716480255127,20.429479598999023,20.63597297668457,19.886308670043945,19.94466590881348,4154146
2001-04-26,10.51480770111084,20.137693405151367,20.30827522277832,19.886308670043945,19.886308670043945,8220969
2001-04-27,10.777328491210938,20.64046287536621,20.6943302154541,20.12871551513672,20.290319442749023,4656039
2001-04-30,10.871091842651367,20.82002258300781,21.031005859375,20.44294548034668,20.64944076538086,6331910
2001-05-01,10.735142707824709,20.559659957885746,20.779621124267575,20.5147705078125,20.76166534423828,6748929
2001-05-02,10.63434886932373,20.36663246154785,20.51028060913086,20.003023147583008,20.020978927612305,7324780
2001-05-03,10.7374849319458,20.564149856567383,20.62250518798828,20.20054054260254,20.3352108001709,5047217
2001-05-04,10.920307159423828,20.914291381835938,20.98162651062012,20.357654571533203,20.357654571533203,5617276
2001-05-07,11.016409873962402,21.09834098815918,21.30483627319336,20.76166534423828,20.76166534423828,7524824
2001-05-08,11.180481910705566,21.412572860717773,21.524797439575195,20.878379821777344,21.053451538085938,9595882
2001-05-09,11.335180282592772,21.70884704589844,21.81209373474121,21.3676815032959,21.5472412109375,10669616
2001-05-10,11.27424144744873,21.59213256835937,21.928808212280277,21.511329650878903,21.71333694458008,7736675
2001-05-11,11.546133041381836,22.11285781860352,22.17570304870605,21.61457633972168,21.996143341064453,7238346
2001-05-14,11.68442440032959,22.377708435058597,22.377708435058597,22.050010681152344,22.11285781860352,6328791
2001-05-15,12.071167945861816,23.11839485168457,23.16328430175781,22.62460327148437,22.66949462890625,15751361
2001-05-16,12.610268592834473,24.150867462158203,24.150867462158203,23.02861595153809,23.11839485168457,16249021
2001-05-17,12.586831092834473,24.105976104736328,24.24064826965332,23.70645523071289,24.150867462158203,13706367
2001-05-18,12.427448272705078,23.80072593688965,24.105976104736328,23.48649406433105,24.105976104736328,10603232
2001-05-21,12.483704566955566,23.90846061706543,23.957839965820312,23.652587890625,23.80072593688965,7053896
2001-05-22,12.411039352416992,23.769302368164062,23.903972625732425,23.60320854187012,23.746856689453125,6673188
2001-05-23,12.399321556091309,23.746856689453125,24.016197204589844,23.25306510925293,23.903972625732425,9759170
2001-05-24,12.17430019378662,23.3159122467041,23.401203155517575,22.691938400268555,23.275510787963867,11574047
2001-05-25,12.047736167907717,23.073505401611328,23.230621337890625,22.759275436401367,23.11390686035156,4780343
2001-05-29,12.0360107421875,23.05105972290039,23.19021987915039,22.89843368530273,22.98372459411621,7067262
2001-05-30,12.066487312316896,23.10941696166992,23.38773536682129,23.019636154174805,23.16328430175781,6633090
2001-05-31,12.183680534362791,23.3338680267334,23.3338680267334,22.87150001525879,23.10941696166992,5985731
2001-06-01,12.09929656982422,23.17226219177246,23.297956466674805,22.673982620239254,22.920879364013672,6986843
2001-06-04,12.150864601135254,23.27102279663086,23.297956466674805,22.947813034057617,22.98372459411621,8323887
2001-06-05,12.387592315673828,23.72441291809082,23.72441291809082,22.911901473999023,22.98372459411621,9777882
2001-06-06,12.118047714233398,23.208175659179688,23.63463020324707,22.961280822753903,23.499961853027344,5926475
2001-06-07,12.106324195861816,23.18572998046875,23.239599227905277,22.754785537719727,22.781719207763672,6699697
2001-06-08,12.075861930847168,23.12737274169922,23.217153549194336,22.893945693969727,22.93883514404297,4028952
2001-06-11,11.810997009277344,22.620115280151367,23.16328430175781,22.579713821411133,23.11839485168457,7699027
2001-06-12,11.88834285736084,22.768253326416016,23.11390686035156,22.570735931396484,22.87150001525879,6239908
2001-06-13,11.902409553527832,22.79518699645996,22.87150001525879,22.579713821411133,22.66949462890625,4809971
2001-06-14,11.836782455444336,22.66949462890625,23.217153549194336,22.53482437133789,22.570735931396484,6912662
2001-06-15,11.850842475891112,22.696428298950195,22.98372459411621,22.46748924255371,22.557268142700195,10060796
2001-06-18,11.9774169921875,22.93883514404297,23.046571731567383,22.66949462890625,22.66949462890625,9641549
2001-06-19,12.019606590270996,23.019636154174805,23.10941696166992,22.768253326416016,22.893945693969727,8607245
2001-06-20,12.246970176696776,23.45507049560547,23.64809799194336,23.25306510925293,23.410181045532227,11741790
2001-06-21,12.422755241394045,23.791746139526367,23.903972625732425,23.31142234802246,23.45507049560547,14180636
2001-06-22,12.1930570602417,23.35182380676269,23.51791763305664,23.024126052856445,23.45507049560547,8523931
2001-06-25,12.15555477142334,23.280000686645508,23.746856689453125,23.280000686645508,23.410181045532227,5325006
2001-06-26,12.064143180847168,23.10492706298828,23.544851303100582,22.961280822753903,22.961280822753903,7112483
2001-06-27,11.719586372375488,22.445043563842773,23.297956466674805,22.445043563842773,23.10492706298828,6347058
2001-06-28,11.862570762634276,22.718873977661133,22.840076446533203,22.40015411376953,22.40015411376953,7136988
2001-06-29,11.250797271728516,21.5472412109375,22.943323135375977,21.09834098815918,22.93883514404297,14815520
2001-07-02,11.571914672851562,22.16223526000977,22.35526466369629,21.88391876220703,22.01858711242676,8117159
2001-07-03,11.548481941223145,22.117345809936523,22.229572296142575,21.861473083496094,22.229572296142575,3538198
2001-07-05,11.471126556396484,21.969209671020508,22.189170837402344,21.55173110961914,22.121835708618164,5176644
2001-07-06,11.089070320129396,21.23750114440918,21.96023178100586,21.03549575805664,21.906362533569336,11615705
2001-07-09,11.227362632751465,21.502351760864254,21.69986915588379,20.918781280517575,21.322792053222656,8255052
2001-07-10,11.344560623168944,21.72680282592773,21.749248504638672,21.210567474365234,21.27790260314941,8291140
2001-07-11,11.813032150268556,22.52584648132324,22.84905433654785,21.996143341064453,22.04103279113769,18515000
2001-07-12,11.535242080688477,21.996143341064453,22.893945693969727,21.3497257232666,22.445043563842773,16375553
2001-07-13,11.67648696899414,22.26548385620117,22.557268142700195,22.01409912109375,22.099390029907227,9204927
2001-07-16,11.711799621582031,22.33281898498535,22.512378692626957,22.22059440612793,22.498912811279297,4806852
2001-07-17,11.805964469909668,22.512378692626957,22.6784725189209,22.14427947998047,22.445043563842773,8055899
2001-07-18,12.135550498962402,23.140840530395508,23.16328430175781,22.445043563842773,22.48993492126465,8562692
2001-07-19,12.147313117980955,23.16328430175781,23.297956466674805,22.93883514404297,23.158796310424805,7549774
2001-07-20,12.307401657104492,23.46853828430176,23.562807083129883,23.11839485168457,23.31142234802246,6718410
2001-07-23,12.102583885192873,23.077993392944336,23.45507049560547,23.0151481628418,23.37875747680664,4636881
2001-07-24,12.07198429107666,23.019636154174805,23.32040023803711,22.673982620239254,22.74580764770508,7907314
2001-07-25,12.123772621154783,23.11839485168457,23.212665557861328,22.79518699645996,22.93883514404297,4443074
2001-07-26,12.20617389678955,23.275510787963867,23.275510787963867,22.89843368530273,23.05105972290039,4599456
2001-07-27,12.13319206237793,23.136350631713867,23.3338680267334,22.9971923828125,23.16328430175781,3392286
2001-07-30,12.309749603271484,23.47302627563477,23.59871864318848,23.01065826416016,23.297956466674805,5466240
2001-07-31,12.615793228149414,24.05659866333008,24.15984535217285,23.342845916748047,23.342845916748047,7943179
2001-08-01,12.50043773651123,23.83663749694824,23.97579574584961,23.531383514404297,23.948862075805664,8540415
2001-08-02,12.241484642028809,23.342845916748047,23.939884185791016,23.18572998046875,23.939884185791016,7306067
2001-08-03,12.30268383026123,23.45956039428711,23.57178497314453,22.956790924072266,23.342845916748047,3514584
2001-08-06,12.173211097717283,23.212665557861328,23.56729507446289,23.05105972290039,23.55831718444824,5601237
2001-08-07,12.38037395477295,23.607696533203125,23.61218643188477,23.100439071655277,23.19021987915039,6036522
2001-08-08,12.210877418518066,23.28448867797852,23.679521560668945,23.1767520904541,23.607696533203125,3650695
2001-08-09,12.14025592803955,23.14981842041016,23.39222526550293,23.001680374145508,23.28448867797852,4841158
2001-08-10,12.307401657104492,23.46853828430176,23.540361404418945,23.12737274169922,23.14981842041016,6059912
2001-08-13,12.370960235595703,23.589740753173828,23.728900909423828,23.275510787963867,23.275510787963867,6582299
2001-08-14,12.309749603271484,23.47302627563477,23.630142211914062,23.167774200439453,23.56729507446289,4842049
2001-08-15,12.512207984924316,23.859081268310547,24.02517509460449,23.45956039428711,23.58525276184082,6938280
2001-08-16,12.469841003417969,23.77828025817871,23.962329864501957,23.410181045532227,23.791746139526367,4707052
2001-08-17,12.309749603271484,23.47302627563477,23.769302368164062,23.16328430175781,23.62116432189941,3692575
2001-08-20,12.474539756774902,23.78725814819336,23.926416397094727,23.432626724243164,23.45507049560547,6001102
2001-08-21,12.41568374633789,23.675031661987305,24.011707305908203,23.59423065185547,23.89948272705078,6254387
2001-08-22,12.46512508392334,23.769302368164062,23.769302368164062,23.35182380676269,23.675031661987305,3721980
2001-08-23,12.309749603271484,23.47302627563477,24.06108665466309,23.342845916748047,23.657075881958008,9482940
2001-08-24,12.359185218811035,23.56729507446289,23.56729507446289,23.25306510925293,23.47302627563477,7560689
2001-08-27,12.25560474395752,23.369779586791992,23.58525276184082,23.342845916748047,23.544851303100582,3340158
2001-08-28,12.100234985351562,23.073505401611328,23.360801696777344,22.961280822753903,23.16328430175781,4443743
2001-08-29,12.00606918334961,22.893945693969727,23.297956466674805,22.86701011657715,23.275510787963867,3418795
2001-08-30,11.845989227294922,22.58869171142578,23.154306411743164,22.46299934387207,22.893945693969727,5327457
2001-08-31,11.700032234191896,22.31037330627441,22.88496780395508,22.17121315002441,22.58869171142578,5518367
2001-09-04,11.911906242370604,22.71438407897949,23.11839485168457,22.198148727416992,22.53482437133789,6363320
2001-09-05,12.154376983642578,23.1767520904541,23.28897857666016,22.52584648132324,22.60215950012207,8058572
2001-09-06,11.761241912841797,22.42708778381348,22.99270248413086,22.42259979248047,22.826610565185547,6842936
2001-09-07,11.511700630187988,21.95125389099121,22.60215950012207,21.798627853393555,22.5393123626709,8594325
2001-09-10,11.66001319885254,22.234060287475582,22.507890701293945,21.740270614624023,21.95125389099121,6017810
2001-09-17,11.895426750183104,22.682960510253903,22.93883514404297,21.457462310791016,21.5472412109375,15170610
2001-09-18,11.86717128753662,22.629093170166016,22.88047790527344,22.31037330627441,22.71438407897949,10206485
2001-09-19,11.67648696899414,22.26548385620117,22.80416488647461,21.67293357849121,22.66949462890625,10791469
2001-09-20,11.415188789367676,21.76720428466797,22.17570304870605,21.67742347717285,21.861473083496094,11071264
2001-09-21,11.076184272766112,21.12078666687012,21.54275321960449,21.026517868041992,21.22852325439453,13951632
2001-09-24,11.123266220092772,21.210567474365234,21.524797439575195,20.80655670166016,21.47990608215332,8397845
2001-09-25,11.40576171875,21.749248504638672,21.97369766235352,21.071407318115234,21.07589530944824,9214952
2001-09-26,11.747114181518556,22.40015411376953,22.40015411376953,21.97369766235352,22.13081359863281,7466236
2001-09-27,12.0037202835083,22.88945579528809,22.893945693969727,22.26548385620117,22.31037330627441,9533730
2001-09-28,12.20617389678955,23.275510787963867,23.32489013671875,22.87598991394043,23.073505401611328,11185988
2001-10-01,12.427456855773926,23.69747734069824,23.746856689453125,23.140840530395508,23.230621337890625,9462445
2001-10-02,12.57105827331543,23.9713077545166,23.97579574584961,23.414670944213867,23.553829193115234,11318312
2001-10-03,12.112005233764648,23.095949172973636,23.97579574584961,22.88496780395508,23.97579574584961,10894610
2001-10-04,12.161443710327148,23.19021987915039,23.3338680267334,23.03759384155273,23.095949172973636,7417005
2001-10-05,12.236775398254396,23.3338680267334,23.401203155517575,23.06452751159668,23.12737274169922,8477150
2001-10-08,12.18734073638916,23.239599227905277,23.432626724243164,23.073505401611328,23.073505401611328,4615718
2001-10-09,12.013129234313965,22.907411575317383,23.239599227905277,22.62460327148437,23.235109329223636,6221641
2001-10-10,12.39449977874756,23.63463020324707,23.652587890625,22.84905433654785,23.18572998046875,8817760
2001-10-11,12.058874130249023,22.90292358398437,23.679521560668945,22.80416488647461,23.63463020324707,13285561
2001-10-12,12.2692289352417,23.30244445800781,23.32937812805176,22.80416488647461,22.87150001525879,7603237
2001-10-15,12.526860237121582,23.791746139526367,24.11495590209961,23.25306510925293,23.275510787963867,11435709
2001-10-16,12.640313148498535,24.007219314575195,24.218202590942383,23.791746139526367,23.926416397094727,9726869
2001-10-17,12.578859329223633,23.890504837036133,23.9713077545166,23.652587890625,23.814191818237305,6114490
2001-10-18,12.422865867614746,23.59423065185547,23.962329864501957,23.342845916748047,23.791746139526367,4933829
2001-10-19,12.538676261901855,23.814191818237305,23.814191818237305,23.48200416564941,23.59423065185547,5133427
2001-10-22,12.90030002593994,24.50101089477539,24.50101089477539,23.55831718444824,23.56729507446289,9411877
2001-10-23,12.730125427246094,24.17780113220215,24.50101089477539,23.9713077545166,24.50101089477539,8594770
2001-10-24,12.819937705993652,24.34838485717773,24.50998878479004,24.02068519592285,24.17780113220215,7925358
2001-10-25,12.893210411071776,24.4875431060791,24.64465713500977,23.90846061706543,24.14637756347656,7132309
2001-10-26,12.834115982055664,24.37531852722168,24.532432556152344,24.105976104736328,24.24064826965332,6343494
2001-10-29,12.770310401916504,24.254114151000977,24.465097427368164,24.20024681091309,24.397762298583984,6902192
2001-10-30,12.711221694946287,24.141889572143555,24.343894958496094,24.128421783447266,24.330427169799805,7619722
2001-10-31,12.522130966186523,23.78276824951172,24.23615837097168,23.78276824951172,24.016197204589844,7748036
2001-11-01,12.74431037902832,24.204734802246094,24.281049728393555,23.684009552001957,23.6929874420166,7828009
2001-11-02,12.86957836151123,24.44265365600586,24.55487823486328,23.948862075805664,24.204734802246094,6073501
2001-11-05,12.71594524383545,24.150867462158203,24.66261482238769,24.011707305908203,24.66261482238769,9097777
2001-11-06,12.822295188903809,24.352872848510746,24.572834014892575,23.886016845703125,24.24064826965332,7207827
2001-11-07,12.697032928466797,24.11495590209961,24.50998878479004,24.03415298461914,24.24064826965332,6413665
2001-11-08,12.65212631225586,24.0296630859375,24.173311233520508,23.91743850708008,24.11495590209961,8091319
2001-11-09,12.574131965637209,23.881526947021484,24.14637756347656,23.746856689453125,24.0296630859375,5750044
2001-11-12,12.671035766601562,24.065576553344727,24.1688232421875,23.56729507446289,23.769302368164062,4324563
2001-11-13,12.555215835571287,23.84561538696289,24.1688232421875,23.78725814819336,24.065576553344727,8086640
2001-11-14,12.333050727844238,23.42364883422852,23.78725814819336,23.35182380676269,23.73787879943848,8309630
2001-11-15,12.503222465515137,23.746856689453125,23.809703826904297,23.432626724243164,23.432626724243164,7360645
2001-11-16,12.29759693145752,23.356313705444336,23.827659606933597,23.14532852172852,23.814191818237305,7549996
2001-11-19,12.321224212646484,23.401203155517575,23.490982055664062,23.001680374145508,23.32937812805176,8723307
2001-11-20,12.51267433166504,23.764812469482425,23.84561538696289,23.477516174316406,23.477516174316406,5953653
2001-11-21,12.70412254333496,24.128421783447266,24.30349349975586,23.535873413085938,23.535873413085938,7386709
2001-11-23,12.75139617919922,24.218202590942383,24.3259391784668,23.939884185791016,24.3259391784668,1832476
2001-11-26,12.77503776550293,24.263093948364254,24.42020797729492,24.15535545349121,24.330427169799805,6473812
2001-11-27,12.711221694946287,24.141889572143555,24.45611953735352,23.823169708251957,23.926416397094727,5932713
2001-11-28,12.784491539001465,24.281049728393555,24.465097427368164,24.128421783447266,24.141889572143555,5369782
2001-11-29,12.893210411071776,24.4875431060791,24.57732391357422,24.07455444335937,24.24064826965332,5923802
2001-11-30,12.999570846557615,24.68954849243164,24.68954849243164,24.411230087280277,24.55487823486328,8047211
2001-12-03,13.108299255371094,24.89604377746582,25.13844871520996,24.57732391357422,24.57732391357422,11138094
2001-12-04,13.020843505859377,24.729949951171875,24.89155387878418,24.49652099609375,24.86910820007324,6571161
2001-12-05,13.037385940551758,24.76137351989746,24.82421875,24.50101089477539,24.667102813720703,8866991
2001-12-06,12.980669021606444,24.653636932373047,24.89155387878418,24.52345466613769,24.703014373779297,9216957
2001-12-07,13.032660484313965,24.75239562988281,24.90502166748047,24.61323547363281,24.78381729125977,5614380
2001-12-10,13.11775016784668,24.91399955749512,24.981334686279297,24.572834014892575,24.75239562988281,7822217
2001-12-11,12.796305656433104,24.30349349975586,25.124982833862305,24.150867462158203,25.116004943847656,8333911
2001-12-12,12.536314010620115,23.809703826904297,24.263093948364254,23.809703826904297,24.24064826965332,10161263
2001-12-13,12.571771621704102,23.877037048339844,24.22718048095703,23.72441291809082,23.809703826904297,9039858
2001-12-14,12.85776138305664,24.42020797729492,24.62221336364746,23.91743850708008,23.9713077545166,6481386
2001-12-17,12.76321792602539,24.24064826965332,24.465097427368164,24.14637756347656,24.263093948364254,7126072
2001-12-18,12.727760314941406,24.173311233520508,24.24064826965332,23.9713077545166,24.137399673461918,9137652
2001-12-19,12.957023620605469,24.60874557495117,24.75688362121582,24.03415298461914,24.28553771972656,5503442
2001-12-20,13.14138889312744,24.95888900756836,25.111515045166016,24.716482162475582,24.801773071289062,8449081
2001-12-21,13.37538242340088,25.403301239013672,25.452680587768555,24.91399955749512,24.95888900756836,14494068
2001-12-24,13.344653129577637,25.34494400024414,25.560415267944336,25.322498321533203,25.36289978027344,2124300
2001-12-26,13.417919158935549,25.484102249145508,25.663663864135746,25.389833450317383,25.47512435913086,4713513
2001-12-27,13.35410499572754,25.36289978027344,25.50205993652344,25.255163192749023,25.309032440185547,4176200
2001-12-28,13.349373817443848,25.35392189025879,25.52001571655273,25.19231605529785,25.4975700378418,3475155
2001-12-31,13.176836013793944,25.02622413635254,25.34494400024414,25.02622413635254,25.250675201416016,4278227
2002-01-02,13.198110580444336,25.066625595092773,25.13844871520996,24.653636932373047,24.75688362121582,7724868
2002-01-03,13.20992374420166,25.08906936645508,25.09355926513672,24.851152420043945,25.04866981506348,5920015
2002-01-04,13.18628978729248,25.04417991638184,25.1608943939209,24.78381729125977,25.1608943939209,5953653
2002-01-07,13.0941162109375,24.86910820007324,25.09355926513672,24.671592712402344,25.09355926513672,4962565
2002-01-08,13.009023666381836,24.707504272460938,25.08906936645508,24.55487823486328,24.981334686279297,5976152
2002-01-09,12.938115119934082,24.572834014892575,24.94991111755371,24.465097427368164,24.62221336364746,5540644
2002-01-10,13.056299209594728,24.79728507995605,24.89604377746582,24.52345466613769,24.57732391357422,4717745
2002-01-11,13.25796604156494,25.08458137512207,25.111515045166016,24.653636932373047,24.75688362121582,8195796
2002-01-14,13.260334968566896,25.08906936645508,25.36289978027344,25.08458137512207,25.13844871520996,7162606
2002-01-15,13.23186492919922,25.035202026367188,25.268630981445312,24.75239562988281,25.250675201416016,6039863
2002-01-16,13.405068397521973,25.36289978027344,25.6591739654541,24.855642318725582,25.0037784576416,11825105
2002-01-17,13.618595123291016,25.76691055297852,25.829757690429688,25.28658676147461,25.36289978027344,10416776
2002-01-18,13.620967864990234,25.77140045166016,25.91953659057617,25.623262405395508,25.704063415527344,11701692
2002-01-22,13.637579917907717,25.80282211303711,25.87464714050293,25.61428451538086,25.704063415527344,8060354
2002-01-23,13.616226196289062,25.762422561645508,25.964427947998047,25.641218185424805,25.80282211303711,7488736
2002-01-24,13.60435676574707,25.73997688293457,25.982383728027344,25.4975700378418,25.6771297454834,10165496
2002-01-25,13.580636024475098,25.69508552551269,25.856691360473636,25.50205993652344,25.6771297454834,7727541
2002-01-28,13.488107681274414,25.52001571655273,25.80282211303711,25.394323348999023,25.587350845336918,6313420
2002-01-29,13.338634490966797,25.237207412719727,25.87015724182129,25.14742660522461,25.52001571655273,8629522
2002-01-30,13.400315284729004,25.35392189025879,25.573883056640625,25.14742660522461,25.237207412719727,8338144
2002-01-31,13.689774513244627,25.901580810546875,25.910558700561523,25.318010330200195,25.452680587768555,7543313
2002-02-01,13.628087997436523,25.78486633300781,26.022783279418945,25.708553314208984,25.72201919555664,5663166
2002-02-04,13.431166648864746,25.41227912902832,25.76691055297852,25.36289978027344,25.67264175415039,7366660
2002-02-05,13.523696899414062,25.587350845336918,25.699575424194336,25.36738967895508,25.41227912902832,7243247
2002-02-06,13.267459869384766,25.102537155151367,25.430234909057617,24.976844787597656,25.38534545898437,10330788
2002-02-07,13.186785697937012,24.94991111755371,25.24618530273437,24.75688362121582,25.21476173400879,6444184
2002-02-08,13.117986679077148,24.819730758666992,24.89155387878418,24.41571807861328,24.711992263793945,8815977
2002-02-11,13.210515975952148,24.994800567626957,25.08906936645508,24.48305320739746,24.57732391357422,9049882
2002-02-12,13.317285537719728,25.19680595397949,25.19680595397949,24.846664428710938,24.927465438842773,8258170
2002-02-13,13.27931785583496,25.124982833862305,25.183338165283203,24.900531768798828,25.13844871520996,8556009
2002-02-14,13.350502967834473,25.259653091430664,25.273120880126957,24.994800567626957,25.124982833862305,6181766
2002-02-15,13.60435676574707,25.73997688293457,25.991361618041992,25.23271751403809,25.259653091430664,11738003
2002-02-19,13.42642307281494,25.403301239013672,25.7983341217041,25.35841178894043,25.76691055297852,7151467
2002-02-20,13.66130256652832,25.847713470458984,25.92402648925781,25.53348159790039,25.63224029541016,6929815
2002-02-21,13.559283256530762,25.65468406677246,26.036251068115234,25.47512435913086,25.847713470458984,9663603
2002-02-22,13.668421745300291,25.86117935180664,25.98687171936035,25.45716857910156,25.45716857910156,5439063
2002-02-25,13.469124794006348,25.484102249145508,25.95544815063477,25.22373962402344,25.86117935180664,8094437
2002-02-26,13.40269374847412,25.35841178894043,25.51103782653809,25.250675201416016,25.484102249145508,7392055
2002-02-27,13.378965377807615,25.313520431518555,25.53348159790039,25.13844871520996,25.250675201416016,7002214
2002-02-28,13.4169340133667,25.38534545898437,25.789356231689453,25.318010330200195,25.403301239013672,8492075
2002-03-01,13.639952659606934,25.80731201171875,25.94198226928711,25.27760887145996,25.564905166625977,5702818
2002-03-04,13.61147689819336,25.753442764282227,25.901580810546875,25.65468406677246,25.80731201171875,5496759
2002-03-05,13.053925514221191,24.69852638244629,25.6771297454834,24.61772346496582,25.65468406677246,13062349
2002-03-06,13.291177749633787,25.14742660522461,25.430234909057617,24.918487548828125,25.01275634765625,7331908
2002-03-07,12.894962310791016,24.397762298583984,25.13844871520996,24.231670379638672,25.13844871520996,13871436
2002-03-08,12.833276748657228,24.281049728393555,24.653636932373047,24.105976104736328,24.57732391357422,7611257
2002-03-11,12.9708890914917,24.541410446166992,24.599767684936523,24.1688232421875,24.195756912231445,6246368
2002-03-12,13.094260215759276,24.77483940124512,24.89604377746582,24.254114151000977,24.330427169799805,6646233
2002-03-13,13.167806625366213,24.91399955749512,25.07111358642578,24.62221336364746,24.77483940124512,6470471
2002-03-14,13.01121711730957,24.61772346496582,24.95888900756836,24.44265365600586,24.91399955749512,8755608
2002-03-15,12.814295768737791,24.245136260986328,24.82421875,23.52240562438965,24.729949951171875,21623927
2002-03-18,12.695663452148438,24.02068519592285,24.37531852722168,23.769302368164062,24.352872848510746,11854733
2002-03-19,12.664820671081545,23.962329864501957,24.37531852722168,23.84112548828125,24.37531852722168,8538188
2002-03-20,12.289952278137209,23.25306510925293,23.796236038208008,23.073505401611328,23.70196533203125,18962538
2002-03-21,12.42281723022461,23.50444984436035,23.57178497314453,23.12737274169922,23.410181045532227,9248144
2002-03-22,12.740745544433594,24.105976104736328,24.231670379638672,23.45058250427246,23.544851303100582,11958987
2002-03-25,12.434678077697754,23.52689552307129,24.083532333374023,23.432626724243164,24.03864288330078,8376237
2002-03-26,12.536698341369627,23.719921112060547,23.953350067138672,23.45956039428711,23.45956039428711,7009788
2002-03-27,12.31605052947998,23.30244445800781,23.746856689453125,23.14532852172852,23.607696533203125,9347721
2002-03-28,12.479761123657228,23.61218643188477,23.91295051574707,23.25755500793457,23.342845916748047,9733106
2002-04-01,12.63160228729248,23.89948272705078,24.03864288330078,23.45507049560547,23.61218643188477,11091758
2002-04-02,12.688551902770996,24.007219314575195,24.03864288330078,23.56729507446289,23.61218643188477,7556457
2002-04-03,12.562803268432615,23.769302368164062,24.465097427368164,23.70196533203125,24.02517509460449,10056786
2002-04-04,12.527214050292969,23.70196533203125,23.903972625732425,23.45507049560547,23.881526947021484,7567372
2002-04-05,12.31605052947998,23.30244445800781,23.70196533203125,23.11839485168457,23.589740753173828,7176417
2002-04-08,12.32554531097412,23.32040023803711,23.657075881958008,23.046571731567383,23.477516174316406,8301164
2002-04-09,12.493996620178224,23.63912010192871,23.89948272705078,23.208175659179688,23.72441291809082,11642659
2002-04-10,12.9495267868042,24.50101089477539,24.55487823486328,23.48200416564941,23.52689552307129,13046087
2002-04-11,12.824429512023926,24.15984535217285,24.61772346496582,24.02068519592285,24.393274307250977,8662937
2002-04-12,12.793456077575684,24.10148811340332,24.245136260986328,23.56729507446289,24.105976104736328,9245694
2002-04-15,12.807747840881348,24.128421783447266,24.352872848510746,23.944372177124023,24.03864288330078,5612598
2002-04-16,12.945952415466309,24.388784408569336,24.586301803588867,24.02068519592285,24.128421783447266,6390943
2002-04-17,12.986459732055664,24.465097427368164,24.532432556152344,24.17780113220215,24.276559829711918,5722644
2002-04-18,13.0269775390625,24.541410446166992,24.572834014892575,24.132911682128903,24.37531852722168,6933602
2002-04-19,13.046040534973145,24.57732391357422,24.76586151123047,24.469587326049805,24.653636932373047,5123180
2002-04-22,12.960251808166504,24.41571807861328,24.79279518127441,24.352872848510746,24.599767684936523,6582077
2002-04-23,13.005525588989258,24.50101089477539,24.77932929992676,24.397762298583984,24.63567924499512,6267308
2002-04-24,12.786306381225586,24.08802032470703,24.68505859375,24.04762077331543,24.61323547363281,6452872
2002-04-25,12.721969604492188,23.96681785583496,24.276559829711918,23.679521560668945,24.132911682128903,6788136
2002-04-26,12.895916938781738,24.29451560974121,24.50101089477539,23.886016845703125,24.079042434692383,10968791
2002-04-29,12.662403106689451,23.85459327697754,24.379806518554688,23.791746139526367,24.29451560974121,10009559
2002-04-30,12.855411529541016,24.218202590942383,24.28553771972656,23.859081268310547,24.05659866333008,7994192
2002-05-01,13.105613708496094,24.68954849243164,24.68954849243164,24.18228912353516,24.28553771972656,6729325
2002-05-02,12.86732578277588,24.24064826965332,24.68954849243164,23.535873413085938,24.667102813720703,12713943
2002-05-03,12.731504440307615,23.984773635864254,24.20024681091309,23.58076286315918,24.195756912231445,5793707
2002-05-06,12.433650016784668,23.42364883422852,24.150867462158203,23.401203155517575,24.128421783447266,5600791
2002-05-07,12.314505577087402,23.19919776916504,23.666053771972656,23.18572998046875,23.45507049560547,6161494
2002-05-08,12.486066818237305,23.52240562438965,23.616674423217773,22.557268142700195,23.365291595458984,12478479
2002-05-09,12.42650032043457,23.410181045532227,23.87254905700684,23.342845916748047,23.657075881958008,7330126
2002-05-10,12.212041854858398,23.00617027282715,23.56729507446289,23.00617027282715,23.56729507446289,7721749
2002-05-13,12.157236099243164,22.90292358398437,22.98372459411621,22.79518699645996,22.893945693969727,9277995
2002-05-14,12.3287992477417,23.226131439208984,23.24857711791992,22.705406188964844,22.84905433654785,11550657
2002-05-15,11.175504684448242,21.053451538085938,21.771692276000977,20.6718864440918,21.771692276000977,56056250
2002-05-16,10.901480674743652,20.537214279174805,20.734731674194336,19.774084091186523,20.537214279174805,46741722
2002-05-17,11.342302322387695,21.3676815032959,21.53826332092285,20.24542999267578,20.24542999267578,21649768
2002-05-20,11.20171356201172,21.10283088684082,21.533775329589844,20.98611640930176,21.25545692443848,12494963
2002-05-21,11.111173629760742,20.932247161865234,21.25545692443848,20.90531349182129,21.147720336914062,8687887
2002-05-22,11.342302322387695,21.3676815032959,21.385637283325195,20.96367073059082,21.031005859375,10362421
2002-05-23,11.378043174743652,21.43501663208008,21.43501663208008,20.80655670166016,21.322792053222656,8696129
2002-05-24,11.175504684448242,21.053451538085938,21.56968688964844,21.008560180664062,21.5472412109375,6452649
2002-05-28,11.144530296325684,20.995094299316406,21.241989135742188,20.96816062927246,21.09834098815918,6854743
2002-05-29,11.223167419433594,21.143230438232425,21.3497257232666,20.97264862060547,20.99958229064941,7347947
2002-05-30,11.137381553649902,20.98162651062012,21.09834098815918,20.564149856567383,21.031005859375,8321213
2002-05-31,11.318480491638184,21.322792053222656,21.502351760864254,20.918781280517575,20.96367073059082,12827999
2002-06-03,10.822846412658691,20.38907814025879,21.56968688964844,20.344188690185547,21.412572860717773,8669620
2002-06-04,10.644136428833008,20.05240249633789,20.49232482910156,19.85039710998535,20.38907814025879,11514569
2002-06-05,10.734683990478516,20.222984313964844,20.24542999267578,19.756128311157227,19.94017791748047,8407869
2002-06-06,10.663199424743652,20.088314056396484,20.303787231445312,19.81897354125977,20.133203506469727,8505441
2002-06-07,10.808551788330078,20.362144470214844,20.604549407958984,19.774084091186523,19.774084091186523,9469574
2002-06-10,10.882417678833008,20.50130271911621,20.80206680297852,20.209518432617188,20.362144470214844,6976819
2002-06-11,9.126267433166504,17.192903518676758,18.584495544433597,17.192903518676758,18.584495544433597,54949547
2002-06-12,8.821268081665039,16.618310928344727,17.215349197387695,15.823756217956545,17.192903518676758,45349878
2002-06-13,8.566300392150879,16.13798713684082,16.878673553466797,16.07065200805664,16.58688735961914,20392921
2002-06-14,8.756929397583008,16.497106552124023,16.694623947143555,15.980871200561523,16.048206329345703,16210260
2002-06-17,8.99997615814209,16.954986572265625,17.053743362426758,16.470172882080078,16.57341957092285,16046081
2002-06-18,9.233497619628906,17.394908905029297,17.64180564880371,16.892139434814453,16.941518783569336,15029599
2002-06-19,8.971384048461914,16.9011173248291,17.592424392700195,16.806848526000977,17.50713348388672,12484493
2002-06-20,8.97614574432373,16.91009521484375,17.148014068603516,16.676668167114258,16.7215576171875,11371330
2002-06-21,8.60919189453125,16.218788146972656,16.92356300354004,16.218788146972656,16.609333038330078,14615921
2002-06-24,8.868924140930176,16.708091735839844,16.865205764770508,16.05269432067871,16.27265739440918,15146105
2002-06-25,9.080998420715332,17.10761260986328,17.731584548950195,17.103124618530273,17.22881507873535,15422113
2002-06-26,9.042868614196776,17.03578758239746,17.32308578491211,16.577909469604492,17.10761260986328,14430803
2002-06-27,9.328807830810549,17.5744686126709,17.65078353881836,16.9011173248291,16.99089813232422,10064583
2002-06-28,8.971384048461914,16.9011173248291,17.888700485229492,16.878673553466797,17.64180564880371,13723965
2002-07-01,8.887981414794922,16.744003295898438,17.37246322631836,16.65422248840332,17.094146728515625,10643552
2002-07-02,8.764077186584473,16.510574340820312,16.91458511352539,16.317546844482422,16.85622787475586,11167944
2002-07-03,8.840326309204102,16.65422248840332,16.739513397216797,16.375904083251953,16.609333038330078,10273315
2002-07-05,8.92849063873291,16.820316314697266,16.833782196044922,16.672178268432617,16.708091735839844,5298052
2002-07-08,8.816498756408691,16.609333038330078,16.744003295898438,16.555463790893555,16.699113845825195,10129853
2002-07-09,8.437631607055664,15.895580291748049,16.744003295898438,15.832734107971191,16.609333038330078,11252818
2002-07-10,8.077817916870117,15.217740058898926,15.895580291748049,14.99328899383545,15.895580291748049,19236095
2002-07-11,7.594329357147217,14.20771312713623,15.069602966308594,13.983262062072754,15.06511402130127,37395115
2002-07-12,7.954245567321777,14.881064414978027,15.01573371887207,13.902460098266602,14.34238338470459,20240548
2002-07-15,8.278175354003906,15.487079620361328,15.783354759216309,14.364828109741213,15.217740058898926,15779653
2002-07-16,8.062219619750977,15.083069801330566,16.07962989807129,15.038179397583008,15.464634895324709,13126060
2002-07-17,8.302165985107422,15.531970024108888,15.702552795410156,15.186317443847656,15.374855041503906,11292916
2002-07-18,7.935054779052734,14.845151901245115,15.487079620361328,14.831685066223145,15.419745445251465,7999539
2002-07-19,7.711899757385254,14.427674293518066,14.939420700073242,14.351361274719238,14.409717559814451,11111362
2002-07-22,7.67830753326416,14.364828109741213,14.768838882446287,14.18526840209961,14.427674293518066,13382687
2002-07-23,7.438358306884766,13.915926933288574,14.43216323852539,13.736367225646973,14.230157852172852,17626831
2002-07-24,8.026230812072754,15.01573371887207,15.172849655151367,13.377245903015137,13.579252243041992,18482922
2002-07-25,9.02680778503418,16.887651443481445,17.233304977416992,16.609333038330078,16.946008682250977,29602526
2002-07-26,9.273954391479492,17.350019454956055,17.394908905029297,16.52853012084961,17.0582332611084,14597877
2002-07-29,9.513904571533203,17.798919677734375,17.911144256591797,17.51162338256836,17.664249420166016,15359738
2002-07-30,9.69386386871338,18.135595321655277,18.404935836791992,17.64180564880371,17.798919677734375,11266407
2002-07-31,9.936209678649902,18.588985443115234,18.588985443115234,17.911144256591797,18.247821807861328,9463559
2002-08-01,9.576294898986816,17.915634155273438,18.584495544433597,17.63731575012207,18.51716041564941,11984160
2002-08-02,9.626678466796877,18.009902954101562,18.30168914794922,17.7136287689209,17.915634155273438,10672735
2002-08-05,9.082001686096191,16.99089813232422,17.978479385375977,16.883161544799805,17.978479385375977,9769417
2002-08-06,9.134788513183594,17.089656829833984,17.29615020751953,16.286123275756836,16.609333038330078,19431238
2002-08-07,9.564291954040527,17.8931884765625,17.956035614013672,17.089656829833984,17.089656829833984,9215397
2002-08-08,9.77784824371338,18.29271125793457,18.36004638671875,17.64180564880371,17.789941787719727,8639992
2002-08-09,9.6770658493042,18.104171752929688,18.29271125793457,17.89767837524414,18.29271125793457,7943402
2002-08-12,9.775442123413086,18.28822135925293,18.38249015808105,17.8527889251709,18.104171752929688,6061695
2002-08-13,9.482710838317873,17.740562438964844,18.29271125793457,17.70914077758789,18.02337074279785,6719969
2002-08-14,9.600282669067385,17.96052360534668,18.068260192871094,17.552024841308594,17.76749610900879,12449296
2002-08-15,9.669872283935549,18.09070587158203,18.16701889038086,17.812387466430664,17.812387466430664,9863647
2002-08-16,9.585887908935549,17.933589935302734,18.15804100036621,17.82585334777832,18.068260192871094,8000430
2002-08-19,9.597887992858888,17.956035614013672,18.131107330322266,17.911144256591797,17.933589935302734,6647793
2002-08-20,9.38193130493164,17.552024841308594,17.95154571533203,17.394908905029297,17.95154571533203,7599005
2002-08-21,9.703457832336426,18.15355110168457,18.198442459106445,17.538557052612305,17.543046951293945,6111817
2002-08-22,10.015392303466797,18.737123489379883,18.82241439819336,18.08172607421875,18.135595321655277,8513461
2002-08-23,9.725058555603027,18.193952560424805,18.74610137939453,18.14906311035156,18.62938690185547,5787692
2002-08-26,9.881023406982422,18.48573875427246,18.719167709350582,17.956035614013672,18.36004638671875,5663834
2002-08-27,9.780244827270508,18.297199249267575,18.69672203063965,18.117639541625977,18.449825286865234,6815090
2002-08-28,9.559490203857422,17.88421058654785,18.252309799194336,17.727096557617188,18.247821807861328,4794377
2002-08-29,9.71065902709961,18.16701889038086,18.315156936645508,17.489177703857422,17.619359970092773,6185553
2002-08-30,9.605087280273438,17.969501495361328,18.28822135925293,17.78545379638672,18.000925064086914,6330796
2002-09-03,9.185173988342283,17.18392562866211,17.789941787719727,17.085166931152344,17.731584548950195,8401409
2002-09-04,9.30994987487793,17.417354583740234,17.56549072265625,17.103124618530273,17.125568389892578,11559567
2002-09-05,9.070003509521484,16.96845245361328,17.327573776245117,16.717069625854492,17.103124618530273,8597221
2002-09-06,8.998015403747559,16.833782196044922,17.22881507873535,16.744003295898438,17.071699142456055,9386482
2002-09-09,9.10119342803955,17.026809692382812,17.201881408691406,16.66769027709961,16.811338424682617,8797042
2002-09-10,9.153982162475586,17.125568389892578,17.29615020751953,16.999876022338867,17.013343811035156,7506111
2002-09-11,9.264360427856444,17.332063674926758,17.619359970092773,17.170459747314453,17.50713348388672,5645121
2002-09-12,9.170777320861816,17.156991958618164,17.538557052612305,17.008853912353516,17.50713348388672,8857189
2002-09-13,9.02680778503418,16.887651443481445,17.215349197387695,16.84724998474121,17.156991958618164,9206264
2002-09-16,9.19237232208252,17.1973934173584,17.394908905029297,16.833782196044922,16.896629333496094,7448192
2002-09-17,9.25955867767334,17.32308578491211,17.619359970092773,17.282684326171875,17.50713348388672,9626847
2002-09-18,9.698665618896484,18.14457321166992,18.404935836791992,17.686695098876953,17.77647590637207,15731312
2002-09-19,9.621877670288086,18.000925064086914,18.131107330322266,17.77198600769043,17.77198600769043,9624174
2002-09-20,10.02978515625,18.764057159423828,18.975040435791016,18.054792404174805,18.29271125793457,19648658
2002-09-23,10.005793571472168,18.719167709350582,19.07828712463379,18.64285469055176,18.76854515075684,12137201
2002-09-24,10.101774215698242,18.898727416992188,19.033397674560547,18.36004638671875,18.51716041564941,11127624
2002-09-25,10.509681701660156,19.6618595123291,19.684303283691406,18.764057159423828,19.07828712463379,13964107
2002-09-26,10.053788185119627,18.80894660949707,19.230913162231445,18.74161148071289,18.853836059570312,21042507
2002-09-27,9.681867599487305,18.11315155029297,18.799968719482425,18.000925064086914,18.62938690185547,15895491
2002-09-30,9.69386386871338,18.135595321655277,18.33760070800781,17.43979835510254,18.108661651611328,11759612
2002-10-01,10.077777862548828,18.853836059570312,18.94361686706543,18.09519386291504,18.1715087890625,12944728
2002-10-02,9.993802070617676,18.69672203063965,19.23540306091309,18.62938690185547,18.82241439819336,8813081
2002-10-03,10.171358108520508,19.028907775878903,19.298248291015625,18.831392288208008,18.853836059570312,9976367
2002-10-04,9.811436653137209,18.35555648803711,18.835880279541016,18.18497467041016,18.80894660949707,9585635
2002-10-07,9.489908218383787,17.754030227661133,18.265777587890625,17.64180564880371,18.18048667907715,14064575
2002-10-08,9.470712661743164,17.71811866760254,17.924612045288086,17.094146728515625,17.866254806518555,19035383
2002-10-09,9.669872283935549,18.09070587158203,18.78650283813477,17.327573776245117,17.43979835510254,18249017
2002-10-10,9.729001998901367,18.09519386291504,18.687744140625,17.628337860107422,18.000925064086914,13976805
2002-10-11,10.013794898986816,18.62489891052246,18.719167709350582,18.09070587158203,18.315156936645508,11040967
2002-10-14,10.44582176208496,19.428430557250977,19.45985221862793,19.033397674560547,19.07828712463379,10938495
2002-10-15,10.650975227355955,19.80999565124512,20.020978927612305,19.45985221862793,19.931198120117188,11406750
2002-10-16,10.498921394348145,19.52718734741211,20.1780948638916,19.31620407104492,19.841419219970703,9221189
2002-10-17,10.667869567871094,19.841419219970703,20.029956817626957,19.64839172363281,19.953643798828125,8696797
2002-10-18,10.61960220336914,19.751638412475582,19.92671012878418,19.554122924804688,19.706748962402344,8075057
2002-10-21,10.53512477874756,19.59452247619629,19.684303283691406,19.280292510986328,19.437408447265625,6732444
2002-10-22,10.329975128173828,19.21295738220215,19.40598487854004,19.07379722595215,19.280292510986328,7674968
2002-10-23,10.416857719421388,19.374561309814453,19.40149688720703,18.651832580566406,19.033397674560547,9785902
2002-10-24,10.245497703552246,19.05584144592285,19.59452247619629,18.966062545776367,19.59452247619629,6315871
2002-10-25,10.397552490234377,19.33864974975586,19.45087432861328,19.033397674560547,19.05584144592285,6515024
2002-10-28,10.276880264282228,19.114198684692383,19.639413833618164,18.984018325805664,19.639413833618164,6694796
2002-10-29,10.10551643371582,18.79548072814941,19.45985221862793,18.54409408569336,19.190513610839844,9971244
2002-10-30,10.16343879699707,18.903215408325195,18.99748420715332,18.458803176879883,18.79548072814941,9007334
2002-10-31,10.10551643371582,18.79548072814941,19.033397674560547,18.46778106689453,18.74161148071289,7914442
2002-11-01,10.07172393798828,18.73263359069824,18.840370178222656,18.41391372680664,18.53960609436035,6919568
2002-11-04,10.15378475189209,18.8852596282959,19.22642517089844,18.665298461914062,18.80894660949707,6273100
2002-11-05,10.486852645874023,19.504743576049805,19.59901237487793,18.94361686706543,19.14562225341797,8053448
2002-11-06,10.99370002746582,20.44743537902832,20.604549407958984,19.751638412475582,19.751638412475582,15386025
2002-11-07,11.017831802368164,20.49232482910156,20.604549407958984,20.160139083862305,20.43396759033203,11499866
2002-11-08,11.075762748718262,20.600061416625977,20.685352325439453,20.362144470214844,20.469879150390625,8802834
2002-11-11,10.641319274902344,19.79203987121582,20.40254592895508,19.78306198120117,20.3352108001709,7546878
2002-11-12,10.484444618225098,19.500253677368164,19.79203987121582,19.347627639770508,19.79203987121582,8760731
2002-11-13,10.373416900634766,19.293760299682617,19.702259063720703,19.0244197845459,19.53616523742676,10596326
2002-11-14,10.609939575195312,19.73368263244629,19.774084091186523,19.35660552978516,19.52718734741211,6933156
2002-11-15,10.84888744354248,20.1780948638916,20.24094009399414,19.5226993560791,19.52718734741211,10075944
2002-11-18,10.749924659729004,19.99404525756836,20.31276512145996,19.85488510131836,20.222984313964844,6161048
2002-11-19,10.725793838500977,19.94915580749512,20.20054054260254,19.756128311157227,19.98506736755371,7458662
2002-11-20,10.909219741821287,20.290319442749023,20.38907814025879,19.80999565124512,19.976089477539062,10002654
2002-11-21,10.88750171661377,20.249919891357425,20.600061416625977,20.19156265258789,20.49232482910156,7259286
2002-11-22,10.57132625579834,19.6618595123291,20.424989700317383,19.639413833618164,20.357654571533203,11021141
2002-11-25,10.566498756408691,19.652881622314453,19.79203987121582,19.370073318481445,19.52718734741211,9799268
2002-11-26,10.465128898620604,19.46434211730957,19.6798152923584,19.302738189697266,19.370073318481445,9525711
2002-11-27,10.523053169250488,19.572078704833984,19.86386489868164,19.365583419799805,19.46434211730957,5320996
2002-11-29,10.566498756408691,19.652881622314453,19.836929321289062,19.40598487854004,19.482297897338867,3214295
2002-12-02,10.148956298828123,18.87628173828125,19.823463439941406,18.67427635192871,19.751638412475582,10443285
2002-12-03,10.18033504486084,18.93463897705078,19.302738189697266,18.719167709350582,19.01095199584961,10071711
2002-12-04,10.197232246398926,18.966062545776367,19.12317657470703,18.70121192932129,18.93463897705078,6377132
2002-12-05,10.016216278076172,18.62938690185547,18.94361686706543,18.49022674560547,18.94361686706543,9481603
2002-12-06,10.36375904083252,19.27580451965332,19.302738189697266,18.584495544433597,18.62938690185547,10144779
2002-12-09,10.052416801452637,18.69672203063965,19.45985221862793,18.68325424194336,19.168067932128903,7506111
2002-12-10,9.794169425964355,18.216398239135746,18.49471664428711,18.02337074279785,18.33760070800781,12948070
2002-12-11,9.902776718139648,18.41840362548828,18.449825286865234,17.875232696533203,17.956035614013672,7800163
2002-12-12,9.859333038330078,18.33760070800781,18.56205177307129,18.23884391784668,18.42289161682129,7158596
2002-12-13,9.770030975341797,18.1715087890625,18.458803176879883,17.83932113647461,18.270265579223636,11246581
2002-12-16,9.88588047027588,18.38698005676269,18.38698005676269,17.866254806518555,18.22537612915039,7792589
2002-12-17,9.897948265075684,18.409425735473636,18.804458618164062,18.391468048095703,18.391468048095703,8469576
2002-12-18,9.840028762817385,18.30168914794922,18.548583984375,18.18048667907715,18.51716041564941,7309186
2002-12-19,9.748311042785645,18.131107330322266,18.49471664428711,17.956035614013672,18.23435401916504,7823331
2002-12-20,9.340420722961426,17.37246322631836,18.131107330322266,17.1973934173584,18.131107330322266,21063447
2002-12-23,9.202848434448242,17.11659049987793,17.417354583740234,16.9011173248291,17.37246322631836,12082400
2002-12-24,9.099064826965332,16.92356300354004,17.094146728515625,16.878673553466797,16.946008682250977,4795491
2002-12-26,8.845643997192383,16.45221710205078,16.99089813232422,16.425283432006836,16.80236053466797,8378687
2002-12-27,8.877020835876465,16.510574340820312,16.65422248840332,16.277145385742188,16.568931579589844,5398742
2002-12-30,8.954253196716309,16.65422248840332,16.72604751586914,16.46119499206543,16.510574340820312,9907532
2002-12-31,9.654183387756348,17.956035614013672,17.978479385375977,16.609333038330078,16.65422248840332,18489160
2003-01-02,9.666250228881836,17.978479385375977,18.28822135925293,17.879722595214844,17.956035614013672,20914417
2003-01-03,9.7603759765625,18.15355110168457,18.15804100036621,17.83932113647461,17.911144256591797,11466451
2003-01-06,9.823128700256348,18.270265579223636,18.33760070800781,17.911144256591797,18.036836624145508,8846051
2003-01-07,9.38145351409912,17.448776245117188,18.30168914794922,17.36797523498535,18.247821807861328,14261946
2003-01-08,9.61798095703125,17.888700485229492,18.014392852783203,17.619359970092773,17.619359970092773,10159704
2003-01-09,9.6493558883667,17.947057723999023,18.18048667907715,17.843809127807617,17.920122146606445,8390048
2003-01-10,9.601080894470217,17.857276916503906,17.947057723999023,17.6956729888916,17.947057723999023,6476040
2003-01-13,9.573162078857422,17.700162887573242,17.996435165405273,17.5744686126709,17.888700485229492,6124515
2003-01-14,9.48332977294922,17.534067153930664,17.547534942626953,17.008853912353516,17.282684326171875,18371762
2003-01-15,9.21383571624756,17.03578758239746,17.49815559387207,16.865205764770508,17.493667602539062,21478461
2003-01-16,9.51732349395752,17.596914291381836,17.623849868774414,17.0582332611084,17.0582332611084,18208697
2003-01-17,9.225979804992676,17.0582332611084,18.014392852783203,16.905607223510742,17.664249420166016,20163694
2003-01-21,9.325515747070312,17.24228286743164,17.49815559387207,17.031299591064453,17.237794876098633,12113587
2003-01-22,9.281817436218262,17.161481857299805,17.426332473754883,17.11659049987793,17.215349197387695,7710388
2003-01-23,9.293957710266112,17.18392562866211,17.30512809753418,17.053743362426758,17.161481857299805,8726871
2003-01-24,9.068161010742188,16.766447067260742,17.18392562866211,16.676668167114258,17.062721252441406,7812638
2003-01-27,8.973474502563477,16.59137725830078,16.815826416015625,16.375904083251953,16.7215576171875,8832239
2003-01-28,9.153131484985352,16.92356300354004,16.986408233642578,16.375904083251953,16.73502540588379,7887933
2003-01-29,9.269673347473145,17.139036178588867,17.18392562866211,16.640756607055664,16.833782196044922,8409652
2003-01-30,9.21868896484375,17.04476547241211,17.43979835510254,16.91458511352539,17.43979835510254,8779444
2003-01-31,9.25511360168457,17.112102508544922,17.37246322631836,16.99089813232422,17.04476547241211,7875235
2003-02-03,9.20169448852539,17.013343811035156,17.327573776245117,16.9190731048584,17.03578758239746,6654921
2003-02-04,9.031744003295898,16.699113845825195,16.92356300354004,16.416305541992188,16.85622787475586,8144782
2003-02-05,8.95405387878418,16.555463790893555,17.008853912353516,16.483640670776367,16.833782196044922,5826453
2003-02-06,8.958909034729004,16.564441680908203,16.8607177734375,16.313058853149414,16.550975799560547,9781892
2003-02-07,9.068161010742188,16.766447067260742,16.878673553466797,16.295101165771484,16.7215576171875,8827561
2003-02-10,8.968619346618652,16.582399368286133,16.770936965942383,16.048206329345703,16.770936965942383,15568247
2003-02-11,8.7816743850708,16.236745834350586,16.39385986328125,16.07514190673828,16.3848819732666,10815305
2003-02-12,8.597152709960938,15.895580291748049,16.245723724365234,15.832734107971191,16.160432815551758,8613483
2003-02-13,8.468473434448242,15.657663345336914,15.87313461303711,15.397299766540527,15.509525299072266,11835129
2003-02-14,8.694272994995117,16.07514190673828,16.115541458129883,15.621750831604004,15.711530685424805,10938495
2003-02-18,8.886069297790527,16.429771423339844,16.582399368286133,16.286123275756836,16.295101165771484,7358863
2003-02-19,8.691840171813965,16.07065200805664,16.57341957092285,16.025760650634766,16.564441680908203,8795706
2003-02-20,8.546165466308594,15.801310539245604,16.304079055786133,15.74295425415039,16.27265739440918,7361982
2003-02-21,8.5170316696167,15.747443199157717,15.99882698059082,15.491568565368652,15.927002906799316,11869658
2003-02-24,8.347079277038574,15.433212280273438,15.846200942993164,15.361388206481934,15.823756217956545,8111590
2003-02-25,8.424772262573242,15.576861381530762,15.603795051574709,15.150404930114746,15.329964637756348,9707711
2003-02-26,8.424772262573242,15.576861381530762,15.882113456726074,15.558904647827148,15.689085960388184,7463563
2003-02-27,8.626288414001465,15.949447631835938,16.066162109375,15.536458969116213,15.554414749145508,9565363
2003-02-28,8.648137092590332,15.989849090576172,16.13349723815918,15.846200942993164,15.913536071777344,8272873
2003-03-03,8.504892349243164,15.724998474121094,16.160432815551758,15.657663345336914,15.989849090576172,7490740
2003-03-04,8.609292030334473,15.918025016784668,16.182876586914062,15.711530685424805,15.724998474121094,7732665
2003-03-05,8.725831031799316,16.13349723815918,16.21430015563965,15.918025016784668,16.093097686767578,7716180
2003-03-06,8.55102252960205,15.81028938293457,16.07514190673828,15.75193214416504,15.859667778015137,7946966
2003-03-07,8.60686206817627,15.913536071777344,15.9763822555542,15.491568565368652,15.576861381530762,5723312
2003-03-10,8.378641128540039,15.491568565368652,15.787843704223633,15.45565700531006,15.733976364135742,5878358
2003-03-11,8.441765785217285,15.608283996582031,15.756421089172363,15.28058624267578,15.518503189086914,7278444
2003-03-12,8.485466003417969,15.689085960388184,15.698063850402832,15.442190170288086,15.554414749145508,7671181
2003-03-13,8.711258888244629,16.106563568115234,16.160432815551758,15.81028938293457,16.160432815551758,9757388
2003-03-14,8.543739318847656,15.79682159423828,16.07065200805664,15.747443199157717,15.891091346740724,7841152
2003-03-17,8.873929977416992,16.40732765197754,16.40732765197754,15.716019630432127,15.801310539245604,8746920
2003-03-18,9.077875137329102,16.784404754638672,16.784404754638672,16.46119499206543,16.497106552124023,9055228
2003-03-19,9.25511360168457,17.112102508544922,17.139036178588867,16.73502540588379,16.744003295898438,7453539
2003-03-20,9.16042423248291,16.937030792236328,17.10761260986328,16.681156158447266,16.865205764770508,8093992
2003-03-21,9.53917407989502,17.63731575012207,17.700162887573242,17.062721252441406,17.269216537475586,10046984
2003-03-24,9.31095027923584,17.215349197387695,17.24228286743164,16.96845245361328,17.237794876098633,9937383
2003-03-25,9.463912010192873,17.49815559387207,17.614870071411133,16.99089813232422,17.215349197387695,8315421
2003-03-26,9.432344436645508,17.43979835510254,17.49815559387207,17.30512809753418,17.394908905029297,6845609
2003-03-27,9.352224349975586,17.291662216186523,17.462244033813477,17.0582332611084,17.206371307373047,8662937
2003-03-28,9.276963233947754,17.152502059936523,17.237794876098633,17.03578758239746,17.125568389892578,6923800
2003-03-31,9.131284713745115,16.883161544799805,17.017831802368164,16.627288818359375,16.833782196044922,9473361
2003-04-01,9.446914672851562,17.466733932495117,17.489177703857422,16.865205764770508,16.887651443481445,8200920
2003-04-02,9.796528816223145,18.11315155029297,18.270265579223636,17.794431686401367,17.798919677734375,10150348
2003-04-03,9.56102466583252,17.677717208862305,18.08172607421875,17.677717208862305,18.08172607421875,8574721
2003-04-04,9.75525188446045,18.036836624145508,18.059282302856445,17.754030227661133,17.77647590637207,6663386
2003-04-07,9.75282382965088,18.0323486328125,18.41391372680664,17.978479385375977,18.36004638671875,9092208
2003-04-08,9.694558143615724,17.924612045288086,18.15804100036621,17.83034324645996,18.09070587158203,6954765
2003-04-09,9.762537002563477,18.0503044128418,18.315156936645508,17.56549072265625,18.135595321655277,16184642
2003-04-10,9.738259315490724,18.005413055419922,18.054792404174805,17.888700485229492,18.054792404174805,6431041
2003-04-11,9.556265830993652,17.561002731323242,18.247821807861328,17.457754135131836,17.924612045288086,8203370
2003-04-14,9.805435180664062,18.01888084411621,18.02337074279785,17.596914291381836,17.655271530151367,6881697
2003-04-15,9.663750648498535,17.75851821899414,17.96052360534668,17.552024841308594,17.956035614013672,9513013
2003-04-16,9.448789596557615,17.36348533630371,17.88421058654785,17.264728546142578,17.870744705200195,5549777
2003-04-17,9.683292388916016,17.794431686401367,17.794431686401367,17.36348533630371,17.36348533630371,6741355
2003-04-21,9.514744758605955,17.484689712524414,17.857276916503906,17.37246322631836,17.794431686401367,6834471
2003-04-22,9.697951316833496,17.821365356445312,17.857276916503906,17.287172317504883,17.43979835510254,7719967
2003-04-23,9.746811866760254,17.911144256591797,17.947057723999023,17.673227310180664,17.686695098876953,5768757
2003-04-24,9.751694679260254,17.920122146606445,18.0323486328125,17.77198600769043,17.866254806518555,8208494
2003-04-25,9.646657943725586,17.727096557617188,18.054792404174805,17.69118309020996,17.991947174072266,6788804
2003-04-28,9.812761306762695,18.0323486328125,18.15355110168457,17.605892181396484,17.64180564880371,4709948
2003-04-29,9.922687530517578,18.23435401916504,18.32413482666016,17.82585334777832,18.126617431640625,6702816
2003-04-30,9.925137519836426,18.23884391784668,18.458803176879883,17.956035614013672,18.135595321655277,8014464
2003-05-01,10.06926155090332,18.50369453430176,18.67876625061035,17.978479385375977,18.23435401916504,7102236
2003-05-02,10.335527420043944,18.992996215820312,19.0648193359375,18.342090606689453,18.50369453430176,10334575
2003-05-05,10.14254379272461,18.63836479187012,19.028907775878903,18.56205177307129,18.99748420715332,5652696
2003-05-06,10.357514381408691,19.033397674560547,19.06033134460449,18.68325424194336,18.80894660949707,7209387
2003-05-07,10.430794715881348,19.168067932128903,19.347627639770508,18.705699920654297,19.033397674560547,9386927
2003-05-08,10.467440605163574,19.23540306091309,19.40149688720703,19.0827751159668,19.100732803344727,8828675
2003-05-09,10.596908569335938,19.47332000732422,19.52718734741211,19.23540306091309,19.347627639770508,7596777
2003-05-12,10.557825088500977,19.40149688720703,19.40598487854004,19.07828712463379,19.280292510986328,7535739
2003-05-13,10.61889362335205,19.513721466064453,19.639413833618164,19.347627639770508,19.423940658569336,9236115
2003-05-14,10.528507232666016,19.347627639770508,19.52718734741211,19.24438095092773,19.51820945739746,6558241
2003-05-15,10.728821754455566,19.715726852416992,19.79203987121582,19.45985221862793,19.58554458618164,9019363
2003-05-16,10.516298294067385,19.325183868408203,19.841419219970703,19.325183868408203,19.751638412475582,8960775
2003-05-19,10.074145317077637,18.512672424316406,19.280292510986328,18.404935836791992,19.280292510986328,11751592
2003-05-20,10.015517234802246,18.404935836791992,18.571029663085938,18.256799697875977,18.404935836791992,8555118
2003-05-21,10.113229751586914,18.584495544433597,18.759567260742188,18.328622817993164,18.404935836791992,7347056
2003-05-22,10.247587203979492,18.831392288208008,19.100732803344727,18.588985443115234,18.59347343444824,8313417
2003-05-23,10.279345512390137,18.88974952697754,19.037885665893555,18.67427635192871,18.80894660949707,3803958
2003-05-27,10.489424705505373,19.27580451965332,19.302738189697266,18.719167709350582,18.88974952697754,6518811
2003-05-28,10.638432502746582,19.549633026123047,19.563100814819336,19.21295738220215,19.27580451965332,8729099
2003-05-29,10.704392433166504,19.67083740234375,20.469879150390625,19.603500366210938,20.469879150390625,13933365
2003-05-30,10.88271427154541,19.998533248901367,20.21849632263184,19.688793182373047,19.841419219970703,11154356
2003-06-02,10.731266021728516,19.720216751098636,20.151161193847656,19.6618595123291,20.110759735107425,7967460
2003-06-03,10.760575294494627,19.774084091186523,19.931198120117188,19.59452247619629,19.751638412475582,7021149
2003-06-04,10.90958023071289,20.04791259765625,20.30827522277832,19.684303283691406,20.30827522277832,5351293
2003-06-05,11.051264762878418,20.30827522277832,20.31725311279297,19.841419219970703,19.931198120117188,6426586
2003-06-06,11.04394245147705,20.294809341430664,20.824512481689453,20.222984313964844,20.357654571533203,7789470
2003-06-09,10.96577262878418,20.151161193847656,20.537214279174805,20.070358276367188,20.299297332763672,5906649
2003-06-10,11.158753395080566,20.50579261779785,20.5327262878418,20.18258476257324,20.37112236022949,5415227
2003-06-11,11.139211654663086,20.469879150390625,20.5551700592041,20.353166580200195,20.429479598999023,8230325
2003-06-12,11.170965194702148,20.52823638916016,20.58210563659668,20.330720901489254,20.57761573791504,5860759
2003-06-13,11.139211654663086,20.469879150390625,20.62250518798828,20.38458824157715,20.58210563659668,6977264
2003-06-16,11.29066562652588,20.748199462890625,20.8514461517334,20.40703392028809,20.474369049072266,8463561
2003-06-17,11.359065055847168,20.873891830444336,21.071407318115234,20.76166534423828,20.873891830444336,10971242
2003-06-18,11.236919403076172,20.64944076538086,20.918781280517575,20.550682067871094,20.873891830444336,8606800
2003-06-19,11.139211654663086,20.469879150390625,20.811044692993164,20.24542999267578,20.80655670166016,8203593
2003-06-20,11.141654014587402,20.474369049072266,20.757177352905277,20.38010025024414,20.604549407958984,11536845
2003-06-23,10.833856582641602,19.908754348754883,20.424989700317383,19.774084091186523,20.40254592895508,7930481
2003-06-24,10.853401184082031,19.94466590881348,20.164627075195312,19.80101776123047,19.976089477539062,6807516
2003-06-25,10.83630084991455,19.91324234008789,20.26787567138672,19.908754348754883,20.065868377685547,7275771
2003-06-26,10.948670387268066,20.11973762512207,20.1960506439209,19.751638412475582,19.886308670043945,5585643
2003-06-27,10.65064811706543,19.572078704833984,20.11973762512207,19.437408447265625,20.11973762512207,8261735
2003-06-30,10.689735412597656,19.643903732299805,19.86386489868164,19.45985221862793,19.6618595123291,6366439
2003-07-01,10.638432502746582,19.549633026123047,19.65736961364746,18.988506317138672,19.59452247619629,10387594
2003-07-02,10.792332649230955,19.83244132995605,19.895286560058597,19.414962768554688,19.482297897338867,6472030
2003-07-03,10.802106857299805,19.85039710998535,20.029956817626957,19.6618595123291,19.80999565124512,3749826
2003-07-07,10.987754821777344,20.19156265258789,20.19156265258789,19.77857208251953,19.85488510131836,7886373
2003-07-08,10.870503425598145,19.976089477539062,20.24094009399414,19.90426445007324,20.19156265258789,5690566
2003-07-09,10.670190811157228,19.607990264892575,20.04342460632324,19.53616523742676,19.84590721130371,5974370
2003-07-10,10.638432502746582,19.549633026123047,19.634923934936523,19.033397674560547,19.302738189697266,12135641
2003-07-11,10.814075469970703,19.760616302490234,19.83244132995605,19.39700698852539,19.49127578735352,7537967
2003-07-14,10.818992614746094,19.769594192504883,20.110759735107425,19.72919464111328,19.86835289001465,7423688
2003-07-15,10.600358963012695,19.370073318481445,19.890798568725582,19.26233673095703,19.79652976989746,13440384
2003-07-16,10.416112899780272,19.033397674560547,19.423940658569336,18.93463897705078,19.347627639770508,8236785
2003-07-17,10.330126762390137,18.87628173828125,19.280292510986328,18.67876625061035,19.037885665893555,6512574
2003-07-18,10.17044448852539,18.584495544433597,18.710189819335938,18.328622817993164,18.328622817993164,9441282
2003-07-21,10.14587688446045,18.53960609436035,18.588985443115234,18.270265579223636,18.580007553100582,8249928
2003-07-22,10.180273056030272,18.60245132446289,18.74610137939453,18.15804100036621,18.54409408569336,9230100
2003-07-23,10.023048400878906,18.315156936645508,18.431869506835938,18.000925064086914,18.404935836791992,13661813
2003-07-24,9.828978538513184,17.96052360534668,18.50818252563477,17.947057723999023,18.22537612915039,12062574
2003-07-25,9.88302230834961,18.059282302856445,18.202930450439453,17.843809127807617,17.96052360534668,9444847
2003-07-28,9.66683578491211,17.664249420166016,18.059282302856445,17.5744686126709,18.059282302856445,12802381
2003-07-29,9.55874252319336,17.466733932495117,17.731584548950195,17.327573776245117,17.731584548950195,13801488
2003-07-30,9.649641036987305,17.632827758789062,17.673227310180664,17.282684326171875,17.529579162597656,14739111
2003-07-31,9.642271995544434,17.619359970092773,18.000925064086914,17.453266143798828,17.888700485229492,9133865
2003-08-01,9.467852592468262,17.300640106201172,17.623849868774414,17.1973934173584,17.619359970092773,8245696
2003-08-04,9.458023071289062,17.282684326171875,17.30512809753418,16.963964462280273,17.300640106201172,8415889
2003-08-05,9.298346519470217,16.99089813232422,17.453266143798828,16.9011173248291,17.30512809753418,10896392
2003-08-06,9.482590675354004,17.327573776245117,17.525089263916016,16.905607223510742,16.954986572265625,11584072
2003-08-07,9.804410934448242,17.915634155273438,17.95154571533203,17.139036178588867,17.332063674926758,12937600
2003-08-08,9.801952362060549,17.911144256591797,18.18048667907715,17.82585334777832,18.08621597290039,7244138
2003-08-11,9.728251457214355,17.77647590637207,18.0323486328125,17.686695098876953,17.911144256591797,5386267
2003-08-12,9.720881462097168,17.76300811767578,17.95154571533203,17.534067153930664,17.888700485229492,8751598
2003-08-13,9.684032440185549,17.6956729888916,17.821365356445312,17.583446502685547,17.77647590637207,6124069
2003-08-14,9.728251457214355,17.77647590637207,17.857276916503906,17.610382080078125,17.677717208862305,7129191
2003-08-15,9.747904777526855,17.812387466430664,17.843809127807617,17.5744686126709,17.754030227661133,5863432
2003-08-18,9.774927139282228,17.861766815185547,17.982969284057617,17.686695098876953,17.956035614013672,6337256
2003-08-19,9.71105670928955,17.745052337646484,17.911144256591797,17.610382080078125,17.911144256591797,7047658
2003-08-20,9.580852508544922,17.50713348388672,17.677717208862305,17.358997344970703,17.596914291381836,10547317
2003-08-21,9.482590675354004,17.327573776245117,17.57895851135254,17.215349197387695,17.525089263916016,10437939
2003-08-22,9.575944900512695,17.49815559387207,17.866254806518555,17.417354583740234,17.866254806518555,17169937
2003-08-25,9.725794792175291,17.77198600769043,17.915634155273438,17.25126075744629,17.475711822509766,12998192
2003-08-26,9.814239501953123,17.933589935302734,18.000925064086914,17.76300811767578,17.76300811767578,12247915
2003-08-27,9.752819061279297,17.821365356445312,17.947057723999023,17.745052337646484,17.911144256591797,7791921
2003-08-28,9.782297134399414,17.875232696533203,17.956035614013672,17.5565128326416,17.88421058654785,6203151
2003-08-29,9.900214195251465,18.09070587158203,18.131107330322266,17.77198600769043,17.879722595214844,7113597
2003-09-02,10.10903263092041,18.47227096557617,18.50369453430176,18.09070587158203,18.202930450439453,10146783
2003-09-03,10.256427764892578,18.74161148071289,18.764057159423828,18.53960609436035,18.62938690185547,10299378
2003-09-04,10.12131404876709,18.49471664428711,18.759567260742188,18.47227096557617,18.74161148071289,6992189
2003-09-05,10.317842483520508,18.853836059570312,18.853836059570312,18.47676086425781,18.49471664428711,9976144
2003-09-08,10.514378547668455,19.21295738220215,19.2219352722168,18.858325958251957,18.87179374694824,8851174
2003-09-09,10.39645004272461,18.99748420715332,19.22642517089844,18.939128875732425,19.20846939086914,6162830
2003-09-10,10.632288932800291,19.428430557250977,19.69777107238769,18.99748420715332,18.99748420715332,10618825
2003-09-11,10.70353889465332,19.55861091613769,19.742660522460938,19.432918548583984,19.432918548583984,7949194
2003-09-12,10.823907852172852,19.77857208251953,19.836929321289062,19.31620407104492,19.482297897338867,7831796
2003-09-15,10.745293617248535,19.634923934936523,19.80550765991211,19.572078704833984,19.77857208251953,7145898
2003-09-16,10.791976928710938,19.720216751098636,19.73368263244629,19.52718734741211,19.607990264892575,6720637
2003-09-17,10.821452140808104,19.774084091186523,19.85039710998535,19.64839172363281,19.751638412475582,6954987
2003-09-18,10.836196899414062,19.80101776123047,19.94017791748047,19.715726852416992,19.72919464111328,6398294
2003-09-19,10.676508903503418,19.50923156738281,19.79652976989746,19.482297897338867,19.79652976989746,7866993
2003-09-22,10.492264747619627,19.172557830810547,19.379051208496094,18.97055053710937,19.168067932128903,8306511
2003-09-23,10.570877075195312,19.31620407104492,19.370073318481445,18.8673038482666,19.168067932128903,6720860
2003-09-24,10.342409133911133,18.898727416992188,19.280292510986328,18.80894660949707,19.23540306091309,8964340
2003-09-25,10.342409133911133,18.898727416992188,19.118688583374023,18.73263359069824,18.764057159423828,7244138
2003-09-26,10.39645004272461,18.99748420715332,19.132156372070312,18.79548072814941,18.898727416992188,8689892
2003-09-29,10.452960968017578,19.100732803344727,19.298248291015625,18.92117118835449,19.00197410583496,8107135
2003-09-30,10.452960968017578,19.100732803344727,19.230913162231445,18.8852596282959,19.07828712463379,10315863
2003-10-01,10.509461402893066,19.2039794921875,19.289270401000977,18.80894660949707,18.92117118835449,10470686
2003-10-02,10.600358963012695,19.370073318481445,19.428430557250977,19.14562225341797,19.20846939086914,9901740
2003-10-03,10.472610473632812,19.13664436340332,19.684303283691406,19.12317657470703,19.3610954284668,9476480
2003-10-06,10.499638557434082,19.186023712158203,19.325183868408203,19.051353454589844,19.13664436340332,6198919
2003-10-07,10.36697483062744,18.94361686706543,19.019929885864254,18.853836059570312,18.988506317138672,9109138
2003-10-08,10.305562019348145,18.831392288208008,19.046863555908203,18.70121192932129,19.033397674560547,7689448
2003-10-09,10.36697483062744,18.94361686706543,19.23540306091309,18.898727416992188,19.181535720825195,12367764
2003-10-10,10.32620334625244,18.759567260742188,18.992996215820312,18.378002166748047,18.94361686706543,8253492
2003-10-13,10.380565643310549,18.858325958251957,18.992996215820312,18.78650283813477,18.853836059570312,6537078
2003-10-14,10.402803421020508,18.898727416992188,18.94361686706543,18.62938690185547,18.799968719482425,8861867
2003-10-15,10.360796928405762,18.82241439819336,19.01095199584961,18.714677810668945,18.94361686706543,8786795
2003-10-16,10.439870834350586,18.966062545776367,19.132156372070312,18.81343650817871,18.81343650817871,8214508
2003-10-17,10.323735237121582,18.75507926940918,19.05584144592285,18.651832580566406,18.97055053710937,8155698
2003-10-20,10.439870834350586,18.966062545776367,19.01095199584961,18.62489891052246,18.759567260742188,9553334
2003-10-21,10.5016450881958,19.07828712463379,19.159090042114254,18.826902389526367,19.033397674560547,6518811
2003-10-22,10.135939598083496,18.41391372680664,19.07828712463379,18.395957946777344,19.07828712463379,9890602
2003-10-23,10.284202575683594,18.68325424194336,18.69672203063965,18.42289161682129,18.440847396850582,7772540
2003-10-24,10.318787574768066,18.74610137939453,18.75507926940918,18.395957946777344,18.584495544433597,6355746
2003-10-27,10.237249374389648,18.597963333129883,18.840370178222656,18.54409408569336,18.74610137939453,4812421
2003-10-28,10.489290237426758,19.05584144592285,19.07828712463379,18.53960609436035,18.62938690185547,8884812
2003-10-29,10.598016738891602,19.253358840942383,19.302738189697266,18.80894660949707,19.05584144592285,11630630
2003-10-30,10.610368728637695,19.27580451965332,19.302738189697266,19.06930923461914,19.257848739624023,8245027
2003-10-31,10.53129768371582,19.132156372070312,19.298248291015625,19.033397674560547,19.23540306091309,6279560
2003-11-03,10.575775146484377,19.21295738220215,19.27580451965332,19.06930923461914,19.14562225341797,5491413
2003-11-04,10.336092948913574,18.77752494812012,19.05584144592285,18.669788360595703,19.05584144592285,9168839
2003-11-05,10.454697608947754,18.992996215820312,18.99748420715332,18.404935836791992,18.77752494812012,6719078
2003-11-06,10.439870834350586,18.966062545776367,19.00646209716797,17.933589935302734,17.933589935302734,5481611
2003-11-07,10.257022857666016,18.63387680053711,19.00197410583496,18.53511619567871,19.00197410583496,9132083
2003-11-10,10.222426414489746,18.571029663085938,18.692232131958008,18.42738151550293,18.67876625061035,7113152
2003-11-11,10.296553611755373,18.705699920654297,18.790990829467773,18.431869506835938,18.50818252563477,5657374
2003-11-12,10.336092948913574,18.77752494812012,18.81792449951172,18.575517654418945,18.728145599365234,6460669
2003-11-13,10.83769702911377,19.688793182373047,19.79652976989746,18.69672203063965,18.764057159423828,15694556
2003-11-14,10.921713829040527,19.841419219970703,20.1960506439209,19.52718734741211,20.020978927612305,15239890
2003-11-17,10.911829948425291,19.823463439941406,19.86386489868164,19.581056594848636,19.841419219970703,7054564
2003-11-18,10.892066955566406,19.78755187988281,20.10626983642578,19.751638412475582,19.976089477539062,7445964
2003-11-19,10.961247444152832,19.91324234008789,20.155649185180664,19.80999565124512,20.088314056396484,7757169
2003-11-20,10.758622169494627,19.545143127441406,19.899776458740234,19.46434211730957,19.899776458740234,6903083
2003-11-21,10.790748596191406,19.603500366210938,19.706748962402344,19.49576568603516,19.545143127441406,7730214
2003-11-24,11.01561164855957,20.012001037597656,20.06138038635254,19.567588806152344,19.603500366210938,9443287
2003-11-25,10.985957145690918,19.95813369750977,20.025468826293945,19.6798152923584,20.012001037597656,7897735
2003-11-26,11.020546913146973,20.020978927612305,20.083824157714844,19.684303283691406,19.96711158752441,7470914
2003-11-28,10.921713829040527,19.841419219970703,19.971599578857425,19.841419219970703,19.953643798828125,2098236
2003-12-01,11.116921424865724,20.1960506439209,20.56863784790039,19.908754348754883,19.953643798828125,8760286
2003-12-02,11.18362808227539,20.31725311279297,20.31725311279297,20.04791259765625,20.214006423950195,9048991
2003-12-03,11.188580513000488,20.32623291015625,20.64944076538086,20.285831451416016,20.424989700317383,7994415
2003-12-04,11.2058744430542,20.357654571533203,20.424989700317383,20.24094009399414,20.36663246154785,5974370
2003-12-05,11.109504699707031,20.18258476257324,20.37112236022949,19.87284278869629,20.37112236022949,6265080
2003-12-08,11.195989608764648,20.339698791503903,20.38458824157715,20.101781845092773,20.18258476257324,6412106
2003-12-09,11.25776195526123,20.451923370361328,20.600061416625977,20.28134155273437,20.299297332763672,7098449
2003-12-10,11.208338737487791,20.362144470214844,20.5147705078125,20.303787231445312,20.50130271911621,6722197
2003-12-11,11.307188034057615,20.541704177856445,20.62699508666992,20.362144470214844,20.469879150390625,6190008
2003-12-12,11.32448387145996,20.57312774658203,20.63597297668457,20.3352108001709,20.63597297668457,5163946
2003-12-15,11.280001640319824,20.49232482910156,20.6718864440918,20.469879150390625,20.57761573791504,5940064
2003-12-16,11.341774940490724,20.604549407958984,20.66290855407715,20.519258499145508,20.537214279174805,5941401
2003-12-17,11.26764965057373,20.469879150390625,20.595571517944336,20.24094009399414,20.49232482910156,6856302
2003-12-18,11.50733470916748,20.90531349182129,20.98162651062012,20.51028060913086,20.537214279174805,13557559
2003-12-19,11.465328216552734,20.82900047302246,20.918781280517575,20.70779800415039,20.918781280517575,12017129
2003-12-22,11.4406156539917,20.78411102294922,20.873891830444336,20.6718864440918,20.77513313293457,7930036
2003-12-23,11.492504119873049,20.878379821777344,20.89633560180664,20.676374435424805,20.6943302154541,7450865
2003-12-24,11.578987121582031,21.03549575805664,21.071407318115234,20.734731674194336,20.873891830444336,4431713
2003-12-26,11.574048042297363,21.026517868041992,21.09834098815918,20.882869720458984,21.008560180664062,2944080
2003-12-29,11.650643348693848,21.16567611694336,21.16567611694336,20.932247161865234,20.98162651062012,7325225
2003-12-30,11.50733470916748,20.90531349182129,21.147720336914062,20.8514461517334,21.008560180664062,7023822
2003-12-31,11.514752388000488,20.918781280517575,21.008560180664062,20.8334903717041,20.96367073059082,7922016
2004-01-02,11.551807403564451,20.98611640930176,21.16567611694336,20.80206680297852,20.918781280517575,6894172
2004-01-05,11.551807403564451,20.98611640930176,21.210567474365234,20.739221572875977,21.143230438232425,14395828
2004-01-06,11.46779727935791,20.8334903717041,20.95918273925781,20.72126579284668,20.8514461517334,7790584
2004-01-07,11.588876724243164,21.053451538085938,21.053451538085938,20.71677589416504,20.8514461517334,7774322
2004-01-08,11.247879981994627,20.43396759033203,20.44743537902832,20.249919891357425,20.424989700317383,17053876
2004-01-09,11.10209846496582,20.169116973876957,20.469879150390625,20.155649185180664,20.31725311279297,13285561
2004-01-12,10.981016159057615,19.94915580749512,20.18707275390625,19.881820678710938,20.169116973876957,11558676
2004-01-13,11.039408683776855,19.94466590881348,19.953643798828125,19.616968154907227,19.836929321289062,8744024
2004-01-14,11.056795120239258,19.976089477539062,20.016490936279297,19.66634750366211,19.94466590881348,10335021
2004-01-15,11.168606758117676,20.1780948638916,20.1960506439209,19.706748962402344,19.86386489868164,9916443
2004-01-16,10.746212005615234,19.414962768554688,19.931198120117188,19.365583419799805,19.63043594360352,24586497
2004-01-20,10.753667831420898,19.428430557250977,19.634923934936523,19.39700698852539,19.45985221862793,11832456
2004-01-21,10.858020782470703,19.616968154907227,19.80101776123047,19.32967185974121,19.414962768554688,13352836
2004-01-22,10.703969955444336,19.33864974975586,19.63043594360352,19.325183868408203,19.549633026123047,13757157
2004-01-23,10.676642417907717,19.289270401000977,19.59452247619629,19.266826629638672,19.428430557250977,9337028
2004-01-26,10.902750968933104,19.69777107238769,19.751638412475582,19.298248291015625,19.298248291015625,9474475
2004-01-27,10.78099536895752,19.47780990600586,19.706748962402344,19.414962768554688,19.55861091613769,9324553
2004-01-28,10.882868766784668,19.6618595123291,19.79203987121582,19.51820945739746,19.51820945739746,10579173
2004-01-29,10.870448112487791,19.639413833618164,19.67532539367676,19.446386337280277,19.52718734741211,11907306
2004-01-30,10.703969955444336,19.33864974975586,19.64839172363281,19.257848739624023,19.643903732299805,10103344
2004-02-02,10.803364753723145,19.51820945739746,19.634923934936523,19.257848739624023,19.35660552978516,10008668
2004-02-03,10.994677543640137,19.86386489868164,19.86386489868164,19.39251708984375,19.616968154907227,10066365
2004-02-04,10.99716854095459,19.86835289001465,20.065868377685547,19.72919464111328,19.86386489868164,16356172
2004-02-05,11.074190139770508,20.007511138916016,20.04342460632324,19.80999565124512,19.841419219970703,8244582
2004-02-06,11.024497985839844,19.91773223876953,20.04791259765625,19.79203987121582,19.953643798828125,6350845
2004-02-09,11.022013664245604,19.91324234008789,20.016490936279297,19.73368263244629,19.976089477539062,8492743
2004-02-10,10.957406044006348,19.79652976989746,19.976089477539062,19.756128311157227,19.86386489868164,7314310
2004-02-11,11.081640243530272,20.020978927612305,20.133203506469727,19.684303283691406,19.87284278869629,9177750
2004-02-12,10.875414848327637,19.64839172363281,19.94466590881348,19.621456146240234,19.908754348754883,8325000
2004-02-13,11.009584426879885,19.890798568725582,19.94915580749512,19.64839172363281,19.64839172363281,9485167
2004-02-17,11.181034088134766,20.20054054260254,20.24542999267578,19.935688018798828,19.935688018798828,10795702
2004-02-18,11.079161643981934,20.016490936279297,20.20054054260254,19.976089477539062,20.097291946411133,12227198
2004-02-19,10.768580436706545,19.45536422729492,19.99404525756836,19.3835391998291,19.99404525756836,19640639
2004-02-20,10.778515815734863,19.47332000732422,19.774084091186523,19.423940658569336,19.52718734741211,9550883
2004-02-23,10.862990379333496,19.625946044921875,19.720216751098636,19.46434211730957,19.52718734741211,6770537
2004-02-24,10.820755004882812,19.549633026123047,19.625946044921875,19.39700698852539,19.50923156738281,7895284
2004-02-25,10.808327674865724,19.52718734741211,19.59901237487793,19.414962768554688,19.52718734741211,6074392
2004-02-26,10.696524620056152,19.325183868408203,19.513721466064453,19.280292510986328,19.428430557250977,8507223
2004-02-27,10.634410858154297,19.21295738220215,19.414962768554688,19.10522079467773,19.21295738220215,8220523
2004-03-01,10.78348445892334,19.482297897338867,19.563100814819336,19.114198684692383,19.21295738220215,8070601
2004-03-02,10.835660934448242,19.576566696166992,19.65736961364746,19.374561309814453,19.3835391998291,8678531
2004-03-03,10.91517448425293,19.720216751098636,19.747150421142575,19.432918548583984,19.581056594848636,7616381
2004-03-04,10.8406343460083,19.58554458618164,19.69777107238769,19.482297897338867,19.616968154907227,6245477
2004-03-05,10.828206062316896,19.563100814819336,19.702259063720703,19.45087432861328,19.504743576049805,10793029
2004-03-08,10.721367835998535,19.370073318481445,19.59003448486328,19.32967185974121,19.563100814819336,8414330
2004-03-09,10.53501796722412,19.033397674560547,19.45087432861328,18.94810676574707,19.302738189697266,9388932
2004-03-10,10.29897403717041,18.60694122314453,19.00197410583496,18.56205177307129,18.988506317138672,14341028
2004-03-11,10.316367149353027,18.63836479187012,18.79548072814941,18.47676086425781,18.60694122314453,13991285
2004-03-12,10.296488761901855,18.60245132446289,18.687744140625,18.454315185546875,18.67427635192871,10144779
2004-03-15,10.112621307373049,18.270265579223636,18.60245132446289,18.252309799194336,18.49471664428711,8756276
2004-03-16,10.326302528381348,18.65632057189941,18.77752494812012,18.49920463562012,18.584495544433597,10704368
2004-03-17,10.095230102539062,18.23884391784668,18.69672203063965,17.956035614013672,18.67427635192871,20303591
2004-03-18,9.961051940917969,17.996435165405273,18.243331909179688,17.875232696533203,18.126617431640625,20121146
2004-03-19,9.99087142944336,18.0503044128418,18.23435401916504,17.987457275390625,18.04581451416016,11661594
2004-03-22,9.841792106628418,17.780963897705078,18.063770294189453,17.70914077758789,17.956035614013672,9386482
2004-03-23,9.948631286621094,17.97399139404297,18.09070587158203,17.866254806518555,17.866254806518555,9696795
2004-03-24,9.777193069458008,17.664249420166016,18.068260192871094,17.632827758789062,17.938079833984375,10956316
2004-03-25,9.891486167907717,17.870744705200195,18.01888084411621,17.677717208862305,17.686695098876953,10294700
2004-03-26,9.973478317260742,18.01888084411621,18.126617431640625,17.77647590637207,17.77647590637207,8443067
2004-03-29,10.080322265625,18.2119083404541,18.274755477905277,18.000925064086914,18.135595321655277,10740456
2004-03-30,10.17722511291504,18.38698005676269,18.42289161682129,18.18497467041016,18.270265579223636,8813750
2004-03-31,10.212008476257324,18.449825286865234,18.584495544433597,18.315156936645508,18.42289161682129,9788575
2004-04-01,10.398360252380373,18.78650283813477,18.92117118835449,18.49471664428711,18.51716041564941,10479374
2004-04-02,10.527565002441406,19.019929885864254,19.07379722595215,18.87179374694824,19.051353454589844,10817756
2004-04-05,10.656766891479492,19.253358840942383,19.27580451965332,19.00197410583496,19.046863555908203,12296033
2004-04-06,10.731304168701172,19.388029098510746,19.414962768554688,19.1635799407959,19.23540306091309,8192677
2004-04-07,10.62197971343994,19.190513610839844,19.45536422729492,19.177045822143555,19.40149688720703,13725970
2004-04-08,10.515132904052734,18.99748420715332,19.504743576049805,18.925661087036133,19.437408447265625,15125165
2004-04-12,10.236860275268556,18.49471664428711,18.692232131958008,18.315156936645508,18.51716041564941,19774967
2004-04-13,10.064323425292969,18.068260192871094,18.51716041564941,18.068260192871094,18.38249015808105,17481365
2004-04-14,10.491902351379396,18.835880279541016,18.849348068237305,17.956035614013672,17.978479385375977,16848486
2004-04-15,10.99449062347412,19.73817253112793,19.81897354125977,18.75507926940918,18.78650283813477,23213142
2004-04-16,11.034500122070312,19.80999565124512,19.931198120117188,19.52718734741211,19.751638412475582,14765843
2004-04-19,11.052003860473633,19.841419219970703,19.84590721130371,19.414962768554688,19.67083740234375,10943619
2004-04-20,10.809454917907717,19.40598487854004,19.886308670043945,19.40598487854004,19.86386489868164,9128296
2004-04-21,10.781954765319824,19.35660552978516,19.59003448486328,19.253358840942383,19.32967185974121,12883913
2004-04-22,11.064501762390137,19.86386489868164,19.87284278869629,19.127666473388672,19.24438095092773,11197795
2004-04-23,10.976988792419434,19.706748962402344,19.895286560058597,19.64839172363281,19.751638412475582,8372004
2004-04-26,11.001995086669922,19.751638412475582,19.78306198120117,19.6618595123291,19.769594192504883,7809742
2004-04-27,11.107012748718262,19.94017791748047,20.0389347076416,19.6618595123291,19.751638412475582,9817758
2004-04-28,11.039498329162598,19.81897354125977,19.890798568725582,19.688793182373047,19.836929321289062,10475587
2004-04-29,11.102009773254396,19.931198120117188,20.05240249633789,19.79203987121582,19.823463439941406,9323662
2004-04-30,11.006988525390623,19.760616302490234,20.034446716308597,19.760616302490234,19.931198120117188,8936494
2004-05-03,12.149885177612305,20.30513572692871,20.39150047302246,19.753366470336918,19.84932518005371,13175698
2004-05-04,11.994857788085938,20.046043395996094,20.30513572692871,19.940488815307617,20.30513572692871,8566694
2004-05-05,12.049407958984377,20.137205123901367,20.27154922485352,19.911699295043945,19.911699295043945,6947270
2004-05-06,12.055150032043455,20.14680290222168,20.26195335388184,20.055639266967773,20.137205123901367,5943727
2004-05-07,11.914474487304688,19.911699295043945,20.33392333984375,19.887710571289062,20.14680290222168,6086494
2004-05-10,11.7106351852417,19.57104110717773,19.959680557250977,19.4606876373291,19.887710571289062,9058358
2004-05-11,11.750824928283691,19.638214111328125,19.657405853271484,19.35033416748047,19.35033416748047,5641100
2004-05-12,11.834080696105955,19.7773551940918,19.887710571289062,19.431900024414062,19.4462947845459,6333472
2004-05-13,11.770920753479004,19.67180061340332,19.81574058532715,19.54705238342285,19.58543586730957,6107962
2004-05-14,11.813992500305176,19.743770599365234,20.01725578308105,19.61902236938477,19.67180061340332,5791997
2004-05-17,11.793893814086914,19.71018409729004,19.93568992614746,19.56144523620605,19.62381935119629,6917257
2004-05-18,11.76805591583252,19.667001724243164,19.906902313232425,19.628618240356445,19.902103424072266,5501876
2004-05-19,11.722121238708496,19.590234756469727,19.911699295043945,19.55664825439453,19.911699295043945,6679450
2004-05-20,11.558470726013184,19.316747665405277,19.54225349426269,19.28316116333008,19.494274139404297,6330971
2004-05-21,11.469476699829102,19.16801071166992,19.398313522338867,19.13922119140625,19.35993003845215,7990413
2004-05-24,11.35463523864746,18.976089477539062,19.29275894165039,18.97129249572754,19.24957656860352,8088787
2004-05-25,11.661826133728027,19.48947525024414,19.503870010375977,18.918514251708984,19.019271850585938,8599208
2004-05-26,11.782404899597168,19.69099235534668,19.73897171020508,19.383920669555664,19.465486526489254,6278658
2004-05-27,11.928829193115234,19.93568992614746,19.97407341003418,19.695789337158203,19.81574058532715,6174448
2004-05-28,11.831212043762209,19.772558212280277,20.01245880126953,19.57583999633789,19.9644775390625,6109212
2004-06-01,11.773797035217283,19.676597595214844,19.76775932312012,19.57583999633789,19.70058822631836,5808045
2004-06-02,11.828341484069824,19.76775932312012,19.79654884338379,19.56144523620605,19.791749954223636,5274698
2004-06-03,11.813992500305176,19.743770599365234,19.882911682128903,19.57583999633789,19.590234756469727,5126928
2004-06-04,11.983372688293455,20.02685165405273,20.065235137939453,19.762962341308597,19.791749954223636,7217174
2004-06-07,12.147021293640137,20.300338745117188,20.30513572692871,20.127609252929688,20.127609252929688,7090246
2004-06-08,12.258987426757812,20.487459182739254,20.511449813842773,20.21397399902344,20.22356986999512,6201959
2004-06-09,12.221661567687988,20.425085067749023,20.530641555786133,20.30513572692871,20.49225807189941,6862234
2004-06-10,12.258987426757812,20.487459182739254,20.569026947021484,20.348318099975582,20.39150047302246,7283660
2004-06-14,12.22740364074707,20.434682846069336,20.55942916870117,20.28594398498535,20.34351921081543,6905377
2004-06-15,12.34511375427246,20.63139915466309,20.722562789916992,20.4202880859375,20.511449813842773,15291163
2004-06-16,12.299179077148438,20.55463218688965,20.617006301879883,20.511449813842773,20.573823928833008,5529804
2004-06-17,12.39678955078125,20.71776390075684,20.746551513671875,20.434682846069336,20.511449813842773,5532930
2004-06-18,12.34511375427246,20.63139915466309,20.756147384643555,20.52584457397461,20.71776390075684,8812005
2004-06-21,12.218791007995604,20.4202880859375,20.63619804382324,20.415489196777344,20.63139915466309,6214673
2004-06-22,12.063760757446287,20.161195755004883,20.55942916870117,19.94528579711914,20.38190460205078,12784910
2004-06-23,12.043659210205078,20.127609252929688,20.1995792388916,20.00286293029785,20.161195755004883,5902668
2004-06-24,12.03217601776123,20.108417510986328,20.127609252929688,19.67180061340332,19.950084686279297,13197582
2004-06-25,11.644598007202148,19.4606876373291,20.127609252929688,19.43669891357422,20.108417510986328,14331805
2004-06-28,11.707764625549316,19.56624412536621,19.743770599365234,19.47987937927246,19.57583999633789,9677157
2004-06-29,11.85705280303955,19.81574058532715,19.897306442260746,19.532657623291016,19.56144523620605,7822426
2004-06-30,11.702018737792969,19.55664825439453,19.81574058532715,19.388717651367188,19.81574058532715,8112755
2004-07-01,11.690539360046388,19.53745651245117,19.743770599365234,19.29275894165039,19.57583999633789,8998333
2004-07-02,11.653213500976562,19.475082397460938,19.628618240356445,19.393516540527344,19.475082397460938,4257190
2004-07-06,11.423534393310549,19.09124183654785,19.393516540527344,19.09124183654785,19.31195068359375,8833681
2004-07-07,11.363248825073242,18.9904842376709,19.23998069763184,18.880130767822266,19.07205009460449,7051897
2004-07-08,11.564216613769531,19.326343536376957,19.494274139404297,18.966493606567383,18.9904842376709,9557524
2004-07-09,11.45511531829834,19.144020080566406,19.62381935119629,19.096040725708008,19.599830627441406,10993122
2004-07-12,11.598668098449709,19.383920669555664,19.523061752319336,19.10083770751953,19.23998069763184,8237807
2004-07-13,11.639122009277344,19.326343536376957,19.364728927612305,19.191999435424805,19.19679832458496,8100667
2004-07-14,11.491755485534668,19.08164596557617,19.369525909423828,18.96169662475586,19.16801071166992,8547311
2004-07-15,11.491755485534668,19.08164596557617,19.393516540527344,19.067251205444336,19.23998069763184,7201334
2004-07-16,11.298151969909668,18.76017951965332,19.23038482666016,18.73139190673828,19.23038482666016,7990830
2004-07-19,11.306818008422852,18.77457427978516,18.966493606567383,18.659421920776367,18.860937118530277,5950604
2004-07-20,11.37617301940918,18.889726638793945,18.932907104492188,18.688209533691406,18.77457427978516,4349521
2004-07-21,11.199906349182127,18.597047805786133,19.16801071166992,18.59225082397461,18.932907104492188,5810338
2004-07-22,11.347271919250488,18.841745376586918,18.937705993652344,18.568260192871094,18.568260192871094,5510629
2004-07-23,11.162344932556152,18.5346736907959,18.87533187866211,18.424320220947266,18.841745376586918,5813881
2004-07-26,11.127665519714355,18.47709846496582,18.59225082397461,18.366743087768555,18.544269561767575,4502293
2004-07-27,11.324162483215332,18.803361892700195,18.832149505615234,18.39073371887207,18.54906845092773,6266153
2004-07-28,11.283705711364746,18.73619079589844,18.798564910888672,18.36194610595703,18.71220016479492,5865777
2004-07-29,11.312600135803224,18.78417015075684,18.90411949157715,18.59225082397461,18.73619079589844,4733847
2004-07-30,11.370388984680176,18.880130767822266,18.9425048828125,18.70260429382324,18.78896713256836,5065652
2004-08-02,11.344388008117676,18.83694839477539,18.9425048828125,18.76497840881348,18.880130767822266,4125886
2004-08-03,11.31838035583496,18.79376602172852,18.97129249572754,18.69780540466309,18.76497840881348,5041892
2004-08-04,11.306818008422852,18.77457427978516,18.81775665283203,18.49629020690918,18.58265495300293,4921426
2004-08-05,11.185460090637209,18.573057174682617,18.81775665283203,18.568260192871094,18.688209533691406,5597957
2004-08-06,11.17967700958252,18.563461303710938,18.678613662719727,18.40032958984375,18.5346736907959,7422051
2004-08-09,11.08432388305664,18.405128479003903,18.568260192871094,18.38113784790039,18.424320220947266,7684452
2004-08-10,11.283705711364746,18.73619079589844,18.74098777770996,18.357147216796875,18.568260192871094,5017507
2004-08-11,11.494643211364746,19.086444854736328,19.15361595153809,18.640230178833008,18.664220809936523,6263235
2004-08-12,11.451300621032717,19.01447486877441,19.124828338623047,18.87533187866211,18.9425048828125,5861609
2004-08-13,11.439738273620604,18.995281219482425,19.07205009460449,18.832149505615234,19.01447486877441,3747603
2004-08-16,11.558212280273438,19.191999435424805,19.287960052490234,18.937705993652344,19.048059463500977,7235306
2004-08-17,11.558212280273438,19.191999435424805,19.383920669555664,19.144020080566406,19.383920669555664,8861817
2004-08-18,11.728693008422852,19.475082397460938,19.47987937927246,19.076847076416016,19.191999435424805,5195498
2004-08-19,11.763370513916016,19.532657623291016,19.57583999633789,19.31195068359375,19.441495895385746,7430805
2004-08-20,11.850059509277344,19.676597595214844,19.74856758117676,19.475082397460938,19.532657623291016,7164235
2004-08-23,11.81248950958252,19.61422348022461,19.887710571289062,19.599830627441406,19.71498107910156,4666111
2004-08-24,11.847169876098633,19.67180061340332,19.834932327270508,19.64301109313965,19.743770599365234,3562734
2004-08-25,11.977198600769045,19.887710571289062,19.930892944335938,19.65260887145996,19.67180061340332,5609629
2004-08-26,11.910734176635742,19.7773551940918,19.950084686279297,19.753366470336918,19.83972930908203,4014381
2004-08-27,11.994532585144045,19.9164981842041,19.95488166809082,19.74856758117676,19.75816345214844,4437891
2004-08-30,11.910734176635742,19.7773551940918,19.9164981842041,19.76775932312012,19.9164981842041,3189454
2004-08-31,12.046546936035156,20.00286293029785,20.00286293029785,19.7293758392334,19.83972930908203,5533764
2004-09-01,12.15345573425293,20.18038749694824,20.1995792388916,19.921295166015625,20.00286293029785,6553356
2004-09-02,12.309494018554688,20.43947982788086,20.54023742675781,20.18038749694824,20.18038749694824,6629012
2004-09-03,12.329721450805664,20.47306632995605,20.65059280395508,20.44907569885254,20.47306632995605,5971446
2004-09-07,12.159241676330566,20.18998336791992,20.612207412719727,20.103620529174805,20.47306632995605,8979992
2004-09-08,12.185243606567385,20.2331657409668,20.29553985595703,20.103620529174805,20.247560501098636,6479366
2004-09-09,12.13612174987793,20.151599884033203,20.257156372070312,20.094024658203125,20.20917510986328,5190079
2004-09-10,12.225704193115234,20.300338745117188,20.348318099975582,20.00765991210937,20.055639266967773,4535848
2004-09-13,12.41063117980957,20.607410430908203,20.607410430908203,20.1995792388916,20.27154922485352,5922885
2004-09-14,12.407744407653809,20.602611541748047,20.62660217285156,20.415489196777344,20.55942916870117,6700083
2004-09-15,12.283490180969238,20.396297454833984,20.66498565673828,20.386701583862305,20.55942916870117,6595456
2004-09-16,12.335501670837402,20.48266220092773,20.578622817993164,20.415489196777344,20.44907569885254,3671321
2004-09-17,12.401960372924805,20.593015670776367,20.70816802978516,20.521045684814453,20.573823928833008,6919341
2004-09-20,12.30660915374756,20.434682846069336,20.597814559936523,20.3723087310791,20.511449813842773,5192997
2004-09-21,12.436635971069336,20.65059280395508,20.72735977172852,20.290742874145508,20.39150047302246,6496665
2004-09-22,12.139013290405272,20.15639877319336,20.477863311767575,20.113216400146484,20.43947982788086,8414756
2004-09-23,12.243033409118652,20.329126358032227,20.39150047302246,20.20917510986328,20.21397399902344,7969362
2004-09-24,12.234360694885254,20.31473159790039,20.3723087310791,20.25235748291016,20.276348114013672,5658608
2004-09-27,12.260371208190918,20.357913970947266,20.477863311767575,20.20917510986328,20.2331657409668,7018549
2004-09-28,12.283490180969238,20.396297454833984,20.53544044494629,20.218772888183597,20.29553985595703,7473114
2004-09-29,12.225704193115234,20.300338745117188,20.348318099975582,20.161195755004883,20.34351921081543,5858900
2004-09-30,12.24014949798584,20.32432746887207,20.4202880859375,20.113216400146484,20.348318099975582,10146936
2004-10-01,12.19102382659912,20.24276161193848,20.564228057861328,20.21397399902344,20.367509841918945,9799708
2004-10-04,12.193917274475098,20.247560501098636,20.38190460205078,20.07962989807129,20.247560501098636,12476449
2004-10-05,12.217034339904783,20.28594398498535,20.348318099975582,20.17559051513672,20.247560501098636,5495415
2004-10-06,12.193917274475098,20.247560501098636,20.329126358032227,20.127609252929688,20.319530487060547,3712797
2004-10-07,11.942524909973145,19.83013343811035,20.257156372070312,19.81574058532715,20.25235748291016,9908295
2004-10-08,11.798047065734863,19.590234756469727,19.892507553100582,19.55184936523437,19.71977996826172,6137140
2004-10-11,11.896291732788086,19.753366470336918,19.854124069213867,19.59503173828125,19.59503173828125,5165486
2004-10-12,11.994532585144045,19.9164981842041,19.959680557250977,19.667001724243164,19.7293758392334,7115465
2004-10-13,11.965463638305664,19.743770599365234,20.00765991210937,19.64301109313965,20.00765991210937,7758233
2004-10-14,11.92475128173828,19.676597595214844,19.97407341003418,19.67180061340332,19.83972930908203,7755315
2004-10-15,12.026518821716309,19.844528198242188,20.094024658203125,19.801345825195312,20.00765991210937,12143810
2004-10-18,12.023608207702637,19.83972930908203,20.02685165405273,19.791749954223636,19.887710571289062,8833264
2004-10-19,12.03233814239502,19.854124069213867,19.99326515197754,19.75816345214844,19.79654884338379,9269070
2004-10-20,12.03815460205078,19.863719940185547,19.902103424072266,19.67180061340332,19.887710571289062,5713005
2004-10-21,11.950915336608888,19.71977996826172,19.95488166809082,19.513465881347656,19.83972930908203,7134014
2004-10-22,11.881129264831545,19.60462760925293,19.743770599365234,19.57583999633789,19.71977996826172,5768445
2004-10-25,11.81716251373291,19.49907112121582,19.60462760925293,19.403112411499023,19.60462760925293,6402251
2004-10-26,11.91602897644043,19.66220474243164,19.686193466186523,19.31195068359375,19.455890655517575,7559191
2004-10-27,12.337646484375,20.357913970947266,20.425085067749023,19.599830627441406,19.599830627441406,10123176
2004-10-28,12.41907024383545,20.49225807189941,20.511449813842773,20.228368759155277,20.27154922485352,6074406
2004-10-29,12.395808219909668,20.45387458801269,20.511449813842773,20.33392333984375,20.425085067749023,7650063
2004-11-01,12.427793502807615,20.50665283203125,20.612207412719727,20.281145095825195,20.39150047302246,9146103
2004-11-02,12.302760124206545,20.300338745117188,20.62660217285156,20.20917510986328,20.415489196777344,11304919
2004-11-03,12.680768013000488,20.9240779876709,21.06321907043457,20.602611541748047,20.621803283691406,12707795
2004-11-04,12.92501735687256,21.327110290527344,21.447059631347656,20.79932975769043,20.9240779876709,13233431
2004-11-05,12.92501735687256,21.327110290527344,21.399080276489254,21.1112003326416,21.375089645385746,8573364
2004-11-08,13.073314666748049,21.571807861328125,21.677364349365234,21.24554443359375,21.447059631347656,12284910
2004-11-09,13.08495044708252,21.590999603271484,21.734939575195312,21.40387725830078,21.54302024841309,8333681
2004-11-10,13.0994873046875,21.614990234375,21.68216133117676,21.47105026245117,21.590999603271484,6186119
2004-11-11,13.172179222106934,21.734939575195312,21.821304321289062,21.54302024841309,21.619787216186523,5886828
2004-11-12,12.846511840820312,21.19756317138672,21.50943374633789,20.952865600585938,21.375089645385746,13839725
2004-11-15,12.936653137207031,21.346302032470703,21.399080276489254,21.08241271972656,21.25514030456543,8353897
2004-11-16,12.849421501159668,21.202362060546875,21.456655502319336,21.18317031860352,21.346302032470703,6089621
2004-11-17,12.69239616394043,20.943269729614254,21.389484405517575,20.83771324157715,21.231149673461918,8071488
2004-11-18,12.610987663269045,20.80892562866211,21.00084686279297,20.765743255615234,20.847309112548828,7361609
2004-11-19,12.430703163146973,20.511449813842773,20.65059280395508,20.44907569885254,20.63139915466309,9764902
2004-11-22,12.465594291687012,20.569026947021484,20.602611541748047,20.22356986999512,20.588218688964844,7597957
2004-11-23,12.285307884216309,20.27154922485352,20.66978454589844,20.22356986999512,20.607410430908203,7826594
2004-11-24,12.32602310180664,20.338722229003903,20.47306632995605,20.16599464416504,20.319530487060547,6435390
2004-11-26,12.384177207946776,20.434682846069336,20.607410430908203,20.27154922485352,20.281145095825195,1998958
2004-11-29,12.337646484375,20.357913970947266,20.593015670776367,20.30513572692871,20.434682846069336,6152564
2004-11-30,12.2009859085083,20.132408142089844,20.319530487060547,19.9644775390625,19.9644775390625,6844310
2004-12-01,12.576087951660156,20.75135040283203,20.75135040283203,20.09882164001465,20.122812271118164,9203627
2004-12-02,12.698217391967772,20.952865600585938,21.06321907043457,20.617006301879883,20.63139915466309,7808462
2004-12-03,12.62842845916748,20.83771324157715,21.04402732849121,20.746551513671875,21.00084686279297,5528554
2004-12-06,12.674952507019045,20.91448211669922,21.00084686279297,20.55463218688965,20.76094627380371,6205085
2004-12-07,12.663323402404783,20.89529037475586,21.04402732849121,20.76094627380371,20.91448211669922,6718424
2004-12-08,12.753458023071287,21.04402732849121,21.279130935668945,20.957664489746094,21.06321907043457,7833472
2004-12-09,12.785449028015137,21.09680557250977,21.14958381652832,20.45387458801269,20.45387458801269,6912464
2004-12-10,12.718570709228516,20.986452102661133,21.55261611938477,20.617006301879883,20.617006301879883,6108795
2004-12-13,12.762184143066406,21.058422088623047,21.1112003326416,20.847309112548828,21.01523971557617,4776782
2004-12-14,12.936653137207031,21.346302032470703,21.346302032470703,20.93847274780273,21.1112003326416,6035015
2004-12-15,12.895944595336914,21.279130935668945,21.307918548583984,21.10160446166992,21.20716094970703,5278241
2004-12-16,13.4309720993042,22.161962509155277,22.214740753173828,21.279130935668945,21.375089645385746,18594623
2004-12-17,13.663591384887695,22.545801162719727,22.85287475585937,22.07080078125,22.17635536193848,25249479
2004-12-20,13.497845649719238,22.272315979003903,22.55539894104004,22.152366638183597,22.502620697021484,10273030
2004-12-21,13.404804229736328,22.1187801361084,22.33469009399414,21.97484016418457,22.272315979003903,8392038
2004-12-22,13.52110481262207,22.310699462890625,22.40666007995605,22.037214279174805,22.08039665222168,5566486
2004-12-23,13.497845649719238,22.272315979003903,22.545801162719727,22.209941864013672,22.31549835205078,4486036
2004-12-27,13.378633499145508,22.075597763061523,22.310699462890625,22.07080078125,22.26751708984375,5378491
2004-12-28,13.480398178100586,22.243528366088867,22.40666007995605,22.12837600708008,22.12837600708008,4503543
2004-12-29,13.619976043701172,22.47383117675781,22.47383117675781,22.214740753173828,22.243528366088867,4602751
2004-12-30,13.643242835998535,22.512216567993164,22.69454002380371,22.454639434814453,22.536205291748047,5359108
2004-12-31,13.564723014831545,22.38266944885254,22.497821807861328,22.21953773498535,22.497821807861328,4053981
2005-01-03,13.570548057556152,22.39226531982422,22.464235305786133,22.22913360595703,22.310699462890625,7165902
2005-01-04,13.433876037597656,22.1667594909668,22.42105484008789,22.046810150146484,22.39706420898437,7886828
2005-01-05,13.279770851135254,21.912466049194336,22.277114868164062,21.912466049194336,22.262720108032227,6601292
2005-01-06,13.57927417755127,22.40666007995605,22.502620697021484,22.01322364807129,22.018022537231445,11950188
2005-01-07,13.81189250946045,22.79050064086914,22.814489364624023,22.310699462890625,22.454639434814453,13965402
2005-01-10,13.945645332336426,23.011207580566406,23.10716819763184,22.74251937866211,22.785701751708984,12901417
2005-01-11,13.689763069152832,22.5889835357666,23.03519821166992,22.5889835357666,23.03039932250977,9620884
2005-01-12,13.721922874450684,22.517013549804688,22.77130889892578,22.296306610107425,22.526609420776367,9152772
2005-01-13,13.458773612976074,22.085193634033203,22.531408309936523,21.989234924316406,22.521812438964844,7997916
2005-01-14,13.523096084594728,22.190750122070312,22.291507720947266,21.854890823364254,21.95084953308105,9098374
2005-01-18,13.461695671081545,22.08999252319336,22.25792121887207,21.830900192260746,22.094789505004883,10155690
2005-01-19,13.464618682861328,22.094789505004883,22.3059024810791,22.02281951904297,22.094789505004883,8540017
2005-01-20,13.37690544128418,21.95084953308105,22.23872947692871,21.830900192260746,22.094789505004883,9509796
2005-01-21,13.444151878356934,22.06120491027832,22.15716361999512,21.854890823364254,21.87887954711914,9754273
2005-01-24,13.429537773132324,22.037214279174805,22.233932495117188,21.99883079528809,22.066001892089844,8083576
2005-01-25,13.42368984222412,22.027618408203125,22.190750122070312,21.97484016418457,22.042011260986328,5464152
2005-01-26,13.417837142944336,22.018022537231445,22.224336624145508,22.00842666625977,22.056406021118164,6843476
2005-01-27,13.292113304138184,21.811708450317383,22.094789505004883,21.77332305908203,21.97004127502441,8253856
2005-01-28,13.23655891418457,21.72054672241211,21.8500919342041,21.53822135925293,21.782920837402344,8599208
2005-01-31,13.163457870483398,21.600595474243164,21.787717819213867,21.523828506469727,21.72054672241211,7407670
2005-02-01,13.318428993225098,21.854890823364254,21.902870178222656,21.514232635498047,21.600595474243164,8140475
2005-02-02,13.344741821289062,21.8980712890625,21.95084953308105,21.77332305908203,21.854890823364254,5276365
2005-02-03,13.3505859375,21.90766716003418,22.07080078125,21.787717819213867,21.94125366210937,5035015
2005-02-04,13.309649467468262,21.840496063232425,21.922061920166016,21.744535446166992,21.811708450317383,8925386
2005-02-07,13.330121994018556,21.874082565307617,21.99883079528809,21.806909561157227,21.830900192260746,5251563
2005-02-08,13.239481925964355,21.725343704223636,21.883678436279297,21.6629695892334,21.782920837402344,6093997
2005-02-09,13.20439338684082,21.667768478393555,21.854890823364254,21.6629695892334,21.73014259338379,5890371
2005-02-10,13.151765823364258,21.581403732299805,21.792516708374023,21.52862548828125,21.787717819213867,6051688
2005-02-11,13.50847625732422,22.1667594909668,22.286710739135746,21.63418197631836,21.6629695892334,9076282
2005-02-14,13.593268394470217,22.3059024810791,22.3538818359375,22.085193634033203,22.1187801361084,6531888
2005-02-15,13.704380989074709,22.48822593688965,22.550600051879883,22.301103591918945,22.38266944885254,8228637
2005-02-16,13.692688941955566,22.46903419494629,22.531408309936523,22.40666007995605,22.48822593688965,5888912
2005-02-17,13.61374282836914,22.339487075805664,22.47383117675781,22.209941864013672,22.46903419494629,5633389
2005-02-18,13.566957473754885,22.262720108032227,22.339487075805664,22.1187801361084,22.339487075805664,8378491
2005-02-22,13.286260604858398,21.802112579345703,22.310699462890625,21.782920837402344,22.07080078125,10219883
2005-02-23,13.373982429504396,21.94605255126953,22.018022537231445,21.792516708374023,21.830900192260746,7473322
2005-02-24,13.555259704589844,22.243528366088867,22.24832534790039,21.758930206298828,21.86928367614746,7029596
2005-02-25,13.528943061828612,22.200345993041992,22.214740753173828,22.03241539001465,22.190750122070312,6726136
2005-02-28,13.447078704833984,22.066001892089844,22.22913360595703,21.830900192260746,22.200345993041992,5873697
2005-03-01,13.43830108642578,22.051607131958008,22.24832534790039,22.00842666625977,22.066001892089844,7974573
2005-03-02,13.467543601989746,22.09958839416504,22.181154251098636,21.734939575195312,21.88847541809082,6534598
2005-03-03,13.452926635742188,22.075597763061523,22.18595123291016,21.845294952392575,22.09958839416504,5887870
2005-03-04,13.569884300231934,22.26751708984375,22.310699462890625,22.018022537231445,22.13797187805176,5635682
2005-03-07,13.640049934387209,22.38266944885254,22.42105484008789,22.277114868164062,22.349084854125977,6212172
2005-03-08,13.596190452575684,22.310699462890625,22.42585182189941,22.25792121887207,22.38266944885254,6367236
2005-03-09,13.420762062072754,22.02281951904297,22.291507720947266,22.01322364807129,22.1667594909668,6714881
2005-03-10,13.534794807434082,22.209941864013672,22.310699462890625,21.96524429321289,21.99403190612793,5482493
2005-03-11,13.449999809265137,22.07080078125,22.20514488220215,22.056406021118164,22.1667594909668,5496040
2005-03-14,13.48508644104004,22.12837600708008,22.243528366088867,21.98443603515625,22.07080078125,5765319
2005-03-15,13.3505859375,21.90766716003418,22.181154251098636,21.883678436279297,22.12837600708008,7973114
2005-03-16,13.280413627624512,21.792516708374023,21.854890823364254,21.648576736450195,21.797313690185547,6441434
2005-03-17,13.020188331604004,21.365493774414062,21.533424377441406,21.14958381652832,21.231149673461918,9139642
2005-03-18,13.002643585205078,21.336706161499023,21.3798885345459,21.029634475708008,21.259937286376957,14699250
2005-03-21,12.827210426330566,21.048826217651367,21.29352378845215,20.967260360717773,21.29352378845215,7746769
2005-03-22,12.7950439453125,20.99604797363281,21.35110092163086,20.794532775878903,20.794532775878903,7570654
2005-03-23,13.040653228759766,21.399080276489254,21.533424377441406,20.93847274780273,20.93847274780273,8553147
2005-03-24,13.14006233215332,21.562211990356445,21.73014259338379,21.327110290527344,21.35110092163086,6721551
2005-03-28,13.210241317749023,21.677364349365234,21.754131317138672,21.437463760375977,21.5670108795166,7888495
2005-03-29,13.37690544128418,21.95084953308105,22.094789505004883,21.77332305908203,21.830900192260746,12520425
2005-03-30,13.669300079345703,22.43065071105957,22.445043563842773,22.085193634033203,22.142770767211918,10563151
2005-03-31,13.631285667419434,22.368276596069336,22.550600051879883,22.329891204833984,22.43065071105957,8676532
2005-04-01,13.505558013916016,22.161962509155277,22.541004180908203,22.12837600708008,22.46903419494629,7308045
2005-04-04,13.502633094787598,22.15716361999512,22.272315979003903,22.06120491027832,22.243528366088867,7683201
2005-04-05,13.800870895385742,22.646560668945312,22.656156539916992,22.277114868164062,22.3059024810791,7825344
2005-04-06,13.920750617980955,22.84327888488769,22.982419967651367,22.63216590881348,22.69454002380371,9512088
2005-04-07,14.137121200561523,23.19832992553711,23.2655029296875,22.814489364624023,22.84327888488769,9074614
2005-04-08,13.993847846984863,22.963228225708008,23.22711753845215,22.94403648376465,23.19832992553711,6155481
2005-04-11,13.961688995361328,22.910449981689453,23.126359939575195,22.905651092529297,23.03039932250977,6496874
2005-04-12,14.005537033081056,22.982419967651367,23.06878471374512,22.5745906829834,22.886459350585938,7763235
2005-04-13,14.12758731842041,23.049591064453125,23.15035057067871,22.766510009765625,22.79050064086914,7575448
2005-04-14,14.201102256774902,23.16954231262207,23.270299911499023,22.95842933654785,22.987218856811523,9097541
2005-04-15,14.66574764251709,23.92762565612793,23.980403900146484,23.16954231262207,23.16954231262207,20272405
2005-04-18,14.404017448425291,23.5006046295166,23.84126281738281,23.21752166748047,23.702119827270508,14942059
2005-04-19,14.165813446044922,23.11196517944336,23.38545227050781,22.93444061279297,23.342269897460938,8509170
2005-04-20,13.909969329833984,22.69454002380371,23.10236930847168,22.656156539916992,22.93444061279297,7894331
2005-04-21,14.14523220062256,23.0783805847168,23.12156105041504,22.435447692871094,22.910449981689453,6969987
2005-04-22,13.98936939239502,22.824085235595703,23.03039932250977,22.656156539916992,22.982419967651367,5826594
2005-04-25,14.048181533813477,22.920045852661133,22.982419967651367,22.70413589477539,22.83847999572754,5934973
2005-04-26,14.098177909851074,23.001611709594727,23.251108169555664,22.80009651184082,22.80009651184082,7080659
2005-04-27,14.25403881072998,23.255905151367188,23.29429054260254,22.84327888488769,22.996814727783203,9021259
2005-04-28,14.142292022705078,23.07358169555664,23.299087524414062,23.07358169555664,23.10716819763184,7940600
2005-04-29,14.45695686340332,23.58696746826172,23.601362228393555,23.0783805847168,23.193532943725582,7984577
2005-05-02,14.52165412902832,23.692523956298828,23.745302200317383,23.48620986938477,23.51020050048828,7136515
2005-05-03,14.486369132995604,23.63494873046875,23.702119827270508,23.47181510925293,23.678129196166992,7313881
2005-05-04,14.61870002746582,23.85085868835449,23.913232803344727,23.548583984375,23.65414047241211,7457691
2005-05-05,14.465776443481444,23.601362228393555,23.750099182128903,23.351865768432617,23.745302200317383,7165277
2005-05-06,14.41578197479248,23.51979637145996,23.778888702392575,23.467018127441406,23.67333221435547,5289704
2005-05-09,14.430490493774414,23.543785095214844,23.57257461547852,23.390249252319336,23.49100875854492,5040434
2005-05-10,14.365792274475098,23.438230514526367,23.630149841308597,23.33747291564941,23.447826385498047,5173197
2005-05-11,14.486369132995604,23.63494873046875,23.67333221435547,23.41423988342285,23.52939224243164,8387870
2005-05-12,14.445192337036133,23.56777572631836,23.750099182128903,23.51020050048828,23.692523956298828,5692997
2005-05-13,14.339323043823242,23.39504814147949,23.47661399841309,23.16954231262207,23.438230514526367,6936849
2005-05-16,14.54811954498291,23.735706329345703,23.778888702392575,23.351865768432617,23.46221923828125,5984785
2005-05-17,14.53048324584961,23.706918716430664,23.716514587402344,23.457422256469727,23.630149841308597,6476032
2005-05-18,14.512831687927246,23.678129196166992,23.82206916809082,23.57737159729004,23.702119827270508,6711130
2005-05-19,14.421664237976074,23.52939224243164,23.716514587402344,23.347068786621094,23.702119827270508,6859108
2005-05-20,14.37461280822754,23.45262336730957,23.5965633392334,23.38545227050781,23.5965633392334,5602751
2005-05-23,14.321682929992676,23.366260528564453,23.60615921020508,23.270299911499023,23.60615921020508,6307628
2005-05-24,14.312856674194336,23.351865768432617,23.438230514526367,23.222320556640625,23.222320556640625,6199875
2005-05-25,14.186394691467283,23.145551681518555,23.351865768432617,23.07358169555664,23.255905151367188,6477699
2005-05-26,14.180522918701172,23.135955810546875,23.3278751373291,22.68494415283203,23.241512298583984,5463526
2005-05-27,14.115826606750488,23.03039932250977,23.318279266357425,22.996814727783203,23.222320556640625,4114006
2005-05-31,14.186394691467283,23.145551681518555,23.222320556640625,22.972824096679688,23.10236930847168,7382659
2005-06-01,14.212870597839355,23.18873405456543,23.318279266357425,23.039995193481445,23.10236930847168,6038141
2005-06-02,14.19228172302246,23.155147552490234,23.222320556640625,23.001611709594727,23.06398582458496,4502293
2005-06-03,14.195232391357422,23.15994644165039,23.342269897460938,23.006410598754883,23.05438995361328,5459983
2005-06-06,14.248157501220703,23.246309280395508,23.438230514526367,23.15035057067871,23.342269897460938,4989579
2005-06-07,14.339323043823242,23.39504814147949,23.52939224243164,23.236713409423828,23.2655029296875,6461025
2005-06-08,14.309916496276855,23.347068786621094,23.514997482299805,23.251108169555664,23.51020050048828,6261150
2005-06-09,14.404017448425291,23.5006046295166,23.524593353271484,23.222320556640625,23.27509880065918,6944560
2005-06-10,14.380500793457031,23.46221923828125,23.534189224243164,23.3278751373291,23.534189224243164,6780534
2005-06-13,14.365792274475098,23.438230514526367,23.759695053100582,23.28469467163086,23.375856399536133,5767612
2005-06-14,14.41578197479248,23.51979637145996,23.61575508117676,23.390249252319336,23.390249252319336,4279283
2005-06-15,14.41578197479248,23.51979637145996,23.57737159729004,23.231916427612305,23.53898811340332,4516257
2005-06-16,14.433424949645996,23.548583984375,23.630149841308597,23.438230514526367,23.51979637145996,4151730
2005-06-17,14.536355018615724,23.716514587402344,23.788484573364254,23.51020050048828,23.764493942260746,10247395
2005-06-20,14.5246000289917,23.697322845458984,23.740503311157227,23.467018127441406,23.57737159729004,3832430
2005-06-21,14.542243003845217,23.726110458374023,23.79328155517578,23.67333221435547,23.750099182128903,5424135
2005-06-22,14.621638298034668,23.855655670166016,23.855655670166016,23.65414047241211,23.759695053100582,6343476
2005-06-23,14.433424949645996,23.548583984375,23.913232803344727,23.514997482299805,23.855655670166016,5168820
2005-06-24,14.41578197479248,23.51979637145996,23.62535285949707,23.347068786621094,23.49100875854492,8520217
2005-06-27,14.406963348388672,23.505401611328125,23.57737159729004,23.40464401245117,23.51020050048828,5900167
2005-06-28,14.556940078735352,23.750099182128903,23.7836856842041,23.505401611328125,23.582170486450195,5129221
2005-06-29,14.477547645568848,23.620553970336918,23.706918716430664,23.57257461547852,23.692523956298828,5488954
2005-06-30,14.412841796875,23.514997482299805,23.58696746826172,23.467018127441406,23.51020050048828,9824927
2005-07-01,14.418725967407228,23.524593353271484,23.817272186279297,23.495805740356445,23.620553970336918,7019591
2005-07-05,14.395206451416016,23.48620986938477,23.702119827270508,23.44302749633789,23.47181510925293,5530846
2005-07-06,14.45107078552246,23.57737159729004,23.678129196166992,23.428634643554688,23.48620986938477,7731972
2005-07-07,14.40108585357666,23.495805740356445,23.60615921020508,23.375856399536133,23.438230514526367,12606294
2005-07-08,14.512831687927246,23.678129196166992,23.730907440185547,23.41423988342285,23.5006046295166,6682368
2005-07-11,14.601056098937988,23.82206916809082,23.87005043029785,23.726110458374023,23.798080444335938,8614423
2005-07-12,14.701045989990234,23.98520278930664,23.989999771118164,23.726110458374023,23.855655670166016,13182993
2005-07-13,14.090413093566896,22.86247062683105,23.52939224243164,22.6225700378418,23.51020050048828,29627970
2005-07-14,13.7858304977417,22.368276596069336,23.08317756652832,22.310699462890625,22.84327888488769,20639642
2005-07-15,13.859755516052246,22.48822593688965,22.5745906829834,22.262720108032227,22.262720108032227,11511255
2005-07-18,13.723724365234377,22.26751708984375,22.65135765075684,22.26751708984375,22.526609420776367,8551063
2005-07-19,13.705987930297852,22.23872947692871,22.44024658203125,22.19554710388184,22.358680725097656,8056273
2005-07-20,13.853846549987791,22.47863006591797,22.502620697021484,22.25792121887207,22.310699462890625,7931847
2005-07-21,13.738517761230469,22.291507720947266,22.5745906829834,22.277114868164062,22.497821807861328,7426845
2005-07-22,13.6143217086792,22.08999252319336,22.286710739135746,22.03241539001465,22.262720108032227,10948937
2005-07-25,13.451683044433594,21.826101303100582,22.233932495117188,21.686960220336918,22.15716361999512,12144435
2005-07-26,13.525609016418455,21.94605255126953,22.07080078125,21.744535446166992,21.8980712890625,6768445
2005-07-27,13.676419258117676,22.190750122070312,22.301103591918945,21.95564842224121,22.06120491027832,6142351
2005-07-28,13.844971656799316,22.464235305786133,22.6225700378418,22.1667594909668,22.286710739135746,7670696
2005-07-29,13.788784980773926,22.37307357788086,22.5889835357666,22.33469009399414,22.47383117675781,7504168
2005-08-01,13.904118537902832,22.56019592285156,22.656156539916992,22.358680725097656,22.47863006591797,8678616
2005-08-02,13.98099136352539,22.68494415283203,22.699338912963867,22.5889835357666,22.646560668945312,6762609
2005-08-03,13.995781898498535,22.708934783935547,22.728126525878903,22.502620697021484,22.550600051879883,4783243
2005-08-04,13.90707302093506,22.56499481201172,22.72332763671875,22.47383117675781,22.59857940673828,6616507
2005-08-05,13.747390747070312,22.3059024810791,22.5745906829834,22.286710739135746,22.502620697021484,5758233
2005-08-08,13.714861869812012,22.253124237060547,22.42585182189941,22.17635536193848,22.38266944885254,3634431
2005-08-09,13.779916763305664,22.358680725097656,22.42585182189941,22.262720108032227,22.262720108032227,6493539
2005-08-10,13.779916763305664,22.358680725097656,22.636964797973636,22.291507720947266,22.497821807861328,6458524
2005-08-11,13.833142280578612,22.445043563842773,22.517013549804688,22.310699462890625,22.42585182189941,5443727
2005-08-12,13.762173652648926,22.329891204833984,22.43065071105957,22.190750122070312,22.38266944885254,5291788
2005-08-15,13.815399169921877,22.41625595092773,22.517013549804688,22.262720108032227,22.310699462890625,4750729
2005-08-16,13.60840129852295,22.08039665222168,22.46903419494629,22.06120491027832,22.43065071105957,4922051
2005-08-17,13.629105567932127,22.11398124694824,22.3538818359375,22.11398124694824,22.161962509155277,4782201
2005-08-18,13.60840129852295,22.08039665222168,22.286710739135746,22.037214279174805,22.046810150146484,4933722
2005-08-19,13.552216529846191,21.989234924316406,22.22913360595703,21.96524429321289,22.181154251098636,5114214
2005-08-22,13.59066677093506,22.051607131958008,22.190750122070312,21.922061920166016,21.99403190612793,4861609
2005-08-23,13.513782501220703,21.92686080932617,22.046810150146484,21.91726493835449,21.99883079528809,5760108
2005-08-24,13.283129692077637,21.55261611938477,22.018022537231445,21.447059631347656,21.806909561157227,7470821
2005-08-25,13.339316368103027,21.64377784729004,21.854890823364254,21.514232635498047,21.54302024841309,7062109
2005-08-26,13.226943969726562,21.46145439147949,21.6629695892334,21.456655502319336,21.54781723022461,4893706
2005-08-29,13.345222473144531,21.65337371826172,21.782920837402344,21.322311401367188,21.327110290527344,7012505
2005-08-30,13.197372436523438,21.41347312927246,21.65337371826172,21.303119659423828,21.65337371826172,7571905
2005-08-31,13.345222473144531,21.65337371826172,21.67256546020508,21.423070907592773,21.51902961730957,9665486
2005-09-01,13.348186492919922,21.658172607421875,21.883678436279297,21.514232635498047,21.744535446166992,7044810
2005-09-02,13.271291732788086,21.533424377441406,21.725343704223636,21.49024200439453,21.686960220336918,5307420
2005-09-06,13.395502090454102,21.734939575195312,21.782920837402344,21.533424377441406,21.533424377441406,8454148
2005-09-07,13.507866859436035,21.91726493835449,22.018022537231445,21.69175720214844,21.734939575195312,5962276
2005-09-08,13.422112464904783,21.778121948242188,21.97484016418457,21.667768478393555,21.97484016418457,5040017
2005-09-09,13.475337982177734,21.864486694335938,21.95084953308105,21.696556091308597,21.782920837402344,5663818
2005-09-12,13.374792098999023,21.70135307312012,22.1667594909668,21.54302024841309,21.69175720214844,7581284
2005-09-13,13.206239700317385,21.427867889404297,21.744535446166992,21.01523971557617,21.734939575195312,14687161
2005-09-14,12.96672534942627,21.039230346679688,21.456655502319336,21.01044273376465,21.427867889404297,10557316
2005-09-15,12.922369003295898,20.967260360717773,21.13998794555664,20.847309112548828,21.1112003326416,12966653
2005-09-16,12.934198379516602,20.986452102661133,21.10160446166992,20.847309112548828,20.991249084472656,19156524
2005-09-19,12.807044982910156,20.78013801574707,20.880895614624023,20.487459182739254,20.871299743652344,9672989
2005-09-20,12.741992950439451,20.67458152770996,20.991249084472656,20.66018867492676,20.78013801574707,8488745
2005-09-21,12.744942665100098,20.67938041687012,20.847309112548828,20.487459182739254,20.50665283203125,11404335
2005-09-22,12.98446559906006,21.068017959594727,21.14958381652832,20.67458152770996,20.67938041687012,9887662
2005-09-23,13.076135635375977,21.21675682067871,21.365493774414062,21.072816848754883,21.10160446166992,9817424
2005-09-26,12.614834785461426,20.4682674407959,21.01523971557617,20.33392333984375,20.85690689086914,19637557
2005-09-27,12.635534286499023,20.501853942871094,20.6553897857666,20.43947982788086,20.583419799804688,12269487
2005-09-28,12.40192699432373,20.122812271118164,20.65059280395508,20.00765991210937,20.63139915466309,15790746
2005-09-29,12.446280479431152,20.19478225708008,20.29553985595703,19.94528579711914,20.103620529174805,13150688
2005-09-30,12.537952423095703,20.34351921081543,20.41069221496582,19.959680557250977,20.127609252929688,12685702
2005-10-03,12.561605453491213,20.38190460205078,20.521045684814453,20.25235748291016,20.34351921081543,10359942
2005-10-04,13.014044761657717,21.115997314453125,21.15438270568848,20.63139915466309,20.63139915466309,21396207
2005-10-05,12.798171997070312,20.765743255615234,21.28392791748047,20.75135040283203,21.125593185424805,10641934
2005-10-06,12.721285820007324,20.6409969329834,20.75135040283203,20.425085067749023,20.63139915466309,14305752
2005-10-07,12.626663208007812,20.487459182739254,20.722562789916992,20.44907569885254,20.6409969329834,8023968
2005-10-10,12.472891807556152,20.237964630126957,20.530641555786133,20.2331657409668,20.45867156982422,6849729
2005-10-11,12.54386043548584,20.35311508178711,20.46347045898437,20.151599884033203,20.18038749694824,7789912
2005-10-12,12.530470848083496,20.1995792388916,20.487459182739254,19.950084686279297,20.17559051513672,11613172
2005-10-13,12.67035675048828,20.425085067749023,20.54503631591797,20.065235137939453,20.065235137939453,12476240
2005-10-14,12.691197395324709,20.45867156982422,20.48266220092773,20.151599884033203,20.30513572692871,10143185
2005-10-17,12.66440773010254,20.415489196777344,20.42988395690918,20.17559051513672,20.34351921081543,7698833
2005-10-18,12.619765281677246,20.34351921081543,20.51624870300293,20.27154922485352,20.29553985595703,8982076
2005-10-19,13.081097602844238,21.08720970153809,21.1591796875,20.17559051513672,20.27154922485352,17332430
2005-10-20,12.875732421875,20.756147384643555,21.06321907043457,20.68417739868164,20.991249084472656,14535223
2005-10-21,12.723937034606934,20.511449813842773,20.85690689086914,20.405893325805664,20.852108001708984,12781367
2005-10-24,12.76858139038086,20.583419799804688,20.732158660888672,20.521045684814453,20.64579391479492,8635890
2005-10-25,12.881678581237791,20.765743255615234,20.919279098510746,20.583419799804688,20.621803283691406,7406628
2005-10-26,12.80132007598877,20.63619804382324,20.986452102661133,20.617006301879883,20.83771324157715,6744060
2005-10-27,12.631668090820312,20.362712860107425,20.71776390075684,20.33392333984375,20.63619804382324,5549396
2005-10-28,12.723937034606934,20.511449813842773,20.53544044494629,20.1851863861084,20.362712860107425,7414131
2005-10-31,12.81322956085205,20.6553897857666,20.919279098510746,20.487459182739254,20.823320388793945,9291163
2005-11-01,12.732860565185549,20.52584457397461,20.77054214477539,20.49225807189941,20.607410430908203,6517924
2005-11-02,12.691197395324709,20.45867156982422,20.53544044494629,20.22356986999512,20.357913970947266,9639433
2005-11-03,12.735837936401367,20.530641555786133,20.588218688964844,20.40109634399414,20.42988395690918,10380575
2005-11-04,12.67035675048828,20.425085067749023,20.621803283691406,20.257156372070312,20.607410430908203,7898499
2005-11-07,12.66440773010254,20.415489196777344,20.487459182739254,20.27154922485352,20.425085067749023,7991872
2005-11-08,12.655482292175291,20.40109634399414,20.4682674407959,20.27154922485352,20.29553985595703,6898291
2005-11-09,12.709049224853516,20.487459182739254,20.66978454589844,20.228368759155277,20.348318099975582,11058774
2005-11-10,12.738816261291504,20.53544044494629,20.621803283691406,20.396297454833984,20.54983329772949,8485619
2005-11-11,13.015610694885254,20.981653213500977,21.039230346679688,20.63139915466309,20.823320388793945,12026886
2005-11-14,12.060200691223145,19.441495895385746,20.909683227539062,19.35033416748047,20.900087356567383,29038141
2005-11-15,12.342961311340332,19.897306442260746,20.02685165405273,19.67180061340332,19.782154083251957,18528554
2005-11-16,12.078065872192385,19.47028350830078,19.743770599365234,19.10083770751953,19.71977996826172,19479366
2005-11-17,12.161398887634276,19.60462760925293,19.67180061340332,19.407909393310547,19.47028350830078,9399541
2005-11-18,12.173312187194824,19.62381935119629,19.911699295043945,19.48947525024414,19.911699295043945,8543977
2005-11-21,12.01556396484375,19.369525909423828,19.599830627441406,19.369525909423828,19.58543586730957,8946019
2005-11-22,11.703042984008787,18.86573600769043,19.25437355041504,18.28038024902344,19.16801071166992,27727178
2005-11-23,11.604823112487791,18.70740127563477,18.9425048828125,18.62583541870117,18.822553634643555,15497082
2005-11-25,11.601847648620604,18.70260429382324,18.85614013671875,18.664220809936523,18.77937126159668,5110463
2005-11-28,11.592926025390623,18.688209533691406,18.7553825378418,18.64502716064453,18.71220016479492,13638808
2005-11-29,11.357783317565918,18.30916786193848,18.688209533691406,18.30916786193848,18.678613662719727,14557107
2005-11-30,11.223851203918455,18.09325790405273,18.41952133178711,17.99250030517578,18.30916786193848,18449354
2005-12-01,11.200040817260742,18.054874420166016,18.203611373901367,18.01169204711914,18.01169204711914,16008128
2005-12-02,11.47684097290039,18.501087188720703,18.77937126159668,18.28517723083496,18.424320220947266,18630679
2005-12-05,11.366717338562012,18.323562622070312,18.51548194885254,18.23240089416504,18.481895446777344,12515215
2005-12-06,11.27146816253662,18.170026779174805,18.510683059692383,18.131641387939453,18.43871307373047,10453731
2005-12-07,11.31016445159912,18.23240089416504,18.44831085205078,18.141237258911133,18.25638961791992,9457691
2005-12-08,11.396479606628418,18.37154197692871,18.414724349975582,18.184419631958008,18.23240089416504,11687370
2005-12-09,11.604823112487791,18.70740127563477,18.822553634643555,18.433916091918945,18.44831085205078,17688203
2005-12-12,11.658398628234863,18.79376602172852,18.851341247558597,18.4866943359375,18.61623954772949,10895165
2005-12-13,11.747688293457031,18.937705993652344,19.07205009460449,18.640230178833008,18.673816680908203,11606920
2005-12-14,11.747688293457031,18.937705993652344,19.09124183654785,18.798564910888672,18.89452362060547,7715090
2005-12-15,11.682205200195312,18.832149505615234,19.393516540527344,18.74578666687012,19.086444854736328,12488537
2005-12-16,11.956034660339355,19.2735652923584,19.364728927612305,18.889726638793945,18.90411949157715,15599208
2005-12-19,12.033419609069824,19.398313522338867,19.67180061340332,19.287960052490234,19.67180061340332,13566903
2005-12-20,11.905433654785156,19.191999435424805,19.52786064147949,19.144020080566406,19.32154655456543,13913714
2005-12-21,12.01556396484375,19.369525909423828,19.508668899536133,19.201595306396484,19.201595306396484,11991455
2005-12-22,12.125687599182127,19.54705238342285,19.56624412536621,19.33114242553711,19.407909393310547,8299708
2005-12-23,12.161398887634276,19.60462760925293,19.67180061340332,19.326343536376957,19.326343536376957,5674865
2005-12-27,12.024495124816896,19.383920669555664,19.743770599365234,19.364728927612305,19.67180061340332,8610463
2005-12-28,12.009613990783691,19.35993003845215,19.60942649841309,19.35033416748047,19.47987937927246,6945602
2005-12-29,11.845905303955078,19.096040725708008,19.398313522338867,19.052858352661133,19.335939407348636,8063985
2005-12-30,11.7357816696167,18.918514251708984,19.06245422363281,18.88492774963379,18.937705993652344,7251772
2006-01-03,11.77149486541748,18.976089477539062,19.16801071166992,18.803361892700195,18.976089477539062,17258233
2006-01-04,11.789355278015137,19.0048770904541,19.182403564453125,18.798564910888672,18.89452362060547,16334514
2006-01-05,11.941150665283203,19.24957656860352,19.412708282470703,19.024070739746094,19.048059463500977,11570029
2006-01-06,12.170336723327637,19.61902236938477,19.66220474243164,19.01447486877441,19.220787048339844,13729262
2006-01-09,12.622743606567385,20.348318099975582,20.511449813842773,19.99806404113769,20.39150047302246,23626303
2006-01-10,12.500706672668455,20.151599884033203,20.4202880859375,20.07962989807129,20.34351921081543,12033764
2006-01-11,12.412321090698242,19.878114700317383,19.9644775390625,19.753366470336918,19.94528579711914,9657149
2006-01-12,12.385368347167969,19.834932327270508,19.85892105102539,19.7293758392334,19.78695106506348,7043143
2006-01-13,12.340425491333008,19.762962341308597,19.99326515197754,19.667001724243164,19.902103424072266,6033764
2006-01-17,12.30447483062744,19.705385208129883,19.820537567138672,19.55664825439453,19.58543586730957,7905169
2006-01-18,12.349411010742188,19.7773551940918,19.911699295043945,19.60462760925293,19.705385208129883,7513130
2006-01-19,12.445279121398926,19.930892944335938,20.02205467224121,19.383920669555664,19.695789337158203,10509379
2006-01-20,12.088759422302246,19.35993003845215,19.959680557250977,19.34073829650879,19.959680557250977,9828262
2006-01-23,12.136693954467772,19.43669891357422,19.93568992614746,19.25437355041504,19.431900024414062,7912880
2006-01-24,12.001873970031738,19.220787048339844,19.55184936523437,19.134424209594727,19.451091766357425,6725511
2006-01-25,12.634026527404783,20.2331657409668,20.63139915466309,19.7773551940918,19.79654884338379,23927053
2006-01-26,12.978561401367188,20.784936904907227,20.900087356567383,20.487459182739254,20.511449813842773,15737807
2006-01-27,12.8826904296875,20.63139915466309,21.039230346679688,20.54983329772949,21.01523971557617,12138599
2006-01-30,12.864715576171877,20.602611541748047,20.746551513671875,20.276348114013672,20.367509841918945,10647770
2006-01-31,12.927642822265623,20.703369140625,20.71776390075684,20.151599884033203,20.27154922485352,13321801
2006-02-01,12.912657737731934,20.67938041687012,20.76094627380371,20.501853942871094,20.511449813842773,13384118
2006-02-02,12.7089204788208,20.35311508178711,20.62660217285156,20.348318099975582,20.53544044494629,11625052
2006-02-03,12.729898452758787,20.386701583862305,20.621803283691406,20.1995792388916,20.1995792388916,12103585
2006-02-06,12.7089204788208,20.35311508178711,20.45867156982422,20.21397399902344,20.290742874145508,9655273
2006-02-07,12.616056442260742,20.20437812805176,20.329126358032227,20.046043395996094,20.247560501098636,8333055
2006-02-08,12.601072311401367,20.18038749694824,20.39150047302246,20.00765991210937,20.27154922485352,7619633
2006-02-09,12.628033638000488,20.22356986999512,20.55463218688965,20.055639266967773,20.247560501098636,10149437
2006-02-10,12.723902702331545,20.377105712890625,20.44907569885254,20.161195755004883,20.29553985595703,6251980
2006-02-13,12.83176326751709,20.54983329772949,20.607410430908203,20.29553985595703,20.44907569885254,8344519
2006-02-14,13.101408004760742,20.981653213500977,21.04402732849121,20.597814559936523,20.62660217285156,12908087
2006-02-15,13.2272310256958,21.18317031860352,21.221553802490234,20.80892562866211,20.890491485595703,10185077
2006-02-16,13.290149688720703,21.28392791748047,21.28392791748047,20.900087356567383,21.1112003326416,9645060
2006-02-17,13.284160614013672,21.27433204650879,21.35110092163086,21.01523971557617,21.18317031860352,9496665
2006-02-21,13.17930030822754,21.106401443481445,21.259937286376957,20.88569450378418,21.231149673461918,8231138
2006-02-22,13.152335166931152,21.06321907043457,21.29352378845215,20.976856231689453,21.115997314453125,9407670
2006-02-23,13.011524200439451,20.83771324157715,21.039230346679688,20.775339126586918,20.991249084472656,9850354
2006-02-24,13.167315483093262,21.08720970153809,21.231149673461918,20.775339126586918,20.82811737060547,8629012
2006-02-27,13.31711483001709,21.327110290527344,21.49983787536621,21.029634475708008,21.03443145751953,8704252
2006-02-28,13.236223220825195,21.19756317138672,21.36069679260254,21.01523971557617,21.1447868347168,11089204
2006-03-01,13.182295799255373,21.1112003326416,21.20716094970703,20.832916259765625,21.19756317138672,11510213
2006-03-02,13.014517784118652,20.842512130737305,21.04402732849121,20.64579391479492,21.01523971557617,11865986
2006-03-03,13.116374969482422,21.00564384460449,21.250341415405277,20.76094627380371,20.784936904907227,6848687
2006-03-06,13.086421966552734,20.957664489746094,21.17357444763184,20.900087356567383,21.01523971557617,7061276
2006-03-07,13.041478157043455,20.88569450378418,21.02483558654785,20.6409969329834,20.86650276184082,7711546
2006-03-08,13.026507377624512,20.861703872680664,20.991249084472656,20.79932975769043,20.847309112548828,6796790
2006-03-09,12.939616203308104,20.722562789916992,20.90488624572754,20.63139915466309,20.861703872680664,13240517
2006-03-10,13.1583251953125,21.072816848754883,21.09680557250977,20.63139915466309,20.722562789916992,6999583
2006-03-13,13.460918426513672,21.55741310119629,21.86928367614746,21.423070907592773,21.48544311523437,16828887
2006-03-14,13.529826164245604,21.667768478393555,21.686960220336918,21.384685516357425,21.399080276489254,11656732
2006-03-15,13.556793212890623,21.71095085144043,21.778121948242188,21.35110092163086,21.590999603271484,8165486
2006-03-16,13.481888771057127,21.590999603271484,21.63898086547852,21.533424377441406,21.614990234375,7409754
2006-03-17,13.53581714630127,21.677364349365234,21.816505432128903,21.55261611938477,21.686960220336918,10475615
2006-03-20,13.257196426391602,21.231149673461918,21.571807861328125,21.18796730041504,21.54302024841309,11607128
2006-03-21,13.164319038391112,21.08241271972656,21.3798885345459,20.967260360717773,21.336706161499023,8293247
2006-03-22,13.212249755859377,21.1591796875,21.20716094970703,20.976856231689453,21.10160446166992,9692372
2006-03-23,13.146344184875488,21.05362319946289,21.16877555847168,20.70816802978516,21.01523971557617,8978324
2006-03-24,13.143346786499023,21.048826217651367,21.10160446166992,20.813724517822266,20.967260360717773,12538141
2006-03-27,13.020508766174316,20.852108001708984,21.399080276489254,20.746551513671875,21.399080276489254,12580242
2006-03-28,12.870708465576172,20.612207412719727,20.813724517822266,20.530641555786133,20.74175453186035,12479575
2006-03-29,12.858729362487791,20.593015670776367,20.794532775878903,20.45387458801269,20.64579391479492,8272197
2006-03-30,12.774840354919434,20.45867156982422,20.765743255615234,20.338722229003903,20.583419799804688,8545852
2006-03-31,12.723902702331545,20.377105712890625,20.612207412719727,20.30513572692871,20.45867156982422,8415798
2006-04-03,12.852744102478027,20.583419799804688,20.67938041687012,20.30513572692871,20.30513572692871,10139225
2006-04-04,12.759857177734377,20.434682846069336,20.62660217285156,20.348318099975582,20.607410430908203,7880992
2006-04-05,12.780826568603516,20.4682674407959,20.55942916870117,20.20917510986328,20.386701583862305,12852647
2006-04-06,12.843749046325684,20.569026947021484,20.621803283691406,20.41069221496582,20.4682674407959,12706128
2006-04-07,12.610061645507812,20.19478225708008,20.62660217285156,20.17559051513672,20.569026947021484,7422259
2006-04-10,12.637025833129885,20.237964630126957,20.338722229003903,20.113216400146484,20.20437812805176,7751563
2006-04-11,12.505780220031738,19.887710571289062,20.2331657409668,19.695789337158203,20.15639877319336,12608378
2006-04-12,12.563106536865234,19.978872299194336,19.978872299194336,19.772558212280277,19.887710571289062,8264902
2006-04-13,12.520865440368652,19.911699295043945,19.950084686279297,19.7293758392334,19.897306442260746,7186328
2006-04-17,12.40923309326172,19.734174728393555,19.94528579711914,19.71977996826172,19.854124069213867,6656732
2006-04-18,12.575173377990724,19.99806404113769,20.03165054321289,19.705385208129883,19.705385208129883,9045019
2006-04-19,12.472600936889648,19.834932327270508,19.969276428222656,19.695789337158203,19.75816345214844,10276990
2006-04-20,12.64456558227539,20.108417510986328,20.137205123901367,19.62381935119629,19.834932327270508,13190288
2006-04-21,12.671724319458008,20.151599884033203,20.1995792388916,20.01245880126953,20.17559051513672,12847853
2006-04-24,12.41225528717041,19.73897171020508,20.08922576904297,19.705385208129883,20.065235137939453,9300333
2006-04-25,12.430357933044434,19.76775932312012,19.897306442260746,19.455890655517575,19.73897171020508,9728429
2006-04-26,12.40320110321045,19.724578857421875,19.93568992614746,19.647809982299805,19.863719940185547,6669029
2006-04-27,12.68076992034912,20.16599464416504,20.247560501098636,19.638214111328125,19.638214111328125,11115256
2006-04-28,12.89498519897461,20.50665283203125,20.511449813842773,20.07962989807129,20.07962989807129,11984368
2006-05-01,12.768270492553713,20.30513572692871,20.65059280395508,20.22356986999512,20.511449813842773,9777407
2006-05-02,12.716975212097168,20.22356986999512,20.511449813842773,20.132408142089844,20.300338745117188,8367862
2006-05-03,12.747145652770996,20.27154922485352,20.290742874145508,20.065235137939453,20.1995792388916,9766569
2006-05-04,12.831629753112791,20.405893325805664,20.4202880859375,20.218772888183597,20.362712860107425,10884118
2006-05-05,12.90403652191162,20.521045684814453,20.617006301879883,20.151599884033203,20.151599884033203,6629846
2006-05-08,12.813521385192873,20.377105712890625,20.41069221496582,20.276348114013672,20.300338745117188,7514381
2006-05-09,12.747145652770996,20.27154922485352,20.367509841918945,20.17079162597656,20.29553985595703,5735932
2006-05-10,12.608356475830078,20.05084228515625,20.27154922485352,20.04124641418457,20.27154922485352,7416215
2006-05-11,12.677759170532228,20.161195755004883,20.2331657409668,19.911699295043945,20.00765991210937,9447478
2006-05-12,12.496733665466309,19.873315811157227,20.20437812805176,19.868518829345703,20.151599884033203,7684243
2006-05-15,12.76223087310791,20.29553985595703,20.42988395690918,19.863719940185547,19.99326515197754,10148187
2006-05-16,12.870845794677734,20.4682674407959,20.63619804382324,20.348318099975582,20.497055053710938,9804502
2006-05-17,12.620431900024414,20.07003402709961,20.63139915466309,20.05084228515625,20.63139915466309,11003752
2006-05-18,12.65965175628662,20.132408142089844,20.309934616088867,19.882911682128903,19.95488166809082,10569404
2006-05-19,12.617412567138672,20.065235137939453,20.27154922485352,19.734174728393555,20.27154922485352,13160484
2006-05-22,12.596296310424805,20.03165054321289,20.49225807189941,20.00765991210937,20.055639266967773,10409546
2006-05-23,12.593276023864746,20.02685165405273,20.142004013061523,19.97407341003418,20.055639266967773,7987286
2006-05-24,12.716975212097168,20.22356986999512,20.266752243041992,19.911699295043945,19.959680557250977,11594623
2006-05-25,12.822572708129885,20.39150047302246,20.415489196777344,20.151599884033203,20.34351921081543,7236974
2006-05-26,12.873867988586426,20.47306632995605,20.607410430908203,20.386701583862305,20.46347045898437,5702793
2006-05-30,12.834637641906738,20.41069221496582,20.67938041687012,20.20437812805176,20.39150047302246,12734473
2006-05-31,12.882914543151855,20.487459182739254,20.51624870300293,20.309934616088867,20.4202880859375,10966653
2006-06-01,13.039804458618164,20.736955642700195,20.775339126586918,20.43947982788086,20.511449813842773,8361817
2006-06-02,13.012649536132812,20.69377326965332,20.79932975769043,20.578622817993164,20.67938041687012,7084619
2006-06-05,12.810503005981444,20.3723087310791,20.65059280395508,20.33392333984375,20.63139915466309,7200709
2006-06-06,12.741114616394045,20.26195335388184,20.54503631591797,20.151599884033203,20.3723087310791,10453314
2006-06-07,12.940245628356934,20.578622817993164,20.712966918945312,20.34351921081543,20.38190460205078,10694456
2006-06-08,13.024715423583984,20.712966918945312,20.722562789916992,20.276348114013672,20.39150047302246,12869112
2006-06-09,12.973424911499023,20.63139915466309,20.847309112548828,20.62660217285156,20.736955642700195,9043768
2006-06-12,12.888951301574709,20.497055053710938,20.77054214477539,20.47306632995605,20.63139915466309,6735515
2006-06-13,12.807486534118652,20.367509841918945,20.722562789916992,20.34351921081543,20.497055053710938,7787620
2006-06-14,12.882914543151855,20.487459182739254,20.607410430908203,20.24276161193848,20.247560501098636,10675281
2006-06-15,12.991538047790527,20.66018867492676,20.71776390075684,20.362712860107425,20.434682846069336,12574614
2006-06-16,12.907052993774414,20.52584457397461,20.602611541748047,20.42988395690918,20.497055053710938,9296165
2006-06-19,12.768270492553713,20.30513572692871,20.612207412719727,20.266752243041992,20.612207412719727,6850771
2006-06-20,12.738102912902832,20.257156372070312,20.3723087310791,20.237964630126957,20.247560501098636,5813464
2006-06-21,12.753185272216797,20.281145095825195,20.4202880859375,20.24276161193848,20.27154922485352,7060442
2006-06-22,12.683792114257812,20.17079162597656,20.367509841918945,20.07962989807129,20.281145095825195,7091705
2006-06-23,12.656634330749512,20.127609252929688,20.247560501098636,19.940488815307617,20.03165054321289,8215298
2006-06-26,12.68076992034912,20.16599464416504,20.24276161193848,19.94528579711914,20.103620529174805,6393706
2006-06-27,12.563106536865234,19.978872299194336,20.26195335388184,19.882911682128903,20.1995792388916,8073572
2006-06-28,12.729047775268556,20.24276161193848,20.45867156982422,20.113216400146484,20.113216400146484,9653606
2006-06-29,12.94326400756836,20.583419799804688,20.621803283691406,20.247560501098636,20.338722229003903,10874531
2006-06-30,13.157470703125,20.9240779876709,20.9240779876709,20.511449813842773,20.63139915466309,16660484
2006-07-03,13.14841651916504,20.909683227539062,20.986452102661133,20.842512130737305,20.962461471557617,4451855
2006-07-05,13.157470703125,20.9240779876709,21.1112003326416,20.75135040283203,20.823320388793945,9005419
2006-07-06,13.208755493164062,21.00564384460449,21.1591796875,20.919279098510746,20.967260360717773,6654231
2006-07-07,13.214791297912598,21.01523971557617,21.20716094970703,20.972057342529297,21.06321907043457,8290121
2006-07-10,13.169537544250488,20.943269729614254,21.221553802490234,20.90488624572754,21.17837142944336,7095248
2006-07-11,13.444091796875,21.3798885345459,21.442262649536133,20.909683227539062,20.981653213500977,12095456
2006-07-12,13.397017478942873,21.16397857666016,21.3798885345459,21.125593185424805,21.35110092163086,13533347
2006-07-13,13.360570907592772,21.106401443481445,21.19756317138672,21.00084686279297,21.06321907043457,16432472
2006-07-14,13.366652488708496,21.115997314453125,21.259937286376957,21.039230346679688,21.048826217651367,9913089
2006-07-17,13.509390830993652,21.341503143310547,21.384685516357425,21.06321907043457,21.06321907043457,9870988
2006-07-18,13.576201438903809,21.447059631347656,21.55741310119629,21.1591796875,21.35110092163086,15181951
2006-07-19,14.056084632873535,22.20514488220215,22.43065071105957,21.447059631347656,21.447059631347656,28630888
2006-07-20,14.03482723236084,22.171558380126957,22.40666007995605,22.03241539001465,22.051607131958008,10007086
2006-07-21,14.22616958618164,22.47383117675781,22.545801162719727,22.06120491027832,22.23872947692871,13630263
2006-07-24,14.444839477539062,22.81928825378418,22.833681106567383,21.99403190612793,22.02281951904297,18151105
2006-07-25,14.602779388427734,23.06878471374512,23.12156105041504,22.5745906829834,22.814489364624023,20132972
2006-07-26,14.305130958557127,22.59857940673828,23.02560234069824,22.536205291748047,22.79050064086914,20448312
2006-07-27,14.34157943725586,22.656156539916992,22.88166236877441,22.541004180908203,22.550600051879883,10701959
2006-07-28,14.523815155029297,22.94403648376465,23.08317756652832,22.78090476989746,22.814489364624023,9469154
2006-07-31,14.50863265991211,22.920045852661133,22.992015838623047,22.80009651184082,22.886459350585938,9487912
2006-08-01,14.429657936096191,22.795297622680664,22.85287475585937,22.57938766479492,22.766510009765625,10192163
2006-08-02,14.320321083068848,22.6225700378418,22.78090476989746,22.507417678833008,22.69454002380371,9574406
2006-08-03,14.34157943725586,22.656156539916992,22.86247062683105,22.61297416687012,22.6225700378418,10057316
2006-08-04,14.347646713256836,22.665752410888672,22.83847999572754,22.531408309936523,22.83847999572754,9422885
2006-08-07,14.378026008605955,22.71373176574707,22.756914138793945,22.45943832397461,22.665752410888672,9525427
2006-08-08,14.478254318237305,22.87206649780273,22.87206649780273,22.636964797973636,22.776105880737305,7813256
2006-08-09,14.371947288513184,22.70413589477539,22.920045852661133,22.59857940673828,22.910449981689453,9474781
2006-08-10,14.493437767028809,22.896055221557617,22.910449981689453,22.464235305786133,22.58418655395508,11208837
2006-08-11,14.399285316467283,22.747318267822266,22.88166236877441,22.56979179382324,22.79050064086914,5203627
2006-08-14,14.56633472442627,23.011207580566406,23.3134822845459,22.737722396850582,22.747318267822266,12076073
2006-08-15,14.778934478759766,23.347068786621094,23.361461639404297,23.12156105041504,23.19832992553711,9519591
2006-08-16,14.96723747253418,23.64454460144043,23.64454460144043,23.438230514526367,23.51020050048828,14031263
2006-08-17,14.92168140411377,23.57257461547852,23.630149841308597,23.332674026489254,23.55338287353516,13077324
2006-08-18,14.882192611694336,23.51020050048828,23.5965633392334,23.33747291564941,23.57257461547852,10470613
2006-08-21,14.781972885131836,23.351865768432617,23.47661399841309,23.193532943725582,23.3278751373291,9150063
2006-08-22,14.863977432250977,23.48141288757324,23.543785095214844,23.164743423461918,23.270299911499023,13245102
2006-08-23,14.882192611694336,23.51020050048828,23.58696746826172,23.39504814147949,23.5006046295166,9183618
2006-08-24,14.827524185180664,23.42383575439453,23.63494873046875,23.39504814147949,23.428634643554688,9727595
2006-08-25,14.818410873413086,23.409442901611328,23.49100875854492,23.279895782470703,23.289491653442383,4616924
2006-08-28,14.8700590133667,23.49100875854492,23.716514587402344,23.43343162536621,23.505401611328125,7712380
2006-08-29,14.8700590133667,23.49100875854492,23.582170486450195,23.3134822845459,23.41423988342285,9125469
2006-08-30,14.633155822753906,23.11676406860352,23.48620986938477,23.05918884277344,23.46221923828125,12130263
2006-08-31,14.791086196899414,23.366260528564453,23.390249252319336,23.10236930847168,23.18873405456543,9971238
2006-09-01,14.690863609313965,23.20792579650879,23.41423988342285,23.06878471374512,23.41423988342285,9611088
2006-09-05,14.68478775024414,23.19832992553711,23.46221923828125,23.13115882873535,23.30388641357422,9928512
2006-09-06,14.557221412658691,22.996814727783203,23.155147552490234,22.699338912963867,23.126359939575195,9711963
2006-09-07,14.548108100891112,22.982419967651367,22.992015838623047,22.79050064086914,22.886459350585938,11818466
2006-09-08,14.851823806762695,23.46221923828125,23.49100875854492,22.982419967651367,22.982419967651367,12019383
2006-09-11,14.77286434173584,23.33747291564941,23.46221923828125,23.29429054260254,23.347068786621094,12104419
2006-09-12,14.821453094482422,23.41423988342285,23.447826385498047,23.14075469970703,23.270299911499023,13065444
2006-09-13,14.93686580657959,23.5965633392334,23.66373634338379,23.29429054260254,23.41423988342285,8631722
2006-09-14,14.927752494812012,23.582170486450195,23.66373634338379,23.390249252319336,23.49100875854492,8059608
2006-09-15,15.02797794342041,23.740503311157227,23.92762565612793,23.630149841308597,23.65414047241211,14546895
2006-09-18,14.845754623413086,23.45262336730957,23.63494873046875,23.41423988342285,23.60615921020508,9202168
2006-09-19,14.930790901184082,23.58696746826172,23.61575508117676,23.17913818359375,23.231916427612305,10486661
2006-09-20,14.745522499084473,23.29429054260254,23.702119827270508,23.260704040527344,23.678129196166992,9934973
2006-09-21,14.639220237731934,23.126359939575195,23.347068786621094,23.02560234069824,23.270299911499023,9654023
2006-09-22,14.548108100891112,22.982419967651367,23.126359939575195,22.876863479614254,23.03519821166992,6069821
2006-09-25,14.563291549682615,23.006410598754883,23.251108169555664,22.92964172363281,23.164743423461918,9956232
2006-09-26,14.599743843078612,23.06398582458496,23.10236930847168,22.8096923828125,23.05918884277344,9970613
2006-09-27,14.690863609313965,23.20792579650879,23.21752166748047,22.81928825378418,23.06398582458496,10694873
2006-09-28,14.678709983825684,23.18873405456543,23.255905151367188,23.011207580566406,23.246309280395508,9546478
2006-09-29,14.748564720153809,23.299087524414062,23.361461639404297,23.049591064453125,23.10236930847168,7481451
2006-10-02,14.651369094848633,23.145551681518555,23.366260528564453,22.910449981689453,22.910449981689453,7398916
2006-10-03,14.460031509399414,22.84327888488769,22.953632354736328,22.445043563842773,22.910449981689453,15023551
2006-10-04,14.31728172302246,22.61777114868164,22.766510009765625,22.44984245300293,22.766510009765625,15358274
2006-10-05,14.077346801757812,22.23872947692871,22.814489364624023,22.190750122070312,22.61777114868164,24858900
2006-10-06,14.028749465942385,22.161962509155277,22.310699462890625,22.10438537597656,22.214740753173828,15576699
2006-10-09,14.183642387390137,22.40666007995605,22.57938766479492,22.24832534790039,22.25792121887207,9447895
2006-10-10,14.138087272644045,22.33469009399414,22.517013549804688,22.08999252319336,22.502620697021484,11949562
2006-10-11,14.203800201416016,22.296306610107425,22.44024658203125,22.094789505004883,22.190750122070312,12692580
2006-10-12,14.197691917419434,22.286710739135746,22.47863006591797,22.23872947692871,22.454639434814453,12993331
2006-10-13,14.344399452209473,22.517013549804688,22.56499481201172,22.26751708984375,22.358680725097656,13642768
2006-10-16,14.417763710021973,22.63216590881348,22.728126525878903,22.44024658203125,22.454639434814453,8887662
2006-10-17,14.423874855041504,22.64176177978516,22.804893493652344,22.43065071105957,22.63216590881348,8803251
2006-10-18,14.625604629516602,22.95842933654785,23.15035057067871,22.680145263671875,22.86247062683105,14436432
2006-10-19,14.64700984954834,22.992015838623047,23.21752166748047,22.88166236877441,23.0447940826416,11896207
2006-10-20,14.909872055053713,23.40464401245117,23.45262336730957,22.896055221557617,23.10236930847168,14867236
2006-10-23,14.925140380859377,23.428634643554688,23.48141288757324,23.145551681518555,23.270299911499023,8812839
2006-10-24,14.708139419555664,23.08797645568848,23.308683395385746,22.896055221557617,23.279895782470703,11007503
2006-10-25,14.757040023803713,23.164743423461918,23.19832992553711,22.88166236877441,23.01600646972656,8839100
2006-10-26,14.637837409973145,22.97762107849121,23.164743423461918,22.79050064086914,23.164743423461918,9140684
2006-10-27,14.570589065551758,22.87206649780273,22.900854110717773,22.670549392700195,22.766510009765625,10186119
2006-10-30,14.393312454223633,22.59378242492676,22.87206649780273,22.526609420776367,22.814489364624023,8939767
2006-10-31,14.52168083190918,22.795297622680664,22.83847999572754,22.5889835357666,22.79050064086914,11385160
2006-11-01,14.494174003601074,22.75211524963379,22.814489364624023,22.6225700378418,22.646560668945312,8368070
2006-11-02,14.506407737731934,22.77130889892578,22.876863479614254,22.718530654907227,22.766510009765625,9768445
2006-11-03,14.561423301696776,22.8576717376709,22.93444061279297,22.699338912963867,22.747318267822266,8309087
2006-11-06,14.509464263916016,22.776105880737305,22.8576717376709,22.550600051879883,22.56019592285156,12892664
2006-11-07,14.628667831420898,22.963228225708008,23.183935165405277,22.699338912963867,22.718530654907227,11477074
2006-11-08,14.451380729675291,22.68494415283203,22.824085235595703,22.5745906829834,22.79050064086914,15578574
2006-11-09,14.01124095916748,21.99403190612793,22.77130889892578,21.91726493835449,22.689741134643555,22208003
2006-11-10,14.05097484588623,22.056406021118164,22.253124237060547,21.787717819213867,21.95084953308105,13233431
2006-11-13,13.953166007995604,21.902870178222656,22.209941864013672,21.864486694335938,21.99883079528809,8519175
2006-11-14,14.115168571472168,22.15716361999512,22.253124237060547,21.830900192260746,21.835697174072266,14630263
2006-11-15,14.362747192382812,22.545801162719727,22.670549392700195,22.34428596496582,22.358680725097656,14662985
2006-11-16,14.51557159423828,22.785701751708984,22.85287475585937,22.636964797973636,22.74251937866211,8438724
2006-11-17,14.570589065551758,22.87206649780273,22.891258239746094,22.646560668945312,22.69454002380371,9521467
2006-11-20,14.59811019897461,22.91524887084961,22.992015838623047,22.75211524963379,22.766510009765625,8359316
2006-11-21,14.51557159423828,22.785701751708984,22.93444061279297,22.74251937866211,22.886459350585938,7733847
2006-11-22,14.533913612365724,22.814489364624023,22.84327888488769,22.68494415283203,22.73292350769043,4512297
2006-11-24,14.350522994995115,22.526609420776367,22.646560668945312,22.47383117675781,22.5889835357666,4045019
2006-11-27,14.179359436035156,22.25792121887207,22.493024826049805,22.17635536193848,22.4018611907959,10822009
2006-11-28,14.182409286499023,22.262720108032227,22.454639434814453,22.18595123291016,22.253124237060547,10289287
2006-11-29,14.295498847961426,22.44024658203125,22.507417678833008,22.33469009399414,22.358680725097656,7247395
2006-11-30,14.261877059936523,22.38746833801269,22.550600051879883,22.286710739135746,22.512216567993164,9590246
2006-12-01,14.234366416931152,22.34428596496582,22.526609420776367,22.190750122070312,22.502620697021484,10331388
2006-12-04,14.702021598815918,23.0783805847168,23.236713409423828,22.64176177978516,23.03039932250977,20336599
2006-12-05,14.760092735290527,23.16954231262207,23.366260528564453,23.10716819763184,23.126359939575195,9998749
2006-12-06,14.674519538879396,23.03519821166992,23.332674026489254,22.96802520751953,23.30388641357422,10342851
2006-12-07,14.683679580688477,23.049591064453125,23.27509880065918,23.01600646972656,23.183935165405277,7458524
2006-12-08,14.65922737121582,23.011207580566406,23.16954231262207,22.93923759460449,23.12156105041504,6290329
2006-12-11,14.61644458770752,22.94403648376465,23.08317756652832,22.824085235595703,22.982419967651367,7071697
2006-12-12,14.668397903442385,23.02560234069824,23.0447940826416,22.876863479614254,23.006410598754883,7268654
2006-12-13,14.65922737121582,23.011207580566406,23.135955810546875,22.96802520751953,23.03039932250977,5461651
2006-12-14,14.702021598815918,23.0783805847168,23.21752166748047,23.03039932250977,23.08797645568848,8133180
2006-12-15,14.815115928649902,23.255905151367188,23.342269897460938,22.982419967651367,23.0783805847168,13918716
2006-12-18,14.711198806762695,23.0927734375,23.193532943725582,22.95842933654785,23.174339294433597,6944560
2006-12-19,14.750920295715332,23.155147552490234,23.183935165405277,22.96802520751953,23.12156105041504,7355982
2006-12-20,14.656180381774902,23.006410598754883,23.20792579650879,22.756914138793945,23.08797645568848,8064402
2006-12-21,14.671452522277832,23.03039932250977,23.03039932250977,22.77130889892578,22.963228225708008,7997916
2006-12-22,14.588934898376465,22.900854110717773,23.05438995361328,22.876863479614254,23.0447940826416,6574823
2006-12-26,14.741753578186035,23.14075469970703,23.164743423461918,22.87206649780273,22.891258239746094,5300750
2006-12-27,14.977112770080566,23.51020050048828,23.51020050048828,23.21752166748047,23.270299911499023,13415590
2006-12-28,14.955718040466309,23.47661399841309,23.55817985534668,23.342269897460938,23.390249252319336,6916007
2006-12-29,14.888467788696287,23.371057510375977,23.505401611328125,23.270299911499023,23.41423988342285,8392247
2007-01-03,14.967938423156738,23.495805740356445,23.745302200317383,23.390249252319336,23.428634643554688,11214881
2007-01-04,15.252204895019531,23.94202041625977,24.105152130126957,23.495805740356445,23.53898811340332,21185494
2007-01-05,15.252204895019531,23.94202041625977,23.989999771118164,23.639745712280277,23.94202041625977,14649854
2007-01-08,15.307223320007324,24.028383255004883,24.0523738861084,23.817272186279297,23.903636932373047,12734681
2007-01-09,15.441705703735352,24.2394962310791,24.30666732788086,23.989999771118164,24.06196975708008,16969154
2007-01-10,15.492441177368164,24.177122116088867,24.201112747192383,23.989999771118164,24.095556259155277,13823885
2007-01-11,15.480151176452637,24.157930374145508,24.460203170776367,24.07156562805176,24.201112747192383,12554189
2007-01-12,15.510889053344728,24.205909729003903,24.225101470947266,23.99479866027832,24.02358627319336,11189454
2007-01-16,15.560077667236328,24.282678604125977,24.41222381591797,24.17232322692871,24.234697341918945,12213214
2007-01-17,15.849080085754396,24.73369026184082,24.757680892944336,24.253889083862305,24.29707145690918,16784494
2007-01-18,16.230321884155273,25.32864189147949,25.391016006469727,24.94960021972656,24.94960021972656,27157774
2007-01-19,16.454763412475586,25.678895950317383,25.789249420166016,25.50136947631836,25.592531204223636,25347228
2007-01-22,16.393266677856445,25.582935333251957,25.650108337402344,25.41980361938477,25.525360107421875,14853689
2007-01-23,16.411724090576172,25.611724853515625,25.69329071044922,25.429399490356445,25.47738075256348,16214673
2007-01-24,16.4639835357666,25.69329071044922,25.837230682373047,25.371824264526367,25.611724853515625,15993539
2007-01-25,16.16883087158203,25.232681274414062,25.669300079345703,25.15111541748047,25.47738075256348,18078783
2007-01-26,16.156532287597656,25.213489532470703,25.314247131347656,24.925609588623047,25.285459518432617,14243852
2007-01-29,16.190359115600586,25.266267776489254,25.309450149536133,24.71449851989746,24.906417846679688,17678408
2007-01-30,16.353302001953125,25.52056121826172,25.534955978393555,25.295055389404297,25.309450149536133,13542726
2007-01-31,16.294885635375977,25.429399490356445,25.544551849365234,25.223085403442383,25.309450149536133,12249896
2007-02-01,16.254920959472656,25.36702537536621,25.41980361938477,25.059953689575195,25.18950080871582,11863902
2007-02-02,16.193418502807617,25.27106666564941,25.429399490356445,25.16071128845215,25.213489532470703,9661942
2007-02-05,16.141159057617188,25.18950080871582,25.26147079467773,25.03596305847168,25.14151954650879,6987078
2007-02-06,16.128854751586914,25.170307159423828,25.309450149536133,25.05035781860352,25.285459518432617,7121926
2007-02-07,16.12578773498535,25.165510177612305,25.25187492370605,25.03116607666016,25.18950080871582,7338891
2007-02-08,16.030479431152344,25.01677131652832,25.213489532470703,24.9783878326416,25.14151954650879,10063568
2007-02-09,16.07044792175293,25.079145431518555,25.25187492370605,25.01677131652832,25.117530822753903,7892038
2007-02-12,16.208799362182617,25.295055389404297,25.32384490966797,25.06475257873535,25.11273193359375,9011672
2007-02-13,16.20572280883789,25.290258407592773,25.32864189147949,25.1990966796875,25.256671905517575,8092539
2007-02-14,16.2026424407959,25.285459518432617,25.515764236450195,25.27106666564941,25.285459518432617,10593997
2007-02-15,16.2333984375,25.33344078063965,25.37662124633789,24.98798370361328,25.22788429260254,8645894
2007-02-16,16.138090133666992,25.184701919555664,25.33344078063965,25.08394432067871,25.203893661499023,8422259
2007-02-20,16.16576385498047,25.22788429260254,25.27106666564941,25.08394432067871,25.184701919555664,9511463
2007-02-21,16.20572280883789,25.290258407592773,25.32384490966797,25.136722564697266,25.18950080871582,9009796
2007-02-22,16.48550033569336,25.72687530517578,25.760461807250977,25.26147079467773,25.290258407592773,14388704
2007-02-23,16.476280212402344,25.712482452392575,25.79884529113769,25.525360107421875,25.582935333251957,10441851
2007-02-26,16.746837615966797,26.134706497192383,26.225868225097656,25.664501190185547,25.741270065307617,16012922
2007-02-27,16.553142547607422,25.83243179321289,26.341020584106445,25.14151954650879,25.94758415222168,24714673
2007-02-28,16.792949676513672,26.206676483154297,26.417787551879883,25.544551849365234,25.7028865814209,24763235
2007-03-01,16.534692764282227,25.80364418029785,26.245059967041016,25.635713577270508,25.789249420166016,20889746
2007-03-02,16.29796028137207,25.4341983795166,25.741270065307617,25.22788429260254,25.68369483947754,16151313
2007-03-05,16.218017578125,25.309450149536133,25.712482452392575,25.295055389404297,25.33344078063965,15315965
2007-03-06,16.254920959472656,25.36702537536621,25.4677848815918,25.127126693725582,25.429399490356445,20521259
2007-03-07,16.199573516845703,25.280662536621094,25.42460250854492,25.213489532470703,25.26147079467773,16849104
2007-03-08,16.417863845825195,25.621320724487305,25.7028865814209,25.13192367553711,25.280662536621094,16553564
2007-03-09,16.722244262695312,26.09632110595703,26.129907608032227,25.789249420166016,25.885210037231445,21899541
2007-03-12,16.719167709350586,26.091524124145508,26.149099349975582,26.02435111999512,26.120311737060547,13325761
2007-03-13,16.63615608215332,25.96197891235352,26.24985885620117,25.894805908203125,25.90920066833496,17118591
2007-03-14,16.531627655029297,25.79884529113769,26.038745880126957,25.654905319213867,26.00515937805176,16017924
2007-03-15,16.48857879638672,25.731674194335938,25.90920066833496,25.58773422241211,25.750865936279297,10464152
2007-03-16,16.25798988342285,25.371824264526367,25.669300079345703,25.33344078063965,25.640512466430664,20299291
2007-03-19,16.350229263305664,25.515764236450195,25.563743591308597,25.371824264526367,25.438995361328125,12307628
2007-03-20,16.749910354614258,26.139503479003903,26.139503479003903,25.44379425048828,25.544551849365234,17536890
2007-03-21,16.811403274536133,26.235464096069336,26.29303932189941,26.00515937805176,26.05314064025879,16533556
2007-03-22,16.756065368652344,26.149099349975582,26.350616455078125,25.913997650146484,25.94758415222168,13735723
2007-03-23,16.559293746948242,25.84202766418457,26.225868225097656,25.789249420166016,26.21147346496582,13322009
2007-03-26,17.598474502563477,27.46375274658203,27.47334861755371,26.41299057006836,26.42738342285156,47897249
2007-03-27,17.40169906616211,27.156679153442383,27.458953857421875,27.070316314697266,27.25263977050781,29693414
2007-03-28,17.143451690673828,26.75364875793457,27.11349868774414,26.633697509765625,26.98395156860352,16386828
2007-03-29,17.1588191986084,26.777637481689453,26.94076919555664,26.393798828125,26.398595809936523,17924343
2007-03-30,17.155738830566406,26.77284049987793,26.90238571166992,26.585718154907227,26.6289005279541,11992080
2007-04-02,17.1588191986084,26.777637481689453,26.988750457763672,26.465768814086918,26.77284049987793,13061067
2007-04-03,17.423233032226562,27.190265655517575,27.223852157592773,26.859203338623047,26.873598098754883,15136932
2007-04-04,17.306400299072266,27.00794219970703,27.329408645629883,26.92637634277344,27.16147804260254,10351188
2007-04-05,17.53083610534668,27.35819625854492,27.4013786315918,27.012739181518555,27.04632568359375,10560233
2007-04-09,17.58926010131836,27.449357986450195,27.574106216430664,27.25263977050781,27.372589111328125,13350146
2007-04-10,17.543128967285156,27.37738800048828,27.506933212280277,27.30061912536621,27.449357986450195,11568570
2007-04-11,17.62508201599121,27.34860038757324,27.593297958374023,26.95036506652832,27.228649139404297,13570446
2007-04-12,17.751855850219727,27.545318603515625,27.60769271850586,27.23824691772461,27.25263977050781,10219050
2007-04-13,18.085798263549805,28.063501358032227,28.14506721496582,27.554914474487305,27.559711456298828,14888704
2007-04-16,18.20639419555664,28.25062370300293,28.332189559936523,28.13547134399414,28.20744132995605,10061276
2007-04-17,18.24349975585937,28.30820083618164,28.500120162963867,28.140270233154297,28.140270233154297,12598166
2007-04-18,17.943559646606445,27.84279441833496,28.11627960205078,27.34860038757324,27.49254035949707,25099416
2007-04-19,17.69928550720215,27.46375274658203,27.933956146240234,27.310216903686523,27.72764205932617,16780742
2007-04-20,17.887908935546875,27.75642967224121,27.8236026763916,27.449357986450195,27.79481315612793,15603168
2007-04-23,17.69001007080078,27.449357986450195,27.732440948486328,27.39657974243164,27.588499069213867,10998541
2007-04-24,17.67763900756836,27.43016624450684,27.478145599365234,27.1326904296875,27.38698387145996,11378491
2007-04-25,17.798234939575195,27.61728858947754,27.70845031738281,27.43016624450684,27.468549728393555,8261150
2007-04-26,17.597248077392578,27.305418014526367,27.655672073364254,26.71046638488769,26.868799209594727,11577949
2007-04-27,17.55086326599121,27.233448028564453,27.42057037353516,26.92637634277344,27.156679153442383,11226344
2007-04-30,17.507579803466797,27.16627693176269,27.315013885498047,27.04632568359375,27.315013885498047,10921009
2007-05-01,17.62816619873047,27.35339736938477,27.43976211547852,27.07511329650879,27.137487411499023,9612755
2007-05-02,17.68383026123047,27.43976211547852,27.506933212280277,27.20466041564941,27.38218688964844,8968945
2007-05-03,17.751855850219727,27.545318603515625,27.588499069213867,27.39657974243164,27.52132797241211,7475198
2007-05-04,18.02704429626465,27.972339630126957,28.010723114013672,27.526126861572266,27.60769271850586,10452897
2007-05-07,18.22804069519043,28.284210205078125,28.3753719329834,28.097087860107425,28.21703720092773,11937057
2007-05-08,18.194021224975582,28.23143196105957,28.26501846313477,27.953147888183597,28.25542259216309,7418091
2007-05-09,18.1445369720459,28.1546630859375,28.327392578125,27.93875312805176,28.11627960205078,8826178
2007-05-10,17.727115631103516,27.506933212280277,28.1546630859375,27.506933212280277,28.1546630859375,10251980
2007-05-11,17.884815216064453,27.751632690429688,27.761228561401367,27.38698387145996,27.516529083251957,8658191
2007-05-14,17.918821334838867,27.80441093444824,27.87638092041016,27.564510345458984,27.75642967224121,9076699
2007-05-15,18.1445369720459,28.1546630859375,28.428150177001957,27.90036964416504,28.001127243041992,12775531
2007-05-16,18.271333694458008,28.351381301879883,28.466533660888672,28.1066837310791,28.30820083618164,9468529
2007-05-17,18.212574005126957,28.26021957397461,28.33698844909668,28.087491989135746,28.30820083618164,6402043
2007-05-18,18.37645721435547,28.514514923095703,28.548099517822266,28.1066837310791,28.298603057861328,9648604
2007-05-21,18.12908935546875,28.130674362182617,28.47612953186035,28.068300247192383,28.428150177001957,9604210
2007-05-22,17.838430404663086,27.679662704467773,28.068300247192383,27.631681442260746,28.015522003173828,12513756
2007-05-23,17.69001007080078,27.449357986450195,27.857187271118164,27.41097450256348,27.684459686279297,10562943
2007-05-24,17.45810317993164,27.089508056640625,27.588499069213867,26.873598098754883,27.415771484375,15207170
2007-05-25,17.430269241333008,27.04632568359375,27.219053268432617,26.42258644104004,26.42258644104004,11956023
2007-05-29,17.5168514251709,27.1806697845459,27.295822143554688,26.90718460083008,26.95036506652832,11822426
2007-05-30,17.266393661499023,26.79203224182129,27.1806697845459,26.63849639892578,27.156679153442383,14392455
2007-05-31,17.424091339111328,27.03672981262207,27.1326904296875,26.77284049987793,26.80162811279297,14242601
2007-06-01,17.408628463745117,27.012739181518555,27.20466041564941,26.830415725708008,27.03672981262207,10357024
2007-06-04,17.198366165161133,26.68647575378418,26.9455680847168,26.475364685058597,26.63849639892578,14597749
2007-06-05,17.158161163330078,26.624101638793945,26.768041610717773,26.35541343688965,26.768041610717773,13826178
2007-06-06,16.92625617980957,26.26425170898437,26.48016166687012,26.139503479003903,26.45137405395508,15430596
2007-06-07,16.691251754760742,25.89960479736328,26.341020584106445,25.83243179321289,26.1730899810791,13723426
2007-06-08,16.7871150970459,26.048341751098636,26.077129364013672,25.731674194335938,25.90920066833496,12291997
2007-06-11,16.71599006652832,25.93798828125,26.153898239135746,25.88041114807129,25.96197891235352,7607545
2007-06-12,16.493356704711914,25.592531204223636,25.87081527709961,25.55894660949707,25.755664825439453,13334931
2007-06-13,16.756195068359375,26.000362396240234,26.04354476928711,25.525360107421875,25.789249420166016,11190704
2007-06-14,16.756195068359375,26.000362396240234,26.1730899810791,25.91879653930664,26.00515937805176,8666945
2007-06-15,16.92007827758789,26.25465583801269,26.41299057006836,26.029150009155277,26.134706497192383,13195915
2007-06-18,16.864412307739258,26.168291091918945,26.302635192871094,26.000362396240234,26.25465583801269,9923510
2007-06-19,16.90770149230957,26.235464096069336,26.29303932189941,26.019554138183597,26.081928253173828,10111922
2007-06-20,16.78401756286621,26.04354476928711,26.494556427001957,26.029150009155277,26.35541343688965,16294289
2007-06-21,16.635602951049805,25.81324005126953,26.038745880126957,25.611724853515625,25.99556350708008,9994373
2007-06-22,16.34493637084961,25.362228393554688,25.913997650146484,25.33344078063965,25.760461807250977,17315548
2007-06-25,16.71289825439453,25.933189392089844,26.33622169494629,25.42460250854492,25.53975486755371,19822426
2007-06-26,16.68816375732422,25.894805908203125,26.6289005279541,25.827634811401367,26.6289005279541,16454564
2007-06-27,16.68816375732422,25.894805908203125,25.92839241027832,25.621320724487305,25.755664825439453,11567945
2007-06-28,16.61086654663086,25.77485656738281,25.90920066833496,25.68369483947754,25.894805908203125,9635473
2007-06-29,16.55829429626465,25.69329071044922,26.44657516479492,25.54935073852539,25.760461807250977,11347645
2007-07-02,16.79638671875,26.06273651123047,26.08672523498535,25.827634811401367,25.904401779174805,11009379
2007-07-03,16.79638671875,26.06273651123047,26.144302368164062,25.96677589416504,26.077129364013672,4027511
2007-07-05,16.768556594848633,26.019554138183597,26.235464096069336,25.789249420166016,26.120311737060547,6923301
2007-07-06,16.697439193725586,25.90920066833496,26.115514755249023,25.85162353515625,26.067533493041992,7504377
2007-07-09,16.60776710510254,25.770057678222656,25.990766525268555,25.74606704711914,25.90920066833496,6106503
2007-07-10,16.36348533630371,25.391016006469727,25.904401779174805,25.32864189147949,25.611724853515625,13456440
2007-07-11,16.554840087890625,25.5301570892334,25.57813835144043,25.203893661499023,25.36702537536621,16503126
2007-07-12,16.7259464263916,25.79404830932617,25.85162353515625,24.901620864868164,24.901620864868164,28102334
2007-07-13,16.564163208007812,25.544551849365234,25.789249420166016,25.534955978393555,25.69329071044922,10062526
2007-07-16,16.663728713989258,25.698087692260746,25.770057678222656,25.50136947631836,25.54935073852539,11256774
2007-07-17,16.6108341217041,25.61652183532715,25.750865936279297,25.50136947631836,25.669300079345703,12257399
2007-07-18,16.7072811126709,25.765260696411133,26.374605178833008,25.698087692260746,25.90920066833496,21692997
2007-07-19,16.900171279907227,26.06273651123047,26.235464096069336,25.707683563232425,26.21147346496582,13099833
2007-07-20,16.449050903320312,25.36702537536621,26.134706497192383,25.285459518432617,26.05314064025879,15715715
2007-07-23,16.77573013305664,25.87081527709961,26.341020584106445,25.53975486755371,25.59733009338379,13106086
2007-07-24,16.33704376220703,25.194297790527344,26.00515937805176,25.045560836791992,25.525360107421875,18363068
2007-07-25,16.271709442138672,25.09354019165039,25.381420135498047,24.800861358642575,25.314247131347656,16452272
2007-07-26,15.89525032043457,24.51298141479492,24.94960021972656,24.32106208801269,24.89202308654785,18796790
2007-07-27,15.565462112426758,24.00439453125,24.632932662963867,23.989999771118164,24.51778030395508,18759692
2007-07-30,15.811253547668455,24.38343620300293,24.685710906982425,23.788484573364254,24.685710906982425,15377241
2007-07-31,15.770809173583984,24.32106208801269,24.70490264892578,24.196313858032227,24.613740921020508,15923718
2007-08-01,15.85169506072998,24.445810317993164,24.64732551574707,24.028383255004883,24.215505599975582,16760317
2007-08-02,15.932591438293455,24.570558547973636,24.73369026184082,24.388233184814453,24.5561637878418,13657774
2007-08-03,15.89525032043457,24.51298141479492,25.0119743347168,24.46980094909668,24.541770935058597,17713839
2007-08-06,16.526830673217773,25.48697662353516,25.611724853515625,24.58495140075684,25.00717544555664,18783868
2007-08-07,16.893953323364258,26.05314064025879,26.43218231201172,25.18950080871582,26.225868225097656,25201542
2007-08-08,17.516202926635742,27.012739181518555,27.012739181518555,26.077129364013672,26.868799209594727,21643602
2007-08-09,17.089962005615234,26.35541343688965,27.305418014526367,26.30743408203125,27.305418014526367,19760108
2007-08-10,17.180192947387695,26.494556427001957,26.6289005279541,25.299854278564453,26.33142471313477,15974573
2007-08-13,16.766403198242188,25.856422424316406,26.4897575378418,25.635713577270508,26.4897575378418,16818049
2007-08-14,16.324600219726562,25.175106048583984,26.02435111999512,25.079145431518555,25.981170654296875,13823885
2007-08-15,16.287263870239258,25.117530822753903,25.731674194335938,24.94960021972656,25.127126693725582,11348479
2007-08-16,16.134811401367188,24.88242721557617,25.15111541748047,24.36424446105957,25.069549560546875,17383285
2007-08-17,16.405498504638672,25.299854278564453,25.789249420166016,24.82965087890625,25.52056121826172,16513130
2007-08-20,16.299705505371094,25.136722564697266,25.5301570892334,24.95919609069824,25.266267776489254,8661317
2007-08-21,16.290380477905273,25.12232780456543,25.27106666564941,24.77687263488769,24.901620864868164,7819925
2007-08-22,16.221935272216797,25.01677131652832,25.400611877441406,24.81525611877441,25.184701919555664,11213839
2007-08-23,16.228151321411133,25.0263671875,25.22788429260254,24.86323547363281,25.1990966796875,9213631
2007-08-24,16.343271255493164,25.203893661499023,25.275863647460938,24.844043731689453,25.069549560546875,8809504
2007-08-27,16.181480407714844,24.95439720153809,25.13192367553711,24.901620864868164,25.10313606262207,7373906
2007-08-28,15.801909446716309,24.369041442871094,24.901620864868164,24.32585906982422,24.84884262084961,11859525
2007-08-29,16.019699096679688,24.70490264892578,24.738487243652344,24.15313148498535,24.397829055786133,12620675
2007-08-30,15.991706848144531,24.661720275878903,24.81525611877441,24.484193801879883,24.748083114624023,10001251
2007-08-31,16.150367736816406,24.906417846679688,25.00237846374512,24.52737617492676,24.709699630737305,10318258
2007-09-04,16.047698974609375,24.748083114624023,24.89202308654785,24.5561637878418,24.86323547363281,10141309
2007-09-05,16.091266632080078,24.81525611877441,24.87763023376465,24.541770935058597,24.589750289916992,8823468
2007-09-06,16.458385467529297,25.381420135498047,25.45339012145996,24.80566024780273,24.925609588623047,11488954
2007-09-07,16.134811401367188,24.88242721557617,25.275863647460938,24.70490264892578,25.01677131652832,10560442
2007-09-10,16.078819274902344,24.79606437683105,25.17990493774414,24.738487243652344,24.944801330566406,7304502
2007-09-11,16.16592025756836,24.930408477783203,25.00237846374512,24.599346160888672,24.901620864868164,13340559
2007-09-12,16.256147384643555,25.069549560546875,25.213489532470703,24.85843849182129,24.911216735839844,8935181
2007-09-13,16.228151321411133,25.0263671875,25.42460250854492,24.940004348754883,25.285459518432617,10907878
2007-09-14,16.20948600769043,24.99757957458496,25.08394432067871,24.84884262084961,24.920812606811523,8456440
2007-09-17,16.175262451171875,24.944801330566406,25.08394432067871,24.71449851989746,24.906417846679688,8405377
2007-09-18,16.676172256469727,25.7172794342041,25.779653549194336,25.01677131652832,25.107934951782227,18119842
2007-09-19,16.785066604614258,25.885210037231445,26.00515937805176,25.60692596435547,25.81324005126953,12706336
2007-09-20,16.704160690307617,25.760461807250977,26.115514755249023,25.722078323364254,25.80364418029785,12359108
2007-09-21,16.937511444091797,26.120311737060547,26.25465583801269,25.760461807250977,26.04354476928711,15136098
2007-09-24,16.75705337524414,25.84202766418457,26.067533493041992,25.77485656738281,26.009958267211918,12751146
2007-09-25,16.909517288208008,26.077129364013672,26.235464096069336,25.73647117614746,25.789249420166016,8464569
2007-09-26,16.800613403320312,25.90920066833496,26.23066520690918,25.688491821289062,26.029150009155277,15665486
2007-09-27,16.816173553466797,25.933189392089844,26.139503479003903,25.86121940612793,26.05314064025879,7353689
2007-09-28,16.682392120361328,25.72687530517578,25.981170654296875,25.626117706298828,25.86601829528809,8573781
2007-10-01,17.177064895629883,26.4897575378418,26.52814292907715,25.698087692260746,25.698087692260746,13657566
2007-10-02,17.25486183166504,26.609708786010746,26.777637481689453,26.41299057006836,26.43697929382324,11327845
2007-10-03,17.276634216308594,26.643293380737305,26.80162811279297,26.34581756591797,26.40339469909668,9706544
2007-10-04,17.27974510192871,26.64809226989746,27.18546867370605,26.57132339477539,26.74405288696289,5623176
2007-10-05,17.111743927001953,26.388999938964844,26.859203338623047,26.312231063842773,26.820819854736328,13983535
2007-10-08,17.093074798583984,26.360212326049805,26.556930541992188,26.25465583801269,26.42738342285156,5505211
2007-10-09,17.06818389892578,26.32182884216309,26.624101638793945,26.1730899810791,26.398595809936523,9318883
2007-10-10,16.875288009643555,26.02435111999512,26.59051513671875,25.86601829528809,26.46096992492676,14849312
2007-10-11,16.701576232910156,25.602127075195312,25.72687530517578,25.16071128845215,25.573339462280277,23585035
2007-10-12,16.47621726989746,25.256671905517575,25.59733009338379,25.13192367553711,25.56854248046875,16902459
2007-10-15,16.2508602142334,24.911216735839844,25.31904602050781,24.642528533935547,25.290258407592773,16241559
2007-10-16,16.26650619506836,24.935205459594727,25.08394432067871,24.77207374572754,25.00237846374512,18149854
2007-10-17,16.025503158569336,24.56575965881348,25.4677848815918,24.47939682006836,24.99757957458496,28645477
2007-10-18,16.172607421875,24.7912654876709,24.96399307250977,24.560962677001957,24.613740921020508,12289912
2007-10-19,16.08809471130371,24.661720275878903,25.08394432067871,24.632932662963867,24.728891372680664,16081492
2007-10-22,16.163217544555664,24.77687263488769,24.86323547363281,24.234697341918945,24.42181968688965,15767403
2007-10-23,16.219552993774414,24.86323547363281,25.117530822753903,24.35944557189941,24.35944557189941,8735932
2007-10-24,16.545076370239258,25.362228393554688,25.40541076660156,24.642528533935547,24.95439720153809,17224885
2007-10-25,16.861202239990234,25.846826553344727,25.942785263061523,25.266267776489254,25.36702537536621,16599000
2007-10-26,16.92380142211914,25.942785263061523,26.077129364013672,25.856422424316406,26.038745880126957,11847020
2007-10-29,17.042736053466797,26.125110626220703,26.18268585205078,25.971574783325195,25.971574783325195,8145269
2007-10-30,17.105337142944336,26.2210693359375,26.25945472717285,25.971574783325195,26.029150009155277,13158608
2007-10-31,17.095951080322266,26.206676483154297,26.26425170898437,25.88041114807129,26.2210693359375,13141309
2007-11-01,16.939453125,25.96677589416504,26.42258644104004,25.894805908203125,26.177888870239254,11938933
2007-11-02,16.91754150390625,25.933189392089844,26.7248592376709,25.7172794342041,26.70566749572754,11051480
2007-11-05,16.90814971923828,25.91879653930664,26.149099349975582,25.7172794342041,26.149099349975582,9700709
2007-11-06,17.008310317993164,26.07233238220215,26.149099349975582,25.88041114807129,25.93798828125,7353897
2007-11-07,16.823644638061523,25.789249420166016,26.28344345092773,25.72687530517578,25.72687530517578,11356815
2007-11-08,16.876853942871094,25.87081527709961,25.94758415222168,25.40541076660156,25.81324005126953,14291788
2007-11-09,16.939453125,25.96677589416504,26.27384757995605,25.582935333251957,25.582935333251957,13231346
2007-11-12,17.11159896850586,26.23066520690918,26.614505767822266,25.96677589416504,25.96677589416504,12048145
2007-11-13,17.24932098388672,26.4417781829834,26.4897575378418,25.73647117614746,26.398595809936523,13307211
2007-11-14,16.99892807006836,26.057937622070312,26.614505767822266,26.01475524902344,26.614505767822266,11921842
2007-11-15,17.05213165283203,26.139503479003903,26.365009307861328,26.00515937805176,26.00515937805176,11977699
2007-11-16,17.28061866760254,26.4897575378418,26.494556427001957,26.129907608032227,26.302635192871094,13482493
2007-11-19,17.15855598449707,26.302635192871094,26.50894927978516,26.2210693359375,26.32182884216309,10269487
2007-11-20,17.39642906188965,26.66728401184082,26.77284049987793,26.29303932189941,26.398595809936523,13701959
2007-11-21,17.1303768157959,26.25945472717285,26.624101638793945,26.177888870239254,26.393798828125,11677157
2007-11-23,17.36825942993164,26.624101638793945,26.6289005279541,26.25945472717285,26.484960556030277,4326803
2007-11-26,16.980140686035156,26.029150009155277,26.643293380737305,25.96197891235352,26.57132339477539,9097957
2007-11-27,17.499719619750977,26.825618743896484,26.868799209594727,26.029150009155277,26.101119995117188,16489787
2007-11-28,17.659347534179688,27.070316314697266,27.108699798583984,26.49935340881348,26.90238571166992,13582326
2007-11-29,17.84088706970215,27.34860038757324,27.574106216430664,26.74884986877441,27.089508056640625,16180700
2007-11-30,18.000516891479492,27.593297958374023,27.90996551513672,27.372589111328125,27.83319854736328,25209879
2007-12-03,17.84402084350586,27.35339736938477,27.569307327270508,27.14228630065918,27.516529083251957,12989162
2007-12-04,17.99738883972168,27.588499069213867,27.689258575439453,27.137487411499023,27.137487411499023,12892038
2007-12-05,18.20396041870117,27.905168533325195,27.905168533325195,27.578903198242188,27.80441093444824,10698624
2007-12-06,18.200830459594727,27.90036964416504,27.972339630126957,27.602893829345703,27.89557266235352,9753856
2007-12-07,18.22274780273437,27.933956146240234,28.068300247192383,27.790016174316406,27.89557266235352,8170905
2007-12-10,18.43558120727539,28.26021957397461,28.380170822143555,27.90036964416504,27.95794677734375,11388912
2007-12-11,18.182048797607425,27.87158203125,28.351381301879883,27.790016174316406,28.245826721191406,13496040
2007-12-12,18.188310623168945,27.88117790222168,28.538503646850582,27.588499069213867,28.068300247192383,19864318
2007-12-13,18.2728214263916,28.010723114013672,28.058704376220703,27.588499069213867,27.76602554321289,8323051
2007-12-14,18.000516891479492,27.593297958374023,28.053905487060547,27.578903198242188,27.83319854736328,9516257
2007-12-17,17.768901824951172,27.23824691772461,27.79961204528809,27.137487411499023,27.564510345458984,10368487
2007-12-18,18.056854248046875,27.679662704467773,27.81400680541992,27.20466041564941,27.46375274658203,12312213
2007-12-19,17.912879943847656,27.458953857421875,27.828399658203125,27.329408645629883,27.62688446044922,7530221
2007-12-20,18.0286808013916,27.6364803314209,27.70845031738281,27.4013786315918,27.602893829345703,8182784
2007-12-21,18.23526382446289,27.953147888183597,28.245826721191406,27.35339736938477,28.13547134399414,19453105
2007-12-24,18.263437271118164,27.99633026123047,28.097087860107425,27.85239028930664,27.89557266235352,2770113
2007-12-26,18.1163272857666,27.770824432373047,28.12587547302246,27.59809684753418,27.90036964416504,7275740
2007-12-27,17.83462905883789,27.33900451660156,27.790016174316406,27.315013885498047,27.670066833496094,7759066
2007-12-28,17.912879943847656,27.458953857421875,27.554914474487305,27.156679153442383,27.38698387145996,7600250
2007-12-31,17.57483673095703,26.94076919555664,27.39657974243164,26.873598098754883,27.319812774658203,10434973
2008-01-02,17.468420028686523,26.777637481689453,27.17587280273437,26.633697509765625,26.94076919555664,11216132
2008-01-03,17.36199951171875,26.614505767822266,26.92157745361328,26.585718154907227,26.81122398376465,10902668
2008-01-04,17.46215057373047,26.768041610717773,27.15188217163086,26.388999938964844,26.4417781829834,12302209
2008-01-07,17.99738883972168,27.588499069213867,27.837995529174805,26.868799209594727,26.878395080566406,20668195
2008-01-08,18.47001075744629,28.312997817993164,28.788000106811523,27.670066833496094,27.670066833496094,21974156
2008-01-09,18.792394638061523,28.807191848754883,28.927141189575195,28.236230850219727,28.26021957397461,20584410
2008-01-10,18.81431007385254,28.84077835083008,29.31098175048828,28.46173667907715,28.538503646850582,17637974
2008-01-11,19.039329528808597,29.02790069580078,29.15264892578125,28.548099517822266,28.634464263916016,16646103
2008-01-14,18.859941482543945,28.754413604736328,29.267799377441406,28.50491714477539,29.20062828063965,15686744
2008-01-15,18.778114318847656,28.62966537475586,28.82638359069824,28.18824958801269,28.3753719329834,16968320
2008-01-16,19.039329528808597,29.02790069580078,29.3013858795166,28.44254493713379,28.44254493713379,20114006
2008-01-17,18.80329322814941,28.66805076599121,29.16224479675293,28.538503646850582,29.16224479675293,17356190
2008-01-18,18.702598571777344,28.514514923095703,29.20062828063965,28.19304847717285,28.807191848754883,20703418
2008-01-22,18.09206962585449,27.583702087402344,28.66805076599121,26.600112915039062,27.003143310546875,25084827
2008-01-23,18.24313163757324,27.81400680541992,27.905168533325195,26.23066520690918,27.468549728393555,27695498
2008-01-24,17.956750869750977,27.37738800048828,28.807191848754883,27.19506454467773,27.90996551513672,16851188
2008-01-25,17.45952033996582,26.619304656982425,27.578903198242188,26.600112915039062,27.49254035949707,18792830
2008-01-28,17.761638641357422,27.079912185668945,27.156679153442383,26.465768814086918,26.604909896850582,17430805
2008-01-29,17.701847076416016,26.988750457763672,27.329408645629883,26.777637481689453,27.19506454467773,15406003
2008-01-30,17.60743522644043,26.844810485839844,27.34860038757324,26.41299057006836,27.243043899536133,19456440
2008-01-31,17.679819107055664,26.95516395568848,27.20466041564941,25.37662124633789,26.494556427001957,21681117
2008-02-01,18.1109619140625,27.612489700317383,27.679662704467773,26.80642509460449,27.199861526489254,18739683
2008-02-04,18.26829719543457,27.85239028930664,28.068300247192383,27.52132797241211,27.622085571289062,14834306
2008-02-05,18.04486656188965,27.51173210144043,27.9195613861084,27.46375274658203,27.837995529174805,13832847
2008-02-06,18.167600631713867,27.698854446411133,28.020320892333984,27.305418014526367,27.646076202392575,18790329
2008-02-07,18.28404235839844,27.87638092041016,27.90996551513672,27.478145599365234,27.679662704467773,15662776
2008-02-08,17.87493324279785,27.25263977050781,27.780420303344727,27.108699798583984,27.780420303344727,11887036
2008-02-11,17.730165481567383,27.031932830810547,27.52132797241211,26.830415725708008,27.30061912536621,9318883
2008-02-12,17.60743522644043,26.844810485839844,27.214256286621094,26.77284049987793,26.873598098754883,19028970
2008-02-13,17.786813735961914,27.118295669555664,27.233448028564453,26.830415725708008,27.099103927612305,9042101
2008-02-14,17.428058624267578,26.57132339477539,27.14228630065918,26.513748168945312,27.099103927612305,11477282
2008-02-15,17.481552124023438,26.652889251708984,26.868799209594727,26.4417781829834,26.523344039916992,13655481
2008-02-19,17.48784637451172,26.662485122680664,27.022335052490234,26.59051513671875,27.012739181518555,10854106
2008-02-20,17.50044059753418,26.681678771972656,26.7248592376709,26.206676483154297,26.556930541992188,12340350
2008-02-21,17.264421463012695,26.32182884216309,26.816022872924805,26.163494110107425,26.72006225585937,22594206
2008-02-22,17.163707733154297,26.168291091918945,26.56172752380371,25.779653549194336,26.43218231201172,12895165
2008-02-25,17.45638656616211,26.614505767822266,26.633697509765625,26.134706497192383,26.27864646911621,8253439
2008-02-26,17.48784637451172,26.662485122680664,26.873598098754883,26.384201049804688,26.537738800048828,8633597
2008-02-27,17.163707733154297,26.168291091918945,26.652889251708984,26.091524124145508,26.44657516479492,10911213
2008-02-28,17.06300926208496,26.01475524902344,26.197080612182617,25.82283592224121,26.03394889831543,10399958
2008-02-29,16.852161407470703,25.69329071044922,25.96677589416504,25.53975486755371,25.96677589416504,11230513
2008-03-03,16.751455307006836,25.53975486755371,25.61652183532715,25.343036651611328,25.60692596435547,11778241
2008-03-04,16.754602432250977,25.544551849365234,25.678895950317383,25.352632522583008,25.352632522583008,12527303
2008-03-05,16.67278289794922,25.41980361938477,25.626117706298828,25.127126693725582,25.47738075256348,10798875
2008-03-06,16.392696380615234,24.99278259277344,25.41980361938477,24.97359085083008,25.34783363342285,12585661
2008-03-07,16.06226348876953,24.48899269104004,25.03116607666016,24.407426834106445,25.03116607666016,14591288
2008-03-10,15.92379379272461,24.27787971496582,24.560962677001957,24.148334503173828,24.560962677001957,11292622
2008-03-11,16.005619049072266,24.40262794494629,24.78646850585937,24.143535614013672,24.34984970092773,17050021
2008-03-12,16.15666389465332,24.632932662963867,24.844043731689453,24.46980094909668,24.49858856201172,10652564
2008-03-13,16.53746795654297,25.213489532470703,25.42460250854492,24.541770935058597,24.589750289916992,17263652
2008-03-14,16.169265747070312,24.652124404907227,25.429399490356445,24.445810317993164,25.429399490356445,14712797
2008-03-17,16.540603637695312,25.21828842163086,25.42460250854492,24.03318214416504,24.114748001098636,15261776
2008-03-18,16.93712615966797,25.82283592224121,25.856422424316406,25.295055389404297,25.645309448242188,12747603
2008-03-19,17.116514205932617,26.09632110595703,26.652889251708984,25.837230682373047,25.894805908203125,14862860
2008-03-20,17.51616859436035,26.70566749572754,26.76324462890625,26.115514755249023,26.235464096069336,25449145
2008-03-24,17.44379234313965,26.595314025878903,26.816022872924805,26.350616455078125,26.768041610717773,11847853
2008-03-25,17.160558700561523,26.163494110107425,26.820819854736328,26.105918884277344,26.55213165283203,12756565
2008-03-26,17.003211975097656,25.923593521118164,26.081928253173828,25.80844116210937,25.86121940612793,12005836
2008-03-27,16.852161407470703,25.69329071044922,26.081928253173828,25.626117706298828,26.03394889831543,10788662
2008-03-28,16.701107025146484,25.46298599243164,26.009958267211918,25.40541076660156,25.770057678222656,10103793
2008-03-31,17.35567855834961,26.46096992492676,26.58091926574707,25.72687530517578,25.818038940429688,20083785
2008-04-01,17.38085174560547,26.49935340881348,26.58091926574707,26.00515937805176,26.484960556030277,15207378
2008-04-02,17.08818817138672,26.05314064025879,26.566526412963867,25.971574783325195,26.532939910888672,10671321
2008-04-03,17.160558700561523,26.163494110107425,26.47056579589844,25.96197891235352,25.96197891235352,7391622
2008-04-04,17.25811195373535,26.312231063842773,26.43218231201172,26.02435111999512,26.153898239135746,6138599
2008-04-07,17.26755714416504,26.32662582397461,26.532939910888672,26.163494110107425,26.45137405395508,5576907
2008-04-08,16.99376678466797,25.90920066833496,26.31702995300293,25.87081527709961,26.149099349975582,9174448
2008-04-09,16.95285987854004,25.846826553344727,26.07233238220215,25.678895950317383,25.87081527709961,17835348
2008-04-10,16.965452194213867,25.86601829528809,26.048341751098636,25.7028865814209,25.933189392089844,8805752
2008-04-11,16.727842330932617,25.33344078063965,25.818038940429688,25.33344078063965,25.818038940429688,14015215
2008-04-14,16.623292922973633,25.175106048583984,25.381420135498047,25.069549560546875,25.37662124633789,12708629
2008-04-15,16.445873260498047,24.906417846679688,25.37662124633789,24.73369026184082,25.14151954650879,16660900
2008-04-16,16.268457412719727,24.63772964477539,25.343036651611328,24.49858856201172,25.213489532470703,27555440
2008-04-17,16.13538932800293,24.436214447021484,24.87763023376465,24.37384033203125,24.73369026184082,29667153
2008-04-18,16.068866729736328,24.33545684814453,24.719295501708984,24.225101470947266,24.60894203186035,28168404
2008-04-21,16.008665084838867,24.244293212890625,24.39303207397461,24.03318214416504,24.253889083862305,21658816
2008-04-22,16.00550079345703,24.2394962310791,24.34025382995605,24.105152130126957,24.253889083862305,18677782
2008-04-23,16.018177032470703,24.25868797302246,24.42181968688965,24.210708618164062,24.378637313842773,24663610
2008-04-24,15.98015308380127,24.201112747192383,24.46980094909668,24.167526245117188,24.244293212890625,23896832
2008-04-25,16.246280670166016,24.604143142700195,24.73369026184082,24.32106208801269,24.36424446105957,17939350
2008-04-28,16.350826263427734,24.76247787475586,25.05035781860352,24.46980094909668,24.81525611877441,17441851
2008-04-29,16.943279266357422,25.659704208374023,25.818038940429688,25.41500663757324,25.582935333251957,33503335
2008-04-30,16.711999893188477,25.309450149536133,25.81324005126953,25.232681274414062,25.765260696411133,18378699
2008-05-01,16.971782684326172,25.7028865814209,25.885210037231445,25.18950080871582,25.22788429260254,24907253
2008-05-02,16.845056533813477,25.51096534729004,26.05314064025879,25.429399490356445,25.894805908203125,13741976
2008-05-05,16.79120635986328,25.429399490356445,25.602127075195312,25.290258407592773,25.54935073852539,7877032
2008-05-06,16.65814208984375,25.22788429260254,25.707683563232425,24.87283134460449,25.707683563232425,10995623
2008-05-07,16.24944496154785,24.60894203186035,25.275863647460938,24.599346160888672,25.194297790527344,13808253
2008-05-08,16.246280670166016,24.604143142700195,25.146318435668945,24.484193801879883,24.748083114624023,9808670
2008-05-09,16.404693603515625,24.844043731689453,24.95439720153809,24.229900360107425,24.580154418945312,13753647
2008-05-12,16.72150421142578,25.32384490966797,25.37662124633789,24.935205459594727,24.95439720153809,16798666
2008-05-13,17.2347412109375,26.101119995117188,26.388999938964844,25.438995361328125,25.438995361328125,28475823
2008-05-14,17.370969772338867,26.30743408203125,26.484960556030277,26.101119995117188,26.168291091918945,15325969
2008-05-15,17.383647918701172,26.32662582397461,26.47056579589844,26.038745880126957,26.374605178833008,15070654
2008-05-16,17.33296012878418,26.24985885620117,26.388999938964844,26.153898239135746,26.33142471313477,9899958
2008-05-19,17.440683364868164,26.41299057006836,26.4897575378418,26.168291091918945,26.235464096069336,8583576
2008-05-20,17.323448181152344,26.235464096069336,26.532939910888672,26.129907608032227,26.43697929382324,10568362
2008-05-21,17.222070693969727,26.081928253173828,26.604909896850582,26.029150009155277,26.33142471313477,10732805
2008-05-22,17.3773136138916,26.31702995300293,26.365009307861328,25.90920066833496,26.029150009155277,9997916
2008-05-23,17.19038963317871,26.03394889831543,26.28344345092773,25.97637176513672,26.245059967041016,9536890
2008-05-27,17.294939041137695,26.19228172302246,26.374605178833008,26.03394889831543,26.048341751098636,9119425
2008-05-28,17.139698028564453,25.95718002319336,26.30743408203125,25.789249420166016,26.30743408203125,9727178
2008-05-29,17.72896957397461,26.849607467651367,27.03672981262207,25.99556350708008,25.99556350708008,15638183
2008-05-30,17.852535247802734,27.03672981262207,27.18546867370605,26.768041610717773,26.878395080566406,13974990
2008-06-02,17.6402645111084,26.71526336669922,26.96475982666016,26.513748168945312,26.79203224182129,12901626
2008-06-03,17.65611457824707,26.73925399780273,27.3677921295166,26.614505767822266,26.844810485839844,15108795
2008-06-04,17.741647720336914,26.868799209594727,26.91678047180176,26.4897575378418,26.73925399780273,12536682
2008-06-05,17.65611457824707,26.73925399780273,26.868799209594727,26.4897575378418,26.4897575378418,10091705
2008-06-06,17.348798751831055,26.27384757995605,26.691274642944336,26.245059967041016,26.66728401184082,12369112
2008-06-09,17.355134963989258,26.28344345092773,26.523344039916992,26.07233238220215,26.49935340881348,7176949
2008-06-10,17.180883407592773,26.019554138183597,26.25945472717285,25.894805908203125,26.149099349975582,8776990
2008-06-11,16.94961166381836,25.669300079345703,26.139503479003903,25.47738075256348,25.90920066833496,10951021
2008-06-12,17.085832595825195,25.87561416625977,25.95718002319336,25.678895950317383,25.789249420166016,8819925
2008-06-13,17.142866134643555,25.96197891235352,26.07233238220215,25.80844116210937,25.99556350708008,7725511
2008-06-16,17.212574005126953,26.067533493041992,26.120311737060547,25.602127075195312,25.741270065307617,10562318
2008-06-17,16.971782684326172,25.7028865814209,26.504152297973636,25.698087692260746,26.149099349975582,12349312
2008-06-18,16.8260498046875,25.482177734375,25.84202766418457,25.429399490356445,25.592531204223636,10496040
2008-06-19,17.152376174926758,25.97637176513672,26.105918884277344,25.429399490356445,25.482177734375,11890788
2008-06-20,16.90209197998047,25.59733009338379,26.06273651123047,25.47258186340332,25.72687530517578,13924760
2008-06-23,17.19989013671875,26.048341751098636,26.163494110107425,25.60692596435547,25.654905319213867,12855773
2008-06-24,17.02881622314453,25.789249420166016,26.048341751098636,25.61652183532715,25.904401779174805,12797832
2008-06-25,16.959115982055664,25.68369483947754,25.90920066833496,25.482177734375,25.83243179321289,15658816
2008-06-26,16.708829879760742,25.304651260375977,25.84202766418457,25.2470760345459,25.84202766418457,13405377
2008-06-27,16.79120635986328,25.429399490356445,25.59733009338379,25.21828842163086,25.280662536621094,15937266
2008-06-30,16.781705856323242,25.41500663757324,25.669300079345703,25.23748016357422,25.41500663757324,17982910
2008-07-01,17.17454719543457,26.009958267211918,26.04354476928711,25.25187492370605,25.285459518432617,16509587
2008-07-02,17.184049606323242,26.02435111999512,26.360212326049805,25.95718002319336,26.081928253173828,10997916
2008-07-03,17.345630645751953,26.26905059814453,26.47056579589844,26.04354476928711,26.365009307861328,16898291
2008-07-07,17.168210983276367,26.000362396240234,26.388999938964844,25.770057678222656,26.32662582397461,13909337
2008-07-08,18.175691604614254,27.526126861572266,27.53092384338379,26.06273651123047,26.144302368164062,32350354
2008-07-09,18.02995491027832,27.305418014526367,27.790016174316406,27.18546867370605,27.276630401611328,17550438
2008-07-10,18.169353485107425,27.516529083251957,27.588499069213867,27.070316314697266,27.305418014526367,15486870
2008-07-11,17.990808486938477,27.07511329650879,27.26703453063965,26.662485122680664,27.25743865966797,15666111
2008-07-14,17.92386245727539,26.97435569763184,27.51173210144043,26.873598098754883,27.276630401611328,12992288
2008-07-15,18.443532943725582,27.75642967224121,27.89077377319336,26.825618743896484,27.06551742553711,26424760
2008-07-16,18.162973403930664,27.334205627441406,28.068300247192383,27.156679153442383,27.972339630126957,25375782
2008-07-17,18.33194923400879,27.588499069213867,27.818803787231445,26.42738342285156,27.39657974243164,20353689
2008-07-18,18.35744857788086,27.62688446044922,27.99633026123047,27.497337341308597,27.713247299194336,22540434
2008-07-21,18.10239601135254,27.243043899536133,27.818803787231445,26.90718460083008,27.497337341308597,16922051
2008-07-22,18.39252281188965,27.679662704467773,28.178653717041016,27.10390281677246,27.10390281677246,25117549
2008-07-23,18.16935539245605,27.34380149841309,27.8236026763916,27.25743865966797,27.751632690429688,16933931
2008-07-24,18.159786224365234,27.329408645629883,27.655672073364254,27.10390281677246,27.30061912536621,16197582
2008-07-25,18.30643653869629,27.55011558532715,27.593297958374023,27.26703453063965,27.48294448852539,10685286
2008-07-28,17.920677185058594,26.969558715820312,27.43496322631836,26.90238571166992,27.43496322631836,12824719
2008-07-29,17.834592819213867,26.840011596679688,27.39178276062012,26.70566749572754,27.310216903686523,18965611
2008-07-30,18.12471389770508,27.276630401611328,27.679662704467773,26.758445739746094,26.91678047180176,19925177
2008-07-31,17.962116241455078,27.031932830810547,27.670066833496094,26.92637634277344,27.15188217163086,16797416
2008-08-01,17.876039505004883,26.90238571166992,27.4013786315918,26.787233352661133,27.031932830810547,12198416
2008-08-04,18.25542259216309,27.47334861755371,27.76602554321289,26.835214614868164,26.90238571166992,16500625
2008-08-05,18.717714309692383,28.169057846069336,28.18345260620117,27.45415687561035,27.578903198242188,19496665
2008-08-06,18.74003028869629,28.20264434814453,28.3753719329834,27.991531372070312,28.039512634277344,14855356
2008-08-07,18.60613250732422,28.001127243041992,28.298603057861328,27.828399658203125,28.140270233154297,10640892
2008-08-08,18.81973648071289,28.322593688964844,28.399362564086918,27.90036964416504,27.90036964416504,15915590
2008-08-11,18.77827835083008,28.26021957397461,28.389766693115234,28.044309616088867,28.341785430908203,10456649
2008-08-12,18.77190971374512,28.25062370300293,28.45214080810547,28.077896118164062,28.077896118164062,10556482
2008-08-13,18.63482093811035,28.044309616088867,28.428150177001957,27.89557266235352,28.26981544494629,10503335
2008-08-14,18.71452522277832,28.16426086425781,28.45214080810547,27.646076202392575,27.905168533325195,11021467
2008-08-15,19.007837295532227,28.605676651000977,28.701635360717773,27.962743759155277,28.1546630859375,11544602
2008-08-18,18.797422409057617,28.28900718688965,28.66325187683105,28.1066837310791,28.66325187683105,9091913
2008-08-19,18.76553726196289,28.24102783203125,28.543302536010746,28.073097229003903,28.140270233154297,7046686
2008-08-20,18.59974670410156,27.991531372070312,28.293806076049805,27.770824432373047,28.14506721496582,9884118
2008-08-21,18.50410842895508,27.847591400146484,27.89557266235352,27.593297958374023,27.80441093444824,7952897
2008-08-22,18.64439392089844,28.058704376220703,28.26981544494629,27.83319854736328,27.89557266235352,7083160
2008-08-25,18.414840698242188,27.713247299194336,28.034713745117188,27.497337341308597,28.00592613220215,9139433
2008-08-26,18.354263305664062,27.622085571289062,27.818803787231445,27.39657974243164,27.751632690429688,5438099
2008-08-27,18.402082443237305,27.694055557250977,27.83319854736328,27.49254035949707,27.61728858947754,6652980
2008-08-28,18.73046493530273,28.18824958801269,28.245826721191406,27.713247299194336,27.80920791625977,8403918
2008-08-29,18.30963134765625,27.554914474487305,28.22183609008789,27.554914474487305,28.053905487060547,8286578
2008-09-02,18.813356399536133,28.312997817993164,28.471332550048828,27.612489700317383,27.88597679138184,16227386
2008-09-03,18.46903610229492,27.79481315612793,28.45214080810547,27.70845031738281,28.21224021911621,12567945
2008-09-04,18.035449981689453,27.14228630065918,27.674863815307617,27.08470916748047,27.59809684753418,16498124
2008-09-05,18.17572593688965,27.35339736938477,27.43976211547852,26.849607467651367,26.969558715820312,12934139
2008-09-08,18.6252498626709,28.029916763305664,28.23143196105957,27.506933212280277,27.905168533325195,14039391
2008-09-09,18.325571060180664,27.578903198242188,28.28900718688965,27.545318603515625,28.0922908782959,14741142
2008-09-10,18.45946884155273,27.780420303344727,28.130674362182617,27.42536735534668,27.578903198242188,13577741
2008-09-11,18.909008026123047,28.456937789916992,28.514514923095703,27.684459686279297,27.75642967224121,17807837
2008-09-12,18.8388614654541,28.351381301879883,28.45214080810547,27.88597679138184,28.30820083618164,13680283
2008-09-15,18.64439392089844,28.058704376220703,28.533706665039062,27.8236026763916,27.943552017211918,16234264
2008-09-16,19.06841278076172,28.69683837890625,28.764009475708008,27.588499069213867,27.588499069213867,25385577
2008-09-17,18.252241134643555,27.468549728393555,28.58168601989746,27.108699798583984,28.41375541687012,22637349
2008-09-18,18.5168571472168,27.866783142089844,28.332189559936523,27.1806697845459,27.70845031738281,21911630
2008-09-19,18.717714309692383,28.169057846069336,28.59128189086914,27.70845031738281,28.303401947021484,22835140
2008-09-22,18.21716690063477,27.415771484375,28.26501846313477,27.305418014526367,28.001127243041992,11110671
2008-09-23,18.65394401550293,28.073097229003903,28.39456367492676,27.574106216430664,27.574106216430664,19099000
2008-09-24,18.762346267700195,28.236230850219727,28.408958435058597,27.98673439025879,28.0922908782959,15004377
2008-09-25,18.915380477905277,28.466533660888672,28.65845489501953,28.1546630859375,28.25542259216309,13849521
2008-09-26,18.937700271606445,28.500120162963867,28.59128189086914,28.159461975097656,28.245826721191406,12688829
2008-09-29,18.30005645751953,27.54051971435547,28.634464263916016,27.070316314697266,28.25062370300293,22588995
2008-09-30,18.35744857788086,27.62688446044922,28.284210205078125,27.3677921295166,28.236230850219727,26130888
2008-10-01,18.58380889892578,27.96754264831543,28.068300247192383,27.34860038757324,27.47334861755371,16503752
2008-10-02,18.77827835083008,28.26021957397461,28.754413604736328,27.75642967224121,27.770824432373047,25022718
2008-10-03,18.65394401550293,28.073097229003903,28.66805076599121,27.981935501098636,28.538503646850582,20423301
2008-10-06,17.981243133544922,27.060720443725582,28.19304847717285,26.187484741210938,27.6364803314209,26748854
2008-10-07,17.81546401977539,26.81122398376465,27.943552017211918,26.72965812683105,27.295822143554688,25050229
2008-10-08,17.62735939025879,26.52814292907715,27.295822143554688,25.35742950439453,26.350616455078125,31386619
2008-10-09,16.020526885986328,24.10994911193848,26.72965812683105,24.105152130126957,26.556930541992188,28418508
2008-10-10,15.879236221313477,23.726110458374023,25.059953689575195,21.95084953308105,23.01600646972656,42168195
2008-10-13,17.407756805419922,26.009958267211918,26.369808197021484,24.49858856201172,25.309450149536133,24680283
2008-10-14,17.59078598022461,26.28344345092773,27.42536735534668,25.304651260375977,27.14228630065918,29475823
2008-10-15,17.301780700683594,25.85162353515625,26.91678047180176,25.5301570892334,26.91678047180176,30019175
2008-10-16,17.78346061706543,26.57132339477539,26.868799209594727,24.49378967285156,25.923593521118164,36406836
2008-10-17,17.809141159057617,26.609708786010746,27.943552017211918,25.304651260375977,26.158695220947266,30024177
2008-10-20,18.48027992248535,27.612489700317383,27.8236026763916,26.566526412963867,26.830415725708008,19806378
2008-10-21,17.979333877563477,26.864002227783203,27.75642967224121,26.758445739746094,27.694055557250977,16692580
2008-10-22,17.29536247253418,25.84202766418457,26.74884986877441,25.213489532470703,26.379404067993164,22948312
2008-10-23,17.66785430908203,26.398595809936523,26.979154586791992,25.299854278564453,26.000362396240234,27764277
2008-10-24,17.436643600463867,26.05314064025879,26.672082901000977,24.56575965881348,24.896821975708008,20906211
2008-10-27,17.073787689208984,25.51096534729004,26.475364685058597,25.371824264526367,25.74606704711914,18434348
2008-10-28,17.661436080932617,26.388999938964844,26.54253578186035,25.00717544555664,26.03394889831543,27886828
2008-10-29,17.39490509033203,25.990766525268555,26.6289005279541,25.41500663757324,26.35541343688965,21084410
2008-10-30,17.5201416015625,26.177888870239254,26.868799209594727,25.52056121826172,26.6768798828125,16949979
2008-10-31,17.709596633911133,26.46096992492676,26.868799209594727,25.91879653930664,26.08672523498535,17948520
2008-11-03,17.982547760009766,26.868799209594727,26.993547439575195,26.26905059814453,26.44657516479492,13335140
2008-11-04,18.11421012878418,27.06551742553711,27.34860038757324,26.662485122680664,27.319812774658203,14427678
2008-11-05,17.719240188598633,26.475364685058597,27.54051971435547,26.30743408203125,26.80162811279297,19175907
2008-11-06,17.256826400756836,25.78445243835449,26.835214614868164,25.60692596435547,26.26425170898437,18032930
2008-11-07,17.75776481628418,26.532939910888672,26.73925399780273,25.7028865814209,25.90920066833496,13693622
2008-11-10,17.78346061706543,26.57132339477539,27.29102325439453,26.532939910888672,26.868799209594727,15453939
2008-11-11,17.716026306152344,26.47056579589844,27.09430694580078,26.105918884277344,26.25945472717285,14284494
2008-11-12,17.500883102416992,26.149099349975582,26.93117332458496,25.97637176513672,26.47056579589844,15492080
2008-11-13,18.34862327575684,27.415771484375,27.497337341308597,25.7028865814209,26.23066520690918,23420592
2008-11-14,17.680702209472656,26.417787551879883,27.506933212280277,26.360212326049805,27.00794219970703,16764068
2008-11-17,17.76419448852539,26.54253578186035,27.209457397460938,25.952381134033203,26.06273651123047,16899541
2008-11-18,18.165590286254883,27.14228630065918,27.29102325439453,26.149099349975582,26.768041610717773,23398499
2008-11-19,17.507295608520508,26.158695220947266,27.478145599365234,26.110715866088867,27.108699798583984,21407878
2008-11-20,16.168241500854492,24.157930374145508,26.105918884277344,23.750099182128903,26.03394889831543,35685077
2008-11-21,16.5439453125,24.719295501708984,24.80566024780273,23.15994644165039,24.292274475097656,36999166
2008-11-24,16.306320190429688,24.36424446105957,24.925609588623047,24.177122116088867,24.925609588623047,30187578
2008-11-25,16.447614669799805,24.57535552978516,25.069549560546875,24.10994911193848,24.661720275878903,32971655
2008-11-26,16.49578094482422,24.64732551574707,24.70490264892578,23.798080444335938,24.196313858032227,17021676
2008-11-28,16.823326110839844,25.136722564697266,25.27106666564941,24.229900360107425,24.49378967285156,7098166
2008-12-01,16.104013442993164,24.06196975708008,24.87763023376465,23.99479866027832,24.51778030395508,16918091
2008-12-02,16.688447952270508,24.935205459594727,25.0119743347168,24.215505599975582,24.431415557861328,16167987
2008-12-03,17.067363739013672,25.50136947631836,25.659704208374023,24.551366806030277,24.551366806030277,16493747
2008-12-04,16.707712173461914,24.96399307250977,25.626117706298828,24.738487243652344,25.13192367553711,14828262
2008-12-05,16.93891716003418,25.309450149536133,25.525360107421875,24.201112747192383,24.728891372680664,17290955
2008-12-08,16.993511199951172,25.391016006469727,25.78445243835449,25.299854278564453,25.765260696411133,17954148
2008-12-09,16.688447952270508,24.935205459594727,25.91879653930664,24.709699630737305,25.400611877441406,17314714
2008-12-10,16.5439453125,24.719295501708984,25.18950080871582,24.54656791687012,24.86803436279297,13961442
2008-12-11,16.386600494384766,24.484193801879883,24.9783878326416,24.369041442871094,24.719295501708984,16824719
2008-12-12,16.296688079833984,24.34984970092773,24.36424446105957,23.67333221435547,24.01399040222168,17198833
2008-12-15,16.582483291625977,24.77687263488769,24.96399307250977,24.24909210205078,24.42181968688965,14938308
2008-12-16,17.07057762145996,25.50616836547852,25.640512466430664,24.7912654876709,24.96399307250977,20119842
2008-12-17,16.71734619140625,24.9783878326416,25.438995361328125,24.88242721557617,25.2470760345459,15693414
2008-12-18,16.694869995117188,24.944801330566406,25.47738075256348,24.613740921020508,25.117530822753903,19165486
2008-12-19,16.784786224365234,25.079145431518555,25.54935073852539,25.01677131652832,25.429399490356445,26760734
2008-12-22,16.926074981689453,25.290258407592773,25.381420135498047,24.728891372680664,25.136722564697266,16605877
2008-12-23,16.845794677734375,25.170307159423828,25.563743591308597,25.13192367553711,25.50136947631836,14558358
2008-12-24,16.906814575195312,25.26147079467773,25.391016006469727,25.10313606262207,25.23748016357422,4198208
2008-12-26,16.86184310913086,25.194297790527344,25.395814895629883,25.04076194763184,25.33823776245117,4030013
2008-12-29,16.75267219543457,25.03116607666016,25.51096534729004,24.73369026184082,25.51096534729004,9389537
2008-12-30,17.07057762145996,25.50616836547852,25.554147720336918,25.170307159423828,25.18950080871582,10662151
2008-12-31,17.138017654418945,25.60692596435547,25.78445243835449,25.46298599243164,25.54935073852539,11788454
2009-01-02,17.19902801513672,25.698087692260746,25.837230682373047,25.127126693725582,25.68369483947754,13163193
2009-01-05,16.903594970703125,25.256671905517575,25.659704208374023,24.98318672180176,25.525360107421875,13093372
2009-01-06,16.351272583007812,24.431415557861328,25.534955978393555,24.018787384033203,25.35742950439453,29167570
2009-01-07,16.261363983154297,24.29707145690918,24.652124404907227,24.10994911193848,24.167526245117188,22917674
2009-01-08,16.44118881225586,24.56575965881348,24.86323547363281,24.32585906982422,24.32585906982422,18202168
2009-01-09,16.431560516357422,24.551366806030277,25.00717544555664,24.426618576049805,24.5561637878418,14017716
2009-01-12,16.075122833251953,24.018787384033203,24.623336791992188,23.750099182128903,24.623336791992188,24832847
2009-01-13,16.19155502319336,24.018787384033203,24.177122116088867,23.58696746826172,23.745302200317383,17532305
2009-01-14,16.00072479248047,23.735706329345703,23.96600914001465,23.514997482299805,23.93242454528809,16723426
2009-01-15,15.91985321044922,23.61575508117676,23.80287742614746,23.11196517944336,23.750099182128903,21325552
2009-01-16,16.14627456665039,23.951616287231445,24.157930374145508,23.67333221435547,23.778888702392575,26773239
2009-01-20,15.9133939743042,23.60615921020508,24.53697204589844,23.57737159729004,24.201112747192383,20162359
2009-01-21,16.92254066467285,25.10313606262207,25.18950080871582,23.86045455932617,24.133939743041992,28385160
2009-01-22,17.145709991455078,25.4341983795166,25.534955978393555,24.661720275878903,24.78166961669922,25371613
2009-01-23,17.081031799316406,25.33823776245117,25.4677848815918,24.94960021972656,25.170307159423828,17841392
2009-01-26,17.48208236694336,25.933189392089844,26.144302368164062,25.117530822753903,25.50136947631836,23680700
2009-01-27,17.592065811157227,26.09632110595703,26.29783821105957,25.630916595458984,25.87081527709961,22438308
2009-01-28,17.776430130004883,26.369808197021484,26.45137405395508,25.86601829528809,26.24985885620117,29094831
2009-01-29,17.921977996826172,26.585718154907227,26.619304656982425,26.04354476928711,26.19228172302246,29034806
2009-01-30,17.931676864624023,26.600112915039062,26.787233352661133,26.25465583801269,26.398595809936523,25721134
2009-02-02,17.973730087280273,26.662485122680664,26.79203224182129,25.482177734375,25.83243179321289,20108170
2009-02-03,18.429786682128903,27.33900451660156,27.535722732543945,26.56172752380371,26.816022872924805,31642768
2009-02-04,18.08369255065918,26.825618743896484,27.49254035949707,26.75364875793457,27.42057037353516,23438724
2009-02-05,18.28423309326172,27.12309455871582,27.20466041564941,26.43697929382324,26.79203224182129,17555023
2009-02-06,18.48476791381836,27.42057037353516,27.46375274658203,27.04632568359375,27.099103927612305,21686536
2009-02-09,18.517112731933597,27.468549728393555,27.52132797241211,27.003143310546875,27.44455909729004,23365777
2009-02-10,18.04487991333008,26.768041610717773,27.468549728393555,26.566526412963867,27.38218688964844,23895373
2009-02-11,18.01577377319336,26.7248592376709,26.979154586791992,26.52814292907715,26.91678047180176,16173406
2009-02-12,18.15485000610352,26.93117332458496,26.93117332458496,26.177888870239254,26.523344039916992,14070654
2009-02-13,17.769956588745117,26.360212326049805,27.012739181518555,26.26905059814453,26.90238571166992,15131513
2009-02-17,17.443275451660156,25.87561416625977,26.27864646911621,25.592531204223636,26.187484741210938,16305127
2009-02-18,17.53060531616211,26.00515937805176,26.129907608032227,25.731674194335938,25.9859676361084,13083785
2009-02-19,17.61470603942871,26.129907608032227,26.29303932189941,25.73647117614746,25.73647117614746,14768862
2009-02-20,17.475627899169922,25.923593521118164,26.225868225097656,25.7172794342041,25.90920066833496,18687995
2009-02-23,17.271848678588867,25.621320724487305,26.144302368164062,25.55894660949707,25.640512466430664,14229054
2009-02-24,17.70526123046875,26.26425170898437,26.35541343688965,25.72687530517578,25.818038940429688,18518758
2009-02-25,17.343006134033203,25.72687530517578,26.28344345092773,25.563743591308597,26.19228172302246,19330763
2009-02-26,16.3597469329834,24.26828384399414,25.952381134033203,24.24909210205078,25.74606704711914,27793664
2009-02-27,15.31179141998291,22.71373176574707,23.826868057250977,22.665752410888672,23.668533325195312,40436640
2009-03-02,15.21475315093994,22.56979179382324,22.74251937866211,21.778121948242188,22.4018611907959,33721134
2009-03-03,14.820155143737791,21.98443603515625,22.82888412475586,21.979637145996094,22.718530654907227,27979783
2009-03-04,15.26003646850586,22.636964797973636,22.963228225708008,21.845294952392575,22.310699462890625,24659233
2009-03-05,14.891318321228027,22.08999252319336,22.66095352172852,21.902870178222656,22.262720108032227,20373281
2009-03-06,15.166241645812988,22.497821807861328,22.670549392700195,22.075597763061523,22.233932495117188,21175490
2009-03-09,15.08860969543457,22.38266944885254,22.70413589477539,22.12837600708008,22.286710739135746,20769070
2009-03-10,15.195352554321287,22.541004180908203,22.756914138793945,22.233932495117188,22.69454002380371,24025636
2009-03-11,14.383509635925291,21.336706161499023,22.69454002380371,21.312715530395508,22.69454002380371,30730096
2009-03-12,15.08860969543457,22.38266944885254,22.68494415283203,21.1591796875,21.28392791748047,27235098
2009-03-13,15.153294563293455,22.47863006591797,22.636964797973636,22.075597763061523,22.521812438964844,27657566
2009-03-16,15.47674560546875,22.95842933654785,23.22711753845215,22.67534828186035,22.68494415283203,24044810
2009-03-17,15.893985748291016,23.57737159729004,23.591766357421875,22.91524887084961,22.992015838623047,22476032
2009-03-18,15.729034423828123,23.332674026489254,23.778888702392575,23.193532943725582,23.467018127441406,17961025
2009-03-19,15.373242378234863,22.804893493652344,23.505401611328125,22.55539894104004,23.5006046295166,19328887
2009-03-20,15.376484870910645,22.8096923828125,23.145551681518555,22.680145263671875,23.03039932250977,19830763
2009-03-23,15.771080017089844,23.39504814147949,23.39504814147949,22.910449981689453,23.164743423461918,14928095
2009-03-24,15.0271577835083,22.291507720947266,23.47181510925293,22.13797187805176,23.203128814697266,32116715
2009-03-25,14.888078689575195,22.085193634033203,22.550600051879883,21.610191345214844,22.493024826049805,41004168
2009-03-26,15.023927688598633,22.286710739135746,22.291507720947266,21.47105026245117,22.281911849975582,34872238
2009-03-27,15.072444915771484,22.358680725097656,22.60817527770996,22.00842666625977,22.08999252319336,22966861
2009-03-30,15.489691734313965,22.97762107849121,23.08797645568848,22.38266944885254,22.4018611907959,29511463
2009-03-31,15.428228378295898,22.886459350585938,23.41423988342285,22.85287475585937,23.155147552490234,21521259
2009-04-01,15.104790687561035,22.40666007995605,22.61297416687012,22.07080078125,22.60817527770996,25387453
2009-04-02,14.677842140197754,21.77332305908203,22.78090476989746,21.758930206298828,22.78090476989746,36582534
2009-04-03,14.270306587219238,21.16877555847168,22.142770767211918,21.00084686279297,21.854890823364254,29112964
2009-04-06,14.024493217468262,20.804128646850582,21.26473617553711,20.51624870300293,21.04402732849121,35521676
2009-04-07,13.882176399230955,20.593015670776367,20.957664489746094,20.44907569885254,20.68417739868164,27135473
2009-04-08,14.124750137329102,20.952865600585938,21.35110092163086,20.66498565673828,20.765743255615234,32478116
2009-04-09,14.241195678710938,21.125593185424805,21.331907272338867,20.564228057861328,21.331907272338867,31234681
2009-04-13,14.486004829406738,21.29352378845215,21.60539436340332,21.02483558654785,21.04402732849121,20969362
2009-04-14,14.59371280670166,21.45185852050781,21.54781723022461,21.18796730041504,21.365493774414062,28324510
2009-04-15,13.924578666687012,20.4682674407959,21.211957931518555,20.094024658203125,20.82811737060547,55736974
2009-04-16,13.93437385559082,20.48266220092773,20.67938041687012,20.276348114013672,20.63139915466309,30307003
2009-04-17,14.32606601715088,21.058422088623047,21.17357444763184,20.4682674407959,20.573823928833008,32104210
2009-04-20,14.39134120941162,21.15438270568848,21.322311401367188,20.981653213500977,21.072816848754883,25768237
2009-04-21,14.48273754119873,21.288726806640625,21.55741310119629,21.048826217651367,21.221553802490234,19551897
2009-04-22,13.872355461120604,20.39150047302246,21.17837142944336,20.319530487060547,21.17357444763184,28798875
2009-04-23,14.153063774108888,20.804128646850582,20.842512130737305,20.15639877319336,20.425085067749023,22041892
2009-04-24,14.064939498901367,20.67458152770996,21.06321907043457,20.573823928833008,20.90488624572754,19403085
2009-04-27,14.087778091430664,20.70816802978516,21.04402732849121,20.564228057861328,20.63139915466309,16169654
2009-04-28,14.038822174072266,20.63619804382324,20.82811737060547,20.583419799804688,20.6553897857666,14471863
2009-04-29,13.911520957946776,20.44907569885254,20.71776390075684,20.338722229003903,20.69377326965332,16898291
2009-04-30,13.660188674926758,20.07962989807129,20.66498565673828,19.84932518005371,20.63139915466309,35132555
2009-05-01,13.552468299865724,19.921295166015625,20.17079162597656,19.801345825195312,20.122812271118164,18498124
2009-05-04,14.09430980682373,20.71776390075684,20.76094627380371,20.1995792388916,20.329126358032227,24357232
2009-05-05,14.273834228515623,20.981653213500977,21.1112003326416,20.69377326965332,20.72735977172852,19547937
2009-05-06,14.012707710266112,20.597814559936523,21.1112003326416,20.33392333984375,20.933673858642575,20822426
2009-05-07,14.564336776733398,21.408676147460938,21.47584724426269,20.63139915466309,20.746551513671875,26699041
2009-05-08,14.66552448272705,21.55741310119629,21.830900192260746,21.423070907592773,21.6629695892334,20278033
2009-05-11,14.645936965942385,21.52862548828125,21.797313690185547,21.36069679260254,21.571807861328125,13486661
2009-05-12,14.822200775146484,21.787717819213867,21.989234924316406,21.55261611938477,21.619787216186523,19091288
2009-05-13,14.851576805114746,21.830900192260746,22.21953773498535,21.610191345214844,21.6629695892334,16314298
2009-05-14,14.567605018615724,21.41347312927246,21.85968780517578,21.408676147460938,21.816505432128903,20020217
2009-05-15,14.140008926391602,20.784936904907227,21.423070907592773,20.756147384643555,21.375089645385746,33178825
2009-05-18,14.100835800170898,20.72735977172852,21.029634475708008,20.573823928833008,20.91448211669922,21061901
2009-05-19,13.99638557434082,20.573823928833008,20.89529037475586,20.511449813842773,20.746551513671875,16563568
2009-05-20,14.061670303344728,20.66978454589844,21.020038604736328,20.63139915466309,20.74175453186035,20836599
2009-05-21,14.140008926391602,20.784936904907227,20.83771324157715,20.53544044494629,20.63619804382324,13163818
2009-05-22,14.342379570007324,21.08241271972656,21.375089645385746,20.784936904907227,20.890491485595703,15513756
2009-05-26,14.548016548156738,21.384685516357425,21.54781723022461,20.943269729614254,21.22635269165039,15573572
2009-05-27,14.489266395568848,21.298322677612305,21.466251373291016,21.24554443359375,21.35110092163086,12402251
2009-05-28,14.557809829711914,21.399080276489254,21.53822135925293,21.192766189575195,21.21675682067871,12396207
2009-05-29,14.707956314086914,21.619787216186523,21.648576736450195,21.1447868347168,21.442262649536133,15190288
2009-06-01,14.681842803955078,21.581403732299805,21.792516708374023,21.427867889404297,21.734939575195312,14323677
2009-06-02,14.737337112426758,21.6629695892334,21.845294952392575,21.47584724426269,21.504636764526367,11403293
2009-06-03,14.727540016174316,21.648576736450195,21.811708450317383,21.437463760375977,21.581403732299805,16699875
2009-06-04,14.606765747070312,21.47105026245117,21.734939575195312,21.279130935668945,21.677364349365234,16699041
2009-06-05,14.681842803955078,21.581403732299805,21.715747833251957,21.279130935668945,21.54781723022461,14827011
2009-06-08,14.600245475769045,21.46145439147949,21.619787216186523,21.240745544433597,21.418272018432617,12509170
2009-06-09,14.47620964050293,21.279130935668945,21.5670108795166,21.279130935668945,21.55261611938477,9975198
2009-06-10,14.410926818847656,21.18317031860352,21.447059631347656,21.06321907043457,21.399080276489254,20868904
2009-06-11,14.544756889343262,21.3798885345459,21.63418197631836,21.202362060546875,21.211957931518555,19195498
2009-06-12,14.825462341308594,21.792516708374023,22.07080078125,21.336706161499023,21.336706161499023,21434348
2009-06-15,14.600245475769045,21.46145439147949,21.902870178222656,21.389484405517575,21.902870178222656,19175698
2009-06-16,14.600245475769045,21.46145439147949,21.696556091308597,21.21675682067871,21.447059631347656,16300750
2009-06-17,14.988669395446776,22.03241539001465,22.17635536193848,21.47105026245117,21.48064613342285,18319717
2009-06-18,15.556623458862305,22.867267608642575,22.992015838623047,22.10438537597656,22.10438537597656,31473947
2009-06-19,15.530505180358888,22.82888412475586,23.155147552490234,22.67534828186035,22.953632354736328,30234056
2009-06-22,15.246530532836914,22.411457061767575,22.72332763671875,22.349084854125977,22.636964797973636,19041892
2009-06-23,15.295491218566896,22.48342704772949,22.646560668945312,22.214740753173828,22.502620697021484,13477491
2009-06-24,15.337924003601074,22.545801162719727,22.66095352172852,22.34428596496582,22.646560668945312,12463943
2009-06-25,15.6741304397583,23.039995193481445,23.20792579650879,22.368276596069336,22.44024658203125,16172363
2009-06-26,15.481542587280272,22.756914138793945,23.0927734375,22.689741134643555,22.972824096679688,17072530
2009-06-29,15.608844757080078,22.94403648376465,22.953632354736328,22.38266944885254,22.833681106567383,14043143
2009-06-30,15.354248046875,22.56979179382324,22.86247062683105,22.19554710388184,22.66095352172852,29462068
2009-07-01,15.223679542541504,22.377872467041016,22.59378242492676,22.32509422302246,22.550600051879883,17754273
2009-07-02,15.106175422668455,22.20514488220215,22.377872467041016,21.95084953308105,22.214740753173828,15738224
2009-07-06,15.014778137207031,22.07080078125,22.22913360595703,21.893274307250977,21.893274307250977,16522718
2009-07-07,14.79934787750244,21.754131317138672,22.11398124694824,21.696556091308597,21.792516708374023,17745102
2009-07-08,15.115975379943848,22.21953773498535,22.3059024810791,21.830900192260746,21.830900192260746,19459983
2009-07-09,14.99193286895752,22.037214279174805,22.3538818359375,21.802112579345703,22.26751708984375,15427261
2009-07-10,14.822200775146484,21.787717819213867,21.97484016418457,21.72054672241211,21.97484016418457,13398499
2009-07-13,15.197608947753906,22.142770767211918,22.190750122070312,21.590999603271484,21.677364349365234,15447270
2009-07-14,15.309575080871582,22.3059024810791,22.464235305786133,22.056406021118164,22.296306610107425,16593372
2009-07-15,14.911117553710938,21.725343704223636,21.97484016418457,21.221553802490234,21.92686080932617,54042935
2009-07-16,14.799142837524414,21.562211990356445,21.69175720214844,21.389484405517575,21.65337371826172,26617341
2009-07-17,14.644373893737791,21.336706161499023,21.495040893554688,21.20716094970703,21.36069679260254,25745102
2009-07-20,14.822202682495115,21.59579849243164,21.60539436340332,21.25514030456543,21.40387725830078,17642351
2009-07-21,14.818907737731934,21.590999603271484,21.778121948242188,21.355897903442383,21.686960220336918,17015632
2009-07-22,14.562041282653809,21.21675682067871,21.71095085144043,21.115997314453125,21.59579849243164,21022926
2009-07-23,14.436907768249512,21.03443145751953,21.327110290527344,20.847309112548828,21.307918548583984,35071071
2009-07-24,14.822202682495115,21.59579849243164,21.63418197631836,21.01523971557617,21.08241271972656,19027511
2009-07-27,14.828789710998535,21.60539436340332,21.77332305908203,21.346302032470703,21.65337371826172,13140058
2009-07-28,14.960509300231934,21.797313690185547,21.87887954711914,21.54302024841309,21.571807861328125,15297832
2009-07-29,15.046123504638672,21.922061920166016,22.00842666625977,21.648576736450195,21.77332305908203,13059608
2009-07-30,15.049419403076172,21.92686080932617,22.209941864013672,21.806909561157227,22.06120491027832,20062526
2009-07-31,14.8156099319458,21.58620262145996,22.075597763061523,21.55261611938477,21.94605255126953,20092747
2009-08-03,14.759631156921388,21.504636764526367,21.648576736450195,21.20716094970703,21.629383087158203,21023551
2009-08-04,14.58839225769043,21.25514030456543,21.49024200439453,21.221553802490234,21.427867889404297,21876198
2009-08-05,14.489594459533691,21.1112003326416,21.279130935668945,21.09680557250977,21.279130935668945,16416424
2009-08-06,14.367754936218262,20.933673858642575,21.19756317138672,20.86650276184082,21.192766189575195,20409546
2009-08-07,14.436907768249512,21.03443145751953,21.125593185424805,20.976856231689453,21.09200859069824,14732805
2009-08-10,14.66083526611328,21.36069679260254,21.3798885345459,20.8760986328125,20.967260360717773,17182159
2009-08-11,14.720117568969728,21.447059631347656,21.533424377441406,21.317514419555664,21.36069679260254,13569404
2009-08-12,14.49288845062256,21.115997314453125,21.375089645385746,20.991249084472656,21.317514419555664,25867653
2009-08-13,14.594979286193848,21.26473617553711,21.29352378845215,20.94806861877441,21.12079620361328,17061901
2009-08-14,14.608152389526367,21.28392791748047,21.45185852050781,21.077613830566406,21.35110092163086,14471863
2009-08-17,14.739864349365234,21.47584724426269,21.5670108795166,21.06321907043457,21.1112003326416,19072947
2009-08-18,14.598267555236816,21.269533157348636,21.49983787536621,21.17357444763184,21.495040893554688,14943935
2009-08-19,14.874893188476562,21.67256546020508,21.73014259338379,21.1591796875,21.17837142944336,19022093
2009-08-20,14.911117553710938,21.725343704223636,21.797313690185547,21.50943374633789,21.68216133117676,10642559
2009-08-21,14.94733715057373,21.778121948242188,22.07080078125,21.73973846435547,21.86928367614746,17650688
2009-08-24,15.174562454223633,22.10918426513672,22.133174896240234,21.71095085144043,21.94125366210937,19214256
2009-08-25,15.121871948242188,22.03241539001465,22.21953773498535,22.02281951904297,22.08039665222168,14439767
2009-08-26,15.171270370483398,22.10438537597656,22.25792121887207,21.95084953308105,21.98443603515625,13752814
2009-08-27,15.34909725189209,22.36347770690918,22.38746833801269,22.027618408203125,22.152366638183597,16263235
2009-08-28,15.121871948242188,22.03241539001465,22.38266944885254,21.922061920166016,22.377872467041016,13094831
2009-08-31,14.894648551940918,21.70135307312012,22.200345993041992,21.600595474243164,21.96044540405273,20529596
2009-09-01,14.858427047729492,21.648576736450195,21.94605255126953,21.514232635498047,21.629383087158203,15665069
2009-09-02,14.818907737731934,21.590999603271484,21.778121948242188,21.456655502319336,21.63898086547852,14121509
2009-09-03,14.838662147521973,21.619787216186523,21.70135307312012,21.47105026245117,21.70135307312012,11511046
2009-09-04,15.026378631591797,21.893274307250977,21.912466049194336,21.53822135925293,21.6629695892334,10668404
2009-09-08,15.118573188781738,22.027618408203125,22.027618408203125,21.71095085144043,21.912466049194336,15070446
2009-09-09,15.266765594482422,22.243528366088867,22.368276596069336,22.00362777709961,22.066001892089844,17529804
2009-09-10,15.434717178344728,22.48822593688965,22.48822593688965,21.979637145996094,22.24832534790039,20663610
2009-09-11,15.421545028686523,22.46903419494629,22.541004180908203,22.339487075805664,22.497821807861328,16682368
2009-09-14,15.586200714111328,22.708934783935547,22.77130889892578,22.411457061767575,22.464235305786133,21335765
2009-09-15,15.507163047790527,22.59378242492676,22.79050064086914,22.526609420776367,22.71373176574707,14999166
2009-09-16,15.385324478149414,22.41625595092773,22.68494415283203,22.214740753173828,22.68494415283203,15908295
2009-09-17,15.266765594482422,22.243528366088867,22.550600051879883,22.243528366088867,22.42585182189941,14515215
2009-09-18,15.138340950012209,22.056406021118164,22.296306610107425,21.97484016418457,22.296306610107425,31271988
2009-09-21,15.31946086883545,22.320295333862305,22.38266944885254,21.97484016418457,21.979637145996094,14861609
2009-09-22,15.388612747192385,22.42105484008789,22.517013549804688,22.262720108032227,22.39226531982422,17101292
2009-09-23,15.191022872924805,22.133174896240234,22.48822593688965,22.11398124694824,22.48822593688965,12867028
2009-09-24,15.457764625549316,22.521812438964844,22.56019592285156,22.075597763061523,22.209941864013672,24673614
2009-09-25,15.586200714111328,22.708934783935547,22.92484474182129,22.435447692871094,22.435447692871094,23838058
2009-09-28,15.99782657623291,23.308683395385746,23.84126281738281,23.2655029296875,23.582170486450195,38624844
2009-09-29,16.16905975341797,23.55817985534668,23.788484573364254,23.41423988342285,23.5006046295166,24744477
2009-09-30,16.290918350219727,23.735706329345703,23.764493942260746,23.356664657592773,23.582170486450195,21834306
2009-10-01,16.030759811401367,23.356664657592773,23.87005043029785,23.3278751373291,23.730907440185547,22585244
2009-10-02,16.412763595581055,23.913232803344727,23.989999771118164,23.22711753845215,23.22711753845215,26714048
2009-10-05,16.574129104614258,24.148334503173828,24.196313858032227,23.807676315307617,23.95641326904297,23621509
2009-10-06,16.52472686767578,24.076364517211918,24.33065795898437,23.91802978515625,24.229900360107425,18420383
2009-10-07,16.478622436523438,24.009191513061523,24.99757957458496,23.95641326904297,24.03318214416504,11910171
2009-10-08,16.50167465209961,24.04277801513672,24.34984970092773,23.922828674316406,24.148334503173828,12311588
2009-10-09,16.491796493530273,24.028383255004883,24.205909729003903,23.94681739807129,24.01399040222168,11378074
2009-10-12,16.465450286865234,23.989999771118164,24.196313858032227,23.903636932373047,24.196313858032227,15206336
2009-10-13,16.4820556640625,23.82206916809082,23.970808029174805,23.66373634338379,23.87964630126953,16954773
2009-10-14,16.996599197387695,24.56575965881348,24.70490264892578,24.105152130126957,24.33545684814453,27761776
2009-10-15,17.232290267944336,24.906417846679688,25.0263671875,24.56575965881348,24.671316146850582,20991038
2009-10-16,17.072952270507812,24.67611312866211,24.89202308654785,24.62813377380371,24.767276763916016,18110671
2009-10-19,17.338520050048828,25.059953689575195,25.12232780456543,24.661720275878903,24.690507888793945,17922885
2009-10-20,17.215696334838867,24.88242721557617,25.098337173461918,24.820053100585938,24.940004348754883,16214673
2009-10-21,16.979997634887695,24.541770935058597,24.930408477783203,24.49858856201172,24.906417846679688,14674239
2009-10-22,17.3185977935791,25.03116607666016,25.098337173461918,24.378637313842773,24.52737617492676,15557107
2009-10-23,17.033113479614258,24.61853790283203,25.03116607666016,24.455406188964844,24.940004348754883,12462901
2009-10-26,16.893693923950195,24.417022705078125,24.81525611877441,24.2394962310791,24.652124404907227,12666111
2009-10-27,17.00322914123535,24.57535552978516,24.709699630737305,24.2394962310791,24.2394962310791,12099833
2009-10-28,16.936845779418945,24.47939682006836,24.75288200378418,24.46980094909668,24.53217315673828,11977907
2009-10-29,16.88372039794922,24.40262794494629,24.47939682006836,24.124343872070312,24.47939682006836,14063360
2009-10-30,16.787466049194336,24.263486862182617,24.56575965881348,24.18191909790039,24.388233184814453,14583160
2009-11-02,16.90032958984375,24.426618576049805,24.541770935058597,24.229900360107425,24.388233184814453,11831388
2009-11-03,16.740978240966797,24.196313858032227,24.417022705078125,24.02358627319336,24.41222381591797,12898708
2009-11-04,16.90032958984375,24.426618576049805,24.709699630737305,24.229900360107425,24.229900360107425,11546061
2009-11-05,17.136028289794922,24.767276763916016,24.83924674987793,24.460203170776367,24.48899269104004,10392872
2009-11-06,17.106138229370117,24.72409439086914,24.75288200378418,24.50338554382324,24.685710906982425,8325761
2009-11-09,17.378358840942383,25.117530822753903,25.14151954650879,24.73369026184082,24.844043731689453,10869529
2009-11-10,17.52774429321289,25.33344078063965,25.42460250854492,25.02157020568848,25.04076194763184,11546895
2009-11-11,17.680437088012695,25.554147720336918,25.69329071044922,25.4341983795166,25.630916595458984,12811171
2009-11-12,17.670488357543945,25.53975486755371,25.81324005126953,25.4341983795166,25.61652183532715,9963110
2009-11-13,17.577529907226562,25.40541076660156,25.669300079345703,25.32384490966797,25.621320724487305,12412255
2009-11-16,17.803274154663086,25.731674194335938,25.856422424316406,25.49657249450684,25.68369483947754,14141100
2009-11-17,17.697038650512695,25.57813835144043,25.72687530517578,25.4677848815918,25.72687530517578,11656107
2009-11-18,17.653884887695312,25.515764236450195,25.57813835144043,25.18950080871582,25.57813835144043,10070654
2009-11-19,17.58085060119629,25.41020774841309,25.525360107421875,25.223085403442383,25.37662124633789,14050646
2009-11-20,17.806589126586914,25.73647117614746,25.78445243835449,25.352632522583008,25.54935073852539,13334306
2009-11-23,17.637290954589844,25.49177360534668,25.83243179321289,25.41980361938477,25.77485656738281,19443727
2009-11-24,18.005765914916992,26.02435111999512,26.144302368164062,25.18950080871582,25.534955978393555,18005627
2009-11-25,18.062204360961918,26.105918884277344,26.19228172302246,25.96197891235352,26.05314064025879,8726344
2009-11-27,17.952653884887695,25.94758415222168,26.07233238220215,25.56854248046875,25.664501190185547,6023135
2009-11-30,18.08876037597656,26.144302368164062,26.1730899810791,25.760461807250977,26.00515937805176,14685286
2009-12-01,18.085432052612305,26.139503479003903,26.32662582397461,26.01475524902344,26.31702995300293,21289912
2009-12-02,18.07215118408203,26.120311737060547,26.374605178833008,26.02435111999512,26.144302368164062,11586078
2009-12-03,18.005765914916992,26.02435111999512,26.24026107788086,25.971574783325195,26.105918884277344,11145060
2009-12-04,17.853065490722656,25.80364418029785,26.2210693359375,25.621320724487305,26.18268585205078,13122759
2009-12-07,17.813222885131836,25.74606704711914,26.029150009155277,25.72687530517578,25.83243179321289,11116507
2009-12-08,17.673809051513672,25.544551849365234,25.73647117614746,25.400611877441406,25.678895950317383,12060025
2009-12-09,17.796630859375,25.722078323364254,25.750865936279297,25.49657249450684,25.669300079345703,9618383
2009-12-10,17.949331283569336,25.942785263061523,26.07233238220215,25.68369483947754,25.7028865814209,13065444
2009-12-11,17.849746704101562,25.79884529113769,26.077129364013672,25.741270065307617,25.90920066833496,11144018
2009-12-14,17.853065490722656,25.80364418029785,26.057937622070312,25.789249420166016,25.80364418029785,9362026
2009-12-15,17.922779083251953,25.904401779174805,26.01475524902344,25.678895950317383,25.80364418029785,9195081
2009-12-16,17.886260986328125,25.85162353515625,26.125110626220703,25.79884529113769,26.029150009155277,11245727
2009-12-17,17.786666870117188,25.707683563232425,25.827634811401367,25.50616836547852,25.79404830932617,11269070
2009-12-18,17.707000732421875,25.592531204223636,25.789249420166016,25.429399490356445,25.789249420166016,19611088
2009-12-21,17.8995418548584,25.87081527709961,26.00515937805176,25.630916595458984,25.707683563232425,12256982
2009-12-22,17.965940475463867,25.96677589416504,26.048341751098636,25.91879653930664,25.92839241027832,10124844
2009-12-23,17.955976486206055,25.952381134033203,26.08672523498535,25.894805908203125,26.01475524902344,5747812
2009-12-24,17.97589683532715,25.981170654296875,26.110715866088867,25.92839241027832,25.942785263061523,3166736
2009-12-28,18.1020450592041,26.163494110107425,26.1730899810791,25.93798828125,25.9859676361084,8517299
2009-12-29,18.01240348815918,26.03394889831543,26.35541343688965,26.01475524902344,26.21147346496582,9280325
2009-12-30,18.10536003112793,26.168291091918945,26.1730899810791,25.86121940612793,25.86601829528809,7483118
2009-12-31,17.922779083251953,25.904401779174805,26.2210693359375,25.88041114807129,26.134706497192383,6238850
2010-01-04,18.07880401611328,26.129907608032227,26.177888870239254,25.87081527709961,26.000362396240234,10829095
2010-01-05,17.93273162841797,25.91879653930664,26.134706497192383,25.789249420166016,26.134706497192383,10562109
2010-01-06,18.03232955932617,26.06273651123047,26.09632110595703,25.837230682373047,25.88041114807129,11401417
2010-01-07,18.18171501159668,26.27864646911621,26.28344345092773,25.942785263061523,26.057937622070312,12857232
2010-01-08,18.2746696472168,26.41299057006836,26.50894927978516,26.235464096069336,26.27384757995605,12148604
2010-01-11,18.36760902404785,26.547334671020508,26.619304656982425,26.42258644104004,26.532939910888672,10947270
2010-01-12,18.31450080871582,26.47056579589844,26.652889251708984,26.40339469909668,26.484960556030277,10939350
2010-01-13,18.48838233947754,26.52814292907715,26.64809226989746,26.31702995300293,26.32182884216309,10538975
2010-01-14,18.508441925048828,26.556930541992188,26.68647575378418,26.388999938964844,26.494556427001957,8982493
2010-01-15,18.555255889892575,26.624101638793945,26.662485122680664,26.465768814086918,26.56172752380371,16132555
2010-01-19,18.792680740356445,26.96475982666016,27.108699798583984,26.633697509765625,26.652889251708984,16663610
2010-01-20,18.80605125427246,26.98395156860352,27.24784278869629,26.681678771972656,26.979154586791992,14080659
2010-01-21,18.578659057617188,26.65768814086914,27.108699798583984,26.388999938964844,26.969558715820312,17317216
2010-01-22,18.227561950683597,26.153898239135746,26.70566749572754,26.101119995117188,26.547334671020508,14599208
2010-01-25,18.29109001159668,26.245059967041016,26.633697509765625,26.163494110107425,26.27384757995605,10109421
2010-01-26,18.21751594543457,26.139503479003903,26.23066520690918,26.03394889831543,26.18268585205078,13814506
2010-01-27,18.023576736450195,25.86121940612793,25.97637176513672,25.50136947631836,25.95718002319336,24107753
2010-01-28,18.040292739868164,25.885210037231445,26.125110626220703,25.73647117614746,25.95718002319336,13856398
2010-01-29,17.702564239501953,25.400611877441406,25.94758415222168,25.37662124633789,25.94758415222168,19832013
2010-02-01,17.836320877075195,25.592531204223636,25.760461807250977,25.4677848815918,25.482177734375,18361192
2010-02-02,18.204137802124023,26.120311737060547,26.197080612182617,25.525360107421875,25.56854248046875,17214256
2010-02-03,18.27436828613281,26.2210693359375,26.28344345092773,25.95718002319336,26.08672523498535,14158816
2010-02-04,17.9968318939209,25.82283592224121,26.26905059814453,25.80844116210937,26.26905059814453,19169446
2010-02-05,18.04698944091797,25.894805908203125,25.971574783325195,25.573339462280277,25.731674194335938,22546061
2010-02-08,17.83966064453125,25.59733009338379,25.885210037231445,25.57813835144043,25.837230682373047,14861192
2010-02-09,17.83966064453125,25.59733009338379,25.89960479736328,25.592531204223636,25.73647117614746,23229471
2010-02-10,17.809560775756836,25.554147720336918,25.664501190185547,25.27106666564941,25.554147720336918,15479366
2010-02-11,17.9031982421875,25.688491821289062,25.770057678222656,25.395814895629883,25.55894660949707,13413297
2010-02-12,18.03360748291016,25.87561416625977,25.90920066833496,25.482177734375,25.525360107421875,17566069
2010-02-16,18.25430679321289,26.19228172302246,26.235464096069336,25.79884529113769,26.02435111999512,15742184
2010-02-17,18.30781364440918,26.26905059814453,26.379404067993164,26.18268585205078,26.28824234008789,13285744
2010-02-18,18.38138008117676,26.374605178833008,26.388999938964844,26.23066520690918,26.24026107788086,11171113
2010-02-19,18.1840877532959,26.091524124145508,26.33622169494629,25.94758415222168,26.33142471313477,20116924
2010-02-22,18.19076919555664,26.101119995117188,26.158695220947266,25.8900089263916,26.144302368164062,11966236
2010-02-23,18.04698944091797,25.894805908203125,26.134706497192383,25.789249420166016,26.019554138183597,13961234
2010-02-24,18.16736221313477,26.067533493041992,26.168291091918945,25.86601829528809,26.000362396240234,14141309
2010-02-25,18.097148895263672,25.96677589416504,26.000362396240234,25.722078323364254,25.894805908203125,12305752
2010-02-26,18.150644302368164,26.04354476928711,26.163494110107425,25.837230682373047,25.99556350708008,14675281
2010-03-01,18.15398406982422,26.048341751098636,26.2210693359375,25.97637176513672,26.08672523498535,9501667
2010-03-02,18.2509708404541,26.187484741210938,26.245059967041016,25.971574783325195,26.01475524902344,10419341
2010-03-03,18.08376884460449,25.94758415222168,26.312231063842773,25.87081527709961,26.197080612182617,13975823
2010-03-04,18.08376884460449,25.94758415222168,26.149099349975582,25.86601829528809,26.144302368164062,13258858
2010-03-05,18.164024353027344,26.06273651123047,26.09632110595703,25.96677589416504,25.97637176513672,15291788
2010-03-08,18.197460174560547,26.110715866088867,26.1730899810791,25.96677589416504,26.08672523498535,8986453
2010-03-09,18.324522018432617,26.29303932189941,26.369808197021484,25.971574783325195,26.000362396240234,12287828
2010-03-10,18.40143394470215,26.40339469909668,26.652889251708984,26.25465583801269,26.29783821105957,17001042
2010-03-11,18.571983337402344,26.64809226989746,26.652889251708984,26.31702995300293,26.408191680908203,11900584
2010-03-12,18.23090171813965,26.158695220947266,26.41299057006836,25.77485656738281,26.408191680908203,33828679
2010-03-15,18.324522018432617,26.29303932189941,26.29303932189941,25.96677589416504,26.105918884277344,15406419
2010-03-16,18.284408569335938,26.235464096069336,26.384201049804688,26.134706497192383,26.312231063842773,12421426
2010-03-17,18.224220275878903,26.149099349975582,26.33142471313477,26.05314064025879,26.312231063842773,15366194
2010-03-18,17.98011016845703,25.79884529113769,26.168291091918945,25.722078323364254,26.120311737060547,32043351
2010-03-19,17.876445770263672,25.650108337402344,25.86121940612793,25.52056121826172,25.650108337402344,34032097
2010-03-22,18.013538360595703,25.846826553344727,26.019554138183597,25.573339462280277,25.621320724487305,15663610
2010-03-23,18.17070579528809,26.07233238220215,26.09632110595703,25.82283592224121,25.96197891235352,9704460
2010-03-24,18.013538360595703,25.846826553344727,26.067533493041992,25.79404830932617,26.029150009155277,13205711
2010-03-25,17.896507263183594,25.678895950317383,26.057937622070312,25.669300079345703,26.04354476928711,17738224
2010-03-26,17.689189910888672,25.381420135498047,25.80364418029785,25.16071128845215,25.765260696411133,25017716
2010-03-29,17.76276206970215,25.48697662353516,25.50136947631836,25.299854278564453,25.4677848815918,22003752
2010-03-30,17.558773040771484,25.194297790527344,25.554147720336918,25.184701919555664,25.44379425048828,27988954
2010-03-31,17.615623474121094,25.275863647460938,25.42460250854492,25.05035781860352,25.21828842163086,15870363
2010-04-01,17.709247589111328,25.41020774841309,25.41500663757324,25.22788429260254,25.33344078063965,12903501
2010-04-05,17.699214935302734,25.395814895629883,25.54935073852539,25.285459518432617,25.42460250854492,11130471
2010-04-06,17.669126510620117,25.352632522583008,25.48697662353516,25.22788429260254,25.36702537536621,15102334
2010-04-07,17.555429458618164,25.18950080871582,25.395814895629883,25.13192367553711,25.285459518432617,20577115
2010-04-08,17.481868743896484,25.08394432067871,25.280662536621094,25.045560836791992,25.232681274414062,15111296
2010-04-09,17.632343292236328,25.299854278564453,25.35742950439453,25.08394432067871,25.117530822753903,11637557
2010-04-12,17.612281799316406,25.27106666564941,25.429399490356445,25.136722564697266,25.429399490356445,13458108
2010-04-13,17.629140853881836,25.08394432067871,25.17990493774414,25.0263671875,25.0263671875,14442059
2010-04-14,17.639249801635742,25.098337173461918,25.170307159423828,24.916013717651367,25.15111541748047,19029179
2010-04-15,17.65611457824707,25.12232780456543,25.165510177612305,24.98318672180176,25.098337173461918,15013756
2010-04-16,17.622398376464844,25.07434844970703,25.170307159423828,24.95919609069824,25.06475257873535,16562734
2010-04-19,17.84157943725586,25.38621711730957,25.49177360534668,24.9783878326416,25.07434844970703,18932472
2010-04-20,17.892166137695312,25.458187103271484,25.54935073852539,25.391016006469727,25.44379425048828,13302001
2010-04-21,17.460535049438477,24.844043731689453,25.40541076660156,24.6953067779541,25.33344078063965,26172572
2010-04-22,17.23798179626465,24.52737617492676,24.76247787475586,24.39303207397461,24.75288200378418,16797832
2010-04-23,17.264957427978516,24.56575965881348,24.570558547973636,24.11954689025879,24.484193801879883,19164444
2010-04-26,16.98507308959961,24.167526245117188,24.83924674987793,24.018787384033203,24.5081844329834,19657774
2010-04-27,16.78274917602539,23.87964630126953,24.25868797302246,23.836463928222656,24.124343872070312,21777199
2010-04-28,16.951351165771484,24.11954689025879,24.191516876220703,23.706918716430664,23.961212158203125,19404544
2010-04-29,17.11321449279785,24.34984970092773,24.53217315673828,24.15313148498535,24.234697341918945,19325135
2010-04-30,17.251466751098633,24.54656791687012,24.709699630737305,24.292274475097656,24.397829055786133,22310754
2010-05-03,17.153676986694336,24.407426834106445,24.75288200378418,24.24909210205078,24.685710906982425,18336182
2010-05-04,16.924381256103516,24.08116149902344,24.40262794494629,23.855655670166016,24.30666732788086,21711963
2010-05-05,16.910890579223633,24.06196975708008,24.50338554382324,23.87005043029785,24.095556259155277,22362860
2010-05-06,16.52310562133789,23.51020050048828,24.17232322692871,21.87887954711914,24.057172775268555,26043351
2010-05-07,16.428686141967773,23.375856399536133,23.58696746826172,23.03039932250977,23.51979637145996,25126928
2010-05-10,16.75578498840332,23.84126281738281,24.1003532409668,23.62535285949707,23.89403915405273,21408087
2010-05-11,16.657987594604492,23.702119827270508,23.86045455932617,23.62535285949707,23.692523956298828,17852647
2010-05-12,16.57368278503418,23.582170486450195,23.79328155517578,23.457422256469727,23.7836856842041,18435181
2010-05-13,16.391597747802734,23.323078155517575,23.56297874450684,23.13115882873535,23.56297874450684,19139642
2010-05-14,16.354496002197266,23.270299911499023,23.323078155517575,22.92484474182129,23.236713409423828,20860567
2010-05-17,16.330890655517578,23.236713409423828,23.399845123291016,22.972824096679688,23.308683395385746,15486453
2010-05-18,16.2027587890625,23.05438995361328,23.47661399841309,23.03039932250977,23.371057510375977,14520425
2010-05-19,16.16566276550293,23.001611709594727,23.19832992553711,22.93923759460449,22.96802520751953,19149854
2010-05-20,15.673347473144531,22.301103591918945,22.776105880737305,22.296306610107425,22.776105880737305,22637557
2010-05-21,15.82845973968506,22.521812438964844,22.541004180908203,21.715747833251957,21.821304321289062,34482701
2010-05-24,16.037527084350586,22.81928825378418,23.049591064453125,22.48822593688965,22.56979179382324,26966028
2010-05-25,15.926239967346191,22.66095352172852,22.670549392700195,22.21953773498535,22.56019592285156,26404960
2010-05-26,15.906012535095217,22.63216590881348,23.03039932250977,22.521812438964844,22.81928825378418,25537932
2010-05-27,16.142059326171875,22.96802520751953,23.0927734375,22.67534828186035,22.95842933654785,16778033
2010-05-28,16.037527084350586,22.81928825378418,23.308683395385746,22.79050064086914,22.920045852661133,23084410
2010-06-01,15.82845973968506,22.521812438964844,22.896055221557617,22.502620697021484,22.76171112060547,18251355
2010-06-02,16.010555267333984,22.78090476989746,22.795297622680664,22.31549835205078,22.550600051879883,18735723
2010-06-03,16.0948543548584,22.900854110717773,22.94403648376465,22.776105880737305,22.910449981689453,9053564
2010-06-04,15.69020175933838,22.32509422302246,22.59857940673828,22.24832534790039,22.56979179382324,21442059
2010-06-07,15.58903980255127,22.181154251098636,22.368276596069336,22.161962509155277,22.233932495117188,19413506
2010-06-08,15.616010665893556,22.21953773498535,22.272315979003903,21.912466049194336,22.10918426513672,22759275
2010-06-09,15.464280128479004,22.00362777709961,22.33469009399414,21.94125366210937,22.25792121887207,18267612
2010-06-10,15.916131019592283,22.646560668945312,22.776105880737305,22.233932495117188,22.253124237060547,19143602
2010-06-11,15.916131019592283,22.646560668945312,22.74251937866211,22.464235305786133,22.59378242492676,12306586
2010-06-14,15.95997428894043,22.708934783935547,22.86247062683105,22.68494415283203,22.76171112060547,14164235
2010-06-15,16.24321937561035,23.11196517944336,23.13115882873535,22.76171112060547,22.8096923828125,19942684
2010-06-16,16.452293395996094,23.409442901611328,23.447826385498047,22.87206649780273,22.92964172363281,19606503
2010-06-17,16.398340225219727,23.332674026489254,23.438230514526367,23.15035057067871,23.43343162536621,16354731
2010-06-18,16.445547103881836,23.399845123291016,23.51020050048828,23.222320556640625,23.44302749633789,18738433
2010-06-21,16.287059783935547,23.174339294433597,23.620553970336918,23.05918884277344,23.58696746826172,15873281
2010-06-22,16.182519912719727,23.02560234069824,23.371057510375977,23.006410598754883,23.183935165405277,12384327
2010-06-23,16.037527084350586,22.81928825378418,23.10716819763184,22.73292350769043,23.049591064453125,13522926
2010-06-24,16.003808975219727,22.77130889892578,22.963228225708008,22.66095352172852,22.73292350769043,14688829
2010-06-25,15.912757873535156,22.64176177978516,22.8576717376709,22.59857940673828,22.84807586669922,28662776
2010-06-28,15.909390449523926,22.636964797973636,22.83847999572754,22.56979179382324,22.670549392700195,11372864
2010-06-29,15.730669021606444,22.38266944885254,22.550600051879883,22.190750122070312,22.550600051879883,17382659
2010-06-30,15.774502754211426,22.445043563842773,22.665752410888672,22.15716361999512,22.38746833801269,21387662
2010-07-01,15.66660499572754,22.291507720947266,22.38746833801269,21.93165779113769,22.33469009399414,17965402
2010-07-02,15.66660499572754,22.291507720947266,22.435447692871094,22.17635536193848,22.301103591918945,11833264
2010-07-06,15.744147300720217,22.4018611907959,22.536205291748047,22.21953773498535,22.445043563842773,20032305
2010-07-07,16.088111877441406,22.891258239746094,22.920045852661133,22.3538818359375,22.42585182189941,19011255
2010-07-08,16.219619750976562,23.0783805847168,23.10236930847168,22.876863479614254,22.982419967651367,15291997
2010-07-09,16.19601058959961,23.0447940826416,23.10716819763184,22.80009651184082,23.10716819763184,10837849
2010-07-12,16.125200271606445,22.94403648376465,23.0783805847168,22.83847999572754,23.0783805847168,11977282
2010-07-13,16.223888397216797,22.87206649780273,22.97762107849121,22.84807586669922,22.92484474182129,14423510
2010-07-14,16.285158157348633,22.95842933654785,22.963228225708008,22.63216590881348,22.804893493652344,11571697
2010-07-15,16.343019485473633,23.039995193481445,23.08317756652832,22.876863479614254,22.963228225708008,12081075
2010-07-16,16.01968765258789,22.58418655395508,23.09757232666016,22.56019592285156,22.987218856811523,19046269
2010-07-19,16.135400772094727,22.747318267822266,22.82888412475586,22.670549392700195,22.747318267822266,8753856
2010-07-20,16.15582847595215,22.776105880737305,22.814489364624023,22.48342704772949,22.61297416687012,16479992
2010-07-21,16.56763458251953,23.356664657592773,23.692523956298828,21.3942813873291,22.900854110717773,29586078
2010-07-22,16.679950714111328,23.514997482299805,23.7692928314209,23.203128814697266,23.51979637145996,22413089
2010-07-23,16.652729034423828,23.47661399841309,23.58696746826172,23.308683395385746,23.5006046295166,18181117
2010-07-26,16.75823211669922,23.62535285949707,23.687725067138672,23.42383575439453,23.42383575439453,12334514
2010-07-27,16.7684326171875,23.639745712280277,23.750099182128903,23.49100875854492,23.750099182128903,9663610
2010-07-28,16.751419067382812,23.61575508117676,23.740503311157227,23.438230514526367,23.658937454223636,14290746
2010-07-29,16.669740676879883,23.5006046295166,23.87964630126953,23.47661399841309,23.721311569213867,18437682
2010-07-30,16.703773498535156,23.548583984375,23.68292808532715,23.174339294433597,23.375856399536133,16298041
2010-08-02,16.959022521972656,23.90843391418457,23.989999771118164,23.807676315307617,23.85085868835449,15648187
2010-08-03,17.01688575744629,23.989999771118164,24.282678604125977,23.87484741210937,23.94681739807129,18921217
2010-08-04,17.07814598083496,24.076364517211918,24.11954689025879,23.88924217224121,23.980403900146484,12857232
2010-08-05,17.01007843017578,23.980403900146484,24.028383255004883,23.855655670166016,23.95641326904297,12290538
2010-08-06,17.21087646484375,24.263486862182617,24.31626319885254,23.85085868835449,23.85085868835449,16663193
2010-08-09,17.316381454467773,24.41222381591797,24.445810317993164,24.196313858032227,24.292274475097656,9375573
2010-08-10,17.517181396484375,24.6953067779541,24.80566024780273,24.273082733154297,24.311466217041016,18687370
2010-08-11,17.149616241455078,24.177122116088867,24.5225772857666,24.11954689025879,24.484193801879883,13175490
2010-08-12,17.149616241455078,24.177122116088867,24.24909210205078,23.86045455932617,23.94681739807129,9210088
2010-08-13,17.03730010986328,24.018787384033203,24.114748001098636,23.94681739807129,24.047576904296875,10601917
2010-08-16,17.132593154907227,24.15313148498535,24.196313858032227,23.87964630126953,24.01399040222168,9995415
2010-08-17,17.251718521118164,24.32106208801269,24.417022705078125,24.10994911193848,24.229900360107425,12592330
2010-08-18,17.095163345336914,24.1003532409668,24.33545684814453,24.095556259155277,24.292274475097656,12794081
2010-08-19,16.785457611083984,23.66373634338379,24.09075736999512,23.52939224243164,24.066768646240234,21298041
2010-08-20,16.792261123657227,23.67333221435547,23.716514587402344,23.47661399841309,23.52939224243164,13354314
2010-08-23,16.94200897216797,23.88444328308105,24.076364517211918,23.774089813232425,23.774089813232425,15039600
2010-08-24,16.83991050720215,23.740503311157227,23.88444328308105,23.543785095214844,23.649341583251957,18669654
2010-08-25,16.955629348754883,23.903636932373047,24.01399040222168,23.582170486450195,23.5965633392334,15743018
2010-08-26,16.846721649169922,23.750099182128903,24.01399040222168,23.687725067138672,24.01399040222168,11410796
2010-08-27,16.96243667602539,23.913232803344727,23.94202041625977,23.514997482299805,23.778888702392575,9445394
2010-08-30,16.843320846557617,23.745302200317383,24.03318214416504,23.745302200317383,23.93722152709961,8679241
2010-08-31,16.792261123657227,23.67333221435547,23.726110458374023,23.51979637145996,23.60615921020508,14662985
2010-09-01,17.108774185180664,24.11954689025879,24.282678604125977,23.855655670166016,23.855655670166016,14708420
2010-09-02,17.224491119384766,24.282678604125977,24.292274475097656,24.09075736999512,24.09075736999512,10352230
2010-09-03,17.268735885620117,24.34505271911621,24.465002059936523,24.10994911193848,24.441011428833008,9947478
2010-09-07,17.18364715576172,24.225101470947266,24.369041442871094,24.16272735595703,24.229900360107425,9685702
2010-09-08,17.170028686523438,24.205909729003903,24.41222381591797,24.157930374145508,24.225101470947266,11613589
2010-09-09,17.38785743713379,24.51298141479492,24.623336791992188,24.445810317993164,24.445810317993164,10887245
2010-09-10,17.541000366210938,24.728891372680664,24.75288200378418,24.51298141479492,24.589750289916992,9255315
2010-09-13,17.5103759765625,24.685710906982425,24.84884262084961,24.580154418945312,24.84884262084961,10166945
2010-09-14,17.496755599975586,24.66651725769043,24.77207374572754,24.5225772857666,24.671316146850582,11609421
2010-09-15,17.581851959228516,24.78646850585937,24.82965087890625,24.541770935058597,24.642528533935547,9559608
2010-09-16,17.564828872680664,24.76247787475586,24.844043731689453,24.46980094909668,24.66651725769043,11555857
2010-09-17,17.575040817260742,24.77687263488769,24.916013717651367,24.72409439086914,24.844043731689453,15078366
2010-09-20,17.78605079650879,25.07434844970703,25.136722564697266,24.72409439086914,24.757680892944336,11174031
2010-09-21,17.748613357543945,25.02157020568848,25.12232780456543,24.82965087890625,25.12232780456543,11983535
2010-09-22,17.694162368774414,24.944801330566406,25.155914306640625,24.88242721557617,25.05035781860352,10671530
2010-09-23,17.561426162719727,24.757680892944336,24.916013717651367,24.709699630737305,24.73369026184082,8975823
2010-09-24,17.677146911621094,24.920812606811523,25.107934951782227,24.82965087890625,24.944801330566406,13700500
2010-09-27,17.73158836364746,24.99757957458496,25.07434844970703,24.84884262084961,24.925609588623047,10238433
2010-09-28,17.82689094543457,25.13192367553711,25.17990493774414,24.911216735839844,25.05035781860352,9584202
2010-09-29,17.86431884765625,25.184701919555664,25.223085403442383,25.00237846374512,25.13192367553711,11276574
2010-09-30,17.779239654541016,25.06475257873535,25.362228393554688,24.99757957458496,25.155914306640625,13436223
2010-10-01,17.894954681396484,25.22788429260254,25.22788429260254,25.00717544555664,25.20869255065918,9918091
2010-10-04,17.871131896972656,25.194297790527344,25.38621711730957,25.03116607666016,25.223085403442383,11171947
2010-10-05,18.06512260437012,25.4677848815918,25.51096534729004,25.280662536621094,25.31904602050781,13040434
2010-10-06,18.031095504760746,25.41980361938477,25.534955978393555,25.266267776489254,25.41500663757324,10249062
2010-10-07,17.894954681396484,25.22788429260254,25.53975486755371,25.16071128845215,25.52056121826172,33616924
2010-10-08,17.97323226928711,25.33823776245117,25.395814895629883,25.146318435668945,25.213489532470703,31929137
2010-10-11,17.97323226928711,25.33823776245117,25.391016006469727,25.22788429260254,25.381420135498047,10334306
2010-10-12,18.211469650268555,25.674097061157227,25.72687530517578,25.290258407592773,25.33344078063965,34974364
2010-10-13,18.249216079711918,25.515764236450195,25.678895950317383,25.482177734375,25.621320724487305,12724885
2010-10-14,18.259506225585938,25.5301570892334,25.55894660949707,25.343036651611328,25.5301570892334,12357441
2010-10-15,18.245779037475582,25.51096534729004,25.789249420166016,25.482177734375,25.60692596435547,16524385
2010-10-18,18.41737174987793,25.750865936279297,25.750865936279297,25.45339012145996,25.515764236450195,12793247
2010-10-19,18.14284324645996,25.36702537536621,25.645309448242188,25.18950080871582,25.534955978393555,15452063
2010-10-20,17.98841667175293,25.15111541748047,25.213489532470703,24.7912654876709,25.03596305847168,22703210
2010-10-21,18.132545471191406,25.352632522583008,25.47258186340332,25.184701919555664,25.275863647460938,15314298
2010-10-22,18.03646278381348,25.21828842163086,25.40541076660156,25.117530822753903,25.40541076660156,7370571
2010-10-25,18.019302368164062,25.194297790527344,25.53975486755371,25.170307159423828,25.35742950439453,13040017
2010-10-26,18.08107566833496,25.280662536621094,25.280662536621094,25.10313606262207,25.136722564697266,8310129
2010-10-27,17.72075843811035,24.77687263488769,25.11273193359375,24.484193801879883,25.11273193359375,20438933
2010-10-28,17.758493423461914,24.82965087890625,25.0119743347168,24.642528533935547,24.87283134460449,13601709
2010-10-29,17.610942840576172,24.623336791992188,24.88242721557617,24.436214447021484,24.844043731689453,21343268
2010-11-01,17.363862991333008,24.27787971496582,24.77687263488769,24.143535614013672,24.748083114624023,20652980
2010-11-02,17.459949493408203,24.41222381591797,24.49858856201172,24.33065795898437,24.369041442871094,15725927
2010-11-03,17.514860153198242,24.48899269104004,24.560962677001957,24.27787971496582,24.40262794494629,12040850
2010-11-04,17.459949493408203,24.41222381591797,24.748083114624023,24.33545684814453,24.64732551574707,19313464
2010-11-05,17.473674774169922,24.431415557861328,24.49858856201172,24.282678604125977,24.40262794494629,13746978
2010-11-08,17.3123836517334,24.205909729003903,24.436214447021484,24.095556259155277,24.436214447021484,13792414
2010-11-09,17.175128936767578,24.01399040222168,24.25868797302246,23.93722152709961,24.220304489135746,17928303
2010-11-10,17.216310501098633,24.07156562805176,24.07156562805176,23.730907440185547,23.92762565612793,15562526
2010-11-11,17.08247184753418,23.88444328308105,24.06196975708008,23.84126281738281,23.88444328308105,18147770
2010-11-12,16.670677185058594,23.308683395385746,23.798080444335938,23.260704040527344,23.778888702392575,27260317
2010-11-15,16.526559829711914,23.10716819763184,23.630149841308597,23.06878471374512,23.457422256469727,28721967
2010-11-16,16.354976654052734,22.867267608642575,23.14075469970703,22.81928825378418,23.049591064453125,21728845
2010-11-17,16.403018951416016,22.93444061279297,23.08317756652832,22.891258239746094,22.94883346557617,15338474
2010-11-18,16.34124755859375,22.84807586669922,23.01600646972656,22.646560668945312,22.996814727783203,25482701
2010-11-19,16.265750885009766,22.74251937866211,22.905651092529297,22.646560668945312,22.8576717376709,23808462
2010-11-22,16.214279174804688,22.670549392700195,22.824085235595703,22.41625595092773,22.814489364624023,19252397
2010-11-23,16.11134147644043,22.526609420776367,22.646560668945312,22.47863006591797,22.63216590881348,18675490
2010-11-24,16.114761352539062,22.531408309936523,22.747318267822266,22.47863006591797,22.65135765075684,15429346
2010-11-26,16.059858322143555,22.454639434814453,22.56019592285156,22.435447692871094,22.56019592285156,6334306
2010-11-29,15.95348072052002,22.3059024810791,22.502620697021484,22.1667594909668,22.435447692871094,20689454
2010-11-30,15.960338592529297,22.31549835205078,22.34428596496582,22.085193634033203,22.11398124694824,18827011
2010-12-01,16.131921768188477,22.55539894104004,22.63216590881348,22.411457061767575,22.497821807861328,20241767
2010-12-02,16.33782196044922,22.84327888488769,22.86247062683105,22.58418655395508,22.6225700378418,18602543
2010-12-03,16.255468368530273,22.728126525878903,22.86247062683105,22.60817527770996,22.824085235595703,15885577
2010-12-06,16.10103988647461,22.512216567993164,22.79050064086914,22.454639434814453,22.79050064086914,22962276
2010-12-07,16.09074592590332,22.497821807861328,22.66095352172852,22.454639434814453,22.6225700378418,19987078
2010-12-08,16.035839080810547,22.42105484008789,22.56499481201172,22.262720108032227,22.517013549804688,22138599
2010-12-09,16.173105239868164,22.61297416687012,22.646560668945312,22.43065071105957,22.48342704772949,16280325
2010-12-10,16.34124755859375,22.84807586669922,22.87206649780273,22.60337829589844,22.66095352172852,18346394
2010-12-13,16.29320526123047,22.78090476989746,22.91524887084961,22.61297416687012,22.876863479614254,20677574
2010-12-14,16.488813400268555,23.05438995361328,23.05438995361328,22.718530654907227,22.785701751708984,18408712
2010-12-15,16.51283073425293,23.08797645568848,23.20792579650879,22.91524887084961,23.07358169555664,16467695
2010-12-16,16.663814544677734,23.299087524414062,23.3278751373291,22.94403648376465,23.11196517944336,15183618
2010-12-17,16.608915328979492,23.222320556640625,23.3278751373291,23.011207580566406,23.3278751373291,21597332
2010-12-20,16.564300537109375,23.15994644165039,23.399845123291016,23.0927734375,23.299087524414062,12841392
2010-12-21,16.471651077270508,23.03039932250977,23.236713409423828,22.963228225708008,23.11676406860352,16193622
2010-12-22,16.416746139526367,22.953632354736328,23.12156105041504,22.93444061279297,23.08797645568848,14680492
2010-12-23,16.40645408630371,22.93923759460449,23.0447940826416,22.891258239746094,22.900854110717773,10838891
2010-12-27,16.258888244628906,22.73292350769043,22.93444061279297,22.69454002380371,22.92964172363281,13794706
2010-12-28,16.26231575012207,22.737722396850582,22.814489364624023,22.66095352172852,22.804893493652344,15750938
2010-12-29,16.272621154785156,22.75211524963379,22.814489364624023,22.670549392700195,22.71373176574707,9659025
2010-12-30,16.324094772338867,22.824085235595703,22.886459350585938,22.728126525878903,22.776105880737305,9403710
2010-12-31,16.440767288208008,22.987218856811523,23.11676406860352,22.76171112060547,22.76171112060547,11564402
2011-01-03,16.409879684448242,22.94403648376465,23.16954231262207,22.920045852661133,23.16954231262207,19050229
2011-01-04,16.564300537109375,23.15994644165039,23.183935165405277,22.93444061279297,23.049591064453125,18826386
2011-01-05,16.564300537109375,23.15994644165039,23.42383575439453,23.06398582458496,23.135955810546875,28342643
2011-01-06,16.52998924255371,23.11196517944336,23.3278751373291,22.92484474182129,23.270299911499023,32471030
2011-01-07,16.598617553710938,23.20792579650879,23.246309280395508,23.0447940826416,23.09757232666016,21604419
2011-01-10,16.451066970825195,23.001611709594727,23.241512298583984,22.93923759460449,23.174339294433597,29427887
2011-01-11,16.416746139526367,22.953632354736328,23.11676406860352,22.867267608642575,23.11676406860352,15640475
2011-01-12,16.479087829589844,22.82888412475586,22.94883346557617,22.804893493652344,22.94403648376465,19803251
2011-01-13,16.406362533569336,22.728126525878903,22.93444061279297,22.67534828186035,22.93444061279297,14638599
2011-01-14,16.240108489990234,22.497821807861328,22.77130889892578,22.445043563842773,22.718530654907227,23048979
2011-01-18,16.347476959228516,22.646560668945312,22.680145263671875,22.37307357788086,22.47863006591797,23327845
2011-01-19,16.392505645751953,22.708934783935547,22.891258239746094,22.65135765075684,22.680145263671875,19433306
2011-01-20,16.610694885253906,23.011207580566406,23.011207580566406,22.699338912963867,22.72332763671875,23437266
2011-01-21,16.596839904785156,22.992015838623047,23.11196517944336,22.94403648376465,23.08317756652832,17318049
2011-01-24,16.683427810668945,23.11196517944336,23.126359939575195,22.96802520751953,22.982419967651367,15529179
2011-01-25,16.610694885253906,23.011207580566406,23.126359939575195,22.92964172363281,23.10716819763184,20015840
2011-01-26,16.19162940979004,22.43065071105957,23.126359939575195,22.43065071105957,23.10236930847168,43138183
2011-01-27,16.063472747802734,22.253124237060547,22.44984245300293,22.1187801361084,22.39226531982422,37021884
2011-01-28,15.755224227905272,21.826101303100582,22.310699462890625,21.754131317138672,22.243528366088867,36420800
2011-01-31,15.640939712524414,21.667768478393555,22.03241539001465,21.62458610534668,21.99883079528809,34672780
2011-02-01,15.665178298950195,21.70135307312012,21.806909561157227,21.629383087158203,21.677364349365234,27734473
2011-02-02,15.83835220336914,21.94125366210937,21.97004127502441,21.64377784729004,21.72054672241211,26265527
2011-02-03,15.931866645812988,22.07080078125,22.13797187805176,21.88847541809082,21.95564842224121,17199250
2011-02-04,15.973423957824709,22.12837600708008,22.1667594909668,21.94125366210937,22.085193634033203,20698416
2011-02-07,15.824495315551758,21.922061920166016,22.14756774902344,21.797313690185547,22.14756774902344,23649854
2011-02-08,15.79678440093994,21.883678436279297,21.94605255126953,21.797313690185547,21.874082565307617,20216132
2011-02-09,15.772541999816896,21.8500919342041,21.96524429321289,21.758930206298828,21.811708450317383,15826594
2011-02-10,15.755224227905272,21.826101303100582,21.91726493835449,21.77332305908203,21.806909561157227,16327428
2011-02-11,15.779471397399902,21.85968780517578,21.902870178222656,21.725343704223636,21.76372718811035,17146936
2011-02-14,15.924933433532717,22.06120491027832,22.094789505004883,21.87887954711914,21.93645668029785,17675698
2011-02-15,16.19162940979004,22.43065071105957,22.454639434814453,21.922061920166016,22.08999252319336,25261567
2011-02-16,16.02191734313965,22.19554710388184,22.47383117675781,22.14756774902344,22.44024658203125,19071697
2011-02-17,16.042695999145508,22.224336624145508,22.272315979003903,22.09958839416504,22.181154251098636,14300542
2011-02-18,16.23665428161621,22.493024826049805,22.497821807861328,22.20514488220215,22.243528366088867,20295540
2011-02-22,16.267812728881836,22.536205291748047,22.63216590881348,22.296306610107425,22.296306610107425,23800125
2011-02-23,16.094648361206055,22.296306610107425,22.545801162719727,22.23872947692871,22.48822593688965,21472072
2011-02-24,16.347476959228516,22.646560668945312,22.656156539916992,22.23872947692871,22.32509422302246,27052730
2011-02-25,16.49986457824707,22.8576717376709,22.900854110717773,22.55539894104004,22.68494415283203,24082951
2011-02-28,16.65918731689453,23.0783805847168,23.299087524414062,22.87206649780273,22.96802520751953,25209045
2011-03-01,16.45137596130371,22.79050064086914,23.174339294433597,22.756914138793945,23.12156105041504,19163610
2011-03-02,16.51371955871582,22.876863479614254,22.876863479614254,22.636964797973636,22.665752410888672,15155481
2011-03-03,16.745771408081055,23.19832992553711,23.222320556640625,22.953632354736328,22.992015838623047,17471655
2011-03-04,16.863529205322266,23.361461639404297,23.48620986938477,23.155147552490234,23.15994644165039,23068153
2011-03-07,16.797725677490234,23.270299911499023,23.46221923828125,23.164743423461918,23.46221923828125,14466861
2011-03-08,16.86699104309082,23.366260528564453,23.43343162536621,23.246309280395508,23.2655029296875,11799500
2011-03-09,16.99514389038086,23.543785095214844,23.57257461547852,23.299087524414062,23.38545227050781,13483326
2011-03-10,16.797725677490234,23.270299911499023,23.48141288757324,23.222320556640625,23.419038772583008,19423510
2011-03-11,16.78386878967285,23.251108169555664,23.390249252319336,23.0447940826416,23.18873405456543,14923927
2011-03-14,16.70075035095215,23.135955810546875,23.183935165405277,23.01600646972656,23.17913818359375,12797624
2011-03-15,16.503334045410156,22.86247062683105,22.93444061279297,22.61297416687012,22.8096923828125,26149646
2011-03-16,16.177764892578125,22.411457061767575,22.8096923828125,22.310699462890625,22.80009651184082,21944560
2011-03-17,16.368257522583008,22.67534828186035,22.69454002380371,22.43065071105957,22.64176177978516,18798249
2011-03-18,16.593381881713867,22.987218856811523,23.193532943725582,22.785701751708984,22.824085235595703,19049604
2011-03-21,16.634944915771484,23.0447940826416,23.14075469970703,22.94883346557617,23.0927734375,12221759
2011-03-22,16.610694885253906,23.011207580566406,23.10716819763184,22.86247062683105,23.006410598754883,13636307
2011-03-23,16.6210880279541,23.02560234069824,23.0447940826416,22.68494415283203,23.006410598754883,12868487
2011-03-24,16.66264533996582,23.08317756652832,23.09757232666016,22.900854110717773,23.09757232666016,14031888
2011-03-25,16.634944915771484,23.0447940826416,23.14075469970703,22.84807586669922,23.14075469970703,17943518
2011-03-28,16.65226173400879,23.06878471374512,23.12156105041504,23.03039932250977,23.0927734375,9457065
2011-03-29,16.75615882873535,23.212724685668945,23.212724685668945,22.982419967651367,23.039995193481445,15344102
2011-03-30,16.95704460144043,23.49100875854492,23.58696746826172,23.28469467163086,23.318279266357425,19547103
2011-03-31,16.98821258544922,23.534189224243164,23.726110458374023,23.419038772583008,23.51979637145996,20532097
2011-04-01,17.09904670715332,23.687725067138672,23.702119827270508,23.534189224243164,23.582170486450195,13283035
2011-04-04,17.403825759887695,24.10994911193848,24.215505599975582,23.87005043029785,23.989999771118164,21573989
2011-04-05,17.31377601623535,23.98520278930664,24.220304489135746,23.980403900146484,24.157930374145508,14296582
2011-04-06,17.552757263183594,24.31626319885254,24.34025382995605,24.00439453125,24.009191513061523,16846394
2011-04-07,17.486948013305664,24.225101470947266,24.301870346069336,24.057172775268555,24.253889083862305,12180492
2011-04-08,17.486948013305664,24.225101470947266,24.32585906982422,24.143535614013672,24.24909210205078,12129012
2011-04-11,17.632423400878906,24.426618576049805,24.48899269104004,24.18191909790039,24.229900360107425,15596915
2011-04-12,17.67397689819336,24.484193801879883,24.685710906982425,24.27787971496582,24.38343620300293,21058358
2011-04-13,17.639007568359375,24.205909729003903,24.484193801879883,24.143535614013672,24.25868797302246,15226136
2011-04-14,17.831314086914062,24.46980094909668,24.541770935058597,24.124343872070312,24.196313858032227,16117549
2011-04-15,18.145978927612305,24.901620864868164,24.935205459594727,24.5225772857666,24.671316146850582,27354106
2011-04-18,17.929208755493164,24.604143142700195,24.75288200378418,24.40262794494629,24.748083114624023,21947061
2011-04-19,17.862775802612305,24.51298141479492,24.580154418945312,24.426618576049805,24.49858856201172,16817424
2011-04-20,17.761383056640625,24.37384033203125,24.940004348754883,24.01399040222168,24.86323547363281,27179033
2011-04-21,18.111013412475582,24.853639602661133,25.41020774841309,24.29707145690918,24.33545684814453,38577949
2011-04-25,17.943195343017578,24.623336791992188,24.7912654876709,24.32585906982422,24.709699630737305,16016465
2011-04-26,18.100526809692383,24.83924674987793,24.87283134460449,24.465002059936523,24.551366806030277,15214673
2011-04-27,18.243877410888672,25.03596305847168,25.069549560546875,24.757680892944336,24.834447860717773,14614423
2011-04-28,18.28232955932617,25.088741302490234,25.117530822753903,24.916013717651367,24.97359085083008,12604627
2011-04-29,18.194929122924805,24.96879196166992,25.13192367553711,24.901620864868164,25.10313606262207,11901000
2011-05-02,18.387231826782227,25.232681274414062,25.299854278564453,24.99757957458496,25.055156707763672,15979158
2011-05-03,18.47813415527344,25.35742950439453,25.381420135498047,25.02157020568848,25.09354019165039,21484785
2011-05-04,18.50960350036621,25.400611877441406,25.429399490356445,25.32384490966797,25.36702537536621,14542935
2011-05-05,18.380239486694336,25.223085403442383,25.400611877441406,25.117530822753903,25.352632522583008,13459983
2011-05-06,18.36274719238281,25.1990966796875,25.36702537536621,25.098337173461918,25.309450149536133,11868070
2011-05-09,18.41170692443848,25.266267776489254,25.309450149536133,25.07434844970703,25.194297790527344,12066486
2011-05-10,18.474639892578125,25.352632522583008,25.38621711730957,25.242277145385746,25.31904602050781,8197374
2011-05-11,18.54806137084961,25.45339012145996,25.59733009338379,25.352632522583008,25.381420135498047,15968112
2011-05-12,18.715883255004883,25.68369483947754,25.789249420166016,25.309450149536133,25.45339012145996,16783451
2011-05-13,18.70190048217773,25.664501190185547,26.02435111999512,25.544551849365234,25.635713577270508,16772197
2011-05-16,18.880216598510746,25.90920066833496,26.000362396240234,25.621320724487305,25.659704208374023,15205502
2011-05-17,18.70539283752441,25.669300079345703,25.86121940612793,25.482177734375,25.86121940612793,14245727
2011-05-18,18.817279815673828,25.82283592224121,25.885210037231445,25.688491821289062,25.73647117614746,14587953
2011-05-19,18.677425384521484,25.630916595458984,25.90920066833496,25.48697662353516,25.894805908203125,12759900
2011-05-20,18.708892822265625,25.674097061157227,25.86601829528809,25.395814895629883,25.621320724487305,15512088
2011-05-23,18.61798667907715,25.54935073852539,25.664501190185547,25.352632522583008,25.41020774841309,12916424
2011-05-24,18.645957946777344,25.58773422241211,25.688491821289062,25.42460250854492,25.630916595458984,9291580
2011-05-25,18.52009010314941,25.41500663757324,25.60692596435547,25.295055389404297,25.57813835144043,12604419
2011-05-26,18.229888916015625,25.01677131652832,25.47258186340332,24.738487243652344,25.391016006469727,37938933
2011-05-27,18.023611068725582,24.73369026184082,25.069549560546875,24.64732551574707,25.00717544555664,19484785
2011-05-31,18.26835250854492,25.069549560546875,25.08394432067871,24.78166961669922,24.911216735839844,23704877
2011-06-01,18.15297508239746,24.911216735839844,25.175106048583984,24.82965087890625,25.055156707763672,13972697
2011-06-02,17.918720245361328,24.589750289916992,24.89202308654785,24.48899269104004,24.89202308654785,18527928
2011-06-03,17.859289169311523,24.5081844329834,24.60894203186035,24.2874755859375,24.431415557861328,13345352
2011-06-06,17.838308334350586,24.47939682006836,24.580154418945312,24.41222381591797,24.51298141479492,12280742
2011-06-07,17.964168548583984,24.652124404907227,24.83924674987793,24.53697204589844,24.613740921020508,14986870
2011-06-08,18.016616821289062,24.72409439086914,24.76247787475586,24.541770935058597,24.589750289916992,11992288
2011-06-09,18.016616821289062,24.72409439086914,25.00237846374512,24.64732551574707,24.738487243652344,14454356
2011-06-10,17.796348571777344,24.42181968688965,24.6953067779541,24.42181968688965,24.63772964477539,15587536
2011-06-13,17.97116470336914,24.661720275878903,24.77687263488769,24.54656791687012,24.58495140075684,16107962
2011-06-14,17.93270492553711,24.60894203186035,24.820053100585938,24.53697204589844,24.820053100585938,17939975
2011-06-15,17.939706802368164,24.61853790283203,24.78646850585937,24.48899269104004,24.53217315673828,14045436
2011-06-16,17.939706802368164,24.61853790283203,24.67611312866211,24.51298141479492,24.61853790283203,13556273
2011-06-17,18.069061279296875,24.79606437683105,25.055156707763672,24.77687263488769,24.853639602661133,18297207
2011-06-20,18.18793487548828,24.95919609069824,25.03596305847168,24.738487243652344,24.800861358642575,11616090
2011-06-21,18.2718563079834,25.07434844970703,25.17990493774414,24.97359085083008,25.055156707763672,11158816
2011-06-22,18.20891571044922,24.98798370361328,25.117530822753903,24.97359085083008,24.99278259277344,9505211
2011-06-23,18.15297508239746,24.911216735839844,24.96399307250977,24.570558547973636,24.834447860717773,14430388
2011-06-24,18.09353256225586,24.82965087890625,24.89202308654785,24.6953067779541,24.89202308654785,10831388
2011-06-27,18.145978927612305,24.901620864868164,25.01677131652832,24.77687263488769,24.87283134460449,9557107
2011-06-28,18.26835250854492,25.069549560546875,25.12232780456543,24.95919609069824,25.0263671875,10601292
2011-06-29,18.23688316345215,25.0263671875,25.10313606262207,24.940004348754883,25.09354019165039,11291163
2011-06-30,18.3977165222168,25.2470760345459,25.32864189147949,25.10313606262207,25.304651260375977,12069404
2011-07-01,18.565542221069336,25.47738075256348,25.47738075256348,25.136722564697266,25.213489532470703,11558566
2011-07-05,18.586524963378903,25.50616836547852,25.573339462280277,25.395814895629883,25.47738075256348,10492497
2011-07-06,18.62847137451172,25.563743591308597,25.640512466430664,25.50616836547852,25.55894660949707,7447895
2011-07-07,18.719385147094727,25.688491821289062,25.7172794342041,25.544551849365234,25.664501190185547,10280325
2011-07-08,18.645957946777344,25.58773422241211,25.645309448242188,25.395814895629883,25.54935073852539,10738850
2011-07-11,18.5935115814209,25.515764236450195,25.5301570892334,25.35742950439453,25.400611877441406,11195498
2011-07-12,18.63197326660156,25.56854248046875,25.69329071044922,25.314247131347656,25.46298599243164,15136098
2011-07-13,18.61786460876465,25.31904602050781,25.592531204223636,25.23748016357422,25.46298599243164,14600667
2011-07-14,18.755455017089844,25.50616836547852,25.58773422241211,25.290258407592773,25.304651260375977,13061901
2011-07-15,18.713119506835938,25.448591232299805,25.630916595458984,25.33344078063965,25.56854248046875,11707795
2011-07-18,18.53671264648437,25.20869255065918,25.44379425048828,25.079145431518555,25.395814895629883,11167778
2011-07-19,18.660200119018555,25.37662124633789,25.391016006469727,25.088741302490234,25.242277145385746,12320967
2011-07-20,18.48731803894043,25.14151954650879,25.544551849365234,24.906417846679688,25.525360107421875,18696957
2011-07-21,18.64608764648437,25.35742950439453,25.4677848815918,25.232681274414062,25.32864189147949,14571905
2011-07-22,18.68135643005371,25.40541076660156,25.44379425048828,25.27106666564941,25.395814895629883,10342643
2011-07-25,18.550825119018555,25.22788429260254,25.525360107421875,25.184701919555664,25.285459518432617,14621301
2011-07-26,18.409704208374023,25.03596305847168,25.275863647460938,25.01677131652832,25.275863647460938,12220717
2011-07-27,18.286222457885746,24.86803436279297,25.03596305847168,24.82965087890625,24.930408477783203,14421426
2011-07-28,18.212133407592773,24.767276763916016,25.00717544555664,24.738487243652344,24.87283134460449,10355148
2011-07-29,18.10628700256348,24.623336791992188,24.757680892944336,24.54656791687012,24.652124404907227,16997499
2011-08-01,17.806396484375,24.215505599975582,24.767276763916016,24.06196975708008,24.767276763916016,19402251
2011-08-02,17.711135864257812,24.085960388183597,24.205909729003903,23.92762565612793,24.124343872070312,20054606
2011-08-03,17.742889404296875,24.12914276123047,24.16272735595703,23.68292808532715,24.02358627319336,20149854
2011-08-04,17.206621170043945,23.399845123291016,24.143535614013672,23.38545227050781,23.92762565612793,33477282
2011-08-05,17.72171974182129,24.1003532409668,24.34025382995605,23.246309280395508,23.64454460144043,35718633
2011-08-08,16.956117630004883,23.05918884277344,24.0523738861084,22.81928825378418,23.65414047241211,38377866
2011-08-09,17.132526397705078,23.299087524414062,23.467018127441406,22.209941864013672,23.27509880065918,40628804
2011-08-10,16.543331146240234,22.497821807861328,23.323078155517575,22.43065071105957,23.28469467163086,28365152
2011-08-11,17.42182159423828,23.692523956298828,23.91802978515625,22.368276596069336,22.502620697021484,29894956
2011-08-12,17.510032653808594,23.81247329711914,24.009191513061523,23.41423988342285,24.009191513061523,20827220
2011-08-15,17.60881805419922,23.94681739807129,24.0523738861084,23.67333221435547,23.99479866027832,14392664
2011-08-16,17.66526985168457,24.02358627319336,24.191516876220703,23.620553970336918,23.87484741210937,15011255
2011-08-17,17.69349479675293,24.06196975708008,24.2394962310791,23.807676315307617,24.04277801513672,10360984
2011-08-18,17.24189567565918,23.447826385498047,23.836463928222656,23.135955810546875,23.649341583251957,20759066
2011-08-19,17.31598472595215,23.548583984375,23.7692928314209,23.270299911499023,23.289491653442383,19531263
2011-08-22,17.42182159423828,23.692523956298828,23.989999771118164,23.63494873046875,23.93242454528809,15758233
2011-08-23,17.82050132751465,24.234697341918945,24.273082733154297,23.692523956298828,23.706918716430664,16419341
2011-08-24,18.032196044921875,24.5225772857666,24.52737617492676,24.06196975708008,24.124343872070312,14460400
2011-08-25,17.619403839111328,23.961212158203125,24.58495140075684,23.87484741210937,24.58495140075684,13869737
2011-08-26,17.69349479675293,24.06196975708008,24.11954689025879,23.332674026489254,23.798080444335938,17198416
2011-08-29,18.06747817993164,24.570558547973636,24.58495140075684,24.201112747192383,24.26828384399414,9571905
2011-08-30,18.25446128845215,24.824851989746094,24.887226104736328,24.25868797302246,24.49378967285156,14993331
2011-08-31,18.52613067626953,25.194297790527344,25.2470760345459,24.84884262084961,24.94960021972656,22035431
2011-09-01,18.325029373168945,24.920812606811523,25.38621711730957,24.86323547363281,25.14151954650879,14314923
2011-09-02,18.007503509521484,24.48899269104004,24.824851989746094,24.46980094909668,24.78646850585937,10891622
2011-09-06,18.095705032348636,24.60894203186035,24.632932662963867,23.706918716430664,23.87005043029785,16495415
2011-09-07,18.452035903930664,25.09354019165039,25.170307159423828,24.748083114624023,24.86803436279297,13351188
2011-09-08,18.14861869812012,24.680912017822266,25.03116607666016,24.66651725769043,24.944801330566406,18484577
2011-09-09,17.79228401184082,24.196313858032227,24.53217315673828,24.1003532409668,24.5225772857666,18438308
2011-09-12,17.82050132751465,24.234697341918945,24.244293212890625,23.81247329711914,24.018787384033203,15190913
2011-09-13,17.845199584960938,24.26828384399414,24.37384033203125,24.124343872070312,24.27787971496582,12012505
2011-09-14,17.965160369873047,24.431415557861328,24.66651725769043,23.97560691833496,24.39303207397461,14342226
2011-09-15,18.095705032348636,24.60894203186035,24.70490264892578,24.40262794494629,24.642528533935547,13929762
2011-09-16,18.40617179870605,25.03116607666016,25.03596305847168,24.623336791992188,24.748083114624023,21048770
2011-09-19,18.342668533325195,24.944801330566406,25.01677131652832,24.613740921020508,24.66651725769043,14116924
2011-09-20,18.61786460876465,25.31904602050781,25.525360107421875,24.99757957458496,25.06475257873535,15588162
2011-09-21,18.25446128845215,24.824851989746094,25.563743591308597,24.81525611877441,25.371824264526367,15926428
2011-09-22,17.88401222229004,24.32106208801269,24.465002059936523,23.96600914001465,24.35464859008789,26280742
2011-09-23,17.979272842407227,24.450607299804688,24.57535552978516,24.177122116088867,24.34025382995605,21420800
2011-09-26,17.905174255371094,24.34984970092773,24.599346160888672,24.09075736999512,24.541770935058597,20730930
2011-09-27,18.063949584960938,24.56575965881348,24.7912654876709,24.196313858032227,24.273082733154297,16555857
2011-09-28,17.961637496948242,24.426618576049805,24.925609588623047,24.388233184814453,24.671316146850582,12245727
2011-09-29,18.29327392578125,24.87763023376465,25.088741302490234,24.580154418945312,24.685710906982425,15518133
2011-09-30,18.04277801513672,24.53697204589844,25.069549560546875,24.53697204589844,24.71449851989746,17204252
2011-10-03,17.69349479675293,24.06196975708008,24.810457229614254,24.04277801513672,24.417022705078125,23510838
2011-10-04,17.816978454589844,24.229900360107425,24.27787971496582,23.49100875854492,23.846059799194336,22509379
2011-10-05,18.032196044921875,24.5225772857666,24.5561637878418,24.06196975708008,24.301870346069336,15107753
2011-10-06,18.056888580322266,24.5561637878418,24.623336791992188,24.30666732788086,24.5561637878418,52921009
2011-10-07,18.180370330810547,24.72409439086914,24.94960021972656,24.65692138671875,24.75288200378418,59821175
2011-10-10,18.56493759155273,25.2470760345459,25.2470760345459,24.935205459594727,25.045560836791992,22854940
2011-10-11,18.59316062927246,25.285459518432617,25.371824264526367,25.10313606262207,25.21828842163086,48235723
2011-10-12,18.63232421875,25.107934951782227,25.362228393554688,25.03596305847168,25.079145431518555,13444352
2011-10-13,18.568239212036133,25.02157020568848,25.20869255065918,24.86323547363281,25.203893661499023,10081075
2011-10-14,18.77475357055664,25.299854278564453,25.314247131347656,25.098337173461918,25.14151954650879,9486661
2011-10-17,18.529075622558597,24.96879196166992,25.309450149536133,24.920812606811523,25.146318435668945,13514798
2011-10-18,18.671497344970703,25.16071128845215,25.33823776245117,24.72409439086914,24.925609588623047,15050229
2011-10-19,18.959901809692383,25.54935073852539,26.681678771972656,25.41020774841309,26.643293380737305,78108378
2011-10-20,19.244741439819336,25.933189392089844,26.091524124145508,25.573339462280277,25.669300079345703,36511046
2011-10-21,19.177095413208008,25.84202766418457,26.2210693359375,25.722078323364254,26.187484741210938,27857024
2011-10-24,19.03110885620117,25.645309448242188,25.83243179321289,25.544551849365234,25.7028865814209,22367862
2011-10-25,18.86732482910156,25.42460250854492,25.83243179321289,25.400611877441406,25.664501190185547,20117757
2011-10-26,19.10232353210449,25.741270065307617,25.789249420166016,25.46298599243164,25.659704208374023,17623385
2011-10-27,19.27322578430176,25.971574783325195,26.05314064025879,25.74606704711914,25.96677589416504,21076907
2011-10-28,19.30526733398437,26.01475524902344,26.105918884277344,25.765260696411133,26.009958267211918,15620884
2011-10-31,19.18065452575684,25.846826553344727,26.105918884277344,25.69329071044922,25.69329071044922,16954148
2011-11-01,18.78542709350586,25.314247131347656,25.669300079345703,25.27106666564941,25.40541076660156,18391622
2011-11-02,18.82815361022949,25.371824264526367,25.659704208374023,25.285459518432617,25.56854248046875,13003960
2011-11-03,19.169967651367188,25.83243179321289,25.8900089263916,25.482177734375,25.48697662353516,14446644
2011-11-04,18.988378524780277,25.58773422241211,25.73647117614746,25.35742950439453,25.707683563232425,10694664
2011-11-07,19.0952091217041,25.731674194335938,25.78445243835449,25.4341983795166,25.48697662353516,11951021
2011-11-08,19.319507598876957,26.03394889831543,26.06273651123047,25.664501190185547,25.77485656738281,13460609
2011-11-09,18.84952735900879,25.400611877441406,25.79404830932617,25.26147079467773,25.74606704711914,14403501
2011-11-10,19.20913314819336,25.885210037231445,25.952381134033203,25.50616836547852,25.54935073852539,11266986
2011-11-11,19.4156551361084,26.163494110107425,26.197080612182617,26.009958267211918,26.077129364013672,10284702
2011-11-14,19.312387466430664,26.02435111999512,26.19228172302246,25.8900089263916,26.158695220947266,9980409
2011-11-15,19.404970169067383,26.149099349975582,26.28344345092773,25.96677589416504,26.120311737060547,13053981
2011-11-16,19.14504623413086,25.79884529113769,26.091524124145508,25.765260696411133,26.04354476928711,11433097
2011-11-17,19.01686286926269,25.626117706298828,25.8900089263916,25.37662124633789,25.712482452392575,11980200
2011-11-18,19.05603408813477,25.678895950317383,25.87081527709961,25.626117706298828,25.7172794342041,12601917
2011-11-21,18.78899574279785,25.31904602050781,25.56854248046875,25.242277145385746,25.314247131347656,13070238
2011-11-22,18.760513305664062,25.280662536621094,25.438995361328125,25.155914306640625,25.280662536621094,10992705
2011-11-23,18.639453887939453,25.117530822753903,25.381420135498047,25.098337173461918,25.18950080871582,12078158
2011-11-25,18.53263282775879,24.97359085083008,25.184701919555664,24.97359085083008,25.045560836791992,4614840
2011-11-28,18.94209289550781,25.525360107421875,25.544551849365234,25.26147079467773,25.280662536621094,11667570
2011-11-29,18.888687133789062,25.45339012145996,25.760461807250977,25.429399490356445,25.635713577270508,12504168
2011-11-30,19.422765731811523,26.1730899810791,26.197080612182617,25.94758415222168,25.9859676361084,20257816
2011-12-01,19.412090301513672,26.158695220947266,26.28824234008789,26.000362396240234,26.000362396240234,15006878
2011-12-02,19.280349731445312,25.981170654296875,26.302635192871094,25.885210037231445,26.187484741210938,13350563
2011-12-05,19.33731842041016,26.057937622070312,26.25945472717285,25.89960479736328,26.125110626220703,12370988
2011-12-06,19.41921043395996,26.168291091918945,26.29303932189941,25.952381134033203,26.144302368164062,11286161
2011-12-07,19.47617721557617,26.245059967041016,26.33142471313477,25.93798828125,26.09632110595703,18115048
2011-12-08,19.291025161743164,25.99556350708008,26.26905059814453,25.942785263061523,26.187484741210938,13015840
2011-12-09,19.42989158630371,26.18268585205078,26.26425170898437,25.904401779174805,26.048341751098636,10290746
2011-12-12,19.323076248168945,26.038745880126957,26.149099349975582,25.81324005126953,26.019554138183597,11226344
2011-12-13,19.3515625,26.077129364013672,26.312231063842773,25.990766525268555,26.077129364013672,13788870
2011-12-14,19.30883407592773,26.019554138183597,26.129907608032227,25.904401779174805,25.97637176513672,13358900
2011-12-15,19.54382705688477,26.33622169494629,26.360212326049805,26.18268585205078,26.2210693359375,17019800
2011-12-16,19.54382705688477,26.33622169494629,26.369808197021484,26.21147346496582,26.360212326049805,22562318
2011-12-19,19.3515625,26.077129364013672,26.35541343688965,25.9859676361084,26.302635192871094,12914756
2011-12-20,19.53314781188965,26.32182884216309,26.350616455078125,26.206676483154297,26.24026107788086,15898916
2011-12-21,19.739656448364254,26.600112915039062,26.609708786010746,26.25465583801269,26.26425170898437,21375365
2011-12-22,19.81442642211914,26.700870513916016,26.79682922363281,26.4417781829834,26.604909896850582,19157982
2011-12-23,19.94617080688477,26.878395080566406,26.88319396972656,26.64809226989746,26.79682922363281,10969154
2011-12-27,20.02094268798828,26.979154586791992,27.031932830810547,26.78243637084961,26.78243637084961,7303251
2011-12-28,19.878515243530277,26.787233352661133,27.04632568359375,26.758445739746094,26.868799209594727,8365777
2011-12-29,20.056543350219727,27.02713394165039,27.05592155456543,26.777637481689453,26.777637481689453,9254689
2011-12-30,20.02094268798828,26.979154586791992,27.079912185668945,26.90238571166992,26.90238571166992,8582326
2012-01-03,20.19540405273437,27.214256286621094,27.27183151245117,26.8975887298584,27.147083282470703,17693206
2012-01-04,20.117082595825195,27.108699798583984,27.27183151245117,26.979154586791992,27.219053268432617,13370154
2012-01-05,20.07079124450684,27.04632568359375,27.15188217163086,26.959962844848636,27.11349868774414,13119425
2012-01-06,19.88920021057129,26.80162811279297,27.11349868774414,26.77284049987793,27.10390281677246,11986244
2012-01-09,19.88564109802246,26.79682922363281,26.88799285888672,26.64809226989746,26.868799209594727,10789496
2012-01-10,19.97822380065918,26.92157745361328,26.99834632873535,26.844810485839844,26.96475982666016,12191955
2012-01-11,19.90279769897461,26.59051513671875,26.70566749572754,26.465768814086918,26.700870513916016,13866194
2012-01-12,19.80942916870117,26.465768814086918,26.81122398376465,26.44657516479492,26.700870513916016,15528762
2012-01-13,19.90638542175293,26.595314025878903,26.64809226989746,26.360212326049805,26.40339469909668,14115882
2012-01-17,20.006946563720703,26.72965812683105,26.98395156860352,26.7248592376709,26.825618743896484,15592747
2012-01-18,19.88125228881836,26.56172752380371,26.76324462890625,26.456172943115234,26.600112915039062,14803668
2012-01-19,19.90638542175293,26.595314025878903,26.595314025878903,26.41299057006836,26.523344039916992,13263652
2012-01-20,20.0249080657959,26.75364875793457,26.77284049987793,26.494556427001957,26.691274642944336,17691538
2012-01-23,20.010543823242188,26.734455108642575,26.80642509460449,26.614505767822266,26.80642509460449,12147770
2012-01-24,20.103912353515625,26.859203338623047,26.864002227783203,26.7248592376709,26.7248592376709,15769070
2012-01-25,19.83456039428711,26.49935340881348,26.604909896850582,26.225868225097656,26.49935340881348,25455190
2012-01-26,19.705291748046875,26.32662582397461,26.604909896850582,26.25945472717285,26.600112915039062,15182159
2012-01-27,19.759145736694336,26.398595809936523,26.49935340881348,26.245059967041016,26.33142471313477,13322009
2012-01-30,19.56163024902344,26.134706497192383,26.235464096069336,25.942785263061523,26.21147346496582,20086078
2012-01-31,19.446706771850582,25.981170654296875,26.26905059814453,25.8900089263916,26.18268585205078,25874114
2012-02-01,19.486215591430664,26.03394889831543,26.149099349975582,25.92839241027832,26.03394889831543,29235515
2012-02-02,19.554452896118164,26.125110626220703,26.177888870239254,25.8900089263916,26.02435111999512,19152147
2012-02-03,19.75196075439453,26.388999938964844,26.456172943115234,26.225868225097656,26.28344345092773,16573364
2012-02-06,19.89202690124512,26.576122283935547,26.604909896850582,26.23066520690918,26.26425170898437,16874531
2012-02-07,20.006946563720703,26.72965812683105,26.80162811279297,26.48016166687012,26.504152297973636,12350563
2012-02-08,19.956663131713867,26.662485122680664,26.78243637084961,26.57132339477539,26.78243637084961,10981451
2012-02-09,19.845338821411133,26.513748168945312,26.6768798828125,26.384201049804688,26.619304656982425,11699041
2012-02-10,19.791467666625977,26.4417781829834,26.46096992492676,26.29303932189941,26.417787551879883,11477699
2012-02-13,19.80942916870117,26.465768814086918,26.532939910888672,26.43697929382324,26.475364685058597,8062734
2012-02-14,19.78069496154785,26.42738342285156,26.484960556030277,26.26425170898437,26.465768814086918,11748020
2012-02-15,19.91716766357422,26.609708786010746,26.73925399780273,26.393798828125,26.532939910888672,15083576
2012-02-16,20.057222366333008,26.79682922363281,26.835214614868164,26.51854515075684,26.643293380737305,12493956
2012-02-17,20.240381240844727,27.041528701782227,27.099103927612305,26.88799285888672,26.969558715820312,16231972
2012-02-21,20.16855239868164,26.9455680847168,27.060720443725582,26.89278984069824,27.051124572753903,14088995
2012-02-22,20.19369125366211,26.979154586791992,27.05592155456543,26.854406356811523,26.90718460083008,12921634
2012-02-23,20.215240478515625,27.00794219970703,27.060720443725582,26.93597221374512,26.95036506652832,14109004
2012-02-24,20.362483978271484,27.20466041564941,27.223852157592773,26.98395156860352,27.02713394165039,9957482
2012-02-27,20.326570510864254,27.156679153442383,27.228649139404297,26.92637634277344,27.051124572753903,9876615
2012-02-28,20.484588623046875,27.3677921295166,27.41097450256348,27.14228630065918,27.199861526489254,12279283
2012-02-29,20.330158233642575,27.16147804260254,27.44455909729004,27.16147804260254,27.42057037353516,16880575
2012-03-01,20.58513832092285,27.50213623046875,27.55011558532715,27.147083282470703,27.156679153442383,13641100
2012-03-02,20.610280990600582,27.535722732543945,27.59809684753418,27.310216903686523,27.48294448852539,11347228
2012-03-05,20.570775985717773,27.48294448852539,27.583702087402344,27.42536735534668,27.47334861755371,11895998
2012-03-06,20.23678207397461,27.03672981262207,27.458953857421875,27.00794219970703,27.42057037353516,17748854
2012-03-07,20.20446014404297,26.993547439575195,27.08470916748047,26.825618743896484,27.08470916748047,15557107
2012-03-08,20.64619445800781,27.583702087402344,27.703651428222656,27.30061912536621,27.39657974243164,21693206
2012-03-09,20.811389923095703,27.80441093444824,27.8236026763916,27.545318603515625,27.588499069213867,16453939
2012-03-12,20.911949157714844,27.93875312805176,28.025117874145508,27.732440948486328,27.732440948486328,14106503
2012-03-13,21.163331985473636,28.274614334106445,28.298603057861328,27.98673439025879,28.044309616088867,17408712
2012-03-14,21.18488311767578,28.303401947021484,28.303401947021484,28.140270233154297,28.22183609008789,15118174
2012-03-15,21.22797966003418,28.36097717285156,28.490524291992188,28.19304847717285,28.25062370300293,16573364
2012-03-16,21.339305877685547,28.509716033935547,28.65365600585937,28.4233512878418,28.44254493713379,25447061
2012-03-19,21.626605987548828,28.893556594848636,29.05668830871582,28.634464263916016,28.634464263916016,22666111
2012-03-20,21.69124794006348,28.97991943359375,29.051889419555664,28.730424880981445,28.730424880981445,14102126
2012-03-21,21.68766212463379,28.975122451782227,29.03749656677246,28.792797088623047,28.90794944763184,13667153
2012-03-22,21.58710479736328,28.84077835083008,28.946334838867188,28.778404235839844,28.8791618347168,14070446
2012-03-23,21.69124794006348,28.97991943359375,29.04709243774414,28.81199073791504,28.81678771972656,13572113
2012-03-26,21.903133392333984,29.263002395629883,29.263002395629883,29.071081161499023,29.080678939819336,15347020
2012-03-27,22.02523231506348,29.42613410949707,29.502901077270508,29.234214782714844,29.234214782714844,13449354
2012-03-28,21.949827194213867,29.32537651062012,29.498104095458984,29.176637649536133,29.450124740600582,14784494
2012-03-29,21.899547576904297,29.258203506469727,29.28699111938477,29.07588005065918,29.13825416564941,11088787
2012-03-30,22.010866165161133,29.40694236755371,29.42613410949707,29.28219413757324,29.29658889770508,18351813
2012-04-02,21.992918014526367,29.382951736450195,29.411739349365234,29.28699111938477,29.3349723815918,16959775
2012-04-03,21.957006454467773,29.3349723815918,29.459720611572266,29.224618911743164,29.34456825256348,13714673
2012-04-04,22.071922302246094,29.488508224487305,30.021085739135746,29.147850036621094,29.32537651062012,29653397
2012-04-05,22.014463424682617,29.411739349365234,29.502901077270508,29.31578063964844,29.45492172241211,12295748
2012-04-09,21.89594841003418,29.253406524658203,29.43572998046875,29.03749656677246,29.176637649536133,12945394
2012-04-10,21.597881317138672,28.85517120361328,29.27259826660156,28.754413604736328,29.267799377441406,16635890
2012-04-11,21.608741760253903,28.624868392944336,28.984718322753903,28.59128189086914,28.71603012084961,14080242
2012-04-12,21.630481719970703,28.65365600585937,28.749616622924805,28.533706665039062,28.69683837890625,13437474
2012-04-13,21.583396911621094,28.59128189086914,28.740020751953125,28.490524291992188,28.68244361877441,11921634
2012-04-16,21.67755889892578,28.71603012084961,28.85517120361328,28.63926124572754,28.65365600585937,12043143
2012-04-17,21.88763427734375,28.994314193725582,29.05668830871582,28.66325187683105,28.768808364868164,12614423
2012-04-18,21.89850616455078,29.00870704650879,29.29658889770508,28.66805076599121,29.032697677612305,15899541
2012-04-19,21.554414749145508,28.552898406982425,28.73522186279297,28.327392578125,28.701635360717773,22913506
2012-04-20,21.68842124938965,28.730424880981445,28.893556594848636,28.45214080810547,28.490524291992188,18132972
2012-04-23,21.68480110168457,28.72562599182129,28.759212493896484,28.47612953186035,28.57209014892578,14942059
2012-04-24,21.996294021606445,29.13825416564941,29.167041778564453,28.740020751953125,28.740020751953125,18150271
2012-04-25,22.311410903930664,29.555679321289062,29.64204406738281,29.10466766357422,29.19103240966797,19044393
2012-04-26,22.40557289123535,29.68042755126953,29.78598403930664,29.44532585144043,29.536487579345703,14027720
2012-04-27,22.45266532897949,29.74280166625977,29.867549896240234,29.718812942504883,29.78598403930664,11533764
2012-04-30,22.47801971435547,29.77638816833496,29.867549896240234,29.603660583496094,29.622852325439453,12385786
2012-05-01,22.539588928222656,29.857954025268555,30.021085739135746,29.53169059753418,29.7571964263916,12816382
2012-05-02,22.69171142578125,30.05946922302246,30.10745048522949,29.7907829284668,29.7907829284668,14596707
2012-05-03,22.836597442626957,30.25139045715332,30.323360443115234,29.958711624145508,30.021085739135746,18093372
2012-05-04,22.60478782653809,29.944318771362305,30.19861221313477,29.771589279174805,30.160228729248047,17540225
2012-05-07,22.641008377075195,29.992298126220703,30.102651596069336,29.69961929321289,29.69961929321289,19780742
2012-05-08,22.673608779907227,30.035480499267575,30.073863983154297,29.65163993835449,29.857954025268555,13424552
2012-05-09,22.177398681640625,29.378154754638672,29.82916641235352,29.34456825256348,29.78598403930664,25997707
2012-05-10,22.535964965820312,29.8531551361084,29.93951988220215,29.53169059753418,29.55088233947754,14424343
2012-05-11,22.470775604248047,29.76679229736328,29.949115753173828,29.7571964263916,29.77638816833496,9041476
2012-05-14,22.340381622314453,29.59406471252441,29.76679229736328,29.47411346435547,29.488508224487305,11130888
2012-05-15,22.416446685791016,29.694822311401367,29.7907829284668,29.565275192260746,29.646841049194336,13527095
2012-05-16,22.655500411987305,30.011489868164062,30.093055725097656,29.714014053344727,29.86275291442871,13199250
2012-05-17,22.539588928222656,29.857954025268555,30.13143920898437,29.84355926513672,29.949115753173828,12340142
2012-05-18,22.3005428314209,29.54128646850586,29.958711624145508,29.48370933532715,29.877145767211918,14998958
2012-05-21,22.387466430664062,29.65643882751465,29.81957054138184,29.555679321289062,29.555679321289062,12592330
2012-05-22,22.45266532897949,29.74280166625977,29.915529251098636,29.608457565307617,29.65163993835449,16218216
2012-05-23,22.22809791564941,29.44532585144043,29.761993408203125,29.28699111938477,29.574871063232425,11987912
2012-05-24,22.608407974243164,29.949115753173828,30.01628875732422,29.53169059753418,29.55088233947754,14566903
2012-05-25,22.546838760375977,29.867549896240234,30.15542984008789,29.80037879943848,29.82916641235352,9987703
2012-05-29,22.50699806213379,29.81477165222168,30.011489868164062,29.68042755126953,29.963510513305664,10048979
2012-05-30,22.38022804260254,29.646841049194336,29.977903366088867,29.603660583496094,29.694822311401367,12696332
2012-05-31,22.38022804260254,29.646841049194336,29.80997467041016,29.46451759338379,29.69002342224121,11688620
2012-06-01,21.92023658752441,29.03749656677246,29.5220947265625,28.96072769165039,29.33976936340332,17083785
2012-06-04,21.81157112121582,28.893556594848636,29.07588005065918,28.759212493896484,29.04709243774414,17446436
2012-06-05,21.84055519104004,28.93194007873535,29.003910064697266,28.528907775878903,28.807191848754883,15802835
2012-06-06,22.108572006225582,29.28699111938477,29.3013858795166,28.740020751953125,29.02790069580078,13629012
2012-06-07,22.166526794433597,29.36375999450684,29.546083450317383,29.28219413757324,29.440528869628903,16439767
2012-06-08,22.412822723388672,29.69002342224121,29.69961929321289,29.29658889770508,29.33017349243164,11941226
2012-06-11,22.278810501098636,29.51249885559082,29.84355926513672,29.502901077270508,29.781185150146484,8332013
2012-06-12,22.441795349121094,29.72840881347656,29.74280166625977,29.36375999450684,29.517295837402344,8711546
2012-06-13,22.278810501098636,29.51249885559082,29.69961929321289,29.42613410949707,29.613256454467773,10736348
2012-06-14,22.50699806213379,29.81477165222168,29.88194465637207,29.450124740600582,29.55088233947754,12803668
2012-06-15,22.63738822937012,29.987499237060547,30.12664222717285,29.90113639831543,29.944318771362305,16113797
2012-06-18,22.70982360839844,30.083459854125977,30.160228729248047,29.977903366088867,29.977903366088867,8211755
2012-06-19,22.77140045166016,30.16502571105957,30.275379180908203,30.10745048522949,30.12664222717285,9409962
2012-06-20,22.753284454345703,30.14103507995605,30.22260284423828,29.953914642333984,30.15542984008789,10753022
2012-06-21,22.543212890625,29.86275291442871,30.284975051879883,29.8531551361084,30.14583396911621,12525219
2012-06-22,22.57219123840332,29.90113639831543,30.102651596069336,29.80037879943848,29.88194465637207,14003126
2012-06-25,22.49974822998047,29.80517578125,29.973106384277344,29.565275192260746,29.70921516418457,11633180
2012-06-26,22.583057403564453,29.915529251098636,30.030681610107425,29.761993408203125,29.81477165222168,7469154
2012-06-27,22.77140045166016,30.16502571105957,30.284975051879883,29.968307495117188,29.987499237060547,7436015
2012-06-28,22.785888671875,30.18421745300293,30.19861221313477,29.80037879943848,30.064268112182617,8991872
2012-06-29,23.35091590881348,30.932706832885746,30.932706832885746,30.275379180908203,30.332956314086918,26008128
2012-07-02,23.40886688232422,31.00947380065918,31.02866554260254,30.707199096679688,30.8127555847168,11760108
2012-07-03,23.481306076049805,31.10543441772461,31.187000274658203,30.89432144165039,30.932706832885746,6650063
2012-07-05,23.45233726501465,31.06705093383789,31.163009643554688,30.89432144165039,31.06705093383789,41698416
2012-07-06,23.45233726501465,31.06705093383789,31.07184791564941,30.79356384277344,30.89432144165039,44201751
2012-07-09,23.76382064819336,31.479677200317383,31.489273071289062,31.091039657592773,31.110231399536133,48254898
2012-07-10,23.785551071166992,31.50846672058105,31.810739517211918,31.38851547241211,31.51806259155273,22907253
2012-07-11,23.7928524017334,31.27336311340332,31.42690086364746,31.153413772583008,31.311748504638672,15024802
2012-07-12,23.77460479736328,31.24937438964844,31.35013198852539,31.0478572845459,31.09583854675293,16757607
2012-07-13,23.89141845703125,31.402910232543945,31.42690086364746,31.24937438964844,31.302152633666992,9690288
2012-07-16,23.902362823486328,31.41730308532715,31.47488021850586,31.23018264770508,31.30694961547852,9152147
2012-07-17,24.260103225708008,31.887508392333984,31.9594783782959,31.402910232543945,31.41730308532715,12253022
2012-07-18,24.066633224487305,31.633214950561523,32.05064010620117,31.58043670654297,31.642810821533203,14898916
2012-07-19,24.01917266845703,31.57084083557129,31.75796127319336,31.46528434753418,31.73397254943848,11503752
2012-07-20,23.749053955078125,31.21578788757324,31.513263702392575,31.13422203063965,31.470081329345703,14294706
2012-07-23,23.595733642578125,31.014272689819336,31.110231399536133,30.66881561279297,30.66881561279297,11488537
2012-07-24,23.340211868286133,30.67841148376465,31.01906967163086,30.472097396850582,30.956695556640625,11446019
2012-07-25,23.405916213989254,30.7647762298584,30.899120330810547,30.58724975585937,30.80315971374512,11305336
2012-07-26,23.599390029907227,31.01906967163086,31.187000274658203,30.927907943725582,31.081443786621094,11808879
2012-07-27,24.23454093933105,31.85392189025879,32.045841217041016,31.11503028869629,31.11503028869629,19158399
2012-07-30,24.311203002929688,31.954679489135746,31.98346710205078,31.67639541625977,31.74356842041016,11190496
2012-07-31,24.205337524414062,31.81553840637207,32.08902359008789,31.80594253540039,31.98346710205078,14637140
2012-08-01,24.12868881225586,31.71478080749512,32.0218505859375,31.695587158203125,31.87311363220215,9149854
2012-08-02,24.216291427612305,31.829931259155277,32.2089729309082,31.5036678314209,31.954679489135746,14975406
2012-08-03,24.30755043029785,31.94988250732422,32.362510681152344,31.916296005249023,32.08902359008789,12233014
2012-08-06,24.22724723815918,31.84432601928711,32.065032958984375,31.83473014831543,32.00265884399414,6775323
2012-08-07,24.10313415527344,31.68119430541992,31.868316650390625,31.58523368835449,31.84432601928711,9502501
2012-08-08,24.05568504333496,31.618820190429688,31.75796127319336,31.537254333496094,31.633214950561523,8277616
2012-08-09,23.989973068237305,31.532455444335938,31.652406692504883,31.4556884765625,31.513263702392575,7844935
2012-08-10,24.1323356628418,31.71957778930664,31.73397254943848,31.47488021850586,31.51806259155273,6333055
2012-08-13,24.088531494140625,31.66200256347656,31.68119430541992,31.513263702392575,31.599628448486328,5512922
2012-08-14,24.15423393249512,31.74836540222168,31.80594253540039,31.618820190429688,31.74836540222168,5730721
2012-08-15,24.245494842529297,31.868316650390625,31.993064880371094,31.70998191833496,31.781951904296875,7341601
2012-08-16,24.24914932250977,31.87311363220215,31.906700134277344,31.66679954528809,31.82513427734375,5578783
2012-08-17,24.0629825592041,31.628416061401367,31.94988250732422,31.51806259155273,31.94988250732422,8464360
2012-08-20,23.993627548217773,31.537254333496094,31.71478080749512,31.51806259155273,31.657203674316406,6974781
2012-08-21,23.83666610717773,31.33094024658203,31.642810821533203,31.30694961547852,31.537254333496094,8775323
2012-08-22,23.92427062988281,31.44609260559082,31.537254333496094,31.2205867767334,31.23977851867676,6578158
2012-08-23,23.847612380981445,31.345333099365234,31.561243057250977,31.25897026062012,31.47488021850586,7297416
2012-08-24,24.033771514892575,31.59003257751465,31.618820190429688,31.23018264770508,31.23018264770508,7971863
2012-08-27,23.989973068237305,31.532455444335938,31.657203674316406,31.460485458374023,31.566041946411133,6196540
2012-08-28,23.993627548217773,31.537254333496094,31.618820190429688,31.21578788757324,31.450889587402344,5737807
2012-08-29,23.949811935424805,31.479677200317383,31.66679954528809,31.479677200317383,31.58043670654297,5656732
2012-08-30,23.87316131591797,31.37891960144043,31.48447608947754,31.26376724243164,31.35972785949707,6302418
2012-08-31,23.92427062988281,31.44609260559082,31.618820190429688,31.37891960144043,31.42690086364746,8617757
2012-09-04,23.89506149291992,31.40770721435547,31.50846672058105,30.98068618774414,31.311748504638672,9572530
2012-09-05,24.00092887878418,31.546850204467773,31.58523368835449,31.35013198852539,31.5036678314209,7666945
2012-09-06,24.42801284790039,32.10821533203125,32.113014221191406,31.58043670654297,31.652406692504883,12316382
2012-09-07,24.344057083129883,31.997861862182617,32.26175308227539,31.906700134277344,32.0986213684082,9034598
2012-09-10,24.526573181152344,32.237762451171875,32.29533767700195,31.98346710205078,32.05064010620117,11429554
2012-09-11,24.57767105102539,32.304935455322266,32.38650131225586,32.24256134033203,32.27134704589844,9660275
2012-09-12,24.76383781433105,32.54963302612305,32.568824768066406,32.2089729309082,32.304935455322266,12207586
2012-09-13,25.28583526611328,33.23574447631836,33.23574447631836,32.46806716918945,32.46806716918945,16552105
2012-09-14,24.920804977416992,32.75594711303711,33.19736099243164,32.607208251953125,33.19736099243164,14726136
2012-09-17,25.231088638305664,33.16377639770508,33.19736099243164,32.69837188720703,32.70316696166992,13707586
2012-09-18,25.15443420410156,33.063018798828125,33.16377639770508,32.9190788269043,33.00544357299805,10854940
2012-09-19,25.31504440307617,33.274131774902344,33.394081115722656,33.1205940246582,33.134986877441406,11461651
2012-09-20,25.501205444335938,33.518829345703125,33.518829345703125,33.09660339355469,33.173370361328125,11779491
2012-09-21,25.413610458374023,33.4036750793457,33.58120346069336,33.4036750793457,33.538021087646484,19436640
2012-09-24,25.409934997558597,33.39887619018555,33.480445861816406,33.26933288574219,33.394081115722656,8572322
2012-09-25,25.39535522460937,33.37968444824219,33.782718658447266,33.37009048461914,33.49003982543945,14805336
2012-09-26,25.25663375854492,33.19736099243164,33.470848083496094,33.149383544921875,33.37968444824219,11930179
2012-09-27,25.304094314575195,33.259735107421875,33.41807174682617,33.13019180297852,33.24534225463867,7479992
2012-09-28,25.02666473388672,32.89508819580078,33.26933288574219,32.823116302490234,33.26933288574219,25240725
2012-10-01,25.216480255126957,33.14458465576172,33.37968444824219,32.77033996582031,32.86150360107422,11205294
2012-10-02,25.01936912536621,32.88549041748047,33.394081115722656,32.823116302490234,33.307716369628906,14995415
2012-10-03,25.49026107788086,33.504432678222656,33.58120346069336,32.89508819580078,32.99104690551758,19096290
2012-10-04,25.837047576904297,33.960243225097656,34.08979034423828,33.53322219848633,33.557212829589844,14207586
2012-10-05,26.1400203704834,34.35847854614258,34.502418518066406,34.1425666809082,34.15696334838867,13432889
2012-10-08,26.034160614013672,34.219337463378906,34.33448791503906,33.993831634521484,34.29130554199219,7843476
2012-10-09,25.880842208862305,34.017818450927734,34.30569839477539,33.95064926147461,34.104183197021484,13508962
2012-10-10,25.687376022338867,33.763526916503906,34.07539749145508,33.590797424316406,34.07539749145508,8959358
2012-10-11,25.525590896606445,33.307716369628906,33.76832580566406,33.298118591308594,33.66276931762695,10342018
2012-10-12,25.474109649658203,33.24054336547852,33.65317153930664,33.19736099243164,33.39887619018555,12070446
2012-10-15,26.49263572692871,34.5695915222168,34.59357833862305,33.25014114379883,33.346099853515625,32805544
2012-10-16,26.52206039428711,34.60797500610352,34.7711067199707,34.296104431152344,34.59357833862305,14045852
2012-10-17,25.385866165161133,33.12539291381836,34.521610260009766,32.78953170776367,34.44484329223633,44251563
2012-10-18,24.503389358520508,31.9738712310791,32.05543899536133,30.956695556640625,31.70518493652344,70934556
2012-10-19,24.32322120666504,31.73876953125,32.343318939208984,31.647607803344727,32.32892227172852,24333681
2012-10-22,24.198198318481445,31.57563781738281,31.66679954528809,31.316545486450195,31.5036678314209,23650896
2012-10-23,24.03273582458496,31.35972785949707,31.599628448486328,31.057453155517575,31.24457550048828,20737182
2012-10-24,24.106279373168945,31.4556884765625,31.71478080749512,31.12942314147949,31.422101974487305,15727803
2012-10-25,24.187164306640625,31.561243057250977,31.810739517211918,31.40770721435547,31.638011932373047,17814298
2012-10-26,24.07685852050781,31.41730308532715,31.618820190429688,31.153413772583008,31.58043670654297,17067111
2012-10-31,24.084211349487305,31.42690086364746,31.71478080749512,31.28775787353516,31.57563781738281,14188203
2012-11-01,24.065828323364254,31.402910232543945,31.801143646240234,31.374122619628903,31.551647186279297,14941851
2012-11-02,23.88565826416016,31.167808532714844,31.647607803344727,31.139020919799805,31.609224319458008,13617132
2012-11-05,23.915077209472656,31.20619201660156,31.2685661315918,31.04306030273437,31.081443786621094,9482493
2012-11-06,23.83417510986328,31.100635528564453,31.33094024658203,31.07664680480957,31.2205867767334,11469571
2012-11-07,23.72387313842773,30.956695556640625,31.172605514526367,30.424118041992188,30.88472557067871,24128595
2012-11-08,23.34146499633789,30.457704544067383,31.12942314147949,30.452905654907227,31.014272689819336,17642559
2012-11-09,23.841535568237305,31.110231399536133,31.26376724243164,30.55366325378418,30.78396797180176,19119842
2012-11-12,23.852563858032227,31.12462615966797,31.34053611755371,31.100635528564453,31.172605514526367,13703627
2012-11-13,23.78270530700684,31.03346443176269,31.364526748657227,31.004676818847656,31.00947380065918,12303668
2012-11-14,23.43706321716309,30.58245277404785,31.2205867767334,30.500886917114254,31.057453155517575,14034181
2012-11-15,23.238508224487305,30.323360443115234,30.67841148376465,30.19381332397461,30.625633239746094,13172363
2012-11-16,23.1208438873291,30.169824600219727,30.428916931152344,30.11704635620117,30.29936981201172,17783243
2012-11-19,23.13555335998535,30.18901634216309,30.476896286010746,30.05946922302246,30.34734916687012,18098583
2012-11-20,23.194381713867188,30.265783309936523,30.500886917114254,30.045076370239254,30.13143920898437,17339308
2012-11-21,23.28630828857422,30.38573455810547,30.457704544067383,30.227399826049805,30.35694694519043,9191121
2012-11-23,23.70548248291016,30.932706832885746,30.942302703857425,30.438512802124023,30.457704544067383,5827845
2012-11-26,23.6650390625,30.879928588867188,30.89432144165039,30.476896286010746,30.74558448791504,11596915
2012-11-27,23.55472755432129,30.73598861694336,30.956695556640625,30.673614501953125,30.76957321166992,10685911
2012-11-28,23.74225234985352,30.98068618774414,30.99028205871582,30.529674530029297,30.635229110717773,8485619
2012-11-29,23.929777145385746,31.22538375854492,31.28775787353516,30.98068618774414,31.11503028869629,10914548
2012-11-30,23.900362014770508,31.187000274658203,31.37891960144043,31.023868560791016,31.24457550048828,13151938
2012-12-03,23.63929748535156,30.846342086791992,31.34053611755371,30.79356384277344,31.23018264770508,13778449
2012-12-04,23.67606735229492,30.89432144165039,31.172605514526367,30.73598861694336,30.798362731933597,12975198
2012-12-05,23.73122215270996,30.966291427612305,31.091039657592773,30.74558448791504,30.84154319763184,10307837
2012-12-06,23.745933532714844,30.985483169555664,31.08624267578125,30.817554473876957,30.947099685668945,8853897
2012-12-07,24.095239639282227,31.441293716430664,31.48447608947754,30.807958602905277,30.96149444580078,19290955
2012-12-10,24.021705627441406,31.345333099365234,31.642810821533203,31.057453155517575,31.2205867767334,15309712
2012-12-11,24.33056640625,31.74836540222168,31.83473014831543,31.335737228393555,31.345333099365234,16099000
2012-12-12,24.2717342376709,31.67159843444824,32.07463073730469,31.60442543029785,31.76755714416504,19106294
2012-12-13,24.018022537231445,31.34053611755371,31.68119430541992,31.12942314147949,31.67159843444824,14284702
2012-12-14,24.0290584564209,31.354930877685547,31.44609260559082,31.167808532714844,31.182201385498047,13712797
2012-12-17,23.97389793395996,31.282960891723636,31.51806259155273,31.201393127441406,31.46528434753418,16745519
2012-12-18,24.242321014404297,31.633214950561523,31.71478080749512,31.05265617370605,31.24937438964844,21209879
2012-12-19,24.025375366210938,31.35013198852539,31.695587158203125,31.26376724243164,31.657203674316406,18059400
2012-12-20,24.10260009765625,31.450889587402344,31.46528434753418,31.2349796295166,31.37891960144043,11484368
2012-12-21,24.286449432373047,31.6907901763916,31.695587158203125,31.187000274658203,31.28775787353516,31168404
2012-12-24,24.07318115234375,31.412506103515625,31.6907901763916,31.36932373046875,31.6907901763916,4894331
2012-12-26,23.922420501708984,31.21578788757324,31.460485458374023,31.139020919799805,31.450889587402344,9052730
2012-12-27,23.918746948242188,31.21099090576172,31.41730308532715,31.00947380065918,31.172605514526367,10701542
2012-12-28,23.68709754943848,30.908716201782227,31.196596145629883,30.879928588867188,31.081443786621094,11238850
2012-12-31,24.084211349487305,31.42690086364746,31.441293716430664,30.711997985839844,30.76957321166992,19018133
2013-01-02,24.561729431152344,32.04999923706055,32.45000076293945,31.63999938964844,32.29999923706055,20266400
2013-01-03,25.49667739868164,33.27000045776367,33.380001068115234,32.7400016784668,32.900001525878906,22148200
2013-01-04,25.343416213989254,33.06999969482422,33.43000030517578,32.849998474121094,33.33000183105469,15820100
2013-01-07,25.55032730102539,33.34000015258789,33.34000015258789,32.849998474121094,33.02000045776367,13120000
2013-01-08,25.557992935180664,33.349998474121094,33.560001373291016,33.08000183105469,33.290000915527344,15042300
2013-01-09,25.72659492492676,33.56999969482422,33.709999084472656,33.09000015258789,33.65999984741211,11313000
2013-01-10,25.9411735534668,33.849998474121094,33.939998626708984,33.65999984741211,33.70000076293945,9668400
2013-01-11,25.67952919006348,33.369998931884766,33.880001068115234,33.31999969482422,33.880001068115234,8554700
2013-01-14,25.671831130981445,33.36000061035156,33.56999969482422,33.13999938964844,33.47999954223633,6848700
2013-01-15,25.41019058227539,33.02000045776367,33.36000061035156,32.970001220703125,33.189998626708984,12815200
2013-01-16,25.163942337036133,32.70000076293945,33.15999984741211,32.599998474121094,33.150001525878906,17500300
2013-01-17,25.225492477416992,32.779998779296875,32.970001220703125,32.66999816894531,32.849998474121094,20270400
2013-01-18,25.19471549987793,32.7400016784668,32.869998931884766,32.61000061035156,32.79999923706055,14984300
2013-01-22,25.317853927612305,32.900001525878906,33.0,32.54999923706055,32.779998779296875,18077900
2013-01-23,25.24858856201172,32.810001373291016,33.150001525878906,32.619998931884766,33.0099983215332,14987600
2013-01-24,25.240890502929688,32.79999923706055,32.95000076293945,32.58000183105469,32.650001525878906,17422200
2013-01-25,25.23319625854492,32.790000915527344,32.91999816894531,32.70000076293945,32.83000183105469,15872000
2013-01-28,25.394800186157227,33.0,33.11000061035156,32.75,32.810001373291016,13671600
2013-01-29,25.64874839782715,33.33000183105469,33.45000076293945,32.959999084472656,32.970001220703125,14644400
2013-01-30,25.56410026550293,33.220001220703125,33.400001525878906,33.13999938964844,33.400001525878906,10418800
2013-01-31,26.07199478149414,33.880001068115234,33.880001068115234,33.11000061035156,33.15999984741211,33862200
2013-02-01,26.06429672241211,33.869998931884766,34.119998931884766,33.61000061035156,33.91999816894531,18334300
2013-02-04,25.77956771850586,33.5,33.65999984741211,33.369998931884766,33.369998931884766,14632500
2013-02-05,26.041215896606445,33.84000015258789,33.9900016784668,33.650001525878906,33.68000030517578,14138000
2013-02-06,26.24129867553711,34.099998474121094,34.2400016784668,33.66999816894531,33.66999816894531,13351600
2013-02-07,26.46446418762207,34.38999938964844,34.38999938964844,34.029998779296875,34.2400016784668,11918500
2013-02-08,26.479854583740234,34.40999984741211,34.65999984741211,34.290000915527344,34.38999938964844,10237900
2013-02-11,26.364425659179688,34.2599983215332,34.4900016784668,34.2400016784668,34.41999816894531,7928300
2013-02-12,26.39520072937012,34.29999923706055,34.5,34.209999084472656,34.27000045776367,7069100
2013-02-13,26.518320083618164,34.459999084472656,34.58000183105469,34.25,34.290000915527344,6688100
2013-02-14,26.70302391052246,34.70000076293945,34.75,34.279998779296875,34.279998779296875,8561700
2013-02-15,26.99544334411621,35.08000183105469,35.099998474121094,34.779998779296875,34.84000015258789,10014100
2013-02-19,26.79536247253418,34.81999969482422,35.290000915527344,34.75,35.18000030517578,9585000
2013-02-20,26.564510345458984,34.52000045776367,34.869998931884766,34.5099983215332,34.70000076293945,7814000
2013-02-21,26.364425659179688,34.2599983215332,34.4900016784668,34.130001068115234,34.470001220703125,6572700
2013-02-22,26.58759117126465,34.54999923706055,34.54999923706055,34.0099983215332,34.18000030517578,7902900
2013-02-25,26.372116088867188,34.27000045776367,34.84000015258789,34.25,34.599998474121094,8702900
2013-02-26,26.210512161254883,34.060001373291016,34.439998626708984,33.939998626708984,34.369998931884766,7392400
2013-02-27,26.364425659179688,34.2599983215332,34.45000076293945,33.849998474121094,34.04999923706055,10667200
2013-02-28,26.002735137939453,33.790000915527344,34.36000061035156,33.790000915527344,34.310001373291016,16553600
2013-03-01,25.856529235839844,33.599998474121094,33.90999984741211,33.54999923706055,33.689998626708984,14586800
2013-03-04,26.40290260314941,34.310001373291016,34.33000183105469,33.400001525878906,33.5099983215332,6613700
2013-03-05,26.679929733276367,34.66999816894531,34.70000076293945,34.369998931884766,34.380001068115234,7653800
2013-03-06,26.372116088867188,34.27000045776367,34.70000076293945,34.150001525878906,34.66999816894531,6412100
2013-03-07,26.49524307250977,34.43000030517578,34.540000915527344,34.15999984741211,34.29999923706055,5666000
2013-03-08,26.68763542175293,34.68000030517578,34.68000030517578,34.349998474121094,34.5,5152100
2013-03-11,26.88000869750977,34.93000030517578,34.95000076293945,34.52000045776367,34.59000015258789,4903400
2013-03-12,26.91848564147949,34.97999954223633,35.0,34.79999923706055,34.83000183105469,4980100
2013-03-13,26.941579818725582,35.0099983215332,35.029998779296875,34.709999084472656,34.88999938964844,4442400
2013-03-14,27.04161262512207,35.13999938964844,35.13999938964844,34.93000030517578,35.029998779296875,6809800
2013-03-15,26.27208137512207,34.13999938964844,35.09000015258789,34.130001068115234,34.91999816894531,13695200
2013-03-18,25.748788833618164,33.459999084472656,34.0099983215332,33.439998626708984,33.939998626708984,8895900
2013-03-19,25.810352325439453,33.540000915527344,33.7400016784668,33.27000045776367,33.52000045776367,7540600
2013-03-20,26.018129348754883,33.810001373291016,33.81999969482422,33.5,33.65999984741211,6664900
2013-03-21,25.764179229736328,33.47999954223633,33.81999969482422,33.31999969482422,33.779998779296875,5889800
2013-03-22,25.92577743530273,33.689998626708984,33.689998626708984,33.33000183105469,33.5,5058700
2013-03-25,26.010427474975582,33.79999923706055,34.08000183105469,33.56999969482422,33.7599983215332,7022200
2013-03-26,26.43366813659668,34.349998474121094,34.349998474121094,33.849998474121094,33.849998474121094,5855400
2013-03-27,26.633760452270508,34.61000061035156,34.63999938964844,34.060001373291016,34.130001068115234,8637100
2013-03-28,27.180126190185547,35.31999969482422,35.34000015258789,34.529998779296875,34.599998474121094,11468200
2013-04-01,27.172439575195312,35.310001373291016,35.310001373291016,34.95000076293945,35.18000030517578,6024900
2013-04-02,27.79575729370117,36.119998931884766,36.150001525878906,35.34000015258789,35.45000076293945,10956900
2013-04-03,27.94967460632324,36.31999969482422,36.38999938964844,35.900001525878906,36.130001068115234,10143200
2013-04-04,28.20362663269043,36.650001525878906,36.88999938964844,36.45000076293945,36.52000045776367,7713000
2013-04-05,27.941967010498047,36.310001373291016,36.54999923706055,36.18999862670898,36.369998931884766,8250200
2013-04-08,28.126672744750977,36.54999923706055,36.54999923706055,35.93000030517578,36.310001373291016,5584300
2013-04-09,28.21131896972656,36.65999984741211,36.75,36.400001525878906,36.560001373291016,5444700
2013-04-10,28.549901962280277,37.09999847412109,37.13999938964844,36.65999984741211,36.72999954223633,6689200
2013-04-11,28.789379119873047,37.27000045776367,37.54999923706055,37.0,37.02000045776367,6812200
2013-04-12,28.681228637695312,37.130001068115234,37.25,36.93000030517578,37.11000061035156,5373100
2013-04-15,27.90878295898437,36.130001068115234,37.09000015258789,36.11000061035156,36.84000015258789,8227700
2013-04-16,28.117328643798828,36.400001525878906,36.47999954223633,35.900001525878906,36.27999877929688,7866000
2013-04-17,28.797094345092773,37.27999877929688,37.47999954223633,36.459999084472656,36.84000015258789,14361800
2013-04-18,28.488117218017575,36.880001068115234,37.470001220703125,36.61000061035156,37.45000076293945,7750800
2013-04-19,28.735300064086918,37.20000076293945,37.29999923706055,36.90999984741211,37.04999923706055,6665900
2013-04-22,28.49584007263184,36.88999938964844,37.220001220703125,36.560001373291016,37.0,5354200
2013-04-23,28.743013381958008,37.209999084472656,37.34000015258789,36.86000061035156,37.11000061035156,5291200
2013-04-24,28.210041046142575,36.52000045776367,37.34999847412109,36.38999938964844,37.27000045776367,5434100
2013-04-25,28.186864852905277,36.4900016784668,36.81999969482422,36.45000076293945,36.619998931884766,5321400
2013-04-26,28.16368103027344,36.459999084472656,36.70000076293945,36.25,36.36000061035156,6126800
2013-04-29,28.37224006652832,36.72999954223633,36.790000915527344,36.400001525878906,36.4900016784668,3111800
2013-04-30,28.51900291442871,36.91999816894531,36.97999954223633,36.47999954223633,36.70000076293945,6425500
2013-05-01,28.49584007263184,36.88999938964844,37.20000076293945,36.619998931884766,36.77000045776367,5458500
2013-05-02,28.62715721130371,37.060001373291016,37.150001525878906,36.83000183105469,36.95000076293945,4202800
2013-05-03,28.426315307617188,36.79999923706055,37.25,36.61000061035156,37.25,5363500
2013-05-06,27.69248962402344,35.849998474121094,36.77999877929688,35.79999923706055,36.75,8604900
2013-05-07,27.854700088500977,36.060001373291016,36.08000183105469,35.58000183105469,35.7400016784668,8347700
2013-05-08,28.03237533569336,36.290000915527344,36.290000915527344,35.880001068115234,36.0099983215332,6767500
2013-05-09,27.947397232055664,36.18000030517578,36.36000061035156,36.0,36.18999862670898,4861500
2013-05-10,27.93967628479004,36.16999816894531,36.40999984741211,35.959999084472656,36.25,6667100
2013-05-13,28.07871437072754,36.34999847412109,36.56999969482422,36.040000915527344,36.04999923706055,6217100
2013-05-14,28.619428634643555,37.04999923706055,37.09999847412109,36.220001220703125,36.41999816894531,6309000
2013-05-15,29.09062957763672,37.65999984741211,37.70000076293945,37.09000015258789,37.130001068115234,7853100
2013-05-16,28.44948959350586,36.83000183105469,37.470001220703125,36.81999969482422,37.45000076293945,6137600
2013-05-17,28.264101028442383,36.59000015258789,36.93999862670898,36.290000915527344,36.81999969482422,7049800
2013-05-20,29.206491470336918,37.810001373291016,37.93000030517578,36.869998931884766,36.95000076293945,8885200
2013-05-21,29.13698005676269,37.720001220703125,38.0,37.56999969482422,37.84999847412109,6986600
2013-05-22,29.13698005676269,37.720001220703125,38.77000045776367,37.59999847412109,37.7599983215332,9982400
2013-05-23,28.951587677001957,37.47999954223633,37.86000061035156,37.29999923706055,37.4900016784668,7067600
2013-05-24,29.167879104614254,37.7599983215332,37.84000015258789,37.11000061035156,37.16999816894531,5429900
2013-05-28,29.78584098815918,38.560001373291016,38.63999938964844,37.95000076293945,37.97999954223633,8425100
2013-05-29,29.13698005676269,37.720001220703125,38.459999084472656,37.33000183105469,38.2599983215332,8678100
2013-05-30,29.10608291625977,37.68000030517578,37.84999847412109,37.470001220703125,37.720001220703125,7569500
2013-05-31,28.325889587402344,36.66999816894531,37.650001525878906,36.619998931884766,37.4900016784668,11796200
2013-06-03,28.70439720153809,37.15999984741211,37.18000030517578,36.130001068115234,36.630001068115234,10555000
2013-06-04,28.426315307617188,36.79999923706055,37.209999084472656,36.52999877929688,37.060001373291016,6066400
2013-06-05,28.04009246826172,36.29999923706055,37.15999984741211,36.2599983215332,36.720001220703125,7084800
2013-06-06,28.30272102355957,36.63999938964844,36.63999938964844,36.02999877929688,36.2400016784668,6912400
2013-06-07,28.974761962890625,37.5099983215332,37.54999923706055,36.900001525878906,36.95000076293945,5996500
2013-06-10,28.959321975708008,37.4900016784668,37.58000183105469,37.09000015258789,37.470001220703125,5029900
2013-06-11,28.44948959350586,36.83000183105469,37.310001373291016,36.81999969482422,37.13999938964844,5128500
2013-06-12,28.148229598999023,36.43999862670898,37.20000076293945,36.41999816894531,37.08000183105469,5271200
2013-06-13,28.34907913208008,36.70000076293945,36.79999923706055,36.119998931884766,36.33000183105469,6472000
2013-06-14,28.434038162231445,36.810001373291016,37.09999847412109,36.59000015258789,36.68000030517578,4817800
2013-06-17,28.49584007263184,36.88999938964844,37.33000183105469,36.720001220703125,37.06999969482422,6356000
2013-06-18,28.974761962890625,37.5099983215332,37.63999938964844,36.869998931884766,36.97999954223633,5541500
2013-06-19,27.97056198120117,36.209999084472656,37.27000045776367,36.209999084472656,37.27000045776367,6741400
2013-06-20,27.167224884033203,35.16999816894531,36.09000015258789,35.06999969482422,36.06999969482422,8336800
2013-06-21,27.483932495117188,35.58000183105469,35.86000061035156,35.310001373291016,35.400001525878906,10122700
2013-06-24,27.012733459472656,34.970001220703125,35.380001068115234,34.689998626708984,35.290000915527344,7535800
2013-06-25,27.1208610534668,35.11000061035156,35.380001068115234,34.869998931884766,35.279998779296875,6003700
2013-06-26,27.49937057495117,35.599998474121094,35.790000915527344,35.13999938964844,35.40999984741211,6877400
2013-06-27,27.313983917236328,35.36000061035156,35.779998779296875,35.220001220703125,35.77000045776367,5625400
2013-06-28,26.943204879760746,34.880001068115234,35.81999969482422,34.869998931884766,35.29999923706055,20356100
2013-07-01,27.05907440185547,35.029998779296875,35.470001220703125,34.900001525878906,34.970001220703125,6346900
2013-07-02,26.927749633789062,34.86000061035156,35.310001373291016,34.650001525878906,34.970001220703125,5793200
2013-07-03,26.456552505493164,34.25,34.720001220703125,33.720001220703125,34.720001220703125,8381100
2013-07-05,26.974102020263672,34.91999816894531,34.93000030517578,34.4900016784668,34.58000183105469,4664300
2013-07-08,27.35260772705078,35.40999984741211,35.470001220703125,34.939998626708984,34.95000076293945,7545600
2013-07-09,26.83506393432617,34.7400016784668,35.560001373291016,34.72999954223633,35.459999084472656,10291400
2013-07-10,26.83506393432617,34.7400016784668,35.209999084472656,34.709999084472656,34.79999923706055,9108500
2013-07-11,27.432260513305664,35.369998931884766,35.540000915527344,34.77000045776367,35.02000045776367,9019200
2013-07-12,27.39347267150879,35.31999969482422,35.56999969482422,35.11000061035156,35.45000076293945,6218100
2013-07-15,27.51756477355957,35.47999954223633,35.52000045776367,35.150001525878906,35.22999954223633,6487200
2013-07-16,27.688215255737305,35.70000076293945,35.709999084472656,35.33000183105469,35.43000030517578,8492000
2013-07-17,27.781272888183597,35.81999969482422,36.47999954223633,35.72999954223633,35.880001068115234,7979400
2013-07-18,27.688215255737305,35.70000076293945,36.02999877929688,35.599998474121094,35.91999816894531,6896400
2013-07-19,27.820045471191406,35.869998931884766,35.88999938964844,35.52000045776367,35.72999954223633,7137500
2013-07-22,27.765756607055664,35.79999923706055,35.939998626708984,35.58000183105469,35.7599983215332,4782400
2013-07-23,28.44827651977539,36.68000030517578,36.79999923706055,35.900001525878906,35.93000030517578,9104400
2013-07-24,28.2699031829834,36.45000076293945,36.70000076293945,36.20000076293945,36.70000076293945,6060600
2013-07-25,28.37070846557617,36.58000183105469,36.59999847412109,36.2400016784668,36.41999816894531,7492500
2013-07-26,28.525827407836918,36.77999877929688,36.84999847412109,36.150001525878906,36.59000015258789,5387400
2013-07-29,28.49480438232422,36.7400016784668,36.95000076293945,36.5,36.619998931884766,5587300
2013-07-30,28.60338592529297,36.880001068115234,37.11000061035156,36.65999984741211,36.97999954223633,6193400
2013-07-31,28.409481048583984,36.630001068115234,37.15999984741211,36.58000183105469,36.869998931884766,7966200
2013-08-01,28.57236671447754,36.84000015258789,37.06999969482422,36.68000030517578,36.88999938964844,7479900
2013-08-02,28.502561569213867,36.75,36.970001220703125,36.68000030517578,36.790000915527344,7944100
2013-08-05,28.2699031829834,36.45000076293945,36.77999877929688,36.43999862670898,36.63999938964844,6511300
2013-08-06,27.99842643737793,36.09999847412109,36.34000015258789,36.0099983215332,36.25,9510400
2013-08-07,27.86656951904297,35.93000030517578,36.290000915527344,35.83000183105469,36.06999969482422,7220100
2013-08-08,27.85881805419922,35.91999816894531,36.34999847412109,35.65999984741211,36.20000076293945,4804500
2013-08-09,27.835559844970703,35.88999938964844,36.040000915527344,35.75,35.79999923706055,5030400
2013-08-12,27.843324661254883,35.900001525878906,36.02999877929688,35.720001220703125,35.790000915527344,4986900
2013-08-13,27.874340057373047,35.939998626708984,36.02999877929688,35.7400016784668,35.93000030517578,4600200
2013-08-14,27.61840057373047,35.61000061035156,35.939998626708984,35.52000045776367,35.90999984741211,4960600
2013-08-15,27.168561935424805,35.029998779296875,35.56999969482422,34.95000076293945,35.5099983215332,6521200
2013-08-16,27.12203598022461,34.970001220703125,35.0,34.54999923706055,34.91999816894531,10522400
2013-08-19,27.05222511291504,34.880001068115234,34.959999084472656,34.70000076293945,34.849998474121094,5603500
2013-08-20,26.920373916625977,34.709999084472656,34.95000076293945,34.689998626708984,34.900001525878906,4494900
2013-08-21,26.86608123779297,34.63999938964844,34.86000061035156,34.439998626708984,34.68000030517578,5413200
2013-08-22,26.889345169067383,34.66999816894531,34.75,34.43000030517578,34.66999816894531,4197500
2013-08-23,27.021196365356445,34.84000015258789,34.869998931884766,34.43000030517578,34.849998474121094,4017400
2013-08-26,26.773025512695312,34.52000045776367,34.900001525878906,34.52000045776367,34.83000183105469,3405700
2013-08-27,26.37746238708496,34.0099983215332,34.33000183105469,33.9900016784668,34.31999969482422,5300700
2013-08-28,26.175819396972656,33.75,34.029998779296875,33.72999954223633,33.970001220703125,7262000
2013-08-29,26.160308837890625,33.72999954223633,34.130001068115234,33.52000045776367,33.630001068115234,5676100
2013-08-30,25.85007667541504,33.33000183105469,33.72999954223633,33.22999954223633,33.720001220703125,7336800
2013-09-03,25.53985023498535,32.93000030517578,33.779998779296875,32.70000076293945,33.68000030517578,14068300
2013-09-04,25.95090103149414,33.459999084472656,33.779998779296875,32.939998626708984,33.0099983215332,11838000
2013-09-05,26.168062210083008,33.7400016784668,33.75,33.4900016784668,33.5,6317400
2013-09-06,25.98192024230957,33.5,33.75,33.25,33.720001220703125,6664200
2013-09-09,26.214597702026367,33.79999923706055,33.79999923706055,33.459999084472656,33.5,5716200
2013-09-10,26.439516067504883,34.09000015258789,34.189998626708984,33.97999954223633,34.040000915527344,7285500
2013-09-11,26.951398849487305,34.75,34.95000076293945,34.09000015258789,34.11000061035156,9500200
2013-09-12,26.95915031433105,34.7599983215332,34.90999984741211,34.59000015258789,34.7599983215332,7105600
2013-09-13,27.04446601867676,34.869998931884766,34.900001525878906,34.56999969482422,34.900001525878906,4882300
2013-09-16,27.153053283691406,35.0099983215332,35.29999923706055,34.95000076293945,35.099998474121094,5714500
2013-09-17,27.12203598022461,34.970001220703125,35.02000045776367,34.81999969482422,35.0,4759700
2013-09-18,27.64942169189453,35.650001525878906,35.66999816894531,34.88999938964844,35.0,6753100
2013-09-19,27.40898323059082,35.34000015258789,35.720001220703125,35.290000915527344,35.65999984741211,6493500
2013-09-20,27.37021827697754,35.290000915527344,35.470001220703125,35.209999084472656,35.38999938964844,7915200
2013-09-23,27.238365173339844,35.119998931884766,35.2599983215332,35.06999969482422,35.25,5718700
2013-09-24,26.64891624450684,34.36000061035156,35.099998474121094,34.31999969482422,35.06999969482422,9829500
2013-09-25,26.113773345947266,33.66999816894531,34.349998474121094,33.349998474121094,34.31999969482422,26193500
2013-09-26,26.10601234436035,33.65999984741211,33.869998931884766,33.47999954223633,33.75,8040800
2013-09-27,25.70271873474121,33.13999938964844,33.45000076293945,33.04999923706055,33.45000076293945,11822900
2013-09-30,25.74148368835449,33.189998626708984,33.41999816894531,33.02000045776367,33.04999923706055,9418700
2013-10-01,26.199087142944336,33.779998779296875,33.79999923706055,33.119998931884766,33.16999816894531,7182000
2013-10-02,26.292156219482425,33.900001525878906,33.91999816894531,33.470001220703125,33.47999954223633,8420200
2013-10-03,25.819055557250977,33.290000915527344,33.79999923706055,33.27000045776367,33.790000915527344,8189800
2013-10-04,26.028461456298828,33.560001373291016,33.709999084472656,33.2599983215332,33.310001373291016,7477600
2013-10-07,25.98192024230957,33.5,33.689998626708984,33.119998931884766,33.220001220703125,5543300
2013-10-08,25.601884841918945,33.0099983215332,33.59000015258789,32.9900016784668,33.54999923706055,8158500
2013-10-09,25.72597885131836,33.16999816894531,33.38999938964844,32.75,33.029998779296875,8165400
2013-10-10,26.20108795166016,33.63999938964844,33.66999816894531,33.27000045776367,33.34000015258789,7731400
2013-10-11,26.294544219970703,33.7599983215332,33.900001525878906,33.439998626708984,33.630001068115234,5039200
2013-10-14,26.481489181518555,34.0,34.029998779296875,33.380001068115234,33.5099983215332,6817400
2013-10-15,26.255615234375,33.709999084472656,34.18000030517578,33.61000061035156,33.90999984741211,11037300
2013-10-16,27.961339950561523,35.900001525878906,36.06999969482422,34.2400016784668,34.349998474121094,16953000
2013-10-17,28.95048141479492,37.16999816894531,37.27000045776367,35.88999938964844,35.88999938964844,17370200
2013-10-18,29.043949127197266,37.290000915527344,37.290000915527344,36.900001525878906,37.16999816894531,11752300
2013-10-21,28.70903587341309,36.86000061035156,37.16999816894531,36.77999877929688,37.16999816894531,7663800
2013-10-22,28.83365821838379,37.02000045776367,37.16999816894531,36.720001220703125,36.93999862670898,9726300
2013-10-23,28.99723243713379,37.22999954223633,37.2599983215332,36.810001373291016,36.90999984741211,7571500
2013-10-24,28.98163604736328,37.209999084472656,37.619998931884766,37.20000076293945,37.220001220703125,6311200
2013-10-25,29.012813568115234,37.25,37.369998931884766,36.97999954223633,37.2400016784668,6310200
2013-10-28,29.036169052124023,37.27999877929688,37.459999084472656,37.16999816894531,37.33000183105469,4799700
2013-10-29,29.036169052124023,37.27999877929688,37.459999084472656,37.2599983215332,37.36000061035156,5263700
2013-10-30,28.77135467529297,36.93999862670898,37.380001068115234,36.79999923706055,37.33000183105469,4969200
2013-10-31,28.467601776123047,36.54999923706055,37.13999938964844,36.54999923706055,37.0099983215332,8172100
2013-11-01,28.78693389892578,36.959999084472656,37.040000915527344,36.61000061035156,36.68999862670898,5557400
2013-11-04,28.80250358581543,36.97999954223633,37.02000045776367,36.68999862670898,36.97999954223633,5645300
2013-11-05,29.098466873168945,37.36000061035156,37.43000030517578,36.66999816894531,36.84999847412109,9035800
2013-11-06,29.254249572753903,37.560001373291016,37.79999923706055,37.040000915527344,37.45000076293945,7082400
2013-11-07,29.31655502319336,37.63999938964844,38.130001068115234,37.56999969482422,37.61000061035156,9474200
2013-11-08,29.6904239654541,38.119998931884766,38.13999938964844,37.220001220703125,37.5099983215332,8753900
2013-11-11,29.51906967163086,37.900001525878906,38.459999084472656,37.68000030517578,38.16999816894531,6867600
2013-11-12,29.18414878845215,37.470001220703125,37.970001220703125,37.290000915527344,37.83000183105469,6015600
2013-11-13,29.417818069458008,37.77000045776367,37.77999877929688,37.16999816894531,37.369998931884766,6144600
2013-11-14,29.410030364990234,37.7599983215332,38.08000183105469,37.66999816894531,37.88999938964844,4353100
2013-11-15,29.63590240478516,38.04999923706055,38.150001525878906,37.75,37.77000045776367,6520500
2013-11-18,29.550220489501957,37.93999862670898,38.150001525878906,37.880001068115234,38.040000915527344,4580900
2013-11-19,30.14994239807129,38.709999084472656,38.72999954223633,37.869998931884766,37.93000030517578,9906100
2013-11-20,29.73714637756348,38.18000030517578,38.810001373291016,37.90999984741211,38.75,6413400
2013-11-21,29.651472091674805,38.06999969482422,38.470001220703125,37.9900016784668,38.380001068115234,5049100
2013-11-22,29.79167938232422,38.25,38.369998931884766,38.040000915527344,38.130001068115234,4463500
2013-11-25,29.713773727416992,38.150001525878906,38.65999984741211,38.02999877929688,38.380001068115234,4592400
2013-11-26,29.651472091674805,38.06999969482422,38.290000915527344,37.900001525878906,38.290000915527344,4831200
2013-11-27,29.84619140625,38.31999969482422,38.7400016784668,38.0,38.7400016784668,4510100
2013-11-29,29.74492835998535,38.18999862670898,38.5,38.08000183105469,38.43999862670898,3512700
2013-12-02,29.70599365234375,38.13999938964844,38.310001373291016,38.02999877929688,38.2400016784668,5641200
2013-12-03,29.28539276123047,37.59999847412109,37.97999954223633,37.2599983215332,37.95000076293945,7798700
2013-12-04,29.098466873168945,37.36000061035156,37.84999847412109,37.08000183105469,37.34999847412109,5092700
2013-12-05,28.755767822265625,36.91999816894531,37.31999969482422,36.88999938964844,37.290000915527344,5289800
2013-12-06,29.23088836669922,37.52999877929688,37.540000915527344,37.16999816894531,37.27000045776367,4055000
2013-12-09,28.973859786987305,37.20000076293945,37.58000183105469,37.15999984741211,37.56999969482422,4972400
2013-12-10,28.90374755859375,37.11000061035156,37.34000015258789,36.959999084472656,37.11000061035156,5381300
2013-12-11,28.49095916748047,36.58000183105469,37.09999847412109,36.52000045776367,37.0,6185600
2013-12-12,28.265100479125977,36.290000915527344,36.630001068115234,36.27000045776367,36.56999969482422,6417800
2013-12-13,28.35076332092285,36.400001525878906,36.61000061035156,36.29999923706055,36.380001068115234,4665200
2013-12-16,28.452016830444336,36.52999877929688,36.810001373291016,36.31999969482422,36.45000076293945,6704900
2013-12-17,28.514324188232425,36.61000061035156,36.63999938964844,36.310001373291016,36.45000076293945,6911800
2013-12-18,29.6904239654541,38.119998931884766,38.18000030517578,36.650001525878906,36.65999984741211,11548800
2013-12-19,29.62030601501465,38.02999877929688,38.22999954223633,37.77999877929688,38.08000183105469,7756400
2013-12-20,29.47233009338379,37.84000015258789,38.2400016784668,37.810001373291016,38.13999938964844,8140800
2013-12-23,29.93965721130371,38.43999862670898,38.54999923706055,37.95000076293945,37.970001220703125,6313200
2013-12-24,29.74492835998535,38.18999862670898,38.45000076293945,38.11000061035156,38.36000061035156,2207600
2013-12-26,29.86956214904785,38.34999847412109,38.4900016784668,38.20000076293945,38.220001220703125,3655800
2013-12-27,29.88513565063477,38.369998931884766,38.52999877929688,38.22999954223633,38.52000045776367,2705600
2013-12-30,29.916278839111328,38.40999984741211,38.5,38.16999816894531,38.47999954223633,3081600
2013-12-31,29.853979110717773,38.33000183105469,38.56999969482422,38.220001220703125,38.380001068115234,4594200
2014-01-02,29.77609634399414,38.22999954223633,38.400001525878906,38.0,38.09000015258789,4967500
2014-01-03,30.09543800354004,38.63999938964844,38.77999877929688,38.27000045776367,38.369998931884766,4301600
2014-01-06,30.492650985717773,39.150001525878906,39.68999862670898,39.11000061035156,39.18999862670898,10130400
2014-01-07,30.258989334106445,38.84999847412109,39.34999847412109,38.7400016784668,39.22999954223633,8329300
2014-01-08,30.53160285949707,39.20000076293945,39.220001220703125,38.720001220703125,38.84999847412109,6140700
2014-01-09,30.586109161376957,39.27000045776367,39.34000015258789,38.970001220703125,39.27000045776367,4996800
2014-01-10,30.81977081298828,39.56999969482422,39.630001068115234,39.11000061035156,39.27000045776367,6360500
2014-01-13,30.63180160522461,39.11000061035156,39.66999816894531,39.060001373291016,39.11000061035156,12136000
2014-01-14,30.992088317871094,39.56999969482422,39.59000015258789,39.06999969482422,39.29999923706055,6570300
2014-01-15,30.96074676513672,39.52999877929688,39.619998931884766,39.25,39.59999847412109,5279000
2014-01-16,30.96858787536621,39.540000915527344,39.68999862670898,39.40999984741211,39.52999877929688,3716100
2014-01-17,30.85893821716309,39.400001525878906,39.86000061035156,39.209999084472656,39.86000061035156,7216400
2014-01-21,30.63962173461914,39.119998931884766,39.56999969482422,38.86000061035156,39.52000045776367,8229600
2014-01-22,29.81724739074707,38.06999969482422,38.869998931884766,36.93999862670898,38.02000045776367,12970000
2014-01-23,29.31598854064941,37.43000030517578,37.93000030517578,37.220001220703125,37.900001525878906,10207300
2014-01-24,28.65025329589844,36.58000183105469,37.20000076293945,36.56999969482422,37.20000076293945,9167400
2014-01-27,28.43094253540039,36.29999923706055,36.83000183105469,36.130001068115234,36.68000030517578,9128900
2014-01-28,28.48578453063965,36.369998931884766,36.869998931884766,36.27999877929688,36.540000915527344,7608200
2014-01-29,28.0784969329834,35.849998474121094,36.5,35.650001525878906,36.2599983215332,10404300
2014-01-30,28.611087799072266,36.52999877929688,36.619998931884766,36.13999938964844,36.2400016784668,9579800
2014-01-31,28.712915420532227,36.65999984741211,36.88999938964844,35.970001220703125,36.02999877929688,10845500
2014-02-03,28.0784969329834,35.849998474121094,36.95000076293945,35.79999923706055,36.58000183105469,12231900
2014-02-04,28.391786575317383,36.25,36.43999862670898,35.849998474121094,35.900001525878906,8237400
2014-02-05,28.470104217529297,36.34999847412109,36.59999847412109,35.97999954223633,36.119998931884766,7597300
2014-02-06,28.705081939697266,36.650001525878906,36.93000030517578,36.380001068115234,36.40999984741211,9982300
2014-02-07,29.12018203735352,37.18000030517578,37.209999084472656,36.650001525878906,36.77000045776367,12028000
2014-02-10,29.104511260986328,37.15999984741211,37.31999969482422,36.959999084472656,37.16999816894531,11207300
2014-02-11,29.7232666015625,37.95000076293945,38.0,37.04999923706055,37.04999923706055,8643000
2014-02-12,29.966062545776367,38.2599983215332,38.380001068115234,37.88999938964844,37.93000030517578,8793500
2014-02-13,30.32634162902832,38.720001220703125,38.810001373291016,38.060001373291016,38.06999969482422,7253200
2014-02-14,30.3968448638916,38.810001373291016,38.97999954223633,38.54999923706055,38.68000030517578,7253400
2014-02-18,30.49082946777344,38.93000030517578,39.18999862670898,38.79999923706055,38.959999084472656,6794100
2014-02-19,30.357664108276367,38.7599983215332,39.369998931884766,38.68000030517578,38.7400016784668,7093200
2014-02-20,30.506492614746094,38.95000076293945,39.09000015258789,38.52999877929688,38.81999969482422,8611900
2014-02-21,30.4046688079834,38.81999969482422,39.45000076293945,38.790000915527344,38.880001068115234,8335100
2014-02-24,30.529979705810547,38.97999954223633,39.34999847412109,38.81999969482422,38.869998931884766,8104600
2014-02-25,30.74144744873047,39.25,39.52000045776367,38.90999984741211,38.9900016784668,7952100
2014-02-26,30.851104736328125,39.38999938964844,39.65999984741211,39.02999877929688,39.290000915527344,8752600
2014-02-27,31.16439247131348,39.790000915527344,39.83000183105469,39.33000183105469,39.34999847412109,9189600
2014-02-28,31.156557083129883,39.77999877929688,39.97999954223633,39.41999816894531,39.619998931884766,8695700
2014-03-03,30.804107666015625,39.33000183105469,39.63999938964844,38.83000183105469,39.5,11006300
2014-03-04,31.422849655151367,40.119998931884766,40.31999969482422,39.66999816894531,39.7400016784668,9460200
2014-03-05,31.16439247131348,39.790000915527344,40.4900016784668,39.7599983215332,40.4900016784668,8285200
2014-03-06,31.11738967895508,39.72999954223633,40.22999954223633,39.72999954223633,39.91999816894531,6442000
2014-03-07,30.992088317871094,39.56999969482422,39.95000076293945,39.31999969482422,39.84000015258789,8630700
2014-03-10,31.187894821166992,39.81999969482422,39.88999938964844,39.40999984741211,39.5,5576300
2014-03-11,31.101726531982425,39.709999084472656,40.15999984741211,39.650001525878906,39.84999847412109,5117600
2014-03-12,31.062562942504883,39.65999984741211,39.88999938964844,39.43999862670898,39.43999862670898,6933000
2014-03-13,30.72578239440918,39.22999954223633,39.81999969482422,39.09999847412109,39.7400016784668,6964500
2014-03-14,30.522146224975582,38.970001220703125,39.52000045776367,38.90999984741211,39.18999862670898,7736000
2014-03-17,30.945093154907227,39.5099983215332,39.58000183105469,39.040000915527344,39.04999923706055,5768900
2014-03-18,31.11738967895508,39.72999954223633,39.88999938964844,39.47999954223633,39.5,5534300
2014-03-19,30.898096084594727,39.45000076293945,40.220001220703125,39.31999969482422,39.72999954223633,8679100
2014-03-20,30.44382095336914,38.869998931884766,39.63999938964844,38.77999877929688,39.459999084472656,11396600
2014-03-21,30.067886352539062,38.38999938964844,39.59999847412109,38.36000061035156,39.209999084472656,21663000
2014-03-24,30.099201202392575,38.43000030517578,38.65999984741211,38.130001068115234,38.65999984741211,11078000
2014-03-25,30.075708389282227,38.400001525878906,38.70000076293945,38.08000183105469,38.4900016784668,8209600
2014-03-26,30.20102882385254,38.560001373291016,39.13999938964844,38.38999938964844,38.54999923706055,8174800
2014-03-27,30.11487579345703,38.45000076293945,38.68999862670898,38.130001068115234,38.54999923706055,7404100
2014-03-28,30.005224227905277,38.310001373291016,38.9900016784668,38.209999084472656,38.58000183105469,6251400
2014-03-31,30.1618709564209,38.5099983215332,38.58000183105469,38.09999847412109,38.47999954223633,8038000
2014-04-01,30.130544662475582,38.470001220703125,38.83000183105469,38.22999954223633,38.4900016784668,5631200
2014-04-02,30.216691970825195,38.58000183105469,38.63999938964844,38.06999969482422,38.119998931884766,6340700
2014-04-03,30.27152633666992,38.650001525878906,38.75,38.29999923706055,38.7400016784668,6029600
2014-04-04,30.25584983825684,38.630001068115234,39.5,38.59999847412109,38.869998931884766,7367600
2014-04-07,29.895570755004883,38.16999816894531,38.84000015258789,38.09000015258789,38.560001373291016,5892800
2014-04-08,29.46479606628418,37.619998931884766,38.20000076293945,37.59000015258789,38.20000076293945,9560100
2014-04-09,29.47262954711914,37.630001068115234,37.84000015258789,37.34999847412109,37.720001220703125,13694800
2014-04-10,29.182836532592773,37.2599983215332,37.900001525878906,37.130001068115234,37.81999969482422,9788100
2014-04-11,29.16707992553711,37.02000045776367,37.25,36.650001525878906,36.95000076293945,10490300
2014-04-14,29.734359741210938,37.7400016784668,37.77999877929688,37.11000061035156,37.18000030517578,12726800
2014-04-15,29.91556930541992,37.970001220703125,38.060001373291016,37.2400016784668,37.77000045776367,10725400
2014-04-16,30.23859596252441,38.380001068115234,38.900001525878906,37.560001373291016,38.75,10953300
2014-04-17,30.671920776367188,38.93000030517578,39.0099983215332,38.13999938964844,38.2599983215332,9824900
2014-04-21,30.49858856201172,38.709999084472656,38.9900016784668,38.45000076293945,38.869998931884766,6920300
2014-04-22,30.41191864013672,38.59999847412109,38.900001525878906,38.59000015258789,38.75,6220000
2014-04-23,30.41191864013672,38.59999847412109,38.81999969482422,38.52000045776367,38.72999954223633,3557500
2014-04-24,30.277982711791992,38.43000030517578,38.650001525878906,38.09999847412109,38.650001525878906,4421300
2014-04-25,29.96282386779785,38.02999877929688,38.43999862670898,37.88999938964844,38.38999938964844,4232000
2014-04-28,30.23072052001953,38.369998931884766,38.41999816894531,37.77999877929688,38.27999877929688,4433600
2014-04-29,30.36465072631836,38.540000915527344,38.720001220703125,38.2599983215332,38.369998931884766,4415600
2014-04-30,30.5222282409668,38.7400016784668,38.93999862670898,38.4900016784668,38.560001373291016,5339700
2014-05-01,30.467071533203125,38.66999816894531,38.88999938964844,38.38999938964844,38.650001525878906,3652400
2014-05-02,30.380409240722656,38.560001373291016,38.84000015258789,38.4900016784668,38.66999816894531,4774500
2014-05-05,30.60101890563965,38.84000015258789,39.130001068115234,38.25,38.27000045776367,7593500
2014-05-06,30.396160125732425,38.58000183105469,38.81999969482422,38.52999877929688,38.7599983215332,4776500
2014-05-07,30.482816696166992,38.68999862670898,38.790000915527344,38.290000915527344,38.650001525878906,4990200
2014-05-08,30.514331817626957,38.72999954223633,38.959999084472656,38.54999923706055,38.68999862670898,3962800
2014-05-09,30.719194412231445,38.9900016784668,39.02000045776367,38.61000061035156,38.68000030517578,4409000
2014-05-12,30.939796447753903,39.27000045776367,39.380001068115234,39.02999877929688,39.06999969482422,4013200
2014-05-13,31.247072219848636,39.65999984741211,39.77000045776367,39.27000045776367,39.380001068115234,6265300
2014-05-14,31.45979118347168,39.93000030517578,40.119998931884766,39.77000045776367,39.86000061035156,7183100
2014-05-15,30.91616439819336,39.2400016784668,39.93000030517578,39.04999923706055,39.2599983215332,8821600
2014-05-16,30.774341583251957,39.060001373291016,39.790000915527344,38.84000015258789,39.61000061035156,11024400
2014-05-19,31.22343635559082,39.630001068115234,39.93999862670898,39.41999816894531,39.619998931884766,6464500
2014-05-20,31.15251922607422,39.540000915527344,39.83000183105469,39.34999847412109,39.83000183105469,5438900
2014-05-21,31.16827774047852,39.560001373291016,39.66999816894531,39.36000061035156,39.54999923706055,4352500
2014-05-22,31.239187240600582,39.650001525878906,39.77000045776367,39.2400016784668,39.470001220703125,3800900
2014-05-23,31.199785232543945,39.59999847412109,39.72999954223633,39.5099983215332,39.65999984741211,3521800
2014-05-27,31.18404769897461,39.58000183105469,39.650001525878906,39.36000061035156,39.52000045776367,4711800
2014-05-28,31.25493812561035,39.66999816894531,39.77000045776367,39.54999923706055,39.66999816894531,3681300
2014-05-29,31.199785232543945,39.59999847412109,39.88999938964844,39.54999923706055,39.68000030517578,3225200
2014-05-30,31.522817611694336,40.0099983215332,40.130001068115234,39.56999969482422,39.61000061035156,5898500
2014-06-02,31.35736656188965,39.79999923706055,40.040000915527344,39.68000030517578,40.02000045776367,3364200
2014-06-03,31.37313270568848,39.81999969482422,39.97999954223633,39.68000030517578,39.68000030517578,3774900
2014-06-04,31.31797218322754,39.75,39.79999923706055,39.59999847412109,39.79999923706055,3664300
2014-06-05,31.63312530517578,40.150001525878906,40.2400016784668,39.59999847412109,39.7599983215332,3824200
2014-06-06,31.5543270111084,40.04999923706055,40.25,39.959999084472656,40.06999969482422,3536400
2014-06-09,31.61737632751465,40.130001068115234,40.209999084472656,39.91999816894531,39.93999862670898,3444900
2014-06-10,31.932523727416992,40.52999877929688,40.560001373291016,40.02999877929688,40.02999877929688,5057600
2014-06-11,31.51494026184082,40.0,40.4900016784668,39.93000030517578,40.2400016784668,5940000
2014-06-12,31.36525154113769,39.810001373291016,40.040000915527344,39.65999984741211,39.97999954223633,6510800
2014-06-13,31.349496841430664,39.790000915527344,39.84999847412109,39.65999984741211,39.77000045776367,3966300
2014-06-16,31.43616485595703,39.900001525878906,40.369998931884766,39.59000015258789,39.83000183105469,5499800
2014-06-17,31.404638290405277,39.86000061035156,39.97999954223633,39.63999938964844,39.79999923706055,4593200
2014-06-18,31.806453704833984,40.369998931884766,40.40999984741211,39.7400016784668,39.84000015258789,5223200
2014-06-19,32.30281066894531,41.0,41.02000045776367,40.38999938964844,40.5099983215332,6380800
2014-06-20,32.18464279174805,40.84999847412109,41.29999923706055,40.810001373291016,41.209999084472656,12626700
2014-06-23,32.090110778808594,40.72999954223633,41.119998931884766,40.66999816894531,40.970001220703125,4922700
2014-06-24,31.86949348449707,40.45000076293945,40.90999984741211,40.43000030517578,40.61000061035156,4398200
2014-06-25,32.06645202636719,40.70000076293945,40.97999954223633,40.43999862670898,40.630001068115234,4394100
2014-06-26,32.003421783447266,40.619998931884766,40.77999877929688,40.41999816894531,40.7400016784668,5691700
2014-06-27,31.94038963317871,40.540000915527344,40.68999862670898,40.209999084472656,40.5099983215332,8432800
2014-06-30,32.22403717041016,40.900001525878906,41.150001525878906,40.59999847412109,40.66999816894531,6711200
2014-07-01,32.44464111328125,41.18000030517578,41.29999923706055,40.97999954223633,41.18000030517578,5472200
2014-07-02,32.92524719238281,41.790000915527344,41.84999847412109,41.119998931884766,41.22999954223633,5766000
2014-07-03,33.0040283203125,41.88999938964844,41.959999084472656,41.630001068115234,41.810001373291016,3000000
2014-07-07,32.704627990722656,41.5099983215332,41.81999969482422,41.4900016784668,41.68000030517578,4043400
2014-07-08,32.34220886230469,41.04999923706055,41.43000030517578,40.93999862670898,41.33000183105469,4789500
2014-07-09,32.51555252075195,41.27000045776367,41.380001068115234,40.95000076293945,41.209999084472656,3562400
2014-07-10,32.491905212402344,41.2400016784668,41.29999923706055,40.91999816894531,41.02999877929688,4839200
2014-07-11,32.71369171142578,41.29999923706055,41.36000061035156,40.97999954223633,41.09000015258789,5077900
2014-07-14,33.12559127807617,41.81999969482422,41.95000076293945,41.5,41.95000076293945,6699800
2014-07-15,32.610721588134766,41.16999816894531,41.79999923706055,41.16999816894531,41.7400016784668,10954200
2014-07-16,32.51567077636719,41.04999923706055,41.58000183105469,41.0,41.56999969482422,5564800
2014-07-17,33.1889533996582,41.900001525878906,42.9900016784668,41.0,41.02000045776367,12228300
2014-07-18,33.846397399902344,42.72999954223633,42.79999923706055,41.77999877929688,41.900001525878906,9538000
2014-07-21,34.02857971191406,42.959999084472656,43.02999877929688,42.2599983215332,42.5,8027300
2014-07-22,34.131561279296875,43.09000015258789,43.22999954223633,42.880001068115234,43.0,8315800
2014-07-23,34.03650665283203,42.970001220703125,43.27000045776367,42.869998931884766,43.2400016784668,4315900
2014-07-24,33.97312927246094,42.88999938964844,43.16999816894531,42.7400016784668,42.93999862670898,4890700
2014-07-25,34.091949462890625,43.040000915527344,43.11000061035156,42.7599983215332,42.88999938964844,3979100
2014-07-28,34.004817962646484,42.93000030517578,43.04999923706055,42.619998931884766,42.95000076293945,3449200
2014-07-29,33.86222076416016,42.75,42.97999954223633,42.54999923706055,42.970001220703125,4575300
2014-07-30,33.949371337890625,42.86000061035156,43.09000015258789,42.65999984741211,42.959999084472656,3564000
2014-07-31,33.36320877075195,42.119998931884766,42.880001068115234,42.08000183105469,42.52000045776367,4658700
2014-08-01,33.29192352294922,42.02999877929688,42.36000061035156,41.810001373291016,42.0,3905900
2014-08-04,33.57707595825195,42.38999938964844,42.5,41.84000015258789,42.119998931884766,3639100
2014-08-05,33.093902587890625,41.77999877929688,42.369998931884766,41.65999984741211,42.13999938964844,4190500
2014-08-06,33.085975646972656,41.77000045776367,41.970001220703125,41.43999862670898,41.66999816894531,3726900
2014-08-07,32.8958625793457,41.52999877929688,41.97999954223633,41.47999954223633,41.75,4013800
2014-08-08,33.02259826660156,41.68999862670898,41.720001220703125,41.150001525878906,41.47999954223633,4417600
2014-08-11,33.30776596069336,42.04999923706055,42.15999984741211,41.630001068115234,41.91999816894531,2630400
2014-08-12,32.92756271362305,41.56999969482422,42.11000061035156,41.41999816894531,41.90999984741211,3337500
2014-08-13,33.39488983154297,42.15999984741211,42.15999984741211,41.83000183105469,41.880001068115234,3441500
2014-08-14,33.52956771850586,42.33000183105469,42.45000076293945,42.150001525878906,42.150001525878906,4679900
2014-08-15,33.315696716308594,42.060001373291016,42.650001525878906,41.709999084472656,42.36000061035156,5031600
2014-08-18,33.450347900390625,42.22999954223633,42.619998931884766,42.09999847412109,42.619998931884766,3234800
2014-08-19,33.69589614868164,42.540000915527344,42.619998931884766,42.09000015258789,42.29999923706055,2963300
2014-08-20,33.37905502319336,42.13999938964844,42.4900016784668,41.959999084472656,42.220001220703125,4953600
2014-08-21,33.521636962890625,42.31999969482422,42.52000045776367,42.20000076293945,42.290000915527344,3060800
2014-08-22,33.35530471801758,42.11000061035156,42.33000183105469,42.0,42.220001220703125,2462400
2014-08-25,33.65629959106445,42.4900016784668,42.70000076293945,42.27000045776367,42.40999984741211,2424000
2014-08-26,33.90184783935547,42.79999923706055,42.93000030517578,42.369998931884766,42.5,3229100
2014-08-27,33.74342727661133,42.59999847412109,42.880001068115234,42.5,42.72999954223633,2805100
2014-08-28,33.5453987121582,42.34999847412109,42.59999847412109,42.27000045776367,42.43000030517578,2525300
2014-08-29,33.458251953125,42.2400016784668,42.40999984741211,42.060001373291016,42.40999984741211,4384400
2014-09-02,33.450347900390625,42.22999954223633,42.400001525878906,41.93999862670898,42.16999816894531,4300900
2014-09-03,33.87015151977539,42.7599983215332,42.790000915527344,42.34999847412109,42.400001525878906,4143500
2014-09-04,33.98106384277344,42.900001525878906,43.08000183105469,42.66999816894531,42.79999923706055,4123200
2014-09-05,34.02065658569336,42.95000076293945,42.959999084472656,42.45000076293945,42.880001068115234,3484300
2014-09-08,33.90977096557617,42.810001373291016,43.08000183105469,42.59999847412109,42.880001068115234,2602900
2014-09-09,33.92560577392578,42.83000183105469,42.97999954223633,42.63999938964844,42.83000183105469,3586800
2014-09-10,33.98106384277344,42.900001525878906,43.04999923706055,42.630001068115234,42.97999954223633,3503000
2014-09-11,33.71175003051758,42.560001373291016,43.02999877929688,42.380001068115234,42.68999862670898,7754900
2014-09-12,33.703819274902344,42.54999923706055,42.869998931884766,42.45000076293945,42.619998931884766,4259600
2014-09-15,33.838478088378906,42.720001220703125,42.77999877929688,42.43999862670898,42.61000061035156,3067500
2014-09-16,33.98106384277344,42.900001525878906,42.970001220703125,42.4900016784668,42.709999084472656,3179500
2014-09-17,34.361263275146484,43.380001068115234,43.56999969482422,42.7599983215332,42.93999862670898,4788700
2014-09-18,34.606807708740234,43.68999862670898,43.869998931884766,43.43999862670898,43.4900016784668,5032900
2014-09-19,34.52759552001953,43.59000015258789,44.20000076293945,43.560001373291016,43.959999084472656,6139300
2014-09-22,34.377098083496094,43.400001525878906,43.66999816894531,43.220001220703125,43.59000015258789,3402000
2014-09-23,33.66422271728516,42.5,43.15999984741211,42.4900016784668,42.709999084472656,6585900
2014-09-24,33.767181396484375,42.630001068115234,42.90999984741211,42.43999862670898,42.45000076293945,6268300
2014-09-25,33.26815414428711,42.0,42.47999954223633,41.970001220703125,42.41999816894531,4316700
2014-09-26,33.27608871459961,42.0099983215332,42.2400016784668,41.90999984741211,42.130001068115234,6349900
2014-09-29,33.1889533996582,41.900001525878906,42.0099983215332,41.66999816894531,41.66999816894531,4881100
2014-09-30,32.94340515136719,41.59000015258789,41.9900016784668,41.59000015258789,41.79999923706055,4874800
2014-10-01,32.6186408996582,41.18000030517578,42.060001373291016,41.0099983215332,42.04999923706055,5573800
2014-10-02,32.64240646362305,41.209999084472656,41.45000076293945,40.90999984741211,41.220001220703125,4707100
2014-10-03,33.10182571411133,41.790000915527344,41.86000061035156,41.27999877929688,41.40999984741211,3430900
2014-10-06,33.553306579589844,42.36000061035156,42.470001220703125,41.9900016784668,42.040000915527344,6713300
2014-10-07,32.84043502807617,41.459999084472656,42.18000030517578,41.45000076293945,42.09000015258789,5178200
2014-10-08,33.37905502319336,42.13999938964844,42.16999816894531,41.34999847412109,41.43999862670898,6067400
2014-10-09,32.975101470947266,41.630001068115234,42.540000915527344,41.61000061035156,42.18999862670898,5503700
2014-10-10,33.07861328125,41.540000915527344,42.290000915527344,41.45000076293945,41.470001220703125,4990100
2014-10-13,32.58491134643555,40.91999816894531,41.77000045776367,40.869998931884766,41.470001220703125,4494600
2014-10-14,32.69638442993164,41.060001373291016,41.93999862670898,40.93999862670898,41.0,7129200
2014-10-15,31.860265731811523,40.0099983215332,40.52999877929688,39.36000061035156,40.380001068115234,8971800
2014-10-16,31.844331741333008,39.9900016784668,40.310001373291016,39.27999877929688,39.34000015258789,8828700
2014-10-17,32.53711700439453,40.86000061035156,41.040000915527344,40.16999816894531,40.34999847412109,7215400
2014-10-20,33.01490020751953,41.459999084472656,41.5099983215332,40.66999816894531,40.84999847412109,5014400
2014-10-21,33.75546646118164,42.38999938964844,42.43000030517578,41.75,41.90999984741211,5352600
2014-10-22,33.1184196472168,41.59000015258789,43.02999877929688,41.47999954223633,42.5,6986500
2014-10-23,33.787322998046875,42.43000030517578,42.77000045776367,41.95000076293945,42.0,4599300
2014-10-24,33.811214447021484,42.459999084472656,42.66999816894531,42.119998931884766,42.34000015258789,4676900
2014-10-27,33.63601303100586,42.2400016784668,42.47999954223633,42.040000915527344,42.43000030517578,3943900
2014-10-28,33.84306335449219,42.5,42.5099983215332,41.95000076293945,42.220001220703125,6106200
2014-10-29,34.0341796875,42.7400016784668,43.560001373291016,42.400001525878906,42.810001373291016,4253200
2014-10-30,34.63140869140625,43.4900016784668,43.52000045776367,42.52999877929688,42.70000076293945,3828800
2014-10-31,34.711036682128906,43.59000015258789,44.060001373291016,43.43999862670898,44.04999923706055,6124900
2014-11-03,34.472145080566406,43.290000915527344,43.68999862670898,43.060001373291016,43.560001373291016,4404100
2014-11-04,34.72697067260742,43.61000061035156,43.63999938964844,43.02000045776367,43.02000045776367,4187100
2014-11-05,34.766780853271484,43.65999984741211,43.9900016784668,43.34000015258789,43.93000030517578,4193200
2014-11-06,34.790672302246094,43.68999862670898,43.84000015258789,43.43999862670898,43.59999847412109,3770600
2014-11-07,34.535858154296875,43.369998931884766,43.810001373291016,43.16999816894531,43.77000045776367,3992700
2014-11-10,35.10918426513672,44.09000015258789,44.09999847412109,43.16999816894531,43.34999847412109,5318900
2014-11-11,35.23659896850586,44.25,44.630001068115234,44.09999847412109,44.119998931884766,3192600
2014-11-12,35.22067642211914,44.22999954223633,44.29999923706055,43.93999862670898,44.18999862670898,3486000
2014-11-13,35.50733947753906,44.59000015258789,44.77000045776367,44.209999084472656,44.27999877929688,3488800
2014-11-14,34.8862190246582,43.810001373291016,44.59000015258789,43.68000030517578,44.59000015258789,4206000
2014-11-17,34.80659866333008,43.709999084472656,43.95000076293945,43.61000061035156,43.709999084472656,3871700
2014-11-18,34.79862976074219,43.70000076293945,43.880001068115234,43.43000030517578,43.79999923706055,6724900
2014-11-19,34.5836296081543,43.43000030517578,43.790000915527344,43.34999847412109,43.790000915527344,3768000
2014-11-20,34.862335205078125,43.77999877929688,43.84000015258789,43.04999923706055,43.29999923706055,4862100
2014-11-21,34.8862190246582,43.810001373291016,44.18999862670898,43.709999084472656,44.150001525878906,6495800
2014-11-24,35.29233169555664,44.31999969482422,44.400001525878906,43.59000015258789,43.59000015258789,3798700
2014-11-25,35.16493606567383,44.15999984741211,44.380001068115234,43.970001220703125,44.310001373291016,4651800
2014-11-26,35.23659896850586,44.25,44.43000030517578,43.9900016784668,44.15999984741211,2876700
2014-11-28,35.443641662597656,44.5099983215332,44.7599983215332,44.40999984741211,44.45000076293945,2440100
2014-12-01,35.29233169555664,44.31999969482422,44.56999969482422,44.20000076293945,44.27000045776367,5340400
2014-12-02,36.00901794433594,45.220001220703125,45.619998931884766,44.68000030517578,44.68000030517578,10949300
2014-12-03,36.37531661987305,45.68000030517578,45.810001373291016,45.09999847412109,45.220001220703125,4993000
2014-12-04,36.22401428222656,45.4900016784668,45.95000076293945,45.25,45.65999984741211,6377200
2014-12-05,36.07272338867188,45.29999923706055,45.52999877929688,45.20000076293945,45.43000030517578,4179500
2014-12-08,36.399208068847656,45.709999084472656,46.09999847412109,45.34000015258789,45.34999847412109,4220000
2014-12-09,36.184200286865234,45.43999862670898,45.470001220703125,44.880001068115234,45.33000183105469,3554000
2014-12-10,35.33216094970703,44.369998931884766,45.459999084472656,44.33000183105469,45.33000183105469,5489800
2014-12-11,35.40382766723633,44.459999084472656,45.119998931884766,44.29999923706055,44.5099983215332,3954300
2014-12-12,34.790672302246094,43.68999862670898,44.54999923706055,43.66999816894531,44.119998931884766,5191400
2014-12-15,34.60750961303711,43.459999084472656,44.36000061035156,43.34999847412109,44.15999984741211,4993800
2014-12-16,34.55974197387695,43.400001525878906,44.41999816894531,43.09999847412109,43.22999954223633,6186500
2014-12-17,35.24455261230469,44.2599983215332,44.36000061035156,43.40999984741211,43.470001220703125,5045700
2014-12-18,36.44698715209961,45.77000045776367,45.790000915527344,44.43999862670898,44.709999084472656,6703700
2014-12-19,36.66994857788086,46.04999923706055,46.45000076293945,45.77999877929688,45.90999984741211,11329200
2014-12-22,36.92477416992188,46.369998931884766,46.5,45.90999984741211,45.93000030517578,4831400
2014-12-23,36.40717697143555,45.720001220703125,46.5,45.470001220703125,46.130001068115234,4078900
2014-12-24,36.3912467956543,45.70000076293945,45.95000076293945,45.63999938964844,45.7400016784668,2527200
2014-12-26,36.51069259643555,45.84999847412109,46.18000030517578,45.709999084472656,45.810001373291016,2057700
2014-12-29,36.31160354614258,45.59999847412109,45.81999969482422,45.45000076293945,45.59000015258789,2580900
2014-12-30,36.383277893066406,45.68999862670898,45.91999816894531,45.61000061035156,45.61000061035156,2950400
2014-12-31,35.849754333496094,45.02000045776367,46.04999923706055,44.9900016784668,45.70000076293945,3418600
2015-01-02,35.75419998168945,44.900001525878906,45.45000076293945,44.63999938964844,45.25,3216600
2015-01-05,35.76216506958008,44.90999984741211,45.400001525878906,44.630001068115234,44.79999923706055,5735900
2015-01-06,35.356048583984375,44.400001525878906,45.11000061035156,43.93000030517578,44.9900016784668,6584300
2015-01-07,35.6427116394043,44.7599983215332,44.93999862670898,44.380001068115234,44.72999954223633,4609500
2015-01-08,36.37531661987305,45.68000030517578,45.790000915527344,45.0099983215332,45.18999862670898,4883000
2015-01-09,35.99308013916016,45.20000076293945,45.869998931884766,45.11000061035156,45.75,4742200
2015-01-12,36.295692443847656,45.58000183105469,45.7599983215332,44.93999862670898,45.380001068115234,6178800
2015-01-13,35.7113037109375,44.61000061035156,45.52999877929688,44.25,45.34000015258789,6745000
2015-01-14,35.4471435546875,44.27999877929688,44.65999984741211,43.93000030517578,44.290000915527344,5865900
2015-01-15,35.182960510253906,43.95000076293945,44.66999816894531,43.900001525878906,44.5,3916200
2015-01-16,35.61524963378906,44.4900016784668,44.54999923706055,43.720001220703125,43.79999923706055,4564200
2015-01-20,35.399105072021484,44.220001220703125,44.75,43.88999938964844,44.66999816894531,5159900
2015-01-21,35.271026611328125,44.060001373291016,44.25,43.619998931884766,43.959999084472656,5328200
2015-01-22,35.61524963378906,44.4900016784668,44.56999969482422,43.79999923706055,44.34000015258789,5329100
2015-01-23,35.110923767089844,43.86000061035156,44.47999954223633,43.81999969482422,44.47999954223633,6664000
2015-01-26,35.34307098388672,44.150001525878906,44.20000076293945,43.41999816894531,43.7400016784668,4376200
2015-01-27,34.966827392578125,43.68000030517578,44.02000045776367,43.43000030517578,43.880001068115234,4847400
2015-01-28,34.75068283081055,43.40999984741211,44.20000076293945,43.36000061035156,43.93999862670898,7641000
2015-01-29,36.23164367675781,45.2599983215332,45.40999984741211,43.70000076293945,43.790000915527344,10054600
2015-01-30,35.831382751464844,44.7599983215332,45.630001068115234,44.70000076293945,45.400001525878906,9613300
2015-02-02,36.20763397216797,45.22999954223633,45.2400016784668,44.27999877929688,44.93000030517578,7312900
2015-02-03,36.687950134277344,45.83000183105469,45.880001068115234,45.34000015258789,45.40999984741211,8380300
2015-02-04,36.159610748291016,45.16999816894531,45.9900016784668,45.04999923706055,45.54999923706055,8231200
2015-02-05,36.54386520385742,45.650001525878906,45.869998931884766,45.2599983215332,45.2599983215332,6374400
2015-02-06,36.42378616333008,45.5,46.209999084472656,45.33000183105469,45.59000015258789,5601600
2015-02-09,35.63926315307617,44.52000045776367,45.209999084472656,44.29999923706055,45.209999084472656,6585900
2015-02-10,35.95947265625,44.91999816894531,45.0099983215332,44.400001525878906,44.68000030517578,5210500
2015-02-11,35.96747970581055,44.93000030517578,45.20000076293945,44.560001373291016,44.880001068115234,4302900
2015-02-12,36.19962692260742,45.220001220703125,45.25,44.79999923706055,45.040000915527344,4683700
2015-02-13,36.89608001708984,46.09000015258789,46.16999816894531,45.02000045776367,45.04999923706055,6524900
2015-02-17,37.15225982666016,46.40999984741211,46.52999877929688,46.0,46.04999923706055,6366400
2015-02-18,37.15225982666016,46.40999984741211,46.52999877929688,46.150001525878906,46.2599983215332,4051400
2015-02-19,37.31235885620117,46.61000061035156,46.66999816894531,46.09000015258789,46.36000061035156,6590300
2015-02-20,38.00880813598633,47.47999954223633,47.56999969482422,46.400001525878906,46.52999877929688,6512400
2015-02-23,37.88073348999024,47.31999969482422,47.5,47.02000045776367,47.33000183105469,5608100
2015-02-24,38.00080871582031,47.470001220703125,47.59000015258789,47.130001068115234,47.27000045776367,4789000
2015-02-25,37.944766998291016,47.400001525878906,47.7400016784668,47.2400016784668,47.54999923706055,4777400
2015-02-26,38.11286926269531,47.61000061035156,47.709999084472656,47.09999847412109,47.31999969482422,5112300
2015-02-27,37.920745849609375,47.369998931884766,47.880001068115234,47.369998931884766,47.47999954223633,5805800
2015-03-02,37.80068588256836,47.220001220703125,47.630001068115234,47.130001068115234,47.34000015258789,7016300
2015-03-03,37.69659805297852,47.09000015258789,47.13999938964844,46.66999816894531,47.13999938964844,6018900
2015-03-04,37.632568359375,47.0099983215332,47.47999954223633,46.81999969482422,46.869998931884766,5558500
2015-03-05,37.976783752441406,47.43999862670898,47.5,46.81999969482422,46.880001068115234,4842600
2015-03-06,37.22428131103516,46.5,47.2599983215332,46.34999847412109,47.18000030517578,7264900
2015-03-09,37.488468170166016,46.83000183105469,46.97999954223633,46.400001525878906,46.5,4465200
2015-03-10,36.96011352539063,46.16999816894531,46.61000061035156,46.15999984741211,46.41999816894531,5106100
2015-03-11,37.064186096191406,46.29999923706055,46.650001525878906,46.209999084472656,46.38999938964844,5030800
2015-03-12,37.82468795776367,47.25,47.310001373291016,46.34999847412109,46.470001220703125,5209700
2015-03-13,37.52848815917969,46.880001068115234,47.22999954223633,46.61000061035156,47.209999084472656,4744100
2015-03-16,38.28899383544922,47.83000183105469,47.84999847412109,47.119998931884766,47.119998931884766,4763600
2015-03-17,37.69659805297852,47.09000015258789,47.79999923706055,47.06999969482422,47.43000030517578,5609100
2015-03-18,37.93675994873047,47.38999938964844,47.650001525878906,46.38999938964844,46.869998931884766,6656700
2015-03-19,37.976783752441406,47.43999862670898,47.540000915527344,47.130001068115234,47.459999084472656,4013600
2015-03-20,38.00080871582031,47.470001220703125,47.77000045776367,47.33000183105469,47.65999984741211,7563000
2015-03-23,38.00080871582031,47.470001220703125,47.72999954223633,47.220001220703125,47.470001220703125,3931100
2015-03-24,37.62456130981445,47.0,47.630001068115234,46.9900016784668,47.310001373291016,4595800
2015-03-25,37.248321533203125,46.52999877929688,47.5,46.5,47.040000915527344,5061100
2015-03-26,37.22428131103516,46.5,46.790000915527344,46.09999847412109,46.40999984741211,4367400
2015-03-27,37.44844055175781,46.77999877929688,47.02999877929688,46.41999816894531,46.61000061035156,3444400
2015-03-30,37.68859100341797,47.08000183105469,47.209999084472656,46.88999938964844,47.0,2967200
2015-03-31,37.08820343017578,46.33000183105469,46.97999954223633,46.33000183105469,46.83000183105469,5358100
2015-04-01,36.73596954345703,45.88999938964844,46.369998931884766,45.54999923706055,46.33000183105469,6369000
2015-04-02,36.92811584472656,46.130001068115234,46.38999938964844,45.72999954223633,46.11000061035156,3974000
2015-04-06,37.064186096191406,46.29999923706055,46.56999969482422,45.650001525878906,45.79999923706055,4083500
2015-04-07,36.97613525390625,46.18999862670898,46.59999847412109,46.15999984741211,46.29999923706055,3161100
2015-04-08,37.31235885620117,46.61000061035156,46.75,45.900001525878906,46.209999084472656,6011800
2015-04-09,37.62456130981445,47.0,47.119998931884766,46.45000076293945,46.5,4337300
2015-04-10,37.7446403503418,47.150001525878906,47.20000076293945,46.70000076293945,46.97999954223633,3759900
2015-04-13,37.43888473510742,46.52999877929688,47.11000061035156,46.5,46.77999877929688,3064500
2015-04-14,37.57566452026367,46.70000076293945,46.75,46.34000015258789,46.5099983215332,3244000
2015-04-15,37.68027114868164,46.83000183105469,46.95000076293945,46.59000015258789,46.810001373291016,4046600
2015-04-16,37.43083953857422,46.52000045776367,46.88999938964844,46.380001068115234,46.61000061035156,3769000
2015-04-17,37.21359252929688,46.25,46.45000076293945,45.810001373291016,46.290000915527344,4312000
2015-04-20,37.519344329833984,46.630001068115234,46.709999084472656,46.369998931884766,46.41999816894531,3371900
2015-04-21,37.91360092163086,47.119998931884766,47.27999877929688,46.720001220703125,46.93999862670898,8616000
2015-04-22,38.90328598022461,48.34999847412109,48.400001525878906,47.119998931884766,47.25,7638400
2015-04-23,38.99177932739258,48.459999084472656,48.619998931884766,47.83000183105469,48.34999847412109,6401900
2015-04-24,38.87915802001953,48.31999969482422,48.52000045776367,48.09000015258789,48.36000061035156,3451000
2015-04-27,38.21131134033203,47.4900016784668,48.400001525878906,47.380001068115234,48.27999877929688,5254500
2015-04-28,38.29177474975586,47.59000015258789,47.72999954223633,47.0099983215332,47.619998931884766,3788400
2015-04-29,37.953834533691406,47.16999816894531,47.63999938964844,46.880001068115234,47.27999877929688,3566600
2015-04-30,37.35036849975586,46.41999816894531,47.20000076293945,46.2599983215332,46.93000030517578,5963600
2015-05-01,37.5676155090332,46.68999862670898,46.93000030517578,46.400001525878906,46.709999084472656,3410100
2015-05-04,37.81705856323242,47.0,47.34000015258789,46.77999877929688,46.77999877929688,3126900
2015-05-05,37.69636154174805,46.84999847412109,47.209999084472656,46.77999877929688,47.02000045776367,4377700
2015-05-06,37.44692611694336,46.540000915527344,46.97999954223633,46.22999954223633,46.84999847412109,3832700
2015-05-07,37.41473388671875,46.5,46.720001220703125,46.369998931884766,46.43999862670898,4488900
2015-05-08,38.27568054199219,47.56999969482422,47.70000076293945,47.02999877929688,47.09999847412109,4296400
2015-05-11,38.08257293701172,47.33000183105469,47.7400016784668,47.22999954223633,47.27999877929688,3551400
2015-05-12,37.921653747558594,47.130001068115234,47.290000915527344,46.88999938964844,47.02999877929688,3520500
2015-05-13,37.84119415283203,47.02999877929688,47.369998931884766,46.880001068115234,47.20000076293945,2651400
2015-05-14,39.16075897216797,48.66999816894531,48.790000915527344,47.290000915527344,47.380001068115234,8225900
2015-05-15,39.19293975830078,48.709999084472656,48.84000015258789,48.470001220703125,48.560001373291016,5179000
2015-05-18,39.29754638671875,48.84000015258789,49.09000015258789,48.77000045776367,48.77999877929688,4221400
2015-05-19,39.43433380126953,49.0099983215332,49.150001525878906,48.66999816894531,48.77999877929688,4137800
2015-05-20,39.53893280029297,49.13999938964844,49.36000061035156,48.93000030517578,49.08000183105469,3682300
2015-05-21,39.69984817504883,49.34000015258789,49.43000030517578,48.900001525878906,49.060001373291016,4193700
2015-05-22,39.45042037963867,49.02999877929688,49.43000030517578,48.90999984741211,49.09999847412109,3454700
2015-05-26,39.10444259643555,48.59999847412109,49.22999954223633,48.38999938964844,49.09999847412109,3879600
2015-05-27,39.43433380126953,49.0099983215332,49.060001373291016,48.59000015258789,48.869998931884766,4348600
2015-05-28,39.6354866027832,49.2599983215332,49.380001068115234,48.84000015258789,48.880001068115234,5980600
2015-05-29,39.10444259643555,48.59999847412109,49.2599983215332,48.52999877929688,49.18000030517578,8667200
2015-06-01,39.37800216674805,48.93999862670898,49.20000076293945,48.56999969482422,48.77000045776367,5055100
2015-06-02,39.37800216674805,48.93999862670898,49.18999862670898,48.31999969482422,48.650001525878906,5138100
2015-06-03,39.31363677978516,48.86000061035156,49.130001068115234,48.7400016784668,48.959999084472656,3309600
2015-06-04,39.168827056884766,48.68000030517578,49.16999816894531,48.52999877929688,48.97999954223633,4687000
2015-06-05,38.98374557495117,48.45000076293945,48.630001068115234,48.0099983215332,48.59000015258789,3542400
2015-06-08,38.97570037841797,48.43999862670898,48.56999969482422,48.20000076293945,48.369998931884766,4353000
2015-06-09,38.76649856567383,48.18000030517578,48.52999877929688,48.0099983215332,48.52000045776367,3402000
2015-06-10,39.02398681640625,48.5,48.68999862670898,48.29999923706055,48.36000061035156,5614900
2015-06-11,39.474552154541016,49.060001373291016,49.25,48.5099983215332,48.70000076293945,7101200
2015-06-12,39.16075897216797,48.66999816894531,48.959999084472656,48.63999938964844,48.90999984741211,3692100
2015-06-15,38.67799377441406,48.06999969482422,48.36000061035156,47.720001220703125,48.29999923706055,4807100
2015-06-16,39.00790023803711,48.47999954223633,48.540000915527344,47.900001525878906,48.06999969482422,3919700
2015-06-17,39.08030700683594,48.56999969482422,48.7400016784668,48.33000183105469,48.5,3724400
2015-06-18,40.18262100219727,49.93999862670898,50.15999984741211,48.650001525878906,48.68999862670898,7971800
2015-06-19,40.14240264892578,49.88999938964844,50.11000061035156,49.7400016784668,49.900001525878906,9367200
2015-06-22,40.25504302978516,50.02999877929688,50.369998931884766,49.84000015258789,49.959999084472656,4627000
2015-06-23,40.13436126708984,49.880001068115234,50.470001220703125,49.68999862670898,50.220001220703125,3258300
2015-06-24,39.82859420776367,49.5,49.84999847412109,49.47999954223633,49.59000015258789,4572400
2015-06-25,39.69181823730469,49.33000183105469,49.869998931884766,49.27999877929688,49.650001525878906,3607900
2015-06-26,40.20677185058594,49.970001220703125,49.97999954223633,49.27000045776367,49.470001220703125,6780500
2015-06-29,39.43433380126953,49.0099983215332,49.84999847412109,48.959999084472656,49.540000915527344,5364300
2015-06-30,39.49065780639648,49.08000183105469,49.54999923706055,48.90999984741211,49.5099983215332,4514700
2015-07-01,39.84468460083008,49.52000045776367,49.630001068115234,49.08000183105469,49.400001525878906,3378200
2015-07-02,39.75617599487305,49.40999984741211,49.81999969482422,49.15999984741211,49.79999923706055,2740300
2015-07-06,40.02170944213867,49.7400016784668,50.119998931884766,48.91999816894531,49.02000045776367,5783800
2015-07-07,40.39987564086914,50.209999084472656,50.2400016784668,49.09999847412109,49.959999084472656,6069400
2015-07-08,39.62744903564453,49.25,50.09000015258789,49.16999816894531,49.7400016784668,5839600
2015-07-09,39.57915496826172,49.18999862670898,49.93000030517578,49.18000030517578,49.79999923706055,5604800
2015-07-10,40.174583435058594,49.93000030517578,50.119998931884766,49.38999938964844,49.630001068115234,5028200
2015-07-13,40.19883728027344,49.720001220703125,50.11000061035156,49.58000183105469,50.0,5519900
2015-07-14,40.58692169189453,50.20000076293945,50.380001068115234,49.70000076293945,49.810001373291016,4253700
2015-07-15,39.86734771728516,49.310001373291016,49.9900016784668,49.13999938964844,49.84000015258789,6612000
2015-07-16,40.2392692565918,49.77000045776367,49.84000015258789,49.540000915527344,49.81999969482422,3830400
2015-07-17,40.34437942504883,49.900001525878906,49.970001220703125,49.45000076293945,49.52000045776367,5408700
2015-07-20,40.47373580932617,50.060001373291016,50.33000183105469,49.97999954223633,50.0099983215332,5416600
2015-07-21,40.23117446899414,49.7599983215332,50.27000045776367,49.7599983215332,49.90999984741211,6399800
2015-07-22,41.21754837036133,50.97999954223633,51.09000015258789,49.2599983215332,49.869998931884766,10392300
2015-07-23,41.39542007446289,51.20000076293945,51.7400016784668,50.93999862670898,51.33000183105469,6098500
2015-07-24,41.27415084838867,51.04999923706055,51.470001220703125,50.84000015258789,50.84999847412109,5982700
2015-07-27,40.98308563232422,50.68999862670898,50.84999847412109,50.209999084472656,50.63999938964844,5484200
2015-07-28,41.18521118164063,50.93999862670898,51.2400016784668,50.650001525878906,51.09000015258789,5734900
2015-07-29,41.28223419189453,51.060001373291016,51.16999816894531,50.7599983215332,50.97999954223633,3530700
2015-07-30,41.04777145385742,50.77000045776367,51.04999923706055,50.540000915527344,50.95000076293945,3665000
2015-07-31,40.98308563232422,50.68999862670898,51.130001068115234,50.59999847412109,51.06999969482422,5573500
2015-08-03,40.829471588134766,50.5,50.90999984741211,50.13999938964844,50.88999938964844,3506600
2015-08-04,40.83755874633789,50.5099983215332,50.810001373291016,50.290000915527344,50.75,3487700
2015-08-05,40.81330108642578,50.47999954223633,51.0,50.38999938964844,50.97999954223633,5032800
2015-08-06,40.68393325805664,50.31999969482422,51.0099983215332,50.06999969482422,50.52000045776367,6213200
2015-08-07,40.5141487121582,50.11000061035156,50.43999862670898,49.369998931884766,50.400001525878906,4351800
2015-08-10,40.95882415771485,50.65999984741211,51.16999816894531,50.38999938964844,50.41999816894531,3729300
2015-08-11,40.74054336547852,50.38999938964844,50.52000045776367,49.9900016784668,50.18000030517578,4033300
2015-08-12,40.49800109863281,50.09000015258789,50.4900016784668,49.220001220703125,50.43000030517578,5395100
2015-08-13,40.295860290527344,49.84000015258789,50.11000061035156,49.61000061035156,50.02000045776367,4130000
2015-08-14,40.611175537109375,50.22999954223633,50.310001373291016,49.720001220703125,49.81999969482422,3776400
2015-08-17,40.73244094848633,50.380001068115234,50.40999984741211,49.75,50.0099983215332,3216600
2015-08-18,40.78096389770508,50.43999862670898,50.59999847412109,50.25,50.310001373291016,3288200
2015-08-19,40.295860290527344,49.84000015258789,50.16999816894531,49.40999984741211,50.13999938964844,6000600
2015-08-20,39.23672103881836,48.52999877929688,49.5099983215332,48.5099983215332,49.400001525878906,5977400
2015-08-21,38.10482406616211,47.130001068115234,48.43000030517578,47.130001068115234,48.02999877929688,9305900
2015-08-24,35.331642150878906,43.70000076293945,45.810001373291016,42.72999954223633,44.5099983215332,18430700
2015-08-25,34.684844970703125,42.900001525878906,45.09999847412109,42.880001068115234,44.869998931884766,14575400
2015-08-26,35.55802536010742,43.97999954223633,44.119998931884766,42.29999923706055,43.86000061035156,12675400
2015-08-27,36.90013885498047,45.63999938964844,46.04999923706055,44.66999816894531,45.59999847412109,14260400
2015-08-28,37.20737075805664,46.02000045776367,46.11000061035156,45.209999084472656,45.61000061035156,9191600
2015-08-31,36.61716079711914,45.290000915527344,46.630001068115234,45.119998931884766,45.90999984741211,7470200
2015-09-01,35.22654724121094,43.56999969482422,44.5,43.369998931884766,44.220001220703125,9000500
2015-09-02,35.76822662353516,44.2400016784668,44.43999862670898,43.619998931884766,44.310001373291016,7517600
2015-09-03,35.687381744384766,44.13999938964844,44.77999877929688,43.95000076293945,44.52000045776367,6426200
2015-09-04,34.822288513183594,43.06999969482422,43.709999084472656,42.720001220703125,43.5,7057100
2015-09-08,35.606536865234375,44.040000915527344,44.060001373291016,43.5,43.65999984741211,5452400
2015-09-09,34.951656341552734,43.22999954223633,44.5099983215332,43.119998931884766,44.36000061035156,5251200
2015-09-10,34.86271667480469,43.119998931884766,43.47999954223633,42.68000030517578,43.02000045776367,6952400
2015-09-11,35.097171783447266,43.40999984741211,43.43999862670898,42.7400016784668,43.130001068115234,5699500
2015-09-14,34.90314483642578,43.16999816894531,43.61000061035156,42.900001525878906,43.59999847412109,4461300
2015-09-15,35.42057800292969,43.810001373291016,43.91999816894531,43.11000061035156,43.27999877929688,5105600
2015-09-16,35.46100616455078,43.86000061035156,44.09000015258789,43.560001373291016,43.77999877929688,4982300
2015-09-17,35.76822662353516,44.2400016784668,45.150001525878906,43.790000915527344,43.84999847412109,7323700
2015-09-18,35.03250503540039,43.33000183105469,44.11000061035156,43.2400016784668,43.63999938964844,9063900
2015-09-21,35.00823974609375,43.29999923706055,43.81999969482422,43.0,43.650001525878906,5052100
2015-09-22,34.345272064208984,42.47999954223633,42.84999847412109,41.95000076293945,42.83000183105469,7283400
2015-09-23,34.1188850402832,42.20000076293945,42.68000030517578,42.09999847412109,42.5,6280300
2015-09-24,33.90868377685547,41.93999862670898,42.150001525878906,41.43999862670898,42.0,7322100
2015-09-25,33.035484313964844,40.86000061035156,42.4900016784668,40.41999816894531,42.22999954223633,10025100
2015-09-28,31.580188751220703,39.060001373291016,40.7400016784668,39.0,40.7400016784668,17219300
2015-09-29,31.935932159423828,39.5,40.150001525878906,39.02999877929688,39.2599983215332,12287500
2015-09-30,32.51804733276367,40.220001220703125,40.43000030517578,39.54999923706055,39.84000015258789,10750300
2015-10-01,32.95463562011719,40.7599983215332,40.79999923706055,40.18000030517578,40.34999847412109,7897000
2015-10-02,33.45591735839844,41.380001068115234,41.40999984741211,40.16999816894531,40.25,8457500
2015-10-05,33.4640007019043,41.38999938964844,41.77999877929688,41.02000045776367,41.619998931884766,8789300
2015-10-06,32.25123977661133,39.88999938964844,41.34000015258789,39.27999877929688,41.25,11689300
2015-10-07,32.84953308105469,40.630001068115234,40.90999984741211,40.0099983215332,40.52999877929688,9158500
2015-10-08,33.278045654296875,41.15999984741211,41.220001220703125,40.04999923706055,40.34999847412109,9859100
2015-10-09,33.86824035644531,41.88999938964844,41.97999954223633,40.93999862670898,41.06999969482422,10400200
2015-10-12,33.609527587890625,41.56999969482422,41.75,41.29999923706055,41.630001068115234,6067700
2015-10-13,33.27610778808594,40.91999816894531,41.38999938964844,40.810001373291016,40.970001220703125,5527100
2015-10-14,33.11347961425781,40.720001220703125,41.34000015258789,40.65999984741211,40.970001220703125,6417200
2015-10-15,34.04865646362305,41.869998931884766,42.02999877929688,40.90999984741211,41.06999969482422,7822000
2015-10-16,34.33326721191406,42.220001220703125,42.27000045776367,41.65999984741211,42.20000076293945,6163500
2015-10-19,34.27634811401367,42.150001525878906,42.369998931884766,41.84000015258789,42.11000061035156,5531200
2015-10-20,33.94295120239258,41.7400016784668,42.220001220703125,41.56999969482422,42.08000183105469,5882700
2015-10-21,34.3170051574707,42.20000076293945,42.84999847412109,41.619998931884766,42.540000915527344,8858800
2015-10-22,35.37416076660156,43.5,43.56999969482422,41.7599983215332,42.40999984741211,12440000
2015-10-23,35.45549774169922,43.59999847412109,43.86000061035156,43.18999862670898,43.52000045776367,9582700
2015-10-26,35.46363067626953,43.61000061035156,43.81999969482422,43.41999816894531,43.58000183105469,5716400
2015-10-27,35.68319320678711,43.880001068115234,43.97999954223633,43.5,43.540000915527344,5743600
2015-10-28,36.3988037109375,44.7599983215332,44.77000045776367,43.63999938964844,43.959999084472656,6158300
2015-10-29,36.78914260864258,45.2400016784668,45.34000015258789,44.79999923706055,44.93000030517578,6887700
2015-10-30,36.43133544921875,44.79999923706055,45.34000015258789,44.7599983215332,45.18999862670898,8442300
2015-11-02,36.94364547729492,45.43000030517578,45.5,44.59999847412109,44.880001068115234,5477800
2015-11-03,37.008697509765625,45.5099983215332,45.63999938964844,45.040000915527344,45.36000061035156,3933800
2015-11-04,36.740352630615234,45.18000030517578,45.720001220703125,45.04999923706055,45.720001220703125,6506600
2015-11-05,36.740352630615234,45.18000030517578,45.5099983215332,44.88999938964844,45.09000015258789,5107000
2015-11-06,37.10628509521485,45.630001068115234,45.66999816894531,44.650001525878906,44.88999938964844,6586300
2015-11-09,36.63462829589844,45.04999923706055,45.470001220703125,44.869998931884766,45.470001220703125,5946000
2015-11-10,37.21199417114258,45.7599983215332,45.84999847412109,45.060001373291016,45.09000015258789,5520600
2015-11-11,36.65089797973633,45.06999969482422,45.869998931884766,45.040000915527344,45.86000061035156,4298600
2015-11-12,35.93526840209961,44.18999862670898,44.959999084472656,44.15999984741211,44.810001373291016,6013900
2015-11-13,35.74824142456055,43.959999084472656,44.36000061035156,43.45000076293945,43.45000076293945,6797500
2015-11-16,36.49637985229492,44.880001068115234,44.88999938964844,43.79999923706055,43.900001525878906,6362900
2015-11-17,36.40694046020508,44.77000045776367,45.16999816894531,44.61000061035156,44.88999938964844,5794300
2015-11-18,37.24452590942383,45.79999923706055,45.869998931884766,44.959999084472656,44.970001220703125,5691000
2015-11-19,37.1876220703125,45.72999954223633,46.06999969482422,45.470001220703125,45.720001220703125,6830300
2015-11-20,37.4152946472168,46.0099983215332,46.380001068115234,45.84000015258789,46.02999877929688,7140700
2015-11-23,36.951778411865234,45.43999862670898,46.09999847412109,45.2599983215332,46.02999877929688,4593800
2015-11-24,36.95991897583008,45.45000076293945,45.58000183105469,45.02999877929688,45.11000061035156,4638600
2015-11-25,36.92737579345703,45.40999984741211,45.650001525878906,45.27999877929688,45.380001068115234,3080700
2015-11-27,36.93551635742188,45.41999816894531,45.59999847412109,45.310001373291016,45.41999816894531,1678000
2015-11-30,36.52891159057617,44.91999816894531,45.540000915527344,44.91999816894531,45.43999862670898,7827000
2015-12-01,36.96803665161133,45.459999084472656,45.52000045776367,44.93999862670898,45.220001220703125,5593200
2015-12-02,36.77287673950195,45.220001220703125,45.720001220703125,45.119998931884766,45.43000030517578,4840400
2015-12-03,35.90274810791016,44.150001525878906,45.470001220703125,44.0099983215332,45.36000061035156,6857400
2015-12-04,36.83793640136719,45.29999923706055,45.36000061035156,44.27999877929688,44.40999984741211,6438500
2015-12-07,37.04936599731445,45.560001373291016,45.72999954223633,45.290000915527344,45.56999969482422,5559900
2015-12-08,37.04121398925781,45.54999923706055,45.75,45.15999984741211,45.31999969482422,5199000
2015-12-09,36.56144332885742,44.959999084472656,45.70000076293945,44.810001373291016,45.38999938964844,5544400
2015-12-10,36.84605407714844,45.310001373291016,45.63999938964844,45.0,45.08000183105469,4953200
2015-12-11,36.07353210449219,44.36000061035156,44.869998931884766,44.290000915527344,44.77000045776367,5236400
2015-12-14,36.43945693969727,44.810001373291016,44.83000183105469,43.959999084472656,44.45000076293945,6173500
2015-12-15,37.07375717163086,45.59000015258789,45.91999816894531,45.150001525878906,45.20000076293945,5828000
2015-12-16,37.44781494140625,46.04999923706055,46.13999938964844,45.25,45.77000045776367,7576500
2015-12-17,36.80540084838867,45.2599983215332,46.220001220703125,45.25,46.09000015258789,5792200
2015-12-18,35.536800384521484,43.70000076293945,45.040000915527344,43.70000076293945,44.959999084472656,13044400
2015-12-21,35.81329727172852,44.040000915527344,44.18999862670898,43.56999969482422,44.04999923706055,5453300
2015-12-22,36.17110443115234,44.47999954223633,44.560001373291016,43.970001220703125,44.22999954223633,4367300
2015-12-23,36.67528533935547,45.09999847412109,45.18000030517578,44.630001068115234,44.72999954223633,4353000
2015-12-24,36.67528533935547,45.09999847412109,45.29999923706055,44.93999862670898,44.93999862670898,1462900
2015-12-28,36.61835861206055,45.02999877929688,45.130001068115234,44.81999969482422,44.91999816894531,2742900
2015-12-29,37.26078414916992,45.81999969482422,45.95000076293945,45.16999816894531,45.27999877929688,4071200
2015-12-30,36.81353759765625,45.27000045776367,46.02999877929688,45.209999084472656,45.84999847412109,4912000
2015-12-31,36.52077865600586,44.90999984741211,45.5,44.900001525878906,45.11000061035156,4192400
2016-01-04,34.910648345947266,42.93000030517578,44.04999923706055,42.5,43.93999862670898,12227500
2016-01-05,34.90251541137695,42.91999816894531,43.20000076293945,42.61000061035156,42.959999084472656,8245200
2016-01-06,34.60976028442383,42.560001373291016,42.97999954223633,42.209999084472656,42.310001373291016,5906000
2016-01-07,33.78029251098633,41.540000915527344,42.18000030517578,41.400001525878906,41.68000030517578,7151400
2016-01-08,33.07281494140625,40.66999816894531,41.900001525878906,40.540000915527344,41.86000061035156,7477700
2016-01-11,33.121604919433594,40.72999954223633,40.900001525878906,40.09999847412109,40.77000045776367,7839700
2016-01-12,33.715240478515625,41.459999084472656,41.61000061035156,40.869998931884766,40.9900016784668,7328900
2016-01-13,32.96236801147461,40.27999877929688,41.68999862670898,40.15999984741211,41.47999954223633,5754400
2016-01-14,33.63341522216797,41.09999847412109,41.31999969482422,40.13999938964844,40.34000015258789,7326800
2016-01-15,33.17514419555664,40.540000915527344,40.91999816894531,39.75,39.84999847412109,10464800
2016-01-19,33.08512115478516,40.43000030517578,41.31999969482422,40.130001068115234,41.09999847412109,7997300
2016-01-20,32.70051574707031,39.959999084472656,40.27999877929688,39.08000183105469,39.72999954223633,11279900
2016-01-21,32.30770492553711,39.47999954223633,40.18000030517578,39.2400016784668,40.18000030517578,10089500
2016-01-22,32.75777816772461,40.02999877929688,40.20000076293945,39.7400016784668,40.20000076293945,8854600
2016-01-25,32.455013275146484,39.65999984741211,40.15999984741211,39.58000183105469,40.02999877929688,5304600
2016-01-26,32.86418533325195,40.15999984741211,40.43999862670898,39.650001525878906,39.86000061035156,5360400
2016-01-27,33.11787033081055,40.470001220703125,41.4900016784668,39.900001525878906,39.95000076293945,10530700
2016-01-28,30.04093742370605,36.709999084472656,38.5,36.0,38.40999984741211,23544400
2016-01-29,30.97383499145508,37.84999847412109,37.869998931884766,36.68000030517578,36.68999862670898,16124300
2016-02-01,31.4648380279541,38.45000076293945,38.709999084472656,36.16999816894531,36.16999816894531,14252500
2016-02-02,30.99839782714844,37.880001068115234,38.72999954223633,37.81999969482422,38.0,9632400
2016-02-03,31.11294937133789,38.02000045776367,38.40999984741211,37.09999847412109,38.22999954223633,6914000
2016-02-04,31.104772567749023,38.0099983215332,38.220001220703125,37.52999877929688,37.77999877929688,5103800
2016-02-05,30.6137752532959,37.40999984741211,38.34999847412109,37.119998931884766,38.22999954223633,5750200
2016-02-08,30.654685974121094,37.459999084472656,37.63999938964844,36.68999862670898,37.18999862670898,7802000
2016-02-09,30.27825736999512,37.0,37.77999877929688,36.869998931884766,36.959999084472656,8691600
2016-02-10,30.450092315673828,37.209999084472656,38.18000030517578,37.119998931884766,37.58000183105469,7909400
2016-02-11,29.73815155029297,36.34000015258789,36.84999847412109,36.02000045776367,36.43999862670898,7724000
2016-02-12,30.3846435546875,37.130001068115234,37.150001525878906,36.400001525878906,36.70000076293945,6424800
2016-02-16,31.0883903503418,37.9900016784668,38.0099983215332,37.119998931884766,37.130001068115234,7960200
2016-02-17,31.4648380279541,38.45000076293945,38.560001373291016,38.2400016784668,38.369998931884766,6358900
2016-02-18,31.350265502929688,38.310001373291016,38.88999938964844,38.220001220703125,38.34000015258789,5617800
2016-02-19,31.530303955078125,38.52999877929688,38.650001525878906,38.13999938964844,38.31999969482422,5735000
2016-02-22,32.04585647583008,39.15999984741211,39.2400016784668,38.52999877929688,38.52999877929688,4946300
2016-02-23,31.415733337402344,38.38999938964844,39.04999923706055,38.29999923706055,38.90999984741211,6144300
2016-02-24,32.078590393066406,39.20000076293945,39.31999969482422,37.970001220703125,38.18000030517578,7054800
2016-02-25,32.43046951293945,39.630001068115234,39.63999938964844,38.970001220703125,39.220001220703125,7608300
2016-02-26,32.340450286865234,39.52000045776367,39.880001068115234,39.220001220703125,39.47999954223633,8741400
2016-02-29,31.702152252197266,38.7400016784668,39.84000015258789,38.7400016784668,39.34000015258789,8463400
2016-03-01,32.18495178222656,39.33000183105469,39.459999084472656,38.79999923706055,38.90999984741211,9693900
2016-03-02,32.19316101074219,39.34000015258789,39.56999969482422,39.09999847412109,39.34999847412109,7498100
2016-03-03,31.767616271972656,38.81999969482422,38.88999938964844,38.09000015258789,38.560001373291016,13516200
2016-03-04,32.06220245361328,39.18000030517578,39.369998931884766,38.79999923706055,38.84999847412109,7419200
2016-03-07,32.06220245361328,39.18000030517578,39.38999938964844,38.91999816894531,39.0,5955800
2016-03-08,32.05403137207031,39.16999816894531,39.4900016784668,38.880001068115234,38.95000076293945,7704200
2016-03-09,32.14405059814453,39.27999877929688,39.38999938964844,39.0099983215332,39.2599983215332,6196000
2016-03-10,31.939455032348636,39.02999877929688,39.880001068115234,38.81999969482422,39.40999984741211,8716900
2016-03-11,33.036033630371094,40.369998931884766,40.45000076293945,39.08000183105469,39.25,11786400
2016-03-14,33.14240646362305,40.5,40.68000030517578,39.9900016784668,40.310001373291016,5707800
2016-03-15,32.65142059326172,39.900001525878906,40.34000015258789,39.54999923706055,40.15999984741211,5309200
2016-03-16,32.88054275512695,40.18000030517578,40.31999969482422,39.77999877929688,40.13999938964844,5393000
2016-03-17,32.97056579589844,40.290000915527344,40.40999984741211,39.52999877929688,40.20000076293945,6089900
2016-03-18,33.379722595214844,40.790000915527344,40.93999862670898,40.13999938964844,40.36000061035156,10143900
2016-03-21,33.35517120361328,40.7599983215332,40.77000045776367,40.43999862670898,40.58000183105469,4054800
2016-03-22,33.576141357421875,41.02999877929688,41.15999984741211,40.34000015258789,40.5,6652300
2016-03-23,33.371551513671875,40.77999877929688,41.34000015258789,40.68999862670898,40.84000015258789,4087600
2016-03-24,33.34699249267578,40.75,40.900001525878906,40.36000061035156,40.63999938964844,4261000
2016-03-28,33.4533805847168,40.880001068115234,41.0,40.61000061035156,40.77000045776367,3328000
2016-03-29,33.93619537353516,41.470001220703125,41.52999877929688,40.709999084472656,40.75,4127000
2016-03-30,34.083499908447266,41.650001525878906,41.93999862670898,41.4900016784668,41.59999847412109,3433000
2016-03-31,34.230804443359375,41.83000183105469,42.0,41.5099983215332,41.650001525878906,5168400
2016-04-01,34.525386810302734,42.18999862670898,42.2599983215332,41.36000061035156,41.52999877929688,3972900
2016-04-04,34.63178634643555,42.31999969482422,42.66999816894531,42.15999984741211,42.34000015258789,4407800
2016-04-05,34.402645111083984,42.040000915527344,42.2599983215332,41.88999938964844,42.0099983215332,6582700
2016-04-06,35.22915267944336,43.04999923706055,43.15999984741211,41.97999954223633,41.97999954223633,6261000
2016-04-07,34.869083404541016,42.61000061035156,42.90999984741211,42.2400016784668,42.66999816894531,4901300
2016-04-08,34.67269515991211,42.369998931884766,42.93000030517578,42.119998931884766,42.77999877929688,4920300
2016-04-11,34.762699127197266,42.47999954223633,42.880001068115234,42.459999084472656,42.470001220703125,3948800
2016-04-12,35.04094696044922,42.81999969482422,43.06999969482422,42.36000061035156,42.36000061035156,5100200
2016-04-13,35.691368103027344,43.34999847412109,43.41999816894531,42.68000030517578,42.869998931884766,4140700
2016-04-14,35.82310104370117,43.5099983215332,43.65999984741211,43.27999877929688,43.380001068115234,3118700
2016-04-15,35.74076843261719,43.40999984741211,43.54999923706055,43.18000030517578,43.52999877929688,3620400
2016-04-18,36.18537139892578,43.95000076293945,44.0099983215332,43.18000030517578,43.18000030517578,4268800
2016-04-19,36.10303497314453,43.84999847412109,44.0099983215332,43.4900016784668,44.0,7786600
2016-04-20,36.20183563232422,43.970001220703125,44.58000183105469,43.5099983215332,44.47999954223633,8693500
2016-04-21,36.12773513793945,43.880001068115234,44.31999969482422,43.59000015258789,43.77999877929688,6171500
2016-04-22,36.29240417480469,44.08000183105469,44.16999816894531,43.720001220703125,43.720001220703125,4691800
2016-04-25,36.23476409912109,44.0099983215332,44.20000076293945,43.810001373291016,44.0099983215332,4136800
2016-04-26,36.12773513793945,43.880001068115234,44.25,43.7599983215332,44.15999984741211,3372700
2016-04-27,36.08656692504883,43.83000183105469,44.0,43.68999862670898,43.93000030517578,5035100
2016-04-28,33.279014587402344,40.41999816894531,41.68999862670898,39.9900016784668,40.08000183105469,54527700
2016-04-29,32.027557373046875,38.900001525878906,40.380001068115234,38.58000183105469,40.369998931884766,30646800
2016-05-02,31.986373901367188,38.84999847412109,39.119998931884766,38.41999816894531,38.84999847412109,21292300
2016-05-03,31.73938369750977,38.54999923706055,38.83000183105469,38.209999084472656,38.79999923706055,18241600
2016-05-04,31.36888694763184,38.09999847412109,38.459999084472656,38.0,38.34999847412109,13975300
2016-05-05,31.698219299316406,38.5,38.72999954223633,38.09999847412109,38.27999877929688,16531000
2016-05-06,31.261857986450195,37.970001220703125,38.400001525878906,37.709999084472656,38.220001220703125,11399900
2016-05-09,31.27008819580078,37.97999954223633,38.58000183105469,37.880001068115234,38.11000061035156,11156200
2016-05-10,31.36888694763184,38.09999847412109,38.29999923706055,37.77999877929688,38.29999923706055,11228200
2016-05-11,31.294795989990234,38.0099983215332,38.290000915527344,37.900001525878906,38.20000076293945,10598300
2016-05-12,31.28655242919922,38.0,38.16999816894531,37.52000045776367,38.13999938964844,10395400
2016-05-13,30.957216262817383,37.59999847412109,38.060001373291016,37.470001220703125,37.86000061035156,9337900
2016-05-16,31.49238395690918,38.25,38.40999984741211,37.59999847412109,37.59999847412109,10178500
2016-05-17,31.047786712646484,37.709999084472656,38.29999923706055,37.54999923706055,38.220001220703125,8357100
2016-05-18,31.08070945739746,37.75,38.09999847412109,37.4900016784668,37.75,10603000
2016-05-19,30.66082191467285,37.2400016784668,37.68000030517578,36.88999938964844,37.560001373291016,8221300
2016-05-20,30.957216262817383,37.59999847412109,37.77999877929688,37.47999954223633,37.54999923706055,7807600
2016-05-23,30.767866134643555,37.369998931884766,37.75,37.27000045776367,37.720001220703125,7126700
2016-05-24,31.27008819580078,37.97999954223633,38.06999969482422,37.43000030517578,37.4900016784668,8678000
2016-05-25,31.846406936645508,38.68000030517578,38.77000045776367,38.02999877929688,38.060001373291016,16141100
2016-05-26,32.01931381225586,38.88999938964844,38.95000076293945,38.540000915527344,38.650001525878906,12446000
2016-05-27,32.35688400268555,39.29999923706055,39.400001525878906,38.91999816894531,39.040000915527344,12339400
2016-05-31,32.62858581542969,39.630001068115234,39.66999816894531,39.13999938964844,39.33000183105469,15887000
2016-06-01,32.52154922485352,39.5,39.619998931884766,39.29999923706055,39.369998931884766,11554800
2016-06-02,32.54624557495117,39.52999877929688,39.63999938964844,39.34999847412109,39.5,12758500
2016-06-03,32.25808334350586,39.18000030517578,39.540000915527344,39.02000045776367,39.52000045776367,10841200
2016-06-06,32.249847412109375,39.16999816894531,39.380001068115234,39.04999923706055,39.25,9157100
2016-06-07,32.0522575378418,38.93000030517578,39.27999877929688,38.91999816894531,39.119998931884766,10202700
2016-06-08,32.03578567504883,38.90999984741211,39.060001373291016,38.650001525878906,38.900001525878906,9134000
2016-06-09,32.00285339355469,38.869998931884766,39.08000183105469,38.77000045776367,38.869998931884766,10093100
2016-06-10,31.61588478088379,38.400001525878906,38.70000076293945,38.22999954223633,38.66999816894531,7926100
2016-06-13,31.17127799987793,37.86000061035156,38.54999923706055,37.84999847412109,38.31999969482422,11065900
2016-06-14,31.006614685058597,37.65999984741211,37.88999938964844,37.43999862670898,37.869998931884766,9613200
2016-06-15,30.817256927490234,37.43000030517578,37.869998931884766,37.400001525878906,37.75,7716300
2016-06-16,30.87489128112793,37.5,37.540000915527344,36.880001068115234,37.36000061035156,10267500
2016-06-17,30.784318923950195,37.38999938964844,37.59000015258789,37.22999954223633,37.400001525878906,9900000
2016-06-20,31.08070945739746,37.75,38.06999969482422,37.75,37.880001068115234,7707300
2016-06-21,31.06426239013672,37.72999954223633,38.18000030517578,37.70000076293945,38.0,8841100
2016-06-22,31.89581680297852,38.7400016784668,38.84999847412109,37.720001220703125,37.720001220703125,10868100
2016-06-23,32.62858581542969,39.630001068115234,39.630001068115234,38.9900016784668,39.040000915527344,10755500
2016-06-24,31.21246337890625,37.90999984741211,38.560001373291016,37.90999984741211,38.369998931884766,16525000
2016-06-27,30.422061920166016,36.95000076293945,37.58000183105469,36.7599983215332,37.5099983215332,12802100
2016-06-28,30.924287796020508,37.560001373291016,37.58000183105469,37.060001373291016,37.27999877929688,8379700
2016-06-29,31.75584602355957,38.56999969482422,38.75,37.95000076293945,37.95000076293945,8366500
2016-06-30,32.365116119384766,39.310001373291016,39.310001373291016,38.56999969482422,38.650001525878906,10425000
2016-07-01,32.55447769165039,39.540000915527344,39.709999084472656,39.15999984741211,39.310001373291016,6904600
2016-07-05,32.4721565246582,39.43999862670898,39.560001373291016,39.209999084472656,39.310001373291016,10029300
2016-07-06,33.6165771484375,40.83000183105469,40.880001068115234,39.25,39.27000045776367,13177200
2016-07-07,34.05293273925781,41.36000061035156,41.56999969482422,40.79999923706055,40.83000183105469,17624400
2016-07-08,34.489315032958984,41.88999938964844,42.27000045776367,41.560001373291016,41.59999847412109,11071800
2016-07-11,34.678672790527344,42.119998931884766,42.310001373291016,42.0,42.02999877929688,9052300
2016-07-12,34.96684265136719,42.470001220703125,42.650001525878906,42.13999938964844,42.34000015258789,8266200
2016-07-13,34.76802062988281,41.970001220703125,42.52000045776367,41.84999847412109,42.2400016784668,7920200
2016-07-14,35.02483367919922,42.27999877929688,42.41999816894531,42.02000045776367,42.34000015258789,9011900
2016-07-15,34.87571334838867,42.09999847412109,42.52999877929688,42.02999877929688,42.400001525878906,7693500
2016-07-18,34.867435455322266,42.09000015258789,42.22999954223633,41.810001373291016,42.04999923706055,7524200
2016-07-19,34.627193450927734,41.79999923706055,41.9900016784668,41.59999847412109,41.93999862670898,8462800
2016-07-20,35.33134460449219,42.650001525878906,42.91999816894531,42.09999847412109,42.79999923706055,13686500
2016-07-21,35.65441131591797,43.040000915527344,43.41999816894531,42.810001373291016,42.880001068115234,11456400
2016-07-22,35.76210021972656,43.16999816894531,43.2599983215332,42.810001373291016,43.04999923706055,10204500
2016-07-25,35.96092224121094,43.40999984741211,43.43999862670898,43.06999969482422,43.08000183105469,11525900
2016-07-26,36.11832427978516,43.59999847412109,43.619998931884766,43.36000061035156,43.38999938964844,8664800
2016-07-27,36.17631530761719,43.66999816894531,43.900001525878906,43.2400016784668,43.56999969482422,15188200
2016-07-28,36.82246017456055,44.45000076293945,45.15999984741211,43.93000030517578,44.02000045776367,18284700
2016-07-29,37.07098388671875,44.75,45.119998931884766,44.2599983215332,44.380001068115234,13423200
2016-08-01,37.51832580566406,45.290000915527344,45.58000183105469,44.720001220703125,44.75,12152400
2016-08-02,37.33606719970703,45.06999969482422,45.790000915527344,44.86000061035156,45.720001220703125,10352700
2016-08-03,37.23666000366211,44.95000076293945,45.09000015258789,44.83000183105469,45.06999969482422,7783100
2016-08-04,37.12067794799805,44.810001373291016,45.09000015258789,44.77999877929688,45.060001373291016,6583500
2016-08-05,37.49346160888672,45.2599983215332,45.40999984741211,44.869998931884766,45.0,6555300
2016-08-08,37.29463958740234,45.02000045776367,45.40999984741211,44.880001068115234,45.060001373291016,7657900
2016-08-09,37.344364166259766,45.08000183105469,45.18000030517578,44.9900016784668,45.06999969482422,6486200
2016-08-10,37.12067794799805,44.810001373291016,45.290000915527344,44.68000030517578,45.08000183105469,6026000
2016-08-11,37.31951141357422,45.04999923706055,45.13999938964844,44.75,44.84999847412109,5756200
2016-08-12,37.31121444702149,45.040000915527344,45.09999847412109,44.54999923706055,44.81999969482422,6686300
2016-08-15,37.40234756469727,45.150001525878906,45.22999954223633,44.84999847412109,45.20000076293945,6525600
2016-08-16,37.21181869506836,44.91999816894531,45.08000183105469,44.81999969482422,45.02000045776367,7584400
2016-08-17,37.01298904418945,44.68000030517578,45.13999938964844,44.43999862670898,45.13999938964844,8630300
2016-08-18,36.74790954589844,44.36000061035156,44.7400016784668,44.25,44.68000030517578,6548800
2016-08-19,36.64848327636719,44.2400016784668,44.310001373291016,43.650001525878906,44.16999816894531,9439100
2016-08-22,36.59049606323242,44.16999816894531,44.36000061035156,43.790000915527344,44.08000183105469,6518400
2016-08-23,36.366844177246094,43.900001525878906,44.41999816894531,43.900001525878906,44.369998931884766,7400600
2016-08-24,35.76210021972656,43.16999816894531,44.09999847412109,43.06999969482422,43.959999084472656,7578500
2016-08-25,35.48874282836914,42.84000015258789,44.0,42.27000045776367,43.16999816894531,38568600
2016-08-26,35.60471725463867,42.97999954223633,43.27999877929688,42.09000015258789,42.720001220703125,18670500
2016-08-29,35.82838439941406,43.25,43.56999969482422,42.95000076293945,43.0,9223200
2016-08-30,35.480445861816406,42.83000183105469,43.36000061035156,42.560001373291016,43.0099983215332,12176200
2016-08-31,34.80944061279297,42.02000045776367,42.97999954223633,41.93000030517578,42.869998931884766,12445800
2016-09-01,35.04140090942383,42.29999923706055,42.34000015258789,41.7400016784668,41.91999816894531,10739200
2016-09-02,34.867435455322266,42.09000015258789,42.45000076293945,41.88999938964844,42.36000061035156,7208200
2016-09-06,34.9254150390625,42.15999984741211,42.31999969482422,41.79999923706055,42.09999847412109,7079100
2016-09-07,34.71002960205078,41.900001525878906,42.290000915527344,41.77000045776367,42.150001525878906,11063600
2016-09-08,34.66859817504883,41.84999847412109,42.119998931884766,41.650001525878906,42.119998931884766,7694300
2016-09-09,33.97275161743164,41.0099983215332,41.58000183105469,41.0,41.560001373291016,10977900
2016-09-12,34.31239700317383,41.41999816894531,41.52000045776367,40.77000045776367,40.84999847412109,7759600
2016-09-13,33.66624450683594,40.63999938964844,41.2400016784668,40.47999954223633,41.22999954223633,6930000
2016-09-14,33.80709457397461,40.810001373291016,41.040000915527344,40.54999923706055,40.68999862670898,7707800
2016-09-15,34.06389236450195,41.119998931884766,41.2599983215332,40.650001525878906,40.790000915527344,6099900
2016-09-16,34.6851806640625,41.869998931884766,42.02999877929688,40.83000183105469,40.95000076293945,15790200
2016-09-19,34.52777099609375,41.68000030517578,42.36000061035156,41.59000015258789,42.040000915527344,7552700
2016-09-20,34.44495391845703,41.58000183105469,42.0,41.58000183105469,41.95000076293945,4866700
2016-09-21,34.72659683227539,41.91999816894531,42.0099983215332,41.2599983215332,41.619998931884766,5461300
2016-09-22,34.97512435913086,42.220001220703125,42.4900016784668,42.040000915527344,42.15999984741211,5829700
2016-09-23,34.95026016235352,42.18999862670898,42.41999816894531,42.04999923706055,42.25,6912300
2016-09-26,34.52777099609375,41.68000030517578,42.02000045776367,41.61000061035156,42.0099983215332,6378200
2016-09-27,35.06624984741211,42.33000183105469,42.34000015258789,41.560001373291016,41.709999084472656,5964900
2016-09-28,35.03311538696289,42.290000915527344,42.52999877929688,41.90999984741211,42.25,5228300
2016-09-29,34.3289794921875,41.43999862670898,42.25,41.2599983215332,42.11000061035156,6785700
2016-09-30,35.03311538696289,42.290000915527344,42.470001220703125,41.68999862670898,41.7400016784668,7451000
2016-10-03,35.24848937988281,42.54999923706055,42.58000183105469,41.880001068115234,42.060001373291016,5947400
2016-10-04,34.87571334838867,42.09999847412109,42.790000915527344,41.86000061035156,42.47999954223633,5870700
2016-10-05,35.4058837890625,42.7400016784668,42.810001373291016,42.33000183105469,42.34000015258789,7218700
2016-10-06,35.59642028808594,42.970001220703125,43.04999923706055,42.31999969482422,42.68999862670898,7250200
2016-10-07,35.59642028808594,42.970001220703125,43.18999862670898,42.56999969482422,43.0,7249800
2016-10-10,36.03548049926758,43.5,43.77999877929688,43.060001373291016,43.150001525878906,8285100
2016-10-11,34.097015380859375,41.15999984741211,43.5,41.02000045776367,43.5,23896100
2016-10-12,34.16371536254883,40.97999954223633,41.41999816894531,40.81999969482422,41.04999923706055,6403900
2016-10-13,34.16371536254883,40.97999954223633,41.2400016784668,40.40999984741211,40.7400016784668,6544700
2016-10-14,34.005313873291016,40.790000915527344,41.52999877929688,40.77000045776367,41.16999816894531,8819000
2016-10-17,33.838584899902344,40.59000015258789,40.95000076293945,40.54999923706055,40.72999954223633,7252700
2016-10-18,34.32210922241211,41.16999816894531,41.40999984741211,40.5,40.59000015258789,9604900
2016-10-19,33.355064392089844,40.0099983215332,41.380001068115234,39.93999862670898,40.52000045776367,19299600
2016-10-20,33.96363067626953,40.7400016784668,40.810001373291016,40.0,40.0099983215332,8725900
2016-10-21,33.7635498046875,40.5,40.61000061035156,40.15999984741211,40.40999984741211,7276400
2016-10-24,33.68852233886719,40.40999984741211,40.91999816894531,40.310001373291016,40.790000915527344,6998800
2016-10-25,33.5051155090332,40.18999862670898,40.61000061035156,40.150001525878906,40.41999816894531,6598400
2016-10-26,33.313377380371094,39.959999084472656,40.27999877929688,39.7599983215332,40.0,7196700
2016-10-27,33.58848190307617,40.290000915527344,40.52999877929688,40.060001373291016,40.09000015258789,6583200
2016-10-28,32.96323013305664,39.540000915527344,40.59999847412109,39.5099983215332,40.25,12519600
2016-10-31,32.71312713623047,39.2400016784668,39.540000915527344,39.220001220703125,39.43000030517578,8241700
2016-11-01,32.55473327636719,39.04999923706055,39.34999847412109,38.63999938964844,39.2400016784668,8078500
2016-11-02,32.2629508972168,38.70000076293945,39.220001220703125,38.70000076293945,39.04999923706055,6323200
2016-11-03,31.99617576599121,38.380001068115234,39.150001525878906,38.29999923706055,38.86000061035156,7529400
2016-11-04,32.58808135986328,39.09000015258789,39.43999862670898,38.40999984741211,38.45000076293945,8748100
2016-11-07,33.23000717163086,39.86000061035156,39.959999084472656,39.540000915527344,39.63999938964844,6458800
2016-11-08,33.20499038696289,39.83000183105469,40.08000183105469,39.2400016784668,39.619998931884766,6654400
2016-11-09,33.40507125854492,40.06999969482422,41.52999877929688,39.16999816894531,41.5,13102900
2016-11-10,33.85525894165039,40.61000061035156,40.86000061035156,40.31999969482422,40.52000045776367,9716400
2016-11-11,33.46343231201172,40.13999938964844,40.47999954223633,39.900001525878906,40.380001068115234,5729000
2016-11-14,32.67979431152344,39.20000076293945,40.16999816894531,39.09999847412109,40.11000061035156,11193400
2016-11-15,33.18832015991211,39.810001373291016,39.93999862670898,39.04999923706055,39.290000915527344,9264700
2016-11-16,33.30503463745117,39.95000076293945,40.25,39.650001525878906,39.79999923706055,8894100
2016-11-17,33.671852111816406,40.38999938964844,40.5,40.0,40.0,6582600
2016-11-18,33.21333312988281,39.84000015258789,40.41999816894531,39.79999923706055,40.310001373291016,7015100
2016-11-21,33.146636962890625,39.7599983215332,40.130001068115234,39.63999938964844,39.84999847412109,8614700
2016-11-22,31.762752532958984,38.09999847412109,39.61000061035156,37.810001373291016,39.41999816894531,16242500
2016-11-23,32.49637985229492,38.97999954223633,39.130001068115234,37.900001525878906,38.040000915527344,9568900
2016-11-25,32.64643096923828,39.15999984741211,39.209999084472656,38.93999862670898,39.08000183105469,2733000
2016-11-28,32.29629898071289,38.7400016784668,39.220001220703125,38.70000076293945,39.220001220703125,5727800
2016-11-29,32.28794860839844,38.72999954223633,39.02000045776367,38.65999984741211,38.86000061035156,7338500
2016-11-30,31.737735748291016,38.06999969482422,38.75,38.06999969482422,38.75,14916800
2016-12-01,31.34590721130371,37.59999847412109,38.29999923706055,37.380001068115234,38.119998931884766,9008500
2016-12-02,31.596027374267575,37.900001525878906,38.08000183105469,37.59999847412109,37.68000030517578,7252800
2016-12-05,32.03785705566406,38.43000030517578,38.45000076293945,37.9900016784668,38.11000061035156,9514700
2016-12-06,32.02952575683594,38.41999816894531,38.650001525878906,38.220001220703125,38.43999862670898,6136100
2016-12-07,32.07954025268555,38.47999954223633,38.4900016784668,37.41999816894531,38.130001068115234,10888600
2016-12-08,32.246273040771484,38.68000030517578,38.790000915527344,38.0099983215332,38.33000183105469,7046900
2016-12-09,32.67979431152344,39.20000076293945,39.34000015258789,38.77999877929688,38.81999969482422,7802500
2016-12-12,32.67979431152344,39.20000076293945,39.5099983215332,39.060001373291016,39.20000076293945,7771700
2016-12-13,32.87986373901367,39.43999862670898,39.66999816894531,39.16999816894531,39.310001373291016,7483300
2016-12-14,32.36298751831055,38.81999969482422,39.790000915527344,38.66999816894531,39.41999816894531,11284100
2016-12-15,32.454689025878906,38.93000030517578,39.04999923706055,38.27000045776367,38.7599983215332,9229400
2016-12-16,31.762752532958984,38.09999847412109,39.33000183105469,37.97999954223633,39.02000045776367,15107500
2016-12-19,31.962818145751957,38.34000015258789,38.630001068115234,38.060001373291016,38.22999954223633,10153500
2016-12-20,31.8377628326416,38.18999862670898,38.5099983215332,38.02000045776367,38.400001525878906,6992900
2016-12-21,31.87946128845215,38.2400016784668,38.27999877929688,37.900001525878906,38.18999862670898,9190600
2016-12-22,31.9211368560791,38.290000915527344,38.34000015258789,37.90999984741211,38.150001525878906,7980900
2016-12-23,32.02952575683594,38.41999816894531,38.650001525878906,38.220001220703125,38.33000183105469,4625600
2016-12-27,32.17958068847656,38.59999847412109,38.93999862670898,38.470001220703125,38.47999954223633,6633700
2016-12-28,31.862796783447266,38.220001220703125,38.77000045776367,38.08000183105469,38.630001068115234,6828500
2016-12-29,31.937824249267575,38.310001373291016,38.5099983215332,38.11000061035156,38.29999923706055,7050800
2016-12-30,32.021183013916016,38.40999984741211,38.869998931884766,38.25,38.33000183105469,10445600
2017-01-03,32.55473327636719,39.04999923706055,39.08000183105469,38.34000015258789,38.630001068115234,9677300
2017-01-04,32.81317138671875,39.36000061035156,39.72999954223633,39.060001373291016,39.060001373291016,22644500
2017-01-05,33.096622467041016,39.70000076293945,39.75,38.97999954223633,39.2400016784668,12080100
2017-01-06,33.99697494506836,40.77999877929688,40.9900016784668,39.65999984741211,39.70000076293945,14628900
2017-01-09,33.96363067626953,40.7400016784668,41.060001373291016,40.619998931884766,40.790000915527344,10992500
2017-01-10,34.422149658203125,41.290000915527344,41.619998931884766,40.77999877929688,40.810001373291016,9256300
2017-01-11,34.46830368041992,41.08000183105469,41.41999816894531,40.4900016784668,41.04999923706055,10699400
2017-01-12,34.166236877441406,40.720001220703125,40.790000915527344,40.310001373291016,40.790000915527344,8633400
2017-01-13,34.342437744140625,40.93000030517578,41.36000061035156,40.68999862670898,40.75,9533300
2017-01-17,34.31726837158203,40.900001525878906,41.040000915527344,40.52999877929688,40.66999816894531,8272700
2017-01-18,34.199806213378906,40.7599983215332,41.09999847412109,40.5099983215332,41.04999923706055,7195100
2017-01-19,33.89774703979492,40.400001525878906,40.72999954223633,40.2400016784668,40.63999938964844,7160200
2017-01-20,33.948089599609375,40.459999084472656,40.77000045776367,40.34999847412109,40.5099983215332,5908000
2017-01-23,33.84739685058594,40.34000015258789,40.54999923706055,40.20000076293945,40.31999969482422,7351900
2017-01-24,33.82223129272461,40.310001373291016,40.5,40.119998931884766,40.31999969482422,7773700
2017-01-25,33.82223129272461,40.310001373291016,40.470001220703125,39.25,39.7599983215332,16890200
2017-01-26,34.36761474609375,40.959999084472656,41.119998931884766,40.45000076293945,40.459999084472656,9410200
2017-01-27,34.40116500854492,41.0,41.310001373291016,40.900001525878906,41.11000061035156,7033600
2017-01-30,34.4095573425293,41.0099983215332,41.13999938964844,40.77000045776367,40.86000061035156,13811600
2017-01-31,35.0472412109375,41.77000045776367,41.790000915527344,40.59999847412109,40.72999954223633,12318200
2017-02-01,35.51710510253906,42.33000183105469,42.369998931884766,41.43999862670898,41.5099983215332,11948800
2017-02-02,35.869510650634766,42.75,42.790000915527344,41.84999847412109,42.33000183105469,11836900
2017-02-03,35.89469146728516,42.77999877929688,43.130001068115234,42.540000915527344,42.93999862670898,11642200
2017-02-06,35.601016998291016,42.43000030517578,42.75,42.22999954223633,42.56999969482422,8735200
2017-02-07,35.98697662353516,42.88999938964844,42.97999954223633,42.5,42.56999969482422,8697300
2017-02-08,35.57584762573242,42.400001525878906,42.72999954223633,42.27999877929688,42.65999984741211,6731400
2017-02-09,35.69331741333008,42.540000915527344,42.77999877929688,42.31999969482422,42.400001525878906,5138400
2017-02-10,35.86113357543945,42.7400016784668,42.79999923706055,42.47999954223633,42.7400016784668,3692400
2017-02-13,36.26388549804688,43.220001220703125,43.220001220703125,42.86000061035156,43.0,5672400
2017-02-14,36.62466430664063,43.650001525878906,43.72999954223633,42.959999084472656,43.0099983215332,8458800
2017-02-15,36.9183349609375,44.0,44.08000183105469,43.41999816894531,43.5,7946400
2017-02-16,37.08614349365234,44.20000076293945,44.209999084472656,43.7400016784668,44.0,8975500
2017-02-17,37.49726867675781,44.68999862670898,44.70000076293945,44.09000015258789,44.16999816894531,9632000
2017-02-21,37.76577377319336,45.0099983215332,45.150001525878906,44.540000915527344,44.650001525878906,11387800
2017-02-22,37.76577377319336,45.0099983215332,45.11000061035156,44.810001373291016,44.880001068115234,7534600
2017-02-23,38.09301376342773,45.400001525878906,45.5099983215332,44.84999847412109,45.02999877929688,9459400
2017-02-24,38.32794189453125,45.68000030517578,45.68000030517578,45.22999954223633,45.290000915527344,7608600
2017-02-27,38.14333724975586,45.459999084472656,45.560001373291016,45.18999862670898,45.5099983215332,6142600
2017-02-28,37.82451629638672,45.08000183105469,45.43000030517578,44.83000183105469,45.40999984741211,14211400
2017-03-01,38.2524299621582,45.59000015258789,45.70000076293945,45.18999862670898,45.369998931884766,8886300
2017-03-02,38.33632278442383,45.68999862670898,45.84000015258789,45.34999847412109,45.5,11164100
2017-03-03,37.9671516418457,45.25,45.560001373291016,45.11000061035156,45.41999816894531,6789600
2017-03-06,37.8664665222168,45.130001068115234,45.380001068115234,44.86000061035156,44.9900016784668,6001300
2017-03-07,37.75738906860352,45.0,45.15999984741211,44.66999816894531,44.810001373291016,6476300
2017-03-08,38.05944061279297,45.36000061035156,45.459999084472656,44.91999816894531,45.02999877929688,6398500
2017-03-09,38.28598785400391,45.630001068115234,45.7400016784668,45.34999847412109,45.36000061035156,5691000
2017-03-10,38.361515045166016,45.720001220703125,45.84000015258789,45.5099983215332,45.77000045776367,6105900
2017-03-13,38.20207595825195,45.52999877929688,45.77999877929688,45.22999954223633,45.650001525878906,7040500
2017-03-14,37.58956909179688,44.79999923706055,45.25,44.77000045776367,45.18999862670898,7504500
2017-03-15,38.02588653564453,45.31999969482422,45.400001525878906,44.86000061035156,44.959999084472656,6844400
2017-03-16,37.74061965942383,44.97999954223633,45.369998931884766,44.619998931884766,45.16999816894531,6704200
2017-03-17,37.916805267333984,45.18999862670898,45.27000045776367,44.77000045776367,45.09999847412109,12277400
2017-03-20,37.74061965942383,44.97999954223633,45.22999954223633,44.869998931884766,45.18999862670898,3521600
2017-03-21,37.58956909179688,44.79999923706055,45.380001068115234,44.59999847412109,45.150001525878906,5567100
2017-03-22,37.59796905517578,44.810001373291016,45.06999969482422,44.59000015258789,44.93999862670898,5198900
2017-03-23,37.56441116333008,44.77000045776367,44.9900016784668,44.59000015258789,44.709999084472656,3952800
2017-03-24,37.53084564208984,44.72999954223633,45.150001525878906,44.59999847412109,44.7599983215332,4753200
2017-03-27,37.50566864013672,44.70000076293945,44.79999923706055,44.38999938964844,44.52999877929688,6914700
2017-03-28,37.50566864013672,44.70000076293945,44.77999877929688,44.2599983215332,44.7400016784668,5377400
2017-03-29,37.4804916381836,44.66999816894531,44.84000015258789,44.369998931884766,44.66999816894531,4186900
2017-03-30,37.37982177734375,44.54999923706055,44.65999984741211,44.36000061035156,44.630001068115234,4411600
2017-03-31,37.26234436035156,44.40999984741211,44.81999969482422,44.33000183105469,44.33000183105469,7146500
2017-04-03,37.31267166137695,44.470001220703125,44.61000061035156,44.08000183105469,44.41999816894531,7955000
2017-04-04,37.069366455078125,44.18000030517578,44.54999923706055,44.0099983215332,44.52999877929688,5399200
2017-04-05,36.75052261352539,43.79999923706055,44.540000915527344,43.70000076293945,44.16999816894531,7762300
2017-04-06,36.641448974609375,43.66999816894531,43.810001373291016,43.34999847412109,43.810001373291016,6067300
2017-04-07,36.77569580078125,43.83000183105469,43.95000076293945,43.56999969482422,43.619998931884766,5327800
2017-04-10,36.57432556152344,43.59000015258789,43.959999084472656,43.540000915527344,43.83000183105469,4321300
2017-04-11,36.78959274291992,43.58000183105469,43.59999847412109,43.150001525878906,43.220001220703125,4871900
2017-04-12,36.705169677734375,43.47999954223633,43.59000015258789,43.18999862670898,43.31999969482422,4778900
2017-04-13,36.02137756347656,42.66999816894531,42.959999084472656,42.38999938964844,42.400001525878906,11427000
2017-04-17,36.5616569519043,43.310001373291016,43.380001068115234,42.310001373291016,42.66999816894531,8068500
2017-04-18,36.66296005249024,43.43000030517578,43.59000015258789,42.959999084472656,43.09000015258789,10131200
2017-04-19,36.79802322387695,43.59000015258789,44.0,43.119998931884766,43.77999877929688,13454600
2017-04-20,37.12726593017578,43.97999954223633,44.150001525878906,43.52000045776367,43.68999862670898,5871900
2017-04-21,36.74736785888672,43.52999877929688,43.97999954223633,43.43000030517578,43.93999862670898,7519800
2017-04-24,37.25387573242188,44.130001068115234,44.2599983215332,43.84000015258789,44.06999969482422,6727000
2017-04-25,36.9415397644043,43.7599983215332,44.38999938964844,43.7599983215332,44.209999084472656,6793100
2017-04-26,36.97531127929688,43.79999923706055,44.150001525878906,43.709999084472656,43.93000030517578,5591200
2017-04-27,36.84868621826172,43.650001525878906,44.0099983215332,43.59999847412109,43.959999084472656,7487300
2017-04-28,36.84023284912109,43.63999938964844,43.75,43.5,43.66999816894531,6014100
2017-05-01,36.705169677734375,43.47999954223633,43.65999984741211,43.31999969482422,43.56999969482422,5119100
2017-05-02,36.80647277832031,43.59999847412109,43.77000045776367,43.40999984741211,43.65999984741211,6166100
2017-05-03,36.90777969360352,43.720001220703125,43.75,43.4900016784668,43.61000061035156,4579700
2017-05-04,37.6422119140625,44.59000015258789,44.59000015258789,43.720001220703125,43.75,6551400
2017-05-05,37.684417724609375,44.63999938964844,44.68999862670898,44.47999954223633,44.58000183105469,5893200
2017-05-08,37.71818161010742,44.68000030517578,44.900001525878906,44.630001068115234,44.70000076293945,6320100
2017-05-09,37.70975112915039,44.66999816894531,44.77000045776367,44.560001373291016,44.650001525878906,4943100
2017-05-10,37.56623840332031,44.5,44.70000076293945,44.369998931884766,44.70000076293945,5253300
2017-05-11,37.02596282958984,43.86000061035156,44.38999938964844,43.77999877929688,44.38999938964844,7071600
2017-05-12,37.11037063598633,43.959999084472656,44.16999816894531,43.869998931884766,43.900001525878906,5775800
2017-05-15,37.17791748046875,44.040000915527344,44.22999954223633,43.900001525878906,43.91999816894531,4223500
2017-05-16,36.8824462890625,43.68999862670898,44.59000015258789,43.40999984741211,44.59000015258789,7159300
2017-05-17,36.36750411987305,43.08000183105469,43.68999862670898,43.04999923706055,43.68999862670898,5989300
2017-05-18,36.2830810546875,42.97999954223633,43.27999877929688,42.880001068115234,43.16999816894531,5225100
2017-05-19,36.43503189086914,43.15999984741211,43.31999969482422,43.0099983215332,43.150001525878906,5883000
2017-05-22,36.91621398925781,43.72999954223633,43.869998931884766,43.09999847412109,43.27000045776367,5802200
2017-05-23,36.87401580810547,43.68000030517578,44.16999816894531,43.619998931884766,43.709999084472656,4672400
2017-05-24,36.74736785888672,43.52999877929688,43.790000915527344,43.400001525878906,43.790000915527344,4585400
2017-05-25,37.10193634033203,43.95000076293945,44.0,43.43999862670898,43.77999877929688,4473400
2017-05-26,37.74351119995117,44.709999084472656,44.84999847412109,43.83000183105469,43.91999816894531,8624100
2017-05-30,37.98833465576172,45.0,45.09999847412109,44.209999084472656,44.459999084472656,8119700
2017-05-31,38.54548645019531,45.65999984741211,45.75,45.18000030517578,45.20000076293945,10449800
2017-06-01,38.916934967041016,46.09999847412109,46.09999847412109,45.470001220703125,45.52000045776367,7385500
2017-06-02,39.25460815429688,46.5,46.54999923706055,46.150001525878906,46.33000183105469,6885700
2017-06-05,39.35592269897461,46.619998931884766,46.75,46.380001068115234,46.56999969482422,7810600
2017-06-06,39.13640975952149,46.36000061035156,46.70000076293945,46.31999969482422,46.58000183105469,6048300
2017-06-07,39.30526351928711,46.560001373291016,46.59999847412109,46.22999954223633,46.380001068115234,4358400
2017-06-08,39.44032287597656,46.720001220703125,46.97999954223633,45.91999816894531,46.560001373291016,8364400
2017-06-09,39.921512603759766,47.290000915527344,47.310001373291016,46.65999984741211,46.810001373291016,9117300
2017-06-12,39.82020568847656,47.16999816894531,47.720001220703125,47.16999816894531,47.290000915527344,7365500
2017-06-13,40.06502532958984,47.459999084472656,47.66999816894531,47.20000076293945,47.2400016784668,7163700
2017-06-14,40.21697998046875,47.63999938964844,47.869998931884766,47.45000076293945,47.459999084472656,6076900
2017-06-15,40.622188568115234,48.119998931884766,48.34000015258789,47.369998931884766,47.58000183105469,9366700
2017-06-16,40.69816589355469,48.209999084472656,48.380001068115234,47.79999923706055,48.18000030517578,9902200
2017-06-19,41.27220153808594,48.88999938964844,49.16999816894531,48.150001525878906,48.34000015258789,7409500
2017-06-20,41.17090606689453,48.77000045776367,49.29999923706055,48.75,48.88999938964844,8500700
2017-06-21,41.00206756591797,48.56999969482422,48.93000030517578,48.290000915527344,48.790000915527344,8271800
2017-06-22,41.5930061340332,49.27000045776367,49.59000015258789,48.5099983215332,48.59999847412109,8714100
2017-06-23,41.432613372802734,49.08000183105469,49.36000061035156,48.970001220703125,49.18000030517578,9343900
2017-06-26,41.289093017578125,48.90999984741211,49.45000076293945,48.88999938964844,49.209999084472656,5302600
2017-06-27,41.08647918701172,48.66999816894531,49.130001068115234,48.650001525878906,48.95000076293945,3893200
2017-06-28,40.92609405517578,48.47999954223633,49.02000045776367,48.34999847412109,48.93000030517578,8366300
2017-06-29,41.13713073730469,48.72999954223633,49.20000076293945,48.5,48.72999954223633,6048500
2017-06-30,41.03583908081055,48.61000061035156,49.04999923706055,48.61000061035156,48.77999877929688,4723300
2017-07-03,41.1202507019043,48.709999084472656,49.040000915527344,48.65999984741211,48.72999954223633,2454800
2017-07-05,41.36507797241211,49.0,49.09999847412109,48.65999984741211,48.720001220703125,5637200
2017-07-06,40.47023010253906,47.93999862670898,48.86000061035156,47.900001525878906,48.83000183105469,5665300
2017-07-07,40.8923225402832,48.43999862670898,48.47999954223633,47.97999954223633,48.16999816894531,4354300
2017-07-10,40.71504592895508,48.22999954223633,48.52999877929688,48.13999938964844,48.41999816894531,3479900
2017-07-11,40.64751434326172,48.150001525878906,48.43000030517578,48.040000915527344,48.20000076293945,4084400
2017-07-12,41.110130310058594,48.43000030517578,48.68999862670898,48.0,48.16999816894531,3906900
2017-07-13,40.81304931640625,48.08000183105469,48.52999877929688,47.83000183105469,48.43000030517578,7016600
2017-07-14,41.5175895690918,48.90999984741211,49.11000061035156,48.150001525878906,48.20000076293945,4111000
2017-07-17,41.3902702331543,48.7599983215332,49.02999877929688,48.720001220703125,48.90999984741211,3358400
2017-07-18,41.373291015625,48.7400016784668,48.84999847412109,48.27999877929688,48.68999862670898,4163600
2017-07-19,41.95900344848633,49.43000030517578,49.470001220703125,48.7599983215332,48.79999923706055,6485000
2017-07-20,43.16436767578125,50.84999847412109,51.130001068115234,49.34999847412109,49.68000030517578,12331200
2017-07-21,43.155887603759766,50.84000015258789,50.93000030517578,50.4900016784668,50.72999954223633,7980300
2017-07-24,43.12192535400391,50.79999923706055,50.9900016784668,50.470001220703125,50.810001373291016,8584300
2017-07-25,43.147403717041016,50.83000183105469,51.0,50.619998931884766,50.97999954223633,5692800
2017-07-26,42.78240585327149,50.400001525878906,50.810001373291016,50.27000045776367,50.7400016784668,6057100
2017-07-27,42.53621673583984,50.11000061035156,50.36000061035156,49.90999984741211,50.31999969482422,7370900
2017-07-28,42.11180114746094,49.61000061035156,50.20000076293945,49.5099983215332,50.15999984741211,5688300
2017-07-31,41.74679183959961,49.18000030517578,49.84000015258789,49.15999984741211,49.61000061035156,6036200
2017-08-01,41.7213249206543,49.150001525878906,49.310001373291016,48.720001220703125,49.209999084472656,5098000
2017-08-02,41.78922653198242,49.22999954223633,49.2599983215332,48.790000915527344,49.13999938964844,4841500
2017-08-03,41.72980880737305,49.15999984741211,49.290000915527344,48.93000030517578,49.2599983215332,4365700
2017-08-04,41.81468963623047,49.2599983215332,49.36000061035156,49.09000015258789,49.2400016784668,3334700
2017-08-07,41.84864807128906,49.29999923706055,49.380001068115234,49.09999847412109,49.2599983215332,2898300
2017-08-08,41.49211883544922,48.880001068115234,49.2400016784668,48.810001373291016,49.2400016784668,3390700
2017-08-09,41.39875030517578,48.77000045776367,48.869998931884766,48.43000030517578,48.7599983215332,4102900
2017-08-10,40.79607391357422,48.060001373291016,48.84999847412109,48.04999923706055,48.7400016784668,4652200
2017-08-11,41.20351791381836,48.540000915527344,48.77000045776367,48.060001373291016,48.2400016784668,3978900
2017-08-14,41.661903381347656,49.08000183105469,49.25,48.70000076293945,48.7400016784668,3248400
2017-08-15,41.44119644165039,48.81999969482422,49.209999084472656,48.810001373291016,49.060001373291016,2922100
2017-08-16,42.28156280517578,49.810001373291016,49.86000061035156,48.970001220703125,49.040000915527344,6492100
2017-08-17,41.84015655517578,49.290000915527344,50.150001525878906,49.25,49.630001068115234,6633100
2017-08-18,41.373291015625,48.7400016784668,49.16999816894531,48.68000030517578,49.09999847412109,4810800
2017-08-21,41.49211883544922,48.880001068115234,48.9900016784668,48.58000183105469,48.77999877929688,4282000
2017-08-22,42.1966667175293,49.709999084472656,49.84999847412109,48.880001068115234,48.95000076293945,4018800
2017-08-23,42.13726425170898,49.63999938964844,49.7599983215332,49.380001068115234,49.54999923706055,4559000
2017-08-24,41.91655731201172,49.380001068115234,49.84000015258789,49.33000183105469,49.7400016784668,3871800
2017-08-25,41.89109802246094,49.34999847412109,49.79999923706055,49.34999847412109,49.59000015258789,4852400
2017-08-28,42.66354751586914,50.2599983215332,50.34999847412109,49.52000045776367,49.540000915527344,6126900
2017-08-29,42.57016372680664,50.150001525878906,50.27999877929688,49.4900016784668,49.90999984741211,4117300
2017-08-30,42.53621673583984,50.11000061035156,50.209999084472656,49.869998931884766,50.02000045776367,2926200
2017-08-31,43.24076461791992,50.93999862670898,51.04999923706055,50.11000061035156,50.29999923706055,6207800
2017-09-01,43.44450378417969,51.18000030517578,51.40999984741211,50.810001373291016,51.02999877929688,4599400
2017-09-05,43.31718063354492,51.02999877929688,51.18000030517578,50.63999938964844,50.84000015258789,4027200
2017-09-06,43.45298767089844,51.18999862670898,51.41999816894531,51.060001373291016,51.20000076293945,7719500
2017-09-07,43.707645416259766,51.4900016784668,51.619998931884766,51.130001068115234,51.400001525878906,4631700
2017-09-08,44.15753555297852,52.02000045776367,52.150001525878906,51.290000915527344,51.290000915527344,6221800
2017-09-11,44.52254867553711,52.45000076293945,52.59999847412109,52.0099983215332,52.34999847412109,3668800
2017-09-12,44.3527717590332,52.25,52.540000915527344,51.880001068115234,52.4900016784668,3759600
2017-09-13,44.14055633544922,52.0,52.33000183105469,51.88999938964844,52.2400016784668,4214100
2017-09-14,43.87740707397461,51.68999862670898,52.09999847412109,51.56999969482422,51.93000030517578,5568300
2017-09-15,43.93683242797852,51.7599983215332,51.880001068115234,51.4900016784668,51.75,6699700
2017-09-18,44.208473205566406,52.08000183105469,52.09000015258789,51.59999847412109,51.88999938964844,3371000
2017-09-19,43.63973236083984,51.40999984741211,52.2400016784668,51.369998931884766,52.150001525878906,3790900
2017-09-20,44.04719543457031,51.88999938964844,51.91999816894531,51.38999938964844,51.38999938964844,4967000
2017-09-21,43.656715393066406,51.43000030517578,51.97999954223633,51.380001068115234,51.880001068115234,5737600
2017-09-22,44.57348251342773,52.5099983215332,52.58000183105469,51.5,51.5099983215332,7979000
2017-09-25,44.65836715698242,52.61000061035156,52.77999877929688,52.310001373291016,52.459999084472656,9778100
2017-09-26,44.862083435058594,52.84999847412109,53.29999923706055,52.59000015258789,52.619998931884766,6960100
2017-09-27,44.26789855957031,52.150001525878906,53.08000183105469,51.54999923706055,52.84999847412109,8025600
2017-09-28,45.53268814086914,53.63999938964844,54.79999923706055,53.61000061035156,54.75,14861100
2017-09-29,45.295013427734375,53.36000061035156,53.790000915527344,53.290000915527344,53.63999938964844,8459000
2017-10-02,45.56664657592773,53.68000030517578,53.70000076293945,53.20000076293945,53.63999938964844,8681900
2017-10-03,45.62606430053711,53.75,54.0,53.70000076293945,53.75,4464900
2017-10-04,46.12687683105469,54.34000015258789,54.34000015258789,53.61000061035156,53.66999816894531,5629700
2017-10-05,46.61922454833984,54.91999816894531,55.11000061035156,54.34999847412109,54.369998931884766,5143100
2017-10-06,46.68714141845703,55.0,55.060001373291016,54.5099983215332,54.900001525878906,4302100
2017-10-09,46.39851379394531,54.65999984741211,55.04999923706055,54.61000061035156,55.04999923706055,3985600
2017-10-10,47.026668548583984,55.400001525878906,55.43000030517578,54.52999877929688,54.77000045776367,4943100
2017-10-11,46.21176528930664,54.43999862670898,55.34999847412109,54.31999969482422,55.2599983215332,6940000
2017-10-12,46.66812515258789,54.709999084472656,54.72999954223633,54.11000061035156,54.2400016784668,4405000
2017-10-13,46.6169548034668,54.650001525878906,54.790000915527344,54.45000076293945,54.63999938964844,4951800
2017-10-16,46.599891662597656,54.630001068115234,54.90999984741211,54.52000045776367,54.619998931884766,3725500
2017-10-17,46.96668243408203,55.060001373291016,55.22999954223633,54.400001525878906,54.59000015258789,5433000
2017-10-18,47.57231521606445,55.77000045776367,56.59999847412109,54.91999816894531,55.18000030517578,9043700
2017-10-19,47.76852416992188,56.0,56.18000030517578,55.40999984741211,55.900001525878906,4864800
2017-10-20,48.041465759277344,56.31999969482422,56.43999862670898,55.93999862670898,56.16999816894531,5528700
2017-10-23,47.83675765991211,56.08000183105469,56.68999862670898,56.06999969482422,56.209999084472656,4709000
2017-10-24,47.23964309692383,55.380001068115234,56.06999969482422,55.18000030517578,56.0,7201000
2017-10-25,47.33347702026367,55.4900016784668,55.880001068115234,55.18999862670898,55.380001068115234,6113200
2017-10-26,47.32494735717773,55.47999954223633,55.68999862670898,55.08000183105469,55.34000015258789,5032600
2017-10-27,47.23111343383789,55.369998931884766,55.619998931884766,55.18000030517578,55.4900016784668,4724300
2017-10-30,46.309871673583984,54.290000915527344,55.310001373291016,54.060001373291016,55.18000030517578,7542500
2017-10-31,46.258697509765625,54.22999954223633,54.540000915527344,54.02999877929688,54.47999954223633,7676200
2017-11-01,46.06248474121094,54.0,54.56999969482422,53.61000061035156,53.88999938964844,7641900
2017-11-02,46.37810516357422,54.369998931884766,54.650001525878906,53.959999084472656,54.04999923706055,6953200
2017-11-03,47.31641006469727,55.470001220703125,55.5,54.470001220703125,54.56999969482422,4567100
2017-11-06,46.92402648925781,55.0099983215332,55.400001525878906,55.0099983215332,55.31999969482422,3133500
2017-11-07,47.05199432373047,55.15999984741211,55.2599983215332,54.66999816894531,55.150001525878906,4844000
2017-11-08,47.12875747680664,55.25,55.34999847412109,54.720001220703125,54.97999954223633,3712600
2017-11-09,47.29935073852539,55.45000076293945,55.5,54.90999984741211,55.060001373291016,3644000
2017-11-10,46.74488830566406,54.79999923706055,55.31999969482422,54.369998931884766,55.22999954223633,5032600
2017-11-13,47.17140197753906,55.29999923706055,55.369998931884766,54.560001373291016,54.68999862670898,3854500
2017-11-14,46.92402648925781,55.0099983215332,55.209999084472656,54.7599983215332,55.04999923706055,6180400
2017-11-15,46.77050018310547,54.83000183105469,55.08000183105469,54.540000915527344,54.77999877929688,4999800
2017-11-16,47.376121520996094,55.540000915527344,55.84000015258789,54.86000061035156,55.11000061035156,6866900
2017-11-17,47.393192291259766,55.560001373291016,55.709999084472656,55.220001220703125,55.290000915527344,6284200
2017-11-20,47.16286849975586,55.290000915527344,55.68000030517578,55.130001068115234,55.65999984741211,3699400
2017-11-21,47.87087631225586,56.119998931884766,56.31999969482422,55.43999862670898,55.45000076293945,4613000
2017-11-22,47.59790802001953,55.79999923706055,56.150001525878906,55.56999969482422,56.02999877929688,3552100
2017-11-24,47.87939453125,56.130001068115234,56.18999862670898,55.7400016784668,55.84999847412109,2148300
2017-11-27,47.89646911621094,56.150001525878906,56.52000045776367,56.0099983215332,56.16999816894531,4518300
2017-11-28,47.78556442260742,56.02000045776367,56.29999923706055,55.58000183105469,56.29999923706055,6841700
2017-11-29,47.41024017333984,55.58000183105469,56.29999923706055,55.380001068115234,56.09000015258789,7277900
2017-11-30,48.08412170410156,56.369998931884766,56.459999084472656,55.310001373291016,55.66999816894531,10086300
2017-12-01,47.7514533996582,55.97999954223633,56.68000030517578,55.27000045776367,56.29999923706055,5322300
2017-12-04,46.66812515258789,54.709999084472656,56.20000076293945,54.68999862670898,56.13999938964844,4589100
2017-12-05,46.73637771606445,54.790000915527344,55.31999969482422,54.34000015258789,54.63999938964844,4321100
2017-12-06,46.6254768371582,54.65999984741211,55.11000061035156,54.31999969482422,54.88999938964844,7828600
2017-12-07,46.65105819702149,54.68999862670898,54.93999862670898,54.34999847412109,54.7599983215332,4421900
2017-12-08,46.60842514038086,54.63999938964844,54.84999847412109,54.33000183105469,54.65999984741211,5103900
2017-12-11,46.86432266235352,54.93999862670898,55.119998931884766,54.47999954223633,54.77000045776367,4273000
2017-12-12,47.51260757446289,55.70000076293945,55.869998931884766,55.15999984741211,55.45000076293945,9860700
2017-12-13,46.96668243408203,55.060001373291016,55.7599983215332,54.79999923706055,55.66999816894531,9962300
2017-12-14,46.6851921081543,54.72999954223633,55.220001220703125,54.630001068115234,55.04999923706055,5935200
2017-12-15,47.34200286865234,55.5,55.560001373291016,54.84000015258789,55.02999877929688,14655500
2017-12-18,48.10971832275391,56.400001525878906,56.52000045776367,55.41999816894531,55.52000045776367,6053900
2017-12-19,48.45092391967773,56.79999923706055,56.95000076293945,56.45000076293945,56.5099983215332,7116800
2017-12-20,48.63857269287109,57.02000045776367,57.29999923706055,56.400001525878906,56.7400016784668,11948400
2017-12-21,48.56180191040039,56.93000030517578,57.27000045776367,56.7400016784668,57.13999938964844,6154700
2017-12-22,48.56180191040039,56.93000030517578,57.31999969482422,56.7599983215332,56.93999862670898,5449300
2017-12-26,48.62150955200195,57.0,57.25,56.900001525878906,57.0099983215332,3187900
2017-12-27,49.022438049316406,57.470001220703125,57.59999847412109,57.04999923706055,57.09000015258789,5243900
2017-12-28,49.01390075683594,57.459999084472656,57.68999862670898,57.369998931884766,57.43999862670898,3387100
2017-12-29,48.68122100830078,57.06999969482422,57.77000045776367,57.06999969482422,57.59999847412109,3995200
2018-01-02,50.14840698242188,58.790000915527344,59.20000076293945,57.81999969482422,58.20000076293945,10112800
2018-01-03,50.25929260253906,58.91999816894531,59.02000045776367,58.310001373291016,58.9900016784668,5683700
2018-01-04,50.17399978637695,58.81999969482422,59.59999847412109,58.7599983215332,59.5,6240000
2018-01-05,50.31900405883789,58.9900016784668,59.09000015258789,58.63999938964844,59.040000915527344,5836900
2018-01-08,50.17399978637695,58.81999969482422,58.97999954223633,58.52999877929688,58.84999847412109,5411500
2018-01-09,50.25929260253906,58.91999816894531,59.09999847412109,58.380001068115234,59.09999847412109,7466900
2018-01-10,50.18252944946289,58.83000183105469,58.90999984741211,58.290000915527344,58.75,4340800
2018-01-11,50.525367736816406,58.95000076293945,58.959999084472656,58.290000915527344,58.650001525878906,4240900
2018-01-12,50.43109130859375,58.84000015258789,59.2400016784668,58.790000915527344,58.959999084472656,6320900
2018-01-16,50.08824157714844,58.43999862670898,59.13999938964844,58.22999954223633,58.88999938964844,7175000
2018-01-17,50.55964660644531,58.9900016784668,59.09999847412109,58.630001068115234,58.7599983215332,5037500
2018-01-18,50.62820053100586,59.06999969482422,59.27000045776367,58.52999877929688,58.77999877929688,5658600
2018-01-19,50.83391189575195,59.310001373291016,59.68000030517578,58.959999084472656,59.22999954223633,7362300
2018-01-22,51.05674743652344,59.56999969482422,59.56999969482422,58.45000076293945,58.880001068115234,6841900
2018-01-23,50.76535034179688,59.22999954223633,59.56999969482422,58.97999954223633,59.52000045776367,8122100
2018-01-24,52.89949417114258,61.720001220703125,64.16000366210938,60.7400016784668,61.0,11704900
2018-01-25,54.18513488769531,63.220001220703125,64.5999984741211,62.31999969482422,63.18000030517578,15261900
2018-01-26,54.35654067993164,63.41999816894531,63.43999862670898,62.66999816894531,63.150001525878906,10242800
2018-01-29,54.26227188110352,63.310001373291016,63.470001220703125,62.84999847412109,63.09000015258789,8638500
2018-01-30,53.5166015625,62.43999862670898,63.119998931884766,62.290000915527344,62.43999862670898,6497600
2018-01-31,53.276615142822266,62.15999984741211,62.7599983215332,61.84999847412109,62.65999984741211,7804400
2018-02-01,53.29376602172852,62.18000030517578,62.540000915527344,61.65999984741211,61.75,8101600
2018-02-02,52.873779296875,61.68999862670898,62.41999816894531,61.63999938964844,62.20000076293945,12346500
2018-02-05,50.33679962158203,58.72999954223633,61.869998931884766,58.54999923706055,61.59999847412109,11548200
2018-02-06,50.44822311401367,58.86000061035156,59.2599983215332,57.33000183105469,57.91999816894531,15214700
2018-02-07,50.28538131713867,58.66999816894531,59.84999847412109,58.5,58.59999847412109,6872700
2018-02-08,48.22836685180664,56.27000045776367,58.83000183105469,56.220001220703125,58.77000045776367,6874500
2018-02-09,48.999755859375,57.16999816894531,57.68999862670898,55.58000183105469,56.630001068115234,8028400
2018-02-12,49.20545196533203,57.40999984741211,57.97999954223633,56.880001068115234,57.70000076293945,8234200
2018-02-13,49.40258407592773,57.63999938964844,57.790000915527344,56.810001373291016,57.13999938964844,5816600
2018-02-14,49.95111846923828,58.27999877929688,58.400001525878906,57.150001525878906,57.31999969482422,3728900
2018-02-15,50.996768951416016,59.5,59.5099983215332,58.33000183105469,58.720001220703125,3871900
2018-02-16,51.57101058959961,60.16999816894531,60.540000915527344,59.33000183105469,59.43999862670898,7849200
2018-02-20,50.67106628417969,59.119998931884766,59.869998931884766,58.84000015258789,59.68000030517578,8182500
2018-02-21,50.55964660644531,58.9900016784668,59.9900016784668,58.81999969482422,59.06999969482422,4793800
2018-02-22,50.55964660644531,58.9900016784668,59.400001525878906,58.79999923706055,59.209999084472656,5539900
2018-02-23,51.17675018310547,59.709999084472656,59.7400016784668,58.97999954223633,59.220001220703125,5190400
2018-02-26,51.87955856323242,60.52999877929688,60.59000015258789,59.72999954223633,59.86000061035156,5364200
2018-02-27,51.896705627441406,60.54999923706055,61.2400016784668,60.38999938964844,60.75,6747700
2018-02-28,51.708152770996094,60.33000183105469,61.119998931884766,60.18000030517578,60.66999816894531,8325700
2018-03-01,50.38822555541992,58.790000915527344,60.18000030517578,58.52999877929688,60.15999984741211,9711900
2018-03-02,50.96247863769531,59.459999084472656,59.52999877929688,58.43000030517578,58.47999954223633,7979200
2018-03-05,51.742431640625,60.369998931884766,60.630001068115234,58.900001525878906,58.90999984741211,9000400
2018-03-06,52.17954254150391,60.880001068115234,61.02000045776367,60.11000061035156,60.59000015258789,6620000
2018-03-07,52.53095626831055,61.290000915527344,61.41999816894531,60.18999862670898,60.27000045776367,7726500
2018-03-08,53.0280647277832,61.869998931884766,61.95000076293945,61.29999923706055,61.34000015258789,5245800
2018-03-09,54.51081848144531,63.59999847412109,63.70000076293945,62.02000045776367,62.04999923706055,8184400
2018-03-12,54.5279655456543,63.619998931884766,63.95000076293945,63.41999816894531,63.59000015258789,8858500
2018-03-13,54.16798400878906,63.20000076293945,63.95000076293945,63.0099983215332,63.88999938964844,6428500
2018-03-14,53.87657928466797,62.86000061035156,63.619998931884766,62.72999954223633,63.41999816894531,5162100
2018-03-15,53.645164489746094,62.59000015258789,63.130001068115234,62.52000045776367,63.04999923706055,3364900
2018-03-16,54.15084838867188,63.18000030517578,63.31999969482422,62.709999084472656,62.77999877929688,11840900
2018-03-19,53.3623275756836,62.2599983215332,63.2400016784668,61.68999862670898,63.130001068115234,5286200
2018-03-20,53.69659423828125,62.650001525878906,62.7599983215332,62.150001525878906,62.47999954223633,3943000
2018-03-21,53.49945068359375,62.41999816894531,63.06999969482422,62.34000015258789,62.75,3478300
2018-03-22,52.2224006652832,60.93000030517578,62.09999847412109,60.84999847412109,61.81999969482422,5345300
2018-03-23,50.996768951416016,59.5,61.09999847412109,59.36000061035156,61.02999877929688,6000800
2018-03-26,52.34238815307617,61.06999969482422,61.150001525878906,59.68000030517578,60.27999877929688,5694700
2018-03-27,51.66529846191406,60.27999877929688,61.619998931884766,59.9900016784668,61.27000045776367,6365300
2018-03-28,50.76535034179688,59.22999954223633,60.709999084472656,59.18000030517578,60.52999877929688,8128800
2018-03-29,51.35673522949219,59.91999816894531,60.380001068115234,59.29999923706055,59.56999969482422,6656600
2018-04-02,49.891109466552734,58.209999084472656,60.09000015258789,57.630001068115234,59.81999969482422,6686500
2018-04-03,50.56821441650391,59.0,59.06999969482422,58.0,58.400001525878906,6113500
2018-04-04,50.96247863769531,59.459999084472656,59.61000061035156,57.45000076293945,58.34000015258789,7405200
2018-04-05,51.30531692504883,59.86000061035156,60.150001525878906,59.54999923706055,59.900001525878906,6644500
2018-04-06,49.34257507324219,57.56999969482422,59.59999847412109,56.9900016784668,59.43999862670898,7447100
2018-04-09,49.899696350097656,58.220001220703125,59.11000061035156,57.45000076293945,57.86000061035156,5712300
2018-04-10,50.68821716308594,59.13999938964844,59.61000061035156,58.709999084472656,59.02000045776367,5178400
2018-04-11,50.09682846069336,58.45000076293945,59.04999923706055,58.209999084472656,58.63999938964844,4044900
2018-04-12,50.66522216796875,58.83000183105469,59.18000030517578,58.459999084472656,58.5,4572300
2018-04-13,50.372406005859375,58.4900016784668,59.380001068115234,58.470001220703125,59.18000030517578,8223700
2018-04-16,51.04415512084961,59.27000045776367,59.52999877929688,58.91999816894531,59.0,6807500
2018-04-17,51.50060272216797,59.79999923706055,59.959999084472656,59.04999923706055,59.650001525878906,5604600
2018-04-18,51.25946044921875,59.52000045776367,59.619998931884766,57.45000076293945,59.0,12648500
2018-04-19,51.56949996948242,59.880001068115234,60.02999877929688,59.20000076293945,59.52000045776367,7675500
2018-04-20,50.97525787353516,59.18999862670898,59.95000076293945,58.81999969482422,59.84999847412109,5867500
2018-04-23,50.67383193969727,58.84000015258789,59.459999084472656,58.59000015258789,59.27999877929688,4516100
2018-04-24,50.21738052368164,58.310001373291016,59.16999816894531,57.66999816894531,59.09000015258789,7480300
2018-04-25,50.51020812988281,58.650001525878906,58.66999816894531,57.70000076293945,58.040000915527344,5910000
2018-04-26,51.24222946166992,59.5,59.52000045776367,58.5,58.68999862670898,7372800
2018-04-27,51.29391098022461,59.560001373291016,59.68999862670898,59.13999938964844,59.4900016784668,4135400
2018-04-30,50.0623779296875,58.130001068115234,59.79999923706055,58.09999847412109,59.7599983215332,6096100
2018-05-01,50.65660858154297,58.81999969482422,58.869998931884766,57.54999923706055,57.70000076293945,6406400
2018-05-02,49.82122421264648,57.84999847412109,58.560001373291016,57.66999816894531,58.4900016784668,4519900
2018-05-03,49.8901252746582,57.93000030517578,57.93999862670898,56.810001373291016,57.790000915527344,5641000
2018-05-04,50.58772659301758,58.7400016784668,59.08000183105469,57.47999954223633,57.63999938964844,5833200
2018-05-07,51.087215423583984,59.31999969482422,59.7599983215332,58.93999862670898,58.9900016784668,5656100
2018-05-08,50.56187057495117,58.709999084472656,59.130001068115234,58.2400016784668,59.119998931884766,6778500
2018-05-09,51.1561164855957,59.400001525878906,59.58000183105469,58.41999816894531,58.810001373291016,4103400
2018-05-10,52.15513610839844,60.560001373291016,60.61000061035156,59.36000061035156,59.630001068115234,4791100
2018-05-11,52.75798034667969,61.2599983215332,61.29999923706055,60.220001220703125,60.220001220703125,5768100
2018-05-14,53.4124870300293,62.02000045776367,62.16999816894531,61.38999938964844,61.5,7705700
2018-05-15,52.13789749145508,60.540000915527344,61.58000183105469,60.31999969482422,61.43999862670898,5333500
2018-05-16,52.33597946166992,60.77000045776367,61.150001525878906,60.400001525878906,60.56999969482422,3588600
2018-05-17,52.58573532104492,61.060001373291016,61.15999984741211,60.369998931884766,60.79999923706055,4157900
2018-05-18,53.14552307128906,61.709999084472656,61.869998931884766,60.93999862670898,61.02000045776367,6357700
2018-05-21,53.48999786376953,62.11000061035156,62.4900016784668,61.790000915527344,62.0,4610100
2018-05-22,52.86992645263672,61.38999938964844,62.290000915527344,60.959999084472656,62.09999847412109,6802200
2018-05-23,53.25747680664063,61.84000015258789,61.970001220703125,61.220001220703125,61.220001220703125,4318000
2018-05-24,53.83448791503906,62.5099983215332,62.720001220703125,61.88999938964844,61.88999938964844,5783900
2018-05-25,53.71391677856445,62.369998931884766,62.58000183105469,62.060001373291016,62.4900016784668,3839100
2018-05-29,52.79242706298828,61.29999923706055,61.869998931884766,60.84999847412109,61.58000183105469,4967400
2018-05-30,53.455543518066406,62.06999969482422,62.650001525878906,61.43999862670898,61.77999877929688,5954100
2018-05-31,52.99049377441406,61.52999877929688,62.22999954223633,61.5099983215332,61.900001525878906,6322200
2018-06-01,53.74837112426758,62.40999984741211,62.4900016784668,61.84999847412109,61.959999084472656,3595800
2018-06-04,54.2736930847168,63.02000045776367,63.11000061035156,62.27999877929688,62.31999969482422,4063300
2018-06-05,54.282325744628906,63.02999877929688,63.29999923706055,62.61000061035156,63.09000015258789,4469400
2018-06-06,54.72154235839844,63.540000915527344,63.54999923706055,62.77999877929688,63.11000061035156,4064400
2018-06-07,54.411502838134766,63.18000030517578,63.84999847412109,62.869998931884766,63.560001373291016,3834300
2018-06-08,54.489017486572266,63.27000045776367,63.40999984741211,62.84000015258789,63.0099983215332,4674900
2018-06-11,54.36843490600586,63.130001068115234,63.47999954223633,62.900001525878906,63.27999877929688,5339300
2018-06-12,54.187591552734375,62.91999816894531,63.41999816894531,62.61000061035156,63.27000045776367,4869100
2018-06-13,53.93783187866211,62.630001068115234,63.16999816894531,62.470001220703125,63.060001373291016,6189100
2018-06-14,54.2220344543457,62.959999084472656,63.22999954223633,62.7400016784668,62.86000061035156,3980800
2018-06-15,54.17898178100586,62.90999984741211,63.08000183105469,62.2599983215332,62.86000061035156,11859400
2018-06-18,54.10146713256836,62.81999969482422,62.869998931884766,62.27999877929688,62.59000015258789,3672700
2018-06-19,53.688087463378906,62.34000015258789,62.40999984741211,61.91999816894531,62.2400016784668,5302300
2018-06-20,53.515846252441406,62.13999938964844,62.5,62.040000915527344,62.209999084472656,5121300
2018-06-21,53.17997360229492,61.75,62.09999847412109,61.45000076293945,61.970001220703125,4065600
2018-06-22,53.34358978271485,61.93999862670898,62.38999938964844,61.65999984741211,62.22999954223633,4389700
2018-06-25,52.33597946166992,60.77000045776367,61.77000045776367,60.31999969482422,61.70000076293945,6012600
2018-06-26,52.37043762207031,60.810001373291016,61.09000015258789,60.4900016784668,60.63999938964844,4303800
2018-06-27,52.094844818115234,60.4900016784668,62.13999938964844,60.4900016784668,61.209999084472656,6665200
2018-06-28,52.76657485961914,61.27000045776367,61.47999954223633,60.459999084472656,60.459999084472656,4237200
2018-06-29,52.52544784545898,60.9900016784668,61.869998931884766,60.91999816894531,61.4900016784668,5807300
2018-07-02,52.53404998779297,61.0,61.02000045776367,60.31999969482422,60.630001068115234,4365200
2018-07-03,52.37043762207031,60.810001373291016,61.22999954223633,60.630001068115234,60.970001220703125,2245200
2018-07-05,52.81826400756836,61.33000183105469,61.40999984741211,60.7599983215332,61.18999862670898,4065200
2018-07-06,53.5330696105957,62.15999984741211,62.400001525878906,61.2599983215332,61.56999969482422,3647900
2018-07-09,53.774192810058594,62.43999862670898,62.630001068115234,62.13999938964844,62.22999954223633,3654900
2018-07-10,54.09284973144531,62.810001373291016,63.119998931884766,62.470001220703125,62.560001373291016,3963600
2018-07-11,53.88616561889648,62.56999969482422,62.880001068115234,62.33000183105469,62.560001373291016,3414100
2018-07-12,54.27544403076172,62.7400016784668,62.79999923706055,62.380001068115234,62.5,3736500
2018-07-13,54.55228042602539,63.060001373291016,63.43999862670898,62.720001220703125,62.75,5326800
2018-07-16,53.44497680664063,61.77999877929688,63.0,61.709999084472656,62.95000076293945,5764400
2018-07-17,54.32735443115234,62.79999923706055,63.2599983215332,61.54999923706055,61.84000015258789,7946200
2018-07-18,56.01427459716797,64.75,65.5,64.19999694824219,64.30999755859375,10650600
2018-07-19,55.17514419555664,63.77999877929688,64.97000122070312,63.5099983215332,64.68000030517578,6761100
2018-07-20,54.77719497680664,63.31999969482422,64.04000091552734,63.27999877929688,63.61000061035156,5763700
2018-07-23,54.67339706420898,63.20000076293945,63.290000915527344,62.869998931884766,63.2599983215332,4790900
2018-07-24,55.71149444580078,64.4000015258789,64.61000061035156,63.41999816894531,63.54999923706055,6545400
2018-07-25,56.42951583862305,65.2300033569336,65.36000061035156,64.12000274658203,64.16000366210938,5863900
2018-07-26,56.80152130126953,65.66000366210938,65.9000015258789,64.87000274658203,65.36000061035156,5517000
2018-07-27,56.45547103881836,65.26000213623047,65.80000305175781,64.95999908447266,65.51000213623047,4299000
2018-07-30,56.37761306762695,65.16999816894531,65.51000213623047,64.97000122070312,64.97000122070312,5108300
2018-07-31,56.69770431518555,65.54000091552734,65.7699966430664,65.26000213623047,65.37000274658203,5399400
2018-08-01,56.040225982666016,64.77999877929688,65.75,64.70999908447266,65.3499984741211,4162900
2018-08-02,55.86721420288086,64.58000183105469,64.77999877929688,63.90999984741211,64.5,4706200
2018-08-03,56.42951583862305,65.2300033569336,65.23999786376953,64.44000244140625,64.7699966430664,3945000
2018-08-06,56.43817901611328,65.23999786376953,65.5,64.95999908447266,65.08999633789062,3690700
2018-08-07,56.005619049072266,64.73999786376953,65.31999969482422,64.7300033569336,65.18000030517578,3329000
2018-08-08,56.09212493896485,64.83999633789062,65.30999755859375,64.55999755859375,64.73999786376953,4103100
2018-08-09,55.91911315917969,64.63999938964844,65.06999969482422,64.58000183105469,64.79000091552734,2578500
2018-08-10,55.39141082763672,64.02999877929688,64.5999984741211,63.869998931884766,64.44000244140625,3841200
2018-08-13,54.87236404418945,63.43000030517578,64.31999969482422,63.36000061035156,64.0199966430664,4407400
2018-08-14,55.045372009277344,63.630001068115234,63.91999816894531,63.38999938964844,63.45000076293945,3246400
2018-08-15,54.9069709777832,63.470001220703125,63.560001373291016,63.06999969482422,63.45000076293945,3724900
2018-08-16,55.50387954711914,64.16000366210938,64.33999633789062,63.59999847412109,63.790000915527344,3714900
2018-08-17,55.98832321166992,64.72000122070312,64.91999816894531,64.02999877929688,64.23999786376953,4768200
2018-08-20,55.91911315917969,64.63999938964844,65.12999725341797,64.37999725341797,65.0,5075400
2018-08-21,56.01427459716797,64.75,65.06999969482422,64.5,64.91000366210938,4045500
2018-08-22,56.81015396118164,65.66999816894531,65.81999969482422,64.4800033569336,64.51000213623047,5203300
2018-08-23,56.94856643676758,65.83000183105469,66.16999816894531,65.63999938964844,65.66999816894531,4428500
2018-08-24,57.18213272094727,66.0999984741211,66.26000213623047,65.79000091552734,65.9000015258789,3831200
2018-08-27,57.822296142578125,66.83999633789062,66.88999938964844,66.33000183105469,66.44999694824219,3498900
2018-08-28,57.77904510498047,66.79000091552734,67.11000061035156,66.66999816894531,67.02999877929688,4089300
2018-08-29,58.07317352294922,67.12999725341797,67.36000061035156,66.62999725341797,66.72000122070312,4446000
2018-08-30,57.97802734375,67.0199966430664,67.30999755859375,66.75,66.94000244140625,4140500
2018-08-31,57.822296142578125,66.83999633789062,67.23999786376953,66.58999633789062,66.95999908447266,5893900
2018-09-04,58.055885314941406,67.11000061035156,67.11000061035156,66.56999969482422,66.73999786376953,4898900
2018-09-05,57.09563446044922,66.0,66.95999908447266,65.54000091552734,66.95999908447266,6545100
2018-09-06,56.94856643676758,65.83000183105469,66.19999694824219,65.22000122070312,66.01000213623047,7269700
2018-09-07,57.277286529541016,66.20999908447266,66.45999908447266,65.69000244140625,65.79000091552734,4060700
2018-09-10,57.571434020996094,66.55000305175781,66.93000030517578,66.44000244140625,66.44999694824219,3483300
2018-09-11,57.61468505859375,66.5999984741211,66.81999969482422,66.11000061035156,66.37999725341797,3185100
2018-09-12,57.93476867675781,66.97000122070312,67.12000274658203,66.5999984741211,66.5999984741211,3233600
2018-09-13,59.25833511352539,68.5,68.54000091552734,67.1500015258789,67.2300033569336,6052400
2018-09-14,59.18913650512695,68.41999816894531,68.81999969482422,68.36000061035156,68.51000213623047,4217000
2018-09-17,58.540313720703125,67.66999816894531,68.41999816894531,67.51000213623047,68.41999816894531,4255500
2018-09-18,59.18048858642578,68.41000366210938,68.56999969482422,67.76000213623047,67.76000213623047,5018000
2018-09-19,59.25833511352539,68.5,68.95999908447266,68.38999938964844,68.5199966430664,3424200
2018-09-20,59.50922393798828,68.79000091552734,69.01000213623047,68.4000015258789,68.62999725341797,5036700
2018-09-21,59.734130859375,69.05000305175781,69.25,68.87999725341797,68.9000015258789,9331100
2018-09-24,61.80169296264648,71.44000244140625,71.68000030517578,70.31999969482422,70.79000091552734,10111900
2018-09-25,62.45915222167969,72.19999694824219,72.2300033569336,71.41000366210938,71.73999786376953,8257300
2018-09-26,63.01279067993164,72.83999633789062,73.29000091552734,71.9800033569336,72.05999755859375,8854900
2018-09-27,63.16850662231445,73.0199966430664,73.18000030517578,72.69000244140625,73.0199966430664,5493900
2018-09-28,63.462669372558594,73.36000061035156,73.58000183105469,72.7699966430664,72.77999877929688,6572100
2018-10-01,64.12013244628906,74.12000274658203,74.1500015258789,73.54000091552734,73.80999755859375,7208800
2018-10-02,63.851932525634766,73.80999755859375,74.05000305175781,73.41999816894531,74.0,6251200
2018-10-03,62.32073211669922,72.04000091552734,73.9000015258789,71.9000015258789,73.80999755859375,7477900
2018-10-04,62.130409240722656,71.81999969482422,71.87000274658203,71.06999969482422,71.7699966430664,6166700
2018-10-05,61.92280960083008,71.58000183105469,72.45999908447266,71.05000305175781,71.81999969482422,5426200
2018-10-08,61.80169296264648,71.44000244140625,72.38999938964844,70.5999984741211,71.58000183105469,5520500
2018-10-09,61.67193984985352,71.29000091552734,71.58999633789062,70.87000274658203,71.23999786376953,4812300
2018-10-10,59.62168884277344,68.91999816894531,71.20999908447266,68.77999877929688,71.05000305175781,10559200
2018-10-11,59.154541015625,68.37999725341797,69.47000122070312,67.6500015258789,68.91999816894531,11932300
2018-10-12,60.222957611083984,69.33000183105469,69.9800033569336,68.5999984741211,69.37000274658203,10431300
2018-10-15,59.67572021484375,68.69999694824219,69.37999725341797,68.22000122070312,69.33999633789062,6674700
2018-10-16,61.63017654418945,70.94999694824219,71.18000030517578,69.30000305175781,69.55000305175781,7638700
2018-10-17,61.00474166870117,70.2300033569336,70.69000244140625,69.16999816894531,70.4000015258789,11014700
2018-10-18,59.18928527832031,68.13999938964844,69.72000122070312,67.47000122070312,69.58000183105469,10959400
2018-10-19,58.711517333984375,67.58999633789062,68.6500015258789,67.2300033569336,68.12999725341797,7351600
2018-10-22,59.51935195922852,68.5199966430664,68.8499984741211,67.3499984741211,67.73999786376953,6924900
2018-10-23,59.562782287597656,68.56999969482422,69.04000091552734,66.98999786376953,67.58000183105469,7446400
2018-10-24,58.14690780639648,66.94000244140625,69.19999694824219,66.81999969482422,68.7300033569336,8126500
2018-10-25,58.781005859375,67.66999816894531,68.33000183105469,66.33999633789062,67.19999694824219,9062300
2018-10-26,58.19034576416016,66.98999786376953,67.69000244140625,65.77999877929688,66.75,8379000
2018-10-29,58.46830368041992,67.30999755859375,68.37000274658203,66.38999938964844,68.0,7530600
2018-10-30,59.06767654418945,68.0,68.33999633789062,67.22000122070312,67.7699966430664,7994400
2018-10-31,59.88419342041016,68.94000244140625,69.91000366210938,68.5199966430664,68.69999694824219,7795000
2018-11-01,60.935245513916016,70.1500015258789,70.3499984741211,68.73999786376953,69.08999633789062,6250800
2018-11-02,60.97001647949219,70.19000244140625,71.37999725341797,69.58999633789062,70.75,5314600
2018-11-05,61.14371871948242,70.38999938964844,71.0,69.98999786376953,70.4800033569336,8558700
2018-11-06,61.638858795166016,70.95999908447266,71.0,70.22000122070312,70.33000183105469,3676400
2018-11-07,62.97656631469727,72.5,72.61000061035156,71.58000183105469,71.69000244140625,6404500
2018-11-08,63.37613296508789,72.95999908447266,73.08000183105469,71.94999694824219,72.0,4676100
2018-11-09,63.22848510742188,72.79000091552734,73.05999755859375,72.0999984741211,72.87999725341797,4247600
2018-11-12,61.29138946533203,70.55999755859375,72.9000015258789,70.4000015258789,72.7300033569336,6272700
2018-11-13,60.36195373535156,69.48999786376953,71.18000030517578,69.25,70.87000274658203,6570300
2018-11-14,60.29245376586914,69.41000366210938,70.47000122070312,68.95999908447266,70.0999984741211,5400800
2018-11-15,61.4390754699707,70.7300033569336,70.75,67.94000244140625,68.93000030517578,6849000
2018-11-16,62.57698059082031,72.04000091552734,72.33000183105469,70.36000061035156,70.4800033569336,9860800
2018-11-19,61.27400588989258,70.54000091552734,72.41000366210938,70.27999877929688,72.0,7224400
2018-11-20,59.98842239379883,69.05999755859375,70.75,68.86000061035156,70.38999938964844,8222500
2018-11-21,59.52806091308594,68.52999877929688,69.72000122070312,68.25,69.3499984741211,5789400
2018-11-23,59.16322326660156,68.11000061035156,68.68000030517578,67.83000183105469,67.94000244140625,3262200
2018-11-26,59.771270751953125,68.80999755859375,69.2699966430664,68.44999694824219,68.7300033569336,6129400
2018-11-27,60.55304718017578,69.70999908447266,69.75,68.37999725341797,68.70999908447266,6759000
2018-11-28,63.26321792602539,72.83000183105469,72.83999633789062,70.0999984741211,70.0999984741211,7915900
2018-11-29,63.6367301940918,73.26000213623047,73.69999694824219,72.37000274658203,72.43000030517578,6447700
2018-11-30,64.3229751586914,74.05000305175781,74.2300033569336,73.06999969482422,73.93000030517578,8030500
2018-12-03,64.5140609741211,74.2699966430664,74.91999816894531,73.55999755859375,74.29000091552734,6430400
2018-12-04,62.10792541503906,71.5,74.25,71.43000030517578,74.23999786376953,7620100
2018-12-06,62.142669677734375,71.54000091552734,71.54000091552734,69.91999816894531,70.58999633789062,10269100
2018-12-07,60.76150131225586,69.94999694824219,71.83000183105469,69.19000244140625,71.75,7945500
2018-12-10,61.60410690307617,70.91999816894531,71.30000305175781,68.79000091552734,70.04000091552734,5828600
2018-12-11,62.403263092041016,71.83999633789062,72.54000091552734,71.30000305175781,71.66000366210938,7567000
2018-12-12,63.00262069702149,72.52999877929688,73.86000061035156,72.48999786376953,72.80999755859375,6883600
2018-12-13,62.6986083984375,72.18000030517578,73.13999938964844,71.58000183105469,72.70999908447266,6264900
2018-12-14,61.46512985229492,70.76000213623047,71.5,70.37000274658203,71.31999969482422,5670300
2018-12-17,60.58779144287109,69.75,70.86000061035156,69.16000366210938,70.37999725341797,7257500
2018-12-18,60.87443542480469,70.08000183105469,70.9000015258789,69.30999755859375,70.8499984741211,8392400
2018-12-19,59.936309814453125,69.0,71.47000122070312,68.19000244140625,70.33999633789062,7339700
2018-12-20,59.397762298583984,68.37999725341797,68.9000015258789,66.98999786376953,68.33999633789062,11689700
2018-12-21,58.433555603027344,67.2699966430664,69.12999725341797,67.0199966430664,68.06999969482422,14240800
2018-12-24,56.94817733764648,65.55999755859375,67.05000305175781,65.44000244140625,66.81999969482422,4026200
2018-12-26,60.47486877441406,69.62000274658203,69.63999938964844,65.9000015258789,65.9000015258789,7576500
2018-12-27,61.3521842956543,70.62999725341797,70.62999725341797,67.79000091552734,68.41000366210938,6713000
2018-12-28,61.75175476074219,71.08999633789062,72.05000305175781,70.30000305175781,71.05000305175781,6209600
2018-12-31,62.82889175415039,72.33000183105469,72.76000213623047,71.4800033569336,71.56999969482422,6094300
2019-01-02,60.370635986328125,69.5,70.95999908447266,69.06999969482422,70.38999938964844,8737200
2019-01-03,57.52148818969727,66.22000122070312,68.87999725341797,65.5,68.73999786376953,10570700
2019-01-04,59.16322326660156,68.11000061035156,68.58000183105469,66.98999786376953,67.12000274658203,8299100
2019-01-07,60.04922103881836,69.12999725341797,69.86000061035156,68.18000030517578,68.19000244140625,9503000
2019-01-08,59.328250885009766,68.30000305175781,69.63999938964844,67.0,69.55000305175781,8905100
2019-01-09,60.31850814819336,69.44000244140625,69.8499984741211,68.80000305175781,68.93000030517578,6091000
2019-01-10,60.00580978393555,69.08000183105469,69.44000244140625,68.44999694824219,68.68000030517578,8051200
2019-01-11,60.222957611083984,69.33000183105469,69.36000061035156,68.44999694824219,68.5999984741211,6583000
2019-01-14,59.577186584472656,68.2699966430664,68.80000305175781,68.12999725341797,68.41000366210938,5122900
2019-01-15,61.497066497802734,70.47000122070312,70.5199966430664,68.36000061035156,68.41000366210938,6306900
2019-01-16,60.92981719970703,69.81999969482422,70.76000213623047,69.73999786376953,70.5,6357300
2019-01-17,61.54069900512695,70.5199966430664,70.97000122070312,69.7699966430664,69.87000274658203,5427800
2019-01-18,62.32610702514648,71.41999816894531,71.73999786376953,70.77999877929688,70.98999786376953,9404500
2019-01-22,62.38716506958008,71.48999786376953,71.66999816894531,70.69000244140625,70.97000122070312,6541600
2019-01-23,61.00837326049805,69.91000366210938,71.55000305175781,69.2699966430664,70.5,10196300
2019-01-24,61.83738708496094,70.86000061035156,71.0,69.31999969482422,70.0,6437600
2019-01-25,62.09048080444336,71.1500015258789,71.7699966430664,70.79000091552734,71.2699966430664,4824100
2019-01-28,60.25786209106445,69.05000305175781,70.62999725341797,68.88999938964844,70.5199966430664,5942500
2019-01-29,60.816383361816406,69.69000244140625,69.94000244140625,68.80000305175781,69.08999633789062,5981600
2019-01-30,62.5529899597168,71.68000030517578,71.80000305175781,69.69000244140625,69.91000366210938,8145000
2019-01-31,63.68745422363281,72.9800033569336,73.06999969482422,71.13999938964844,71.30999755859375,10421900
2019-02-01,63.14641189575195,72.36000061035156,73.23999786376953,71.97000122070312,73.0199966430664,5016500
2019-02-04,63.26859664916992,72.5,72.69000244140625,71.70999908447266,72.38999938964844,5278300
2019-02-05,63.8009147644043,73.11000061035156,73.29000091552734,72.68000030517578,72.9000015258789,4302400
2019-02-06,64.13253021240234,73.48999786376953,73.55999755859375,72.62999725341797,72.9000015258789,4851900
2019-02-07,63.47804260253906,72.73999786376953,73.05999755859375,71.5,72.98999786376953,6863600
2019-02-08,63.992923736572266,73.33000183105469,73.4800033569336,72.12000274658203,72.16000366210938,6063700
2019-02-11,64.17616271972656,73.54000091552734,73.83999633789062,73.29000091552734,73.4800033569336,4782700
2019-02-12,65.50260925292969,75.05999755859375,75.2300033569336,73.72000122070312,73.98999786376953,7039700
2019-02-13,64.90919494628906,74.37999725341797,75.2699966430664,74.05999755859375,75.04000091552734,5696300
2019-02-14,64.55140686035156,73.97000122070312,74.36000061035156,73.73999786376953,74.08000183105469,4864500
2019-02-15,65.66844177246094,75.25,75.4000015258789,74.33000183105469,74.55999755859375,8083200
2019-02-19,65.45025634765625,75.0,75.56999969482422,74.72000122070312,75.16000366210938,4503500
2019-02-20,65.92149353027344,75.54000091552734,75.56999969482422,74.5999984741211,74.83000183105469,6316700
2019-02-21,65.57242584228516,75.13999938964844,75.47000122070312,74.66000366210938,75.11000061035156,5607000
2019-02-22,66.43636322021484,76.12999725341797,76.44999694824219,75.3499984741211,75.3499984741211,5296600
2019-02-25,67.07343292236328,76.86000061035156,77.05000305175781,76.23999786376953,76.38999938964844,5709600
2019-02-26,66.9774169921875,76.75,77.12000274658203,76.37999725341797,76.58000183105469,5295400
2019-02-27,67.39631652832031,77.2300033569336,77.33000183105469,76.33000183105469,76.44999694824219,5706500
2019-02-28,67.73667907714844,77.62000274658203,78.05999755859375,77.01000213623047,77.01000213623047,6762700
2019-03-01,68.58312225341797,78.58999633789062,78.73999786376953,77.68000030517578,77.98999786376953,5390100
2019-03-04,68.60932159423828,78.62000274658203,78.97000122070312,77.47000122070312,78.83999633789062,5962800
2019-03-05,68.26026153564453,78.22000122070312,78.91000366210938,78.12999725341797,78.55999755859375,6547500
2019-03-06,67.80648040771484,77.69999694824219,78.22000122070312,77.5199966430664,78.11000061035156,4182100
2019-03-07,67.02105712890625,76.80000305175781,77.94999694824219,76.61000061035156,77.69000244140625,5292600
2019-03-08,66.8727035522461,76.62999725341797,76.68000030517578,75.86000061035156,76.3499984741211,3895400
2019-03-11,67.90245056152344,77.80999755859375,77.8499984741211,76.69999694824219,76.91999816894531,4254600
2019-03-12,68.27769470214844,78.23999786376953,78.4800033569336,77.62999725341797,77.98999786376953,4241200
2019-03-13,68.60932159423828,78.62000274658203,79.1500015258789,78.06999969482422,78.66999816894531,6479200
2019-03-14,68.92350006103516,78.9800033569336,79.06999969482422,78.13999938964844,78.5,5734500
2019-03-15,69.69144439697266,79.86000061035156,80.1500015258789,78.91999816894531,79.02999877929688,11989400
2019-03-18,68.7925796508789,78.83000183105469,79.94999694824219,77.97000122070312,79.94999694824219,7671100
2019-03-19,69.77871704101562,79.95999908447266,80.25,79.0199966430664,79.18000030517578,6048600
2019-03-20,69.76126098632812,79.94000244140625,80.43000030517578,79.11000061035156,79.87000274658203,5388800
2019-03-21,69.86595916748047,80.05999755859375,80.48999786376953,79.31999969482422,79.44999694824219,5899100
2019-03-22,68.0420913696289,77.97000122070312,80.0,77.69000244140625,79.80999755859375,7532900
2019-03-25,68.26900482177734,78.2300033569336,78.66999816894531,77.62000274658203,77.80999755859375,3844500
2019-03-26,68.94093322753906,79.0,79.51000213623047,78.68000030517578,78.88999938964844,3596400
2019-03-27,68.70530700683594,78.7300033569336,79.30999755859375,77.88999938964844,79.0,4101900
2019-03-28,69.32492065429688,79.44000244140625,79.66000366210938,78.72000122070312,79.16000366210938,5675900
2019-03-29,69.76126098632812,79.94000244140625,79.98999786376953,79.11000061035156,79.86000061035156,5891200
2019-04-01,69.51691436767578,79.66000366210938,80.73999786376953,79.20999908447266,80.66999816894531,4842000
2019-04-02,69.48197937011719,79.62000274658203,79.83000183105469,79.06999969482422,79.83000183105469,3717900
2019-04-03,69.37726593017578,79.5,80.0,79.1500015258789,79.97000122070312,3973700
2019-04-04,68.60932159423828,78.62000274658203,79.51000213623047,78.0,79.47000122070312,4671200
2019-04-05,68.94093322753906,79.0,79.36000061035156,78.38999938964844,78.9000015258789,3434500
2019-04-08,68.52204132080078,78.5199966430664,78.91000366210938,77.94999694824219,78.91000366210938,5178900
2019-04-09,68.65296173095703,78.66999816894531,78.95999908447266,78.05999755859375,78.23999786376953,4836700
2019-04-10,68.91474914550781,78.97000122070312,79.41999816894531,78.55999755859375,78.72000122070312,5604600
2019-04-11,68.5133285522461,78.51000213623047,79.2300033569336,78.3499984741211,79.19000244140625,4432100
2019-04-12,68.35559844970703,78.01000213623047,78.8499984741211,77.81999969482422,78.37000274658203,5482000
2019-04-15,67.90869903564453,77.5,78.45999908447266,77.45999908447266,78.11000061035156,6095100
2019-04-16,66.92733001708984,76.37999725341797,78.69999694824219,76.05999755859375,77.94000244140625,6227800
2019-04-17,63.860496520996094,72.87999725341797,76.29000091552734,72.36000061035156,76.18000030517578,11212400
2019-04-18,64.77176666259766,73.91999816894531,74.9000015258789,72.75,73.63999938964844,9712200
2019-04-22,65.28876495361328,74.51000213623047,74.5999984741211,73.0,73.12999725341797,5810700
2019-04-23,66.68196868896484,76.0999984741211,76.41000366210938,74.43000030517578,74.62999725341797,6823500
2019-04-24,67.25152587890625,76.75,76.87000274658203,75.66999816894531,76.05000305175781,6238400
2019-04-25,68.4432144165039,78.11000061035156,78.18000030517578,76.37000274658203,76.62000274658203,6011700
2019-04-26,68.8375473022461,78.55999755859375,78.56999969482422,77.52999877929688,78.45999908447266,4286500
2019-04-29,68.58344268798828,78.2699966430664,78.62999725341797,77.58000183105469,78.55999755859375,4355000
2019-04-30,69.71377563476562,79.55999755859375,79.69000244140625,77.93000030517578,78.2699966430664,5514100
2019-05-01,68.99527740478516,78.73999786376953,79.47000122070312,78.29000091552734,79.3499984741211,6702300
2019-05-02,69.03031158447266,78.77999877929688,78.87000274658203,77.91000366210938,78.41999816894531,5112200
2019-05-03,68.95143127441406,78.69000244140625,79.12999725341797,78.26000213623047,78.83000183105469,5452700
2019-05-06,69.28443908691406,79.06999969482422,79.16999816894531,77.3499984741211,77.41999816894531,4006700
2019-05-07,67.39173889160156,76.91000366210938,78.87000274658203,76.19999694824219,78.5,5322500
2019-05-08,66.7871322631836,76.22000122070312,76.97000122070312,76.13999938964844,76.93000030517578,4362800
2019-05-09,66.96237182617188,76.41999816894531,76.4800033569336,74.87999725341797,75.66000366210938,3736700
2019-05-10,66.98866271972656,76.44999694824219,76.66000366210938,74.54000091552734,76.20999908447266,3993500
2019-05-13,66.15623474121094,75.5,75.79000091552734,74.95999908447266,75.16999816894531,5166700
2019-05-14,66.62066650390625,76.02999877929688,76.7699966430664,75.62999725341797,75.63999938964844,5319300
2019-05-15,67.04125213623047,76.51000213623047,77.0199966430664,75.22000122070312,75.5,4385500
2019-05-16,67.12010955810547,76.5999984741211,77.37000274658203,76.16999816894531,76.5199966430664,6098100
2019-05-17,66.56808471679688,75.97000122070312,77.20999908447266,75.95999908447266,76.29000091552734,5169300
2019-05-20,66.392822265625,75.7699966430664,75.95999908447266,75.19999694824219,75.5999984741211,4493100
2019-05-21,66.62066650390625,76.02999877929688,76.81999969482422,76.0199966430664,76.55999755859375,3819700
2019-05-22,66.82217407226562,76.26000213623047,76.58999633789062,75.8499984741211,76.13999938964844,3062700
2019-05-23,66.2701644897461,75.62999725341797,76.13999938964844,75.31999969482422,76.13999938964844,5507000
2019-05-24,67.45305633544922,76.9800033569336,77.08000183105469,75.95999908447266,76.0199966430664,4866300
2019-05-28,66.34024047851562,75.70999908447266,77.9800033569336,75.68000030517578,77.02999877929688,5418600
2019-05-29,66.30520629882812,75.66999816894531,75.97000122070312,74.94000244140625,75.37000274658203,4013100
2019-05-30,67.05000305175781,76.5199966430664,76.58999633789062,75.87000274658203,76.01000213623047,3600300
2019-05-31,66.70825958251953,76.12999725341797,76.5199966430664,75.5999984741211,75.97000122070312,6570800
2019-06-03,66.34024047851562,75.70999908447266,76.79000091552734,75.44000244140625,76.25,6286500
2019-06-04,67.87367248535156,77.45999908447266,77.61000061035156,76.16000366210938,76.25,5836000
2019-06-05,68.95143127441406,78.69000244140625,78.8499984741211,77.83000183105469,77.83999633789062,5286200
2019-06-06,70.17818450927734,80.08999633789062,80.43000030517578,78.63999938964844,78.8499984741211,5966700
2019-06-07,70.74776458740234,80.73999786376953,81.16000366210938,80.30000305175781,80.48999786376953,5136400
2019-06-10,71.21215057373047,81.2699966430664,81.5,80.44000244140625,81.0,3927100
2019-06-11,71.08073425292969,81.12000274658203,82.0,80.62999725341797,81.79000091552734,3905500
2019-06-12,71.8079833984375,81.94999694824219,81.97000122070312,81.26000213623047,81.29000091552734,3332300
2019-06-13,72.10591888427734,82.29000091552734,82.33000183105469,81.75,81.9800033569336,5220400
2019-06-14,72.04460144042969,82.22000122070312,82.86000061035156,82.0199966430664,82.16999816894531,4771100
2019-06-17,71.89561462402344,82.05000305175781,82.58000183105469,81.66999816894531,82.38999938964844,4095900
2019-06-18,73.09605407714844,83.41999816894531,83.58999633789062,81.91999816894531,82.44999694824219,6253000
2019-06-19,73.89344024658203,84.33000183105469,84.5,83.05000305175781,83.4000015258789,4113400
2019-06-20,74.42797088623047,84.94000244140625,85.31999969482422,84.31999969482422,84.83999633789062,6436400
2019-06-21,74.48052215576172,85.0,85.36000061035156,84.41000366210938,85.36000061035156,8855400
2019-06-24,74.2264175415039,84.70999908447266,85.33000183105469,84.63999938964844,84.77999877929688,4531600
2019-06-25,73.8145751953125,84.23999786376953,85.44999694824219,84.23999786376953,84.94000244140625,4915300
2019-06-26,72.69300079345703,82.95999908447266,84.37000274658203,82.62999725341797,84.05000305175781,5731400
2019-06-27,73.33264923095703,83.69000244140625,83.9800033569336,83.06999969482422,83.38999938964844,4111600
2019-06-28,73.69192504882812,84.0999984741211,84.26000213623047,83.12000274658203,83.81999969482422,16436700
2019-07-01,74.03364562988281,84.48999786376953,84.9800033569336,83.75,84.73999786376953,4527600
2019-07-02,74.43670654296875,84.94999694824219,84.95999908447266,84.1500015258789,84.75,4023300
2019-07-03,75.04133605957031,85.63999938964844,85.6500015258789,84.91999816894531,85.05000305175781,2437500
2019-07-05,74.84854888916016,85.41999816894531,85.5,84.63999938964844,85.16000366210938,3784700
2019-07-08,74.55939483642578,85.08999633789062,85.27999877929688,84.69000244140625,85.27999877929688,3591100
2019-07-09,74.71712493896484,85.2699966430664,85.37000274658203,84.81999969482422,84.95999908447266,3126000
2019-07-10,74.81349182128906,85.37999725341797,85.87999725341797,85.1500015258789,85.68000030517578,4315900
2019-07-11,75.15522766113281,85.7699966430664,85.98999786376953,85.19000244140625,85.6500015258789,3653600
2019-07-12,73.80956268310547,83.91999816894531,85.44000244140625,83.05999755859375,85.27999877929688,5667200
2019-07-15,73.71282196044922,83.80999755859375,84.23999786376953,83.41000366210938,83.80999755859375,5177700
2019-07-16,73.14112854003906,83.16000366210938,84.23999786376953,82.9000015258789,84.11000061035156,3886700
2019-07-17,75.42789459228516,85.76000213623047,86.75,85.43000030517578,85.88999938964844,9381400
2019-07-18,77.18695068359375,87.76000213623047,87.83999633789062,85.31999969482422,86.23999786376953,8311600
2019-07-19,76.949462890625,87.48999786376953,88.33000183105469,87.44999694824219,88.29000091552734,5824000
2019-07-22,77.45960235595703,88.06999969482422,88.70999908447266,87.2699966430664,87.36000061035156,6566100
2019-07-23,78.04886627197266,88.73999786376953,88.76000213623047,87.52999877929688,88.0999984741211,4049100
2019-07-24,77.91693115234375,88.58999633789062,88.69000244140625,87.58999633789062,88.44999694824219,3879100
2019-07-25,77.39803314208984,88.0,88.47000122070312,87.73999786376953,88.2699966430664,4671200
2019-07-26,77.17813873291016,87.75,88.62000274658203,87.30000305175781,88.3499984741211,4177700
2019-07-29,77.88178253173828,88.55000305175781,88.62000274658203,87.37999725341797,88.05999755859375,3623900
2019-07-30,77.670654296875,88.30999755859375,88.7300033569336,87.8499984741211,88.18000030517578,2864700
2019-07-31,76.60643768310547,87.0999984741211,88.4000015258789,86.37000274658203,88.18000030517578,6197200
2019-08-01,75.70934295654297,86.08000183105469,88.05999755859375,85.63999938964844,87.18000030517578,7022000
2019-08-02,75.48065948486328,85.81999969482422,86.19999694824219,84.73999786376953,85.94999694824219,4756400
2019-08-05,73.14112854003906,83.16000366210938,84.87999725341797,82.41999816894531,84.7300033569336,6253800
2019-08-06,74.6363296508789,84.86000061035156,84.88999938964844,83.68000030517578,83.80999755859375,4422500
2019-08-07,74.40763854980469,84.5999984741211,85.0,82.30999755859375,83.80000305175781,5502600
2019-08-08,75.25199127197266,85.55999755859375,86.2699966430664,85.01000213623047,85.11000061035156,6439300
2019-08-09,76.18427276611328,86.62000274658203,87.05000305175781,85.43000030517578,85.62999725341797,5102700
2019-08-12,74.4604263305664,84.66000366210938,86.51000213623047,84.33000183105469,86.38999938964844,3650800
2019-08-13,76.42176818847656,86.88999938964844,87.0999984741211,84.9800033569336,85.31999969482422,4808300
2019-08-14,73.82715606689453,83.94000244140625,86.30999755859375,83.91000366210938,85.87999725341797,4106200
2019-08-15,73.82715606689453,83.94000244140625,84.7300033569336,83.5199966430664,84.16000366210938,4952600
2019-08-16,74.56594848632812,84.77999877929688,85.08000183105469,84.2699966430664,84.73999786376953,5786300
2019-08-19,75.25199127197266,85.55999755859375,86.12999725341797,85.33000183105469,85.79000091552734,4579800
2019-08-20,74.35486602783203,84.54000091552734,86.01000213623047,84.4800033569336,85.94999694824219,3322400
2019-08-21,74.67150115966797,84.9000015258789,85.1500015258789,84.29000091552734,85.05000305175781,3894300
2019-08-22,74.2053451538086,84.37000274658203,85.30999755859375,83.63999938964844,84.91999816894531,3207000
2019-08-23,72.05931091308594,81.93000030517578,84.25,81.36000061035156,83.83999633789062,6228400
2019-08-26,73.10594940185547,83.12000274658203,83.18000030517578,82.0199966430664,82.61000061035156,3521200
2019-08-27,73.57211303710938,83.6500015258789,84.19999694824219,83.22000122070312,83.81999969482422,4845200
2019-08-28,74.07343292236328,84.22000122070312,84.26000213623047,83.05999755859375,83.19999694824219,3889500
2019-08-29,74.60113525390625,84.81999969482422,85.11000061035156,84.47000122070312,85.0,3758600
2019-08-30,75.0408935546875,85.31999969482422,85.62000274658203,84.62999725341797,85.47000122070312,3627900
2019-09-03,73.93269348144531,84.05999755859375,84.63999938964844,83.26000213623047,84.43000030517578,4060600
2019-09-04,74.07343292236328,84.22000122070312,84.69999694824219,83.77999877929688,84.5,3673100
2019-09-05,75.55101013183594,85.9000015258789,86.16000366210938,84.55999755859375,85.0,4356400
2019-09-06,75.67414855957031,86.04000091552734,86.43000030517578,85.5999984741211,86.2300033569336,4451300
2019-09-09,74.07343292236328,84.22000122070312,86.43000030517578,83.87000274658203,86.33999633789062,4444600
2019-09-10,73.18508911132812,83.20999908447266,83.4800033569336,81.0199966430664,83.44000244140625,5613100
2019-09-11,74.33728790283203,84.5199966430664,84.55999755859375,82.25,82.44999694824219,4458900
2019-09-12,74.94415283203125,85.20999908447266,85.98999786376953,84.91000366210938,85.02999877929688,3517500
2019-09-13,74.11739349365234,84.2699966430664,85.36000061035156,83.88999938964844,85.30000305175781,3633200
2019-09-16,73.31700897216797,83.36000061035156,83.91000366210938,83.02999877929688,83.91000366210938,3991200
2019-09-17,73.51053619384766,83.58000183105469,84.5,83.20999908447266,83.4000015258789,3578300
2019-09-18,73.56328582763672,83.63999938964844,84.16000366210938,82.8499984741211,83.58000183105469,2767500
2019-09-19,73.20270538330078,83.2300033569336,84.25,83.0999984741211,83.83000183105469,3392900
2019-09-20,73.51053619384766,83.58000183105469,83.87999725341797,82.87000274658203,83.51000213623047,7130100
2019-09-23,73.14112854003906,83.16000366210938,83.72000122070312,83.12999725341797,83.43000030517578,2279900
2019-09-24,72.50787353515625,82.44000244140625,84.02999877929688,82.22000122070312,83.66000366210938,3525400
2019-09-25,72.87727355957031,82.86000061035156,83.05000305175781,82.0999984741211,82.4000015258789,2795100
2019-09-26,72.70135498046875,82.66000366210938,83.37999725341797,82.08999633789062,83.27999877929688,3265200
2019-09-27,71.98014831542969,81.83999633789062,83.33999633789062,81.41999816894531,83.04000091552734,3396600
2019-09-30,73.58969116210938,83.66999816894531,84.38999938964844,82.19000244140625,82.19000244140625,4340900
2019-10-01,71.98014831542969,81.83999633789062,84.7699966430664,81.7699966430664,84.02999877929688,4436700
2019-10-02,69.94847106933594,79.52999877929688,81.55000305175781,78.7699966430664,81.4000015258789,5547100
2019-10-03,71.30293273925781,81.06999969482422,81.12999725341797,78.7699966430664,79.25,3956000
2019-10-04,72.1120834350586,81.98999786376953,82.31999969482422,81.29000091552734,81.30000305175781,3390100
2019-10-07,71.27654266357422,81.04000091552734,81.9800033569336,80.97000122070312,81.4000015258789,2673200
2019-10-08,69.05135345458984,78.51000213623047,80.55999755859375,78.51000213623047,80.55999755859375,5924200
2019-10-09,69.92207336425781,79.5,79.80999755859375,78.87999725341797,79.30999755859375,4008500
2019-10-10,70.4849624633789,80.13999938964844,80.45999908447266,79.06999969482422,79.08999633789062,5085000
2019-10-11,70.31718444824219,79.62999725341797,81.33000183105469,79.55000305175781,80.7300033569336,4423000
2019-10-14,70.48497772216797,79.81999969482422,80.19000244140625,79.41999816894531,79.69000244140625,4228500
2019-10-15,72.39237213134766,81.9800033569336,82.75,80.69999694824219,80.69999694824219,6429100
2019-10-16,72.21575164794922,81.77999877929688,83.69000244140625,79.6500015258789,81.36000061035156,10707400
2019-10-17,72.74557495117188,82.37999725341797,83.0,81.47000122070312,81.5199966430664,4172800
2019-10-18,73.10760498046875,82.79000091552734,83.31999969482422,82.02999877929688,82.41000366210938,5219800
2019-10-21,72.1009750366211,81.6500015258789,83.27999877929688,81.5199966430664,83.13999938964844,5487900
2019-10-22,71.12075805664062,80.54000091552734,82.27999877929688,80.5,81.80999755859375,4764000
2019-10-23,71.76539611816406,81.2699966430664,81.5999984741211,80.41000366210938,80.69000244140625,4308300
2019-10-24,71.84487915039062,81.36000061035156,82.08999633789062,81.20999908447266,81.58999633789062,4470900
2019-10-25,72.1009750366211,81.6500015258789,81.97000122070312,81.08000183105469,81.44999694824219,4872800
2019-10-28,72.9928207397461,82.66000366210938,82.88999938964844,81.76000213623047,81.80000305175781,4768800
2019-10-29,73.69044494628906,83.44999694824219,83.87000274658203,82.29000091552734,82.44999694824219,4614900
2019-10-30,74.18494415283203,84.01000213623047,84.08999633789062,82.9000015258789,83.31999969482422,3534800
2019-10-31,73.83172607421875,83.61000061035156,84.3499984741211,82.91999816894531,83.7699966430664,4614000
2019-11-01,72.9928207397461,82.66000366210938,84.29000091552734,82.61000061035156,84.08999633789062,5119100
2019-11-04,72.60430145263672,82.22000122070312,83.20999908447266,82.22000122070312,83.04000091552734,5508000
2019-11-05,72.71027374267578,82.33999633789062,82.9000015258789,80.9000015258789,82.87000274658203,8238800
2019-11-06,73.39903259277344,83.12000274658203,83.44000244140625,82.37999725341797,82.5,4489000
2019-11-07,73.63744354248047,83.38999938964844,83.58000183105469,82.91000366210938,83.12999725341797,6020400
2019-11-08,73.94652557373047,83.73999786376953,83.88999938964844,83.18000030517578,83.33000183105469,3462800
2019-11-11,73.96418762207031,83.76000213623047,83.9000015258789,83.30999755859375,83.30999755859375,3139100
2019-11-12,74.47635650634766,84.33999633789062,84.77999877929688,83.66000366210938,83.66000366210938,3701400
2019-11-13,74.37039947509766,84.22000122070312,84.41999816894531,83.2699966430664,83.95999908447266,3976900
2019-11-14,74.2821044921875,84.12000274658203,84.38999938964844,83.68000030517578,84.08999633789062,4474200
2019-11-15,75.6861343383789,85.70999908447266,85.70999908447266,84.4000015258789,84.66999816894531,5453500
2019-11-18,74.40572357177734,84.26000213623047,85.9000015258789,84.0199966430664,85.70999908447266,5812300
2019-11-19,74.43218994140625,84.29000091552734,84.63999938964844,83.9000015258789,84.62000274658203,4152100
2019-11-20,74.07898712158203,83.88999938964844,84.7300033569336,83.19999694824219,84.33999633789062,5416200
2019-11-21,73.8935317993164,83.68000030517578,83.80000305175781,82.36000061035156,83.72000122070312,5211400
2019-11-22,73.94652557373047,83.73999786376953,84.0199966430664,82.79000091552734,83.94999694824219,3964600
2019-11-25,74.60880279541016,84.48999786376953,84.80999755859375,83.87999725341797,83.91000366210938,5704000
2019-11-26,75.43006134033203,85.41999816894531,85.56999969482422,84.31999969482422,84.6500015258789,8764100
2019-11-27,75.43006134033203,85.41999816894531,85.97000122070312,85.16000366210938,85.97000122070312,2865400
2019-11-29,75.45653533935547,85.44999694824219,85.6500015258789,84.83999633789062,85.30000305175781,2410900
2019-12-02,74.62647247314453,84.51000213623047,85.72000122070312,83.9800033569336,85.56999969482422,3801100
2019-12-03,74.4939956665039,84.36000061035156,84.41999816894531,83.2699966430664,83.58999633789062,2912400
2019-12-04,75.21808624267578,85.18000030517578,85.33999633789062,84.44000244140625,84.5,3953400
2019-12-05,75.2710952758789,85.23999786376953,85.41999816894531,84.33000183105469,85.12000274658203,3279900
2019-12-06,75.48306274414062,85.4800033569336,85.91000366210938,85.37999725341797,85.66999816894531,4104600
2019-12-09,74.06134033203125,83.87000274658203,85.41999816894531,83.83000183105469,85.12000274658203,4227000
2019-12-10,74.67062377929688,84.55999755859375,84.62999725341797,83.76000213623047,83.87999725341797,3904900
2019-12-11,74.97970581054688,84.91000366210938,85.04000091552734,84.20999908447266,84.62000274658203,2937500
2019-12-12,75.91572570800781,85.97000122070312,86.27999877929688,84.63999938964844,84.77999877929688,4155200
2019-12-13,76.25127410888672,86.3499984741211,86.70999908447266,85.77999877929688,85.77999877929688,3872000
2019-12-16,76.29545593261719,86.4000015258789,87.0999984741211,86.30000305175781,86.94999694824219,3843700
2019-12-17,76.87823486328125,87.05999755859375,87.30000305175781,86.0,86.58000183105469,5368500
2019-12-18,76.76344299316406,86.93000030517578,87.2699966430664,86.61000061035156,87.08000183105469,5831100
2019-12-19,77.13432312011719,87.3499984741211,87.3499984741211,86.48999786376953,86.73999786376953,4643700
2019-12-20,76.52505493164062,86.66000366210938,89.23999786376953,86.62999725341797,88.98999786376953,11606500
2019-12-23,77.13432312011719,87.3499984741211,87.45999908447266,86.27999877929688,86.30999755859375,4067800
2019-12-24,77.072509765625,87.27999877929688,87.4800033569336,86.9800033569336,87.37000274658203,1067700
2019-12-26,77.072509765625,87.27999877929688,87.5199966430664,86.87999725341797,87.20999908447266,2033100
2019-12-27,77.17848205566406,87.4000015258789,87.75,87.0199966430664,87.48999786376953,2508100
2019-12-30,76.64866638183594,86.80000305175781,87.79000091552734,86.61000061035156,87.5199966430664,2706100
2019-12-31,76.70162963867188,86.86000061035156,86.98999786376953,86.2699966430664,86.5,3261100
2020-01-02,76.7811050415039,86.94999694824219,86.95999908447266,85.80000305175781,86.05999755859375,4969000
2020-01-03,75.8450698852539,85.88999938964844,86.66999816894531,85.58999633789062,85.75,4747000
2020-01-06,76.2424545288086,86.33999633789062,86.36000061035156,85.20999908447266,85.62000274658203,5631700
2020-01-07,75.81859588623047,85.86000061035156,86.30000305175781,85.54000091552734,85.7699966430664,3408100
2020-01-08,76.12765502929688,86.20999908447266,86.66000366210938,85.93000030517578,86.23999786376953,5693900
2020-01-09,76.33076477050781,86.44000244140625,86.68000030517578,85.75,86.30000305175781,6432500
2020-01-10,75.3770523071289,85.36000061035156,86.98999786376953,85.16999816894531,86.79000091552734,4680400
2020-01-13,75.16513061523438,85.12000274658203,85.7300033569336,84.73999786376953,85.5,5571500
2020-01-14,76.0341796875,85.73999786376953,86.0,84.01000213623047,84.12999725341797,8751400
2020-01-15,77.48853302001953,87.37999725341797,87.8499984741211,86.11000061035156,86.11000061035156,5389700
2020-01-16,78.28665924072266,88.27999877929688,88.30999755859375,87.41999816894531,87.94000244140625,5023300
2020-01-17,78.9251708984375,89.0,89.19999694824219,88.30999755859375,88.44999694824219,5879700
2020-01-21,79.57251739501953,89.7300033569336,90.04000091552734,88.61000061035156,88.86000061035156,7458100
2020-01-22,81.4614028930664,91.86000061035156,92.4499969482422,90.02999877929688,90.77999877929688,9841200
2020-01-23,80.45930480957031,90.7300033569336,91.8499984741211,90.16000366210938,91.80999755859376,7418400
2020-01-24,80.16667938232422,90.4000015258789,91.52999877929688,90.20999908447266,90.8499984741211,4218700
2020-01-27,79.4483642578125,89.58999633789062,90.0,88.88999938964844,89.11000061035156,4482200
2020-01-28,79.40403747558594,89.54000091552734,90.02999877929688,89.38999938964844,89.69999694824219,4983700
2020-01-29,79.04931640625,89.13999938964844,90.2300033569336,89.06999969482422,89.61000061035156,3914300
2020-01-30,79.06705474853516,89.16000366210938,89.20999908447266,87.97000122070312,88.29000091552734,5248100
2020-01-31,77.27571868896484,87.13999938964844,89.2300033569336,86.9000015258789,89.12999725341797,5914100
2020-02-03,77.20475769042969,87.05999755859375,88.4000015258789,86.75,87.77999877929688,4675900
2020-02-04,78.24231719970703,88.2300033569336,89.25,88.1500015258789,88.1500015258789,3904600
2020-02-05,79.4217758178711,89.55999755859375,89.61000061035156,88.55000305175781,88.87000274658203,3565700
2020-02-06,79.34194946289062,89.47000122070312,90.08000183105467,89.25,90.0,4270700
2020-02-07,77.92308044433594,87.87000274658203,89.51000213623047,87.68000030517578,89.2300033569336,4472300
2020-02-10,78.30439758300781,88.30000305175781,88.30000305175781,87.20999908447266,87.20999908447266,4219400
2020-02-11,79.0759048461914,89.16999816894531,89.41000366210938,88.52999877929688,88.63999938964844,2661900
2020-02-12,78.73894500732422,88.79000091552734,89.58999633789062,88.58000183105469,89.55999755859375,3389400
2020-02-13,78.64138793945312,88.68000030517578,89.04000091552734,87.69999694824219,88.5,4448800
2020-02-14,79.51045989990234,89.66000366210938,89.70999908447266,88.30999755859375,88.87000274658203,3919800
2020-02-18,78.8187484741211,88.87999725341797,89.48999786376953,88.30999755859375,89.41999816894531,4492300
2020-02-19,79.24440002441406,89.36000061035156,89.93000030517578,88.69000244140625,88.83000183105469,3464900
2020-02-20,78.4462890625,88.45999908447266,89.55999755859375,88.04000091552734,89.0999984741211,3657500
2020-02-21,77.55061340332031,87.44999694824219,88.25,87.16000366210938,88.04000091552734,5570900
2020-02-24,75.04985809326172,84.62999725341797,85.66999816894531,84.06999969482422,85.44999694824219,5667200
2020-02-25,71.94603729248047,81.12999725341797,85.37000274658203,80.77999877929688,84.93000030517578,7021800
2020-02-26,72.15000915527344,81.36000061035156,82.87999725341797,81.11000061035156,82.12999725341797,7380100
2020-02-27,70.22565460205078,79.19000244140625,82.02999877929688,79.16000366210938,80.4000015258789,8657200
2020-02-28,68.31016540527344,77.02999877929688,78.16000366210938,74.0199966430664,77.12000274658203,16671900
2020-03-02,72.37169647216797,81.61000061035156,81.68000030517578,77.25,77.87999725341797,11483600
2020-03-03,69.16149139404297,77.98999786376953,83.5,77.26000213623047,81.58000183105469,9510600
2020-03-04,72.7973861694336,82.08999633789062,82.33000183105469,79.45999908447266,80.66000366210938,8660000
2020-03-05,71.40509796142578,80.5199966430664,81.47000122070312,79.12999725341797,80.29000091552734,9288700
2020-03-06,72.48699951171875,81.73999786376953,82.30000305175781,78.08999633789062,78.5999984741211,10647600
2020-03-09,68.30130004882812,77.0199966430664,79.33999633789062,75.0999984741211,76.61000061035156,10285000
2020-03-10,71.7243423461914,80.87999725341797,81.0,75.93000030517578,79.2300033569336,9417400
2020-03-11,69.25017547607422,78.08999633789062,79.06999969482422,76.3499984741211,78.52999877929688,11534200
2020-03-12,66.27938842773438,74.73999786376953,78.1500015258789,72.01000213623047,73.27999877929688,13876300
2020-03-13,72.40719604492188,81.6500015258789,82.66999816894531,74.83000183105469,77.91000366210938,18316900
2020-03-16,65.3216552734375,73.66000366210938,79.25,70.0,70.6500015258789,14358900
2020-03-17,70.49169921875,79.48999786376953,79.79000091552734,73.33999633789062,75.5199966430664,13315300
2020-03-18,70.28773498535156,79.26000213623047,81.98999786376953,74.38999938964844,74.9800033569336,17541100
2020-03-19,66.06657409667969,74.5,81.80999755859375,73.55000305175781,81.36000061035156,14476000
2020-03-20,60.30238723754883,68.0,74.86000061035156,67.94999694824219,74.05000305175781,15131400
2020-03-23,55.708744049072266,62.81999969482422,67.48999786376953,61.61000061035156,67.06999969482422,13037100
2020-03-24,61.801063537597656,69.69000244140625,69.97000122070312,64.5,64.91000366210938,10903700
2020-03-25,62.74108123779297,70.75,72.62999725341797,68.1500015258789,68.94999694824219,9351000
2020-03-26,67.228271484375,75.80999755859375,75.97000122070312,71.0,71.08000183105469,10530500
2020-03-27,66.1197738647461,74.55999755859375,77.5,73.61000061035156,77.5,8360600
2020-03-30,70.35868835449219,79.33999633789062,84.4000015258789,78.47000122070312,82.83000183105469,47540200
2020-03-31,69.97735595703125,78.91000366210938,81.48999786376953,78.55999755859375,81.43000030517578,23792300
2020-04-01,67.90225219726562,76.56999969482422,77.37999725341797,75.3499984741211,77.0,12208300
2020-04-02,70.4473648071289,79.44000244140625,79.66000366210938,76.0,76.12000274658203,10167900
2020-04-03,70.45621490478516,79.44999694824219,79.98999786376953,78.18000030517578,78.79000091552734,9139400
2020-04-06,73.36492156982422,82.7300033569336,83.12000274658203,79.61000061035156,81.08000183105469,12373800
2020-04-07,72.65548706054688,81.93000030517578,84.4800033569336,81.7699966430664,83.44999694824219,10872100
2020-04-08,75.33361053466797,84.94999694824219,85.38999938964844,81.05000305175781,82.5,9266400
2020-04-09,76.30022430419922,86.04000091552734,86.5,82.94999694824219,85.0,10466800
2020-04-13,76.13174438476562,85.8499984741211,86.4800033569336,83.5199966430664,86.31999969482422,6665800
2020-04-14,79.38220977783203,89.13999938964844,89.54000091552734,86.5,87.0,9861300
2020-04-15,80.98516845703125,90.94000244140624,91.9000015258789,88.51000213623047,90.01000213623047,14128000
2020-04-16,85.49127197265625,96.0,96.98999786376952,91.13999938964844,92.5999984741211,27036500
2020-04-17,85.50018310546875,96.01000213623048,97.75,94.23999786376952,97.4499969482422,16074800
2020-04-20,87.27234649658203,98.0,100.0,94.6500015258789,94.81999969482422,17251400
2020-04-21,83.75472259521484,94.0500030517578,96.97000122070312,93.62000274658205,96.0999984741211,12030300
2020-04-22,85.0281753540039,95.4800033569336,95.9800033569336,92.79000091552734,94.27999877929688,8369000
2020-04-23,83.6567611694336,93.94000244140624,97.4499969482422,93.3499984741211,95.87000274658205,10567500
2020-04-24,83.76363372802734,94.05999755859376,94.58000183105467,92.77999877929688,94.5,9016100
2020-04-27,84.55619049072266,94.9499969482422,95.9000015258789,94.0199966430664,95.4800033569336,6838200
2020-04-28,81.4482421875,91.45999908447266,95.1500015258789,91.33999633789062,94.87999725341795,7805500
2020-04-29,82.17847442626953,92.27999877929688,93.0500030517578,91.06999969482422,92.08999633789062,7068300
2020-04-30,82.00924682617188,92.08999633789062,93.7699966430664,91.8499984741211,91.8499984741211,7978300
2020-05-01,80.01446533203125,89.8499984741211,91.36000061035156,88.75,91.0,6839800
2020-05-04,79.99667358398438,89.83000183105469,90.16000366210938,88.70999908447266,89.79000091552734,5036800
2020-05-05,82.84637451171875,93.02999877929688,93.66000366210938,90.38999938964844,90.9499969482422,6747900
2020-05-06,81.10984802246094,91.08000183105467,93.43000030517578,91.02999877929688,93.1500015258789,4248400
2020-05-07,83.70125579833984,93.98999786376952,94.54000091552734,91.80999755859376,92.13999938964844,7255000
2020-05-08,83.44303131103516,93.6999969482422,94.94000244140624,92.9000015258789,94.83999633789062,6167600
2020-05-11,85.5535888671875,96.06999969482422,96.48999786376952,93.13999938964844,93.22000122070312,7239100
2020-05-12,83.53208923339844,93.8000030517578,96.68000030517578,93.7300033569336,96.45999908447266,5384200
2020-05-13,82.07159423828125,92.16000366210938,94.66999816894533,90.83999633789062,93.2699966430664,11622500
2020-05-14,81.73321533203125,91.77999877929688,91.77999877929688,89.33999633789062,90.5,8189200
2020-05-15,80.05007934570312,89.88999938964844,91.16000366210938,88.79000091552734,89.95999908447266,13609400
2020-05-18,80.38846588134766,90.2699966430664,93.0,90.0199966430664,91.9000015258789,7646500
2020-05-19,78.56291961669922,88.22000122070312,90.5,88.11000061035156,90.33000183105467,7693100
2020-05-20,80.22820281982422,90.08999633789062,90.41999816894533,88.02999877929688,89.58000183105469,7488800
2020-05-21,80.49535369873047,90.38999938964844,90.61000061035156,88.37999725341797,89.63999938964844,6148300
2020-05-22,81.4571304321289,91.47000122070312,91.54000091552734,89.70999908447266,90.41999816894533,5184500
2020-05-26,79.6849594116211,89.4800033569336,93.29000091552734,89.16999816894531,92.9499969482422,6243800
2020-05-27,80.82486724853516,90.76000213623048,90.77999877929688,88.16999816894531,89.27999877929688,5420600
2020-05-28,82.0181884765625,92.0999984741211,93.33000183105467,91.20999908447266,91.9499969482422,5316300
2020-05-29,84.52947235107422,94.91999816894533,95.58999633789062,90.75,92.9000015258789,10138500
2020-06-01,82.82854461669922,93.01000213623048,93.95999908447266,92.04000091552734,92.9499969482422,5451600
2020-06-02,82.48124694824219,92.62000274658205,93.1500015258789,91.76000213623048,92.91999816894533,6394100
2020-06-03,81.39478302001953,91.4000015258789,92.6999969482422,90.55999755859376,92.55999755859376,8056300
2020-06-04,78.58963012695312,88.25,91.33999633789062,88.23999786376953,91.0500030517578,9113600
2020-06-05,80.02336883544922,89.86000061035156,89.95999908447266,87.31999969482422,88.47000122070312,11874500
2020-06-08,82.42781829833984,92.55999755859376,92.61000061035156,88.91000366210938,88.9800033569336,5426800
2020-06-09,80.38846588134766,90.2699966430664,92.81999969482422,90.23999786376952,92.31999969482422,4857400
2020-06-10,82.07159423828125,92.16000366210938,92.75,90.63999938964844,90.8499984741211,5829100
2020-06-11,78.17108917236328,87.77999877929688,92.5,86.94000244140625,92.16999816894533,8168300
2020-06-12,79.27532958984375,89.0199966430664,90.19000244140624,87.58999633789062,89.25,5590400
2020-06-15,79.74732208251953,89.55000305175781,90.3499984741211,87.05000305175781,87.5199966430664,5666000
2020-06-16,79.91651153564453,89.73999786376953,91.76000213623048,89.13999938964844,90.62000274658205,6143400
2020-06-17,80.94952392578125,90.9000015258789,91.66999816894533,90.0999984741211,90.41999816894533,4359100
2020-06-18,80.39739990234375,90.27999877929688,91.33999633789062,89.56999969482422,90.5,6022900
2020-06-19,80.75360870361328,90.68000030517578,92.4000015258789,90.61000061035156,91.66999816894533,9473300
2020-06-22,80.45084381103516,90.33999633789062,90.6500015258789,89.16000366210938,90.33000183105467,5072800
2020-06-23,81.30574798583984,91.3000030517578,92.3000030517578,90.79000091552734,91.11000061035156,4156900
2020-06-24,77.74359893798828,87.30000305175781,90.7300033569336,86.81999969482422,90.62999725341795,6141900
2020-06-25,79.80963897705078,89.62000274658203,89.80999755859375,86.16000366210938,87.23999786376953,5781100
2020-06-26,78.99925231933594,88.70999908447266,89.94999694824219,87.94000244140625,89.81999969482422,8522500
2020-06-29,79.26641082763672,89.01000213623047,89.69999694824219,88.08999633789062,89.58000183105469,4669300
2020-06-30,81.42152404785156,91.43000030517578,91.9000015258789,88.44000244140625,88.75,5220900
2020-07-01,81.60850524902344,91.63999938964844,91.9800033569336,90.43000030517578,91.9800033569336,3389600
2020-07-02,82.1339340209961,92.2300033569336,93.05999755859376,91.93000030517578,92.5,3845300
2020-07-06,82.79293060302734,92.97000122070312,93.97000122070312,92.4499969482422,92.76000213623048,5919100
2020-07-07,82.3387680053711,92.45999908447266,93.4000015258789,92.08999633789062,92.45999908447266,3389200
2020-07-08,82.44564056396484,92.58000183105467,93.66999816894533,91.5,92.83999633789062,3815300
2020-07-09,83.41632843017578,93.66999816894533,94.87999725341795,91.8499984741211,92.73999786376952,4576800
2020-07-10,82.85527038574219,93.04000091552734,93.8000030517578,92.31999969482422,93.47000122070312,2923200
2020-07-13,82.89978790283203,93.08999633789062,95.62000274658205,92.79000091552734,93.13999938964844,4297300
2020-07-14,84.76823425292969,94.81999969482422,94.9800033569336,91.70999908447266,92.63999938964844,4122800
2020-07-15,86.47575378417969,96.7300033569336,97.12999725341795,95.7699966430664,95.9000015258789,6205000
2020-07-16,86.18075561523438,96.4000015258789,97.98999786376952,94.29000091552734,97.8499984741211,7582200
2020-07-17,88.72860717773438,99.25,100.0,97.68000030517578,97.87000274658205,8315500
2020-07-20,88.57664489746094,99.08000183105467,100.70999908447266,98.72000122070312,100.0,5677900
2020-07-21,87.7809829711914,98.19000244140624,99.4800033569336,97.76000213623048,98.87999725341795,5063500
2020-07-22,89.5689697265625,100.19000244140624,100.56999969482422,98.0,98.11000061035156,4662000
2020-07-23,90.1321792602539,100.81999969482422,101.9800033569336,100.06999969482422,100.27999877929688,5905800
2020-07-24,88.46041870117188,98.9499969482422,100.20999908447266,98.36000061035156,100.20999908447266,4534400
2020-07-27,89.39013671875,99.98999786376952,100.27999877929688,98.41000366210938,98.5500030517578,3717900
2020-07-28,89.27395629882812,99.86000061035156,100.79000091552734,99.2699966430664,100.13999938964844,4114200
2020-07-29,91.65196228027344,102.5199966430664,102.88999938964844,100.08999633789062,100.18000030517578,4744200
2020-07-30,90.76689910888672,101.52999877929688,101.58000183105467,100.23999786376952,100.9800033569336,3176900
2020-07-31,89.97126007080078,100.63999938964844,101.37000274658205,99.12000274658205,101.20999908447266,4604000
2020-08-03,90.00703430175781,100.68000030517578,101.5500030517578,100.20999908447266,101.08000183105467,3670900
2020-08-04,89.33651733398438,99.93000030517578,100.68000030517578,99.27999877929688,100.16000366210938,2730600
2020-08-05,91.31224060058594,102.13999938964844,102.36000061035156,99.87999725341795,99.97000122070312,4415300
2020-08-06,90.96359252929688,101.75,101.8000030517578,99.91999816894533,101.5199966430664,3943000
2020-08-07,90.49874114990234,101.2300033569336,102.3000030517578,100.55999755859376,101.6999969482422,3141900
2020-08-10,89.43485260009766,100.04000091552734,101.26000213623048,100.02999877929688,100.94000244140624,2776300
2020-08-11,88.55874633789062,99.05999755859376,100.43000030517578,98.66999816894533,100.43000030517578,4823000
2020-08-12,89.98021697998047,100.6500015258789,101.0999984741211,99.31999969482422,99.5500030517578,2668900
2020-08-13,90.38249969482422,101.0999984741211,101.2699966430664,100.0,100.33999633789062,2951700
2020-08-14,89.39013671875,99.98999786376952,101.22000122070312,99.58000183105467,100.93000030517578,2739900
2020-08-17,90.03384399414062,100.70999908447266,101.41999816894533,100.20999908447266,100.3000030517578,4657400
2020-08-18,90.25735473632812,100.95999908447266,101.72000122070312,100.43000030517578,101.08999633789062,3777600
2020-08-19,89.8282470703125,100.4800033569336,101.62000274658205,100.33000183105467,101.08000183105467,2716800
2020-08-20,90.85631561279295,101.62999725341795,102.0199966430664,99.75,99.98999786376952,3548600
2020-08-21,91.54469299316406,102.4000015258789,102.54000091552734,100.83999633789062,101.62999725341795,3585000
2020-08-24,90.6417465209961,101.38999938964844,103.2300033569336,100.6999969482422,102.6999969482422,3212700
2020-08-25,91.60728454589844,102.47000122070312,102.9000015258789,101.5199966430664,101.9800033569336,2626400
2020-08-26,92.25094604492188,103.19000244140624,103.29000091552734,101.26000213623048,101.98999786376952,2968800
2020-08-27,99.49225616455078,111.29000091552734,114.0,109.5199966430664,111.01000213623048,36319000
2020-08-28,99.0452880859375,110.79000091552734,114.1999969482422,109.41000366210938,113.54000091552734,17204000
2020-08-31,97.8652114868164,109.47000122070312,111.73999786376952,109.26000213623048,110.6999969482422,6943200
2020-09-01,95.25476837158205,106.5500030517578,109.06999969482422,105.58000183105467,108.93000030517578,7963100
2020-09-02,97.83840942382812,109.44000244140624,109.91000366210938,105.87999725341795,106.4499969482422,5843700
2020-09-03,94.3428726196289,105.52999877929688,108.94000244140624,104.3000030517578,108.6999969482422,6096900
2020-09-04,93.11813354492188,104.16000366210938,106.04000091552734,102.41999816894533,105.4499969482422,5027700
2020-09-08,91.93804931640624,102.83999633789062,103.81999969482422,102.43000030517578,103.16999816894533,5217700
2020-09-09,94.59319305419922,105.80999755859376,106.93000030517578,104.12999725341795,104.26000213623048,4365100
2020-09-10,92.97508239746094,104.0,105.5999984741211,103.7300033569336,105.5999984741211,4271200
2020-09-11,93.60086059570312,104.6999969482422,105.6999969482422,104.31999969482422,105.27999877929688,4111000
2020-09-14,94.48590087890624,105.69000244140624,106.66000366210938,105.12000274658205,105.58999633789062,3824100
2020-09-15,95.28157806396484,106.58000183105467,107.52999877929688,106.16999816894533,107.0,3654900
2020-09-16,94.494873046875,105.6999969482422,107.37000274658205,105.66000366210938,106.9499969482422,4242500
2020-09-17,95.3530731201172,106.66000366210938,106.75,104.38999938964844,104.95999908447266,4283500
2020-09-18,95.53189849853516,106.86000061035156,107.98999786376952,106.13999938964844,106.55999755859376,7622400
2020-09-21,94.71835327148438,105.9499969482422,106.45999908447266,104.45999908447266,105.8000030517578,4559800
2020-09-22,93.69027709960938,104.8000030517578,105.5199966430664,103.56999969482422,105.45999908447266,4180300
2020-09-23,91.83970642089844,102.7300033569336,104.98999786376952,102.2300033569336,104.98999786376952,4040100
2020-09-24,90.2215805053711,100.91999816894533,103.52999877929688,100.47000122070312,102.75,7604000
2020-09-25,92.4833984375,103.4499969482422,103.61000061035156,100.33999633789062,100.55999755859376,5060300
2020-09-28,93.3684539794922,104.44000244140624,105.25,103.81999969482422,104.23999786376952,5515500
2020-09-29,94.03893280029295,105.19000244140624,106.41000366210938,104.91999816894533,106.01000213623048,4464300
2020-09-30,97.29306030273438,108.83000183105467,109.4800033569336,105.73999786376952,105.98999786376952,9487000
2020-10-01,97.12319946289062,108.63999938964844,110.33000183105467,108.37999725341795,109.18000030517578,7242100
2020-10-02,95.21005249023438,106.5,108.66000366210938,106.33000183105467,107.68000030517578,5590500
2020-10-05,97.05168151855467,108.55999755859376,108.6500015258789,107.18000030517578,107.18000030517578,3603400
2020-10-06,94.98656463623048,106.25,108.7699966430664,106.0500030517578,108.55999755859376,3992600
2020-10-07,96.31861114501952,107.73999786376952,108.18000030517578,106.93000030517578,107.37000274658205,4162400
2020-10-08,97.03379821777344,108.54000091552734,109.12999725341795,107.41999816894533,108.13999938964844,4168400
2020-10-09,98.02613830566406,109.6500015258789,109.97000122070312,108.8000030517578,109.33999633789062,3060700
2020-10-12,99.27772521972656,111.0500030517578,111.56999969482422,109.76000213623048,110.25,4201800
2020-10-13,96.88182830810548,108.37000274658205,110.98999786376952,108.25,110.5,4773600
2020-10-14,96.64862060546876,107.75,109.83000183105467,107.33999633789062,108.61000061035156,4191600
2020-10-15,96.2629165649414,107.31999969482422,107.73999786376952,106.30999755859376,106.8499984741211,3518500
2020-10-16,98.3708038330078,109.66999816894533,110.37999725341795,107.6999969482422,107.6999969482422,4363500
2020-10-19,96.90872192382812,108.04000091552734,111.04000091552734,107.81999969482422,109.9000015258789,4228500
2020-10-20,97.1957778930664,108.36000061035156,109.88999938964844,108.11000061035156,108.3499984741211,3873500
2020-10-21,95.01612091064452,105.93000030517578,109.0,104.75,108.01000213623048,5716000
2020-10-22,98.20037841796876,109.4800033569336,110.0500030517578,106.23999786376952,106.41999816894533,4953800
2020-10-23,96.68449401855467,107.79000091552734,110.0,107.56999969482422,109.63999938964844,3573000
2020-10-26,97.7698211669922,109.0,109.16000366210938,107.0500030517578,107.56999969482422,7298000
2020-10-27,97.39309692382812,108.58000183105467,109.75,108.33000183105467,108.88999938964844,4518000
2020-10-28,95.45563507080078,106.41999816894533,107.41000366210938,105.37999725341795,106.80999755859376,7104700
2020-10-29,94.18193817138672,105.0,106.58000183105467,104.56999969482422,106.37999725341795,4237600
2020-10-30,94.28060150146484,105.11000061035156,105.5500030517578,103.12999725341795,104.76000213623048,4433200
2020-11-02,96.40642547607422,107.4800033569336,108.6999969482422,106.11000061035156,107.08999633789062,5907100
2020-11-03,98.27210998535156,109.55999755859376,110.8000030517578,108.36000061035156,108.73999786376952,3870100
2020-11-04,100.03915405273438,111.52999877929688,114.2300033569336,110.11000061035156,110.16999816894533,7421200
2020-11-05,101.83307647705078,113.52999877929688,114.83999633789062,112.72000122070312,113.51000213623048,5139900
2020-11-06,102.63140106201172,114.41999816894533,115.13999938964844,112.83999633789062,113.87999725341795,5644100
2020-11-09,98.11964416503906,109.38999938964844,113.20999908447266,106.19000244140624,111.8000030517578,13990700
2020-11-10,99.39334106445312,110.80999755859376,111.58999633789062,108.4000015258789,109.25,5243500
2020-11-11,101.04376220703124,112.6500015258789,112.9499969482422,111.47000122070312,111.94000244140624,3994000
2020-11-12,100.4158706665039,111.9499969482422,112.86000061035156,111.3000030517578,112.41000366210938,2816800
2020-11-13,100.99891662597656,112.5999984741211,113.08999633789062,111.41999816894533,113.0,3918900
2020-11-16,101.95867919921876,113.66999816894533,113.75,111.58999633789062,112.0500030517578,4144900
2020-11-17,101.41151428222656,113.05999755859376,114.62000274658205,112.33999633789062,113.22000122070312,3793000
2020-11-18,98.46047973632812,109.7699966430664,113.70999908447266,109.75,113.66999816894533,4545700
2020-11-19,99.56375122070312,111.0,111.1999969482422,109.26000213623048,110.0,3548100
2020-11-20,99.46508026123048,110.88999938964844,111.76000213623048,110.06999969482422,110.73999786376952,4075300
2020-11-23,98.01200103759766,109.2699966430664,111.5199966430664,108.86000061035156,111.43000030517578,4105500
2020-11-24,96.52302551269533,107.61000061035156,109.58999633789062,107.25,109.30999755859376,7316300
2020-11-25,95.44667053222656,106.41000366210938,108.4000015258789,105.62999725341795,107.0500030517578,6224100
2020-11-27,96.5320053100586,107.62000274658205,107.75,105.87000274658205,106.66999816894533,1979000
2020-11-30,97.07019805908205,108.22000122070312,108.5500030517578,107.08999633789062,107.7699966430664,5702300
2020-12-01,97.31236267089844,108.48999786376952,109.5999984741211,108.06999969482422,109.23999786376952,4265200
2020-12-02,97.00740814208984,108.1500015258789,108.62999725341795,107.36000061035156,108.30999755859376,3444700
2020-12-03,96.45128631591795,107.52999877929688,108.63999938964844,107.08000183105467,108.1500015258789,3846300
2020-12-04,96.7831573486328,107.9000015258789,108.2699966430664,106.93000030517578,107.08000183105467,4686800
2020-12-07,96.1373291015625,107.18000030517578,108.3000030517578,106.63999938964844,107.72000122070312,6928000
2020-12-08,95.7965087890625,106.8000030517578,107.23999786376952,106.20999908447266,106.8000030517578,6643500
2020-12-09,95.36593627929688,106.31999969482422,107.69000244140624,105.5199966430664,107.0999984741211,5742400
2020-12-10,95.54533386230467,106.5199966430664,107.08999633789062,106.04000091552734,106.76000213623048,4828500
2020-12-11,95.99380493164062,107.0199966430664,107.3499984741211,105.31999969482422,106.0999984741211,4719000
2020-12-14,95.7874984741211,106.79000091552734,109.16999816894533,106.7699966430664,107.5,6250000
2020-12-15,96.37950897216795,107.4499969482422,108.41000366210938,106.4000015258789,106.94000244140624,5256600
2020-12-16,96.2808609008789,107.33999633789062,108.20999908447266,106.61000061035156,107.4499969482422,4458700
2020-12-17,97.57247161865234,108.77999877929688,108.94000244140624,107.61000061035156,107.83000183105467,3924300
2020-12-18,97.742919921875,108.97000122070312,109.61000061035156,107.48999786376952,108.8499984741211,10669800
2020-12-21,96.95358276367188,108.08999633789062,108.18000030517578,105.37000274658205,107.55999755859376,4544000
2020-12-22,97.1240005493164,108.27999877929688,109.04000091552734,106.95999908447266,107.83000183105467,3426400
2020-12-23,96.37950897216795,107.4499969482422,109.68000030517578,107.43000030517578,108.87000274658205,3149500
2020-12-24,97.18678283691406,108.3499984741211,108.9499969482422,107.37999725341795,107.44000244140624,1451500
2020-12-28,96.68449401855467,107.79000091552734,109.0999984741211,107.26000213623048,108.95999908447266,2034200
2020-12-29,97.16885375976562,108.33000183105467,108.94000244140624,108.13999938964844,108.5,2834400
2020-12-30,97.26750946044922,108.44000244140624,109.12000274658205,107.83999633789062,108.69000244140624,2415800
2020-12-31,98.20934295654295,109.48999786376952,109.63999938964844,107.8499984741211,108.16999816894533,2982200
2021-01-04,97.86848449707033,109.11000061035156,110.25,107.26000213623048,109.52999877929688,6192000
2021-01-05,99.07939910888672,110.45999908447266,110.91000366210938,108.3000030517578,108.8499984741211,4322800
2021-01-06,98.87310028076172,110.2300033569336,111.02999877929688,108.58999633789062,108.9499969482422,5539600
2021-01-07,99.83285522460938,111.3000030517578,111.62000274658205,109.25,110.27999877929688,5568800
2021-01-08,100.11090850830078,111.61000061035156,112.5500030517578,110.33999633789062,111.66999816894533,4242200
2021-01-11,99.42024993896484,110.83999633789062,111.9800033569336,110.2300033569336,111.20999908447266,3177400
2021-01-12,97.62629699707033,108.83999633789062,110.72000122070312,108.33999633789062,110.5199966430664,5777100
2021-01-13,100.59526824951172,112.1500015258789,112.9000015258789,108.25,109.08999633789062,6047100
2021-01-14,99.1003189086914,110.04000091552734,111.66000366210938,109.75,111.20999908447266,4391000
2021-01-15,100.23504638671876,111.3000030517578,111.62000274658205,109.38999938964844,110.0,4480100
2021-01-19,101.37877655029295,112.56999969482422,113.12999725341795,110.5199966430664,111.73999786376952,6820300
2021-01-20,101.66697692871094,112.88999938964844,113.52999877929688,112.0,112.6500015258789,2952100
2021-01-21,101.72100830078124,112.9499969482422,113.54000091552734,110.26000213623048,112.25,5028100
2021-01-22,101.6219482421875,112.83999633789062,113.51000213623048,111.73999786376952,113.0,4163900
2021-01-25,103.31502532958984,114.72000122070312,115.4000015258789,113.01000213623048,113.05999755859376,4689300
2021-01-26,103.32404327392578,114.7300033569336,115.12000274658205,113.79000091552734,114.25,4142400
2021-01-27,102.92779541015624,114.29000091552734,117.77999877929688,113.5,115.1999969482422,9104900
2021-01-28,108.4213638305664,120.38999938964844,124.06999969482422,117.1500015258789,117.91000366210938,11296300
2021-01-29,111.30323791503906,123.58999633789062,124.72000122070312,119.70999908447266,120.25,10995100
2021-02-01,110.35759735107422,122.54000091552734,124.81999969482422,122.5,123.23999786376952,8337100
2021-02-02,108.28627014160156,120.23999786376952,123.72000122070312,120.2300033569336,123.4000015258789,7277000
2021-02-03,108.26827239990234,120.22000122070312,120.88999938964844,118.9000015258789,119.73999786376952,4991900
2021-02-04,107.83595275878906,119.73999786376952,120.87000274658205,118.79000091552734,119.83000183105467,4377900
2021-02-05,111.69947814941406,124.02999877929688,124.31999969482422,120.04000091552734,120.43000030517578,5803400
2021-02-08,112.1227569580078,124.5,125.8000030517578,123.7699966430664,125.0,3456000
2021-02-09,112.70813751220705,125.1500015258789,125.27999877929688,123.61000061035156,124.83000183105467,3424500
2021-02-10,112.83422088623048,125.29000091552734,126.1999969482422,124.76000213623048,125.79000091552734,4195400
2021-02-11,114.23011779785156,126.83999633789062,126.87000274658205,125.1999969482422,125.69000244140624,3697400
2021-02-12,115.48194885253906,128.22999572753906,128.5399932861328,126.25,126.41000366210938,3658700
2021-02-16,115.29278564453124,128.02000427246094,128.5,126.8499984741211,128.49000549316406,5174000
2021-02-17,114.59037017822266,127.23999786376952,128.0,126.38999938964844,127.37000274658205,3161800
2021-02-18,112.94227600097656,125.41000366210938,126.66000366210938,124.06999969482422,125.47000122070312,5427900
2021-02-19,110.80791473388672,123.04000091552734,125.38999938964844,122.66999816894533,125.25,6204200
2021-02-22,110.36659240722656,122.5500030517578,122.9499969482422,120.52999877929688,122.9499969482422,4842000
2021-02-23,108.79060363769533,120.8000030517578,123.18000030517578,120.20999908447266,122.25,5565900
2021-02-24,110.2135009765625,122.37999725341795,122.91000366210938,120.66000366210938,120.8000030517578,4127400
2021-02-25,109.49305725097656,121.58000183105467,122.76000213623048,120.7699966430664,121.66000366210938,3468900
2021-02-26,107.87198638916016,119.77999877929688,122.36000061035156,119.66000366210938,122.19000244140624,5197500
2021-03-01,110.0604019165039,122.20999908447266,122.9499969482422,120.61000061035156,120.98999786376952,3858600
2021-03-02,110.34859466552734,122.52999877929688,123.0999984741211,121.19000244140624,122.20999908447266,4908100
2021-03-03,107.3316421508789,119.18000030517578,121.88999938964844,119.05999755859376,121.69000244140624,5239500
2021-03-04,104.476806640625,116.01000213623048,119.80999755859376,114.73999786376952,119.0,6699600
2021-03-05,105.59352111816406,117.25,117.58000183105467,114.8000030517578,117.0,4859500
2021-03-08,104.13457489013672,115.62999725341795,118.27999877929688,115.55999755859376,117.0,3931600
2021-03-09,105.09819793701172,116.6999969482422,119.33999633789062,116.48999786376952,116.73999786376952,5176100
2021-03-10,104.3597183227539,115.87999725341795,119.1999969482422,115.31999969482422,117.23999786376952,7640200
2021-03-11,105.83668518066406,117.5199966430664,117.87000274658205,115.83999633789062,116.69000244140624,4915700
2021-03-12,105.10720825195312,116.70999908447266,117.2699966430664,116.12000274658205,117.08999633789062,3714000
2021-03-15,106.3590316772461,118.0999984741211,118.22000122070312,116.54000091552734,117.19000244140624,4651800
2021-03-16,106.4670867919922,118.22000122070312,119.44000244140624,117.52999877929688,118.4499969482422,3870500
2021-03-17,105.92674255371094,117.62000274658205,118.22000122070312,116.91999816894533,117.66999816894533,3797200
2021-03-18,106.36803436279295,118.11000061035156,119.1500015258789,117.30999755859376,117.5,4253000
2021-03-19,108.29527282714844,120.25,120.98999786376952,117.56999969482422,118.37999725341795,11275200
2021-03-22,109.39398956298828,121.47000122070312,122.22000122070312,120.01000213623048,120.26000213623048,5173100
2021-03-23,108.51140594482422,120.48999786376952,122.1500015258789,119.87000274658205,121.7699966430664,3788500
2021-03-24,106.28694915771484,118.0199966430664,120.4499969482422,117.9499969482422,120.0,6521300
2021-03-25,107.21456909179688,119.0500030517578,119.5,117.23999786376952,118.7300033569336,5320100
2021-03-26,109.93435668945312,122.06999969482422,122.3000030517578,118.94000244140624,119.27999877929688,4857000
2021-03-29,110.07845306396484,122.2300033569336,122.73999786376952,120.0500030517578,121.0,4810100
2021-03-30,107.84497833251952,119.75,122.48999786376952,119.37999725341795,121.5,5054400
2021-03-31,107.92603302001952,119.83999633789062,121.4499969482422,119.75,120.0,5792800
2021-04-01,107.11549377441406,118.94000244140624,120.87000274658205,118.77999877929688,120.27999877929688,4015100
2021-04-05,107.9440460205078,119.86000061035156,120.3499984741211,119.08000183105467,119.6500015258789,6314600
2021-04-06,108.04310607910156,119.97000122070312,122.01000213623048,119.5999984741211,120.01000213623048,5146400
2021-04-07,108.16920471191406,120.11000061035156,120.87999725341795,119.5999984741211,119.81999969482422,4313000
2021-04-08,107.87198638916016,119.77999877929688,121.56999969482422,119.54000091552734,121.01000213623048,3768800
2021-04-09,108.88064575195312,120.9000015258789,120.93000030517578,119.3499984741211,119.6500015258789,4102500
2021-04-12,109.0067367553711,121.04000091552734,121.37000274658205,120.4800033569336,120.55999755859376,2915900
2021-04-13,110.78089141845705,123.01000213623048,123.63999938964844,120.91000366210938,121.0500030517578,4944600
2021-04-14,109.82276153564452,121.5,122.83000183105467,121.29000091552734,122.5500030517578,4726500
2021-04-15,112.02825927734376,123.94000244140624,124.68000030517578,121.9000015258789,122.4000015258789,4510900
2021-04-16,112.39885711669922,124.3499984741211,124.61000061035156,122.9499969482422,124.38999938964844,6243100
2021-04-19,112.56155395507812,124.52999877929688,125.41999816894533,123.58999633789062,123.5999984741211,6853100
2021-04-20,108.4669189453125,120.0,122.0,119.01000213623048,120.5,9908200
2021-04-21,110.81703186035156,122.5999984741211,122.8499984741211,119.86000061035156,120.43000030517578,7040300
2021-04-22,111.63054656982422,123.5,124.81999969482422,122.51000213623048,122.80999755859376,6366900
2021-04-23,111.45879364013672,123.30999755859376,124.11000061035156,122.6500015258789,123.62000274658205,5227000
2021-04-26,110.7989730834961,122.58000183105467,123.4000015258789,121.9499969482422,123.38999938964844,4377500
2021-04-27,110.0035171508789,121.6999969482422,122.5500030517578,121.0,122.0,3384900
2021-04-28,109.77757263183594,121.4499969482422,121.91999816894533,120.54000091552734,121.5199966430664,3755900
2021-04-29,109.3798599243164,121.01000213623048,121.51000213623048,120.01000213623048,121.5,3889200
2021-04-30,108.53923034667967,120.08000183105467,121.1500015258789,119.3499984741211,120.5,4773500
2021-05-03,108.04210662841795,119.52999877929688,120.66000366210938,119.18000030517578,120.5500030517578,4917600
2021-05-04,106.24335479736328,117.54000091552734,119.29000091552734,116.43000030517578,119.1999969482422,9221800
2021-05-05,107.1201171875,118.51000213623048,118.87000274658205,117.18000030517578,117.8000030517578,5632400
2021-05-06,107.37322998046876,118.79000091552734,118.87999725341795,116.6999969482422,118.0500030517578,4305300
2021-05-07,107.51782989501952,118.9499969482422,120.41999816894533,118.76000213623048,119.7699966430664,4076600
2021-05-10,107.5087890625,118.94000244140624,119.9499969482422,118.75,119.1999969482422,3923200
2021-05-11,107.01165771484376,118.38999938964844,119.26000213623048,117.95999908447266,118.86000061035156,5520800
2021-05-12,105.167724609375,116.3499984741211,117.5999984741211,116.25,117.16999816894533,4745500
2021-05-13,106.1619873046875,117.4499969482422,118.02999877929688,116.66999816894533,117.0,4519500
2021-05-14,106.93936920166016,118.30999755859376,118.81999969482422,117.33000183105467,117.98999786376952,3800500
2021-05-17,105.52024841308594,116.73999786376952,118.3499984741211,116.66999816894533,118.0,3732400
2021-05-18,105.73719024658205,116.9800033569336,118.0,116.72000122070312,116.72000122070312,3398400
2021-05-19,105.19483184814452,116.37999725341795,116.43000030517578,115.16000366210938,116.16000366210938,3430800
2021-05-20,106.4783706665039,117.8000030517578,117.97000122070312,116.41000366210938,116.5500030517578,2858200
2021-05-21,105.8727569580078,117.12999725341795,118.9499969482422,116.9800033569336,118.2300033569336,4629300
2021-05-24,106.0173797607422,117.29000091552734,118.26000213623048,117.23999786376952,118.04000091552734,3096000
2021-05-25,107.02069091796876,118.4000015258789,119.23999786376952,117.55999755859376,118.0,4704500
2021-05-26,105.52926635742188,116.75,118.27999877929688,116.0500030517578,117.5199966430664,6692900
2021-05-27,104.57115173339844,115.69000244140624,117.56999969482422,115.61000061035156,117.0,10358900
2021-05-28,105.43889617919922,116.6500015258789,117.81999969482422,116.29000091552734,116.47000122070312,4813000
2021-06-01,95.62262725830078,105.79000091552734,111.3000030517578,105.69000244140624,110.1500015258789,25124100
2021-06-02,96.62593841552734,106.9000015258789,107.93000030517578,105.36000061035156,105.79000091552734,19215100
2021-06-03,98.70489501953124,109.1999969482422,109.66999816894533,106.5500030517578,107.0,12118000
2021-06-04,98.78627014160156,109.29000091552734,109.91000366210938,108.41000366210938,109.3000030517578,7197200
2021-06-07,99.4280242919922,110.0,110.87999725341795,109.72000122070312,109.9800033569336,7933600
2021-06-08,97.52984619140624,107.9000015258789,110.5,107.83000183105467,110.5,8173900
2021-06-09,98.56932067871094,109.0500030517578,109.52999877929688,107.5999984741211,107.80999755859376,13780400
2021-06-10,99.56360626220705,110.1500015258789,110.25,108.98999786376952,109.0500030517578,8012600
2021-06-11,99.34667205810548,109.91000366210938,110.33000183105467,109.51000213623048,110.33000183105467,6517500
2021-06-14,99.86190032958984,110.4800033569336,110.55999755859376,109.62999725341795,110.08000183105467,4888700
2021-06-15,99.79861450195312,110.41000366210938,111.4000015258789,110.0999984741211,110.94000244140624,5398800
2021-06-16,99.48223114013672,110.05999755859376,111.11000061035156,109.8000030517578,110.19000244140624,7051500
2021-06-17,100.9013442993164,111.62999725341795,111.98999786376952,109.7300033569336,109.75,5967400
2021-06-18,99.7262954711914,110.33000183105467,111.3499984741211,110.0,110.0,8831800
2021-06-21,100.72962188720705,111.44000244140624,112.16999816894533,109.7300033569336,110.25,4743300
2021-06-22,100.29573822021484,110.95999908447266,111.91999816894533,110.5,111.66000366210938,6519400
2021-06-23,100.18728637695312,110.83999633789062,111.26000213623048,110.5999984741211,110.5999984741211,4356100
2021-06-24,100.9646224975586,111.6999969482422,113.48999786376952,111.41000366210938,111.5,9718600
2021-06-25,101.88660430908205,112.72000122070312,113.26000213623048,111.51000213623048,111.87999725341795,8750400
2021-06-28,104.58019256591795,115.6999969482422,116.36000061035156,112.73999786376952,112.98999786376952,9567200
2021-06-29,105.94506072998048,117.20999908447266,118.83999633789062,115.45999908447266,115.73999786376952,8150200
2021-06-30,104.78809356689452,115.93000030517578,117.18000030517578,115.25,117.0,5844600
2021-07-01,105.89987182617188,117.16000366210938,117.29000091552734,115.4800033569336,115.61000061035156,4739600
2021-07-02,106.69528198242188,118.04000091552734,118.25,116.6500015258789,116.91999816894533,4787000
2021-07-06,107.40033721923828,118.81999969482422,119.06999969482422,117.76000213623048,118.0,5040400
2021-07-07,108.34942626953124,119.87000274658205,119.9800033569336,118.75,119.08000183105467,4068700
2021-07-08,107.7980499267578,119.26000213623048,119.43000030517578,117.95999908447266,118.86000061035156,3908900
2021-07-09,108.23189544677734,119.73999786376952,120.23999786376952,119.23999786376952,119.6500015258789,4353600
2021-07-12,107.39128875732422,118.80999755859376,119.69000244140624,118.44000244140624,118.80999755859376,3905200
2021-07-13,107.24667358398438,118.6500015258789,119.26000213623048,118.11000061035156,118.56999969482422,3877100
2021-07-14,106.3121109008789,117.16999816894533,118.3000030517578,116.86000061035156,118.12000274658205,4660300
2021-07-15,105.84937286376952,116.66000366210938,117.16000366210938,116.2699966430664,116.6999969482422,5761200
2021-07-16,106.62061309814452,117.51000213623048,117.80999755859376,116.43000030517578,117.04000091552734,3977600
2021-07-19,107.781982421875,118.79000091552734,119.33000183105467,116.93000030517578,116.9800033569336,6739700
2021-07-20,107.72756958007812,118.7300033569336,120.0,118.0999984741211,118.54000091552734,4678400
2021-07-21,107.95439910888672,118.9800033569336,119.29000091552734,117.2300033569336,119.22000122070312,4285300
2021-07-22,107.2920379638672,118.25,118.75,115.86000061035156,118.0,6958000
2021-07-23,109.60575103759766,120.8000030517578,121.0999984741211,119.2699966430664,119.62999725341795,4736100
2021-07-26,108.4443359375,119.5199966430664,120.48999786376952,118.37999725341795,120.23999786376952,4954800
2021-07-27,108.70745849609376,119.80999755859376,121.2300033569336,119.5999984741211,119.5999984741211,5630800
2021-07-28,109.35166931152344,120.5199966430664,121.06999969482422,119.27999877929688,119.80999755859376,3796100
2021-07-29,109.8688507080078,121.08999633789062,121.4000015258789,120.41999816894533,121.08000183105467,3925500
2021-07-30,109.7690658569336,120.9800033569336,121.41999816894533,120.4000015258789,121.0,4688800
2021-08-02,109.7146224975586,120.91999816894533,121.77999877929688,120.18000030517578,121.5,3646100
2021-08-03,110.80341339111328,122.12000274658205,122.5500030517578,121.06999969482422,121.37999725341795,3696200
2021-08-04,110.30436706542967,121.56999969482422,122.6500015258789,121.01000213623048,121.37999725341795,3513400
2021-08-05,110.88507080078124,122.20999908447266,122.36000061035156,120.83000183105467,122.36000061035156,3258100
2021-08-06,110.8487777709961,122.16999816894533,122.20999908447266,121.22000122070312,122.0,3550300
2021-08-09,111.74705505371094,123.16000366210938,123.26000213623048,122.02999877929688,122.38999938964844,4271200
2021-08-10,111.32964324951172,122.6999969482422,123.55999755859376,122.0999984741211,123.3499984741211,4356900
2021-08-11,110.2045669555664,121.45999908447266,123.4000015258789,121.3499984741211,122.83999633789062,3683100
2021-08-12,111.42945861816406,122.80999755859376,123.25,121.0,121.18000030517578,3023600
2021-08-13,111.65628814697266,123.05999755859376,123.2300033569336,122.33999633789062,122.72000122070312,3476600
2021-08-16,113.10804748535156,124.66000366210938,124.6999969482422,123.33000183105467,123.69000244140624,4601900
2021-08-17,114.04258728027344,125.69000244140624,126.37999725341795,124.37000274658205,124.63999938964844,4609700
2021-08-18,112.44568634033205,123.93000030517578,126.08000183105467,123.86000061035156,125.80999755859376,3585200
2021-08-19,114.06979370117188,125.72000122070312,126.38999938964844,123.58000183105467,123.72000122070312,4283800
2021-08-20,114.61420440673828,126.31999969482422,126.9800033569336,125.12000274658205,125.91000366210938,5485800
2021-08-23,114.17868041992188,125.83999633789062,127.3000030517578,125.79000091552734,126.66999816894533,3906700
2021-08-24,113.87020111083984,125.5,125.91000366210938,124.83999633789062,125.5999984741211,3945700
2021-08-25,113.18062591552734,124.73999786376952,125.91000366210938,124.16999816894533,125.83999633789062,4379000
2021-08-26,113.84296417236328,125.47000122070312,126.2699966430664,124.6500015258789,124.69000244140624,3991900
2021-08-27,113.04450988769533,124.58999633789062,126.26000213623048,124.3000030517578,125.68000030517578,4094300
2021-08-30,114.26941680908205,125.94000244140624,126.19000244140624,124.36000061035156,124.52999877929688,3151800
2021-08-31,114.65958404541016,126.37000274658205,127.20999908447266,125.91000366210938,126.4000015258789,6190300
2021-09-01,115.59412384033205,127.4000015258789,127.45999908447266,125.45999908447266,125.72000122070312,3484200
2021-09-02,116.58312225341795,128.49000549316406,128.85000610351562,127.33999633789062,127.5,3402700
2021-09-03,116.99142456054688,128.94000244140625,129.39999389648438,128.14999389648438,129.0,2463300
2021-09-07,116.49240112304688,128.38999938964844,128.49000549316406,127.0500030517578,128.1199951171875,2765500
2021-09-08,117.1002960205078,129.05999755859375,129.52000427246094,128.0,128.55999755859375,3121200
2021-09-09,116.1203842163086,127.9800033569336,129.14999389648438,127.33000183105467,129.14999389648438,4546900
2021-09-10,116.8644027709961,128.8000030517578,129.44000244140625,128.0,128.0,4127400
2021-09-13,114.88639831542967,126.62000274658205,129.6999969482422,124.80999755859376,129.6699981689453,5811000
2021-09-14,115.27655792236328,127.0500030517578,127.98999786376952,126.70999908447266,127.3499984741211,4197400
2021-09-15,115.67578887939452,127.48999786376952,128.17999267578125,126.27999877929688,126.87999725341795,4803200
2021-09-16,115.6304168701172,127.44000244140624,127.97000122070312,126.3000030517578,127.87000274658205,3317100
2021-09-17,115.04063415527344,126.79000091552734,127.8000030517578,126.45999908447266,126.77999877929688,10045200
2021-09-20,113.29857635498048,124.87000274658205,126.56999969482422,123.80999755859376,125.5999984741211,5262200
2021-09-21,113.53448486328124,125.12999725341795,126.77999877929688,125.0999984741211,125.56999969482422,4918600
2021-09-22,113.0989761352539,124.6500015258789,125.73999786376952,124.18000030517578,125.5,6553400
2021-09-23,113.688720703125,125.3000030517578,125.9000015258789,124.80999755859376,125.41999816894533,4161500
2021-09-24,112.84490966796876,124.37000274658205,125.4800033569336,124.2699966430664,124.80999755859376,3045700
2021-09-27,109.4061050415039,120.58000183105467,123.5,120.4499969482422,123.33000183105467,6481200
2021-09-28,107.73662567138672,118.73999786376952,119.76000213623048,117.97000122070312,119.5999984741211,5855200
2021-09-29,108.389892578125,119.45999908447266,120.05999755859376,118.7699966430664,118.91999816894533,4511300
2021-09-30,107.18314361572266,118.12999725341795,120.66999816894533,118.0999984741211,119.86000061035156,4786200
2021-10-01,106.3484115600586,117.20999908447266,118.43000030517578,115.0999984741211,118.1999969482422,8173200
2021-10-04,104.82408142089844,115.52999877929688,117.56999969482422,114.86000061035156,116.61000061035156,5903500
2021-10-05,105.14165496826172,115.87999725341795,116.9499969482422,115.52999877929688,116.11000061035156,4238400
2021-10-06,105.69514465332033,116.48999786376952,116.56999969482422,114.4000015258789,115.75,5498900
2021-10-07,106.98355102539062,117.91000366210938,118.70999908447266,117.4499969482422,117.5500030517578,4505800
2021-10-08,107.4190673828125,118.38999938964844,119.33000183105467,117.81999969482422,118.08999633789062,7193200
2021-10-11,106.0489730834961,116.87999725341795,118.94000244140624,116.8499984741211,118.1500015258789,3873200
2021-10-12,106.44821166992188,117.31999969482422,118.30999755859376,116.41000366210938,117.9000015258789,4599200
2021-10-13,106.15785217285156,117.0,118.2300033569336,116.44000244140624,117.5,3935100
2021-10-14,107.08692169189452,117.56999969482422,117.68000030517578,116.63999938964844,116.66000366210938,4977400
2021-10-15,107.01404571533205,117.48999786376952,118.33000183105467,117.12999725341795,118.08000183105467,6012400
2021-10-18,106.40380859375,116.81999969482422,117.48999786376952,116.3000030517578,117.29000091552734,5275800
2021-10-19,108.69911193847656,119.33999633789062,120.18000030517578,117.05999755859376,117.05999755859376,5880000
2021-10-20,112.31512451171876,123.30999755859376,124.8000030517578,122.19000244140624,123.52999877929688,8401900
2021-10-21,113.89997100830078,125.0500030517578,125.5999984741211,123.08999633789062,123.51000213623048,4984000
2021-10-22,115.42107391357422,126.72000122070312,126.83999633789062,124.87999725341795,125.51000213623048,5742300
2021-10-25,115.29356384277344,126.58000183105467,126.8499984741211,125.4000015258789,126.48999786376952,4426900
2021-10-26,116.70536041259766,128.1300048828125,128.77999877929688,126.79000091552734,127.0,3994000
2021-10-27,116.32278442382812,127.70999908447266,129.39999389648438,127.37000274658205,129.0,4128600
2021-10-28,116.32278442382812,127.70999908447266,128.94000244140625,127.04000091552734,128.02999877929688,3645300
2021-10-29,117.39757537841795,128.88999938964844,129.00999450683594,126.83000183105467,127.26000213623048,4692200
2021-11-01,117.44313049316406,128.94000244140625,129.52999877929688,128.2899932861328,128.63999938964844,3494700
2021-11-02,116.32278442382812,127.70999908447266,129.52999877929688,127.29000091552734,129.3300018310547,8069600
2021-11-03,117.22453308105467,128.6999969482422,128.74000549316406,126.97000122070312,127.37999725341795,5110600
2021-11-04,117.5797348022461,129.08999633789062,129.49000549316406,128.19000244140625,128.9499969482422,4675900
2021-11-05,113.28060150146484,124.37000274658205,127.31999969482422,123.93000030517578,127.08000183105467,7989800
2021-11-08,115.4939422607422,126.8000030517578,127.2300033569336,123.80999755859376,124.0,4930000
2021-11-09,115.1569366455078,126.43000030517578,127.5,126.25,126.6999969482422,5130300
2021-11-10,116.42298889160156,127.81999969482422,128.11000061035156,126.0500030517578,126.19000244140624,5358900
2021-11-11,115.90380859375,127.25,128.9600067138672,127.23999786376952,127.97000122070312,5054800
2021-11-12,116.99679565429688,128.4499969482422,128.85000610351562,127.12000274658205,127.94000244140624,6462200
2021-11-15,117.89855194091795,129.44000244140625,130.1999969482422,128.25999450683594,128.77000427246094,4565800
2021-11-16,119.21925354003906,130.88999938964844,131.60000610351562,129.63999938964844,129.63999938964844,4141300
2021-11-17,117.1516342163086,128.6199951171875,130.6999969482422,128.5399932861328,130.61000061035156,4759900
2021-11-18,116.25904083251952,127.63999938964844,129.42999267578125,127.47000122070312,129.30999755859375,4466100
2021-11-19,115.53038024902344,126.83999633789062,128.52999877929688,126.45999908447266,128.41000366210938,6867700
2021-11-22,114.09124755859376,125.26000213623048,126.8000030517578,124.68000030517578,126.77999877929688,4205400
2021-11-23,113.38082122802734,124.4800033569336,124.88999938964844,123.22000122070312,124.51000213623048,4873700
2021-11-24,113.9181900024414,125.06999969482422,125.27999877929688,124.0,124.06999969482422,3729500
2021-11-26,114.6559600830078,125.87999725341795,129.75,125.44000244140624,127.80999755859376,4671400
2021-11-29,116.6142578125,128.02999877929688,128.94000244140625,125.36000061035156,126.3499984741211,5648200
2021-11-30,114.55575561523438,125.7699966430664,128.7899932861328,125.33999633789062,128.1999969482422,7269900
2021-12-01,115.43928527832033,126.73999786376952,128.47999572753906,125.12000274658205,126.4800033569336,4816700
2021-12-02,116.9330596923828,128.3800048828125,129.85000610351562,126.29000091552734,126.29000091552734,5090800
2021-12-03,118.65453338623048,130.27000427246094,130.4600067138672,128.02999877929688,128.8800048828125,5254500
2021-12-06,120.65836334228516,132.47000122070312,133.27999877929688,130.61000061035156,130.75999450683594,6601600
2021-12-07,120.61282348632812,132.4199981689453,134.0800018310547,131.8000030517578,134.0,5143600
2021-12-08,120.5672607421875,132.3699951171875,133.4499969482422,131.1199951171875,132.8000030517578,5389400
2021-12-09,120.71302032470705,132.52999877929688,133.11000061035156,131.47999572753906,132.5,2663300
2021-12-10,122.38894653320312,134.3699951171875,134.5,132.8699951171875,133.4199981689453,4371800
2021-12-13,123.83722686767578,135.9600067138672,137.0,134.5,134.5,5094800
2021-12-14,121.08644104003906,132.94000244140625,136.0,132.0,135.92999267578125,8193300
2021-12-15,123.47286224365234,135.55999755859375,135.6699981689453,132.89999389648438,133.5399932861328,6422300
2021-12-16,123.9555892944336,136.08999633789062,136.61000061035156,134.60000610351562,135.44000244140625,6984100
2021-12-17,124.8846435546875,137.11000061035156,139.27000427246094,136.88999938964844,137.5399932861328,12146000
2021-12-20,122.94457244873048,134.97999572753906,137.80999755859375,134.22000122070312,136.1999969482422,6501200
2021-12-21,123.20873260498048,135.27000427246094,137.17999267578125,133.39999389648438,136.02000427246094,7153800
2021-12-22,126.5970458984375,138.99000549316406,139.02000427246094,135.7899932861328,135.8800048828125,6768900
2021-12-23,126.75186920166016,139.16000366210938,140.22999572753906,138.72000122070312,139.64999389648438,3491800
2021-12-27,128.84678649902344,141.4600067138672,142.60000610351562,139.42999267578125,139.82000732421875,3801700
2021-12-28,127.945068359375,140.47000122070312,141.7100067138672,140.1300048828125,141.5800018310547,3296000
2021-12-29,128.600830078125,141.19000244140625,141.66000366210938,139.3300018310547,140.47000122070312,2848900
2021-12-30,128.42779541015625,141.0,141.75,140.58999633789062,141.41000366210938,2809100
2021-12-31,128.19100952148438,140.74000549316406,141.77000427246094,140.72000122070312,141.0,3271800
2022-01-03,126.64257049560548,139.0399932861328,139.8300018310547,137.2100067138672,139.42999267578125,6688100
2022-01-04,123.66409301757812,135.77000427246094,139.64999389648438,134.75999450683594,139.5,8241200
2022-01-05,123.10851287841795,135.16000366210938,137.02999877929688,135.07000732421875,135.14999389648438,5948200
2022-01-06,123.09031677246094,135.13999938964844,136.2100067138672,133.8800048828125,135.0,5710200
2022-01-07,123.47286224365234,135.55999755859375,136.17999267578125,134.3800048828125,134.8800048828125,4367500
2022-01-10,123.19960021972656,135.25999450683594,135.5,133.9199981689453,134.7899932861328,5975600
2022-01-11,123.60037994384766,135.6999969482422,135.97000122070312,134.0399932861328,135.22999572753906,5709400
2022-01-12,121.79692840576172,133.72000122070312,135.6999969482422,132.52999877929688,134.88999938964844,8416000
2022-01-13,118.50634002685548,129.64999389648438,132.8300018310547,129.42999267578125,132.38999938964844,7174500
2022-01-14,117.1444091796875,128.16000366210938,130.58999633789062,127.0199966430664,130.49000549316406,9256900
2022-01-18,115.69107818603516,126.56999969482422,127.93000030517578,125.5500030517578,127.4000015258789,5850100
2022-01-19,115.2157745361328,126.0500030517578,127.58000183105467,125.83000183105467,126.75,3996400
2022-01-20,113.99093627929688,124.70999908447266,127.91000366210938,124.61000061035156,126.23999786376952,8652600
2022-01-21,115.01468658447266,125.83000183105467,127.08999633789062,124.86000061035156,126.80999755859376,10132700
2022-01-24,113.17745208740234,123.81999969482422,124.5,120.68000030517578,124.01000213623048,10864500
2022-01-25,112.67469787597656,123.2699966430664,124.62000274658205,121.58999633789062,123.08000183105467,9126600
2022-01-26,109.749755859375,120.06999969482422,121.68000030517578,119.0,119.19000244140624,14753100
2022-01-27,110.08795928955078,120.44000244140624,123.16999816894533,119.73999786376952,120.9800033569336,9179500
2022-01-28,114.575927734375,125.3499984741211,125.52999877929688,119.61000061035156,120.7699966430664,8286500
2022-01-31,116.50457000732422,127.45999908447266,127.95999908447266,125.12999725341795,125.5199966430664,7210000
2022-02-01,116.26690673828124,127.1999969482422,127.66000366210938,126.23999786376952,127.37000274658205,5602000
2022-02-02,118.86283111572266,130.0399932861328,130.74000549316406,127.86000061035156,128.25,7450500
2022-02-03,118.92681884765624,130.11000061035156,130.94000244140625,128.25999450683594,128.6300048828125,5613300
2022-02-04,118.5611801147461,129.7100067138672,130.52000427246094,128.60000610351562,129.55999755859375,4149700
2022-02-07,117.04386138916016,128.0500030517578,129.9499969482422,127.68000030517578,129.8699951171875,4035200
2022-02-08,117.59230041503906,128.64999389648438,128.94000244140625,127.16000366210938,127.52999877929688,3890900
2022-02-09,119.2741470336914,130.49000549316406,130.7899932861328,129.4199981689453,129.52000427246094,3434200
2022-02-10,116.77881622314452,127.76000213623048,129.9199981689453,127.16999816894533,128.57000732421875,5917700
2022-02-11,114.7039031982422,125.48999786376952,128.9199981689453,125.1500015258789,127.77999877929688,4803200
2022-02-14,112.22683715820312,122.77999877929688,125.56999969482422,121.9800033569336,125.0,7433900
2022-02-15,113.32369995117188,123.9800033569336,125.41999816894533,123.41000366210938,124.19000244140624,5298000
2022-02-16,113.04947662353516,123.68000030517578,124.11000061035156,121.55999755859376,123.4499969482422,5078100
2022-02-17,110.21592712402344,120.58000183105467,123.18000030517578,120.47000122070312,122.98999786376952,3688300
2022-02-18,106.75167846679688,116.79000091552734,120.30999755859376,114.83999633789062,120.0,12376100
2022-02-22,107.4097900390625,117.51000213623048,119.33000183105467,116.0999984741211,116.54000091552734,8372800
2022-02-23,107.17215728759766,117.25,118.83999633789062,116.98999786376952,118.0,5184200
2022-02-24,108.51579284667967,118.72000122070312,118.91999816894533,114.43000030517578,115.0,6252600
2022-02-25,111.88864135742188,122.41000366210938,122.93000030517578,118.5,118.72000122070312,5837700
2022-02-28,110.25250244140624,120.62000274658205,121.05999755859376,119.1500015258789,121.0500030517578,6828400
2022-03-01,108.0130615234375,118.16999816894533,121.16000366210938,117.37999725341795,120.30999755859376,6697700
2022-03-02,110.0148468017578,120.36000061035156,121.0500030517578,118.26000213623048,118.62000274658205,6419800
2022-03-03,110.5724105834961,120.97000122070312,122.06999969482422,120.48999786376952,120.8000030517578,5223100
2022-03-04,110.97459411621094,121.41000366210938,121.76000213623048,119.01000213623048,119.93000030517578,5911400
2022-03-07,108.64373779296876,118.86000061035156,120.88999938964844,117.26000213623048,120.54000091552734,6632000
2022-03-08,106.13014221191406,116.11000061035156,119.0199966430664,115.70999908447266,117.91000366210938,6694000
2022-03-09,108.2141571044922,118.38999938964844,119.1999969482422,116.44000244140624,117.9000015258789,5004700
2022-03-10,106.94361877441406,117.0,117.80999755859376,115.7300033569336,117.18000030517578,4377600
2022-03-11,104.21977996826172,114.0199966430664,118.05999755859376,113.87999725341795,117.44000244140624,8012400
2022-03-14,105.59085083007812,115.5199966430664,117.20999908447266,114.58000183105467,114.9000015258789,5527500
2022-03-15,107.38235473632812,117.4800033569336,117.79000091552734,116.22000122070312,117.5,5041200
2022-03-16,109.2104721069336,119.4800033569336,119.54000091552734,116.95999908447266,118.20999908447266,4441800
2022-03-17,110.78263854980467,121.1999969482422,121.23999786376952,118.7300033569336,119.0,3998900
2022-03-18,111.92520141601562,122.4499969482422,122.66999816894533,120.68000030517578,121.73999786376952,7823800
2022-03-21,111.29449462890624,121.76000213623048,123.0999984741211,121.16000366210938,121.93000030517578,4135100
2022-03-22,111.413330078125,121.88999938964844,122.52999877929688,121.26000213623048,121.88999938964844,4479600
2022-03-23,106.8705062866211,116.91999816894533,121.23999786376952,116.73999786376952,121.11000061035156,5656000
2022-03-24,107.6931610107422,117.81999969482422,117.87999725341795,116.61000061035156,117.37999725341795,4505800
2022-03-25,108.7260284423828,118.9499969482422,119.30999755859376,117.73999786376952,118.6500015258789,2896300
2022-03-28,109.6766357421875,119.98999786376952,120.0,118.70999908447266,119.37999725341795,5350900
2022-03-29,109.85944366455078,120.19000244140624,122.06999969482422,119.30999755859376,121.83000183105467,5126100
2022-03-30,110.03311920166016,120.37999725341795,120.73999786376952,119.47000122070312,119.87000274658205,4064800
2022-03-31,108.18673706054688,118.36000061035156,120.48999786376952,118.0999984741211,120.20999908447266,5432600
2022-04-01,108.3878402709961,118.58000183105467,118.97000122070312,117.26000213623048,118.83999633789062,4314000
2022-04-04,108.66205596923828,118.87999725341795,118.9800033569336,117.56999969482422,117.87000274658205,4037200
2022-04-05,109.2104721069336,119.4800033569336,121.19000244140624,118.13999938964844,118.26000213623048,6113400
2022-04-06,109.63094329833984,119.94000244140624,120.19000244140624,117.76000213623048,119.0,5485100
2022-04-07,112.7661361694336,123.37000274658205,124.20999908447266,119.29000091552734,119.5999984741211,5863500
2022-04-08,112.65644073486328,123.25,124.36000061035156,122.11000061035156,123.41999816894533,5093900
2022-04-11,109.72233581542967,120.04000091552734,123.5,119.77999877929688,123.4800033569336,4071100
2022-04-12,108.2141571044922,118.38999938964844,120.61000061035156,117.72000122070312,119.79000091552734,4432300
2022-04-13,109.64576721191406,119.4800033569336,119.80999755859376,117.25,117.55999755859376,4407900
2022-04-14,108.00308990478516,117.69000244140624,120.25,117.55999755859376,120.0500030517578,3140000
2022-04-18,106.71831512451172,116.29000091552734,118.33000183105467,115.54000091552734,117.0199966430664,4115900
2022-04-19,110.10459899902344,119.9800033569336,120.2300033569336,116.6500015258789,116.68000030517578,5120900
2022-04-20,112.54566955566406,122.63999938964844,124.0500030517578,117.5,119.4800033569336,8334200
2022-04-21,113.215576171875,123.37000274658205,124.3499984741211,122.6500015258789,123.18000030517578,7321100
2022-04-22,109.7926025390625,119.63999938964844,123.18000030517578,119.55999755859376,123.0199966430664,6710100
2022-04-25,110.13213348388672,120.01000213623048,120.30999755859376,117.83999633789062,119.16000366210938,4503500
2022-04-26,107.34235382080078,116.97000122070312,119.63999938964844,116.97000122070312,118.61000061035156,3366300
2022-04-27,107.1129379272461,116.72000122070312,118.58000183105467,116.12999725341795,117.29000091552734,4178700
2022-04-28,108.29676055908205,118.01000213623048,118.73999786376952,116.83000183105467,117.5500030517578,4960000
2022-04-29,104.15796661376952,113.5,117.7699966430664,113.12999725341795,117.05999755859376,6815900
2022-05-02,103.54310607910156,112.83000183105467,114.0199966430664,110.27999877929688,113.5,4905000
2022-05-03,103.17603302001952,112.43000030517578,114.33999633789062,111.81999969482422,113.0500030517578,4491500
2022-05-04,106.17689514160156,115.6999969482422,116.33000183105467,111.12999725341795,112.5,5347400
2022-05-05,103.70829010009766,113.01000213623048,115.0,111.68000030517578,114.86000061035156,5703300
2022-05-06,103.02920532226562,112.2699966430664,113.66999816894533,110.97000122070312,112.5500030517578,4966800
2022-05-09,98.55088806152344,107.38999938964844,111.1999969482422,106.94000244140624,110.69000244140624,6478200
2022-05-10,97.96354675292967,106.75,109.62999725341795,106.20999908447266,108.91000366210938,6248300
2022-05-11,97.1284408569336,105.83999633789062,108.0199966430664,105.66000366210938,106.66000366210938,6636100
2022-05-12,99.0831298828125,107.97000122070312,108.0199966430664,104.62999725341795,105.5,8516100
2022-05-13,100.83592224121094,109.87999725341795,110.51000213623048,108.36000061035156,108.36000061035156,6159300
2022-05-16,100.67992401123048,109.70999908447266,110.5199966430664,107.80999755859376,109.4000015258789,7459000
2022-05-17,105.11236572265624,114.54000091552734,115.43000030517578,111.58999633789062,111.58999633789062,9172000
2022-05-18,103.46051025390624,112.73999786376952,114.6999969482422,112.2300033569336,113.41999816894533,6933900
2022-05-19,103.18522644042967,112.44000244140624,113.01000213623048,110.5199966430664,112.02999877929688,6304800
2022-05-20,103.91937255859376,113.23999786376952,113.72000122070312,110.81999969482422,113.4000015258789,4509600
2022-05-23,105.56204223632812,115.02999877929688,115.36000061035156,112.94000244140624,113.8499984741211,4357000
2022-05-24,104.40573120117188,113.7699966430664,115.16000366210938,111.83000183105467,115.16000366210938,5272600
2022-05-25,103.87348175048828,113.19000244140624,114.94000244140624,112.3499984741211,113.1999969482422,3921700
2022-05-26,105.41520690917967,114.87000274658205,115.51000213623048,113.20999908447266,113.77999877929688,4027800
2022-05-27,107.08538818359376,116.69000244140624,116.91999816894533,115.4800033569336,116.08000183105467,3884800
2022-05-31,107.79202270507812,117.45999908447266,118.08999633789062,114.4000015258789,115.55999755859376,10563500
2022-06-01,105.6079330444336,115.08000183105467,118.0,114.52999877929688,117.8499984741211,4890200
2022-06-02,107.8379135131836,117.51000213623048,117.61000061035156,113.2300033569336,115.29000091552734,3856600
2022-06-03,106.97527313232422,116.56999969482422,117.5500030517578,116.33000183105467,116.77999877929688,3778200
2022-06-06,106.83763122558594,116.41999816894533,118.2300033569336,116.04000091552734,117.37999725341795,4205600
2022-06-07,107.2597427368164,116.87999725341795,117.2300033569336,115.22000122070312,116.0999984741211,3285600
2022-06-08,105.2500228881836,114.69000244140624,116.1500015258789,114.33999633789062,115.73999786376952,3683400
2022-06-09,103.43297576904295,112.70999908447266,115.44000244140624,112.68000030517578,114.63999938964844,3424700
2022-06-10,100.60650634765624,109.62999725341795,111.4800033569336,109.0999984741211,110.80999755859376,4805600
2022-06-13,97.19271087646484,105.91000366210938,108.0999984741211,105.33999633789062,107.68000030517578,5215300
2022-06-14,94.4671401977539,102.94000244140624,105.4000015258789,101.9499969482422,105.0999984741211,5890100
2022-06-15,96.17405700683594,104.8000030517578,106.08000183105467,102.66000366210938,104.31999969482422,5278100
2022-06-16,93.66875457763672,102.06999969482422,102.75,101.23999786376952,102.4000015258789,4793600
2022-06-17,94.09088897705078,102.52999877929688,103.69000244140624,101.23999786376952,101.23999786376952,10249200
2022-06-21,95.81614685058594,104.41000366210938,104.9499969482422,103.33000183105467,104.86000061035156,5338300
2022-06-22,96.76136779785156,105.44000244140624,106.58000183105467,103.29000091552734,103.5500030517578,5511600
2022-06-23,97.46800994873048,106.20999908447266,106.77999877929688,105.06999969482422,105.9499969482422,5064800
2022-06-24,100.4413070678711,109.4499969482422,109.63999938964844,106.43000030517578,107.0,14301600
2022-06-27,100.10176849365234,109.08000183105467,110.0999984741211,108.3000030517578,109.9000015258789,3804100
2022-06-28,98.16543579101562,106.97000122070312,109.93000030517578,106.9000015258789,109.25,4185500
2022-06-29,100.12013244628906,109.0999984741211,109.66999816894533,106.73999786376952,107.45999908447266,4552100
2022-06-30,99.7071533203125,108.6500015258789,109.08000183105467,107.36000061035156,108.08000183105467,6070900
2022-07-01,101.14793395996094,110.22000122070312,110.47000122070312,107.6500015258789,108.20999908447266,3291700
2022-07-05,100.3036651611328,109.3000030517578,109.48999786376952,107.1999969482422,108.73999786376952,4752300
2022-07-06,99.74388122558594,108.69000244140624,109.5,108.12999725341795,108.83000183105467,3975300
2022-07-07,100.47801971435548,109.48999786376952,109.62000274658205,108.1999969482422,108.4800033569336,4149000
2022-07-08,100.2669448852539,109.26000213623048,109.91999816894533,108.5500030517578,108.7300033569336,3115500
2022-07-11,99.92741394042967,108.88999938964844,109.4000015258789,108.08000183105467,108.5999984741211,4041100
2022-07-12,99.385986328125,108.3000030517578,110.37000274658205,107.6999969482422,108.5,5756300
2022-07-13,97.46800994873048,106.20999908447266,106.97000122070312,105.68000030517578,106.83999633789062,5087700
2022-07-14,97.4403305053711,105.70999908447266,105.91999816894533,103.76000213623048,104.62999725341795,4993600
2022-07-15,100.30704498291016,108.81999969482422,108.9800033569336,107.26000213623048,107.41000366210938,4617900
2022-07-18,98.6478500366211,107.0199966430664,108.95999908447266,106.6999969482422,108.55999755859376,4499900
2022-07-19,101.33019256591795,109.93000030517578,110.0,107.95999908447266,108.43000030517578,5788400
2022-07-20,99.76321411132812,108.2300033569336,108.81999969482422,106.87999725341795,106.98999786376952,7300200
2022-07-21,102.03077697753906,110.69000244140624,110.72000122070312,108.41000366210938,108.62000274658205,5698000
2022-07-22,100.65731811523438,109.1999969482422,112.0,108.33000183105467,112.0,4733900
2022-07-25,100.01209259033205,108.5,109.33000183105467,107.47000122070312,109.08999633789062,3905600
2022-07-26,100.555908203125,109.08999633789062,109.87999725341795,108.3000030517578,108.70999908447266,4824000
2022-07-27,101.38550567626952,109.98999786376952,110.63999938964844,108.62000274658205,109.37999725341795,3303500
2022-07-28,101.72657775878906,110.36000061035156,111.3499984741211,108.54000091552734,110.0999984741211,4736100
2022-07-29,100.32546997070312,108.83999633789062,109.87000274658205,108.55999755859376,109.83000183105467,4922900
2022-08-01,100.9522933959961,109.5199966430664,109.9000015258789,108.11000061035156,108.37999725341795,3871900
2022-08-02,100.14111328125,108.63999938964844,110.9000015258789,108.54000091552734,109.62000274658205,3093800
2022-08-03,101.03524017333984,109.61000061035156,109.97000122070312,108.2699966430664,109.11000061035156,3866200
2022-08-04,101.13663482666016,109.72000122070312,110.62000274658205,109.58000183105467,110.41000366210938,2794000
2022-08-05,100.70342254638672,109.25,109.31999969482422,108.38999938964844,108.75,2789600
2022-08-08,100.47296905517578,109.0,109.9800033569336,108.58999633789062,109.79000091552734,2283800
2022-08-09,99.46823120117188,107.91000366210938,108.8000030517578,107.5500030517578,108.08999633789062,3943500
2022-08-10,101.64361572265624,110.2699966430664,110.37999725341795,109.1999969482422,109.76000213623048,3960900
2022-08-11,101.84640502929688,110.48999786376952,112.12999725341795,110.38999938964844,110.83999633789062,3281400
2022-08-12,102.75895690917967,111.4800033569336,111.52999877929688,110.44000244140624,110.86000061035156,2813300
2022-08-15,103.1460952758789,111.9000015258789,112.30999755859376,111.0199966430664,111.30999755859376,2949500
2022-08-16,103.2659149169922,112.02999877929688,112.52999877929688,111.43000030517578,111.45999908447266,2897400
2022-08-17,101.9017105102539,110.5500030517578,112.12999725341795,110.37000274658205,111.62999725341795,3053500
2022-08-18,101.3578643798828,109.95999908447266,110.93000030517578,108.79000091552734,110.93000030517578,4143600
2022-08-19,101.45004272460938,110.05999755859376,110.8000030517578,109.4000015258789,110.4800033569336,5092700
2022-08-22,99.0442352294922,107.4499969482422,109.30999755859376,106.88999938964844,108.97000122070312,3496800
2022-08-23,97.71686553955078,106.01000213623048,106.87000274658205,105.5199966430664,106.81999969482422,4203000
2022-08-24,97.19145965576172,105.44000244140624,106.16999816894533,105.12000274658205,105.9000015258789,4278200
2022-08-25,97.6062469482422,105.88999938964844,105.95999908447266,104.5500030517578,105.23999786376952,5249200
2022-08-26,93.92839813232422,101.9000015258789,106.3000030517578,101.62999725341795,105.94000244140624,5440700
2022-08-29,93.87308502197266,101.83999633789062,102.61000061035156,101.20999908447266,101.5,4229900
2022-08-30,94.20491790771484,102.1999969482422,102.72000122070312,101.83999633789062,102.43000030517578,4629700
2022-08-31,94.61973571777344,102.6500015258789,104.0500030517578,102.5999984741211,102.97000122070312,7600700
2022-09-01,96.63839721679688,104.83999633789062,104.9000015258789,102.02999877929688,102.36000061035156,4397900
2022-09-02,94.48145294189452,102.5,105.6500015258789,101.9800033569336,105.4499969482422,4103200
2022-09-06,94.6750259399414,102.70999908447266,103.93000030517578,102.23999786376952,102.5,4670400
2022-09-07,96.50933074951172,104.6999969482422,104.97000122070312,102.73999786376952,102.87999725341795,5100800
2022-09-08,98.62020874023438,106.98999786376952,107.56999969482422,103.58999633789062,103.62999725341795,8700700
2022-09-09,99.99364471435548,108.4800033569336,109.06999969482422,107.02999877929688,107.12999725341795,5781200
2022-09-12,100.7402801513672,109.29000091552734,109.66999816894533,108.51000213623048,108.77999877929688,4358100
2022-09-13,97.56016540527344,105.83999633789062,107.58000183105467,105.58000183105467,107.22000122070312,5300800
2022-09-14,97.5048599243164,105.77999877929688,106.79000091552734,105.01000213623048,105.93000030517578,3264200
2022-09-15,96.84117889404295,105.05999755859376,107.08000183105467,104.86000061035156,106.05999755859376,4237000
2022-09-16,95.86410522460938,104.0,105.0,103.41000366210938,104.79000091552734,8898200
2022-09-19,95.94705963134766,104.08999633789062,104.11000061035156,102.25,103.25,3816000
2022-09-20,94.30631256103516,102.30999755859376,103.02999877929688,101.2300033569336,102.79000091552734,4617100
2022-09-21,92.77618408203124,100.6500015258789,103.91999816894533,100.62000274658205,102.87000274658205,4720500
2022-09-22,93.163330078125,101.06999969482422,101.83000183105467,99.8499984741211,100.0500030517578,5567500
2022-09-23,92.80384063720705,100.68000030517578,100.88999938964844,98.80999755859376,100.38999938964844,6214600
2022-09-26,92.02954864501952,99.83999633789062,100.6500015258789,99.26000213623048,100.18000030517578,6037800
2022-09-27,90.6376724243164,98.33000183105467,100.7300033569336,97.91000366210938,100.25,6377800
2022-09-28,90.99716186523438,98.72000122070312,99.2699966430664,97.56999969482422,98.06999969482422,7206900
2022-09-29,90.6008071899414,98.29000091552734,99.18000030517578,97.5500030517578,98.8499984741211,6698800
2022-09-30,89.19049072265625,96.76000213623048,99.5,96.66999816894533,98.70999908447266,6728400
2022-10-03,91.7345733642578,99.5199966430664,100.19000244140624,97.4000015258789,97.8000030517578,4817600
2022-10-04,95.0160903930664,103.08000183105467,103.20999908447266,100.54000091552734,100.73999786376952,5710800
2022-10-05,95.29261016845705,103.37999725341795,103.95999908447266,101.91999816894533,102.16999816894533,3803400
2022-10-06,94.43536376953124,102.4499969482422,103.20999908447266,101.87999725341795,102.86000061035156,6348100
2022-10-07,93.82699584960938,101.79000091552734,105.08999633789062,101.04000091552734,102.5,8485900
2022-10-10,93.21861267089844,101.12999725341795,102.31999969482422,100.31999969482422,102.12000274658205,4044600
2022-10-11,93.79013061523438,101.75,102.75,100.08999633789062,100.8499984741211,5304800
2022-10-12,92.2507781982422,100.08000183105467,101.91000366210938,100.05999755859376,101.25,4106200
2022-10-13,94.89946746826172,102.47000122070312,103.08000183105467,97.68000030517578,97.93000030517578,6250900
2022-10-14,93.45471954345705,100.91000366210938,103.91999816894533,100.79000091552734,103.18000030517578,6087200
2022-10-17,95.87189483642578,103.5199966430664,103.9499969482422,101.87000274658205,102.12000274658205,7315800
2022-10-18,97.22403717041016,104.9800033569336,106.66999816894533,104.66000366210938,105.80999755859376,8943900
2022-10-19,90.86160278320312,98.11000061035156,101.16999816894533,96.31999969482422,101.0,18525200
2022-10-20,88.17585754394531,95.20999908447266,97.73999786376952,95.01000213623048,96.5199966430664,12651200
2022-10-21,88.03694152832031,95.05999755859376,95.5199966430664,93.25,94.3499984741211,9859000
2022-10-24,91.0282974243164,98.29000091552734,98.48999786376952,95.9000015258789,96.0500030517578,8118000
2022-10-25,90.71340942382812,97.9499969482422,98.9000015258789,97.66000366210938,98.06999969482422,7114400
2022-10-26,91.14869689941406,98.41999816894533,99.5199966430664,97.87999725341795,98.08999633789062,8290100
2022-10-27,89.76876831054688,96.93000030517578,98.66999816894533,96.7699966430664,98.66999816894533,6610000
2022-10-28,92.1396484375,99.48999786376952,100.0199966430664,97.1999969482422,97.31999969482422,5768100
2022-10-31,91.63027954101562,98.94000244140624,99.5,98.1500015258789,99.12999725341795,5885600
2022-11-01,91.97293090820312,99.30999755859376,100.31999969482422,98.63999938964844,99.62000274658205,5249400
2022-11-02,90.79676055908205,98.04000091552734,101.2300033569336,98.0199966430664,98.7300033569336,5196700
2022-11-03,89.3242416381836,96.4499969482422,97.01000213623048,95.3499984741211,96.80999755859376,4873400
2022-11-04,90.82454681396484,98.06999969482422,98.2300033569336,96.1500015258789,97.83000183105467,4902800
2022-11-07,92.14889526367188,99.5,100.04000091552734,98.12999725341795,98.77999877929688,4903700
2022-11-08,92.27855682373048,99.63999938964844,100.26000213623048,98.9499969482422,99.9000015258789,5708200
2022-11-09,92.1118621826172,99.45999908447266,101.2699966430664,99.25,99.91000366210938,5339600
2022-11-10,96.52945709228516,104.2300033569336,104.44000244140624,102.13999938964844,103.02999877929688,5907400
2022-11-11,96.3997802734375,104.08999633789062,105.91000366210938,103.93000030517578,104.63999938964844,7106900
2022-11-14,94.47345733642578,102.01000213623048,104.30999755859376,101.98999786376952,103.66999816894533,5661600
2022-11-15,95.5199737548828,103.13999938964844,104.4800033569336,102.37999725341795,103.4499969482422,5262900
2022-11-16,95.95525360107422,103.61000061035156,105.3000030517578,103.26000213623048,104.23999786376952,3292800
2022-11-17,94.9828109741211,102.55999755859376,103.08999633789062,101.5500030517578,102.66999816894533,3332900
2022-11-18,96.196044921875,103.87000274658205,104.19000244140624,102.94000244140624,103.5199966430664,3931800
2022-11-21,96.20529174804688,103.87999725341795,104.9000015258789,103.66999816894533,103.7300033569336,4148800
2022-11-22,97.12215423583984,104.87000274658205,105.0,102.87000274658205,103.9800033569336,4511700
2022-11-23,98.1872100830078,106.0199966430664,106.47000122070312,104.4000015258789,104.97000122070312,4617500
2022-11-25,99.05774688720705,106.95999908447266,107.3499984741211,106.51000213623048,106.66999816894533,2558100
2022-11-28,97.60375213623048,105.38999938964844,107.75,105.12999725341795,106.72000122070312,4149700
2022-11-29,97.2425537109375,105.0,105.37999725341795,104.4800033569336,105.0,4832300
2022-11-30,99.6319351196289,107.58000183105467,107.6999969482422,103.44000244140624,105.12999725341795,12737300
2022-12-01,99.95608520507812,107.93000030517578,108.6500015258789,107.3499984741211,108.23999786376952,5076200
2022-12-02,100.1042709350586,108.08999633789062,108.13999938964844,106.1999969482422,106.75,4944100
2022-12-05,97.6222686767578,105.41000366210938,107.05999755859376,105.05999755859376,106.88999938964844,4687100
2022-12-06,96.1867904663086,103.86000061035156,105.41000366210938,103.12999725341795,104.98999786376952,4175700
2022-12-07,97.06658172607422,104.80999755859376,105.48999786376952,104.0199966430664,104.0199966430664,3592400
2022-12-08,99.02071380615234,106.91999816894533,107.08999633789062,104.2300033569336,104.66000366210938,4607700
2022-12-09,99.5671157836914,107.51000213623048,108.4800033569336,106.4499969482422,106.7300033569336,5346400
2022-12-12,101.40082550048828,109.48999786376952,109.58999633789062,107.7300033569336,107.7300033569336,4752500
2022-12-13,103.29012298583984,111.52999877929688,112.6999969482422,111.05999755859376,112.31999969482422,6246000
2022-12-14,103.04006958007812,111.26000213623048,112.91000366210938,110.52999877929688,111.37000274658205,5614900
2022-12-15,100.50250244140624,108.5199966430664,110.0,108.41000366210938,109.8499984741211,4947800
2022-12-16,99.0114517211914,106.91000366210938,107.8499984741211,105.77999877929688,107.6999969482422,7976100
2022-12-19,98.7150650024414,106.58999633789062,107.18000030517578,105.83000183105467,106.73999786376952,4352000
2022-12-20,98.62248229980467,106.48999786376952,106.98999786376952,105.62000274658205,106.61000061035156,3673000
2022-12-21,100.15057373046876,108.13999938964844,108.38999938964844,107.05999755859376,107.08999633789062,3228600
2022-12-22,100.04869842529295,108.02999877929688,108.16000366210938,106.22000122070312,107.70999908447266,3311100
2022-12-23,100.18761444091795,108.18000030517578,108.4000015258789,107.0999984741211,107.66999816894533,2618400
2022-12-27,100.54879760742188,108.56999969482422,109.0500030517578,107.37999725341795,108.3499984741211,2927400
2022-12-28,99.8634796142578,107.83000183105467,110.0999984741211,107.73999786376952,109.0199966430664,3265200
2022-12-29,102.1602554321289,110.30999755859376,110.76000213623048,108.45999908447266,108.75,3047800
2022-12-30,101.6786880493164,109.79000091552734,110.12000274658205,108.66000366210938,109.8000030517578,3471000
2023-01-03,101.48419189453124,109.58000183105467,111.33000183105467,108.75,110.51000213623048,4171900
2023-01-04,102.9937744140625,111.20999908447266,111.94000244140624,110.3499984741211,111.01000213623048,4395500
2023-01-05,102.61405181884766,110.8000030517578,111.70999908447266,110.36000061035156,111.0999984741211,4896900
2023-01-06,104.031005859375,112.33000183105467,112.73999786376952,110.20999908447266,112.0,3800400
2023-01-09,103.86431884765624,112.1500015258789,113.66999816894533,112.0199966430664,113.5199966430664,7277700
2023-01-10,105.43871307373048,113.8499984741211,114.08000183105467,112.31999969482422,112.5,5591700
2023-01-11,104.79044342041016,113.1500015258789,115.69000244140624,112.13999938964844,114.87000274658205,5350300
2023-01-12,103.59962463378906,111.36000061035156,112.38999938964844,110.88999938964844,111.98999786376952,4697700
2023-01-13,105.59981536865234,113.51000213623048,113.88999938964844,111.19000244140624,111.2699966430664,5348700
2023-01-17,105.48817443847656,113.38999938964844,114.27999877929688,113.05999755859376,113.5,5711000
2023-01-18,103.73918914794922,111.51000213623048,113.58000183105467,111.19000244140624,113.20999908447266,4288500
2023-01-19,104.00897216796876,111.8000030517578,112.31999969482422,110.58999633789062,111.05999755859376,6157700
2023-01-20,104.95787811279295,112.81999969482422,113.04000091552734,111.6500015258789,112.1999969482422,5078300
2023-01-23,106.06497192382812,114.01000213623048,114.6999969482422,112.41999816894533,112.43000030517578,6115300
2023-01-24,104.68809509277344,112.52999877929688,113.66000366210938,112.27999877929688,112.86000061035156,4662000
2023-01-25,103.26471710205078,111.0,112.23999786376952,109.58999633789062,110.0,6070800
2023-01-26,103.329833984375,111.06999969482422,111.62000274658205,110.11000061035156,111.25,4159500
2023-01-27,102.28789520263672,109.9499969482422,111.26000213623048,109.80999755859376,110.6500015258789,4860600
2023-01-30,102.15763854980467,109.80999755859376,110.66999816894533,109.62000274658205,109.80999755859376,4434800
2023-01-31,102.84607696533205,110.5500030517578,110.66000366210938,108.87000274658205,109.79000091552734,5698300
2023-02-01,104.0275650024414,111.81999969482422,112.08999633789062,109.66999816894533,110.77999877929688,4532300
2023-02-02,104.42761993408205,112.25,112.37000274658205,110.88999938964844,111.27999877929688,5051800
2023-02-03,103.99967956542967,111.79000091552734,112.33000183105467,110.66000366210938,111.80999755859376,3754500
2023-02-06,103.03214263916016,110.75,111.69000244140624,110.45999908447266,111.56999969482422,4145600
2023-02-07,104.18573760986328,111.98999786376952,112.41000366210938,109.87999725341795,110.04000091552734,3401600
2023-02-08,102.52046966552734,110.1999969482422,111.87000274658205,109.75,111.4000015258789,4222300
2023-02-09,100.53888702392578,108.06999969482422,111.2699966430664,107.51000213623048,110.69000244140624,3912700
2023-02-10,100.62264251708984,108.16000366210938,108.9000015258789,107.8000030517578,108.26000213623048,4186300
2023-02-13,100.95755004882812,108.5199966430664,109.13999938964844,107.7699966430664,108.31999969482422,3711000
2023-02-14,99.78536224365234,107.26000213623048,108.33999633789062,106.36000061035156,108.19000244140624,4244000
2023-02-15,99.80396270751952,107.27999877929688,107.30999755859376,106.27999877929688,106.76000213623048,4060300
2023-02-16,98.68757629394533,106.08000183105467,107.38999938964844,105.66999816894533,105.7699966430664,3299000
2023-02-17,99.30157470703124,106.73999786376952,106.95999908447266,105.48999786376952,105.54000091552734,3564100
2023-02-21,96.42691040039062,103.6500015258789,106.13999938964844,103.3499984741211,105.8499984741211,5204300
2023-02-22,95.53382873535156,102.69000244140624,103.8499984741211,100.5,103.23999786376952,8900900
2023-02-23,95.40357208251952,102.5500030517578,103.77999877929688,101.66000366210938,103.23999786376952,4611100
2023-02-24,93.45922088623048,100.45999908447266,101.8000030517578,99.88999938964844,101.4499969482422,5476800
2023-02-27,92.81729888916016,99.7699966430664,101.30999755859376,99.66000366210938,101.27999877929688,4489800
2023-02-28,94.63142395019533,101.72000122070312,102.41999816894533,99.69000244140624,99.83999633789062,7877000
2023-03-01,93.8034439086914,100.83000183105467,101.36000061035156,100.38999938964844,100.6999969482422,3963500
2023-03-02,95.47799682617188,102.62999725341795,102.9800033569336,100.2699966430664,100.2699966430664,5209900
2023-03-03,97.17118072509766,104.4499969482422,104.51000213623048,102.76000213623048,102.9000015258789,4982400
2023-03-06,95.5896224975586,102.75,104.5999984741211,102.62999725341795,104.51000213623048,5005100
2023-03-07,93.01268768310548,99.9800033569336,103.0999984741211,99.81999969482422,102.86000061035156,6349000
2023-03-08,92.47310638427734,99.4000015258789,100.2699966430664,99.26000213623048,99.91999816894533,6252600
2023-03-09,91.03109741210938,97.8499984741211,99.97000122070312,97.5,99.88999938964844,5146000
2023-03-10,90.203125,96.95999908447266,98.4000015258789,96.55999755859376,97.76000213623048,7042400
2023-03-13,91.34741973876952,98.19000244140624,99.1999969482422,96.38999938964844,96.5999984741211,6553000
2023-03-14,91.6823272705078,98.5500030517578,99.5,97.33999633789062,99.27999877929688,5093900
2023-03-15,90.9845962524414,97.8000030517578,97.94000244140624,96.6999969482422,97.5,5712100
2023-03-16,92.1288833618164,99.02999877929688,99.27999877929688,97.0,97.05999755859376,5289100
2023-03-17,90.24964141845705,97.01000213623048,99.1999969482422,96.51000213623048,99.01000213623048,10848100
2023-03-20,91.04971313476562,97.87000274658205,98.1999969482422,97.18000030517578,97.26000213623048,6075700
2023-03-21,91.4776611328125,98.33000183105467,98.41000366210938,97.29000091552734,98.16999816894533,4475000
2023-03-22,90.11009216308594,96.86000061035156,99.30999755859376,96.83999633789062,98.61000061035156,3606700
2023-03-23,90.2775650024414,97.04000091552734,97.80999755859376,96.44000244140624,96.9000015258789,4525000
2023-03-24,91.21717071533205,98.0500030517578,98.08000183105467,96.80999755859376,97.04000091552734,5269100
2023-03-27,91.59859466552734,98.45999908447266,99.4800033569336,98.2699966430664,99.0,4627700
2023-03-28,90.34268188476562,97.11000061035156,98.23999786376952,96.61000061035156,98.0999984741211,4815400
2023-03-29,91.74744415283205,98.62000274658205,98.73999786376952,97.25,98.01000213623048,6780200
2023-03-30,92.17540740966795,99.08000183105467,99.4800033569336,98.51000213623048,99.37999725341795,5199300
2023-03-31,94.20348358154295,101.26000213623048,101.41000366210938,99.7300033569336,99.91999816894533,6442400
2023-04-03,94.51048278808594,101.58999633789062,101.66000366210938,100.04000091552734,100.8000030517578,5432400
2023-04-04,95.63616180419922,102.8000030517578,103.33999633789062,101.83000183105467,101.9000015258789,7979000
2023-04-05,96.94789123535156,104.20999908447266,104.29000091552734,102.5,102.62999725341795,7298300
2023-04-06,97.61773681640624,104.93000030517578,105.5500030517578,104.18000030517578,104.48999786376952,5065000
2023-04-10,96.47342681884766,103.6999969482422,104.91000366210938,103.05999755859376,104.41999816894533,4900200
2023-04-11,96.09201049804688,103.29000091552734,104.6999969482422,103.0999984741211,104.1999969482422,4658000
2023-04-12,95.4128646850586,102.55999755859376,103.83999633789062,102.30999755859376,103.38999938964844,4560700
2023-04-13,96.87142181396484,103.61000061035156,103.70999908447266,101.8000030517578,102.75,4778700
2023-04-14,97.19866943359376,103.95999908447266,104.3499984741211,103.45999908447266,103.61000061035156,5043700
2023-04-17,97.72223663330078,104.5199966430664,104.8499984741211,104.0,104.0,4806400
2023-04-18,97.37628936767578,104.1500015258789,105.6999969482422,103.93000030517578,105.44000244140624,6552100
2023-04-19,104.98688507080078,112.29000091552734,112.6999969482422,108.1500015258789,108.5,12425400
2023-04-20,103.17305755615234,110.3499984741211,112.29000091552734,110.0,112.25,7413200
2023-04-21,104.39786529541016,111.66000366210938,112.12000274658205,110.87999725341795,110.87999725341795,6301100
2023-04-24,103.21981811523438,110.4000015258789,111.75,110.13999938964844,111.75,5341900
2023-04-25,102.81779479980467,109.97000122070312,110.52999877929688,109.66999816894533,110.38999938964844,5636700
2023-04-26,101.67713165283205,108.75,109.41999816894533,108.2699966430664,109.31999969482422,4240000
2023-04-27,102.37835693359376,109.5,109.54000091552734,107.66999816894533,108.70999908447266,4257200
2023-04-28,103.28526306152344,110.47000122070312,110.8499984741211,109.37000274658205,109.44000244140624,4835900
2023-05-01,103.88362884521484,111.11000061035156,111.56999969482422,109.93000030517578,110.45999908447266,3722900
2023-05-02,104.24827575683594,111.5,111.94000244140624,110.43000030517578,111.05999755859376,4998000
2023-05-03,104.49137115478516,111.76000213623048,112.9499969482422,111.43000030517578,111.80999755859376,5602000
2023-05-04,103.64989471435548,110.86000061035156,111.48999786376952,110.55999755859376,111.4499969482422,4070700
2023-05-05,104.02389526367188,111.26000213623048,111.75,111.0500030517578,111.37000274658205,4025000
2023-05-08,103.68729400634766,110.9000015258789,111.58000183105467,110.29000091552734,110.45999908447266,2445500
2023-05-09,103.0795669555664,110.25,111.02999877929688,109.29000091552734,110.12999725341795,3274300
2023-05-10,103.4909439086914,110.69000244140624,110.97000122070312,109.62999725341795,110.9000015258789,3129100
2023-05-11,102.89258575439452,110.0500030517578,110.47000122070312,109.26000213623048,110.05999755859376,3879400
2023-05-12,103.303955078125,110.48999786376952,110.5500030517578,109.4800033569336,109.76000213623048,3325000
2023-05-15,102.6962432861328,109.83999633789062,110.9800033569336,109.54000091552734,110.63999938964844,3020000
2023-05-16,102.2754898071289,109.38999938964844,110.45999908447266,109.26000213623048,109.54000091552734,3393800
2023-05-17,101.74256896972656,108.81999969482422,109.9800033569336,107.97000122070312,109.7699966430664,3801000
2023-05-18,101.41533660888672,108.47000122070312,108.83999633789062,107.87000274658205,108.7300033569336,3481600
2023-05-19,101.84542846679688,108.93000030517578,109.9800033569336,108.4000015258789,108.9800033569336,4487700
2023-05-22,101.20964050292967,108.25,109.31999969482422,108.06999969482422,108.68000030517578,2809500
2023-05-23,98.86288452148438,105.73999786376952,107.4800033569336,105.5199966430664,107.3000030517578,4337800
2023-05-24,97.2734603881836,104.04000091552734,105.6500015258789,103.98999786376952,105.6500015258789,4507600
2023-05-25,95.49703216552734,102.13999938964844,103.52999877929688,101.33999633789062,103.2699966430664,6734500
2023-05-26,96.1795425415039,102.87000274658205,103.4499969482422,102.02999877929688,102.1500015258789,4911800
2023-05-30,95.09498596191406,101.70999908447266,102.5199966430664,101.56999969482422,102.25,5168700
2023-05-31,95.36613464355467,102.0,102.2699966430664,100.37999725341795,101.5,7063400
2023-06-01,96.13279724121094,102.81999969482422,102.9000015258789,100.91000366210938,101.91000366210938,4603900
2023-06-02,97.42304229736328,104.1999969482422,104.5,102.8499984741211,103.30999755859376,6024300
2023-06-05,97.01166534423828,103.76000213623048,105.01000213623048,103.33999633789062,104.05999755859376,3565900
2023-06-06,95.94583892822266,102.62000274658205,104.04000091552734,102.22000122070312,103.87000274658205,4044300
2023-06-07,95.04825592041016,101.66000366210938,102.48999786376952,101.25,102.41999816894533,6231200
2023-06-08,94.2254867553711,100.77999877929688,101.37999725341795,100.56999969482422,101.25,5159000
2023-06-09,95.07628631591795,101.69000244140624,101.9800033569336,100.54000091552734,100.97000122070312,4276000
2023-06-12,94.80514526367188,101.4000015258789,101.91000366210938,100.79000091552734,101.83999633789062,3629100
2023-06-13,95.23522186279295,101.86000061035156,102.06999969482422,100.94000244140624,101.48999786376952,4642200
2023-06-14,96.53482818603516,103.25,104.1500015258789,102.81999969482422,103.30999755859376,5020600
2023-06-15,98.18970489501952,105.0199966430664,105.31999969482422,103.11000061035156,103.26000213623048,6378600
2023-06-16,99.29296875,106.1999969482422,106.56999969482422,105.37000274658205,105.44000244140624,10020900
2023-06-20,99.7604522705078,106.6999969482422,107.66999816894533,104.9000015258789,105.1999969482422,6573100
2023-06-21,99.33971405029295,106.25,106.76000213623048,105.61000061035156,106.62000274658205,4428600
2023-06-22,101.20964050292967,108.25,108.36000061035156,106.44000244140624,106.69000244140624,5480300
2023-06-23,101.02265167236328,108.0500030517578,108.5,107.37000274658205,108.1999969482422,5647000
2023-06-26,101.45275115966795,108.51000213623048,109.20999908447266,106.8000030517578,108.0999984741211,6134700
2023-06-27,100.77955627441406,107.79000091552734,108.94000244140624,106.7699966430664,108.88999938964844,4849700
2023-06-28,100.61127471923828,107.61000061035156,108.1500015258789,107.36000061035156,107.95999908447266,3900000
2023-06-29,100.65802001953124,107.66000366210938,107.86000061035156,106.97000122070312,107.02999877929688,3417400
2023-06-30,101.9295425415039,109.0199966430664,109.33999633789062,107.6999969482422,108.0,4449200
2023-07-03,100.24663543701172,107.22000122070312,108.4800033569336,107.02999877929688,108.25,2268000
2023-07-05,100.38687133789062,107.37000274658205,107.83000183105467,106.4499969482422,106.72000122070312,4968600
2023-07-06,100.2279281616211,107.1999969482422,107.4499969482422,106.13999938964844,106.75,5325000
2023-07-07,99.43321228027344,106.3499984741211,107.93000030517578,106.06999969482422,106.3000030517578,5053700
2023-07-10,100.05962371826172,107.0199966430664,107.75,106.29000091552734,106.58000183105467,5259500
2023-07-11,100.5084228515625,107.5,107.68000030517578,106.7699966430664,107.0199966430664,3899700
2023-07-12,99.90068817138672,106.8499984741211,108.20999908447266,106.66000366210938,108.05999755859376,4845300
2023-07-13,101.2159194946289,107.73999786376952,107.79000091552734,106.4499969482422,106.69000244140624,4936800
2023-07-14,101.39442443847656,107.93000030517578,108.47000122070312,107.18000030517578,108.0,4016000
2023-07-17,100.52073669433594,107.0,107.70999908447266,106.70999908447266,107.54000091552734,4580800
2023-07-18,100.47374725341795,106.9499969482422,107.19000244140624,105.95999908447266,106.80999755859376,3913900
2023-07-19,100.78377532958984,107.27999877929688,108.08999633789062,107.05999755859376,107.06999969482422,6225900
2023-07-20,105.05826568603516,111.83000183105467,112.56999969482422,107.77999877929688,108.0999984741211,8768600
2023-07-21,107.36927795410156,114.29000091552734,114.79000091552734,112.33000183105467,112.8499984741211,7062700
2023-07-24,107.6793212890625,114.62000274658205,115.83000183105467,113.18000030517578,113.83999633789062,5665900
2023-07-25,106.09165954589844,112.93000030517578,113.5,112.51000213623048,113.11000061035156,4732500
2023-07-26,107.17200469970705,114.08000183105467,114.3000030517578,112.37999725341795,112.5,3682500
2023-07-27,105.82859802246094,112.6500015258789,114.58999633789062,112.51000213623048,114.45999908447266,4762900
2023-07-28,105.9037628173828,112.7300033569336,113.5199966430664,112.31999969482422,113.18000030517578,3409200
2023-07-31,104.58853149414062,111.33000183105467,112.88999938964844,110.6999969482422,112.8499984741211,3930800
2023-08-01,103.83698272705078,110.52999877929688,111.25,110.3000030517578,110.70999908447266,3733700
2023-08-02,102.04264068603516,108.62000274658205,110.1999969482422,108.05999755859376,110.0199966430664,4699400
2023-08-03,101.0280303955078,107.54000091552734,108.30999755859376,107.13999938964844,107.70999908447266,4947700
2023-08-04,101.1313705444336,107.6500015258789,108.77999877929688,107.27999877929688,107.31999969482422,3231100
2023-08-07,101.88292694091795,108.4499969482422,108.58999633789062,107.62999725341795,107.98999786376952,3632500
2023-08-08,99.1867218017578,105.58000183105467,107.5999984741211,103.66999816894533,107.5999984741211,7544300
2023-08-09,98.92367553710938,105.3000030517578,106.9000015258789,105.18000030517578,105.5,5135200
2023-08-10,98.39757537841795,104.73999786376952,107.0,104.62000274658205,105.4800033569336,4708200
2023-08-11,98.93306732177734,105.30999755859376,105.41000366210938,103.69000244140624,104.22000122070312,3478600
2023-08-14,99.67522430419922,106.0999984741211,106.22000122070312,105.13999938964844,105.13999938964844,3076100
2023-08-15,98.58547973632812,104.94000244140624,106.1500015258789,104.5500030517578,106.1500015258789,3150600
2023-08-16,98.2002944946289,104.52999877929688,105.37999725341795,104.44000244140624,104.45999908447266,4086400
2023-08-17,98.57606506347656,104.93000030517578,105.91000366210938,104.4800033569336,105.1999969482422,4175200
2023-08-18,97.42994689941406,103.70999908447266,105.05999755859376,103.27999877929688,104.55999755859376,4809700
2023-08-21,97.58026123046876,103.87000274658205,104.41000366210938,103.36000061035156,103.77999877929688,2954700
2023-08-22,98.78274536132812,105.1500015258789,105.52999877929688,103.72000122070312,103.87999725341795,4840100
2023-08-23,98.7639617919922,105.12999725341795,106.11000061035156,104.8000030517578,105.6999969482422,3403300
2023-08-24,97.46751403808594,103.75,105.8499984741211,103.62999725341795,104.91000366210938,3529500
2023-08-25,97.89968872070312,104.20999908447266,104.77999877929688,103.29000091552734,104.0199966430664,3000800
2023-08-28,96.56566619873048,102.79000091552734,105.22000122070312,101.88999938964844,105.06999969482422,5862500
2023-08-29,97.58026123046876,103.87000274658205,103.94000244140624,102.9800033569336,103.23999786376952,4515600
2023-08-30,98.08756256103516,104.41000366210938,105.08000183105467,104.08000183105467,104.08000183105467,3711300
2023-08-31,96.66901397705078,102.9000015258789,104.58000183105467,102.86000061035156,104.5199966430664,4042300
2023-09-01,96.62203216552734,102.8499984741211,103.79000091552734,102.55999755859376,103.4000015258789,2641100
2023-09-05,94.77130889892578,100.87999725341795,102.8499984741211,100.87000274658205,102.77999877929688,4284000
2023-09-06,95.41014862060548,101.55999755859376,102.05999755859376,99.7699966430664,101.01000213623048,5094400
2023-09-07,94.57403564453124,100.66999816894533,102.27999877929688,100.51000213623048,101.98999786376952,3863200
2023-09-08,94.63040161132812,100.7300033569336,100.81999969482422,99.83999633789062,100.5999984741211,3521300
2023-09-11,96.24622344970705,102.4499969482422,103.12999725341795,100.5500030517578,100.8000030517578,4891100
2023-09-12,96.19927215576172,102.4000015258789,102.91999816894533,101.5999984741211,102.37000274658205,3531400
2023-09-13,96.47171783447266,102.69000244140624,103.44000244140624,102.05999755859376,102.06999969482422,3192500
2023-09-14,96.4341278076172,102.6500015258789,103.62000274658205,102.5199966430664,103.22000122070312,4086600
2023-09-15,95.57923889160156,101.73999786376952,102.88999938964844,101.4800033569336,102.8499984741211,8303300
2023-09-18,94.8840560913086,101.0,102.06999969482422,100.75,102.06999969482422,3652600
2023-09-19,94.57403564453124,100.66999816894533,101.95999908447266,100.13999938964844,101.37999725341795,4090800
2023-09-20,94.2076416015625,100.27999877929688,101.3499984741211,100.2699966430664,101.19000244140624,3966000
2023-09-21,92.93939971923828,98.93000030517578,100.1999969482422,98.8499984741211,100.0,3943700
2023-09-22,92.20663452148438,98.1500015258789,98.93000030517578,98.0199966430664,98.9000015258789,4357800
2023-09-25,91.56781005859376,97.47000122070312,98.20999908447266,97.16000366210938,97.97000122070312,4096300
2023-09-26,90.40290832519533,96.2300033569336,97.52999877929688,96.02999877929688,97.0500030517578,3967700
2023-09-27,89.74527740478516,95.52999877929688,96.94000244140624,94.76000213623048,96.58999633789062,5391000
2023-09-28,92.17845153808594,98.12000274658205,98.27999877929688,96.12000274658205,96.27999877929688,6092800
2023-09-29,90.9853515625,96.8499984741211,98.51000213623048,96.4800033569336,98.4499969482422,5150500
2023-10-02,89.93317413330078,95.7300033569336,95.88999938964844,94.52999877929688,95.76000213623048,4349200
2023-10-03,89.98954010009766,95.79000091552734,96.16999816894533,94.58000183105467,95.5199966430664,4597500
2023-10-04,89.85802459716797,95.6500015258789,96.33999633789062,94.83000183105467,95.88999938964844,4336100
2023-10-05,90.3747100830078,96.1999969482422,96.69000244140624,95.0999984741211,95.76000213623048,5708300
2023-10-06,91.0135498046875,96.87999725341795,97.51000213623048,95.4499969482422,95.80999755859376,4790500
2023-10-09,90.90081024169922,96.76000213623048,97.01000213623048,95.79000091552734,96.41000366210938,3958300
2023-10-10,91.65235137939452,97.55999755859376,98.48999786376952,96.58999633789062,96.81999969482422,4352200
2023-10-11,87.03028869628906,92.63999938964844,97.16000366210938,92.0500030517578,97.16000366210938,9269300
2023-10-12,85.19767761230469,90.19000244140624,93.08000183105467,89.66999816894531,92.25,7387000
2023-10-13,85.84001922607422,90.87000274658205,91.66000366210938,89.80999755859375,89.87999725341797,5623600
2023-10-16,87.0775146484375,92.18000030517578,92.86000061035156,90.87000274658205,91.0999984741211,6452300
2023-10-17,87.03974151611328,92.13999938964844,93.01000213623048,91.26000213623048,91.9499969482422,8288600
2023-10-18,90.27043151855467,95.55999755859376,96.5,91.6500015258789,96.0,16482600
2023-10-19,90.15706634521484,95.44000244140624,96.54000091552734,93.76000213623048,96.54000091552734,8537800
2023-10-20,91.42290496826172,96.77999877929688,98.1500015258789,95.25,95.25,11517800
2023-10-23,90.47824096679688,95.77999877929688,98.1500015258789,95.66000366210938,96.87999725341795,6178800
2023-10-24,89.56195068359375,94.80999755859376,95.83000183105467,94.33999633789062,95.4000015258789,6677000
2023-10-25,88.39057922363281,93.56999969482422,94.63999938964844,92.79000091552734,94.55999755859376,8157700
2023-10-26,88.77789306640625,93.9800033569336,94.75,93.0500030517578,93.05999755859376,6838100
2023-10-27,87.71043395996094,92.8499984741211,95.31999969482422,92.37999725341795,94.75,5934100
2023-10-30,87.85212707519531,93.0,93.8499984741211,91.63999938964844,93.52999877929688,7168900
2023-10-31,89.31632995605469,94.5500030517578,94.9000015258789,93.12000274658205,93.9000015258789,7452300
2023-11-01,89.75086212158203,95.01000213623048,95.98999786376952,94.55999755859376,94.8499984741211,6985000
2023-11-02,90.64828491210938,95.95999908447266,96.16999816894533,94.44000244140624,94.9800033569336,4683100
2023-11-03,90.53492736816406,95.83999633789062,97.16999816894533,95.66000366210938,97.0,5652600
2023-11-06,89.74141693115234,95.0,95.80999755859376,94.41000366210938,95.5500030517578,6137400
2023-11-07,89.55249786376953,94.8000030517578,95.44000244140624,94.5,94.93000030517578,4466500
2023-11-08,89.49581909179688,94.73999786376952,95.7300033569336,93.79000091552734,95.22000122070312,4416000
2023-11-09,88.37168884277344,93.5500030517578,95.19000244140624,93.38999938964844,94.87999725341795,5007900
2023-11-10,88.76844787597656,93.97000122070312,94.22000122070312,92.43000030517578,93.6999969482422,5479100
2023-11-13,90.4876937866211,95.79000091552734,96.75,94.5,95.66999816894533,6894800
2023-11-14,91.70629119873048,97.08000183105467,97.83999633789062,96.1999969482422,96.31999969482422,5527100
2023-11-15,92.57536315917967,98.0,98.33000183105467,96.91999816894533,97.37000274658205,5370500
2023-11-16,94.71025848388672,100.26000213623048,100.3499984741211,97.63999938964844,97.72000122070312,7603200
2023-11-17,94.03956604003906,99.5500030517578,100.75,99.25,100.43000030517578,6069100
2023-11-20,95.59822845458984,101.1999969482422,101.30999755859376,98.9499969482422,98.9499969482422,6869100
2023-11-21,96.26892852783205,101.91000366210938,102.58000183105467,100.98999786376952,101.47000122070312,7111600
2023-11-22,97.01520538330078,102.6999969482422,103.22000122070312,102.08000183105467,102.27999877929688,6470600
2023-11-24,97.17578125,102.87000274658205,103.18000030517578,102.19000244140624,102.68000030517578,2166800
2023-11-27,97.02465057373048,102.70999908447266,103.47000122070312,102.25,102.5999984741211,4572500
2023-11-28,96.4106216430664,102.05999755859376,102.48999786376952,101.3499984741211,102.45999908447266,3607600
2023-11-29,97.89373016357422,103.62999725341795,103.83999633789062,102.2300033569336,102.31999969482422,5458700
2023-11-30,98.5171890258789,104.29000091552734,104.72000122070312,103.11000061035156,103.75,16766200
2023-12-01,99.07451629638672,104.87999725341795,104.9800033569336,103.9000015258789,104.22000122070312,4682300
2023-12-04,99.36737060546876,105.19000244140624,105.51000213623048,104.3000030517578,104.41000366210938,4717700
2023-12-05,98.57386016845705,104.3499984741211,105.25,103.9499969482422,105.0,4315500
2023-12-06,99.13121795654295,104.94000244140624,105.26000213623048,103.87999725341795,104.62999725341795,4296000
2023-12-07,98.29047393798828,104.0500030517578,105.20999908447266,103.95999908447266,105.19000244140624,5199000
2023-12-08,98.72502136230467,104.51000213623048,104.86000061035156,104.12000274658205,104.12000274658205,3426800
2023-12-11,100.34036254882812,106.22000122070312,106.25,104.20999908447266,104.20999908447266,5208200
2023-12-12,100.77488708496094,106.68000030517578,107.22000122070312,105.55999755859376,106.37000274658205,5354500
2023-12-13,101.31333923339844,107.25,107.27999877929688,105.9000015258789,106.01000213623048,6534800
2023-12-14,102.58861541748048,108.5999984741211,108.66999816894533,106.68000030517578,107.83000183105467,6611600
2023-12-15,101.35112762451172,107.29000091552734,107.97000122070312,106.51000213623048,107.86000061035156,13316300
2023-12-18,102.07849884033205,108.05999755859376,108.62000274658205,107.16000366210938,107.63999938964844,5142800
2023-12-19,102.41857147216795,108.41999816894533,108.72000122070312,107.43000030517578,108.1500015258789,4675100
2023-12-20,101.45504760742188,107.4000015258789,108.81999969482422,107.3000030517578,107.8499984741211,5666200
2023-12-21,102.47525024414062,108.4800033569336,108.68000030517578,107.18000030517578,107.41999816894533,3555600
2023-12-22,102.99481964111328,109.02999877929688,109.33999633789062,108.5,108.86000061035156,2565700
2023-12-26,103.18374633789062,109.2300033569336,109.7300033569336,108.51000213623048,108.51000213623048,2513400
2023-12-27,103.71273803710938,109.79000091552734,109.8000030517578,109.04000091552734,109.04000091552734,2471800
2023-12-28,104.28899383544922,110.4000015258789,110.70999908447266,109.72000122070312,109.8499984741211,3206100
2023-12-29,103.9772491455078,110.06999969482422,110.7300033569336,109.83000183105467,110.4000015258789,3550200
2024-01-02,103.76942443847656,109.8499984741211,111.0,109.55999755859376,109.55999755859376,5058600
2024-01-03,103.45769500732422,109.5199966430664,110.25,109.29000091552734,110.13999938964844,4239600
2024-01-04,104.83688354492188,110.9800033569336,111.02999877929688,109.51000213623048,109.68000030517578,5296100
2024-01-05,104.66683197021484,110.8000030517578,111.0500030517578,110.02999877929688,110.70999908447266,4127700
2024-01-08,106.1782684326172,112.4000015258789,112.5199966430664,110.91999816894533,111.12999725341795,5030400
2024-01-09,106.49000549316406,112.7300033569336,113.54000091552734,112.05999755859376,112.1500015258789,3802100
2024-01-10,108.06755828857422,114.4000015258789,114.41000366210938,112.80999755859376,113.0500030517578,4672100
2024-01-11,107.73533630371094,113.5,113.7300033569336,112.58999633789062,113.26000213623048,5163900
2024-01-12,108.1340103149414,113.91999816894533,114.94000244140624,113.4499969482422,114.16999816894533,3884800
2024-01-16,107.98213958740234,113.76000213623048,114.06999969482422,112.91000366210938,113.51000213623048,5876000
2024-01-17,108.1435089111328,113.93000030517578,114.5,113.44000244140624,113.62000274658205,4672000
2024-01-18,108.22893524169922,114.0199966430664,114.56999969482422,113.41000366210938,114.1999969482422,5098000
2024-01-19,108.86489868164062,114.69000244140624,114.86000061035156,113.45999908447266,113.62999725341795,6843100
2024-01-22,108.39030456542967,114.19000244140624,115.63999938964844,114.13999938964844,114.93000030517578,5062500
2024-01-23,108.20994567871094,114.0,115.5,112.87000274658205,114.4499969482422,5037300
2024-01-24,105.14398956298828,110.7699966430664,113.3499984741211,109.73999786376952,110.75,8710800
2024-01-25,106.7386703491211,112.4499969482422,112.56999969482422,110.79000091552734,111.41000366210938,5648600
2024-01-26,106.32101440429688,112.01000213623048,113.41000366210938,111.54000091552734,113.2300033569336,5176600
2024-01-29,107.68788146972656,113.4499969482422,113.47000122070312,112.02999877929688,112.1500015258789,6480600
2024-01-30,107.71636199951172,113.4800033569336,113.91999816894533,112.37999725341795,113.9000015258789,4768400
2024-01-31,107.4031219482422,113.1500015258789,114.54000091552734,112.62000274658205,114.0,8325200
2024-02-01,108.67505645751952,114.48999786376952,114.54000091552734,112.0,112.75,4520300
2024-02-02,106.41594696044922,112.11000061035156,114.05999755859376,111.9800033569336,112.95999908447266,7575700
2024-02-05,105.97930908203124,111.6500015258789,112.45999908447266,111.1500015258789,112.0199966430664,5670000
2024-02-06,108.20994567871094,114.0,114.51000213623048,111.72000122070312,111.81999969482422,4734600
2024-02-07,107.55500030517578,113.30999755859376,114.5999984741211,112.88999938964844,114.5999984741211,4757500
2024-02-08,106.71969604492188,112.43000030517578,113.3499984741211,111.5199966430664,113.3499984741211,6980500
2024-02-09,106.13118743896484,111.80999755859376,112.62999725341795,111.19000244140624,112.25,5947500
2024-02-12,106.81460571289062,112.52999877929688,112.62999725341795,111.20999908447266,111.5,4232100
2024-02-13,105.68504333496094,111.33999633789062,113.11000061035156,110.58000183105467,112.47000122070312,4263400
2024-02-14,106.36846923828124,112.05999755859376,112.37999725341795,111.12000274658205,111.63999938964844,3991100
2024-02-15,107.86823272705078,113.63999938964844,114.2699966430664,112.2699966430664,112.2699966430664,5450700
2024-02-16,108.21944427490234,114.01000213623048,115.48999786376952,113.4499969482422,113.5,7161100
2024-02-20,110.7158660888672,116.63999938964844,117.19000244140624,113.95999908447266,114.33000183105467,9601100
2024-02-21,111.88339233398438,117.87000274658205,117.9800033569336,115.95999908447266,115.95999908447266,6144600
2024-02-22,112.9749755859375,119.0199966430664,119.25,116.8000030517578,118.0999984741211,4916100
2024-02-23,113.39263153076172,119.45999908447266,120.1500015258789,118.86000061035156,119.37999725341795,4261300
2024-02-26,112.66175079345705,118.69000244140624,119.9499969482422,118.38999938964844,119.5,3483100
2024-02-27,113.33567810058594,119.4000015258789,119.5,117.83000183105467,118.16000366210938,3203300
2024-02-28,113.95267486572266,120.0500030517578,120.11000061035156,119.2699966430664,119.48999786376952,3383800
2024-02-29,112.6142807006836,118.63999938964844,120.4499969482422,118.52999877929688,120.31999969482422,6135200
2024-03-01,112.59530639648438,118.62000274658205,119.45999908447266,117.83000183105467,118.56999969482422,3899400
2024-03-04,113.94317626953124,120.04000091552734,120.27999877929688,118.16999816894533,118.3000030517578,3164000
2024-03-05,112.46240997314452,118.4800033569336,120.5999984741211,118.08000183105467,120.44000244140624,3502300
2024-03-06,113.27872467041016,119.33999633789062,119.58000183105467,118.41999816894533,118.5999984741211,3388700
2024-03-07,114.77848052978516,120.91999816894533,121.5,119.9499969482422,120.0999984741211,4200800
2024-03-08,114.81644439697266,120.95999908447266,121.63999938964844,120.61000061035156,120.97000122070312,3357400
2024-03-11,114.08555603027344,120.19000244140624,121.41999816894533,119.62000274658205,120.93000030517578,3886000
2024-03-12,114.6266098022461,120.76000213623048,121.08000183105467,119.05999755859376,119.9499969482422,3079700
2024-03-13,114.05709075927734,120.16000366210938,120.93000030517578,119.62000274658205,120.5199966430664,3421700
2024-03-14,112.81360626220705,118.8499984741211,120.33999633789062,117.8499984741211,120.01000213623048,4952200
2024-03-15,109.62425994873048,115.48999786376952,115.48999786376952,112.26000213623048,113.0199966430664,22415700
2024-03-18,106.72917938232422,112.44000244140624,115.76000213623048,112.29000091552734,115.3499984741211,12991000
2024-03-19,107.41261291503906,113.16000366210938,114.41999816894533,112.04000091552734,112.44000244140624,8299200
2024-03-20,105.8369140625,111.5,113.23999786376952,110.7300033569336,113.0,8317300
2024-03-21,105.84642791748048,111.51000213623048,112.13999938964844,111.01000213623048,111.9499969482422,9722700
2024-03-22,104.95416259765624,110.56999969482422,111.9800033569336,110.54000091552734,111.5199966430664,5387700
2024-03-25,104.422607421875,110.01000213623048,110.8000030517578,109.11000061035156,110.4499969482422,6622400
2024-03-26,105.8369140625,111.5,111.9000015258789,109.93000030517578,110.48999786376952,7770600
2024-03-27,107.71636199951172,113.4800033569336,113.6999969482422,111.94000244140624,112.0,7533400
2024-03-28,107.88720703125,113.66000366210938,114.0199966430664,112.93000030517578,113.27999877929688,5278000
2024-04-01,106.39695739746094,112.08999633789062,113.66000366210938,111.81999969482422,113.66000366210938,3964000
2024-04-02,106.3305206298828,112.0199966430664,112.41999816894533,111.18000030517578,111.88999938964844,4560700
2024-04-03,105.62808990478516,111.27999877929688,112.5500030517578,111.0500030517578,112.13999938964844,4409900
2024-04-04,104.51752471923828,110.11000061035156,112.0,109.83999633789062,111.83999633789062,4799700
2024-04-05,105.55216217041016,111.1999969482422,111.26000213623048,109.54000091552734,109.6999969482422,5591200
2024-04-08,104.90668487548828,110.5199966430664,111.4800033569336,110.13999938964844,111.3000030517578,5810500
2024-04-09,106.72917938232422,112.44000244140624,112.56999969482422,110.58000183105467,110.58999633789062,4235700
2024-04-10,105.52369689941406,111.16999816894533,111.66999816894533,110.3499984741211,111.22000122070312,3965500
2024-04-11,105.78947448730467,111.4499969482422,111.9800033569336,110.30999755859376,111.6500015258789,4321500
2024-04-12,104.08194732666016,109.11000061035156,110.5,108.48999786376952,110.2699966430664,4041500
2024-04-15,103.87208557128906,108.88999938964844,110.88999938964844,108.83000183105467,110.08999633789062,4595600
2024-04-16,104.17735290527344,109.20999908447266,110.33000183105467,108.13999938964844,108.83999633789062,7283900
2024-04-17,101.0198745727539,105.9000015258789,108.72000122070312,104.25,107.52999877929688,12002900
2024-04-18,100.4188995361328,105.2699966430664,107.02999877929688,104.47000122070312,106.5,7306400
2024-04-19,102.33627319335938,107.27999877929688,107.7699966430664,105.37999725341795,105.9800033569336,10533600
2024-04-22,102.13595581054688,107.06999969482422,107.9000015258789,106.2699966430664,107.4800033569336,4948300
2024-04-23,102.63199615478516,107.58999633789062,108.11000061035156,107.30999755859376,107.66999816894533,3849600
2024-04-24,101.9642562866211,106.88999938964844,107.11000061035156,105.55999755859376,106.70999908447266,5052700
2024-04-25,101.93562316894533,106.86000061035156,107.45999908447266,106.13999938964844,106.6500015258789,3112300
2024-04-26,102.57476806640624,107.52999877929688,107.86000061035156,106.38999938964844,106.51000213623048,3575600
2024-04-29,102.32673645019533,107.2699966430664,108.19000244140624,106.5999984741211,107.38999938964844,3305100
2024-04-30,101.08665466308594,105.97000122070312,106.87000274658205,105.9000015258789,106.5199966430664,5074000
2024-05-01,101.39191436767578,106.29000091552734,107.16000366210938,105.91000366210938,105.93000030517578,4096800
2024-05-02,101.03895568847656,105.91999816894533,106.66000366210938,105.1500015258789,106.66000366210938,3708500
2024-05-03,101.0198745727539,105.9000015258789,106.63999938964844,105.4800033569336,106.11000061035156,3610300
2024-05-06,100.77186584472656,105.63999938964844,106.16999816894533,105.13999938964844,106.11000061035156,3789500
2024-05-07,101.27742767333984,106.16999816894533,106.5999984741211,105.79000091552734,106.5199966430664,6556400
2024-05-08,100.10411834716795,104.94000244140624,106.33999633789062,104.27999877929688,106.33999633789062,6234700
2024-05-09,99.84654998779295,104.66999816894533,105.01000213623048,104.5,104.7300033569336,5902000
2024-05-10,99.91333770751952,104.73999786376952,105.66999816894533,104.41999816894533,104.5,7349600
2024-05-13,99.94194793701172,104.7699966430664,105.5,104.4000015258789,104.98999786376952,5459200
2024-05-14,99.21697235107422,104.01000213623048,105.12999725341795,103.36000061035156,104.8499984741211,7035100
2024-05-15,99.77024841308594,104.58999633789062,104.83000183105467,104.0999984741211,104.0999984741211,5443200
2024-05-16,100.037353515625,104.87000274658205,105.19000244140624,104.16000366210938,104.4499969482422,8708300
2024-05-17,99.29328155517578,104.08999633789062,104.8000030517578,103.94000244140624,104.41000366210938,7004600
2024-05-20,98.4538345336914,103.20999908447266,103.8000030517578,103.0199966430664,103.77999877929688,7165900
2024-05-21,98.21536254882812,102.95999908447266,103.86000061035156,102.41000366210938,103.5199966430664,4391600
2024-05-22,99.98963928222656,104.81999969482422,105.13999938964844,102.94000244140624,102.9499969482422,5933400
2024-05-23,99.42684936523438,104.2300033569336,104.91000366210938,103.44000244140624,103.95999908447266,5862200
2024-05-24,99.15972900390624,103.9499969482422,104.37000274658205,103.58000183105467,104.1500015258789,4455600
2024-05-28,97.25189208984376,101.9499969482422,103.58999633789062,101.55999755859376,103.56999969482422,4771100
2024-05-29,96.08811950683594,100.7300033569336,101.7699966430664,100.63999938964844,101.08999633789062,4960900
2024-05-30,97.05157470703124,101.73999786376952,102.61000061035156,100.86000061035156,101.27999877929688,5124000
2024-05-31,97.48085021972656,102.19000244140624,102.3000030517578,101.38999938964844,101.86000061035156,7915700
2024-06-03,98.12950897216795,102.87000274658205,104.12999725341795,101.91999816894533,102.16999816894533,4915100
2024-06-04,98.66370391845705,103.43000030517578,103.48999786376952,102.54000091552734,102.8000030517578,3880400
2024-06-05,98.47290802001952,103.2300033569336,103.41999816894533,101.9800033569336,102.93000030517578,3302300
2024-06-06,99.46498107910156,104.2699966430664,105.0,102.80999755859376,103.29000091552734,9835500
2024-06-07,102.6224594116211,107.58000183105467,108.12999725341795,103.37000274658205,103.86000061035156,8666600
2024-06-10,102.5365982055664,107.48999786376952,108.9800033569336,107.04000091552734,107.62999725341795,8555900
2024-06-11,100.93402099609376,105.80999755859376,107.31999969482422,105.52999877929688,107.31999969482422,7536000
2024-06-12,99.56993103027344,104.37999725341795,105.91000366210938,104.29000091552734,105.91000366210938,4569000
2024-06-13,98.68276977539062,103.4499969482422,103.6999969482422,102.5999984741211,103.63999938964844,4719500
2024-06-14,98.90217590332033,103.68000030517578,103.72000122070312,102.43000030517578,103.29000091552734,3683100
2024-06-17,98.68276977539062,103.4499969482422,103.94000244140624,102.54000091552734,102.91000366210938,3936200
2024-06-18,99.19789123535156,103.98999786376952,104.08999633789062,103.25,103.26000213623048,4501000
2024-06-20,101.65900421142578,106.56999969482422,106.83999633789062,103.47000122070312,103.52999877929688,9154900
2024-06-21,100.84817504882812,105.72000122070312,106.93000030517578,105.23999786376952,106.66000366210938,10324700
2024-06-24,100.4475326538086,105.3000030517578,106.29000091552734,104.94000244140624,106.29000091552734,5201300
2024-06-25,100.62877655029295,105.48999786376952,105.9800033569336,104.81999969482422,105.4000015258789,4637400
2024-06-26,100.046875,104.87999725341795,105.6500015258789,104.31999969482422,105.08999633789062,5406600
2024-06-27,99.82748413085938,104.6500015258789,105.31999969482422,103.91999816894533,105.25,4137600
2024-06-28,99.12158966064452,103.91000366210938,105.16000366210938,103.52999877929688,104.6999969482422,8283600
2024-07-01,98.44430541992188,103.1999969482422,105.51000213623048,102.61000061035156,104.16000366210938,4588900
2024-07-02,98.44430541992188,103.1999969482422,103.38999938964844,102.6999969482422,102.6999969482422,3650500
2024-07-03,97.61438751220705,102.33000183105467,103.66000366210938,102.18000030517578,103.36000061035156,2017800
2024-07-05,99.22650909423828,104.0199966430664,104.06999969482422,101.76000213623048,102.02999877929688,6582700
2024-07-08,97.4140625,102.12000274658205,103.8499984741211,101.94000244140624,103.77999877929688,4542000
2024-07-09,96.9561996459961,101.63999938964844,102.58999633789062,100.75,102.38999938964844,6268500
2024-07-10,98.30121612548828,103.0500030517578,103.08000183105467,101.2699966430664,101.41999816894533,6598900
2024-07-11,99.37913513183594,104.18000030517578,104.63999938964844,103.05999755859376,103.37999725341795,5025300
2024-07-12,99.41729736328124,104.22000122070312,104.93000030517578,104.11000061035156,104.66999816894533,4277600
2024-07-15,98.73641967773438,102.95999908447266,104.16000366210938,102.58000183105467,103.93000030517578,4970800
2024-07-16,98.50627136230467,102.72000122070312,103.87000274658205,102.51000213623048,102.91999816894533,7656900
2024-07-17,100.3858642578125,104.68000030517578,105.6500015258789,102.5,102.6500015258789,13438300
2024-07-18,95.96497344970705,100.06999969482422,104.1500015258789,99.70999908447266,102.38999938964844,13078800
2024-07-19,97.84456634521484,102.02999877929688,102.4000015258789,100.08000183105467,100.61000061035156,11963600
2024-07-22,99.46524047851562,103.72000122070312,103.83000183105467,102.30999755859376,102.5,7880300
2024-07-23,99.65703582763672,103.91999816894533,104.33000183105467,103.37000274658205,104.01000213623048,5894500
2024-07-24,102.86001586914062,107.26000213623048,107.30999755859376,103.54000091552734,104.22000122070312,8680900
2024-07-25,101.61334991455078,105.95999908447266,108.70999908447266,105.91999816894533,107.0199966430664,6356600
2024-07-26,100.92288970947266,105.23999786376952,107.13999938964844,104.66000366210938,106.45999908447266,8611600
2024-07-29,100.47216033935548,104.7699966430664,105.18000030517578,99.91999816894533,100.58999633789062,19452700
2024-07-30,100.9996109008789,105.31999969482422,105.68000030517578,102.77999877929688,104.76000213623048,9126300
2024-07-31,101.59417724609376,105.94000244140624,106.83000183105467,103.5500030517578,105.5,8238400
2024-08-01,105.63147735595705,110.1500015258789,110.68000030517578,106.33000183105467,106.6500015258789,9069200
2024-08-02,106.74388122558594,111.30999755859376,112.04000091552734,108.4000015258789,110.18000030517578,9885700
2024-08-05,104.173828125,108.62999725341795,112.0,108.37000274658205,111.33999633789062,7121400
2024-08-06,105.00813293457033,109.5,110.63999938964844,108.62999725341795,108.9499969482422,5634800
2024-08-07,105.43008422851562,109.94000244140624,112.3499984741211,109.4000015258789,109.61000061035156,6365100
2024-08-08,105.25747680664062,109.76000213623048,111.22000122070312,109.22000122070312,109.9499969482422,5476600
2024-08-09,104.25054931640624,108.70999908447266,109.27999877929688,107.69000244140624,109.27999877929688,5435000
2024-08-12,103.37787628173828,107.8000030517578,108.4000015258789,107.11000061035156,108.4000015258789,4795900
2024-08-13,103.79981994628906,108.23999786376952,108.55999755859376,107.5999984741211,107.8000030517578,4920400
2024-08-14,105.3821258544922,109.88999938964844,110.18000030517578,107.70999908447266,108.06999969482422,5822900
2024-08-15,106.38906860351562,110.94000244140624,111.33000183105467,109.76000213623048,110.47000122070312,7458500
2024-08-16,106.44660186767578,111.0,111.5999984741211,110.56999969482422,111.36000061035156,4643300
2024-08-19,107.30968475341795,111.9000015258789,112.25,110.83999633789062,111.0,3495800
2024-08-20,106.22604370117188,110.7699966430664,112.08999633789062,110.33000183105467,111.81999969482422,5822400
2024-08-21,106.8206024169922,111.38999938964844,111.4499969482422,110.68000030517578,110.97000122070312,4081400
2024-08-22,107.50147247314452,112.0999984741211,112.1500015258789,111.0500030517578,111.79000091552734,3690400
2024-08-23,108.06726837158205,112.69000244140624,112.77999877929688,111.88999938964844,112.4000015258789,4511600
2024-08-26,108.0768585205078,112.6999969482422,113.26000213623048,112.05999755859376,112.73999786376952,3212700
2024-08-27,108.46044921875,113.0999984741211,113.16999816894533,112.13999938964844,113.05999755859376,2705300
2024-08-28,108.2686538696289,112.9000015258789,113.41999816894533,112.37000274658205,113.0999984741211,3836700
2024-08-29,108.1343994140625,112.76000213623048,113.5,112.5199966430664,113.3000030517578,3375800
2024-08-30,108.6234893798828,113.2699966430664,113.47000122070312,111.88999938964844,113.0,4320100
2024-09-03,109.95645904541016,114.66000366210938,114.83000183105467,113.36000061035156,113.36000061035156,4436900
2024-09-04,109.70713806152344,114.4000015258789,115.58999633789062,113.56999969482422,114.69000244140624,3659200
2024-09-05,108.46044921875,113.0999984741211,114.4800033569336,112.5199966430664,114.26000213623048,2928000
2024-09-06,109.18927001953124,113.86000061035156,114.33999633789062,113.01000213623048,113.62999725341795,3802200
2024-09-09,111.65386199951172,116.43000030517578,116.7300033569336,114.31999969482422,114.45999908447266,5101000
2024-09-10,112.30594635009766,117.11000061035156,117.25,115.43000030517578,116.1500015258789,4963700
2024-09-11,111.81688690185548,116.5999984741211,116.72000122070312,114.72000122070312,116.38999938964844,6535600
2024-09-12,112.03744506835938,116.83000183105467,117.30999755859376,115.58999633789062,116.5,4349300
2024-09-13,111.6250991821289,116.4000015258789,117.0500030517578,115.94000244140624,116.0199966430664,3350100
2024-09-16,112.80462646484376,117.62999725341795,117.68000030517578,116.41999816894533,117.0,3637100
2024-09-17,113.28411865234376,118.12999725341795,118.54000091552734,117.26000213623048,117.8000030517578,4982500
2024-09-18,110.1674346923828,114.87999725341795,117.5,114.5199966430664,117.5,5990200
2024-09-19,109.46739196777344,114.1500015258789,115.66000366210938,113.25,115.48999786376952,8144100
2024-09-20,109.0358428955078,113.6999969482422,114.16000366210938,113.1999969482422,113.75,8403400
2024-09-23,110.10031127929688,114.80999755859376,114.9000015258789,112.95999908447266,113.79000091552734,5005200
2024-09-24,108.69061279296876,113.33999633789062,114.41000366210938,113.18000030517578,114.20999908447266,5029800
2024-09-25,107.99056243896484,112.61000061035156,114.19000244140624,111.8499984741211,113.81999969482422,5159100
2024-09-26,108.10565185546876,112.7300033569336,112.93000030517578,112.0999984741211,112.30999755859376,3508700
2024-09-27,107.81793975830078,112.43000030517578,113.37999725341795,112.31999969482422,112.93000030517578,3566400
2024-09-30,109.33313751220705,114.01000213623048,114.08999633789062,112.0999984741211,112.56999969482422,5035600
2024-10-01,108.9015884399414,113.55999755859376,114.22000122070312,112.8000030517578,114.20999908447266,4264000
2024-10-02,108.9782943725586,113.63999938964844,113.79000091552734,112.02999877929688,113.37999725341795,3454000
2024-10-03,107.62615966796876,112.2300033569336,113.51000213623048,111.79000091552734,113.51000213623048,3472100
2024-10-04,108.01931762695312,112.63999938964844,112.75,111.68000030517578,112.12999725341795,4366300
2024-10-07,108.70980072021484,113.36000061035156,113.61000061035156,111.8000030517578,112.3000030517578,6912900
2024-10-08,109.92770385742188,114.62999725341795,115.3000030517578,113.75,113.75,4341500
2024-10-09,111.1935577392578,115.9499969482422,116.2699966430664,114.55999755859376,114.9800033569336,4256900
2024-10-10,110.87709045410156,115.62000274658205,116.8499984741211,115.4499969482422,116.22000122070312,4068300
2024-10-11,111.3565673828125,116.12000274658205,117.27999877929688,115.9499969482422,116.20999908447266,3471300
2024-10-14,112.44021606445312,117.25,117.58000183105467,115.9800033569336,116.26000213623048,3674100
2024-10-15,111.81394958496094,116.0500030517578,118.36000061035156,115.80999755859376,116.75,6544900
2024-10-16,113.51934051513672,117.81999969482422,119.5199966430664,116.63999938964844,118.01000213623048,7356200
2024-10-17,113.58677673339844,117.88999938964844,118.76000213623048,117.19000244140624,118.70999908447266,5046900
2024-10-18,115.0320281982422,119.38999938964844,119.8499984741211,117.66999816894533,117.9000015258789,6741800
2024-10-21,112.71963500976562,116.98999786376952,118.91999816894533,116.5999984741211,118.88999938964844,8303300
2024-10-22,111.88138580322266,116.12000274658205,117.1999969482422,115.83999633789062,116.87000274658205,5360000
2024-10-23,112.73890686035156,117.01000213623048,117.1500015258789,115.93000030517578,116.16000366210938,3655600
2024-10-24,112.28606414794922,116.54000091552734,117.41000366210938,116.20999908447266,117.20999908447266,3768000
2024-10-25,110.0507354736328,114.22000122070312,116.38999938964844,113.1999969482422,116.1500015258789,5989600
2024-10-28,109.9062271118164,114.06999969482422,114.83000183105467,113.5500030517578,114.7699966430664,4104700
2024-10-29,109.26067352294922,113.4000015258789,114.73999786376952,113.3499984741211,114.13999938964844,4543600
2024-10-30,110.2723388671875,114.4499969482422,114.73999786376952,112.5,112.63999938964844,5188000
2024-10-31,109.23178100585938,113.37000274658205,114.47000122070312,113.2699966430664,113.56999969482422,5323200
2024-11-01,114.27086639404295,118.5999984741211,119.91999816894533,117.08999633789062,119.75,10149300
2024-11-04,113.35554504394533,117.6500015258789,120.56999969482422,117.4800033569336,119.5999984741211,5604000
2024-11-05,113.4326171875,117.7300033569336,118.25,116.33000183105467,117.58999633789062,4059200
2024-11-06,112.5365753173828,116.8000030517578,121.0,115.5,121.0,5256100
2024-11-07,111.0913314819336,115.3000030517578,117.48999786376952,114.54000091552734,117.48999786376952,5519000
2024-11-08,112.334228515625,116.58999633789062,117.25,114.69000244140624,115.33000183105467,5685700
2024-11-11,112.5365753173828,116.8000030517578,117.83999633789062,116.33000183105467,116.94000244140624,5301100
2024-11-12,112.18971252441406,116.44000244140624,117.3000030517578,116.41999816894533,116.68000030517578,4598900
2024-11-13,111.51526641845705,115.73999786376952,116.80999755859376,115.5500030517578,116.08000183105467,4760800
2024-11-14,110.8311767578125,115.02999877929688,116.08999633789062,114.93000030517578,115.9800033569336,3812300
2024-11-15,111.66941833496094,115.9000015258789,116.3499984741211,114.43000030517578,114.87000274658205,6898600
2024-11-18,113.0761260986328,117.36000061035156,117.94000244140624,115.51000213623048,115.58000183105467,6086500
2024-11-19,112.85452270507812,117.12999725341795,117.5500030517578,115.4499969482422,116.54000091552734,4542800
2024-11-20,111.69833374023438,115.93000030517578,116.7699966430664,115.52999877929688,116.69000244140624,5624400
2024-11-21,112.9797821044922,117.26000213623048,117.63999938964844,115.13999938964844,115.68000030517578,5561900
2024-11-22,113.46153259277344,117.76000213623048,118.0,116.37999725341795,117.22000122070312,5349500
2024-11-25,113.81802368164062,118.12999725341795,118.6500015258789,117.58000183105467,118.27999877929688,6879000
2024-11-26,113.65422821044922,117.95999908447266,119.0,117.01000213623048,118.63999938964844,4056800
2024-11-27,114.60808563232422,118.9499969482422,120.52999877929688,118.0999984741211,118.3499984741211,3510300
2024-11-29,114.43466186523438,118.7699966430664,119.19000244140624,117.86000061035156,118.70999908447266,2523200
2024-12-02,112.54620361328124,116.80999755859376,118.80999755859376,116.58999633789062,118.75,5338900
2024-12-03,112.0451889038086,116.29000091552734,117.44000244140624,116.06999969482422,117.0999984741211,4794900
2024-12-04,111.73687744140624,115.97000122070312,117.01000213623048,115.29000091552734,117.01000213623048,3557100
2024-12-05,111.37073516845705,115.58999633789062,116.29000091552734,114.88999938964844,115.26000213623048,3269800
2024-12-06,111.38037109375,115.5999984741211,116.1999969482422,115.0999984741211,115.12999725341795,5300300
2024-12-09,110.70592498779295,114.9000015258789,115.87000274658205,113.8499984741211,115.66999816894533,4868000
2024-12-10,111.28401947021484,115.5,116.38999938964844,114.2699966430664,115.08000183105467,4072100
2024-12-11,109.9736557006836,114.13999938964844,115.58999633789062,114.01000213623048,115.30999755859376,4747700
2024-12-12,109.7038803100586,113.86000061035156,114.77999877929688,113.3000030517578,114.4000015258789,3764700
2024-12-13,109.24140167236328,113.37999725341795,114.29000091552734,112.13999938964844,113.8499984741211,4550500
2024-12-16,108.50914764404295,112.62000274658205,113.6500015258789,112.38999938964844,112.6999969482422,5047200
2024-12-17,109.15469360351562,113.29000091552734,113.83999633789062,112.1999969482422,112.20999908447266,5805600
2024-12-18,107.8443374633789,111.93000030517578,114.1500015258789,111.8499984741211,113.02999877929688,6454600
2024-12-19,108.31643676757812,112.41999816894533,113.3000030517578,111.27999877929688,111.54000091552734,7738700
2024-12-20,110.06038665771484,114.2300033569336,115.11000061035156,112.5199966430664,112.63999938964844,12311900
2024-12-23,110.13745880126952,114.30999755859376,114.51000213623048,112.95999908447266,114.0,4028200
2024-12-24,110.57102966308594,114.76000213623048,114.83000183105467,113.58999633789062,114.13999938964844,1480000
2024-12-26,111.06241607666016,115.2699966430664,115.80999755859376,113.81999969482422,114.1999969482422,2960500
2024-12-27,110.79263305664062,114.98999786376952,115.9499969482422,114.51000213623048,115.01000213623048,2829500
2024-12-30,108.68257904052734,112.8000030517578,114.63999938964844,112.5199966430664,114.12999725341795,3475800
2024-12-31,108.98126220703124,113.11000061035156,113.77999877929688,112.5500030517578,113.05999755859376,3519900
2025-01-02,109.29920959472656,113.44000244140624,113.95999908447266,112.76000213623048,113.69000244140624,3569100
2025-01-03,109.67498779296876,113.83000183105467,114.2300033569336,113.27999877929688,113.94000244140624,4416700
2025-01-06,108.913818359375,113.04000091552734,114.26000213623048,112.79000091552734,113.51000213623048,6037200
2025-01-07,109.26067352294922,113.4000015258789,114.69000244140624,113.16999816894533,113.37000274658205,5300100
2025-01-08,110.07966613769533,114.25,114.30999755859376,112.26000213623048,113.54000091552734,4455800
2025-01-10,108.21046447753906,112.30999755859376,113.83999633789062,111.79000091552734,113.7699966430664,5108700
2025-01-13,109.05834197998048,113.19000244140624,113.38999938964844,111.9800033569336,112.5999984741211,4409700
2025-01-14,108.89453887939452,113.0199966430664,113.80999755859376,112.29000091552734,113.55999755859376,3972400
2025-01-15,107.60636901855467,111.0999984741211,112.76000213623048,110.86000061035156,112.1500015258789,6543700
2025-01-16,110.32801055908205,113.91000366210938,113.9499969482422,111.0199966430664,111.0199966430664,5598700
2025-01-17,109.91153717041016,113.4800033569336,114.79000091552734,113.38999938964844,113.62000274658205,6459800
2025-01-21,113.11743927001952,116.79000091552734,116.9000015258789,114.13999938964844,114.25,8486300
2025-01-22,114.07630920410156,117.77999877929688,119.94000244140624,113.5,114.12999725341795,13200700
2025-01-23,119.34524536132812,123.22000122070312,123.2300033569336,117.77999877929688,118.12999725341795,13089400
2025-01-24,121.09832763671876,125.02999877929688,125.66999816894533,122.18000030517578,122.58999633789062,9960200
2025-01-27,125.35994720458984,129.42999267578125,129.75999450683594,125.47000122070312,126.7300033569336,11845100
2025-01-28,123.38410949707033,127.38999938964844,129.85000610351562,126.66999816894533,129.75,11948500
2025-01-29,123.8393325805664,127.86000061035156,129.3000030517578,127.62999725341795,128.16000366210938,7609800
2025-01-30,124.75945281982422,128.80999755859375,129.19000244140625,127.19000244140624,127.98999786376952,6340400
2025-01-31,123.9071273803711,127.93000030517578,128.75999450683594,127.68000030517578,128.3699951171875,7129400
2025-02-03,124.41078186035156,128.4499969482422,128.9499969482422,126.01000213623048,126.6500015258789,5720600
2025-02-04,125.04035949707033,129.10000610351562,129.1999969482422,126.0,126.44000244140624,6957400
2025-02-05,127.90725708007812,132.05999755859375,132.5,128.9499969482422,129.42999267578125,8680100
2025-02-06,124.18801879882812,128.22000122070312,131.89999389648438,128.13999938964844,131.8000030517578,6469200
2025-02-07,125.01129913330078,129.07000732421875,129.49000549316406,128.07000732421875,128.07000732421875,6455200
2025-02-10,127.18084716796876,131.30999755859375,131.42999267578125,128.60000610351562,129.07000732421875,5503600
2025-02-11,127.3067626953125,131.44000244140625,132.0500030517578,130.47000122070312,131.1999969482422,5314100
2025-02-12,126.38664245605467,130.49000549316406,130.8000030517578,129.24000549316406,130.49000549316406,4703700
2025-02-13,127.64573669433594,131.7899932861328,132.0399932861328,130.5500030517578,130.92999267578125,4168400
2025-02-14,126.50286102294922,130.61000061035156,132.64999389648438,130.52000427246094,132.32000732421875,3733900
2025-02-18,126.08637237548828,130.17999267578125,130.82000732421875,128.25,129.75999450683594,5116200
2025-02-19,127.9750518798828,132.1300048828125,132.25999450683594,130.0,130.25999450683594,3806800
2025-02-20,128.98236083984375,133.1699981689453,133.27999877929688,131.35000610351562,131.72999572753906,5046900
2025-02-21,130.67733764648438,134.9199981689453,135.41000366210938,132.41000366210938,132.41000366210938,7160100
2025-02-24,130.70639038085938,134.9499969482422,136.58999633789062,134.3000030517578,134.49000549316406,5947200
2025-02-25,131.5490264892578,135.82000732421875,136.4499969482422,134.36000061035156,135.3800048828125,6385700
2025-02-26,131.68463134765625,135.9600067138672,136.30999755859375,134.27000427246094,135.14999389648438,5388000
2025-02-27,131.5974578857422,135.8699951171875,136.99000549316406,135.22000122070312,135.72000122070312,4890700
2025-02-28,133.67015075683594,138.00999450683594,138.3699951171875,134.75,136.39999389648438,8756100
2025-03-03,135.8106689453125,140.22000122070312,140.83999633789062,138.00999450683594,138.1699981689453,7589800
2025-03-04,133.25367736816406,137.5800018310547,141.22999572753906,137.52999877929688,141.0,8356300
2025-03-05,133.3795928955078,137.7100067138672,138.5,136.0399932861328,136.89999389648438,8156700
2025-03-06,130.83229064941406,135.0800018310547,137.72000122070312,133.4600067138672,137.05999755859375,9184200
2025-03-07,132.8275146484375,137.13999938964844,137.47999572753906,133.9600067138672,134.50999450683594,8254800
2025-03-10,133.0406036376953,137.36000061035156,139.14999389648438,136.42999267578125,136.42999267578125,7028000
2025-03-11,128.4884033203125,132.66000366210938,137.05999755859375,132.30999755859375,137.05999755859375,9313500
2025-03-12,126.18323516845705,130.27999877929688,132.61000061035156,129.44000244140625,132.2899932861328,6771000
2025-03-13,125.80548858642578,129.88999938964844,130.85000610351562,129.0,130.27999877929688,9012900
2025-03-14,122.72550201416016,126.70999908447266,128.49000549316406,124.5,125.0,9537900
2025-03-17,123.62625122070312,127.63999938964844,127.87000274658205,126.1999969482422,126.72000122070312,6662800
2025-03-18,122.3283920288086,126.3000030517578,128.6199951171875,124.9000015258789,127.9499969482422,7959600
2025-03-19,123.41316986083984,127.41999816894533,127.77999877929688,125.77999877929688,126.33000183105467,5098500
2025-03-20,122.79328918457033,126.77999877929688,127.76000213623048,126.37999725341795,127.33000183105467,5158500
2025-03-21,122.36713409423828,126.33999633789062,126.80999755859376,125.48999786376952,126.33000183105467,8857100
2025-03-24,123.20977783203124,127.20999908447266,127.83999633789062,126.5999984741211,127.20999908447266,5283000
2025-03-25,121.65040588378906,125.5999984741211,128.7899932861328,124.5,127.68000030517578,6726800
2025-03-26,122.6286392211914,126.61000061035156,127.33999633789062,125.12999725341795,125.73999786376952,6053700
2025-03-27,127.21958923339844,131.35000610351562,131.92999267578125,126.66000366210938,127.16999816894533,8441400
2025-03-28,126.70626068115234,130.82000732421875,133.4600067138672,130.75,131.25999450683594,6708300
2025-03-31,128.47869873046875,132.64999389648438,133.1999969482422,130.63999938964844,130.80999755859375,9669600
2025-04-01,127.54889678955078,131.69000244140625,132.6300048828125,131.0800018310547,132.47999572753906,4228800
2025-04-02,127.78133392333984,131.92999267578125,132.1300048828125,129.75999450683594,130.63999938964844,4236200
2025-04-03,127.49080657958984,131.6300048828125,133.63999938964844,131.47999572753906,131.91000366210938,6239200
2025-04-04,120.52688598632812,124.44000244140624,132.39999389648438,124.0,131.22999572753906,10776900
2025-04-07,120.93367004394533,124.86000061035156,126.5,120.47000122070312,122.29000091552734,10371300
2025-04-08,120.05228424072266,123.9499969482422,127.95999908447266,122.05999755859376,127.06999969482422,9880100
2025-04-09,123.0451202392578,127.04000091552734,127.76000213623048,120.8499984741211,121.62999725341795,10179200
2025-04-10,120.58499908447266,124.5,126.81999969482422,122.0199966430664,126.0,11089400
2025-04-11,122.89015197753906,126.87999725341795,128.52000427246094,124.04000091552734,126.05999755859376,7357000
2025-04-14,123.9361801147461,127.95999908447266,128.5,126.83999633789062,127.0,6988500
2025-04-15,122.81719207763672,126.22000122070312,128.49000549316406,125.5999984741211,127.62000274658205,8639400
2025-04-16,126.20337677001952,129.6999969482422,134.16000366210938,129.00999450683594,129.6999969482422,13483200
2025-04-17,127.4488754272461,130.97999572753906,132.7100067138672,129.66000366210938,130.3800048828125,10474500
2025-04-21,126.38824462890624,129.88999938964844,131.9600067138672,128.50999450683594,130.97000122070312,6046700
2025-04-22,128.17864990234375,131.72999572753906,132.02999877929688,129.92999267578125,129.92999267578125,5837100
2025-04-23,126.33959197998048,129.83999633789062,132.88999938964844,127.12999725341795,132.2100067138672,8777100
2025-04-24,125.89201354980467,129.3800048828125,130.1999969482422,128.02999877929688,130.02000427246094,6595500
2025-04-25,125.37629699707033,128.85000610351562,129.52999877929688,127.23999786376952,129.27000427246094,4849100
2025-04-28,126.03795623779295,129.52999877929688,130.1199951171875,128.52000427246094,129.3300018310547,3843300
2025-04-29,126.98181915283205,130.5,131.27000427246094,128.8000030517578,128.88999938964844,4315300
2025-04-30,127.22506713867188,130.75,131.27000427246094,128.67999267578125,130.9199981689453,8510500
2025-05-01,127.35157775878906,130.8800048828125,131.6300048828125,128.0,129.5,6769100
2025-05-02,129.23927307128906,132.82000732421875,136.8000030517578,131.3300018310547,131.91000366210938,9801400
2025-05-05,129.02520751953125,132.60000610351562,133.05999755859375,131.4499969482422,132.88999938964844,5752000
2025-05-06,129.47279357910156,133.05999755859375,133.60000610351562,130.6999969482422,131.9499969482422,6290500
2025-05-07,130.3387908935547,133.9499969482422,134.42999267578125,132.42999267578125,133.5,4924900
2025-05-08,130.387451171875,134.0,135.22000122070312,133.0800018310547,133.25999450683594,5994500
2025-05-09,129.64794921875,133.24000549316406,134.97000122070312,133.19000244140625,133.97999572753906,4976100
2025-05-12,128.431640625,131.99000549316406,133.66000366210938,130.10000610351562,131.7899932861328,5958300
2025-05-13,125.57089233398438,129.0500030517578,131.75,128.9199981689453,131.75,6344700
2025-05-14,125.09410858154295,128.55999755859375,130.13999938964844,128.19000244140625,129.3000030517578,5266900
2025-05-15,129.75498962402344,133.35000610351562,133.42999267578125,128.85000610351562,128.85000610351562,8406400
2025-05-16,131.1658935546875,134.8000030517578,135.2899932861328,132.77000427246094,133.14999389648438,7128700
2025-05-19,131.89569091796875,135.5500030517578,135.69000244140625,134.52999877929688,135.0,8012800
2025-05-20,131.5550994873047,135.1999969482422,135.8300018310547,134.5399932861328,135.0,6455300
2025-05-21,129.46307373046875,133.0500030517578,136.1699981689453,133.02000427246094,135.10000610351562,7209100
2025-05-22,127.95484924316406,131.5,132.8800048828125,131.1699981689453,132.4600067138672,6277100
2025-05-23,127.7602310180664,131.3000030517578,132.1699981689453,130.42999267578125,131.67999267578125,6145000
2025-05-27,129.3560333251953,132.94000244140625,133.83999633789062,131.52999877929688,131.85000610351562,5591000
2025-05-28,128.46084594726562,132.02000427246094,133.60000610351562,131.83999633789062,133.10000610351562,3622100
2025-05-29,129.26846313476562,132.85000610351562,133.05999755859375,131.35000610351562,131.72999572753906,3078200
2025-05-30,129.97877502441406,133.5800018310547,134.1300048828125,131.74000549316406,132.8800048828125,14236800
2025-06-02,129.96905517578125,133.57000732421875,133.74000549316406,131.8800048828125,132.86000061035156,4464000
2025-06-03,130.1052703857422,133.7100067138672,133.97000122070312,131.61000061035156,133.1199951171875,5914900
2025-06-04,129.37548828125,132.9600067138672,134.8699951171875,132.94000244140625,134.41000366210938,4057000
2025-06-05,130.32907104492188,133.94000244140625,134.3800048828125,132.19000244140625,133.38999938964844,5581500
2025-06-06,129.97877502441406,133.5800018310547,135.22000122070312,133.10000610351562,134.7899932861328,3867700
2025-06-09,129.80361938476562,133.39999389648438,134.2899932861328,130.82000732421875,133.02000427246094,6630100
2025-06-10,130.51394653320312,134.1300048828125,134.85000610351562,133.3300018310547,133.55999755859375,3579400
2025-06-11,131.6329345703125,135.27999877929688,135.35000610351562,132.92999267578125,134.10000610351562,4100500
2025-06-12,132.7714080810547,136.4499969482422,136.88999938964844,135.4600067138672,135.5399932861328,5089100
2025-06-13,131.96377563476562,135.6199951171875,137.05999755859375,135.25,135.77999877929688,3928900
2025-06-16,130.3971710205078,134.00999450683594,136.41000366210938,133.30999755859375,135.55999755859375,5084100
2025-06-17,128.71383666992188,132.27999877929688,134.00999450683594,132.14999389648438,133.6999969482422,5010800
2025-06-18,128.84031677246094,132.41000366210938,133.3699951171875,131.60000610351562,132.9499969482422,4950400
2025-06-20,129.40469360351562,132.99000549316406,133.67999267578125,131.99000549316406,133.66000366210938,11338200
2025-06-23,129.6674041748047,133.25999450683594,133.47000122070312,132.11000061035156,133.07000732421875,4887200
2025-06-24,134.3574676513672,138.0800018310547,139.05999755859375,132.3800048828125,133.32000732421875,9894700
2025-06-25,133.69578552246094,137.39999389648438,138.83999633789062,136.63999938964844,137.8699951171875,5507500
2025-06-26,130.06634521484375,133.6699981689453,137.5399932861328,132.7100067138672,137.32000732421875,9452900
2025-06-27,130.75721740722656,134.3800048828125,134.91000366210938,132.8800048828125,133.2899932861328,9513500
2025-06-30,132.34326171875,136.00999450683594,136.25999450683594,134.0,134.0,5749700
2025-07-01,132.58651733398438,136.25999450683594,137.0800018310547,134.80999755859375,135.5399932861328,5337600
2025-07-02,130.49449157714844,134.11000061035156,136.33999633789062,133.83999633789062,135.27000427246094,4319600
2025-07-03,130.81558227539062,134.44000244140625,135.24000549316406,133.1999969482422,134.6699981689453,3114300
2025-07-07,130.0955352783203,133.6999969482422,134.91000366210938,132.85000610351562,134.50999450683594,8927400
2025-07-08,129.7646942138672,133.36000061035156,134.72999572753906,132.85000610351562,133.24000549316406,4782600
2025-07-09,129.6284637451172,133.22000122070312,133.77000427246094,131.47000122070312,133.47000122070312,4613700
2025-07-10,129.99826049804688,133.60000610351562,135.0500030517578,133.00999450683594,133.72999572753906,4857100
2025-07-11,128.46084594726562,132.02000427246094,133.5800018310547,131.25999450683594,133.27000427246094,4661200
2025-07-14,128.47056579589844,132.02999877929688,133.08999633789062,131.7100067138672,132.02000427246094,4881700
2025-07-15,128.51943969726562,131.49000549316406,132.44000244140625,130.3000030517578,131.89999389648438,5084800
2025-07-16,128.76377868652344,131.74000549316406,133.02999877929688,130.30999755859375,132.1199951171875,9893000
2025-07-17,117.78749084472656,120.51000213623048,126.86000061035156,119.7699966430664,126.5500030517578,27560600
2025-07-18,120.8760986328125,123.66999816894533,125.62999725341795,122.2699966430664,122.62999725341795,19571900
2025-07-21,121.6091537475586,124.41999816894533,126.02999877929688,121.5999984741211,124.26000213623048,10308000
2025-07-22,122.88955688476562,125.7300033569336,126.37999725341795,124.2300033569336,124.33000183105467,7098400
2025-07-23,122.98729705810548,125.83000183105467,127.04000091552734,123.25,126.31999969482422,6439600
2025-07-24,122.80159759521484,125.63999938964844,125.9800033569336,124.6999969482422,125.27999877929688,4708000
2025-07-25,123.68126678466795,126.54000091552734,126.7300033569336,125.4499969482422,125.7699966430664,4741200
2025-07-28,123.49554443359376,126.3499984741211,126.98999786376952,125.62999725341795,126.1500015258789,8168400
2025-07-29,125.11804962158205,128.00999450683594,128.10000610351562,125.47000122070312,126.01000213623048,5834100
2025-07-30,125.64585876464844,128.5500030517578,129.6999969482422,127.08000183105467,127.97000122070312,5359700
2025-07-31,123.33916473388672,126.19000244140624,129.14999389648438,125.80999755859376,127.54000091552734,6722600
2025-08-01,124.41431427001952,127.29000091552734,127.7699966430664,125.47000122070312,125.47000122070312,5453300
2025-08-04,126.99466705322266,129.92999267578125,130.1300048828125,127.4499969482422,127.4499969482422,5671400
2025-08-05,127.73751068115234,130.69000244140625,131.47999572753906,129.25,129.91000366210938,5355400
2025-08-06,127.97207641601562,130.92999267578125,131.72000122070312,129.80999755859375,130.0800018310547,5170100
2025-08-07,129.0765380859375,132.05999755859375,132.5,130.72999572753906,131.16000366210938,4690600
2025-08-08,131.2464141845703,134.27999877929688,134.7100067138672,131.75,131.8000030517578,4985400
2025-08-11,128.3923797607422,131.36000061035156,134.35000610351562,130.5500030517578,134.0800018310547,7125600
2025-08-12,128.06005859375,131.02000427246094,131.88999938964844,129.6199951171875,131.74000549316406,5657500
2025-08-13,126.47664642333984,129.39999389648438,131.64999389648438,128.3300018310547,131.1199951171875,6723700
2025-08-14,126.35935974121094,129.27999877929688,130.13999938964844,128.52999877929688,129.10000610351562,9688300
2025-08-15,128.7735595703125,131.75,132.35000610351562,129.6699981689453,129.9199981689453,6784500
2025-08-18,127.3270034790039,130.27000427246094,132.3000030517578,130.16000366210938,131.6300048828125,3831400
2025-08-19,128.28485107421875,131.25,131.72000122070312,128.67999267578125,129.9199981689453,4845700
2025-08-20,129.44798278808594,132.44000244140625,133.80999755859375,131.72000122070312,132.0500030517578,3639800
2025-08-21,129.01791381835938,132.0,133.1999969482422,131.75,132.1199951171875,3980000
2025-08-22,129.59457397460938,132.58999633789062,133.6199951171875,131.33999633789062,132.77000427246094,4130200
2025-08-25,128.89083862304688,131.8699951171875,132.9600067138672,131.49000549316406,132.72000122070312,4705800
2025-08-26,128.61717224121094,131.58999633789062,132.35000610351562,131.3800048828125,131.86000061035156,6076500
2025-08-27,128.4901123046875,131.4600067138672,131.75,130.55999755859375,131.47000122070312,4759200
2025-08-28,128.4021453857422,131.3699951171875,131.63999938964844,130.13999938964844,130.9199981689453,4674700
2025-08-29,129.66299438476562,132.66000366210938,132.85000610351562,131.1699981689453,132.00999450683594,4430700
2025-09-02,128.4901123046875,131.4600067138672,133.39999389648438,130.83999633789062,132.69000244140625,5779200
2025-09-03,129.19383239746094,132.17999267578125,132.19000244140625,130.2100067138672,131.14999389648438,4806500
2025-09-04,129.80960083007812,132.80999755859375,133.83999633789062,131.6999969482422,132.17999267578125,5073800
2025-09-05,129.93667602539062,132.94000244140625,134.32000732421875,132.4499969482422,132.50999450683594,3286900
2025-09-08,129.21337890625,132.1999969482422,133.08999633789062,131.61000061035156,132.25999450683594,5070200
2025-09-09,128.9690399169922,131.9499969482422,133.1699981689453,131.64999389648438,132.3000030517578,4641400
2025-09-10,126.4375457763672,129.36000061035156,131.85000610351562,127.4499969482422,131.85000610351562,7397200
2025-09-11,129.65322875976562,132.64999389648438,132.67999267578125,129.39999389648438,129.69000244140625,5578300
2025-09-12,130.7088165283203,133.72999572753906,134.9600067138672,131.39999389648438,131.82000732421875,5700300
2025-09-15,128.363037109375,131.3300018310547,134.35000610351562,130.9600067138672,133.8800048828125,4057700
2025-09-16,129.7607421875,132.75999450683594,133.66000366210938,131.1999969482422,131.75999450683594,5401600
2025-09-17,131.13888549804688,134.1699981689453,134.22000122070312,132.7100067138672,132.7100067138672,5113300
2025-09-18,131.5298614501953,134.57000732421875,134.77999877929688,132.10000610351562,134.08999633789062,5891700
2025-09-19,132.9666290283203,136.0399932861328,136.72999572753906,133.72000122070312,134.6999969482422,11547400
2025-09-22,133.53353881835938,136.6199951171875,137.49000549316406,134.9499969482422,135.3300018310547,4837000
2025-09-23,132.8200225830078,135.88999938964844,136.8800048828125,135.0399932861328,136.27999877929688,5136400
2025-09-24,130.86521911621094,133.88999938964844,136.8300018310547,133.7899932861328,135.30999755859375,3932400
2025-09-25,130.29830932617188,133.30999755859375,134.42999267578125,131.17999267578125,134.42999267578125,4963400
2025-09-26,130.53289794921875,133.5500030517578,134.1999969482422,133.10000610351562,133.97999572753906,4182100
2025-09-29,130.1028289794922,133.11000061035156,133.5,131.7100067138672,133.0,4351900
2025-09-30,130.91409301757812,133.94000244140625,134.5,132.17999267578125,132.86000061035156,7538300
2025-10-01,130.4547119140625,133.47000122070312,135.4499969482422,129.0800018310547,134.8000030517578,10613900
2025-10-02,129.9855499267578,132.99000549316406,133.38999938964844,130.50999450683594,132.4199981689453,5916700
2025-10-03,131.54937744140625,134.58999633789062,135.3699951171875,132.7899932861328,133.25,5362200
2025-10-06,130.71861267089844,133.74000549316406,135.24000549316406,133.4499969482422,134.32000732421875,6745900
2025-10-07,130.01487731933594,133.02000427246094,134.08999633789062,131.92999267578125,134.08999633789062,4816100
2025-10-08,131.23663330078125,134.27000427246094,134.72000122070312,132.1699981689453,132.80999755859375,6654800
2025-10-09,130.29830932617188,133.30999755859375,135.1300048828125,133.0,134.5800018310547,3237600
2025-10-10,129.57504272460938,132.57000732421875,134.5,132.0399932861328,134.19000244140625,5654100
2025-10-13,128.41192626953125,131.3800048828125,132.75999450683594,130.8699951171875,132.0,4008100
2025-10-14,130.25921630859375,133.27000427246094,133.33999633789062,131.22999572753906,131.4600067138672,8147900
2025-10-15,127.08815002441406,129.4499969482422,131.47999572753906,125.73999786376952,128.00999450683594,14906400
2025-10-16,125.30134582519533,127.62999725341795,131.16000366210938,126.87000274658205,129.52999877929688,9768100
2025-10-17,126.19474792480467,128.5399932861328,129.25999450683594,127.20999908447266,127.86000061035156,6806800
2025-10-20,127.14704132080078,129.50999450683594,129.82000732421875,128.1300048828125,128.44000244140625,5810000
2025-10-21,125.21299743652344,127.54000091552734,129.3000030517578,127.51000213623048,129.0,4934700
2025-10-22,125.61551666259766,127.9499969482422,128.94000244140625,127.11000061035156,127.62000274658205,6186800
2025-10-23,124.0348892211914,126.33999633789062,128.77000427246094,126.06999969482422,128.24000549316406,6700600
2025-10-24,124.53558349609376,126.8499984741211,128.11000061035156,125.0,126.97000122070312,5071100
2025-10-27,124.85955810546876,127.18000030517578,127.66000366210938,125.1500015258789,126.05999755859376,6254200
2025-10-28,124.29997253417967,126.61000061035156,128.4499969482422,126.19000244140624,126.97000122070312,4763000
2025-10-29,122.15973663330078,124.43000030517578,126.5500030517578,124.12000274658205,126.18000030517578,5182000
2025-10-30,122.39535522460938,124.66999816894533,126.43000030517578,124.33000183105467,125.13999938964844,4877400
2025-10-31,121.3645248413086,123.62000274658205,124.33000183105467,122.61000061035156,123.83999633789062,7044900
2025-11-03,121.58049774169922,123.83999633789062,124.05999755859376,122.44000244140624,123.70999908447266,5833000
2025-11-04,123.50474548339844,125.8000030517578,125.8499984741211,123.83999633789062,124.3000030517578,5607700
2025-11-05,122.26773071289062,124.54000091552734,126.70999908447266,123.91999816894533,125.88999938964844,4597100
2025-11-06,122.67024230957033,124.9499969482422,125.0,123.3499984741211,123.8499984741211,4714700
2025-11-07,124.05452728271484,126.36000061035156,126.62000274658205,124.6500015258789,125.63999938964844,5458500
2025-11-10,123.59309387207033,125.88999938964844,126.1500015258789,124.5500030517578,125.41999816894533,4251600
2025-11-11,124.68285369873048,127.0,127.1500015258789,125.7699966430664,126.5999984741211,5293900
2025-11-12,126.46965026855467,128.82000732421875,129.0800018310547,126.5500030517578,126.94000244140624,4979700
2025-11-13,126.90160369873048,129.25999450683594,129.58999633789062,128.0,128.50999450683594,5182400
2025-11-14,128.2073516845703,130.58999633789062,130.9600067138672,128.77000427246094,129.2899932861328,6998900
2025-11-17,127.65757751464844,130.02999877929688,131.92999267578125,129.9499969482422,130.67999267578125,5816600
2025-11-18,127.62812042236328,130.0,132.02999877929688,129.2899932861328,130.74000549316406,6775000
2025-11-19,123.8483657836914,126.1500015258789,131.49000549316406,124.58000183105467,129.88999938964844,10296100
2025-11-20,121.70813751220705,123.97000122070312,125.72000122070312,122.0999984741211,122.5,11654000
2025-11-21,125.77259826660156,128.11000061035156,128.72000122070312,123.88999938964844,124.68000030517578,9401000
2025-11-24,124.869384765625,127.19000244140624,129.52000427246094,126.72000122070312,127.45999908447266,14041300
2025-11-25,125.71369171142578,128.0500030517578,128.80999755859375,126.2300033569336,127.29000091552734,8035500
2025-11-26,126.19474792480467,128.5399932861328,129.02000427246094,127.0199966430664,128.0800018310547,5473800
2025-11-28,126.54817199707033,128.89999389648438,129.38999938964844,128.0,128.16000366210938,2572400
2025-12-01,125.67442321777344,128.00999450683594,129.85000610351562,127.95999908447266,128.64999389648438,5766900
2025-12-02,124.0152587890625,126.31999969482422,128.99000549316406,125.63999938964844,128.4499969482422,5479700
2025-12-03,123.0040512084961,125.29000091552734,127.56999969482422,125.20999908447266,126.27999877929688,4918800
2025-12-04,123.11204528808594,125.4000015258789,125.56999969482422,124.05999755859376,125.19000244140624,5226900
2025-12-05,122.79788208007812,125.08000183105467,126.0500030517578,124.63999938964844,125.66000366210938,4361100
2025-12-08,119.8624267578125,122.08999633789062,124.62000274658205,121.70999908447266,124.62000274658205,6391900
2025-12-09,119.03775787353516,121.25,123.2300033569336,121.05999755859376,122.83000183105467,5229100
2025-12-10,120.31404876708984,122.5500030517578,123.08999633789062,120.6999969482422,121.26000213623048,6716200
2025-12-11,121.03072357177734,123.27999877929688,124.23999786376952,122.62999725341795,123.02999877929688,5390000
2025-12-12,123.17095184326172,125.45999908447266,125.58000183105467,122.91000366210938,123.47000122070312,4765300
2025-12-15,126.12602996826172,128.47000122070312,129.63999938964844,125.1999969482422,125.72000122070312,7716000
2025-12-16,124.54541015625,126.86000061035156,128.60000610351562,126.3000030517578,128.41000366210938,5764200
2025-12-17,124.39813995361328,126.70999908447266,127.66999816894533,125.94000244140624,126.75,8048900
2025-12-18,122.83715057373048,125.12000274658205,127.58000183105467,124.93000030517578,126.58000183105467,5891700
2025-12-19,123.16112518310548,125.4499969482422,126.12999725341795,123.76000213623048,125.04000091552734,14795700
2025-12-22,122.91568756103516,125.1999969482422,127.23999786376952,124.7699966430664,125.16000366210938,5058000
2025-12-23,122.26773071289062,124.54000091552734,125.18000030517578,123.8499984741211,125.0,7534900
2025-12-24,122.53280639648438,124.80999755859376,125.33000183105467,124.0,124.01000213623048,1632200
2025-12-26,122.562255859375,124.83999633789062,125.19000244140624,124.26000213623048,124.58000183105467,2120700
2025-12-29,122.29718780517578,124.56999969482422,125.48999786376952,124.48999786376952,125.02999877929688,4468700
2025-12-30,123.485107421875,125.77999877929688,126.1999969482422,124.36000061035156,124.43000030517578,5271100
2025-12-31,123.0040512084961,125.29000091552734,126.23999786376952,125.23999786376952,125.87999725341795,3157100
2026-01-02,121.9241180419922,124.19000244140624,125.25,123.63999938964844,124.6999969482422,5014200
2026-01-05,124.14288330078124,126.4499969482422,126.55999755859376,122.5,123.62999725341795,6548500
2026-01-06,125.44862365722656,127.77999877929688,129.4600067138672,126.5500030517578,126.83999633789062,8327500
2026-01-07,124.72211456298828,127.04000091552734,128.60000610351562,126.2699966430664,128.4499969482422,6632300
2026-01-08,123.8778076171875,126.18000030517578,128.10000610351562,126.05999755859376,127.0999984741211,4344600
2026-01-09,123.62255859375,125.91999816894533,127.13999938964844,125.2300033569336,126.41999816894533,4317600
2026-01-12,122.36591339111328,124.63999938964844,126.61000061035156,123.4499969482422,126.4000015258789,5524300
2026-01-13,122.03211975097656,124.3000030517578,124.66999816894533,122.1999969482422,124.5500030517578,5169800
2026-01-14,122.71934509277344,125.0,125.08999633789062,122.98999786376952,123.68000030517578,7187800
2026-01-15,121.89048767089844,123.52999877929688,124.41999816894533,123.0,124.4000015258789,7079500
2026-01-16,120.14398193359376,121.76000213623048,123.48999786376952,121.54000091552734,123.2300033569336,10418200
2026-01-20,119.53221130371094,121.13999938964844,121.5,120.25,121.37000274658205,12634000
2026-01-21,119.12765502929688,120.7300033569336,122.48999786376952,120.33000183105467,121.70999908447266,12557300
2026-01-22,107.16851043701172,108.61000061035156,114.0,105.77999877929688,107.52999877929688,37099400
2026-01-23,105.99430084228516,107.41999816894533,110.0500030517578,106.08000183105467,108.2699966430664,21813100
2026-01-26,107.32637786865234,108.7699966430664,110.38999938964844,107.58999633789062,107.75,19094200
2026-01-27,106.83301544189452,108.2699966430664,109.3499984741211,106.95999908447266,108.01000213623048,16594500
2026-01-28,104.64248657226562,106.0500030517578,108.62999725341795,105.2699966430664,107.8000030517578,15120500
2026-01-29,104.68194580078124,106.08999633789062,107.16000366210938,105.33999633789062,106.44000244140624,15687900
2026-01-30,107.84934997558594,109.3000030517578,109.4800033569336,105.68000030517578,106.05999755859376,17531400
2026-02-02,107.95789337158205,109.41000366210938,111.0,108.87000274658205,109.2300033569336,11447200
2026-02-03,107.57306671142578,109.0199966430664,109.12000274658205,106.25,107.0,14645400
2026-02-04,106.76394653320312,108.1999969482422,109.7300033569336,107.63999938964844,109.1999969482422,13163500
2026-02-05,107.63227081298828,109.08000183105467,110.13999938964844,107.91000366210938,109.16000366210938,13555100
2026-02-06,109.35904693603516,110.83000183105467,111.05999755859376,108.9499969482422,110.0999984741211,9919600
2026-02-09,109.59586334228516,111.06999969482422,111.2699966430664,109.5,110.2300033569336,11719900
2026-02-10,110.789794921875,112.27999877929688,112.75,111.0,111.18000030517578,10513000
2026-02-11,112.08240509033205,113.58999633789062,113.7300033569336,111.37999725341795,111.73999786376952,9306500
2026-02-12,109.99055480957033,111.47000122070312,113.76000213623048,111.43000030517578,113.25,11541000
2026-02-13,111.18449401855467,112.68000030517578,113.11000061035156,111.4000015258789,111.7699966430664,7696700
2026-02-17,110.7700653076172,112.26000213623048,113.58999633789062,111.93000030517578,113.19000244140624,6568900
2026-02-18,111.7863998413086,113.29000091552734,113.37999725341795,111.62999725341795,111.91999816894533,7824400
2026-02-19,110.70099639892578,112.19000244140624,113.4000015258789,111.9800033569336,113.01000213623048,6988400
2026-02-20,110.7207260131836,112.20999908447266,112.63999938964844,111.18000030517578,112.19000244140624,7099000
2026-02-23,113.75984954833984,115.29000091552734,115.30999755859376,112.0500030517578,112.29000091552734,9144500
2026-02-24,113.05927276611328,114.58000183105467,115.37000274658205,113.81999969482422,115.05999755859376,9017200
2026-02-25,113.23688507080078,114.76000213623048,116.0199966430664,114.3499984741211,114.91000366210938,6529600
2026-02-26,114.71697998046876,116.26000213623048,116.56999969482422,114.51000213623048,115.31999969482422,7855600
2026-02-27,114.80577850341795,116.3499984741211,116.81999969482422,115.48999786376952,115.70999908447266,13233300
2026-03-02,112.60537719726562,114.12000274658205,115.8499984741211,113.62999725341795,115.55999755859376,7700200
2026-03-03,112.1021499633789,113.61000061035156,114.43000030517578,112.62999725341795,113.0,6708000
2026-03-04,111.59891510009766,113.0999984741211,113.9499969482422,112.02999877929688,113.66000366210938,4613500
2026-03-05,109.56625366210938,111.04000091552734,112.0,110.5199966430664,111.9499969482422,8008900
2026-03-06,108.10590362548828,109.55999755859376,110.72000122070312,108.33999633789062,110.72000122070312,11100400
2026-03-09,111.15489196777344,112.6500015258789,112.73999786376952,108.94000244140624,109.41999816894533,13560800
2026-03-10,109.082763671875,110.5500030517578,112.4499969482422,109.8000030517578,112.27999877929688,8746100
2026-03-11,108.7867431640625,110.25,110.75,108.95999908447266,110.0,8002200
2026-03-12,106.70474243164062,108.13999938964844,111.18000030517578,108.06999969482422,109.77999877929688,10839800
2026-03-13,106.59620666503906,108.02999877929688,110.30999755859376,107.6999969482422,109.38999938964844,8828900
2026-03-16,108.49072265625,109.9499969482422,110.0999984741211,108.52999877929688,108.80999755859376,7442200
2026-03-17,109.24063873291016,110.70999908447266,111.86000061035156,109.91999816894533,110.0999984741211,9452200
2026-03-18,107.05010223388672,108.48999786376952,109.9499969482422,107.75,109.5,8241400
2026-03-19,105.7673568725586,107.19000244140624,109.7699966430664,107.13999938964844,108.7300033569336,10466000
2026-03-20,104.06031799316406,105.45999908447266,107.79000091552734,105.4000015258789,107.04000091552734,81271300
2026-03-23,103.45841217041016,104.8499984741211,107.13999938964844,104.0999984741211,107.06999969482422,8227800
2026-03-24,102.67889404296876,104.05999755859376,104.25,102.41000366210938,104.08999633789062,11794300
2026-03-25,103.43868255615234,104.83000183105467,105.81999969482422,104.25,105.4499969482422,6377000
2026-03-26,103.18212890625,104.56999969482422,105.9800033569336,104.0,104.38999938964844,6212300
2026-03-27,102.60982513427734,103.98999786376952,105.45999908447266,103.68000030517578,104.9000015258789,10915000
2026-03-30,100.52783203125,101.87999725341795,104.7699966430664,101.81999969482422,104.76000213623048,10476700
2026-03-31,101.30734252929688,102.66999816894533,103.68000030517578,100.87999725341795,102.54000091552734,12442100
2026-04-01,101.0211944580078,102.37999725341795,103.79000091552734,102.20999908447266,102.83999633789062,7452500
2026-04-02,101.50469970703124,102.87000274658205,103.47000122070312,101.5500030517578,102.0199966430664,5453400
2026-04-06,100.94225311279295,102.3000030517578,103.08000183105467,101.8499984741211,102.51000213623048,7125800
2026-04-07,100.4784927368164,101.83000183105467,102.87000274658205,101.4499969482422,101.83000183105467,13311000
2026-04-08,102.18553161621094,103.55999755859376,103.83999633789062,101.30999755859376,103.12999725341795,9379300
2026-04-09,101.35668182373048,102.72000122070312,103.31999969482422,101.91999816894533,103.0,6198700
2026-04-10,98.96880340576172,100.3000030517578,102.7699966430664,99.33999633789062,102.70999908447266,11944800
2026-04-13,99.35363006591795,100.69000244140624,100.9000015258789,99.0500030517578,100.12999725341795,11199500
2026-04-14,99.70884704589844,101.0500030517578,102.18000030517578,100.4000015258789,100.4000015258789,11689900
2026-04-15,100.84076690673828,101.55999755859376,102.4800033569336,100.62999725341795,100.7699966430664,12657200
2026-04-16,94.7938995361328,95.47000122070312,99.0,93.91999816894533,97.12999725341795,27791200
2026-04-17,96.12440490722656,96.80999755859376,97.13999938964844,94.87000274658205,95.62000274658205,17559900
2026-04-20,95.32014465332033,96.0,97.31999969482422,95.48999786376952,96.5,9412700
2026-04-21,92.0633773803711,92.72000122070312,95.91000366210938,92.66000366210938,95.5999984741211,17164300
2026-04-22,91.05059814453124,91.6999969482422,94.04000091552734,91.58999633789062,92.62000274658205,11984000
2026-04-23,91.82508087158205,92.4800033569336,92.48999786376952,90.72000122070312,91.61000061035156,13008000
2026-04-24,90.48463439941406,91.12999725341795,92.66000366210938,91.0500030517578,92.1500015258789,12802000
2026-04-27,92.14281463623048,92.8000030517578,93.26000213623048,90.87999725341795,91.62000274658205,15203900
2026-04-28,93.19530487060548,93.86000061035156,94.79000091552734,93.2699966430664,93.83999633789062,11550800
2026-04-29,90.68321990966795,91.33000183105467,93.72000122070312,91.33000183105467,93.6500015258789,9010500
2026-04-30,90.14704132080078,90.79000091552734,91.4800033569336,90.29000091552734,91.4800033569336,19655500
2026-05-01,88.82646179199219,89.45999908447266,91.0,89.13999938964844,91.0,12860900
2026-05-04,86.92005920410156,87.54000091552734,89.72000122070312,87.30000305175781,89.18000030517578,14722500
2026-05-05,86.55267333984375,87.16999816894531,87.83000183105469,86.16000366210938,87.30999755859375,17193400
2026-05-06,85.6888427734375,86.30000305175781,87.69000244140625,86.1500015258789,87.55000305175781,12456300
2026-05-07,86.39381408691406,87.01000213623047,88.30000305175781,86.25,86.31999969482422,13272900
2026-05-08,83.72286224365234,84.31999969482422,87.30999755859375,84.08000183105469,87.16000366210938,10913500
2026-05-11,81.97532653808594,82.55999755859375,84.44000244140625,81.97000122070312,84.44000244140625,16460500
2026-05-12,83.75264739990234,84.3499984741211,85.0999984741211,83.08999633789062,83.41999816894531,16392500
2026-05-13,83.23633575439453,83.83000183105469,84.26000213623047,82.69000244140625,83.4000015258789,11826700
2026-05-14,84.29875946044922,84.9000015258789,85.2699966430664,84.05000305175781,84.18000030517578,11018400
2026-05-15,83.8718032836914,84.47000122070312,86.4800033569336,84.12999725341797,85.88999938964844,13208600
2026-05-18,87.28744506835938,87.91000366210938,87.91999816894531,84.4000015258789,84.86000061035156,12347000
2026-05-19,88.19099426269531,88.81999969482422,89.33999633789062,87.41000366210938,88.36000061035156,11693500
2026-05-20,87.75410461425781,88.37999725341797,88.79000091552734,87.0999984741211,88.19999694824219,7834400
2026-05-21,87.14842987060547,87.7699966430664,88.5999984741211,86.83000183105469,88.5999984741211,8524200
2026-05-22,86.79098510742188,87.41000366210938,88.83999633789062,87.05000305175781,87.91999816894531,9516400
2026-05-26,86.05622100830078,86.66999816894531,86.95999908447266,85.80999755859375,86.83000183105469,10249200
2026-05-27,85.07323455810547,85.68000030517578,86.83999633789062,84.95999908447266,86.6500015258789,10813900
2026-05-28,85.6888427734375,86.30000305175781,86.4000015258789,85.13999938964844,85.63999938964844,10151700
2026-05-29,84.9937973022461,85.5999984741211,86.7300033569336,85.27999877929688,86.6500015258789,21143600
2026-06-01,87.15835571289062,87.77999877929688,87.93000030517578,85.5999984741211,85.77999877929688,10561100
2026-06-02,86.35409545898438,86.97000122070312,87.8499984741211,85.88999938964844,87.25,10283600
2026-06-03,86.37395477294922,86.98999786376953,88.11000061035156,86.72000122070312,87.19999694824219,10448100
2026-06-04,90.13711547851562,90.77999877929688,91.4800033569336,89.19999694824219,89.31999969482422,14153200
2026-06-05,90.42505645751952,91.06999969482422,92.7300033569336,90.95999908447266,91.75,11933700
2026-06-08,89.85909271240234,90.5,91.33999633789062,90.2300033569336,90.54000091552734,13308700
2026-06-09,90.6037826538086,91.25,92.0199966430664,90.12999725341795,90.7300033569336,14109600
2026-06-10,88.53851318359375,89.16999816894531,91.31999969482422,88.69000244140625,91.31999969482422,11853100
2026-06-11,89.0151138305664,89.6500015258789,90.37000274658205,88.76000213623047,89.26000213623047,15088900
2026-06-12,87.55552673339844,88.18000030517578,90.29000091552734,87.06999969482422,89.62000274658203,13758700
2026-06-15,88.04205322265625,88.66999816894531,89.16000366210938,87.7300033569336,88.26000213623047,10950100
2026-06-16,89.9782485961914,90.62000274658205,90.69000244140624,88.83000183105469,89.36000061035156,12740700
2026-06-17,87.87326049804688,88.5,91.58000183105467,87.87000274658203,90.36000061035156,13053000
2026-06-18,87.78389739990234,88.41000366210938,89.44000244140625,87.76000213623047,88.63999938964844,41964800
2026-06-22,87.2080078125,87.83000183105469,88.58999633789062,87.20999908447266,88.1500015258789,11458200
2026-06-23,89.88888549804688,90.52999877929688,90.93000030517578,88.7300033569336,88.94999694824219,12201500
2026-06-24,89.84916687011719,90.48999786376952,92.91999816894533,90.3000030517578,91.19000244140624,13201600
2026-06-25,92.5796890258789,93.23999786376952,94.55999755859376,90.27999877929688,90.5999984741211,16707400
2026-06-26,93.45346069335938,94.12000274658205,95.20999908447266,93.20999908447266,93.86000061035156,16465100
2026-06-29,92.0534439086914,92.70999908447266,94.9800033569336,92.66999816894533,94.54000091552734,10314400
2026-06-30,90.09739685058594,90.73999786376952,93.29000091552734,90.61000061035156,93.29000091552734,10021100
2026-07-01,91.5271987915039,92.18000030517578,94.0,91.7699966430664,92.25,13935800
2026-07-02,94.72439575195312,95.4000015258789,95.73999786376952,91.91000366210938,93.41000366210938,10643900
2026-07-06,94.95276641845705,95.62999725341795,95.91999816894533,92.98999786376952,95.0,15257000
2026-07-07,95.1612777709961,95.83999633789062,98.13999938964844,95.73999786376952,97.2699966430664,10262200
2026-07-08,94.50595092773438,95.18000030517578,96.19000244140624,94.3000030517578,95.11000061035156,10102300
2026-07-09,93.73147583007812,94.4000015258789,94.9800033569336,93.91000366210938,94.7699966430664,8357800
2026-07-10,93.26480865478516,93.93000030517578,94.97000122070312,93.47000122070312,94.97000122070312,6913100
2026-07-13,91.45769500732422,92.11000061035156,94.0999984741211,91.63999938964844,93.9499969482422,11756200
2026-07-14,88.33000183105469,88.95999908447266,90.5,88.62000274658203,90.5,12473900
2026-07-15,89.2699966430664,89.2699966430664,89.87999725341797,87.63999938964844,87.98999786376953,16415300
2026-07-16,98.83000183105467,98.83000183105467,101.87000274658205,94.98999786376952,95.29000091552734,32755800
2026-07-17,100.68000030517578,100.68000030517578,102.12999725341795,99.47000122070312,101.0,19913800
2026-07-20,101.66000366210938,101.66000366210938,102.45999908447266,100.02999877929688,100.6999969482422,14390600
2026-07-21,99.66999816894533,99.66999816894533,101.83000183105467,99.33999633789062,100.5199966430664,11656500
2026-07-22,100.56999969482422,100.56999969482422,101.04000091552734,99.83999633789062,100.4499969482422,10257500
2026-07-23,100.75,100.75,101.9000015258789,100.06999969482422,101.2300033569336,9959500
2026-07-24,103.05999755859376,103.05999755859376,104.18000030517578,101.5,101.5,10366700
2026-07-27,104.48999786376952,104.48999786376952,105.86000061035156,103.37999725341795,104.08999633789062,11619300
2026-07-28,107.2699966430664,107.2699966430664,109.26000213623048,105.97000122070312,106.08999633789062,12665500
2026-07-29,108.0,108.0,110.04000091552734,106.97000122070312,106.97000122070312,12157300
2026-07-30,105.61000061035156,105.61000061035156,106.80999755859376,104.4800033569336,106.01000213623048,8149900
2026-07-31,105.6999969482422,105.6999969482422,106.38999938964844,102.88999938964844,104.45999908447266,9610100
2026-08-03,107.12000274658205,107.12000274658205,109.33000183105467,106.43000030517578,107.8499984741211,7409600
2026-08-04,105.45999908447266,105.45999908447266,106.19000244140624,104.91999816894533,105.7699966430664,8157100
2026-08-05,105.70999908447266,105.70999908447266,106.76000213623048,104.1999969482422,106.70999908447266,9313000
2026-08-06,107.95999908447266,107.95999908447266,107.98999786376952,105.55999755859376,107.19000244140624,9801200
2026-08-07,107.80999755859376,107.80999755859376,107.97000122070312,106.01000213623048,107.02999877929688,6606600
2026-08-10,108.62000274658205,108.62000274658205,109.08999633789062,107.36000061035156,107.41000366210938,5603200
2026-08-11,109.72000122070312,109.72000122070312,110.19000244140624,107.91999816894533,108.62000274658205,6744400
2026-08-12,110.91000366210938,110.91000366210938,111.27999877929688,107.5,108.0500030517578,6613700
2026-08-13,111.2699966430664,111.2699966430664,112.47000122070312,110.45999908447266,112.47000122070312,5523400
2026-08-14,111.25,111.25,111.97000122070312,110.79000091552734,111.48999786376952,5575400
2026-08-17,110.37000274658205,110.37000274658205,111.41000366210938,109.3499984741211,110.04000091552734,11462000
2026-08-18,112.68000030517578,112.68000030517578,113.62999725341795,111.75,112.4499969482422,9781600
2026-08-19,114.43000030517578,114.43000030517578,115.66999816894533,112.91000366210938,113.2300033569336,7403300
2026-08-20,114.13999938964844,114.13999938964844,115.2300033569336,113.98999786376952,114.0,5784800
2026-08-21,116.63999938964844,116.63999938964844,116.66000366210938,113.4499969482422,114.0199966430664,9931500
2026-08-24,116.66999816894533,116.66999816894533,117.33999633789062,115.81999969482422,116.27999877929688,5916600
2026-08-25,116.12999725341795,116.12999725341795,116.61000061035156,115.04000091552734,115.83000183105467,7503200
2026-08-26,114.0999984741211,114.0999984741211,116.72000122070312,114.01000213623048,115.4000015258789,6957100
2026-08-27,111.58999633789062,111.58999633789062,113.4499969482422,111.29000091552734,112.75,8351700
2026-08-28,112.47000122070312,112.47000122070312,112.75,111.11000061035156,111.5999984741211,7545100
2026-08-31,110.36000061035156,110.36000061035156,111.63999938964844,109.54000091552734,111.54000091552734,10691200
2026-09-01,108.93000030517578,108.93000030517578,113.91000366210938,108.68000030517578,112.25,7229100
2026-09-02,110.47000122070312,110.47000122070312,112.1999969482422,109.0,109.31999969482422,8458800
2026-09-03,108.79000091552734,108.79000091552734,112.0,108.04000091552734,110.91000366210938,5297500
2026-09-04,108.33000183105467,108.33000183105467,110.01000213623048,107.36000061035156,108.11000061035156,7029300
2026-09-08,105.5199966430664,105.5199966430664,108.38999938964844,105.23999786376952,108.36000061035156,11397200
2026-09-09,105.2300033569336,105.2300033569336,106.86000061035156,104.77999877929688,105.69000244140624,6470800
2026-09-10,103.36000061035156,103.36000061035156,105.19000244140624,103.18000030517578,105.18000030517578,7844700
2026-09-11,101.9499969482422,101.9499969482422,104.18000030517578,101.48999786376952,104.1500015258789,8397400
