Date,adj_close,Close,High,Low,Open,Volume
2004-02-05,16.67124366760254,24.700000762939453,24.940000534057617,23.25,23.75,27565200
2004-02-06,16.77248764038086,24.850000381469727,24.940000534057617,24.149999618530273,24.709999084472656,5284400
2004-02-09,16.51599884033203,24.469999313354492,24.700000762939453,24.0,24.600000381469727,3252900
2004-02-10,16.435012817382812,24.350000381469727,24.469999313354492,24.049999237060547,24.149999618530273,1651600
2004-02-11,16.36751937866211,24.25,24.5,24.149999618530273,24.280000686645508,2010200
2004-02-12,16.65774154663086,24.68000030517578,25.0,24.170000076293945,24.190000534057617,1637500
2004-02-13,16.67124366760254,24.700000762939453,24.84000015258789,24.280000686645508,24.790000915527344,612000
2004-02-17,16.6037540435791,24.600000381469727,24.899999618530273,24.5,24.75,592300
2004-02-18,17.14370346069336,25.399999618530273,25.399999618530273,24.350000381469727,24.600000381469727,805700
2004-02-19,17.33269500732422,25.68000030517578,25.979999542236328,25.25,25.25,1494600
2004-02-20,17.109956741333008,25.350000381469727,25.690000534057617,25.0,25.690000534057617,742000
2004-02-23,16.570003509521484,24.549999237060547,25.389999389648438,24.350000381469727,25.389999389648438,1331500
2004-02-24,16.73874282836914,24.799999237060547,24.969999313354492,24.209999084472656,24.399999618530273,963600
2004-02-25,16.77248764038086,24.850000381469727,25.0,24.700000762939453,24.799999237060547,321700
2004-02-26,17.035720825195312,25.239999771118164,25.270000457763672,24.600000381469727,24.850000381469727,617200
2004-02-27,17.37319564819336,25.739999771118164,25.75,25.110000610351562,25.149999618530273,1569100
2004-03-01,17.413692474365234,25.799999237060547,26.190000534057617,25.700000762939453,25.739999771118164,851700
2004-03-02,17.508180618286133,25.940000534057617,25.950000762939453,25.100000381469727,25.950000762939453,595600
2004-03-03,17.197711944580078,25.479999542236328,25.799999237060547,25.350000381469727,25.700000762939453,457000
2004-03-04,17.01547622680664,25.209999084472656,25.75,24.75,25.479999542236328,1060200
2004-03-05,17.244951248168945,25.549999237060547,25.639999389648438,25.0,25.020000457763672,450200
2004-03-08,17.197711944580078,25.479999542236328,25.649999618530273,25.170000076293945,25.549999237060547,370100
2004-03-09,16.873722076416016,25.0,25.510000228881836,24.709999084472656,25.5,816200
2004-03-10,16.637493133544922,24.649999618530273,24.850000381469727,24.399999618530273,24.799999237060547,1034300
2004-03-11,16.33377456665039,24.200000762939453,24.649999618530273,24.149999618530273,24.149999618530273,2538500
2004-03-12,16.5362548828125,24.5,24.649999618530273,24.25,24.34000015258789,1501700
2004-03-15,16.198781967163086,24.0,24.75,23.739999771118164,24.75,1595900
2004-03-16,16.354019165039062,24.229999542236328,24.549999237060547,24.18000030517578,24.5,1525800
2004-03-17,16.246030807495117,24.06999969482422,24.5,24.059999465942383,24.200000762939453,1051700
2004-03-18,16.06379508972168,23.799999237060547,24.100000381469727,23.709999084472656,24.06999969482422,1006800
2004-03-19,16.023290634155273,23.739999771118164,23.84000015258789,23.399999618530273,23.75,759200
2004-03-22,15.996292114257812,23.700000762939453,23.75,23.09000015258789,23.399999618530273,1018700
2004-03-23,16.198781967163086,24.0,24.0,23.510000228881836,23.75,678300
2004-03-24,16.06379508972168,23.799999237060547,24.049999237060547,23.770000457763672,24.0,510900
2004-03-25,16.171777725219727,23.959999084472656,24.059999465942383,23.489999771118164,23.649999618530273,1499800
2004-03-26,16.266277313232422,24.100000381469727,24.34000015258789,23.8700008392334,23.8700008392334,887500
2004-03-29,16.448509216308594,24.3700008392334,24.440000534057617,24.110000610351562,24.110000610351562,823900
2004-03-30,16.684741973876953,24.719999313354492,24.75,24.18000030517578,24.200000762939453,739300
2004-03-31,16.97496795654297,25.149999618530273,25.290000915527344,24.600000381469727,24.75,728500
2004-04-01,17.042465209960938,25.25,25.399999618530273,24.780000686645508,25.25,1568800
2004-04-02,17.022220611572266,25.219999313354492,25.40999984741211,24.75,25.360000610351562,1166400
2004-04-05,17.21795082092285,25.510000228881836,25.530000686645508,24.899999618530273,25.049999237060547,544200
2004-04-06,17.508180618286133,25.940000534057617,26.0,25.25,25.450000762939453,697900
2004-04-07,17.36643409729004,25.729999542236328,25.860000610351562,25.399999618530273,25.75,444100
2004-04-08,17.697174072265625,26.219999313354492,26.260000228881836,25.700000762939453,25.84000015258789,657400
2004-04-12,17.46768569946289,25.8799991607666,26.25,25.709999084472656,26.149999618530273,804000
2004-04-13,17.042465209960938,25.25,26.15999984741211,25.149999618530273,25.979999542236328,860800
2004-04-14,17.001968383789062,25.190000534057617,25.450000762939453,24.969999313354492,25.25,1518700
2004-04-15,17.042465209960938,25.25,25.75,25.06999969482422,25.299999237060547,1406600
2004-04-16,17.238210678100586,25.540000915527344,25.639999389648438,25.049999237060547,25.299999237060547,272100
2004-04-19,17.36643409729004,25.729999542236328,26.1299991607666,25.450000762939453,25.450000762939453,627800
2004-04-20,17.244951248168945,25.549999237060547,25.799999237060547,25.399999618530273,25.700000762939453,926200
2004-04-21,17.008724212646484,25.200000762939453,25.579999923706055,25.0,25.5,980800
2004-04-22,17.008724212646484,25.200000762939453,25.440000534057617,25.0,25.350000381469727,568200
2004-04-23,16.893983840942383,25.030000686645508,25.219999313354492,24.860000610351562,25.200000762939453,355900
2004-04-26,16.806238174438477,24.899999618530273,25.0,24.649999618530273,24.850000381469727,238900
2004-04-27,16.98847007751465,25.170000076293945,25.270000457763672,24.84000015258789,24.850000381469727,171900
2004-04-28,16.873722076416016,25.0,25.25,24.920000076293945,25.25,256100
2004-04-29,16.684741973876953,24.719999313354492,24.950000762939453,24.600000381469727,24.889999389648438,298200
2004-04-30,16.44176483154297,24.360000610351562,25.0,24.34000015258789,24.6299991607666,608100
2004-05-03,16.873722076416016,25.0,25.040000915527344,24.450000762939453,24.559999465942383,514800
2004-05-04,16.70499610900879,24.75,25.020000457763672,24.5,24.950000762939453,953800
2004-05-05,16.664493560791016,24.690000534057617,25.0,24.600000381469727,24.899999618530273,304700
2004-05-06,16.637493133544922,24.649999618530273,24.959999084472656,24.290000915527344,24.700000762939453,319600
2004-05-07,16.266277313232422,24.100000381469727,24.799999237060547,23.549999237060547,24.5,564500
2004-05-10,16.198781967163086,24.0,24.049999237060547,23.479999542236328,24.0,479000
2004-05-11,16.374263763427734,24.260000228881836,24.489999771118164,23.719999313354492,23.940000534057617,418400
2004-05-12,16.468761444091797,24.399999618530273,24.719999313354492,23.559999465942383,24.649999618530273,1549800
2004-05-13,16.86697769165039,24.989999771118164,25.280000686645508,24.079999923706055,24.25,753400
2004-05-14,16.873722076416016,25.0,25.149999618530273,24.850000381469727,24.989999771118164,750400
2004-05-17,16.448509216308594,24.3700008392334,24.799999237060547,24.25,24.799999237060547,569600
2004-05-18,16.765743255615234,24.84000015258789,25.049999237060547,24.40999984741211,24.5,852100
2004-05-19,16.70499610900879,24.75,25.0,24.639999389648438,24.799999237060547,434400
2004-05-20,16.92158317565918,25.0,25.0,24.700000762939453,24.75,546500
2004-05-21,16.874216079711914,24.93000030517578,25.0,24.8799991607666,24.989999771118164,469600
2004-05-24,16.92158317565918,25.0,25.049999237060547,24.81999969482422,25.049999237060547,532500
2004-05-25,16.684680938720703,24.649999618530273,25.010000228881836,24.520000457763672,25.0,1171200
2004-05-26,16.78622055053711,24.799999237060547,24.84000015258789,24.3799991607666,24.700000762939453,349200
2004-05-27,16.650848388671875,24.600000381469727,24.989999771118164,24.549999237060547,24.700000762939453,615900
2004-05-28,16.989273071289062,25.100000381469727,25.100000381469727,24.450000762939453,24.649999618530273,283900
2004-06-01,17.029890060424805,25.15999984741211,25.290000915527344,24.899999618530273,25.0,939300
2004-06-02,17.19232749938965,25.399999618530273,25.489999771118164,25.149999618530273,25.40999984741211,505900
2004-06-03,17.348011016845703,25.6299991607666,25.700000762939453,25.290000915527344,25.43000030517578,397700
2004-06-04,17.463083267211914,25.799999237060547,25.850000381469727,25.450000762939453,25.549999237060547,240100
2004-06-07,17.293865203857422,25.549999237060547,25.90999984741211,25.489999771118164,25.899999618530273,336400
2004-06-08,17.314176559448242,25.579999923706055,25.600000381469727,25.239999771118164,25.3700008392334,614300
2004-06-09,17.273563385009766,25.520000457763672,25.899999618530273,25.479999542236328,25.700000762939453,846300
2004-06-10,17.23294448852539,25.459999084472656,25.600000381469727,25.399999618530273,25.600000381469727,543700
2004-06-14,17.226181030273438,25.450000762939453,25.459999084472656,25.079999923706055,25.459999084472656,177900
2004-06-15,17.38185691833496,25.68000030517578,25.850000381469727,25.440000534057617,25.5,559400
2004-06-16,17.28032684326172,25.530000686645508,25.719999313354492,25.479999542236328,25.5,192800
2004-06-17,17.44954490661621,25.780000686645508,25.790000915527344,25.450000762939453,25.5,282200
2004-06-18,17.15848731994629,25.350000381469727,25.719999313354492,25.06999969482422,25.649999618530273,801400
2004-06-21,17.124649047851562,25.299999237060547,25.440000534057617,25.239999771118164,25.40999984741211,207700
2004-06-22,17.124649047851562,25.299999237060547,25.399999618530273,25.100000381469727,25.31999969482422,268200
2004-06-23,17.11111068725586,25.280000686645508,25.479999542236328,25.1200008392334,25.350000381469727,183200
2004-06-24,17.226181030273438,25.450000762939453,25.799999237060547,25.100000381469727,25.100000381469727,507100
2004-06-25,17.591684341430664,25.989999771118164,25.989999771118164,25.440000534057617,25.549999237060547,2268900
2004-06-28,17.73383331298828,26.200000762939453,26.25,25.920000076293945,25.989999771118164,604400
2004-06-29,17.91657829284668,26.469999313354492,26.59000015258789,26.0,26.100000381469727,486600
2004-06-30,17.855661392211914,26.3799991607666,26.56999969482422,26.25,26.520000457763672,566700
2004-07-01,17.801517486572266,26.299999237060547,26.40999984741211,26.18000030517578,26.3799991607666,461600
2004-07-02,17.645835876464844,26.06999969482422,26.360000610351562,26.0,26.25,489000
2004-07-06,17.496923446655273,25.850000381469727,26.059999465942383,25.709999084472656,26.059999465942383,246200
2004-07-07,17.59845542907715,26.0,26.0,25.799999237060547,25.81999969482422,416800
2004-07-08,17.496923446655273,25.850000381469727,26.0,25.799999237060547,26.0,224500
2004-07-09,17.496923446655273,25.850000381469727,25.979999542236328,25.709999084472656,25.920000076293945,155700
2004-07-12,17.578153610229492,25.969999313354492,26.0,25.799999237060547,25.899999618530273,93700
2004-07-13,17.59845542907715,26.0,26.030000686645508,25.81999969482422,25.969999313354492,545400
2004-07-14,17.44954490661621,25.780000686645508,26.0,25.510000228881836,26.0,203100
2004-07-15,17.239717483520508,25.469999313354492,25.739999771118164,25.309999465942383,25.6299991607666,292100
2004-07-16,17.246490478515625,25.479999542236328,25.610000610351562,25.290000915527344,25.479999542236328,342200
2004-07-19,17.293865203857422,25.549999237060547,25.600000381469727,25.350000381469727,25.399999618530273,280600
2004-07-20,17.246490478515625,25.479999542236328,25.549999237060547,25.329999923706055,25.450000762939453,647000
2004-07-21,17.21940803527832,25.440000534057617,25.579999923706055,25.440000534057617,25.540000915527344,740200
2004-07-22,16.718528747558594,24.700000762939453,25.399999618530273,24.690000534057617,25.399999618530273,1169000
2004-07-23,16.447778701782227,24.299999237060547,24.649999618530273,24.15999984741211,24.649999618530273,1022700
2004-07-26,16.177040100097656,23.899999618530273,24.450000762939453,23.860000610351562,24.360000610351562,704200
2004-07-27,16.664377212524414,24.6200008392334,25.0,23.90999984741211,23.959999084472656,483600
2004-07-28,16.53577995300293,24.43000030517578,24.850000381469727,24.309999465942383,24.850000381469727,452500
2004-07-29,16.515472412109375,24.399999618530273,24.65999984741211,24.329999923706055,24.450000762939453,331400
2004-07-30,16.515472412109375,24.399999618530273,24.450000762939453,24.290000915527344,24.399999618530273,392900
2004-08-02,16.76590919494629,24.770000457763672,24.860000610351562,24.209999084472656,24.350000381469727,225600
2004-08-03,17.023115158081055,25.149999618530273,25.40999984741211,24.809999465942383,25.0,556400
2004-08-04,16.955432891845703,25.049999237060547,25.15999984741211,24.920000076293945,25.100000381469727,119900
2004-08-05,17.36832618713379,25.65999984741211,25.760000228881836,25.0,25.0,1014300
2004-08-06,17.361555099487305,25.649999618530273,25.790000915527344,25.479999542236328,25.600000381469727,537200
2004-08-09,17.490158081054688,25.84000015258789,25.979999542236328,25.549999237060547,25.600000381469727,208700
2004-08-10,17.56460952758789,25.950000762939453,26.049999237060547,25.889999389648438,25.899999618530273,309600
2004-08-11,17.395397186279297,25.700000762939453,26.100000381469727,25.610000610351562,26.100000381469727,471300
2004-08-12,17.029890060424805,25.15999984741211,25.700000762939453,25.149999618530273,25.600000381469727,307000
2004-08-13,16.989273071289062,25.100000381469727,25.329999923706055,25.049999237060547,25.329999923706055,451300
2004-08-16,17.124649047851562,25.299999237060547,25.43000030517578,24.950000762939453,24.950000762939453,442500
2004-08-17,17.361555099487305,25.649999618530273,25.729999542236328,25.200000762939453,25.239999771118164,281600
2004-08-18,17.496923446655273,25.850000381469727,25.8799991607666,25.649999618530273,25.68000030517578,269400
2004-08-19,17.510494232177734,25.799999237060547,25.989999771118164,25.600000381469727,25.600000381469727,303800
2004-08-20,17.510494232177734,25.799999237060547,25.84000015258789,25.649999618530273,25.75,187800
2004-08-23,17.585163116455078,25.90999984741211,26.020000457763672,25.670000076293945,25.670000076293945,190800
2004-08-24,17.63945198059082,25.989999771118164,26.0,25.799999237060547,25.799999237060547,192500
2004-08-25,17.625877380371094,25.969999313354492,26.010000228881836,25.889999389648438,25.989999771118164,294300
2004-08-26,17.544437408447266,25.850000381469727,26.0,25.719999313354492,25.979999542236328,287700
2004-08-27,17.517288208007812,25.809999465942383,25.950000762939453,25.649999618530273,25.950000762939453,236600
2004-08-30,17.91771697998047,26.399999618530273,26.399999618530273,25.850000381469727,25.860000610351562,359300
2004-08-31,18.012733459472656,26.540000915527344,26.540000915527344,26.229999542236328,26.229999542236328,320600
2004-09-01,18.14168930053711,26.729999542236328,26.860000610351562,26.5,26.5,582800
2004-09-02,18.22313117980957,26.850000381469727,27.0,26.600000381469727,26.600000381469727,266300
2004-09-03,17.951644897460938,26.450000762939453,26.850000381469727,26.3700008392334,26.799999237060547,318400
2004-09-07,17.91771697998047,26.399999618530273,26.75,26.270000457763672,26.350000381469727,244300
2004-09-08,17.897361755371094,26.3700008392334,26.5,26.059999465942383,26.270000457763672,339900
2004-09-09,17.849853515625,26.299999237060547,26.459999084472656,26.25,26.299999237060547,260800
2004-09-10,17.870208740234375,26.329999923706055,26.479999542236328,26.209999084472656,26.219999313354492,152100
2004-09-13,17.849853515625,26.299999237060547,26.65999984741211,26.270000457763672,26.450000762939453,161400
2004-09-14,17.98558235168457,26.5,26.59000015258789,26.3799991607666,26.389999389648438,384100
2004-09-15,18.257068634033203,26.899999618530273,27.0,26.549999237060547,26.579999923706055,584500
2004-09-16,18.22313117980957,26.850000381469727,27.030000686645508,26.780000686645508,27.0,375200
2004-09-17,18.22992706298828,26.860000610351562,26.950000762939453,26.65999984741211,26.850000381469727,297500
2004-09-20,18.04667091369629,26.59000015258789,26.770000457763672,26.530000686645508,26.719999313354492,146600
2004-09-21,18.07381820678711,26.6299991607666,26.719999313354492,26.3799991607666,26.5,188200
2004-09-22,17.938081741333008,26.43000030517578,26.639999389648438,26.260000228881836,26.639999389648438,203300
2004-09-23,18.195981979370117,26.809999465942383,26.899999618530273,26.5,26.549999237060547,173900
2004-09-24,18.05345344543457,26.600000381469727,26.899999618530273,26.59000015258789,26.8700008392334,248900
2004-09-27,17.91771697998047,26.399999618530273,26.700000762939453,26.3700008392334,26.600000381469727,349300
2004-09-28,17.72769546508789,26.1200008392334,26.43000030517578,25.899999618530273,26.360000610351562,510600
2004-09-29,17.795549392700195,26.219999313354492,26.530000686645508,26.049999237060547,26.049999237060547,213000
2004-09-30,17.64623260498047,26.0,26.25,25.600000381469727,26.25,814700
2004-10-01,17.612302780151367,25.950000762939453,26.18000030517578,25.809999465942383,25.950000762939453,404000
2004-10-04,17.98558235168457,26.5,26.549999237060547,25.950000762939453,25.950000762939453,428000
2004-10-05,17.978801727294922,26.489999771118164,26.520000457763672,26.309999465942383,26.40999984741211,170200
2004-10-06,17.98558235168457,26.5,26.59000015258789,26.079999923706055,26.420000076293945,404300
2004-10-07,17.931285858154297,26.420000076293945,26.5,26.389999389648438,26.43000030517578,176500
2004-10-08,17.951644897460938,26.450000762939453,26.610000610351562,26.3700008392334,26.549999237060547,471500
2004-10-11,18.257068634033203,26.899999618530273,26.950000762939453,26.5,26.5,231300
2004-10-12,18.42674446105957,27.149999618530273,27.239999771118164,26.799999237060547,26.799999237060547,338100
2004-10-13,17.931285858154297,26.420000076293945,26.979999542236328,26.420000076293945,26.950000762939453,354400
2004-10-14,17.37476348876953,25.600000381469727,26.709999084472656,25.360000610351562,26.329999923706055,632600
2004-10-15,17.306884765625,25.5,25.649999618530273,25.0,25.649999618530273,778400
2004-10-18,17.53763771057129,25.84000015258789,26.049999237060547,25.399999618530273,25.399999618530273,369600
2004-10-19,17.096487045288086,25.190000534057617,25.75,24.920000076293945,25.700000762939453,694900
2004-10-20,17.198291778564453,25.34000015258789,25.559999465942383,25.030000686645508,25.079999923706055,507500
2004-10-21,17.408695220947266,25.649999618530273,25.670000076293945,25.09000015258789,25.25,166700
2004-10-22,17.408695220947266,25.649999618530273,25.700000762939453,25.420000076293945,25.600000381469727,705500
2004-10-25,17.4426212310791,25.700000762939453,25.989999771118164,25.43000030517578,25.719999313354492,220000
2004-10-26,17.91771697998047,26.399999618530273,26.760000228881836,25.510000228881836,25.799999237060547,637400
2004-10-27,17.781986236572266,26.200000762939453,26.43000030517578,26.09000015258789,26.299999237060547,274200
2004-10-28,17.98558235168457,26.5,26.790000915527344,25.780000686645508,26.049999237060547,299700
2004-10-29,18.311359405517578,26.979999542236328,26.979999542236328,26.459999084472656,26.510000228881836,366600
2004-11-01,18.14168930053711,26.729999542236328,27.149999618530273,26.56999969482422,27.149999618530273,380300
2004-11-02,18.14168930053711,26.729999542236328,27.110000610351562,26.649999618530273,26.860000610351562,275500
2004-11-03,18.01952362060547,26.549999237060547,27.0,26.489999771118164,26.860000610351562,506800
2004-11-04,18.392810821533203,27.100000381469727,27.25,26.639999389648438,26.649999618530273,1258000
2004-11-05,19.241182327270508,28.350000381469727,28.90999984741211,27.280000686645508,27.399999618530273,1682000
2004-11-08,19.750215530395508,29.100000381469727,29.200000762939453,28.350000381469727,28.450000762939453,1303900
2004-11-09,19.804508209228516,29.18000030517578,29.5,29.040000915527344,29.25,523200
2004-11-10,19.81808853149414,29.200000762939453,29.350000381469727,29.15999984741211,29.350000381469727,433600
2004-11-11,19.648408889770508,28.950000762939453,29.299999237060547,28.84000015258789,29.299999237060547,415900
2004-11-12,19.682334899902344,29.0,29.329999923706055,28.850000381469727,29.100000381469727,755800
2004-11-15,19.70949363708496,29.040000915527344,29.100000381469727,28.739999771118164,29.06999969482422,472400
2004-11-16,20.089561462402344,29.600000381469727,29.739999771118164,29.020000457763672,29.020000457763672,586600
2004-11-17,20.055627822875977,29.549999237060547,29.940000534057617,29.440000534057617,29.729999542236328,617700
2004-11-18,19.973987579345703,29.360000610351562,29.5,29.0,29.5,406600
2004-11-19,19.89915657043457,29.25,29.469999313354492,29.110000610351562,29.200000762939453,346900
2004-11-22,20.04201889038086,29.459999084472656,29.65999984741211,29.049999237060547,29.049999237060547,363400
2004-11-23,20.08284568786621,29.520000457763672,29.75,29.440000534057617,29.6299991607666,357100
2004-11-24,20.06243324279785,29.489999771118164,29.579999923706055,29.350000381469727,29.350000381469727,168300
2004-11-26,20.06243324279785,29.489999771118164,29.700000762939453,29.3700008392334,29.600000381469727,40000
2004-11-29,19.86514663696289,29.200000762939453,29.600000381469727,29.0,29.350000381469727,258600
2004-11-30,20.40939712524414,30.0,30.139999389648438,29.149999618530273,29.31999969482422,780300
2004-12-01,20.06923484802246,29.5,30.100000381469727,29.360000610351562,30.049999237060547,673000
2004-12-02,20.32095718383789,29.8700008392334,29.979999542236328,29.1200008392334,29.56999969482422,526900
2004-12-03,20.388978958129883,29.969999313354492,30.139999389648438,29.399999618530273,29.940000534057617,260300
2004-12-06,20.205299377441406,29.700000762939453,30.049999237060547,29.670000076293945,30.049999237060547,454400
2004-12-07,20.280141830444336,29.809999465942383,29.8799991607666,29.510000228881836,29.75,683800
2004-12-08,20.443410873413086,30.049999237060547,30.09000015258789,29.600000381469727,29.75,377900
2004-12-09,20.300537109375,29.84000015258789,30.100000381469727,29.670000076293945,30.0,296000
2004-12-10,20.613487243652344,30.299999237060547,30.399999618530273,29.75,29.799999237060547,315700
2004-12-13,21.02166748046875,30.899999618530273,31.290000915527344,30.5,30.5,591900
2004-12-14,21.089702606201172,31.0,31.049999237060547,30.170000076293945,30.850000381469727,458600
2004-12-15,20.87200164794922,30.68000030517578,30.959999084472656,30.329999923706055,30.8799991607666,585700
2004-12-16,20.749549865722656,30.5,30.979999542236328,30.479999542236328,30.8799991607666,891700
2004-12-17,20.810781478881836,30.59000015258789,30.700000762939453,30.3799991607666,30.520000457763672,597300
2004-12-20,20.987655639648438,30.850000381469727,30.850000381469727,30.469999313354492,30.65999984741211,646800
2004-12-21,20.74274253845215,30.489999771118164,30.75,30.290000915527344,30.709999084472656,604000
2004-12-22,20.545454025268555,30.200000762939453,30.5,30.020000457763672,30.399999618530273,708600
2004-12-23,20.749549865722656,30.5,30.5,30.260000228881836,30.299999237060547,387400
2004-12-27,20.545454025268555,30.200000762939453,30.3799991607666,29.950000762939453,30.3799991607666,138000
2004-12-28,20.613487243652344,30.299999237060547,30.520000457763672,30.170000076293945,30.200000762939453,215700
2004-12-29,20.59987449645996,30.280000686645508,30.360000610351562,30.139999389648438,30.200000762939453,111700
2004-12-30,20.5794734954834,30.25,30.350000381469727,29.979999542236328,30.350000381469727,94400
2004-12-31,20.783567428588867,30.549999237060547,30.649999618530273,30.219999313354492,30.299999237060547,247200
2005-01-03,20.8856143951416,30.700000762939453,30.950000762939453,30.549999237060547,30.600000381469727,731200
2005-01-04,20.477426528930664,30.100000381469727,30.1299991607666,29.799999237060547,30.0,1433300
2005-01-05,20.307340621948242,29.850000381469727,30.059999465942383,29.700000762939453,30.049999237060547,534700
2005-01-06,20.817581176757812,30.600000381469727,30.950000762939453,29.799999237060547,29.850000381469727,1438700
2005-01-07,20.66790771484375,30.3799991607666,30.799999237060547,30.25,30.579999923706055,200700
2005-01-10,20.545454025268555,30.200000762939453,30.239999771118164,30.020000457763672,30.200000762939453,366000
2005-01-11,20.5794734954834,30.25,30.299999237060547,29.799999237060547,30.200000762939453,638700
2005-01-12,20.39579200744629,29.979999542236328,30.149999618530273,29.8799991607666,30.100000381469727,605100
2005-01-13,20.42979621887207,30.030000686645508,30.329999923706055,29.719999313354492,29.979999542236328,609600
2005-01-14,20.824378967285156,30.610000610351562,30.75,30.0,30.209999084472656,609800
2005-01-18,21.062482833862305,30.959999084472656,31.100000381469727,30.3700008392334,30.639999389648438,541100
2005-01-19,20.756351470947266,30.510000228881836,30.959999084472656,30.40999984741211,30.959999084472656,895500
2005-01-20,20.817581176757812,30.600000381469727,30.979999542236328,30.010000228881836,30.510000228881836,2645700
2005-01-21,21.327808380126953,31.350000381469727,31.610000610351562,30.950000762939453,30.950000762939453,12733000
2005-01-24,21.069292068481445,30.969999313354492,31.440000534057617,30.920000076293945,31.350000381469727,1720000
2005-01-25,21.293790817260742,31.299999237060547,31.5,30.93000030517578,31.06999969482422,2355000
2005-01-26,21.5659236907959,31.700000762939453,31.719999313354492,31.25,31.299999237060547,1763500
2005-01-27,21.50470733642578,31.610000610351562,31.799999237060547,31.450000762939453,31.450000762939453,1988200
2005-01-28,21.51150131225586,31.6200008392334,31.829999923706055,31.469999313354492,31.610000610351562,1885400
2005-01-31,22.130571365356445,32.529998779296875,32.70000076293945,32.029998779296875,32.04999923706055,3141200
2005-02-01,22.443531036376953,32.9900016784668,33.25,32.70000076293945,32.779998779296875,2148700
2005-02-02,22.545581817626953,33.13999938964844,33.20000076293945,32.9900016784668,33.20000076293945,1073100
2005-02-03,22.538780212402344,33.130001068115234,33.220001220703125,32.86000061035156,33.20000076293945,1273400
2005-02-04,22.844911575317383,33.58000183105469,33.58000183105469,33.060001373291016,33.25,923200
2005-02-07,22.9605655670166,33.75,33.880001068115234,33.369998931884766,33.79999923706055,1159200
2005-02-08,22.99457550048828,33.79999923706055,33.880001068115234,33.45000076293945,33.849998474121094,1092200
2005-02-09,22.776884078979492,33.47999954223633,33.779998779296875,33.310001373291016,33.75,1254900
2005-02-10,22.518362045288086,33.099998474121094,33.47999954223633,32.9900016784668,33.310001373291016,1265100
2005-02-11,23.096622467041016,33.95000076293945,34.029998779296875,33.08000183105469,33.08000183105469,833300
2005-02-14,23.2871150970459,34.22999954223633,34.540000915527344,33.95000076293945,33.95000076293945,1271900
2005-02-15,22.980981826782227,33.779998779296875,34.02000045776367,32.7599983215332,32.79999923706055,2648800
2005-02-16,22.78367805480957,33.4900016784668,33.75,32.95000076293945,33.75,1353800
2005-02-17,22.926551818847656,33.70000076293945,34.25,33.25,33.310001373291016,1271400
2005-02-18,23.225887298583984,34.13999938964844,34.20000076293945,33.75,33.79999923706055,1009900
2005-02-22,22.865324020385742,33.61000061035156,34.459999084472656,33.43000030517578,34.38999938964844,628000
2005-02-23,23.096622467041016,33.95000076293945,34.08000183105469,33.61000061035156,33.61000061035156,707000
2005-02-24,23.17842674255371,34.0,34.25,33.459999084472656,34.130001068115234,833300
2005-02-25,23.567018508911133,34.56999969482422,34.689998626708984,34.0,34.0,678900
2005-02-28,23.451122283935547,34.400001525878906,34.70000076293945,34.11000061035156,34.5,540500
2005-03-01,23.839696884155273,34.970001220703125,35.0099983215332,34.5,34.5,1076400
2005-03-02,23.682912826538086,34.7400016784668,35.0,34.599998474121094,34.970001220703125,864800
2005-03-03,23.471574783325195,34.43000030517578,34.9900016784668,34.060001373291016,34.939998626708984,456100
2005-03-04,23.59427833557129,34.61000061035156,34.70000076293945,34.25,34.52000045776367,706400
2005-03-07,23.62836456298828,34.65999984741211,34.900001525878906,33.63999938964844,34.61000061035156,442800
2005-03-08,23.519285202026367,34.5,34.54999923706055,34.04999923706055,34.400001525878906,623800
2005-03-09,23.389766693115234,34.310001373291016,34.5,33.75,34.5,635700
2005-03-10,23.307950973510742,34.189998626708984,34.47999954223633,34.13999938964844,34.45000076293945,763300
2005-03-11,23.280691146850586,34.150001525878906,34.25,33.79999923706055,34.189998626708984,712100
2005-03-14,23.451122283935547,34.400001525878906,34.79999923706055,34.349998474121094,34.400001525878906,969200
2005-03-15,23.219337463378906,34.060001373291016,34.540000915527344,33.86000061035156,34.45000076293945,1790900
2005-03-16,23.226154327392578,34.06999969482422,34.15999984741211,33.849998474121094,33.900001525878906,360800
2005-03-17,23.1648006439209,33.97999954223633,34.20000076293945,33.63999938964844,34.029998779296875,376600
2005-03-18,23.246610641479492,34.099998474121094,34.099998474121094,33.709999084472656,33.9900016784668,517900
2005-03-21,23.137527465820312,33.939998626708984,34.2400016784668,33.900001525878906,33.970001220703125,288900
2005-03-22,23.08980369567871,33.869998931884766,34.599998474121094,33.810001373291016,34.5,1125000
2005-03-23,22.71486473083496,33.31999969482422,33.5,32.97999954223633,33.400001525878906,897100
2005-03-24,22.939836502075195,33.650001525878906,34.040000915527344,33.41999816894531,33.41999816894531,529200
2005-03-28,23.2534236907959,34.11000061035156,34.189998626708984,33.65999984741211,33.72999954223633,388600
2005-03-29,22.701236724853516,33.29999923706055,34.0,32.65999984741211,33.54999923706055,1674800
2005-03-30,23.26024055480957,34.119998931884766,34.2400016784668,33.349998474121094,33.400001525878906,1309200
2005-03-31,22.973918914794922,33.70000076293945,34.099998474121094,33.529998779296875,34.02000045776367,689300
2005-04-01,22.796667098999023,33.439998626708984,34.09000015258789,32.369998931884766,33.79999923706055,1077600
2005-04-04,22.49672508239746,33.0,33.619998931884766,32.95000076293945,33.400001525878906,1485700
2005-04-05,22.455806732177734,32.939998626708984,33.060001373291016,32.790000915527344,32.95000076293945,1113500
2005-04-06,22.44900131225586,32.93000030517578,33.0,32.849998474121094,33.0,1250200
2005-04-07,22.980741500854492,33.709999084472656,33.810001373291016,33.0,33.0,436100
2005-04-08,22.817123413085938,33.470001220703125,33.95000076293945,33.33000183105469,33.95000076293945,346900
2005-04-11,22.987550735473633,33.720001220703125,34.029998779296875,33.529998779296875,33.599998474121094,937400
2005-04-12,22.885295867919922,33.56999969482422,33.720001220703125,33.41999816894531,33.720001220703125,1017400
2005-04-13,22.864843368530273,33.540000915527344,33.58000183105469,33.400001525878906,33.5,432200
2005-04-14,22.43535614013672,32.90999984741211,33.599998474121094,32.83000183105469,33.599998474121094,764100
2005-04-15,22.421720504760742,32.88999938964844,33.45000076293945,32.75,32.849998474121094,894800
2005-04-18,21.917261123657227,32.150001525878906,32.93000030517578,31.899999618530273,32.88999938964844,1108800
2005-04-19,22.49672508239746,33.0,33.150001525878906,32.099998474121094,32.099998474121094,617100
2005-04-20,22.312650680541992,32.72999954223633,33.4900016784668,32.70000076293945,33.25,647500
2005-04-21,22.7694091796875,33.400001525878906,33.5099983215332,32.72999954223633,32.72999954223633,462400
2005-04-22,22.44900131225586,32.93000030517578,33.38999938964844,32.849998474121094,33.25,334800
2005-04-25,22.455806732177734,32.939998626708984,33.220001220703125,32.70000076293945,33.029998779296875,985900
2005-04-26,22.667160034179688,33.25,33.290000915527344,32.810001373291016,33.04999923706055,431800
2005-04-27,22.8103084564209,33.459999084472656,33.77000045776367,32.849998474121094,33.279998779296875,470400
2005-04-28,22.742137908935547,33.36000061035156,33.91999816894531,33.29999923706055,33.540000915527344,347400
2005-04-29,22.558069229125977,33.09000015258789,33.380001068115234,32.099998474121094,33.29999923706055,1123800
2005-05-02,22.605798721313477,33.15999984741211,33.290000915527344,32.869998931884766,33.04999923706055,530000
2005-05-03,22.748952865600586,33.369998931884766,33.45000076293945,32.90999984741211,33.099998474121094,681700
2005-05-04,22.49672508239746,33.0,33.119998931884766,32.59000015258789,32.900001525878906,1485800
2005-05-05,23.008007049560547,33.75,34.400001525878906,32.900001525878906,34.099998474121094,3932100
2005-05-06,23.328407287597656,34.220001220703125,34.43000030517578,33.84000015258789,34.0,1415200
2005-05-09,23.33522605895996,34.22999954223633,34.349998474121094,33.97999954223633,34.0099983215332,1311200
2005-05-10,23.1648006439209,33.97999954223633,34.22999954223633,33.880001068115234,34.22999954223633,792000
2005-05-11,23.144346237182617,33.95000076293945,34.13999938964844,33.70000076293945,34.099998474121094,759400
2005-05-12,22.408092498779297,32.869998931884766,34.029998779296875,32.83000183105469,34.029998779296875,1283100
2005-05-13,22.667160034179688,33.25,33.369998931884766,32.349998474121094,32.95000076293945,1021500
2005-05-16,22.837566375732422,33.5,33.650001525878906,33.31999969482422,33.41999816894531,883900
2005-05-17,22.71486473083496,33.31999969482422,33.5,33.040000915527344,33.5,987700
2005-05-18,23.226154327392578,34.06999969482422,34.150001525878906,33.380001068115234,33.400001525878906,973300
2005-05-19,23.22615623474121,33.9900016784668,34.09000015258789,33.79999923706055,33.90999984741211,293200
2005-05-20,22.97332763671875,33.619998931884766,34.0,33.54999923706055,33.95000076293945,524700
2005-05-23,23.02800178527832,33.70000076293945,33.849998474121094,33.5,33.70000076293945,423700
2005-05-24,23.28081703186035,34.06999969482422,34.22999954223633,33.869998931884766,33.900001525878906,683700
2005-05-25,23.492652893066406,34.380001068115234,34.45000076293945,33.959999084472656,34.150001525878906,856900
2005-05-26,23.91630744934082,35.0,35.220001220703125,34.400001525878906,34.599998474121094,1459300
2005-05-27,23.984647750854492,35.099998474121094,35.380001068115234,34.79999923706055,35.099998474121094,1473800
2005-05-31,24.018814086914062,35.150001525878906,35.349998474121094,35.0099983215332,35.29999923706055,1061400
2005-06-01,24.42197036743164,35.7400016784668,35.75,35.099998474121094,35.099998474121094,1436600
2005-06-02,24.087133407592773,35.25,35.709999084472656,35.189998626708984,35.70000076293945,1331100
2005-06-03,23.86164665222168,34.91999816894531,35.290000915527344,34.81999969482422,35.290000915527344,658100
2005-06-06,24.428808212280273,35.75,35.95000076293945,34.97999954223633,35.0,958800
2005-06-07,24.285306930541992,35.540000915527344,35.95000076293945,35.470001220703125,35.75,683800
2005-06-08,24.319480895996094,35.59000015258789,36.0,35.4900016784668,35.52000045776367,536000
2005-06-09,24.46296501159668,35.79999923706055,35.880001068115234,35.650001525878906,35.70000076293945,460300
2005-06-10,24.339967727661133,35.619998931884766,35.880001068115234,35.61000061035156,35.70000076293945,207200
2005-06-13,24.394636154174805,35.70000076293945,35.75,35.56999969482422,35.720001220703125,377400
2005-06-14,24.763633728027344,36.2400016784668,36.25,35.59000015258789,35.599998474121094,334600
2005-06-15,24.415136337280273,35.72999954223633,36.29999923706055,35.63999938964844,36.29999923706055,615300
2005-06-16,24.257966995239258,35.5,35.900001525878906,35.41999816894531,35.900001525878906,864400
2005-06-17,24.08030891418457,35.2400016784668,35.54999923706055,35.220001220703125,35.5,845200
2005-06-20,24.271631240844727,35.52000045776367,35.54999923706055,34.849998474121094,35.150001525878906,927900
2005-06-21,24.46296501159668,35.79999923706055,36.099998474121094,35.29999923706055,35.400001525878906,425400
2005-06-22,24.654296875,36.08000183105469,36.18000030517578,35.849998474121094,35.900001525878906,701900
2005-06-23,24.30579948425293,35.56999969482422,35.95000076293945,34.900001525878906,35.099998474121094,906600
2005-06-24,24.292144775390625,35.54999923706055,35.70000076293945,35.439998626708984,35.599998474121094,1701300
2005-06-27,24.661142349243164,36.09000015258789,36.40999984741211,35.560001373291016,35.650001525878906,1053400
2005-06-28,24.695297241210938,36.13999938964844,36.2599983215332,36.029998779296875,36.20000076293945,776900
2005-06-29,24.353635787963867,35.63999938964844,36.29999923706055,35.56999969482422,36.25,491000
2005-06-30,24.667966842651367,36.099998474121094,36.2599983215332,35.75,35.75,836900
2005-07-01,24.743127822875977,36.209999084472656,36.380001068115234,36.09000015258789,36.099998474121094,532900
2005-07-05,24.907123565673828,36.45000076293945,36.56999969482422,36.20000076293945,36.20000076293945,386200
2005-07-06,25.01645278930664,36.61000061035156,36.77000045776367,36.349998474121094,36.5,687400
2005-07-07,24.99596405029297,36.58000183105469,36.77000045776367,36.18000030517578,36.61000061035156,514900
2005-07-08,25.20095443725586,36.880001068115234,36.880001068115234,36.400001525878906,36.650001525878906,537800
2005-07-11,25.351295471191406,37.099998474121094,37.13999938964844,36.849998474121094,36.900001525878906,860000
2005-07-12,25.378620147705078,37.13999938964844,37.189998626708984,36.9900016784668,37.09000015258789,509100
2005-07-13,25.38545799255371,37.150001525878906,37.349998474121094,37.02000045776367,37.2400016784668,495400
2005-07-14,25.47428321838379,37.279998779296875,37.400001525878906,37.11000061035156,37.25,266600
2005-07-15,25.2556209564209,36.959999084472656,37.279998779296875,36.900001525878906,37.279998779296875,412300
2005-07-18,25.118967056274414,36.7599983215332,37.0,36.5,37.0,423400
2005-07-19,24.920793533325195,36.470001220703125,36.880001068115234,36.459999084472656,36.849998474121094,772100
2005-07-20,24.954957962036133,36.52000045776367,36.650001525878906,36.11000061035156,36.349998474121094,572900
2005-07-21,24.715801239013672,36.16999816894531,36.970001220703125,36.09000015258789,36.68000030517578,436800
2005-07-22,24.456146240234375,35.790000915527344,36.16999816894531,35.599998474121094,36.099998474121094,554700
2005-07-25,24.667966842651367,36.099998474121094,36.150001525878906,35.599998474121094,35.599998474121094,510400
2005-07-26,25.043792724609375,36.650001525878906,36.70000076293945,35.709999084472656,36.04999923706055,576800
2005-07-27,25.282955169677734,37.0,37.27000045776367,36.599998474121094,36.849998474121094,260300
2005-07-28,25.966270446777344,38.0,38.150001525878906,37.70000076293945,37.75,1132500
2005-07-29,25.248790740966797,36.95000076293945,37.959999084472656,36.95000076293945,37.849998474121094,1234300
2005-08-01,25.727121353149414,37.650001525878906,37.709999084472656,36.61000061035156,36.61000061035156,430700
2005-08-02,25.706613540649414,37.619998931884766,37.75,37.349998474121094,37.54999923706055,442400
2005-08-03,26.123443603515625,38.22999954223633,38.349998474121094,37.66999816894531,37.66999816894531,730200
2005-08-04,25.58363151550293,37.439998626708984,38.959999084472656,37.439998626708984,38.75,576500
2005-08-05,25.09161949157715,36.720001220703125,37.54999923706055,36.650001525878906,37.400001525878906,276700
2005-08-08,25.077957153320312,36.70000076293945,37.130001068115234,36.47999954223633,36.95000076293945,624500
2005-08-09,25.453784942626953,37.25,37.380001068115234,36.459999084472656,36.7400016784668,485300
2005-08-10,25.911603927612305,37.91999816894531,38.310001373291016,37.45000076293945,37.45000076293945,642700
2005-08-11,26.020938873291016,38.08000183105469,38.459999084472656,37.939998626708984,38.04999923706055,584400
2005-08-12,26.03461265563965,38.099998474121094,38.2400016784668,38.02000045776367,38.099998474121094,393400
2005-08-15,26.068767547607422,38.150001525878906,38.290000915527344,37.91999816894531,38.150001525878906,244100
2005-08-16,25.88428497314453,37.880001068115234,38.25,37.720001220703125,38.25,250000
2005-08-17,25.863780975341797,37.849998474121094,38.099998474121094,37.0,37.75,914600
2005-08-18,25.542627334594727,37.380001068115234,37.79999923706055,37.06999969482422,37.79999923706055,495500
2005-08-19,25.665882110595703,37.47999954223633,37.560001373291016,37.150001525878906,37.29999923706055,143600
2005-08-22,25.36457061767578,37.040000915527344,37.599998474121094,37.0,37.5,325600
2005-08-23,25.96034812927246,37.90999984741211,38.189998626708984,36.900001525878906,36.900001525878906,706300
2005-08-24,25.768604278564453,37.630001068115234,37.79999923706055,37.54999923706055,37.79999923706055,381600
2005-08-25,25.679580688476562,37.5,37.95000076293945,37.459999084472656,37.650001525878906,287000
2005-08-26,25.70697021484375,37.540000915527344,37.77000045776367,37.400001525878906,37.45000076293945,360700
2005-08-29,25.741207122802734,37.59000015258789,37.7400016784668,36.88999938964844,37.540000915527344,319400
2005-08-30,25.590545654296875,37.369998931884766,37.709999084472656,37.11000061035156,37.5,361000
2005-08-31,25.56317138671875,37.33000183105469,37.36000061035156,36.459999084472656,37.29999923706055,616000
2005-09-01,25.33717918395996,37.0,37.349998474121094,36.630001068115234,37.349998474121094,619000
2005-09-02,25.029024124145508,36.54999923706055,37.0099983215332,36.52000045776367,37.0,528700
2005-09-06,25.323484420776367,36.97999954223633,37.130001068115234,36.540000915527344,36.650001525878906,562400
2005-09-07,25.542625427246094,37.29999923706055,37.400001525878906,36.869998931884766,36.9900016784668,392000
2005-09-08,25.357725143432617,37.029998779296875,37.5099983215332,36.709999084472656,37.25,1357900
2005-09-09,25.638504028320312,37.439998626708984,37.45000076293945,36.970001220703125,37.029998779296875,348400
2005-09-12,25.43990135192871,37.150001525878906,37.54999923706055,36.900001525878906,37.5,671000
2005-09-13,25.67273712158203,37.4900016784668,38.2599983215332,37.150001525878906,37.150001525878906,773500
2005-09-14,25.70012664794922,37.529998779296875,38.13999938964844,37.52000045776367,37.59000015258789,415400
2005-09-15,25.81653594970703,37.70000076293945,37.970001220703125,37.58000183105469,37.70000076293945,511900
2005-09-16,26.049362182617188,38.040000915527344,38.04999923706055,37.75,37.75,320400
2005-09-19,25.52891731262207,37.279998779296875,38.16999816894531,37.279998779296875,38.150001525878906,551300
2005-09-20,25.802837371826172,37.68000030517578,37.9900016784668,36.75,36.75,457100
2005-09-21,25.385120391845703,37.06999969482422,37.900001525878906,36.95000076293945,37.75,563100
2005-09-22,25.234464645385742,36.849998474121094,37.08000183105469,36.310001373291016,37.08000183105469,644200
2005-09-23,25.302942276000977,36.95000076293945,37.029998779296875,36.66999816894531,36.86000061035156,389000
2005-09-26,25.350887298583984,37.02000045776367,37.45000076293945,36.849998474121094,36.849998474121094,813800
2005-09-27,25.789142608642578,37.65999984741211,37.7400016784668,36.91999816894531,37.06999969482422,428800
2005-09-28,25.89186668395996,37.810001373291016,38.04999923706055,37.790000915527344,37.900001525878906,347700
2005-09-29,25.987741470336914,37.95000076293945,38.0099983215332,37.599998474121094,37.81999969482422,455500
2005-09-30,26.06304931640625,38.060001373291016,38.33000183105469,37.91999816894531,37.959999084472656,1010200
2005-10-03,26.316434860229492,38.43000030517578,38.540000915527344,37.7599983215332,37.970001220703125,724400
2005-10-04,25.83023452758789,37.720001220703125,38.720001220703125,37.70000076293945,38.41999816894531,468300
2005-10-05,25.81653594970703,37.70000076293945,38.099998474121094,37.2599983215332,37.61000061035156,727600
2005-10-06,25.67273712158203,37.4900016784668,38.04999923706055,37.16999816894531,37.869998931884766,816000
2005-10-07,25.597410202026367,37.380001068115234,37.72999954223633,37.20000076293945,37.5,407100
2005-10-10,25.624799728393555,37.41999816894531,37.720001220703125,37.34000015258789,37.380001068115234,705000
2005-10-11,25.200225830078125,36.79999923706055,37.650001525878906,36.7400016784668,37.54999923706055,597100
2005-10-12,24.898923873901367,36.36000061035156,37.02000045776367,36.0099983215332,36.900001525878906,669300
2005-10-13,24.892074584960938,36.349998474121094,36.900001525878906,35.790000915527344,36.5,601100
2005-10-14,24.981090545654297,36.47999954223633,37.04999923706055,36.29999923706055,36.29999923706055,670200
2005-10-17,25.138601303100586,36.709999084472656,37.59000015258789,36.349998474121094,36.70000076293945,506000
2005-10-18,25.17967987060547,36.77000045776367,37.0,36.560001373291016,36.59000015258789,502100
2005-10-19,25.22761344909668,36.84000015258789,36.970001220703125,36.43000030517578,36.52000045776367,397700
2005-10-20,25.186532974243164,36.779998779296875,37.189998626708984,36.599998474121094,36.70000076293945,646700
2005-10-21,25.49467658996582,37.22999954223633,37.400001525878906,36.84000015258789,36.84000015258789,581700
2005-10-24,25.70012664794922,37.529998779296875,37.70000076293945,37.18000030517578,37.18000030517578,490400
2005-10-25,25.795989990234375,37.66999816894531,37.79999923706055,37.369998931884766,37.54999923706055,512400
2005-10-26,25.734357833862305,37.58000183105469,38.0,37.20000076293945,37.79999923706055,869300
2005-10-27,25.652177810668945,37.459999084472656,37.75,37.459999084472656,37.54999923706055,902500
2005-10-28,25.78230094909668,37.650001525878906,37.75,37.43000030517578,37.599998474121094,341000
2005-10-31,26.15892791748047,38.20000076293945,38.33000183105469,37.720001220703125,37.900001525878906,601400
2005-11-01,26.26165008544922,38.349998474121094,38.650001525878906,38.099998474121094,38.20000076293945,408100
2005-11-02,26.275344848632812,38.369998931884766,38.599998474121094,38.040000915527344,38.29999923706055,830300
2005-11-03,29.06928253173828,42.45000076293945,42.599998474121094,39.41999816894531,40.0,2092200
2005-11-04,28.658403396606445,41.849998474121094,42.849998474121094,41.40999984741211,42.45000076293945,1071700
2005-11-07,28.898086547851562,42.20000076293945,42.88999938964844,41.650001525878906,41.849998474121094,897700
2005-11-08,28.665271759033203,41.86000061035156,42.349998474121094,41.810001373291016,42.349998474121094,325000
2005-11-09,29.267866134643555,42.7400016784668,42.900001525878906,41.7599983215332,42.09000015258789,717100
2005-11-10,29.48016929626465,43.04999923706055,43.04999923706055,42.09000015258789,42.79999923706055,565900
2005-11-11,29.16513442993164,42.59000015258789,43.189998626708984,42.470001220703125,43.130001068115234,366300
2005-11-14,29.302120208740234,42.790000915527344,43.18000030517578,42.650001525878906,42.790000915527344,797300
2005-11-15,29.617122650146484,43.25,43.650001525878906,42.619998931884766,42.79999923706055,980100
2005-11-16,29.315799713134766,42.810001373291016,43.400001525878906,42.810001373291016,43.400001525878906,686000
2005-11-17,29.8636417388916,43.61000061035156,43.630001068115234,42.70000076293945,42.83000183105469,344100
2005-11-18,29.993738174438477,43.79999923706055,43.869998931884766,43.599998474121094,43.810001373291016,284600
2005-11-21,29.897872924804688,43.65999984741211,44.0099983215332,43.279998779296875,44.0099983215332,381200
2005-11-22,30.04852867126465,43.880001068115234,44.04999923706055,43.25,43.599998474121094,553900
2005-11-23,30.357242584228516,44.25,44.41999816894531,43.689998626708984,43.70000076293945,340700
2005-11-25,30.165157318115234,43.970001220703125,44.290000915527344,43.81999969482422,44.150001525878906,90700
2005-11-28,30.274911880493164,44.130001068115234,44.130001068115234,43.86000061035156,44.02000045776367,305100
2005-11-29,30.52875518798828,44.5,44.68000030517578,44.099998474121094,44.279998779296875,441100
2005-11-30,30.268056869506836,44.119998931884766,44.58000183105469,43.939998626708984,44.54999923706055,393200
2005-12-01,30.206296920776367,44.029998779296875,44.52000045776367,43.779998779296875,44.439998626708984,523700
2005-12-02,30.213180541992188,44.040000915527344,44.29999923706055,43.54999923706055,44.20000076293945,320300
2005-12-05,29.80841064453125,43.45000076293945,44.119998931884766,43.119998931884766,43.88999938964844,553000
2005-12-06,29.822124481201172,43.470001220703125,43.86000061035156,43.31999969482422,43.349998474121094,435900
2005-12-07,30.007373809814453,43.7400016784668,43.75,42.91999816894531,43.54999923706055,542100
2005-12-08,29.842721939086914,43.5,44.08000183105469,43.40999984741211,43.7400016784668,390000
2005-12-09,29.842721939086914,43.5,43.599998474121094,43.33000183105469,43.5,223500
2005-12-12,30.350387573242188,44.2400016784668,44.27000045776367,43.40999984741211,43.5099983215332,345900
2005-12-13,30.027963638305664,43.77000045776367,44.45000076293945,43.060001373291016,44.349998474121094,892100
2005-12-14,29.657487869262695,43.22999954223633,43.97999954223633,43.20000076293945,43.77000045776367,307800
2005-12-15,29.074350357055664,42.380001068115234,43.2400016784668,41.84000015258789,43.2400016784668,1305100
2005-12-16,28.971450805664062,42.22999954223633,42.5099983215332,41.959999084472656,42.380001068115234,737100
2005-12-19,28.3883056640625,41.380001068115234,42.099998474121094,40.959999084472656,42.029998779296875,726300
2005-12-20,29.25958251953125,42.650001525878906,43.09000015258789,42.31999969482422,42.650001525878906,1441100
2005-12-21,29.307619094848633,42.720001220703125,42.959999084472656,42.5,42.70000076293945,789300
2005-12-22,29.70550537109375,43.29999923706055,43.34000015258789,42.779998779296875,42.790000915527344,493800
2005-12-23,29.643762588500977,43.209999084472656,43.650001525878906,42.91999816894531,43.22999954223633,469400
2005-12-27,29.534015655517578,43.04999923706055,44.04999923706055,43.04999923706055,43.209999084472656,258800
2005-12-28,29.863300323486328,43.529998779296875,43.70000076293945,43.060001373291016,43.31999969482422,424100
2005-12-29,29.966190338134766,43.68000030517578,44.06999969482422,43.54999923706055,43.7400016784668,427200
2005-12-30,29.835859298706055,43.4900016784668,43.54999923706055,43.209999084472656,43.45000076293945,182100
2006-01-03,30.23375701904297,44.06999969482422,44.130001068115234,43.209999084472656,43.650001525878906,581400
2006-01-04,30.645355224609375,44.66999816894531,45.029998779296875,44.099998474121094,44.099998474121094,602800
2006-01-05,30.6796875,44.720001220703125,44.95000076293945,44.470001220703125,44.869998931884766,828500
2006-01-06,30.36410903930664,44.2599983215332,45.08000183105469,44.13999938964844,45.02000045776367,852900
2006-01-09,30.213180541992188,44.040000915527344,44.4900016784668,43.95000076293945,44.25,495400
2006-01-10,30.24747657775879,44.09000015258789,44.349998474121094,43.900001525878906,44.0099983215332,771200
2006-01-11,30.569915771484375,44.560001373291016,44.66999816894531,44.20000076293945,44.20000076293945,517600
2006-01-12,30.446434020996094,44.380001068115234,44.630001068115234,44.31999969482422,44.560001373291016,229700
2006-01-13,30.46702003479004,44.40999984741211,44.47999954223633,44.15999984741211,44.369998931884766,293900
2006-01-17,29.71238136291504,43.310001373291016,44.56999969482422,43.20000076293945,44.349998474121094,410800
2006-01-18,29.863300323486328,43.529998779296875,43.68000030517578,42.720001220703125,42.90999984741211,419600
2006-01-19,30.446434020996094,44.380001068115234,45.20000076293945,43.58000183105469,43.72999954223633,2483700
2006-01-20,30.295503616333008,44.15999984741211,44.79999923706055,44.099998474121094,44.36000061035156,631500
2006-01-23,30.103412628173828,43.880001068115234,44.27000045776367,43.65999984741211,44.04999923706055,1002300
2006-01-24,30.069114685058594,43.83000183105469,44.16999816894531,43.599998474121094,44.0,348700
2006-01-25,30.261192321777344,44.11000061035156,44.189998626708984,43.790000915527344,44.0,674100
2006-01-26,31.592113494873047,46.04999923706055,46.04999923706055,44.20000076293945,44.209999084472656,1246600
2006-01-27,31.201091766357422,45.47999954223633,46.29999923706055,45.189998626708984,46.04999923706055,1075000
2006-01-30,31.159910202026367,45.41999816894531,45.900001525878906,45.29999923706055,45.47999954223633,549300
2006-01-31,31.5029296875,45.91999816894531,46.22999954223633,45.0,45.29999923706055,812700
2006-02-01,31.146190643310547,45.400001525878906,45.75,45.06999969482422,45.75,973600
2006-02-02,30.460147857666016,44.400001525878906,45.09000015258789,44.099998474121094,45.0,856900
2006-02-03,30.268056869506836,44.119998931884766,44.41999816894531,43.81999969482422,44.400001525878906,644600
2006-02-06,30.569915771484375,44.560001373291016,44.650001525878906,44.02000045776367,44.04999923706055,428800
2006-02-07,30.748294830322266,44.81999969482422,44.869998931884766,44.27000045776367,44.400001525878906,369700
2006-02-08,31.21479606628418,45.5,45.900001525878906,44.619998931884766,44.97999954223633,841200
2006-02-09,29.787843704223633,43.41999816894531,45.75,43.20000076293945,45.75,3759000
2006-02-10,30.288650512695312,44.150001525878906,44.279998779296875,43.599998474121094,43.599998474121094,982500
2006-02-13,29.657487869262695,43.22999954223633,43.849998474121094,42.900001525878906,43.849998474121094,513000
2006-02-14,30.343515396118164,44.22999954223633,44.31999969482422,43.22999954223633,43.2400016784668,585700
2006-02-15,30.220046997070312,44.04999923706055,44.599998474121094,44.040000915527344,44.349998474121094,752400
2006-02-16,30.927936553955078,45.0,45.02000045776367,44.04999923706055,44.04999923706055,508400
2006-02-17,30.749256134033203,44.7400016784668,45.029998779296875,44.61000061035156,44.91999816894531,378600
2006-02-21,30.549951553344727,44.45000076293945,45.0,44.2599983215332,44.77000045776367,627400
2006-02-22,30.927936553955078,45.0,45.290000915527344,44.47999954223633,44.47999954223633,590600
2006-02-23,30.934810638427734,45.0099983215332,45.08000183105469,44.61000061035156,44.880001068115234,339400
2006-02-24,31.429670333862305,45.72999954223633,45.72999954223633,45.0099983215332,45.0099983215332,423700
2006-02-27,31.168506622314453,45.349998474121094,45.7400016784668,45.2400016784668,45.5,322400
2006-02-28,31.202863693237305,45.400001525878906,45.400001525878906,44.720001220703125,45.20000076293945,526600
2006-03-01,31.216598510742188,45.41999816894531,45.650001525878906,45.099998474121094,45.400001525878906,495000
2006-03-02,30.92107391357422,44.9900016784668,45.45000076293945,44.619998931884766,45.34000015258789,498000
2006-03-03,30.611787796020508,44.540000915527344,45.689998626708984,44.5,44.97999954223633,612000
2006-03-06,30.735506057739258,44.720001220703125,44.720001220703125,44.16999816894531,44.540000915527344,763400
2006-03-07,30.96917152404785,45.060001373291016,45.08000183105469,44.70000076293945,44.72999954223633,383700
2006-03-08,31.354045867919922,45.619998931884766,45.650001525878906,45.0099983215332,45.060001373291016,676500
2006-03-09,31.02415657043457,45.13999938964844,45.75,44.93000030517578,45.70000076293945,533100
2006-03-10,31.340312957763672,45.599998474121094,45.66999816894531,45.09000015258789,45.130001068115234,240700
2006-03-13,31.44341468811035,45.75,46.0,45.38999938964844,45.58000183105469,376300
2006-03-14,31.70457649230957,46.130001068115234,46.130001068115234,45.54999923706055,45.650001525878906,1302900
2006-03-15,31.752687454223633,46.20000076293945,46.25,45.66999816894531,46.0,584500
2006-03-16,31.773317337036133,46.22999954223633,46.400001525878906,46.15999984741211,46.20000076293945,519300
2006-03-17,31.88326072692871,46.38999938964844,46.630001068115234,46.150001525878906,46.349998474121094,504300
2006-03-20,31.67020034790039,46.08000183105469,46.7400016784668,45.970001220703125,46.31999969482422,268200
2006-03-21,31.40217399597168,45.689998626708984,46.150001525878906,45.650001525878906,45.93000030517578,261800
2006-03-22,31.29219627380371,45.529998779296875,45.779998779296875,45.459999084472656,45.5099983215332,437300
2006-03-23,31.958871841430664,46.5,46.5099983215332,45.18000030517578,45.529998779296875,847400
2006-03-24,33.3884391784668,48.58000183105469,49.81999969482422,47.439998626708984,47.650001525878906,2273200
2006-03-27,33.41593933105469,48.619998931884766,49.040000915527344,48.0,48.5,1007000
2006-03-28,33.34031677246094,48.5099983215332,49.22999954223633,48.439998626708984,48.61000061035156,576500
2006-03-29,33.90389633178711,49.33000183105469,49.720001220703125,48.41999816894531,48.5099983215332,555500
2006-03-30,33.697715759277344,49.029998779296875,49.790000915527344,49.0,49.459999084472656,617500
2006-03-31,33.848907470703125,49.25,49.29999923706055,48.709999084472656,49.11000061035156,353700
2006-04-03,33.95889663696289,49.40999984741211,49.70000076293945,49.18000030517578,49.5,488000
2006-04-04,34.192569732666016,49.75,50.11000061035156,48.93000030517578,49.400001525878906,689400
2006-04-05,33.98637008666992,49.45000076293945,49.88999938964844,49.349998474121094,49.849998474121094,419900
2006-04-06,33.60837173461914,48.900001525878906,49.689998626708984,48.869998931884766,49.599998474121094,622700
2006-04-07,33.34031677246094,48.5099983215332,49.5,48.2400016784668,49.0,425700
2006-04-10,32.86609649658203,47.81999969482422,48.70000076293945,47.75,48.599998474121094,817800
2006-04-11,32.62553405761719,47.470001220703125,48.25,47.38999938964844,47.91999816894531,815400
2006-04-12,32.99667739868164,48.0099983215332,48.27000045776367,47.400001525878906,47.400001525878906,266100
2006-04-13,32.955448150634766,47.95000076293945,48.25,47.54999923706055,48.15999984741211,394300
2006-04-17,33.230350494384766,48.349998474121094,48.83000183105469,48.189998626708984,48.2400016784668,307100
2006-04-18,33.78704833984375,49.15999984741211,49.36000061035156,48.369998931884766,48.38999938964844,552400
2006-04-19,33.594608306884766,48.880001068115234,49.56999969482422,48.709999084472656,49.15999984741211,881900
2006-04-20,33.89701843261719,49.31999969482422,49.52000045776367,48.95000076293945,49.040000915527344,601900
2006-04-21,34.000125885009766,49.470001220703125,49.470001220703125,49.25,49.34000015258789,509300
2006-04-24,33.81455612182617,49.20000076293945,49.45000076293945,49.040000915527344,49.45000076293945,435800
2006-04-25,33.67710494995117,49.0,49.310001373291016,48.599998474121094,49.119998931884766,535000
2006-04-26,33.7733154296875,49.13999938964844,49.20000076293945,48.88999938964844,48.970001220703125,533900
2006-04-27,33.33346176147461,48.5,49.61000061035156,47.95000076293945,49.13999938964844,1335600
2006-04-28,33.106651306152344,48.16999816894531,48.61000061035156,48.04999923706055,48.400001525878906,685500
2006-05-01,33.697715759277344,49.029998779296875,49.150001525878906,48.150001525878906,48.18000030517578,715700
2006-05-02,33.74583435058594,49.099998474121094,49.369998931884766,48.9900016784668,49.040000915527344,518800
2006-05-03,33.48464584350586,48.720001220703125,49.2599983215332,48.529998779296875,48.95000076293945,565000
2006-05-04,34.70802307128906,50.5,51.349998474121094,50.029998779296875,50.84000015258789,1975700
2006-05-05,34.28875732421875,49.88999938964844,50.5099983215332,49.790000915527344,50.40999984741211,1942900
2006-05-08,33.9520149230957,49.400001525878906,49.720001220703125,49.349998474121094,49.54999923706055,1174700
2006-05-09,33.67021942138672,48.9900016784668,49.400001525878906,48.79999923706055,49.400001525878906,1051600
2006-05-10,34.0963249206543,49.61000061035156,49.779998779296875,48.869998931884766,48.900001525878906,2077000
2006-05-11,34.3643684387207,50.0,50.45000076293945,49.849998474121094,49.95000076293945,832800
2006-05-12,34.385005950927734,50.029998779296875,50.33000183105469,49.7599983215332,49.79999923706055,758700
2006-05-15,34.872982025146484,50.7400016784668,50.84000015258789,49.810001373291016,49.849998474121094,640100
2006-05-16,34.934844970703125,50.83000183105469,51.68000030517578,50.7400016784668,51.04999923706055,785500
2006-05-17,34.12384033203125,49.650001525878906,50.83000183105469,49.599998474121094,50.81999969482422,1200100
2006-05-18,33.615238189697266,48.90999984741211,50.0,48.869998931884766,49.54999923706055,1012300
2006-05-19,33.250972747802734,48.380001068115234,49.0,47.5,47.79999923706055,1491900
2006-05-22,33.45029067993164,48.66999816894531,48.959999084472656,48.22999954223633,48.36000061035156,513500
2006-05-23,33.615238189697266,48.90999984741211,49.40999984741211,48.79999923706055,48.900001525878906,468300
2006-05-24,33.50526428222656,48.75,49.18000030517578,48.52000045776367,48.90999984741211,686600
2006-05-25,33.732540130615234,48.97999954223633,49.06999969482422,48.29999923706055,48.63999938964844,372400
2006-05-26,33.68433380126953,48.90999984741211,49.150001525878906,48.869998931884766,49.02000045776367,268200
2006-05-30,33.030059814453125,47.959999084472656,48.91999816894531,47.91999816894531,48.91999816894531,645000
2006-05-31,33.663665771484375,48.880001068115234,48.970001220703125,48.060001373291016,48.060001373291016,947700
2006-06-01,33.870296478271484,49.18000030517578,49.45000076293945,48.869998931884766,49.099998474121094,718500
2006-06-02,34.097564697265625,49.5099983215332,49.65999984741211,49.099998474121094,49.380001068115234,570000
2006-06-05,33.68433380126953,48.90999984741211,49.459999084472656,48.83000183105469,49.459999084472656,450600
2006-06-06,33.42950439453125,48.540000915527344,48.939998626708984,47.959999084472656,48.849998474121094,575800
2006-06-07,33.271114349365234,48.310001373291016,48.779998779296875,48.0,48.529998779296875,528100
2006-06-08,33.766971588134766,49.029998779296875,49.029998779296875,47.83000183105469,48.400001525878906,777500
2006-06-09,33.408843994140625,48.5099983215332,49.20000076293945,48.2599983215332,49.029998779296875,722400
2006-06-12,33.036964416503906,47.970001220703125,48.54999923706055,47.970001220703125,48.54999923706055,349700
2006-06-13,32.57553482055664,47.29999923706055,48.119998931884766,47.29999923706055,47.900001525878906,529400
2006-06-14,31.845504760742188,46.2400016784668,47.130001068115234,45.79999923706055,47.06999969482422,852000
2006-06-15,32.60306930541992,47.34000015258789,47.59000015258789,46.40999984741211,46.439998626708984,870900
2006-06-16,32.24494934082031,46.81999969482422,47.47999954223633,46.810001373291016,47.31999969482422,573400
2006-06-19,32.403343200683594,47.04999923706055,47.209999084472656,46.68000030517578,46.810001373291016,542200
2006-06-20,32.42401885986328,47.08000183105469,47.619998931884766,46.9900016784668,47.09000015258789,363000
2006-06-21,31.556238174438477,45.81999969482422,47.279998779296875,45.5099983215332,47.08000183105469,1662500
2006-06-22,31.301435470581055,45.45000076293945,46.130001068115234,45.380001068115234,45.869998931884766,749300
2006-06-23,31.74220085144043,46.09000015258789,46.150001525878906,45.119998931884766,45.45000076293945,1563800
2006-06-26,32.23808288574219,46.810001373291016,47.09000015258789,46.0,46.0,814700
2006-06-27,32.26561737060547,46.849998474121094,47.150001525878906,46.77000045776367,46.88999938964844,600200
2006-06-28,32.231178283691406,46.79999923706055,47.02000045776367,46.59000015258789,46.84000015258789,656400
2006-06-29,32.85100555419922,47.70000076293945,47.86000061035156,46.7400016784668,46.7400016784668,711400
2006-06-30,33.33308792114258,48.400001525878906,48.650001525878906,47.83000183105469,47.849998474121094,1315600
2006-07-03,33.30554962158203,48.36000061035156,48.619998931884766,48.2599983215332,48.5,376600
2006-07-05,33.07827377319336,48.029998779296875,48.13999938964844,47.369998931884766,47.400001525878906,918800
2006-07-06,33.32622528076172,48.38999938964844,48.4900016784668,48.029998779296875,48.040000915527344,478900
2006-07-07,33.229793548583984,48.25,48.38999938964844,48.16999816894531,48.29999923706055,403700
2006-07-10,33.28488540649414,48.33000183105469,48.47999954223633,48.16999816894531,48.34000015258789,620300
2006-07-11,33.188472747802734,48.189998626708984,48.380001068115234,47.900001525878906,48.29999923706055,753800
2006-07-12,33.11960220336914,48.09000015258789,48.380001068115234,48.040000915527344,48.209999084472656,295500
2006-07-13,33.01629638671875,47.939998626708984,48.08000183105469,47.52000045776367,48.08000183105469,579300
2006-07-14,32.76838684082031,47.58000183105469,47.939998626708984,47.20000076293945,47.880001068115234,288300
2006-07-17,32.547969818115234,47.2599983215332,47.75,47.25,47.4900016784668,594500
2006-07-18,32.56175231933594,47.279998779296875,47.369998931884766,46.709999084472656,47.279998779296875,592500
2006-07-19,33.030059814453125,47.959999084472656,48.11000061035156,47.2599983215332,47.27000045776367,928900
2006-07-20,33.37441635131836,48.459999084472656,48.869998931884766,48.099998474121094,48.099998474121094,735800
2006-07-21,33.20225143432617,48.209999084472656,48.459999084472656,48.0,48.459999084472656,267300
2006-07-24,33.52592849731445,48.68000030517578,48.83000183105469,48.290000915527344,48.40999984741211,340900
2006-07-25,33.67056655883789,48.88999938964844,49.0,48.400001525878906,48.68000030517578,470800
2006-07-26,33.98735809326172,49.349998474121094,49.66999816894531,48.70000076293945,48.7400016784668,671400
2006-07-27,33.18159484863281,48.18000030517578,49.41999816894531,48.040000915527344,49.36000061035156,841500
2006-07-28,33.42262649536133,48.529998779296875,48.68000030517578,48.25,48.2599983215332,299300
2006-07-31,33.17470932006836,48.16999816894531,48.56999969482422,48.06999969482422,48.56999969482422,378600
2006-08-01,32.89232635498047,47.7599983215332,48.20000076293945,47.5,48.099998474121094,558200
2006-08-02,33.036964416503906,47.970001220703125,48.2599983215332,47.72999954223633,47.900001525878906,442000
2006-08-03,33.49839401245117,48.63999938964844,49.72999954223633,48.58000183105469,49.0,1311900
2006-08-04,33.89094161987305,49.209999084472656,49.40999984741211,48.75,48.75,723200
2006-08-07,34.476341247558594,50.060001373291016,50.189998626708984,49.11000061035156,49.11000061035156,1412400
2006-08-08,34.50388717651367,50.099998474121094,50.599998474121094,50.0,50.0099983215332,489300
2006-08-09,34.43499755859375,50.0,50.619998931884766,49.97999954223633,50.29999923706055,551500
2006-08-10,34.64161682128906,50.29999923706055,50.439998626708984,49.849998474121094,49.849998474121094,373000
2006-08-11,34.68296432495117,50.36000061035156,50.4900016784668,50.08000183105469,50.369998931884766,276600
2006-08-14,34.4556770324707,50.029998779296875,50.75,49.97999954223633,50.40999984741211,507000
2006-08-15,34.57276916503906,50.20000076293945,50.59000015258789,50.119998931884766,50.279998779296875,480500
2006-08-16,34.74492263793945,50.45000076293945,50.81999969482422,50.45000076293945,50.5099983215332,453800
2006-08-17,35.02042007446289,50.849998474121094,50.95000076293945,50.400001525878906,50.459999084472656,540400
2006-08-18,35.00664138793945,50.83000183105469,51.02000045776367,50.689998626708984,50.849998474121094,243700
2006-08-21,35.07551956176758,50.93000030517578,51.040000915527344,50.7599983215332,50.83000183105469,413000
2006-08-22,34.558998107910156,50.18000030517578,50.95000076293945,50.150001525878906,50.95000076293945,406300
2006-08-23,34.545196533203125,50.15999984741211,50.29999923706055,49.95000076293945,50.22999954223633,488700
2006-08-24,34.5935173034668,50.130001068115234,50.43000030517578,50.06999969482422,50.20000076293945,315500
2006-08-25,34.697025299072266,50.279998779296875,50.619998931884766,50.130001068115234,50.130001068115234,324500
2006-08-28,34.772911071777344,50.38999938964844,50.65999984741211,50.290000915527344,50.290000915527344,275900
2006-08-29,34.917842864990234,50.599998474121094,50.720001220703125,50.290000915527344,50.34000015258789,472300
2006-08-30,35.11797332763672,50.88999938964844,51.150001525878906,50.560001373291016,50.599998474121094,495400
2006-08-31,35.5044059753418,51.45000076293945,51.52000045776367,50.810001373291016,50.88999938964844,564700
2006-09-01,35.75973892211914,51.81999969482422,51.900001525878906,51.400001525878906,51.400001525878906,436800
2006-09-05,36.08407211303711,52.290000915527344,52.40999984741211,51.849998474121094,51.900001525878906,774300
2006-09-06,35.92536926269531,52.060001373291016,52.25,51.7599983215332,52.25,1126200
2006-09-07,35.863258361816406,51.970001220703125,52.13999938964844,51.7599983215332,52.060001373291016,462500
2006-09-08,36.360111236572266,52.689998626708984,52.72999954223633,52.06999969482422,52.29999923706055,573700
2006-09-11,36.34629821777344,52.66999816894531,52.900001525878906,52.369998931884766,52.720001220703125,624800
2006-09-12,36.829376220703125,53.369998931884766,53.4900016784668,52.650001525878906,52.79999923706055,1017400
2006-09-13,36.8431510925293,53.38999938964844,53.630001068115234,53.310001373291016,53.439998626708984,536500
2006-09-14,36.79484939575195,53.31999969482422,53.56999969482422,53.060001373291016,53.38999938964844,446100
2006-09-15,36.54643249511719,52.959999084472656,53.619998931884766,52.75,53.459999084472656,677700
2006-09-18,36.670650482177734,53.13999938964844,53.22999954223633,52.779998779296875,53.06999969482422,332000
2006-09-19,36.76727294921875,53.279998779296875,53.34000015258789,52.91999816894531,53.18000030517578,328500
2006-09-20,36.850067138671875,53.400001525878906,53.72999954223633,53.2400016784668,53.310001373291016,235800
2006-09-21,36.373931884765625,52.709999084472656,53.58000183105469,52.709999084472656,53.470001220703125,285900
2006-09-22,36.649932861328125,53.11000061035156,53.18000030517578,52.65999984741211,52.720001220703125,354400
2006-09-25,36.48433303833008,52.869998931884766,53.47999954223633,52.400001525878906,53.16999816894531,540400
2006-09-26,36.884559631347656,53.45000076293945,53.619998931884766,52.77000045776367,52.869998931884766,528000
2006-09-27,37.09159469604492,53.75,53.79999923706055,53.310001373291016,53.459999084472656,458900
2006-09-28,36.78105545043945,53.29999923706055,54.099998474121094,53.22999954223633,53.81999969482422,401300
2006-09-29,36.856964111328125,53.40999984741211,53.709999084472656,53.27000045776367,53.400001525878906,394400
2006-10-02,36.63611602783203,53.09000015258789,53.529998779296875,52.79999923706055,53.5,312000
2006-10-03,37.160606384277344,53.849998474121094,53.91999816894531,53.099998474121094,53.099998474121094,451400
2006-10-04,38.1129150390625,55.22999954223633,55.5099983215332,53.86000061035156,53.86000061035156,874100
2006-10-05,37.78165817260742,54.75,54.959999084472656,53.79999923706055,54.95000076293945,683200
2006-10-06,37.38142013549805,54.16999816894531,54.40999984741211,54.08000183105469,54.33000183105469,467300
2006-10-09,37.41593551635742,54.220001220703125,54.439998626708984,54.09000015258789,54.18000030517578,456700
2006-10-10,37.48494338989258,54.31999969482422,54.400001525878906,53.9900016784668,54.400001525878906,478900
2006-10-11,37.42973709106445,54.2400016784668,54.29999923706055,53.900001525878906,54.22999954223633,564300
2006-10-12,37.526336669921875,54.380001068115234,54.43000030517578,54.099998474121094,54.29999923706055,498800
2006-10-13,37.464237213134766,54.290000915527344,54.66999816894531,54.119998931884766,54.29999923706055,402500
2006-10-16,37.353816986083984,54.130001068115234,54.470001220703125,53.900001525878906,54.470001220703125,564500
2006-10-17,37.15370178222656,53.84000015258789,54.13999938964844,53.59000015258789,54.13999938964844,473300
2006-10-18,37.195098876953125,53.900001525878906,54.459999084472656,53.70000076293945,54.0,402200
2006-10-19,36.97429656982422,53.58000183105469,53.900001525878906,53.5,53.77000045776367,302000
2006-10-20,36.9811897277832,53.59000015258789,53.900001525878906,53.43000030517578,53.45000076293945,416700
2006-10-23,37.084693908691406,53.7400016784668,54.02000045776367,53.599998474121094,53.650001525878906,500900
2006-10-24,36.8431510925293,53.38999938964844,53.86000061035156,53.220001220703125,53.599998474121094,556500
2006-10-25,36.80865478515625,53.34000015258789,53.810001373291016,53.25,53.29999923706055,524400
2006-10-26,36.912174224853516,53.4900016784668,53.70000076293945,53.310001373291016,53.310001373291016,634100
2006-10-27,36.580928802490234,53.0099983215332,53.599998474121094,52.79999923706055,53.41999816894531,547100
2006-10-30,36.65684127807617,53.119998931884766,53.5,52.900001525878906,52.90999984741211,735500
2006-10-31,36.33942413330078,52.65999984741211,53.33000183105469,52.41999816894531,53.02000045776367,654900
2006-11-01,36.1116828918457,52.33000183105469,53.400001525878906,52.20000076293945,52.599998474121094,869300
2006-11-02,37.86447525024414,54.869998931884766,56.5,53.349998474121094,56.5,2038500
2006-11-03,37.85065841674805,54.849998474121094,55.380001068115234,54.65999984741211,55.16999816894531,676900
2006-11-06,37.76096725463867,54.720001220703125,55.150001525878906,54.5,54.849998474121094,631900
2006-11-07,37.767852783203125,54.72999954223633,55.15999984741211,54.650001525878906,54.790000915527344,497800
2006-11-08,38.52003860473633,55.81999969482422,56.09000015258789,54.61000061035156,54.68000030517578,670900
2006-11-09,38.24401092529297,55.41999816894531,55.869998931884766,55.400001525878906,55.869998931884766,224600
2006-11-10,38.29922103881836,55.5,55.75,55.189998626708984,55.349998474121094,382300
2006-11-13,38.25782012939453,55.439998626708984,55.79999923706055,55.349998474121094,55.65999984741211,475100
2006-11-14,38.19571304321289,55.349998474121094,55.56999969482422,54.959999084472656,55.47999954223633,213700
2006-11-15,37.94040298461914,54.97999954223633,55.400001525878906,54.91999816894531,55.349998474121094,425400
2006-11-16,38.17501449584961,55.31999969482422,55.599998474121094,55.060001373291016,55.060001373291016,440700
2006-11-17,38.08530807495117,55.189998626708984,55.43000030517578,55.099998474121094,55.2400016784668,259700
2006-11-20,38.00249099731445,55.06999969482422,55.77000045776367,54.9900016784668,55.27000045776367,370700
2006-11-21,38.285430908203125,55.47999954223633,55.779998779296875,54.810001373291016,55.06999969482422,612800
2006-11-22,38.07802963256836,55.08000183105469,55.61000061035156,55.0,55.47999954223633,273200
2006-11-24,37.981239318847656,54.939998626708984,55.2400016784668,54.79999923706055,55.040000915527344,147500
2006-11-27,37.746192932128906,54.599998474121094,54.97999954223633,54.5,54.97999954223633,630200
2006-11-28,37.87754440307617,54.790000915527344,54.9900016784668,54.29999923706055,54.75,494400
2006-11-29,38.2923469543457,55.38999938964844,55.5,54.97999954223633,54.97999954223633,521600
2006-11-30,37.99506759643555,54.959999084472656,55.810001373291016,54.83000183105469,55.529998779296875,777100
2006-12-01,37.891380310058594,54.810001373291016,55.18000030517578,54.310001373291016,55.150001525878906,701300
2006-12-04,38.06420135498047,55.060001373291016,55.31999969482422,54.7599983215332,54.939998626708984,376100
2006-12-05,38.0434684753418,55.029998779296875,55.45000076293945,54.79999923706055,54.79999923706055,593000
2006-12-06,38.32000732421875,55.43000030517578,55.439998626708984,54.900001525878906,55.040000915527344,411800
2006-12-07,38.105674743652344,55.119998931884766,55.75,54.970001220703125,55.47999954223633,334000
2006-12-08,37.739280700683594,54.59000015258789,55.06999969482422,54.41999816894531,54.9900016784668,733900
2006-12-11,38.47209548950195,55.650001525878906,55.810001373291016,54.650001525878906,54.66999816894531,605300
2006-12-12,38.755523681640625,56.060001373291016,56.5099983215332,55.5,55.70000076293945,592700
2006-12-13,38.776248931884766,56.09000015258789,56.380001068115234,55.95000076293945,56.20000076293945,408400
2006-12-14,39.03895950317383,56.470001220703125,56.779998779296875,56.060001373291016,56.2400016784668,693500
2006-12-15,38.74859619140625,56.04999923706055,56.459999084472656,55.470001220703125,55.70000076293945,794400
2006-12-18,38.90068817138672,56.27000045776367,56.599998474121094,56.099998474121094,56.25,403300
2006-12-19,38.5550537109375,55.77000045776367,56.15999984741211,55.70000076293945,56.11000061035156,331600
2006-12-20,38.67256546020508,55.939998626708984,56.2599983215332,55.709999084472656,55.849998474121094,471000
2006-12-21,38.43752670288086,55.599998474121094,56.130001068115234,55.560001373291016,55.75,383100
2006-12-22,38.44440841674805,55.61000061035156,55.9900016784668,55.38999938964844,55.849998474121094,170900
2006-12-26,38.6656494140625,55.93000030517578,56.0,55.47999954223633,55.5099983215332,158600
2006-12-27,38.5896110534668,55.81999969482422,56.06999969482422,55.790000915527344,55.939998626708984,321800
2006-12-28,38.416786193847656,55.56999969482422,55.91999816894531,55.5,55.869998931884766,320600
2006-12-29,38.19556427001953,55.25,55.630001068115234,55.13999938964844,55.56999969482422,222700
2007-01-03,38.603431701660156,55.84000015258789,56.029998779296875,55.45000076293945,55.45000076293945,869700
2007-01-04,38.983646392822266,56.38999938964844,56.43000030517578,55.70000076293945,55.84000015258789,982200
2007-01-05,38.71403884887695,56.0,56.72999954223633,55.93000030517578,56.38999938964844,562900
2007-01-08,38.74859619140625,56.04999923706055,56.34000015258789,55.83000183105469,56.189998626708984,295300
2007-01-09,38.513553619384766,55.709999084472656,56.220001220703125,55.5,56.13999938964844,350100
2007-01-10,38.36146545410156,55.4900016784668,55.7400016784668,55.220001220703125,55.72999954223633,453800
2007-01-11,39.094268798828125,56.54999923706055,56.59000015258789,55.43000030517578,55.630001068115234,590200
2007-01-12,39.343162536621094,56.90999984741211,57.09000015258789,56.25,56.29999923706055,773800
2007-01-16,39.30167007446289,56.849998474121094,57.060001373291016,56.66999816894531,57.04999923706055,683600
2007-01-17,39.2325325012207,56.75,56.9900016784668,56.61000061035156,56.869998931884766,278700
2007-01-18,39.26709747314453,56.79999923706055,57.63999938964844,56.68000030517578,56.849998474121094,416700
2007-01-19,38.86613464355469,56.220001220703125,56.779998779296875,56.040000915527344,56.599998474121094,374600
2007-01-22,38.80391311645508,56.130001068115234,56.43000030517578,55.90999984741211,56.220001220703125,355700
2007-01-23,38.776248931884766,56.09000015258789,56.310001373291016,56.02000045776367,56.04999923706055,470800
2007-01-24,38.776248931884766,56.09000015258789,56.34000015258789,55.93000030517578,56.09000015258789,484900
2007-01-25,38.27159118652344,55.36000061035156,56.150001525878906,55.36000061035156,56.099998474121094,256700
2007-01-26,38.257781982421875,55.34000015258789,55.63999938964844,54.79999923706055,55.45000076293945,386400
2007-01-29,38.67947006225586,55.95000076293945,56.09000015258789,55.25,55.25,489200
2007-01-30,38.548126220703125,55.7599983215332,56.220001220703125,55.720001220703125,56.20000076293945,457100
2007-01-31,38.42369842529297,55.58000183105469,55.90999984741211,55.439998626708984,55.70000076293945,630000
2007-02-01,38.962921142578125,56.36000061035156,56.369998931884766,55.56999969482422,55.56999969482422,1020600
2007-02-02,39.495235443115234,57.130001068115234,57.56999969482422,56.34000015258789,56.470001220703125,656100
2007-02-05,39.481407165527344,57.11000061035156,57.38999938964844,57.029998779296875,57.29999923706055,221900
2007-02-06,39.39154052734375,56.97999954223633,57.130001068115234,56.61000061035156,57.0,690300
2007-02-07,39.2325325012207,56.75,56.88999938964844,56.54999923706055,56.72999954223633,662800
2007-02-08,37.25535583496094,53.88999938964844,54.65999984741211,53.0,53.84000015258789,4331700
2007-02-09,36.93733596801758,53.43000030517578,54.2400016784668,52.970001220703125,53.95000076293945,1546900
2007-02-12,36.481056213378906,52.77000045776367,53.16999816894531,51.93000030517578,53.099998474121094,1555600
2007-02-13,37.31756591796875,53.97999954223633,54.88999938964844,53.77000045776367,53.77000045776367,1691800
2007-02-14,37.76001739501953,54.619998931884766,54.81999969482422,53.779998779296875,53.779998779296875,1002100
2007-02-15,37.773841857910156,54.63999938964844,54.900001525878906,54.380001068115234,54.400001525878906,989100
2007-02-16,37.73235321044922,54.58000183105469,54.70000076293945,54.529998779296875,54.61000061035156,453600
2007-02-20,37.573360443115234,54.349998474121094,54.5,54.06999969482422,54.40999984741211,1142900
2007-02-21,37.46967697143555,54.20000076293945,54.61000061035156,54.0,54.34000015258789,876200
2007-02-22,37.608192443847656,54.29999923706055,54.9900016784668,53.849998474121094,54.349998474121094,567800
2007-02-23,37.37962341308594,53.970001220703125,54.56999969482422,53.88999938964844,54.45000076293945,708400
2007-02-26,37.36577606201172,53.95000076293945,54.5,53.79999923706055,54.5,545200
2007-02-27,36.94327926635742,53.34000015258789,53.72999954223633,52.900001525878906,53.70000076293945,963200
2007-02-28,37.01947784423828,53.45000076293945,53.77000045776367,53.08000183105469,53.279998779296875,500200
2007-03-01,37.01947784423828,53.45000076293945,54.349998474121094,52.599998474121094,54.349998474121094,556400
2007-03-02,36.984832763671875,53.400001525878906,53.61000061035156,53.0,53.0,402200
2007-03-05,36.20219802856445,52.27000045776367,53.2599983215332,52.22999954223633,53.0,794700
2007-03-06,36.804771423339844,53.13999938964844,53.31999969482422,52.720001220703125,52.79999923706055,417300
2007-03-07,36.894813537597656,53.27000045776367,53.790000915527344,52.849998474121094,53.20000076293945,875300
2007-03-08,37.04026412963867,53.47999954223633,53.79999923706055,53.20000076293945,53.38999938964844,828800
2007-03-09,37.13720703125,53.619998931884766,53.7400016784668,53.029998779296875,53.5,482000
2007-03-12,37.32421875,53.88999938964844,54.5,53.70000076293945,53.970001220703125,590100
2007-03-13,36.47232437133789,52.65999984741211,53.869998931884766,52.599998474121094,53.869998931884766,829700
2007-03-14,36.368438720703125,52.5099983215332,52.83000183105469,52.25,52.65999984741211,876900
2007-03-15,36.555416107177734,52.779998779296875,53.279998779296875,52.400001525878906,52.400001525878906,381900
2007-03-16,36.368438720703125,52.5099983215332,52.900001525878906,52.25,52.689998626708984,385800
2007-03-19,37.227237701416016,53.75,53.95000076293945,52.709999084472656,52.709999084472656,744100
2007-03-20,37.50430679321289,54.150001525878906,54.209999084472656,53.599998474121094,53.599998474121094,498700
2007-03-21,37.705135345458984,54.439998626708984,54.75,53.68000030517578,54.150001525878906,689300
2007-03-22,37.227237701416016,53.75,54.43000030517578,53.72999954223633,54.20000076293945,694600
2007-03-23,37.28958511352539,53.84000015258789,54.34000015258789,53.7599983215332,53.779998779296875,532800
2007-03-26,37.29651641845703,53.849998474121094,54.15999984741211,53.34000015258789,54.08000183105469,547800
2007-03-27,37.28266143798828,53.83000183105469,53.959999084472656,53.40999984741211,53.599998474121094,827800
2007-03-28,36.83245086669922,53.18000030517578,53.970001220703125,52.9900016784668,53.79999923706055,507200
2007-03-29,37.227237701416016,53.75,53.939998626708984,53.150001525878906,53.900001525878906,473700
2007-03-30,37.144142150878906,53.630001068115234,54.13999938964844,53.5099983215332,53.59000015258789,432700
2007-04-02,37.37962341308594,53.970001220703125,54.13999938964844,53.68000030517578,53.880001068115234,313200
2007-04-03,38.92413330078125,56.20000076293945,56.5,55.689998626708984,55.849998474121094,3243000
2007-04-04,38.6955680847168,55.869998931884766,56.5,55.439998626708984,56.41999816894531,1723200
2007-04-05,39.478214263916016,57.0,57.43000030517578,55.869998931884766,55.91999816894531,2522700
2007-04-09,38.612449645996094,55.75,57.790000915527344,55.349998474121094,57.38999938964844,17640600
2007-04-10,38.667869567871094,55.83000183105469,55.880001068115234,55.650001525878906,55.75,1325700
2007-04-11,38.75095748901367,55.95000076293945,56.20000076293945,54.939998626708984,54.939998626708984,664900
2007-04-12,38.68170928955078,55.849998474121094,55.970001220703125,55.400001525878906,55.90999984741211,1121800
2007-04-13,38.82023239135742,56.04999923706055,56.220001220703125,55.599998474121094,55.599998474121094,549900
2007-04-16,39.40203857421875,56.88999938964844,57.20000076293945,56.709999084472656,57.11000061035156,624400
2007-04-17,39.519752502441406,57.060001373291016,57.13999938964844,56.81999969482422,56.81999969482422,1043400
2007-04-18,39.921470642089844,57.63999938964844,57.70000076293945,56.650001525878906,56.75,745300
2007-04-19,40.01845169067383,57.779998779296875,59.5099983215332,57.34000015258789,59.5099983215332,611500
2007-04-20,40.35088348388672,58.2599983215332,58.56999969482422,57.86000061035156,58.279998779296875,793100
2007-04-23,40.1292610168457,57.939998626708984,58.939998626708984,57.79999923706055,58.27000045776367,707100
2007-04-24,40.58636474609375,58.599998474121094,58.880001068115234,57.630001068115234,58.34000015258789,921900
2007-04-25,40.600215911865234,58.619998931884766,58.84000015258789,58.29999923706055,58.599998474121094,686800
2007-04-26,40.3577995300293,58.27000045776367,58.7599983215332,58.2400016784668,58.45000076293945,399100
2007-04-27,40.10154342651367,57.900001525878906,58.290000915527344,57.849998474121094,58.130001068115234,522900
2007-04-30,39.845272064208984,57.529998779296875,58.38999938964844,57.5099983215332,57.95000076293945,675900
2007-05-01,39.769081115722656,57.41999816894531,59.060001373291016,57.0,59.060001373291016,1156200
2007-05-02,40.316246032714844,58.209999084472656,58.369998931884766,57.4900016784668,57.58000183105469,1023400
2007-05-03,41.72916030883789,60.25,60.540000915527344,59.209999084472656,59.209999084472656,3001100
2007-05-04,41.299739837646484,59.630001068115234,60.29999923706055,59.52000045776367,60.0,725800
2007-05-07,41.99234390258789,60.630001068115234,60.650001525878906,59.34000015258789,59.34000015258789,586200
2007-05-08,41.93000793457031,60.540000915527344,62.130001068115234,60.5,60.650001525878906,1053600
2007-05-09,42.14469909667969,60.849998474121094,61.2599983215332,60.41999816894531,60.540000915527344,690000
2007-05-10,41.49367141723633,59.90999984741211,61.0,59.90999984741211,61.0,617600
2007-05-11,41.83995819091797,60.40999984741211,60.459999084472656,59.88999938964844,59.91999816894531,476700
2007-05-14,41.597557067871094,60.060001373291016,60.68000030517578,59.939998626708984,60.40999984741211,487100
2007-05-15,41.673736572265625,60.16999816894531,60.81999969482422,60.08000183105469,60.25,559200
2007-05-16,41.826114654541016,60.38999938964844,60.619998931884766,60.209999084472656,60.310001373291016,547300
2007-05-17,41.71528625488281,60.22999954223633,60.380001068115234,59.900001525878906,59.900001525878906,568500
2007-05-18,41.65989303588867,60.150001525878906,60.5099983215332,60.04999923706055,60.310001373291016,455300
2007-05-21,41.61143112182617,60.08000183105469,60.400001525878906,60.0,60.04999923706055,425200
2007-05-22,41.49367141723633,59.90999984741211,60.22999954223633,59.83000183105469,60.08000183105469,430100
2007-05-23,41.285892486572266,59.61000061035156,60.06999969482422,59.5099983215332,59.91999816894531,326000
2007-05-24,40.73069381713867,58.689998626708984,59.599998474121094,58.689998626708984,59.470001220703125,529900
2007-05-25,41.0013542175293,59.08000183105469,59.08000183105469,58.689998626708984,58.70000076293945,322800
2007-05-29,40.93195724487305,58.97999954223633,59.38999938964844,58.900001525878906,59.06999969482422,453600
2007-05-30,41.08462905883789,59.20000076293945,59.290000915527344,58.70000076293945,58.779998779296875,440500
2007-05-31,41.25812911987305,59.45000076293945,59.70000076293945,58.91999816894531,59.209999084472656,803500
2007-06-01,41.32753372192383,59.54999923706055,59.9900016784668,59.5099983215332,59.599998474121094,1392600
2007-06-04,41.56348419189453,59.88999938964844,59.95000076293945,59.5,59.5,436200
2007-06-05,41.02909851074219,59.119998931884766,59.70000076293945,58.9900016784668,59.5,400500
2007-06-06,40.779273986816406,58.7599983215332,58.88999938964844,58.38999938964844,58.599998474121094,493600
2007-06-07,40.11997604370117,57.810001373291016,58.650001525878906,57.77000045776367,58.5099983215332,844800
2007-06-08,40.918067932128906,58.959999084472656,59.0099983215332,57.810001373291016,57.810001373291016,486800
2007-06-11,40.779273986816406,58.7599983215332,59.029998779296875,58.5,58.959999084472656,413900
2007-06-12,40.362884521484375,58.15999984741211,59.08000183105469,58.15999984741211,58.5099983215332,430300
2007-06-13,40.69597244262695,58.63999938964844,60.040000915527344,58.18000030517578,58.27000045776367,430100
2007-06-14,40.758453369140625,58.72999954223633,59.04999923706055,58.66999816894531,58.70000076293945,362700
2007-06-15,40.980533599853516,59.04999923706055,59.43000030517578,58.84000015258789,58.939998626708984,503600
2007-06-18,40.980533599853516,59.04999923706055,59.2599983215332,58.84000015258789,59.04999923706055,350300
2007-06-19,40.90419387817383,58.939998626708984,59.279998779296875,58.84000015258789,59.029998779296875,403700
2007-06-20,40.38368606567383,58.189998626708984,59.2599983215332,58.08000183105469,59.099998474121094,279700
2007-06-21,40.61272048950195,58.52000045776367,59.0,57.84000015258789,58.189998626708984,500400
2007-06-22,40.17548370361328,57.88999938964844,58.599998474121094,57.40999984741211,58.47999954223633,591100
2007-06-25,40.56413650512695,58.45000076293945,58.900001525878906,58.20000076293945,58.25,559700
2007-06-26,40.60577392578125,58.5099983215332,58.86000061035156,58.25,58.59000015258789,569900
2007-06-27,40.83478546142578,58.84000015258789,58.84000015258789,58.150001525878906,58.400001525878906,529100
2007-06-28,40.64046859741211,58.560001373291016,58.970001220703125,58.459999084472656,58.720001220703125,314700
2007-06-29,40.89030456542969,58.91999816894531,59.540000915527344,58.619998931884766,58.810001373291016,532600
2007-07-02,41.216495513916016,59.38999938964844,59.75,59.0099983215332,59.0099983215332,529600
2007-07-03,41.51490020751953,59.81999969482422,60.0,59.400001525878906,59.400001525878906,262500
2007-07-05,40.70292282104492,58.650001525878906,59.81999969482422,57.63999938964844,59.81999969482422,1401700
2007-07-06,41.34834289550781,59.58000183105469,59.650001525878906,58.560001373291016,58.65999984741211,598700
2007-07-09,41.07075500488281,59.18000030517578,59.83000183105469,59.099998474121094,59.59000015258789,594600
2007-07-10,40.47391891479492,58.31999969482422,59.40999984741211,58.279998779296875,58.880001068115234,961800
2007-07-11,40.69597244262695,58.63999938964844,58.779998779296875,58.04999923706055,58.31999969482422,508000
2007-07-12,41.0429801940918,59.13999938964844,59.13999938964844,58.560001373291016,58.66999816894531,518200
2007-07-13,41.16097640991211,59.310001373291016,59.459999084472656,58.86000061035156,59.209999084472656,400300
2007-07-16,40.807037353515625,58.79999923706055,59.290000915527344,58.599998474121094,59.290000915527344,440500
2007-07-17,36.747135162353516,52.95000076293945,54.0,49.20000076293945,54.0,11807100
2007-07-18,37.96857833862305,54.709999084472656,54.709999084472656,52.369998931884766,52.540000915527344,5298900
2007-07-19,38.35026931762695,55.2599983215332,57.060001373291016,54.970001220703125,55.0,2360000
2007-07-20,37.96857833862305,54.709999084472656,56.130001068115234,54.470001220703125,55.029998779296875,2163000
2007-07-23,37.73955535888672,54.380001068115234,55.369998931884766,54.25,55.2400016784668,1218200
2007-07-24,36.31686019897461,52.33000183105469,54.0,52.20000076293945,53.75,1605400
2007-07-25,36.747135162353516,52.95000076293945,53.540000915527344,52.59000015258789,52.63999938964844,1437600
2007-07-26,35.82413101196289,51.619998931884766,52.45000076293945,51.20000076293945,52.29999923706055,1704700
2007-07-27,35.33833312988281,50.91999816894531,52.060001373291016,50.91999816894531,51.310001373291016,1502500
2007-07-30,35.435489654541016,51.060001373291016,51.43000030517578,50.29999923706055,50.56999969482422,1593800
2007-07-31,35.19953155517578,50.720001220703125,51.869998931884766,50.599998474121094,51.099998474121094,4251500
2007-08-01,35.851898193359375,51.65999984741211,51.65999984741211,49.900001525878906,50.54999923706055,1755000
2007-08-02,35.40773391723633,51.02000045776367,52.540000915527344,50.84000015258789,52.4900016784668,2470100
2007-08-03,33.36044692993164,48.06999969482422,51.02000045776367,48.06999969482422,50.77000045776367,3179500
2007-08-06,33.797645568847656,48.70000076293945,48.84000015258789,47.040000915527344,48.27000045776367,3102600
2007-08-07,35.40079879760742,51.0099983215332,51.459999084472656,49.099998474121094,49.70000076293945,2507700
2007-08-08,34.86642074584961,50.2400016784668,51.20000076293945,49.06999969482422,51.099998474121094,2868600
2007-08-09,32.964881896972656,47.5,50.439998626708984,47.25,50.2400016784668,2584200
2007-08-10,34.2487678527832,49.349998474121094,50.38999938964844,45.27000045776367,46.91999816894531,4267000
2007-08-13,35.414695739746094,51.029998779296875,51.34000015258789,49.56999969482422,49.75,1552600
2007-08-14,34.567996978759766,49.810001373291016,51.18000030517578,49.810001373291016,51.029998779296875,1746200
2007-08-15,34.054439544677734,49.06999969482422,51.0,49.0,49.939998626708984,1107700
2007-08-16,35.00521469116211,50.439998626708984,50.470001220703125,48.08000183105469,48.54999923706055,1624100
2007-08-17,35.296688079833984,50.86000061035156,51.900001525878906,50.189998626708984,51.900001525878906,1741600
2007-08-20,35.79637145996094,51.58000183105469,51.900001525878906,50.34000015258789,51.0,1151300
2007-08-21,35.62980270385742,51.34000015258789,51.849998474121094,50.97999954223633,51.689998626708984,574500
2007-08-22,36.00455856323242,51.880001068115234,52.11000061035156,51.34000015258789,51.9900016784668,1718100
2007-08-23,36.41498565673828,52.349998474121094,52.790000915527344,51.9900016784668,52.29999923706055,773300
2007-08-24,36.88797378540039,53.029998779296875,53.040000915527344,51.90999984741211,52.2400016784668,423600
2007-08-27,36.74191665649414,52.81999969482422,53.2599983215332,52.5099983215332,52.66999816894531,624600
2007-08-28,35.886314392089844,51.59000015258789,52.720001220703125,51.459999084472656,52.2599983215332,1126800
2007-08-29,36.74888229370117,52.83000183105469,52.83000183105469,51.45000076293945,51.900001525878906,725000
2007-08-30,35.705467224121094,51.33000183105469,52.619998931884766,51.09000015258789,52.540000915527344,982900
2007-08-31,35.85152053833008,51.540000915527344,52.040000915527344,51.0,51.619998931884766,896100
2007-09-04,36.1228141784668,51.93000030517578,52.31999969482422,51.25,51.810001373291016,589900
2007-09-05,34.87767028808594,50.13999938964844,53.439998626708984,49.939998626708984,51.93000030517578,1564500
2007-09-06,34.25164031982422,49.2400016784668,50.400001525878906,48.40999984741211,50.13999938964844,1928700
2007-09-07,34.15425491333008,49.099998474121094,49.439998626708984,48.7400016784668,48.7400016784668,1170500
2007-09-10,33.924713134765625,48.77000045776367,49.380001068115234,48.45000076293945,49.20000076293945,798400
2007-09-11,34.30033874511719,49.310001373291016,49.45000076293945,48.58000183105469,48.93000030517578,982100
2007-09-12,34.29337692260742,49.29999923706055,49.52000045776367,48.68000030517578,49.029998779296875,1252400
2007-09-13,34.411643981933594,49.470001220703125,49.650001525878906,48.93000030517578,49.47999954223633,981800
2007-09-14,34.46728515625,49.54999923706055,49.66999816894531,49.15999984741211,49.369998931884766,691200
2007-09-17,34.21687316894531,49.189998626708984,49.459999084472656,48.86000061035156,49.459999084472656,628200
2007-09-18,36.37324142456055,52.290000915527344,52.290000915527344,49.25,49.38999938964844,1529800
2007-09-19,36.04631042480469,51.81999969482422,52.900001525878906,51.31999969482422,52.540000915527344,1150900
2007-09-20,35.96284484863281,51.70000076293945,52.20000076293945,51.349998474121094,51.619998931884766,1156700
2007-09-21,36.220218658447266,52.06999969482422,52.380001068115234,51.52000045776367,52.31999969482422,1224500
2007-09-24,35.83067321777344,51.5099983215332,52.220001220703125,51.5099983215332,52.20000076293945,835900
2007-09-25,35.83067321777344,51.5099983215332,51.84000015258789,51.33000183105469,51.529998779296875,1302300
2007-09-26,36.34541702270508,52.25,52.439998626708984,51.40999984741211,51.5,685000
2007-09-27,37.03407287597656,53.2400016784668,53.25,52.560001373291016,52.58000183105469,981900
2007-09-28,37.21492385864258,53.5,53.66999816894531,53.2400016784668,53.25,752100
2007-10-01,38.10530471801758,54.779998779296875,55.08000183105469,53.43000030517578,53.4900016784668,1080100
2007-10-02,38.38352584838867,55.18000030517578,55.40999984741211,53.939998626708984,54.5,809600
2007-10-03,38.13312911987305,54.81999969482422,55.38999938964844,54.650001525878906,55.04999923706055,779700
2007-10-04,38.07747268676758,54.7400016784668,54.95000076293945,54.5099983215332,54.810001373291016,617100
2007-10-05,39.2947883605957,56.4900016784668,56.599998474121094,55.290000915527344,55.36000061035156,1839600
2007-10-08,38.65483474731445,55.56999969482422,56.4900016784668,55.400001525878906,56.4900016784668,490600
2007-10-09,38.919151306152344,55.95000076293945,55.9900016784668,55.16999816894531,55.720001220703125,361600
2007-10-10,38.41136932373047,55.220001220703125,56.20000076293945,54.95000076293945,55.900001525878906,722200
2007-10-11,37.75748825073242,54.279998779296875,56.04999923706055,54.060001373291016,55.689998626708984,1162100
2007-10-12,38.96088409423828,56.0099983215332,56.70000076293945,54.529998779296875,54.529998779296875,1159900
2007-10-15,39.26696014404297,56.45000076293945,57.04999923706055,56.06999969482422,56.70000076293945,1502400
2007-10-16,39.072200775146484,56.16999816894531,56.720001220703125,55.70000076293945,56.470001220703125,1018000
2007-10-17,39.02349853515625,56.099998474121094,56.56999969482422,55.630001068115234,56.310001373291016,1007100
2007-10-18,39.27391815185547,56.459999084472656,56.880001068115234,55.619998931884766,55.75,706900
2007-10-19,38.181827545166016,54.88999938964844,56.59000015258789,54.88999938964844,56.22999954223633,874800
2007-10-22,39.18349075317383,56.33000183105469,56.349998474121094,54.22999954223633,54.2400016784668,1275100
2007-10-23,39.33652114868164,56.54999923706055,57.65999984741211,56.0,57.29999923706055,1651200
2007-10-24,39.70521545410156,57.08000183105469,57.20000076293945,55.630001068115234,56.369998931884766,1517400
2007-10-25,39.162620544433594,56.29999923706055,57.060001373291016,55.88999938964844,56.77000045776367,1225300
2007-10-26,40.72773742675781,58.54999923706055,58.7599983215332,56.45000076293945,57.31999969482422,1692700
2007-10-29,40.80426788330078,58.65999984741211,59.18000030517578,58.02000045776367,58.83000183105469,1014000
2007-10-30,40.69991683959961,58.5099983215332,59.29999923706055,58.36000061035156,58.52000045776367,1087300
2007-10-31,40.65121841430664,58.439998626708984,58.84000015258789,57.66999816894531,58.65999984741211,1159400
2007-11-01,43.12758255004883,62.0,63.47999954223633,59.5,59.70000076293945,4355900
2007-11-02,44.92224884033203,64.58000183105469,65.05999755859375,61.060001373291016,62.02000045776367,2548000
2007-11-05,45.54133987426758,65.47000122070312,65.80000305175781,61.720001220703125,61.720001220703125,1915200
2007-11-06,45.694358825683594,65.69000244140625,66.63999938964844,64.22000122070312,64.91000366210938,1857400
2007-11-07,44.296180725097656,63.68000030517578,65.61000061035156,63.31999969482422,65.61000061035156,1096000
2007-11-08,44.74834442138672,64.33000183105469,64.43000030517578,62.7400016784668,64.19999694824219,1417800
2007-11-09,44.13620376586914,63.45000076293945,64.56999969482422,62.63999938964844,63.61000061035156,1113000
2007-11-12,44.9918098449707,64.68000030517578,66.58999633789062,63.459999084472656,63.970001220703125,1790900
2007-11-13,46.22301483154297,66.44999694824219,66.44999694824219,64.62000274658203,65.58999633789062,1094600
2007-11-14,44.671817779541016,64.22000122070312,67.16999816894531,63.84000015258789,67.16999816894531,1820100
2007-11-15,46.16737365722656,66.37000274658203,66.88999938964844,63.880001068115234,64.25,1621200
2007-11-16,45.680458068847656,65.66999816894531,66.5,64.25,65.62999725341797,1878500
2007-11-19,45.84738540649414,65.91000366210938,66.1500015258789,64.8499984741211,65.38999938964844,1609200
2007-11-20,46.22301483154297,66.44999694824219,66.8499984741211,64.75,65.97000122070312,1784300
2007-11-21,46.13241958618164,66.19999694824219,66.9800033569336,64.41999816894531,65.80000305175781,1690300
2007-11-23,46.0697021484375,66.11000061035156,67.16999816894531,65.87000274658203,66.66000366210938,422700
2007-11-26,45.505245208740234,65.30000305175781,66.19999694824219,65.30000305175781,65.9800033569336,1490400
2007-11-27,45.770042419433594,65.68000030517578,66.0,64.68000030517578,65.04000091552734,1969800
2007-11-28,46.885040283203125,67.27999877929688,67.27999877929688,65.41999816894531,65.68000030517578,1447400
2007-11-29,47.07320785522461,67.55000305175781,67.55999755859375,66.05999755859375,66.93000030517578,1195400
2007-11-30,45.595829010009766,65.43000030517578,68.7699966430664,63.75,68.0,3424700
2007-12-03,45.30316925048828,65.01000213623047,65.7699966430664,63.970001220703125,65.37000274658203,2580900
2007-12-04,45.38677978515625,65.12999725341797,65.62999725341797,64.22000122070312,64.75,1483200
2007-12-05,45.83975601196289,65.77999877929688,65.93000030517578,65.11000061035156,65.83999633789062,1196800
2007-12-06,45.9791259765625,65.9800033569336,66.48999786376953,65.25,65.76000213623047,1489500
2007-12-07,45.442527770996094,65.20999908447266,66.55000305175781,64.87999725341797,66.55000305175781,1134000
2007-12-10,45.95822525024414,65.94999694824219,66.58000183105469,64.93000030517578,64.93000030517578,812500
2007-12-11,44.425106048583984,63.75,66.0,63.63999938964844,65.47000122070312,1419300
2007-12-12,45.70036697387695,65.58000183105469,66.25,64.30000305175781,65.97000122070312,1960100
2007-12-13,46.75263595581055,67.08999633789062,67.08999633789062,64.98999786376953,65.12999725341797,1638500
2007-12-14,45.89549255371094,65.86000061035156,67.11000061035156,65.58999633789062,67.11000061035156,1275600
2007-12-17,46.236961364746094,66.3499984741211,67.05999755859375,65.51000213623047,65.70999908447266,1215300
2007-12-18,46.81534957885742,67.18000030517578,67.51000213623047,66.05000305175781,66.44999694824219,1416500
2007-12-19,46.898990631103516,67.30000305175781,67.69000244140625,65.47000122070312,67.69000244140625,1272100
2007-12-20,47.24043655395508,67.79000091552734,68.37999725341797,66.83999633789062,67.69000244140625,707000
2007-12-21,47.57493209838867,68.2699966430664,68.87999725341797,67.62999725341797,68.37000274658203,948600
2007-12-24,48.59933853149414,69.73999786376953,69.7699966430664,67.91999816894531,68.2699966430664,319800
2007-12-26,48.22301483154297,69.19999694824219,69.69999694824219,68.63999938964844,69.69999694824219,320900
2007-12-27,47.024417877197266,67.4800033569336,69.1500015258789,67.44999694824219,69.0999984741211,572900
2007-12-28,47.19862747192383,67.7300033569336,68.79000091552734,67.5999984741211,68.27999877929688,455600
2007-12-31,46.6202278137207,66.9000015258789,67.91999816894531,66.62999725341797,67.66999816894531,579800
2008-01-02,45.78400802612305,65.69999694824219,66.98999786376953,65.54000091552734,66.98999786376953,1188300
2008-01-03,45.64462661743164,65.5,66.25,65.3499984741211,65.79000091552734,686200
2008-01-04,45.12893295288086,64.76000213623047,65.55999755859375,64.69000244140625,65.44999694824219,896700
2008-01-07,44.905948638916016,64.44000244140625,65.63999938964844,64.27999877929688,65.02999877929688,1601600
2008-01-08,44.306640625,63.58000183105469,65.75,63.22999954223633,64.91000366210938,2098500
2008-01-09,45.77702713012695,65.69000244140625,65.80000305175781,63.0099983215332,63.4900016784668,1143400
2008-01-10,46.42511749267578,66.62000274658203,67.44000244140625,64.86000061035156,65.08000183105469,1603300
2008-01-11,46.515708923339844,66.75,67.05000305175781,65.41999816894531,66.30999755859375,1701100
2008-01-14,47.5958366394043,68.30000305175781,68.37000274658203,66.8499984741211,67.1500015258789,1299700
2008-01-15,47.414642333984375,68.04000091552734,68.58999633789062,66.5999984741211,67.44000244140625,1531200
2008-01-16,46.787479400634766,67.13999938964844,69.16999816894531,67.01000213623047,68.0199966430664,1598300
2008-01-17,45.1846809387207,64.83999633789062,68.05000305175781,64.80999755859375,67.20999908447266,1910600
2008-01-18,43.83278274536133,62.900001525878906,66.13999938964844,62.34000015258789,65.01000213623047,2203400
2008-01-22,44.06272506713867,63.22999954223633,64.3499984741211,59.380001068115234,59.380001068115234,1934200
2008-01-23,46.45994186401367,66.66999816894531,67.1500015258789,62.04999923706055,62.470001220703125,1920100
2008-01-24,45.435546875,65.19999694824219,67.69999694824219,65.19000244140625,67.11000061035156,1635300
2008-01-25,44.7247428894043,64.18000030517578,65.66999816894531,64.01000213623047,65.5999984741211,1231300
2008-01-28,44.80839538574219,64.30000305175781,65.2300033569336,63.959999084472656,64.29000091552734,1731800
2008-01-29,45.08015823364258,64.69000244140625,65.3499984741211,63.779998779296875,64.41000366210938,1690900
2008-01-30,45.08015823364258,64.69000244140625,66.76000213623047,64.6500015258789,64.69000244140625,1490800
2008-01-31,45.142887115478516,64.77999877929688,65.87000274658203,63.84000015258789,64.13999938964844,1340600
2008-02-01,45.874576568603516,65.83000183105469,65.83000183105469,64.83000183105469,65.30000305175781,1212400
2008-02-04,46.72476577758789,67.05000305175781,67.4000015258789,65.08999633789062,65.61000061035156,1163100
2008-02-05,45.74916076660156,65.6500015258789,66.72000122070312,64.88999938964844,66.05999755859375,1303300
2008-02-06,44.836265563964844,64.33999633789062,66.0,64.0,66.0,1454200
2008-02-07,42.67598342895508,61.2400016784668,63.439998626708984,59.79999923706055,62.5,3360600
2008-02-08,43.651588439941406,62.63999938964844,63.5,61.130001068115234,61.130001068115234,2027000
2008-02-11,42.52265548706055,61.02000045776367,62.7599983215332,60.90999984741211,62.5,1670300
2008-02-12,42.06275177001953,60.36000061035156,61.91999816894531,59.599998474121094,61.7599983215332,1761500
2008-02-13,41.574928283691406,59.65999984741211,60.86000061035156,59.060001373291016,60.220001220703125,2621000
2008-02-14,43.03137969970703,61.75,62.0,59.560001373291016,59.560001373291016,1834100
2008-02-15,43.49131774902344,62.40999984741211,62.40999984741211,61.15999984741211,61.439998626708984,1247300
2008-02-19,43.1150016784668,61.869998931884766,63.849998474121094,61.22999954223633,63.689998626708984,1085300
2008-02-20,43.5749397277832,62.529998779296875,62.619998931884766,61.130001068115234,61.70000076293945,1058800
2008-02-21,43.14204406738281,61.790000915527344,63.18000030517578,61.56999969482422,62.630001068115234,695800
2008-02-22,43.69363021850586,62.58000183105469,62.630001068115234,60.75,62.04999923706055,799300
2008-02-25,44.650177001953125,63.95000076293945,64.22000122070312,62.2599983215332,62.470001220703125,1197800
2008-02-26,45.048152923583984,64.5199966430664,64.62000274658203,63.61000061035156,64.0,1280500
2008-02-27,45.82315444946289,65.62999725341797,66.06999969482422,64.0,64.2699966430664,1139500
2008-02-28,44.96438217163086,64.4000015258789,65.54000091552734,64.06999969482422,65.41999816894531,907800
2008-02-29,43.67268753051758,62.54999923706055,63.849998474121094,62.15999984741211,63.849998474121094,1358700
2008-03-03,43.7285270690918,62.630001068115234,62.689998626708984,61.04999923706055,62.54999923706055,1127900
2008-03-04,43.33056640625,62.060001373291016,63.0,61.150001525878906,62.470001220703125,1215300
2008-03-05,43.95195770263672,62.95000076293945,63.849998474121094,62.119998931884766,62.119998931884766,1043900
2008-03-06,42.24833297729492,60.5099983215332,62.310001373291016,60.5,62.310001373291016,918900
2008-03-07,43.24678421020508,61.939998626708984,62.709999084472656,60.25,60.2599983215332,1039400
2008-03-10,42.744083404541016,61.220001220703125,62.65999984741211,60.95000076293945,61.939998626708984,739200
2008-03-11,43.50510787963867,62.310001373291016,64.5199966430664,60.38999938964844,64.51000213623047,2083100
2008-03-12,42.62538146972656,61.04999923706055,63.439998626708984,61.04999923706055,62.189998626708984,739100
2008-03-13,42.346092224121094,60.650001525878906,60.9900016784668,59.349998474121094,60.31999969482422,1901400
2008-03-14,41.41748046875,59.31999969482422,60.900001525878906,58.5,60.83000183105469,1716100
2008-03-17,40.78911590576172,58.41999816894531,59.25,57.75,58.06999969482422,1404400
2008-03-18,42.61839294433594,61.040000915527344,61.540000915527344,59.04999923706055,59.5,1601200
2008-03-19,42.37403869628906,60.689998626708984,62.29999923706055,60.529998779296875,61.16999816894531,1295600
2008-03-20,43.81930923461914,62.7599983215332,62.779998779296875,60.66999816894531,60.86000061035156,1201400
2008-03-24,42.2972297668457,60.58000183105469,63.349998474121094,60.369998931884766,62.849998474121094,1178000
2008-03-25,42.89068603515625,61.43000030517578,61.63999938964844,60.29999923706055,60.439998626708984,1200300
2008-03-26,42.29025650024414,60.56999969482422,61.470001220703125,60.2599983215332,61.43000030517578,647600
2008-03-27,42.583492279052734,60.9900016784668,61.790000915527344,60.68000030517578,60.97999954223633,706200
2008-03-28,42.06681442260742,60.25,61.689998626708984,60.060001373291016,61.5099983215332,683300
2008-03-31,42.49272918701172,60.86000061035156,61.099998474121094,59.7599983215332,60.400001525878906,730400
2008-04-01,44.62922286987305,63.91999816894531,63.95000076293945,60.9900016784668,61.189998626708984,989500
2008-04-02,44.16142654418945,63.25,64.6500015258789,63.11000061035156,64.2300033569336,1302500
2008-04-03,43.079200744628906,61.70000076293945,62.95000076293945,61.369998931884766,62.849998474121094,1480300
2008-04-04,43.100154876708984,61.72999954223633,62.09000015258789,60.38999938964844,61.70000076293945,1220500
2008-04-07,43.45624542236328,62.2400016784668,62.5099983215332,61.5099983215332,61.90999984741211,884400
2008-04-08,43.093177795410156,61.720001220703125,62.099998474121094,61.2599983215332,61.5,819100
2008-04-09,43.14204406738281,61.790000915527344,62.93000030517578,61.599998474121094,61.72999954223633,798900
2008-04-10,43.28169631958008,61.9900016784668,62.599998474121094,61.529998779296875,62.58000183105469,934200
2008-04-11,43.10715103149414,61.7400016784668,62.5099983215332,61.470001220703125,61.59000015258789,583700
2008-04-14,42.85578536987305,61.380001068115234,61.79999923706055,60.779998779296875,61.79999923706055,587600
2008-04-15,44.126495361328125,63.20000076293945,63.380001068115234,61.75,62.02000045776367,893400
2008-04-16,45.29252243041992,64.87000274658203,64.87000274658203,63.439998626708984,63.4900016784668,765700
2008-04-17,45.299495697021484,64.87999725341797,65.8499984741211,64.63999938964844,64.80999755859375,710100
2008-04-18,45.22267532348633,64.7699966430664,66.0199966430664,64.44999694824219,65.58000183105469,879600
2008-04-21,44.99228286743164,64.44000244140625,64.77999877929688,63.650001525878906,64.26000213623047,509200
2008-04-22,44.58732986450195,63.86000061035156,64.13999938964844,63.150001525878906,63.95000076293945,682900
2008-04-23,44.342960357666016,63.5099983215332,64.48999786376953,62.939998626708984,64.2300033569336,711100
2008-04-24,45.362342834472656,64.97000122070312,65.18000030517578,63.68000030517578,63.9900016784668,654500
2008-04-25,45.439144134521484,65.08000183105469,65.80000305175781,64.33000183105469,65.16000366210938,720000
2008-04-28,45.08305358886719,64.56999969482422,65.62999725341797,64.43000030517578,65.38999938964844,729200
2008-04-29,46.1373291015625,66.08000183105469,66.27999877929688,64.26000213623047,64.37000274658203,1274100
2008-04-30,45.38329315185547,65.0,65.98999786376953,64.48999786376953,65.97000122070312,1147800
2008-05-01,46.52134704589844,66.62999725341797,67.86000061035156,63.470001220703125,66.41999816894531,2379100
2008-05-02,45.65557861328125,65.38999938964844,66.5199966430664,64.62999725341797,64.77999877929688,1340800
2008-05-05,46.45852279663086,66.54000091552734,66.73999786376953,64.7699966430664,64.7699966430664,1006200
2008-05-06,47.010101318359375,67.33000183105469,67.87999725341797,65.80999755859375,65.80999755859375,763200
2008-05-07,47.093894958496094,67.44999694824219,68.45999908447266,67.33000183105469,67.69999694824219,1253800
2008-05-08,45.76032638549805,65.54000091552734,67.4000015258789,65.0999984741211,67.27999877929688,1439200
2008-05-09,45.22267532348633,64.7699966430664,65.9800033569336,64.56999969482422,64.9000015258789,1055000
2008-05-12,45.94883346557617,65.80999755859375,65.80999755859375,64.48999786376953,64.58000183105469,665500
2008-05-13,45.77427673339844,65.55999755859375,65.91000366210938,65.26000213623047,65.75,779600
2008-05-14,47.086910247802734,67.44000244140625,67.9000015258789,65.9800033569336,66.1500015258789,1192600
2008-05-15,47.23352813720703,67.6500015258789,67.94999694824219,66.88999938964844,67.20999908447266,1343100
2008-05-16,46.64006042480469,66.80000305175781,67.87999725341797,66.66000366210938,67.81999969482422,873700
2008-05-19,47.07292938232422,67.41999816894531,68.0,66.80000305175781,67.0999984741211,732100
2008-05-20,46.51438522338867,66.62000274658203,67.43000030517578,66.44000244140625,66.88999938964844,767100
2008-05-21,45.75334548950195,65.52999877929688,67.25,65.52999877929688,66.8499984741211,653800
2008-05-22,46.76790237426758,66.83999633789062,66.83999633789062,65.38999938964844,65.38999938964844,929500
2008-05-23,46.4670295715332,66.41000366210938,66.91000366210938,66.0,66.27999877929688,731200
2008-05-27,47.089759826660156,67.30000305175781,67.30000305175781,66.12999725341797,66.12999725341797,968000
2008-05-28,47.558555603027344,67.97000122070312,68.02999877929688,66.41000366210938,67.55999755859375,878300
2008-05-29,47.803443908691406,68.31999969482422,68.44999694824219,67.79000091552734,68.20999908447266,746300
2008-05-30,47.60053634643555,68.02999877929688,68.36000061035156,67.48999786376953,68.23999786376953,1170900
2008-06-02,47.978370666503906,68.56999969482422,68.86000061035156,67.5,67.9000015258789,921500
2008-06-03,48.37020492553711,69.12999725341797,69.76000213623047,68.61000061035156,68.83000183105469,1027100
2008-06-04,47.66349792480469,68.12000274658203,69.19999694824219,67.8499984741211,68.98999786376953,789100
2008-06-05,49.02091979980469,70.05999755859375,70.05999755859375,68.43000030517578,68.6500015258789,901900
2008-06-06,48.09032440185547,68.7300033569336,70.33000183105469,68.69999694824219,69.4000015258789,945000
2008-06-09,48.615089416503906,69.4800033569336,70.26000213623047,68.83000183105469,69.0999984741211,876200
2008-06-10,48.069339752197266,68.69999694824219,69.76000213623047,68.55000305175781,69.12000274658203,978700
2008-06-11,46.9777946472168,67.13999938964844,69.0,67.08999633789062,68.3499984741211,1039300
2008-06-12,47.712493896484375,68.19000244140625,68.95999908447266,67.05999755859375,67.12000274658203,970300
2008-06-13,47.768463134765625,68.2699966430664,68.9000015258789,67.33000183105469,68.4000015258789,836000
2008-06-16,48.426177978515625,69.20999908447266,69.33999633789062,67.75,69.33999633789062,916500
2008-06-17,48.21628189086914,68.91000366210938,69.80999755859375,68.91000366210938,69.5999984741211,744200
2008-06-18,48.552127838134766,69.38999938964844,69.58000183105469,68.75,68.77999877929688,879800
2008-06-19,48.62910461425781,69.5,70.87000274658203,68.08999633789062,69.20999908447266,1271500
2008-06-20,47.53055953979492,67.93000030517578,69.26000213623047,67.88999938964844,69.12999725341797,579600
2008-06-23,47.656517028808594,68.11000061035156,68.98999786376953,68.0999984741211,68.36000061035156,515000
2008-06-24,47.79646301269531,68.30999755859375,68.5199966430664,67.44999694824219,67.80000305175781,851500
2008-06-25,47.79646301269531,68.30999755859375,69.0,67.93000030517578,68.23999786376953,715600
2008-06-26,47.005794525146484,67.18000030517578,68.5,67.18000030517578,67.4000015258789,1092500
2008-06-27,47.215721130371094,67.4800033569336,68.0,66.68000030517578,66.83999633789062,1145000
2008-06-30,46.152164459228516,65.95999908447266,67.58999633789062,65.95999908447266,67.31999969482422,1276200
2008-07-01,46.58597183227539,66.58000183105469,66.86000061035156,65.25,65.75,1249400
2008-07-02,47.6495246887207,68.0999984741211,69.01000213623047,66.9000015258789,66.94999694824219,1377500
2008-07-03,47.705501556396484,68.18000030517578,69.27999877929688,67.95999908447266,68.5,677600
2008-07-07,47.99235916137695,68.58999633789062,69.48999786376953,67.83999633789062,68.18000030517578,1412500
2008-07-08,49.17485427856445,70.27999877929688,70.69999694824219,68.20999908447266,68.52999877929688,1791400
2008-07-09,48.391204833984375,69.16000366210938,71.30999755859375,68.98999786376953,70.4000015258789,1485900
2008-07-10,48.34921646118164,69.0999984741211,69.87000274658203,68.2699966430664,69.08999633789062,1310500
2008-07-11,48.06235122680664,68.69000244140625,69.8499984741211,67.18000030517578,68.5,1444600
2008-07-14,47.39762878417969,67.73999786376953,70.98999786376953,67.62999725341797,69.20999908447266,1424500
2008-07-15,45.56441879272461,65.12000274658203,67.62999725341797,64.98999786376953,67.5999984741211,1983100
2008-07-16,46.1381721496582,65.94000244140625,66.08999633789062,64.52999877929688,65.37000274658203,2308700
2008-07-17,45.38949203491211,64.87000274658203,68.37000274658203,64.5199966430664,68.37000274658203,2668900
2008-07-18,45.94923782348633,65.66999816894531,65.81999969482422,64.4000015258789,64.63999938964844,1862500
2008-07-21,44.5848388671875,63.720001220703125,65.98999786376953,63.34000015258789,65.80000305175781,1389600
2008-07-22,45.71834182739258,65.33999633789062,65.33999633789062,62.939998626708984,63.400001525878906,1345800
2008-07-23,45.627384185791016,65.20999908447266,65.62000274658203,63.47999954223633,65.08000183105469,1371800
2008-07-24,44.51485824584961,63.619998931884766,65.43000030517578,63.36000061035156,65.12000274658203,1705600
2008-07-25,44.05305862426758,62.959999084472656,64.12999725341797,62.5,63.75,1250500
2008-07-28,44.318946838378906,63.34000015258789,64.58000183105469,63.099998474121094,63.20000076293945,1039500
2008-07-29,45.64836502075195,65.23999786376953,65.23999786376953,63.119998931884766,63.41999816894531,1228300
2008-07-30,45.144596099853516,64.5199966430664,66.66999816894531,64.31999969482422,65.73999786376953,1833200
2008-07-31,42.06591796875,60.119998931884766,61.400001525878906,59.77000045776367,60.02000045776367,3796700
2008-08-01,42.50672912597656,60.75,61.0,60.09000015258789,60.099998474121094,1945600
2008-08-04,41.863014221191406,59.83000183105469,60.720001220703125,59.529998779296875,60.310001373291016,2044500
2008-08-05,41.77204132080078,59.70000076293945,60.849998474121094,59.20000076293945,60.58000183105469,1965500
2008-08-06,41.625118255615234,59.4900016784668,59.95000076293945,59.18000030517578,59.18000030517578,1365800
2008-08-07,40.80645751953125,58.31999969482422,59.20000076293945,57.900001525878906,58.869998931884766,2211800
2008-08-08,41.04436111450195,58.65999984741211,58.9900016784668,57.86000061035156,58.31999969482422,1647300
2008-08-11,40.5545654296875,57.959999084472656,58.72999954223633,57.400001525878906,58.38999938964844,1237200
2008-08-12,39.309112548828125,56.18000030517578,57.5,55.900001525878906,57.33000183105469,2002700
2008-08-13,40.40763473510742,57.75,58.54999923706055,55.66999816894531,56.119998931884766,2287800
2008-08-14,40.932403564453125,58.5,58.70000076293945,57.06999969482422,57.529998779296875,1900900
2008-08-15,40.89742660522461,58.45000076293945,58.709999084472656,57.439998626708984,58.4900016784668,1197800
2008-08-18,40.33766174316406,57.650001525878906,58.5,57.27000045776367,58.0,1139900
2008-08-19,39.88285446166992,57.0,57.38999938964844,56.18000030517578,57.29999923706055,1555300
2008-08-20,40.16973114013672,57.40999984741211,57.5,56.790000915527344,57.22999954223633,2158100
2008-08-21,40.05050277709961,57.099998474121094,57.61000061035156,56.790000915527344,56.900001525878906,1450700
2008-08-22,40.84309005737305,58.22999954223633,58.349998474121094,57.2400016784668,57.45000076293945,1010000
2008-08-25,40.45029830932617,57.66999816894531,58.54999923706055,57.66999816894531,58.33000183105469,1406700
2008-08-26,40.47835159301758,57.709999084472656,58.22999954223633,56.959999084472656,57.52000045776367,657500
2008-08-27,40.14167022705078,57.22999954223633,57.709999084472656,56.90999984741211,57.470001220703125,827300
2008-08-28,40.8641242980957,58.2599983215332,58.2599983215332,56.83000183105469,57.459999084472656,928100
2008-08-29,40.983375549316406,58.43000030517578,58.540000915527344,57.869998931884766,58.099998474121094,783300
2008-09-02,40.50642395019531,57.75,59.0,57.209999084472656,58.70000076293945,1051100
2008-09-03,40.962318420410156,58.400001525878906,58.470001220703125,57.029998779296875,57.599998474121094,1612000
2008-09-04,39.96632766723633,56.97999954223633,58.189998626708984,56.849998474121094,57.95000076293945,933200
2008-09-05,40.969356536865234,58.40999984741211,58.5,56.79999923706055,56.88999938964844,1208500
2008-09-08,41.15873336791992,58.68000030517578,59.63999938964844,57.63999938964844,59.209999084472656,1599700
2008-09-09,39.2158088684082,55.90999984741211,59.0,55.84000015258789,58.36000061035156,1907400
2008-09-10,40.127655029296875,57.209999084472656,57.81999969482422,56.029998779296875,56.209999084472656,1725900
2008-09-11,40.288978576660156,57.439998626708984,57.630001068115234,56.099998474121094,56.2400016784668,1529800
2008-09-12,40.6817741394043,58.0,58.2599983215332,56.5099983215332,56.56999969482422,1396400
2008-09-15,38.696773529052734,55.16999816894531,58.31999969482422,55.16999816894531,57.970001220703125,2222300
2008-09-16,38.91421890258789,55.47999954223633,56.0,52.310001373291016,54.16999816894531,3157700
2008-09-17,35.61056900024414,50.77000045776367,55.599998474121094,50.380001068115234,54.68000030517578,3095400
2008-09-18,35.87010192871094,51.13999938964844,51.790000915527344,38.52000045776367,51.09000015258789,7175000
2008-09-19,38.233856201171875,54.5099983215332,60.0,48.83000183105469,56.75,5595400
2008-09-22,35.04243087768555,49.959999084472656,54.0,48.849998474121094,54.0,1606600
2008-09-23,34.68471145629883,49.45000076293945,51.77000045776367,48.77000045776367,49.40999984741211,1185100
2008-09-24,34.853065490722656,49.689998626708984,50.900001525878906,49.0,49.099998474121094,679900
2008-09-25,35.9823112487793,51.29999923706055,51.63999938964844,50.22999954223633,51.0,1231700
2008-09-26,37.469295501708984,53.41999816894531,53.95000076293945,51.08000183105469,51.939998626708984,1219900
2008-09-29,34.874088287353516,49.720001220703125,54.439998626708984,49.4900016784668,53.65999984741211,2224900
2008-09-30,38.57753372192383,55.0,55.0,49.599998474121094,51.02000045776367,1313800
2008-10-01,35.322998046875,50.36000061035156,56.75,50.209999084472656,56.75,1162100
2008-10-02,34.677696228027344,49.439998626708984,50.86000061035156,48.66999816894531,50.16999816894531,993800
2008-10-03,34.130592346191406,48.65999984741211,52.95000076293945,47.61000061035156,51.06999969482422,1140000
2008-10-06,32.96625518798828,47.0,52.099998474121094,43.56999969482422,48.369998931884766,1651300
2008-10-07,30.51131820678711,43.5,47.84000015258789,42.08000183105469,47.130001068115234,1396100
2008-10-08,31.388080596923828,44.75,47.36000061035156,42.0,42.66999816894531,1453100
2008-10-09,27.55136489868164,39.279998779296875,44.29999923706055,39.099998474121094,44.09000015258789,3143400
2008-10-10,24.612470626831055,35.09000015258789,39.93000030517578,33.619998931884766,38.220001220703125,2557600
2008-10-13,29.2768497467041,41.7400016784668,42.04999923706055,35.72999954223633,35.72999954223633,1828600
2008-10-14,30.26584243774414,43.150001525878906,43.150001525878906,40.060001373291016,41.900001525878906,1579200
2008-10-15,26.225706100463867,37.38999938964844,41.93000030517578,37.189998626708984,41.93000030517578,1352100
2008-10-16,27.369016647338867,39.02000045776367,39.02000045776367,33.9900016784668,37.540000915527344,1917800
2008-10-17,26.793861389160156,38.20000076293945,41.31999969482422,37.52000045776367,38.0,1476400
2008-10-20,29.213703155517578,41.650001525878906,41.709999084472656,37.72999954223633,38.4900016784668,978200
2008-10-21,29.304885864257812,41.779998779296875,43.63999938964844,40.0099983215332,40.0099983215332,1121900
2008-10-22,26.835927963256836,38.2599983215332,40.91999816894531,36.900001525878906,40.0,1274000
2008-10-23,24.970182418823242,35.599998474121094,39.459999084472656,33.5099983215332,39.08000183105469,2452400
2008-10-24,25.86098289489746,36.869998931884766,37.68000030517578,31.0,32.09000015258789,1869900
2008-10-27,22.641508102416992,32.279998779296875,36.56999969482422,32.189998626708984,36.2599983215332,1701200
2008-10-28,24.907060623168945,35.5099983215332,35.5099983215332,31.780000686645508,33.22999954223633,1601900
2008-10-29,23.686603546142578,33.77000045776367,36.04999923706055,33.06999969482422,35.15999984741211,1920600
2008-10-30,17.780736923217773,25.350000381469727,32.20000076293945,24.25,31.209999084472656,7872600
2008-10-31,17.871917724609375,25.479999542236328,25.780000686645508,23.170000076293945,25.610000610351562,5713800
2008-11-03,17.88594627380371,25.5,25.799999237060547,24.459999084472656,25.3799991607666,3033600
2008-11-04,18.769733428955078,26.760000228881836,26.899999618530273,24.850000381469727,25.729999542236328,3663600
2008-11-05,17.81580352783203,25.399999618530273,26.600000381469727,25.350000381469727,26.549999237060547,2754700
2008-11-06,15.929012298583984,22.709999084472656,25.290000915527344,22.399999618530273,25.0,2763400
2008-11-07,15.676507949829102,22.350000381469727,24.31999969482422,21.8799991607666,23.5,4048600
2008-11-10,15.529204368591309,22.139999389648438,23.6200008392334,21.440000534057617,23.280000686645508,2439900
2008-11-11,15.248652458190918,21.739999771118164,22.239999771118164,20.959999084472656,21.889999389648438,2377600
2008-11-12,14.133403778076172,20.149999618530273,21.610000610351562,20.06999969482422,21.399999618530273,2461300
2008-11-13,14.918985366821289,21.270000457763672,21.510000228881836,18.59000015258789,20.399999618530273,4496300
2008-11-14,14.014166831970215,19.979999542236328,21.719999313354492,19.8700008392334,21.020000457763672,2501300
2008-11-17,12.56224536895752,17.90999984741211,20.020000457763672,17.760000228881836,19.8799991607666,2745100
2008-11-18,11.916948318481445,16.989999771118164,17.940000534057617,16.280000686645508,17.940000534057617,4455500
2008-11-19,11.159430503845215,15.90999984741211,17.420000076293945,15.859999656677246,16.559999465942383,2528900
2008-11-20,9.036520004272461,12.770000457763672,15.710000038146973,12.520000457763672,15.710000038146973,4521900
2008-11-21,10.657011032104492,15.0600004196167,15.0600004196167,13.0,13.109999656677246,4498900
2008-11-24,11.91660213470459,16.84000015258789,17.06999969482422,14.289999961853027,15.520000457763672,3850900
2008-11-25,12.659615516662598,17.889999389648438,18.209999084472656,16.649999618530273,17.149999618530273,4261900
2008-11-26,15.419401168823242,21.790000915527344,22.139999389648438,17.149999618530273,17.68000030517578,4553900
2008-11-28,15.405248641967773,21.770000457763672,22.239999771118164,21.0,21.799999237060547,1481300
2008-12-01,13.905059814453125,19.649999618530273,21.219999313354492,19.43000030517578,21.219999313354492,2622500
2008-12-02,13.558320999145508,19.15999984741211,20.3700008392334,18.450000762939453,19.979999542236328,2935300
2008-12-03,13.487548828125,19.059999465942383,19.65999984741211,17.850000381469727,18.389999389648438,2363000
2008-12-04,13.6149320602417,19.239999771118164,20.18000030517578,18.559999465942383,18.559999465942383,1772200
2008-12-05,15.950130462646484,22.540000915527344,22.6200008392334,18.489999771118164,18.959999084472656,3040700
2008-12-08,16.855899810791016,23.81999969482422,24.200000762939453,22.75,22.979999542236328,2820800
2008-12-09,16.40301513671875,23.18000030517578,24.479999542236328,22.770000457763672,23.59000015258789,2632400
2008-12-10,16.226110458374023,22.93000030517578,23.790000915527344,22.209999084472656,23.790000915527344,1980000
2008-12-11,15.61752986907959,22.06999969482422,22.959999084472656,21.93000030517578,22.610000610351562,3031100
2008-12-12,15.759064674377441,22.270000457763672,22.280000686645508,20.68000030517578,21.6299991607666,2541900
2008-12-15,15.433545112609863,21.809999465942383,22.8799991607666,21.5,22.329999923706055,1898500
2008-12-16,18.221641540527344,25.75,25.959999084472656,22.260000228881836,22.600000381469727,2459300
2008-12-17,17.761667251586914,25.100000381469727,26.3799991607666,24.610000610351562,25.260000228881836,2030400
2008-12-18,18.695755004882812,26.420000076293945,27.290000915527344,24.809999465942383,25.110000610351562,2985300
2008-12-19,19.62984275817871,27.739999771118164,27.959999084472656,26.149999618530273,27.06999969482422,2931300
2008-12-22,18.766525268554688,26.520000457763672,27.770000457763672,25.899999618530273,27.139999389648438,1558700
2008-12-23,18.60376739501953,26.290000915527344,27.719999313354492,25.809999465942383,26.729999542236328,1467800
2008-12-24,18.56838035583496,26.239999771118164,26.600000381469727,25.780000686645508,26.489999771118164,626600
2008-12-26,18.78774642944336,26.549999237060547,26.770000457763672,26.1200008392334,26.420000076293945,576100
2008-12-29,19.148635864257812,27.059999465942383,27.3700008392334,26.299999237060547,26.479999542236328,1215700
2008-12-30,20.450700759887695,28.899999618530273,29.010000228881836,27.049999237060547,27.280000686645508,1418000
2008-12-31,21.229095458984375,30.0,30.18000030517578,28.889999389648438,29.270000457763672,1521700
2009-01-02,21.398927688598633,30.239999771118164,30.469999313354492,28.75,30.0,1742500
2009-01-05,21.066335678100586,29.770000457763672,30.010000228881836,28.780000686645508,29.940000534057617,1873300
2009-01-06,21.929656982421875,30.989999771118164,31.440000534057617,29.360000610351562,30.040000915527344,2029000
2009-01-07,21.165403366088867,29.90999984741211,31.18000030517578,29.549999237060547,30.520000457763672,2362800
2009-01-08,21.80228042602539,30.809999465942383,30.950000762939453,29.5,29.5,1424100
2009-01-09,21.33523941040039,30.149999618530273,31.18000030517578,30.1299991607666,30.940000534057617,1186900
2009-01-12,21.398927688598633,30.239999771118164,31.3799991607666,29.829999923706055,30.25,3155200
2009-01-13,21.441389083862305,30.299999237060547,30.860000610351562,29.209999084472656,29.219999313354492,1664300
2009-01-14,19.87751579284668,28.09000015258789,30.190000534057617,27.829999923706055,29.59000015258789,1629600
2009-01-15,20.337474822998047,28.739999771118164,29.81999969482422,27.5,27.969999313354492,2210300
2009-01-16,20.188875198364258,28.530000686645508,29.790000915527344,28.030000686645508,29.489999771118164,2415900
2009-01-20,18.143798828125,25.639999389648438,28.219999313354492,25.520000457763672,27.989999771118164,3474800
2009-01-21,20.146419525146484,28.469999313354492,28.68000030517578,25.200000762939453,26.549999237060547,2255700
2009-01-22,18.85851287841797,26.649999618530273,27.75,26.229999542236328,27.510000228881836,2316800
2009-01-23,19.042491912841797,26.90999984741211,27.06999969482422,25.290000915527344,25.559999465942383,1673000
2009-01-26,18.78067398071289,26.540000915527344,27.559999465942383,25.649999618530273,27.31999969482422,1487600
2009-01-27,19.106184005737305,27.0,27.260000228881836,26.260000228881836,26.979999542236328,1488200
2009-01-28,20.62053108215332,29.139999389648438,29.299999237060547,27.100000381469727,28.719999313354492,2018500
2009-01-29,19.21940040588379,27.15999984741211,28.729999542236328,26.6200008392334,28.34000015258789,1582900
2009-01-30,18.681604385375977,26.399999618530273,27.440000534057617,26.270000457763672,27.020000457763672,2057300
2009-02-02,19.000041961669922,26.850000381469727,27.229999542236328,25.40999984741211,25.979999542236328,885000
2009-02-03,19.21233367919922,27.149999618530273,27.700000762939453,26.510000228881836,27.06999969482422,1294600
2009-02-04,18.50469970703125,26.149999618530273,27.950000762939453,25.989999771118164,27.450000762939453,1977000
2009-02-05,18.271181106567383,25.81999969482422,26.260000228881836,22.010000228881836,24.6200008392334,3652400
2009-02-06,18.136714935302734,25.6299991607666,26.479999542236328,24.110000610351562,26.209999084472656,3104400
2009-02-09,18.766525268554688,26.520000457763672,27.059999465942383,25.25,25.780000686645508,2183500
2009-02-10,17.34417152404785,24.510000228881836,26.520000457763672,24.219999313354492,26.010000228881836,2687600
2009-02-11,18.398555755615234,26.0,27.579999923706055,24.440000534057617,25.1299991607666,1667100
2009-02-12,18.129642486572266,25.6200008392334,25.790000915527344,24.290000915527344,25.309999465942383,1838300
2009-02-13,17.719221115112305,25.040000915527344,26.1299991607666,24.979999542236328,25.6299991607666,1246300
2009-02-17,16.388866424560547,23.15999984741211,24.219999313354492,21.3700008392334,21.3700008392334,1860200
2009-02-18,16.707294464111328,23.610000610351562,23.93000030517578,22.729999542236328,23.489999771118164,1626200
2009-02-19,15.71069622039795,22.06999969482422,23.850000381469727,21.8799991607666,23.81999969482422,2196600
2009-02-20,15.390366554260254,21.6200008392334,22.559999465942383,20.770000457763672,21.18000030517578,2735500
2009-02-23,14.422236442565918,20.260000228881836,22.489999771118164,20.18000030517578,21.920000076293945,2087000
2009-02-24,16.087980270385742,22.600000381469727,22.690000534057617,20.1200008392334,20.280000686645508,2722100
2009-02-25,15.112738609313965,21.229999542236328,22.670000076293945,20.68000030517578,22.559999465942383,2186200
2009-02-26,15.46866512298584,21.729999542236328,22.399999618530273,21.43000030517578,21.6200008392334,2373800
2009-02-27,14.521899223327637,20.399999618530273,20.950000762939453,20.15999984741211,20.579999923706055,3037200
2009-03-02,13.354446411132812,18.760000228881836,20.3799991607666,18.6200008392334,20.030000686645508,2209400
2009-03-03,12.91309642791748,18.139999389648438,19.329999923706055,17.899999618530273,19.270000457763672,2812400
2009-03-04,13.489705085754395,18.950000762939453,19.350000381469727,17.75,17.75,2134200
2009-03-05,12.065990447998047,16.950000762939453,18.6200008392334,16.59000015258789,18.34000015258789,1978400
2009-03-06,12.236835479736328,17.190000534057617,17.639999389648438,16.34000015258789,17.479999542236328,2403900
2009-03-09,12.357851028442383,17.360000610351562,17.799999237060547,16.459999084472656,16.780000686645508,2065200
2009-03-10,13.36868667602539,18.780000686645508,18.860000610351562,17.3700008392334,17.3700008392334,2480200
2009-03-11,13.404281616210938,18.829999923706055,19.229999542236328,18.149999618530273,19.020000457763672,2088200
2009-03-12,14.422236442565918,20.260000228881836,20.450000762939453,18.200000762939453,18.739999771118164,2612900
2009-03-13,14.564605712890625,20.459999084472656,20.979999542236328,19.540000915527344,20.350000381469727,1724800
2009-03-16,14.422236442565918,20.260000228881836,21.649999618530273,20.059999465942383,20.860000610351562,1900300
2009-03-17,15.433069229125977,21.68000030517578,21.700000762939453,19.610000610351562,20.170000076293945,2117200
2009-03-18,16.436784744262695,23.09000015258789,23.270000457763672,20.8700008392334,21.520000457763672,3136400
2009-03-19,15.46866512298584,21.729999542236328,23.739999771118164,21.610000610351562,23.530000686645508,2383200
2009-03-20,15.212398529052734,21.3700008392334,22.020000457763672,21.100000381469727,22.020000457763672,1781500
2009-03-23,17.205602645874023,24.170000076293945,24.170000076293945,22.1200008392334,22.1299991607666,2098300
2009-03-24,16.458154678344727,23.1200008392334,24.5,22.6299991607666,22.8799991607666,2000200
2009-03-25,16.828317642211914,23.639999389648438,24.31999969482422,22.290000915527344,23.59000015258789,2170100
2009-03-26,16.757125854492188,23.540000915527344,23.690000534057617,22.709999084472656,23.579999923706055,1851300
2009-03-27,15.959853172302246,22.420000076293945,22.969999313354492,21.8799991607666,22.940000534057617,2462100
2009-03-30,14.464947700500488,20.31999969482422,21.40999984741211,20.18000030517578,21.229999542236328,1984200
2009-03-31,15.504258155822754,21.780000686645508,21.899999618530273,20.579999923706055,20.780000686645508,2307500
2009-04-01,16.031036376953125,22.520000457763672,22.6299991607666,20.8799991607666,21.780000686645508,1491700
2009-04-02,16.436784744262695,23.09000015258789,23.649999618530273,22.700000762939453,22.850000381469727,1978400
2009-04-03,16.913732528686523,23.760000228881836,23.790000915527344,22.649999618530273,22.860000610351562,1835600
2009-04-06,16.757125854492188,23.540000915527344,23.709999084472656,22.93000030517578,23.170000076293945,1223400
2009-04-07,16.315776824951172,22.920000076293945,23.479999542236328,22.540000915527344,22.940000534057617,1057700
2009-04-08,17.141530990600586,24.079999923706055,24.190000534057617,23.299999237060547,23.299999237060547,1702200
2009-04-09,18.529651641845703,26.030000686645508,26.040000915527344,23.989999771118164,24.979999542236328,2376800
2009-04-13,18.771686553955078,26.3700008392334,26.6200008392334,25.049999237060547,25.399999618530273,1503300
2009-04-14,17.97439956665039,25.25,26.260000228881836,24.950000762939453,25.8799991607666,2060200
2009-04-15,19.04218864440918,26.75,26.920000076293945,24.600000381469727,24.760000228881836,1201400
2009-04-16,19.782522201538086,27.790000915527344,28.100000381469727,26.079999923706055,26.860000610351562,1566200
2009-04-17,19.633028030395508,27.579999923706055,28.0,26.940000534057617,27.959999084472656,1601200
2009-04-20,18.03847312927246,25.34000015258789,27.31999969482422,25.270000457763672,26.860000610351562,1882400
2009-04-21,19.57607650756836,27.5,27.610000610351562,22.75,24.600000381469727,2136700
2009-04-22,19.87506866455078,27.920000076293945,28.459999084472656,26.020000457763672,26.670000076293945,3089500
2009-04-23,20.971324920654297,29.459999084472656,29.59000015258789,27.649999618530273,28.079999923706055,2540100
2009-04-24,20.060144424438477,28.18000030517578,29.600000381469727,27.979999542236328,29.459999084472656,2415300
2009-04-27,19.618799209594727,27.559999465942383,28.3799991607666,27.43000030517578,27.700000762939453,1843600
2009-04-28,19.476428985595703,27.360000610351562,28.229999542236328,27.110000610351562,27.510000228881836,1946500
2009-04-29,19.953367233276367,28.030000686645508,28.06999969482422,27.399999618530273,27.75,2414600
2009-04-30,17.39780044555664,24.440000534057617,27.860000610351562,23.989999771118164,27.0,6063800
2009-05-01,16.66459083557129,23.40999984741211,25.100000381469727,23.219999313354492,25.100000381469727,2194900
2009-05-04,16.522220611572266,23.209999084472656,23.790000915527344,22.290000915527344,23.790000915527344,3940400
2009-05-05,17.49745750427246,24.579999923706055,25.1200008392334,23.239999771118164,23.389999389648438,2901100
2009-05-06,18.131010055541992,25.469999313354492,25.68000030517578,24.479999542236328,24.600000381469727,2012300
2009-05-07,16.977802276611328,23.850000381469727,26.389999389648438,23.739999771118164,25.81999969482422,3061200
2009-05-08,18.23778533935547,25.6200008392334,25.84000015258789,24.139999389648438,24.139999389648438,2128000
2009-05-11,16.78559684753418,23.579999923706055,25.100000381469727,23.5,23.510000228881836,2249200
2009-05-12,16.59340476989746,23.309999465942383,23.940000534057617,23.100000381469727,23.5,2094900
2009-05-13,15.76052188873291,22.139999389648438,23.030000686645508,22.010000228881836,22.440000534057617,2173100
2009-05-14,16.53645133972168,23.229999542236328,23.479999542236328,22.030000686645508,22.040000915527344,1538100
2009-05-15,16.073749542236328,22.579999923706055,23.239999771118164,22.34000015258789,23.190000534057617,1646100
2009-05-18,16.89238166809082,23.729999542236328,23.84000015258789,22.829999923706055,23.18000030517578,1413500
2009-05-19,16.735774993896484,23.510000228881836,24.219999313354492,23.239999771118164,23.700000762939453,999500
2009-05-20,16.052387237548828,22.549999237060547,24.0,22.5,23.850000381469727,1974800
2009-05-21,15.765739440917969,22.0,22.399999618530273,21.649999618530273,22.270000457763672,2627600
2009-05-22,16.15988540649414,22.549999237060547,22.969999313354492,21.899999618530273,22.049999237060547,1407500
2009-05-26,16.89084243774414,23.56999969482422,23.670000076293945,22.260000228881836,22.389999389648438,1499100
2009-05-27,16.052391052246094,22.399999618530273,23.75,22.3799991607666,23.690000534057617,1374400
2009-05-28,16.611360549926758,23.18000030517578,23.329999923706055,22.40999984741211,22.639999389648438,1450900
2009-05-29,16.933841705322266,23.6299991607666,23.6299991607666,22.809999465942383,23.18000030517578,1045100
2009-06-01,17.01266860961914,23.739999771118164,24.450000762939453,23.5,23.969999313354492,1960100
2009-06-02,17.09866714477539,23.860000610351562,24.209999084472656,23.649999618530273,23.670000076293945,1652100
2009-06-03,17.241989135742188,24.059999465942383,24.170000076293945,23.450000762939453,23.709999084472656,1978200
2009-06-04,17.52863883972168,24.459999084472656,24.75,24.0,24.149999618530273,1904900
2009-06-05,17.85112190246582,24.90999984741211,25.030000686645508,24.469999313354492,24.469999313354492,2608800
2009-06-08,17.464143753051758,24.3700008392334,24.799999237060547,24.200000762939453,24.5,1796000
2009-06-09,17.01266860961914,23.739999771118164,24.59000015258789,23.56999969482422,24.549999237060547,1719700
2009-06-10,17.98011589050293,25.09000015258789,25.110000610351562,23.950000762939453,23.950000762939453,3097500
2009-06-11,18.109102249145508,25.270000457763672,25.5,24.93000030517578,25.200000762939453,1687500
2009-06-12,17.643299102783203,24.6200008392334,25.149999618530273,24.209999084472656,25.1299991607666,945400
2009-06-15,17.105825424194336,23.8700008392334,24.649999618530273,23.850000381469727,24.40999984741211,1240000
2009-06-16,17.06283187866211,23.809999465942383,24.209999084472656,23.809999465942383,23.93000030517578,989300
2009-06-17,16.711687088012695,23.31999969482422,23.899999618530273,23.280000686645508,23.729999542236328,1115500
2009-06-18,16.75468635559082,23.3799991607666,23.639999389648438,23.190000534057617,23.280000686645508,1333000
2009-06-19,17.421144485473633,24.309999465942383,24.34000015258789,23.559999465942383,23.6200008392334,1731200
2009-06-22,16.554035186767578,23.100000381469727,24.149999618530273,23.09000015258789,23.6200008392334,1296000
2009-06-23,16.718847274780273,23.329999923706055,23.600000381469727,23.079999923706055,23.489999771118164,1013400
2009-06-24,17.026996612548828,23.760000228881836,23.84000015258789,23.209999084472656,23.510000228881836,1610900
2009-06-25,17.421144485473633,24.309999465942383,24.309999465942383,23.389999389648438,23.459999084472656,1130800
2009-06-26,17.249156951904297,24.06999969482422,24.43000030517578,24.049999237060547,24.260000228881836,1035500
2009-06-29,17.507137298583984,24.43000030517578,24.6200008392334,23.899999618530273,24.260000228881836,674200
2009-06-30,17.26348114013672,24.09000015258789,24.520000457763672,23.850000381469727,24.389999389648438,1085300
2009-07-01,17.241989135742188,24.059999465942383,24.420000076293945,23.969999313354492,24.1200008392334,1423500
2009-07-02,16.668678283691406,23.260000228881836,23.90999984741211,23.260000228881836,23.850000381469727,1142800
2009-07-06,16.432201385498047,22.93000030517578,23.200000762939453,22.780000686645508,23.149999618530273,1207200
2009-07-07,15.937726974487305,22.239999771118164,23.1299991607666,22.229999542236328,22.68000030517578,1124400
2009-07-08,15.823066711425781,22.079999923706055,22.790000915527344,21.649999618530273,22.350000381469727,1445000
2009-07-09,16.3963680267334,22.8799991607666,23.09000015258789,22.309999465942383,22.459999084472656,1314100
2009-07-10,16.045217514038086,22.389999389648438,22.709999084472656,22.079999923706055,22.520000457763672,963700
2009-07-13,16.826339721679688,23.479999542236328,23.489999771118164,22.510000228881836,22.559999465942383,1099400
2009-07-14,16.704513549804688,23.309999465942383,23.43000030517578,22.93000030517578,23.43000030517578,802600
2009-07-15,17.421144485473633,24.309999465942383,24.5,23.3700008392334,23.65999984741211,1333000
2009-07-16,17.600296020507812,24.559999465942383,24.760000228881836,23.93000030517578,24.170000076293945,782700
2009-07-17,17.65764045715332,24.639999389648438,24.700000762939453,24.260000228881836,24.549999237060547,896200
2009-07-20,17.67196273803711,24.65999984741211,24.75,24.440000534057617,24.75,826300
2009-07-21,17.77945899963379,24.809999465942383,25.0,24.6299991607666,24.850000381469727,760000
2009-07-22,17.406808853149414,24.290000915527344,24.729999542236328,24.09000015258789,24.489999771118164,1602100
2009-07-23,18.381420135498047,25.649999618530273,25.799999237060547,24.280000686645508,24.280000686645508,1921400
2009-07-24,18.797060012817383,26.229999542236328,26.290000915527344,25.510000228881836,25.56999969482422,920000
2009-07-27,19.062217712402344,26.600000381469727,26.81999969482422,26.100000381469727,26.100000381469727,1075500
2009-07-28,18.546249389648438,25.8799991607666,26.56999969482422,25.850000381469727,26.3700008392334,762800
2009-07-29,17.91562271118164,25.0,25.950000762939453,24.799999237060547,25.920000076293945,1400100
2009-07-30,18.46742057800293,25.770000457763672,27.290000915527344,24.700000762939453,25.389999389648438,4980800
2009-07-31,18.288259506225586,25.520000457763672,26.139999389648438,25.469999313354492,26.139999389648438,2319300
2009-08-03,18.632244110107422,26.0,26.170000076293945,25.65999984741211,26.040000915527344,1345200
2009-08-04,18.732566833496094,26.139999389648438,26.360000610351562,25.649999618530273,25.850000381469727,1439100
2009-08-05,18.782726287841797,26.209999084472656,26.43000030517578,25.549999237060547,26.149999618530273,1594400
2009-08-06,18.596403121948242,25.950000762939453,26.510000228881836,25.639999389648438,26.43000030517578,1045000
2009-08-07,19.578184127807617,27.31999969482422,27.489999771118164,26.040000915527344,26.15999984741211,1356200
2009-08-10,19.649843215942383,27.420000076293945,27.579999923706055,27.110000610351562,27.360000610351562,878400
2009-08-11,19.46352195739746,27.15999984741211,27.520000457763672,26.8700008392334,27.219999313354492,1124900
2009-08-12,20.08698272705078,28.030000686645508,28.239999771118164,26.979999542236328,26.979999542236328,1140800
2009-08-13,20.352140426635742,28.399999618530273,28.600000381469727,27.969999313354492,28.229999542236328,839200
2009-08-14,20.208810806274414,28.200000762939453,28.31999969482422,27.829999923706055,28.280000686645508,757200
2009-08-17,19.614009857177734,27.3700008392334,27.739999771118164,27.280000686645508,27.450000762939453,934900
2009-08-18,19.879167556762695,27.739999771118164,28.030000686645508,27.3700008392334,27.469999313354492,762500
2009-08-19,19.936485290527344,27.81999969482422,27.899999618530273,27.100000381469727,27.5,643900
2009-08-20,20.137144088745117,28.100000381469727,28.18000030517578,27.709999084472656,27.809999465942383,1433600
2009-08-21,20.954103469848633,29.239999771118164,29.329999923706055,28.510000228881836,28.510000228881836,882800
2009-08-24,21.133256912231445,29.489999771118164,29.8700008392334,29.3799991607666,29.3799991607666,843500
2009-08-25,21.312410354614258,29.739999771118164,30.040000915527344,29.540000915527344,29.6200008392334,1027500
2009-08-26,21.434242248535156,29.90999984741211,29.959999084472656,29.229999542236328,29.649999618530273,889300
2009-08-27,21.246976852416992,29.5,29.790000915527344,29.329999923706055,29.790000915527344,1189300
2009-08-28,21.46304702758789,29.799999237060547,30.06999969482422,29.450000762939453,29.670000076293945,635900
2009-08-31,21.57107925415039,29.950000762939453,29.950000762939453,29.139999389648438,29.549999237060547,971000
2009-09-01,20.3250675201416,28.219999313354492,30.020000457763672,28.139999389648438,29.700000762939453,1743900
2009-09-02,20.2530574798584,28.1200008392334,28.559999465942383,27.969999313354492,28.190000534057617,1251700
2009-09-03,20.332277297973633,28.229999542236328,28.6200008392334,28.020000457763672,28.270000457763672,1218700
2009-09-04,20.512340545654297,28.479999542236328,28.56999969482422,28.049999237060547,28.25,801300
2009-09-08,20.951683044433594,29.09000015258789,29.139999389648438,28.43000030517578,28.799999237060547,997000
2009-09-09,21.052515029907227,29.229999542236328,29.25,28.780000686645508,29.239999771118164,775600
2009-09-10,21.319005966186523,29.600000381469727,29.610000610351562,28.799999237060547,29.110000610351562,772600
2009-09-11,21.427034378051758,29.75,29.979999542236328,29.530000686645508,29.639999389648438,751100
2009-09-14,21.830373764038086,30.309999465942383,30.329999923706055,29.329999923706055,29.479999542236328,456300
2009-09-15,22.075246810913086,30.649999618530273,30.81999969482422,30.329999923706055,30.510000228881836,749700
2009-09-16,22.428159713745117,31.139999389648438,31.760000228881836,30.790000915527344,30.790000915527344,1277500
2009-09-17,22.456979751586914,31.18000030517578,31.709999084472656,30.920000076293945,31.139999389648438,952000
2009-09-18,23.04036521911621,31.989999771118164,32.08000183105469,31.079999923706055,31.18000030517578,2107900
2009-09-21,22.889122009277344,31.780000686645508,31.940000534057617,31.15999984741211,31.719999313354492,1144100
2009-09-22,22.658639907836914,31.459999084472656,32.099998474121094,31.299999237060547,32.099998474121094,795800
2009-09-23,22.190488815307617,30.809999465942383,31.770000457763672,30.799999237060547,31.549999237060547,816300
2009-09-24,22.212087631225586,30.84000015258789,31.290000915527344,30.530000686645508,31.040000915527344,1379300
2009-09-25,22.485788345336914,31.219999313354492,31.770000457763672,30.65999984741211,30.780000686645508,1421000
2009-09-28,23.141202926635742,32.130001068115234,32.220001220703125,31.170000076293945,31.290000915527344,557200
2009-09-29,23.155607223510742,32.150001525878906,32.459999084472656,31.729999542236328,32.15999984741211,858600
2009-09-30,23.09078598022461,32.060001373291016,32.4900016784668,31.510000228881836,32.25,930600
2009-10-01,22.284116744995117,30.940000534057617,32.13999938964844,30.899999618530273,31.899999618530273,762000
2009-10-02,22.219295501708984,30.850000381469727,31.31999969482422,30.049999237060547,30.459999084472656,1078900
2009-10-05,22.788280487060547,31.639999389648438,31.639999389648438,30.649999618530273,30.940000534057617,815700
2009-10-06,23.789419174194336,33.029998779296875,33.08000183105469,31.920000076293945,31.920000076293945,1454500
2009-10-07,23.796621322631836,33.040000915527344,33.349998474121094,32.790000915527344,32.9900016784668,862300
2009-10-08,23.602149963378906,32.77000045776367,33.369998931884766,32.66999816894531,33.349998474121094,1351500
2009-10-09,22.925132751464844,31.829999923706055,32.15999984741211,31.25,31.8799991607666,2441100
2009-10-12,23.004356384277344,31.940000534057617,32.4900016784668,31.670000076293945,31.899999618530273,998400
2009-10-13,22.190488815307617,30.809999465942383,31.850000381469727,30.6200008392334,31.850000381469727,2809200
2009-10-14,21.99601936340332,30.540000915527344,31.34000015258789,30.3700008392334,31.31999969482422,3219400
2009-10-15,21.938404083251953,30.459999084472656,30.559999465942383,30.25,30.389999389648438,1709100
2009-10-16,22.29132080078125,30.950000762939453,30.989999771118164,29.920000076293945,30.049999237060547,1942700
2009-10-19,22.97555160522461,31.899999618530273,32.099998474121094,31.040000915527344,31.209999084472656,1575800
2009-10-20,23.162805557250977,32.15999984741211,32.2599983215332,31.600000381469727,31.950000762939453,1682000
2009-10-21,22.572216033935547,31.34000015258789,32.599998474121094,31.25,32.13999938964844,1340200
2009-10-22,23.24202537536621,32.27000045776367,32.33000183105469,31.290000915527344,31.360000610351562,1064500
2009-10-23,22.435367584228516,31.149999618530273,32.40999984741211,31.0,32.380001068115234,1073800
2009-10-26,21.614294052124023,30.010000228881836,31.84000015258789,29.920000076293945,31.280000686645508,1552200
2009-10-27,21.66471290588379,30.079999923706055,30.829999923706055,29.969999313354492,30.06999969482422,1355300
2009-10-28,21.13174057006836,29.34000015258789,30.31999969482422,29.280000686645508,30.09000015258789,1324000
2009-10-29,22.24810791015625,30.889999389648438,31.610000610351562,29.950000762939453,30.09000015258789,3552000
2009-10-30,21.556686401367188,29.93000030517578,30.829999923706055,29.770000457763672,30.780000686645508,1638800
2009-11-02,21.376630783081055,29.68000030517578,30.399999618530273,29.229999542236328,30.149999618530273,1425600
2009-11-03,21.60709571838379,30.0,30.309999465942383,29.260000228881836,29.5,1881600
2009-11-04,21.758346557617188,30.209999084472656,30.809999465942383,30.110000610351562,30.389999389648438,1573200
2009-11-05,22.05364227294922,30.6200008392334,30.690000534057617,30.030000686645508,30.43000030517578,1237100
2009-11-06,22.204896926879883,30.829999923706055,30.8700008392334,30.100000381469727,30.260000228881836,1027600
2009-11-09,22.968338012695312,31.889999389648438,31.969999313354492,31.100000381469727,31.260000228881836,1280700
2009-11-10,22.644245147705078,31.440000534057617,31.81999969482422,31.270000457763672,31.81999969482422,876500
2009-11-11,23.09798240661621,32.06999969482422,32.09000015258789,31.520000457763672,31.6299991607666,916200
2009-11-12,22.745067596435547,31.579999923706055,32.040000915527344,31.540000915527344,31.950000762939453,942000
2009-11-13,22.435367584228516,31.149999618530273,31.739999771118164,30.899999618530273,31.700000762939453,1125600
2009-11-16,22.651439666748047,31.450000762939453,31.709999084472656,31.260000228881836,31.709999084472656,1033100
2009-11-17,22.492990493774414,31.229999542236328,31.469999313354492,30.899999618530273,31.420000076293945,631000
2009-11-18,22.53620147705078,31.290000915527344,31.40999984741211,30.860000610351562,31.25,1123800
2009-11-19,22.17608642578125,30.790000915527344,31.31999969482422,30.639999389648438,31.1200008392334,1003900
2009-11-20,22.125669479370117,30.719999313354492,30.850000381469727,30.329999923706055,30.579999923706055,683200
2009-11-23,22.500194549560547,31.239999771118164,31.469999313354492,31.010000228881836,31.049999237060547,1016700
2009-11-24,22.586620330810547,31.360000610351562,31.440000534057617,30.920000076293945,31.3700008392334,878400
2009-11-25,22.543195724487305,31.149999618530273,31.360000610351562,31.09000015258789,31.34000015258789,1077600
2009-11-27,21.89910888671875,30.260000228881836,30.65999984741211,30.15999984741211,30.489999771118164,666700
2009-11-30,22.12345314025879,30.56999969482422,30.639999389648438,30.1200008392334,30.479999542236328,1617900
2009-12-01,22.246477127075195,30.739999771118164,30.969999313354492,30.5,30.84000015258789,1033100
2009-12-02,22.32608985900879,30.850000381469727,31.030000686645508,30.719999313354492,31.030000686645508,962200
2009-12-03,21.906341552734375,30.270000457763672,31.290000915527344,30.190000534057617,31.0,1191000
2009-12-04,22.116222381591797,30.559999465942383,30.860000610351562,30.079999923706055,30.75,823800
2009-12-07,21.703699111938477,29.989999771118164,30.65999984741211,29.790000915527344,30.600000381469727,1310300
2009-12-08,21.146461486816406,29.219999313354492,29.8700008392334,29.040000915527344,29.75,2289300
2009-12-09,21.05961799621582,29.100000381469727,29.239999771118164,28.940000534057617,29.229999542236328,1743500
2009-12-10,21.25501251220703,29.3700008392334,29.479999542236328,29.0,29.18000030517578,1356100
2009-12-11,21.435937881469727,29.6200008392334,29.65999984741211,29.299999237060547,29.549999237060547,815800
2009-12-14,21.783309936523438,30.100000381469727,30.139999389648438,29.479999542236328,29.959999084472656,1005000
2009-12-15,21.537261962890625,29.760000228881836,30.15999984741211,29.559999465942383,29.850000381469727,1720600
2009-12-16,21.74713134765625,30.049999237060547,30.25,29.889999389648438,29.989999771118164,835500
2009-12-17,21.464889526367188,29.65999984741211,30.299999237060547,29.649999618530273,29.920000076293945,949000
2009-12-18,21.334619522094727,29.479999542236328,29.790000915527344,29.0,29.729999542236328,1745700
2009-12-21,21.54449462890625,29.770000457763672,30.030000686645508,29.670000076293945,29.780000686645508,652600
2009-12-22,21.298439025878906,29.43000030517578,30.010000228881836,29.3700008392334,29.790000915527344,916500
2009-12-23,21.305675506591797,29.440000534057617,29.549999237060547,29.34000015258789,29.43000030517578,589900
2009-12-24,21.421464920043945,29.600000381469727,29.709999084472656,29.450000762939453,29.540000915527344,322400
2009-12-28,21.45764923095703,29.649999618530273,29.729999542236328,29.479999542236328,29.729999542236328,761700
2009-12-29,21.486595153808594,29.690000534057617,29.860000610351562,29.549999237060547,29.760000228881836,441200
2009-12-30,21.486595153808594,29.690000534057617,29.780000686645508,29.530000686645508,29.600000381469727,440200
2009-12-31,21.334619522094727,29.479999542236328,29.90999984741211,29.479999542236328,29.770000457763672,585900
2010-01-04,21.826736450195312,30.15999984741211,30.209999084472656,29.610000610351562,29.700000762939453,1228200
2010-01-05,22.478057861328125,31.059999465942383,31.079999923706055,30.0,30.059999465942383,1377600
2010-01-06,22.412927627563477,30.969999313354492,31.059999465942383,30.610000610351562,30.920000076293945,1326900
2010-01-07,22.68793487548828,31.350000381469727,31.40999984741211,30.68000030517578,30.829999923706055,1022500
2010-01-08,22.702407836914062,31.3700008392334,31.399999618530273,31.020000457763672,31.290000915527344,592400
2010-01-11,22.861621856689453,31.59000015258789,31.81999969482422,31.290000915527344,31.5,660100
2010-01-12,22.651742935180664,31.299999237060547,31.8700008392334,31.209999084472656,31.420000076293945,770500
2010-01-13,22.861621856689453,31.59000015258789,31.799999237060547,31.209999084472656,31.450000762939453,555500
2010-01-14,22.622802734375,31.260000228881836,31.510000228881836,30.969999313354492,31.489999771118164,1025600
2010-01-15,22.09450340270996,30.530000686645508,31.18000030517578,30.3799991607666,31.1299991607666,1367300
2010-01-19,22.311609268188477,30.829999923706055,31.06999969482422,30.34000015258789,30.5,2084800
2010-01-20,21.928050994873047,30.299999237060547,30.729999542236328,29.950000762939453,30.600000381469727,1283500
2010-01-21,22.651742935180664,31.299999237060547,31.469999313354492,29.59000015258789,30.229999542236328,4078900
2010-01-22,23.035310745239258,31.829999923706055,32.650001525878906,31.1200008392334,31.31999969482422,4528300
2010-01-25,23.24517822265625,32.119998931884766,32.34000015258789,31.920000076293945,32.2400016784668,2152900
2010-01-26,22.78925323486328,31.489999771118164,32.47999954223633,31.450000762939453,31.950000762939453,1441500
2010-01-27,23.049789428710938,31.850000381469727,31.979999542236328,31.1200008392334,31.40999984741211,1240200
2010-01-28,22.85438346862793,31.579999923706055,32.08000183105469,31.479999542236328,32.08000183105469,1085200
2010-01-29,22.745830535888672,31.43000030517578,32.029998779296875,31.399999618530273,31.75,991300
2010-02-01,22.91951560974121,31.670000076293945,32.20000076293945,31.280000686645508,31.6200008392334,1995000
2010-02-02,23.237945556640625,32.11000061035156,32.119998931884766,31.559999465942383,31.65999984741211,674400
2010-02-03,22.912281036376953,31.65999984741211,32.04999923706055,31.290000915527344,31.940000534057617,1158300
2010-02-04,22.96293830871582,31.729999542236328,32.810001373291016,31.540000915527344,31.780000686645508,3295400
2010-02-05,22.376750946044922,30.920000076293945,31.6200008392334,30.18000030517578,31.530000686645508,2015500
2010-02-08,21.826736450195312,30.15999984741211,31.239999771118164,30.15999984741211,31.059999465942383,1155700
2010-02-09,21.978710174560547,30.3700008392334,30.790000915527344,30.190000534057617,30.459999084472656,1181000
2010-02-10,21.805023193359375,30.1299991607666,30.350000381469727,29.920000076293945,30.31999969482422,1844300
2010-02-11,21.537261962890625,29.760000228881836,30.1299991607666,29.540000915527344,29.850000381469727,2199700
2010-02-12,21.6096248626709,29.860000610351562,29.8700008392334,29.079999923706055,29.5,1782000
2010-02-16,22.297142028808594,30.809999465942383,30.81999969482422,30.049999237060547,30.280000686645508,1079000
2010-02-17,22.224769592285156,30.709999084472656,31.06999969482422,30.59000015258789,30.8799991607666,1281500
2010-02-18,22.290220260620117,30.649999618530273,30.90999984741211,30.469999313354492,30.549999237060547,1496100
2010-02-19,22.479305267333984,30.90999984741211,31.139999389648438,30.43000030517578,30.700000762939453,1596300
2010-02-22,22.406585693359375,30.809999465942383,31.110000610351562,30.639999389648438,30.940000534057617,1438500
2010-02-23,22.130226135253906,30.43000030517578,30.889999389648438,30.010000228881836,30.760000228881836,2293700
2010-02-24,22.508399963378906,30.950000762939453,30.969999313354492,30.469999313354492,30.540000915527344,1001300
2010-02-25,22.224773406982422,30.559999465942383,30.700000762939453,30.329999923706055,30.6299991607666,2325600
2010-02-26,22.195674896240234,30.520000457763672,30.649999618530273,30.149999618530273,30.600000381469727,1249000
2010-03-01,22.290220260620117,30.649999618530273,30.850000381469727,30.360000610351562,30.520000457763672,1434400
2010-03-02,22.348398208618164,30.729999542236328,30.8700008392334,30.489999771118164,30.739999771118164,1048000
2010-03-03,22.377490997314453,30.770000457763672,30.989999771118164,30.68000030517578,30.799999237060547,900500
2010-03-04,22.52294158935547,30.969999313354492,31.239999771118164,30.760000228881836,30.8700008392334,1982600
2010-03-05,23.039283752441406,31.68000030517578,31.690000534057617,31.100000381469727,31.1200008392334,1361900
2010-03-08,23.43199920654297,32.220001220703125,32.2400016784668,31.639999389648438,31.649999618530273,1491300
2010-03-09,23.5192813873291,32.34000015258789,32.41999816894531,32.04999923706055,32.04999923706055,1309000
2010-03-10,23.71563720703125,32.61000061035156,32.689998626708984,32.290000915527344,32.41999816894531,1632100
2010-03-11,23.984710693359375,32.97999954223633,33.02000045776367,32.29999923706055,32.5,1286400
2010-03-12,23.926536560058594,32.900001525878906,33.27000045776367,32.7400016784668,33.08000183105469,1094300
2010-03-15,23.722904205322266,32.619998931884766,33.0,32.4900016784668,32.81999969482422,1701100
2010-03-16,24.101083755493164,33.13999938964844,33.209999084472656,32.68000030517578,32.720001220703125,1287300
2010-03-17,24.36288070678711,33.5,33.7599983215332,33.150001525878906,33.2400016784668,828800
2010-03-18,24.217432022094727,33.29999923706055,33.45000076293945,33.060001373291016,33.400001525878906,1046800
2010-03-19,24.144710540771484,33.20000076293945,33.529998779296875,33.029998779296875,33.20000076293945,1240000
2010-03-22,24.253795623779297,33.349998474121094,33.349998474121094,32.810001373291016,33.0,911900
2010-03-23,24.122894287109375,33.16999816894531,33.47999954223633,32.91999816894531,33.290000915527344,1029200
2010-03-24,24.34834098815918,33.47999954223633,33.540000915527344,33.0099983215332,33.119998931884766,878400
2010-03-25,24.48651885986328,33.66999816894531,34.13999938964844,33.4900016784668,33.560001373291016,1433700
2010-03-26,24.704696655273438,33.970001220703125,34.150001525878906,33.63999938964844,33.790000915527344,1416900
2010-03-29,24.995594024658203,34.369998931884766,34.40999984741211,33.9900016784668,34.02000045776367,902000
2010-03-30,24.973772048950195,34.34000015258789,34.599998474121094,34.209999084472656,34.439998626708984,877600
2010-03-31,25.002866744995117,34.380001068115234,34.459999084472656,34.06999969482422,34.31999969482422,1091900
2010-04-01,25.373764038085938,34.88999938964844,35.0099983215332,34.45000076293945,34.599998474121094,991000
2010-04-05,25.91191864013672,35.630001068115234,35.630001068115234,34.869998931884766,34.869998931884766,1001600
2010-04-06,25.795568466186523,35.470001220703125,35.65999984741211,35.15999984741211,35.40999984741211,912200
2010-04-07,25.381040573120117,34.900001525878906,35.54999923706055,34.7400016784668,35.47999954223633,1012000
2010-04-08,25.279220581054688,34.7599983215332,34.86000061035156,34.540000915527344,34.86000061035156,1298900
2010-04-09,25.1846866607666,34.630001068115234,34.779998779296875,34.380001068115234,34.779998779296875,967500
2010-04-12,25.424667358398438,34.959999084472656,34.97999954223633,34.59000015258789,34.720001220703125,770100
2010-04-13,25.468305587768555,35.02000045776367,35.189998626708984,34.70000076293945,35.0,744500
2010-04-14,26.028297424316406,35.790000915527344,35.790000915527344,35.040000915527344,35.09000015258789,744800
2010-04-15,25.955568313598633,35.689998626708984,35.84000015258789,35.380001068115234,35.619998931884766,617000
2010-04-16,25.046499252319336,34.439998626708984,35.61000061035156,34.34000015258789,35.5,1445100
2010-04-19,25.373764038085938,34.88999938964844,34.959999084472656,34.15999984741211,34.25,1178400
2010-04-20,25.453754425048828,35.0,35.31999969482422,34.83000183105469,35.09000015258789,834100
2010-04-21,25.410125732421875,34.939998626708984,35.06999969482422,34.61000061035156,35.0,1246400
2010-04-22,25.395587921142578,34.91999816894531,34.970001220703125,34.45000076293945,34.65999984741211,938000
2010-04-23,25.373764038085938,34.88999938964844,35.0,34.72999954223633,34.90999984741211,1349500
2010-04-26,25.410125732421875,34.939998626708984,35.119998931884766,34.7599983215332,34.810001373291016,1824200
2010-04-27,24.573793411254883,33.790000915527344,34.93000030517578,33.70000076293945,34.70000076293945,1314100
2010-04-28,24.501070022583008,33.689998626708984,34.459999084472656,33.470001220703125,34.04999923706055,1939400
2010-04-29,26.442821502685547,36.36000061035156,36.5,34.18000030517578,35.45000076293945,2707300
2010-04-30,26.49372100830078,36.43000030517578,37.06999969482422,36.11000061035156,36.29999923706055,1765200
2010-05-03,26.59554100036621,36.56999969482422,37.02000045776367,36.459999084472656,36.709999084472656,1532300
2010-05-04,25.890111923217773,35.599998474121094,36.27000045776367,35.310001373291016,36.209999084472656,1164500
2010-05-05,26.508275985717773,36.45000076293945,37.040000915527344,35.119998931884766,35.20000076293945,2343100
2010-05-06,25.65012550354004,35.27000045776367,36.939998626708984,33.25,36.22999954223633,2939400
2010-05-07,25.199220657348633,34.650001525878906,35.75,34.13999938964844,35.119998931884766,2696700
2010-05-10,26.5737247467041,36.540000915527344,37.099998474121094,36.0,36.15999984741211,1823000
2010-05-11,26.37009620666504,36.2599983215332,36.900001525878906,35.84000015258789,36.029998779296875,1183900
2010-05-12,27.03915786743164,37.18000030517578,37.220001220703125,36.369998931884766,36.459999084472656,1224800
2010-05-13,26.922805786132812,37.02000045776367,37.54999923706055,36.869998931884766,37.150001525878906,1405000
2010-05-14,26.086467742919922,35.869998931884766,36.810001373291016,35.52000045776367,36.68000030517578,2186900
2010-05-17,26.355554580688477,36.2400016784668,36.38999938964844,35.279998779296875,35.970001220703125,1461900
2010-05-18,25.6646671295166,35.290000915527344,36.20000076293945,35.04999923706055,35.40999984741211,2072000
2010-05-19,25.759206771850586,35.41999816894531,35.65999984741211,34.619998931884766,35.13999938964844,1689000
2010-05-20,24.71451759338379,33.83000183105469,35.09000015258789,33.79999923706055,34.4900016784668,2756500
2010-05-21,25.057876586914062,34.29999923706055,34.41999816894531,33.119998931884766,33.349998474121094,2691900
2010-05-24,24.502662658691406,33.540000915527344,34.189998626708984,33.52000045776367,34.040000915527344,1711100
2010-05-25,25.1090145111084,34.369998931884766,34.459999084472656,32.470001220703125,32.68000030517578,2278100
2010-05-26,24.977516174316406,34.189998626708984,34.869998931884766,34.09000015258789,34.52000045776367,2503600
2010-05-27,25.788414001464844,35.29999923706055,35.349998474121094,34.72999954223633,34.72999954223633,1951200
2010-05-28,25.350095748901367,34.70000076293945,35.20000076293945,34.5,35.20000076293945,2387400
2010-06-01,25.291650772094727,34.619998931884766,35.189998626708984,34.040000915527344,34.130001068115234,2023000
2010-06-02,26.095251083374023,35.720001220703125,35.720001220703125,34.59000015258789,34.869998931884766,1538500
2010-06-03,26.139101028442383,35.779998779296875,36.220001220703125,35.459999084472656,35.72999954223633,1416400
2010-06-04,25.065189361572266,34.310001373291016,35.2400016784668,34.20000076293945,35.099998474121094,1649300
2010-06-07,24.670684814453125,33.77000045776367,34.540000915527344,33.7400016784668,34.459999084472656,1425200
2010-06-08,24.926366806030273,34.119998931884766,34.189998626708984,33.150001525878906,33.84000015258789,1918100
2010-06-09,24.838708877563477,34.0,34.709999084472656,33.90999984741211,34.400001525878906,2608800
2010-06-10,25.81765365600586,35.34000015258789,35.349998474121094,34.4900016784668,34.4900016784668,1707800
2010-06-11,26.19023895263672,35.849998474121094,35.91999816894531,34.88999938964844,34.97999954223633,1412000
2010-06-14,26.1171817779541,35.75,36.47999954223633,35.54999923706055,36.11000061035156,1407300
2010-06-15,26.964611053466797,36.90999984741211,36.959999084472656,35.939998626708984,36.150001525878906,1104900
2010-06-16,26.935386657714844,36.869998931884766,37.349998474121094,36.5099983215332,36.720001220703125,1986500
2010-06-17,27.20569610595703,37.2400016784668,37.310001373291016,36.79999923706055,37.119998931884766,1563000
2010-06-18,27.066896438598633,37.04999923706055,37.4900016784668,36.900001525878906,37.380001068115234,2316100
2010-06-21,27.03037452697754,37.0,38.0099983215332,36.869998931884766,37.5,1605000
2010-06-22,26.796586990356445,36.68000030517578,37.41999816894531,36.599998474121094,37.09000015258789,1640700
2010-06-23,26.606639862060547,36.41999816894531,36.77000045776367,36.2599983215332,36.689998626708984,1203700
2010-06-24,26.255983352661133,35.939998626708984,36.20000076293945,35.65999984741211,36.189998626708984,1586700
2010-06-25,26.329036712646484,36.040000915527344,36.400001525878906,35.709999084472656,36.2599983215332,2469200
2010-06-28,26.738147735595703,36.599998474121094,36.75,36.09000015258789,36.209999084472656,2018600
2010-06-29,25.488906860351562,34.88999938964844,36.04999923706055,34.689998626708984,35.9900016784668,1971700
2010-06-30,25.350095748901367,34.70000076293945,35.369998931884766,34.20000076293945,34.20000076293945,1974000
2010-07-01,25.211294174194336,34.5099983215332,34.91999816894531,33.95000076293945,34.75,1716200
2010-07-02,24.977516174316406,34.189998626708984,34.790000915527344,34.02000045776367,34.68000030517578,1055500
2010-07-06,25.123624801635742,34.38999938964844,35.02000045776367,34.04999923706055,34.619998931884766,1296200
2010-07-07,26.161006927490234,35.810001373291016,35.84000015258789,34.40999984741211,34.5099983215332,1491600
2010-07-08,26.19023895263672,35.849998474121094,36.119998931884766,35.290000915527344,36.060001373291016,1312000
2010-07-09,26.212156295776367,35.880001068115234,35.970001220703125,35.529998779296875,35.720001220703125,1532500
2010-07-12,25.74458885192871,35.2400016784668,35.79999923706055,35.15999984741211,35.72999954223633,1526700
2010-07-13,26.64316749572754,36.470001220703125,36.61000061035156,35.540000915527344,35.650001525878906,1424000
2010-07-14,26.833112716674805,36.72999954223633,36.75,35.880001068115234,36.220001220703125,1473900
2010-07-15,27.00113868713379,36.959999084472656,37.06999969482422,36.06999969482422,36.709999084472656,1546000
2010-07-16,26.723543167114258,36.58000183105469,37.40999984741211,36.2400016784668,36.9900016784668,3148500
2010-07-19,26.84772300720215,36.75,36.970001220703125,36.130001068115234,36.66999816894531,1083200
2010-07-20,27.40294075012207,37.5099983215332,37.5099983215332,36.04999923706055,36.060001373291016,1870700
2010-07-21,26.57741928100586,36.380001068115234,37.97999954223633,36.34000015258789,37.70000076293945,1558900
2010-07-22,26.97922706604004,36.93000030517578,37.310001373291016,36.75,36.81999969482422,1737300
2010-07-23,26.89156150817871,36.810001373291016,36.970001220703125,36.4900016784668,36.77000045776367,2807200
2010-07-26,27.037673950195312,37.0099983215332,37.11000061035156,36.63999938964844,36.810001373291016,2113100
2010-07-27,26.745452880859375,36.61000061035156,37.41999816894531,36.540000915527344,37.400001525878906,1616700
2010-07-28,26.650466918945312,36.47999954223633,36.9900016784668,36.40999984741211,36.59000015258789,1547600
2010-07-29,27.161853790283203,37.18000030517578,37.720001220703125,36.79999923706055,36.79999923706055,2160500
2010-07-30,27.242225646972656,37.290000915527344,37.54999923706055,36.720001220703125,36.79999923706055,1514900
2010-08-02,27.943567276000977,38.25,38.27000045776367,37.560001373291016,37.7599983215332,1170700
2010-08-03,27.70977783203125,37.93000030517578,38.189998626708984,37.56999969482422,38.099998474121094,1267500
2010-08-04,27.161853790283203,37.18000030517578,38.04999923706055,36.81999969482422,38.04999923706055,2084000
2010-08-05,27.475997924804688,37.61000061035156,37.689998626708984,36.779998779296875,37.08000183105469,1271200
2010-08-06,27.475997924804688,37.61000061035156,37.70000076293945,37.11000061035156,37.209999084472656,1612100
2010-08-09,27.702457427978516,37.91999816894531,37.959999084472656,37.619998931884766,37.83000183105469,1033400
2010-08-10,27.84856605529785,38.119998931884766,38.349998474121094,37.41999816894531,37.58000183105469,1826200
2010-08-11,27.03037452697754,37.0,37.65999984741211,36.970001220703125,37.619998931884766,1449500
2010-08-12,26.9207820892334,36.849998474121094,37.02000045776367,36.41999816894531,36.58000183105469,999200
2010-08-13,27.037673950195312,37.0099983215332,37.470001220703125,36.7400016784668,36.779998779296875,1016900
2010-08-16,26.774673461914062,36.650001525878906,36.779998779296875,36.29999923706055,36.720001220703125,929200
2010-08-17,27.35910987854004,37.45000076293945,37.459999084472656,36.91999816894531,37.02000045776367,973300
2010-08-18,27.41754913330078,37.529998779296875,37.689998626708984,37.209999084472656,37.43000030517578,1170100
2010-08-19,26.825807571411133,36.720001220703125,37.40999984741211,36.65999984741211,37.349998474121094,943700
2010-08-20,26.562814712524414,36.36000061035156,36.54999923706055,35.11000061035156,36.349998474121094,1256500
2010-08-23,26.438613891601562,36.189998626708984,36.7400016784668,36.16999816894531,36.4900016784668,1257600
2010-08-24,26.073345184326172,35.689998626708984,36.029998779296875,35.45000076293945,35.75,1082000
2010-08-25,26.24136734008789,35.91999816894531,36.029998779296875,35.20000076293945,35.470001220703125,765000
2010-08-26,26.285396575927734,35.81999969482422,36.34000015258789,35.68000030517578,35.77000045776367,1291200
2010-08-27,27.041227340698242,36.849998474121094,36.849998474121094,35.68000030517578,36.099998474121094,895800
2010-08-30,26.42482566833496,36.0099983215332,36.88999938964844,35.9900016784668,36.65999984741211,669000
2010-08-31,26.828420639038086,36.560001373291016,36.619998931884766,35.5099983215332,35.66999816894531,1280400
2010-09-01,27.5622501373291,37.560001373291016,37.599998474121094,36.77000045776367,36.97999954223633,1345900
2010-09-02,27.606279373168945,37.619998931884766,37.810001373291016,37.130001068115234,37.77000045776367,1019300
2010-09-03,28.413475036621094,38.720001220703125,38.720001220703125,37.7599983215332,38.0,995300
2010-09-07,28.127283096313477,38.33000183105469,38.599998474121094,38.189998626708984,38.38999938964844,1291700
2010-09-08,28.56024169921875,38.91999816894531,39.0,38.29999923706055,38.45000076293945,1172800
2010-09-09,28.589584350585938,38.959999084472656,39.470001220703125,38.54999923706055,39.43000030517578,729000
2010-09-10,28.773048400878906,39.209999084472656,39.290000915527344,38.72999954223633,38.900001525878906,712000
2010-09-13,29.08125877380371,39.630001068115234,39.79999923706055,39.36000061035156,39.63999938964844,812900
2010-09-14,29.161970138549805,39.7400016784668,39.900001525878906,39.29999923706055,39.5,901800
2010-09-15,29.492197036743164,40.189998626708984,40.31999969482422,39.38999938964844,39.45000076293945,1073200
2010-09-16,29.29405403137207,39.91999816894531,40.0099983215332,39.709999084472656,39.93000030517578,901200
2010-09-17,29.352750778198242,40.0,40.369998931884766,39.77000045776367,40.060001373291016,1634000
2010-09-20,29.79305648803711,40.599998474121094,40.66999816894531,40.02000045776367,40.119998931884766,1087300
2010-09-21,29.587575912475586,40.31999969482422,40.779998779296875,40.189998626708984,40.599998474121094,790600
2010-09-22,29.316070556640625,39.95000076293945,40.380001068115234,39.95000076293945,40.11000061035156,1176300
2010-09-23,28.868452072143555,39.34000015258789,40.0,39.310001373291016,39.59000015258789,811600
2010-09-24,29.6242733001709,40.369998931884766,40.369998931884766,39.7400016784668,39.7400016784668,778200
2010-09-27,29.638944625854492,40.38999938964844,40.84000015258789,40.25,40.29999923706055,932800
2010-09-28,29.76369857788086,40.560001373291016,40.68000030517578,39.75,40.43000030517578,1473900
2010-09-29,29.6242733001709,40.369998931884766,40.619998931884766,39.970001220703125,40.34000015258789,1085600
2010-09-30,29.86644744873047,40.70000076293945,41.2400016784668,40.619998931884766,40.650001525878906,1219300
2010-10-01,29.80038833618164,40.61000061035156,41.18000030517578,40.400001525878906,41.130001068115234,1196600
2010-10-04,29.653623580932617,40.40999984741211,40.790000915527344,40.33000183105469,40.5,1392000
2010-10-05,30.350757598876953,41.36000061035156,41.45000076293945,40.310001373291016,40.83000183105469,1161500
2010-10-06,30.350757598876953,41.36000061035156,41.689998626708984,41.15999984741211,41.40999984741211,1380700
2010-10-07,30.123273849487305,41.04999923706055,41.68000030517578,41.02000045776367,41.54999923706055,1387700
2010-10-08,30.005863189697266,40.88999938964844,41.099998474121094,40.310001373291016,40.34000015258789,1229200
2010-10-11,29.660961151123047,40.41999816894531,40.86000061035156,40.15999984741211,40.83000183105469,1157200
2010-10-12,29.859094619750977,40.689998626708984,40.7599983215332,40.119998931884766,40.380001068115234,861000
2010-10-13,30.211332321166992,41.16999816894531,41.540000915527344,40.779998779296875,40.880001068115234,664900
2010-10-14,29.998525619506836,40.880001068115234,41.869998931884766,40.66999816894531,41.119998931884766,1000200
2010-10-15,30.049890518188477,40.95000076293945,41.290000915527344,40.540000915527344,41.119998931884766,1011000
2010-10-18,30.5855770111084,41.68000030517578,41.70000076293945,40.849998474121094,40.849998474121094,802000
2010-10-19,30.159955978393555,41.099998474121094,41.7599983215332,40.91999816894531,41.15999984741211,1040400
2010-10-20,30.314064025878906,41.310001373291016,41.52000045776367,40.880001068115234,41.15999984741211,768500
2010-10-21,30.387435913085938,41.40999984741211,41.86000061035156,41.13999938964844,41.4900016784668,570900
2010-10-22,30.35809326171875,41.369998931884766,41.54999923706055,41.13999938964844,41.41999816894531,343600
2010-10-25,30.262697219848633,41.2400016784668,41.869998931884766,41.189998626708984,41.720001220703125,711100
2010-10-26,30.497522354125977,41.560001373291016,41.63999938964844,41.06999969482422,41.099998474121094,784900
2010-10-27,30.306716918945312,41.29999923706055,41.40999984741211,40.38999938964844,41.119998931884766,827500
2010-10-28,29.286701202392578,39.90999984741211,41.869998931884766,39.720001220703125,41.869998931884766,1385200
2010-10-29,29.015209197998047,39.540000915527344,40.13999938964844,39.459999084472656,39.68000030517578,1283100
2010-11-01,29.272035598754883,39.88999938964844,40.52000045776367,39.619998931884766,39.66999816894531,1103800
2010-11-02,29.374788284301758,40.029998779296875,40.470001220703125,40.0,40.2599983215332,717600
2010-11-03,29.022544860839844,39.54999923706055,40.380001068115234,39.11000061035156,40.029998779296875,1630500
2010-11-04,29.9398193359375,40.79999923706055,40.880001068115234,39.869998931884766,39.939998626708984,1005500
2010-11-05,30.37276840209961,41.38999938964844,41.54999923706055,40.70000076293945,40.77000045776367,704400
2010-11-08,30.24802017211914,41.220001220703125,41.34000015258789,40.880001068115234,41.22999954223633,570400
2010-11-09,29.45550537109375,40.13999938964844,41.209999084472656,40.04999923706055,41.209999084472656,908500
2010-11-10,26.167972564697266,35.65999984741211,39.970001220703125,33.43000030517578,39.959999084472656,11583500
2010-11-11,26.087263107299805,35.54999923706055,35.7400016784668,34.45000076293945,35.689998626708984,3287700
2010-11-12,25.683664321899414,35.0,35.52000045776367,34.95000076293945,35.349998474121094,1533300
2010-11-15,25.668983459472656,34.97999954223633,35.599998474121094,34.95000076293945,35.119998931884766,1203700
2010-11-16,25.404808044433594,34.619998931884766,35.11000061035156,34.470001220703125,34.779998779296875,1910100
2010-11-17,25.698339462280273,35.02000045776367,35.029998779296875,34.380001068115234,34.7400016784668,2911900
2010-11-18,25.969852447509766,35.38999938964844,35.91999816894531,35.22999954223633,35.22999954223633,1692700
2010-11-19,25.683664321899414,35.0,35.27000045776367,34.84000015258789,35.25,1338300
2010-11-22,25.72035789489746,35.04999923706055,35.16999816894531,34.58000183105469,34.849998474121094,1116900
2010-11-23,25.551572799682617,34.81999969482422,35.11000061035156,34.529998779296875,34.779998779296875,880700
2010-11-24,26.075002670288086,35.369998931884766,35.470001220703125,34.970001220703125,35.119998931884766,1261600
2010-11-26,25.90543556213379,35.13999938964844,35.47999954223633,35.029998779296875,35.150001525878906,504700
2010-11-29,26.030765533447266,35.310001373291016,35.45000076293945,34.7599983215332,34.849998474121094,1137900
2010-11-30,26.00127410888672,35.27000045776367,35.439998626708984,34.88999938964844,34.95000076293945,1848100
2010-12-01,26.517316818237305,35.970001220703125,36.130001068115234,35.61000061035156,35.81999969482422,2009700
2010-12-02,26.959640502929688,36.56999969482422,36.61000061035156,35.959999084472656,36.029998779296875,959500
2010-12-03,27.040735244750977,36.68000030517578,36.79999923706055,36.11000061035156,36.45000076293945,986600
2010-12-06,27.269262313842773,36.9900016784668,37.13999938964844,36.310001373291016,36.650001525878906,1420200
2010-12-07,27.41670799255371,37.189998626708984,37.599998474121094,37.06999969482422,37.27000045776367,1098300
2010-12-08,27.785316467285156,37.689998626708984,37.91999816894531,37.16999816894531,37.16999816894531,1524200
2010-12-09,28.013837814331055,38.0,38.220001220703125,37.81999969482422,37.900001525878906,1498700
2010-12-10,27.99909019470215,37.97999954223633,38.040000915527344,37.810001373291016,38.029998779296875,835600
2010-12-13,28.411941528320312,38.540000915527344,39.08000183105469,37.88999938964844,38.18000030517578,1505400
2010-12-14,28.249759674072266,38.31999969482422,38.88999938964844,38.220001220703125,38.52000045776367,880600
2010-12-15,27.645235061645508,37.5,38.31999969482422,37.36000061035156,38.130001068115234,1651400
2010-12-16,27.608383178710938,37.45000076293945,38.0099983215332,37.34000015258789,37.599998474121094,987500
2010-12-17,27.424081802368164,37.20000076293945,37.41999816894531,36.93000030517578,37.41999816894531,1251800
2010-12-20,27.44619369506836,37.22999954223633,37.380001068115234,37.04999923706055,37.060001373291016,1455100
2010-12-21,28.102310180664062,38.119998931884766,38.209999084472656,37.25,37.349998474121094,1328700
2010-12-22,28.382461547851562,38.5,38.779998779296875,38.04999923706055,38.04999923706055,855200
2010-12-23,28.161283493041992,38.20000076293945,38.810001373291016,38.150001525878906,38.380001068115234,731000
2010-12-27,28.19814682006836,38.25,38.40999984741211,37.959999084472656,37.959999084472656,914700
2010-12-28,28.26449203491211,38.34000015258789,38.5,38.22999954223633,38.369998931884766,573900
2010-12-29,28.22763442993164,38.290000915527344,38.560001373291016,38.27000045776367,38.459999084472656,551200
2010-12-30,28.190773010253906,38.2400016784668,38.56999969482422,38.18000030517578,38.209999084472656,566600
2010-12-31,28.397197723388672,38.52000045776367,38.869998931884766,38.18000030517578,38.18000030517578,746900
2011-01-03,28.485668182373047,38.63999938964844,38.849998474121094,38.47999954223633,38.83000183105469,1124300
2011-01-04,28.220258712768555,38.279998779296875,38.84000015258789,38.130001068115234,38.65999984741211,1083900
2011-01-05,28.330839157104492,38.43000030517578,38.52000045776367,38.119998931884766,38.150001525878906,1183700
2011-01-06,28.448808670043945,38.59000015258789,38.81999969482422,38.5,38.52000045776367,825100
2011-01-07,28.124422073364258,38.150001525878906,38.939998626708984,37.900001525878906,38.70000076293945,1090300
2011-01-10,28.190773010253906,38.2400016784668,38.27000045776367,37.540000915527344,38.060001373291016,778400
2011-01-11,28.22763442993164,38.290000915527344,38.66999816894531,38.18000030517578,38.34000015258789,937100
2011-01-12,28.60361671447754,38.79999923706055,38.93000030517578,38.459999084472656,38.459999084472656,828500
2011-01-13,28.38982391357422,38.5099983215332,38.93000030517578,38.349998474121094,38.81999969482422,550800
2011-01-14,28.979585647583008,39.310001373291016,39.36000061035156,38.4900016784668,38.5099983215332,1027200
2011-01-18,28.36770248413086,38.47999954223633,39.869998931884766,38.470001220703125,39.4900016784668,1548400
2011-01-19,28.51514434814453,38.68000030517578,39.18000030517578,38.40999984741211,38.529998779296875,1302800
2011-01-20,28.37508773803711,38.4900016784668,38.900001525878906,38.25,38.599998474121094,1102800
2011-01-21,28.55937385559082,38.7400016784668,38.849998474121094,38.349998474121094,38.689998626708984,740900
2011-01-24,28.28661346435547,38.369998931884766,38.77000045776367,38.279998779296875,38.33000183105469,897700
2011-01-25,28.61835479736328,38.81999969482422,38.83000183105469,38.22999954223633,38.22999954223633,979000
2011-01-26,29.03118133544922,39.380001068115234,39.58000183105469,38.90999984741211,38.939998626708984,1266800
2011-01-27,29.39243507385254,39.869998931884766,40.33000183105469,39.279998779296875,39.34000015258789,950200
2011-01-28,28.73631477355957,38.97999954223633,40.029998779296875,38.939998626708984,39.810001373291016,890300
2011-01-31,28.920621871948242,39.22999954223633,39.45000076293945,39.029998779296875,39.18000030517578,695800
2011-02-01,29.370304107666016,39.84000015258789,39.959999084472656,39.290000915527344,39.38999938964844,977000
2011-02-02,28.82477378845215,39.099998474121094,39.9900016784668,39.029998779296875,39.599998474121094,977500
2011-02-03,28.817405700683594,39.09000015258789,40.47999954223633,38.93000030517578,39.380001068115234,1698400
2011-02-04,29.090166091918945,39.459999084472656,39.52000045776367,38.619998931884766,39.16999816894531,662200
2011-02-07,29.237607955932617,39.65999984741211,39.83000183105469,39.27000045776367,39.5099983215332,585100
2011-02-08,29.267093658447266,39.70000076293945,39.810001373291016,39.400001525878906,39.709999084472656,870700
2011-02-09,29.495643615722656,40.0099983215332,40.16999816894531,39.529998779296875,39.59000015258789,790100
2011-02-10,29.119653701782227,39.5,39.900001525878906,39.400001525878906,39.88999938964844,697400
2011-02-11,29.488258361816406,40.0,40.02000045776367,39.369998931884766,39.369998931884766,831400
2011-02-14,29.281843185424805,39.720001220703125,39.88999938964844,39.36000061035156,39.79999923706055,509500
2011-02-15,29.731534957885742,40.33000183105469,40.66999816894531,39.47999954223633,39.560001373291016,729000
2011-02-16,29.86424446105957,40.5099983215332,40.849998474121094,40.2599983215332,40.369998931884766,870700
2011-02-17,30.402400970458984,41.2400016784668,41.310001373291016,40.380001068115234,40.380001068115234,634700
2011-02-18,30.748891830444336,41.709999084472656,41.900001525878906,41.43000030517578,41.61000061035156,759300
2011-02-22,30.129634857177734,40.869998931884766,41.560001373291016,40.65999984741211,41.36000061035156,1174100
2011-02-23,29.78314208984375,40.400001525878906,41.060001373291016,40.150001525878906,40.779998779296875,1408800
2011-02-24,29.38346290588379,39.70000076293945,40.77000045776367,39.34000015258789,40.310001373291016,960700
2011-02-25,30.07920265197754,40.63999938964844,40.65999984741211,39.790000915527344,39.810001373291016,712600
2011-02-28,30.071796417236328,40.630001068115234,40.93000030517578,40.47999954223633,40.689998626708984,651600
2011-03-01,29.501895904541016,39.86000061035156,40.9900016784668,39.849998474121094,40.72999954223633,538400
2011-03-02,29.19842529296875,39.45000076293945,40.2400016784668,39.38999938964844,39.880001068115234,843400
2011-03-03,29.64251136779785,40.04999923706055,40.18000030517578,39.61000061035156,39.869998931884766,1289300
2011-03-04,28.93198585510254,39.09000015258789,40.279998779296875,39.060001373291016,39.970001220703125,1310900
2011-03-07,28.90237808227539,39.04999923706055,39.560001373291016,38.88999938964844,39.279998779296875,1303700
2011-03-08,28.52490997314453,38.540000915527344,39.29999923706055,37.58000183105469,39.099998474121094,3188900
2011-03-09,28.51751708984375,38.529998779296875,38.59000015258789,37.95000076293945,38.5,2506300
2011-03-10,28.25105857849121,38.16999816894531,39.040000915527344,38.11000061035156,38.189998626708984,1708100
2011-03-11,28.258459091186523,38.18000030517578,38.349998474121094,37.369998931884766,37.81999969482422,852000
2011-03-14,28.125226974487305,38.0,38.439998626708984,37.59000015258789,37.900001525878906,734000
2011-03-15,28.29546356201172,38.22999954223633,38.47999954223633,36.81999969482422,37.2599983215332,1417500
2011-03-16,27.99941062927246,37.83000183105469,38.439998626708984,37.630001068115234,38.11000061035156,1508500
2011-03-17,28.421276092529297,38.400001525878906,38.58000183105469,38.08000183105469,38.29999923706055,863000
2011-03-18,28.909778594970703,39.060001373291016,39.400001525878906,38.7599983215332,38.849998474121094,1603100
2011-03-21,29.664718627929688,40.08000183105469,40.09000015258789,39.43000030517578,39.43000030517578,1227200
2011-03-22,29.213241577148438,39.470001220703125,40.130001068115234,39.470001220703125,40.09000015258789,764100
2011-03-23,28.894968032836914,39.040000915527344,39.43000030517578,38.68000030517578,39.31999969482422,950300
2011-03-24,29.18362808227539,39.43000030517578,39.43000030517578,39.02000045776367,39.18000030517578,661900
2011-03-25,29.205833435058594,39.459999084472656,39.86000061035156,39.36000061035156,39.459999084472656,570700
2011-03-28,29.139225006103516,39.369998931884766,39.90999984741211,39.36000061035156,39.56999969482422,1016800
2011-03-29,28.48049545288086,38.47999954223633,39.380001068115234,38.43000030517578,39.290000915527344,1267000
2011-03-30,28.880170822143555,39.02000045776367,39.099998474121094,38.45000076293945,38.59000015258789,966100
2011-03-31,28.502700805664062,38.5099983215332,38.970001220703125,38.439998626708984,38.81999969482422,1422200
2011-04-01,28.35467529296875,38.310001373291016,38.900001525878906,38.25,38.75,1578600
2011-04-04,28.376874923706055,38.34000015258789,38.70000076293945,38.22999954223633,38.5,1306600
2011-04-05,28.31026840209961,38.25,38.540000915527344,37.849998474121094,38.25,1085500
2011-04-06,28.857986450195312,38.9900016784668,39.0099983215332,38.150001525878906,38.38999938964844,1055200
2011-04-07,28.539714813232422,38.560001373291016,39.040000915527344,38.2599983215332,38.869998931884766,1101500
2011-04-08,28.11041831970215,37.97999954223633,38.93000030517578,37.79999923706055,38.65999984741211,1320000
2011-04-11,28.16964340209961,38.060001373291016,38.560001373291016,37.849998474121094,37.97999954223633,534100
2011-04-12,27.925386428833008,37.72999954223633,38.130001068115234,37.4900016784668,37.880001068115234,762800
2011-04-13,27.918004989624023,37.720001220703125,38.099998474121094,37.4900016784668,37.900001525878906,816800
2011-04-14,27.9624080657959,37.779998779296875,37.83000183105469,37.279998779296875,37.599998474121094,818700
2011-04-15,28.058605194091797,37.90999984741211,38.029998779296875,37.599998474121094,38.0,689600
2011-04-18,27.629343032836914,37.33000183105469,37.540000915527344,37.029998779296875,37.540000915527344,641700
2011-04-19,27.451705932617188,37.09000015258789,37.400001525878906,36.880001068115234,37.33000183105469,892000
2011-04-20,27.86619758605957,37.650001525878906,37.90999984741211,37.369998931884766,37.47999954223633,1087500
2011-04-21,28.206642150878906,38.11000061035156,38.150001525878906,37.619998931884766,37.880001068115234,514800
2011-04-25,28.15484619140625,38.040000915527344,38.52000045776367,37.88999938964844,38.0099983215332,906900
2011-04-26,28.465696334838867,38.459999084472656,38.54999923706055,38.08000183105469,38.189998626708984,960000
2011-04-27,28.47309684753418,38.470001220703125,38.689998626708984,37.88999938964844,38.470001220703125,982200
2011-04-28,29.62771987915039,40.029998779296875,40.11000061035156,38.470001220703125,38.720001220703125,1205800
2011-04-29,29.38346290588379,39.70000076293945,40.11000061035156,39.470001220703125,40.06999969482422,726000
2011-05-02,29.3094482421875,39.599998474121094,39.9900016784668,39.54999923706055,39.869998931884766,499800
2011-05-03,29.553701400756836,39.93000030517578,39.959999084472656,39.45000076293945,39.45000076293945,836000
2011-05-04,29.16142463684082,39.400001525878906,39.9900016784668,39.189998626708984,39.90999984741211,751700
2011-05-05,28.65813446044922,38.720001220703125,39.400001525878906,38.66999816894531,39.279998779296875,727700
2011-05-06,28.717344284057617,38.79999923706055,39.529998779296875,38.5,39.189998626708984,824700
2011-05-09,28.561922073364258,38.59000015258789,38.810001373291016,38.310001373291016,38.720001220703125,420500
2011-05-10,28.680339813232422,38.75,38.869998931884766,38.540000915527344,38.63999938964844,752100
2011-05-11,28.510112762451172,38.52000045776367,38.959999084472656,38.31999969482422,38.65999984741211,645000
2011-05-12,28.680339813232422,38.75,38.79999923706055,38.209999084472656,38.4900016784668,626000
2011-05-13,28.539714813232422,38.560001373291016,38.86000061035156,38.4900016784668,38.709999084472656,674500
2011-05-16,28.539714813232422,38.560001373291016,38.9900016784668,38.40999984741211,38.459999084472656,632800
2011-05-17,28.332468032836914,38.279998779296875,38.61000061035156,38.27000045776367,38.400001525878906,751400
2011-05-18,28.088239669799805,37.95000076293945,38.29999923706055,37.52000045776367,38.29999923706055,1076100
2011-05-19,28.363393783569336,38.13999938964844,38.16999816894531,37.43000030517578,37.900001525878906,847400
2011-05-20,28.222097396850586,37.95000076293945,38.290000915527344,37.86000061035156,38.099998474121094,610100
2011-05-23,27.89487075805664,37.5099983215332,37.90999984741211,37.47999954223633,37.599998474121094,645000
2011-05-24,27.686641693115234,37.22999954223633,37.560001373291016,37.099998474121094,37.5099983215332,768200
2011-05-25,27.560222625732422,37.060001373291016,37.27000045776367,36.68000030517578,36.970001220703125,891300
2011-05-26,27.567657470703125,37.06999969482422,37.380001068115234,36.68000030517578,36.939998626708984,733700
2011-05-27,27.57509422302246,37.08000183105469,37.439998626708984,36.95000076293945,37.20000076293945,786200
2011-05-31,27.50816535949707,36.9900016784668,37.5,36.970001220703125,37.5,1302600
2011-06-01,27.151208877563477,36.5099983215332,37.06999969482422,36.5,36.900001525878906,1302100
2011-06-02,26.98759651184082,36.290000915527344,36.77000045776367,36.16999816894531,36.63999938964844,1050300
2011-06-03,26.5562801361084,35.709999084472656,36.29999923706055,35.709999084472656,35.900001525878906,911500
2011-06-06,26.392677307128906,35.4900016784668,35.81999969482422,35.38999938964844,35.66999816894531,700300
2011-06-07,26.005962371826172,34.970001220703125,35.68000030517578,34.95000076293945,35.540000915527344,1285300
2011-06-08,25.924161911010742,34.86000061035156,35.130001068115234,34.689998626708984,34.91999816894531,906200
2011-06-09,26.050594329833984,35.029998779296875,35.220001220703125,34.58000183105469,34.88999938964844,764600
2011-06-10,25.641571044921875,34.47999954223633,34.88999938964844,34.27000045776367,34.88999938964844,851700
2011-06-13,25.76799201965332,34.650001525878906,34.75,34.380001068115234,34.529998779296875,835200
2011-06-14,26.206754684448242,35.2400016784668,35.369998931884766,34.869998931884766,35.0099983215332,1044400
2011-06-15,25.671316146850586,34.52000045776367,35.040000915527344,34.5,34.91999816894531,1036700
2011-06-16,25.857234954833984,34.77000045776367,35.029998779296875,34.470001220703125,34.4900016784668,1020600
2011-06-17,26.050594329833984,35.029998779296875,35.22999954223633,34.77000045776367,35.08000183105469,1807300
2011-06-20,26.04314422607422,35.02000045776367,35.27000045776367,34.65999984741211,34.880001068115234,717100
2011-06-21,26.385231018066406,35.47999954223633,35.619998931884766,35.130001068115234,35.15999984741211,1163400
2011-06-22,26.295997619628906,35.36000061035156,35.70000076293945,35.130001068115234,35.31999969482422,963000
2011-06-23,26.03569984436035,35.0099983215332,35.11000061035156,34.470001220703125,34.9900016784668,1143600
2011-06-24,26.065454483032227,35.04999923706055,35.25,34.869998931884766,35.060001373291016,1342800
2011-06-27,26.005962371826172,34.970001220703125,35.41999816894531,34.970001220703125,35.09000015258789,677100
2011-06-28,26.355485916137695,35.439998626708984,35.5,35.0099983215332,35.15999984741211,875000
2011-06-29,26.883493423461914,36.150001525878906,36.18000030517578,35.619998931884766,35.619998931884766,923800
2011-06-30,26.972726821899414,36.27000045776367,36.439998626708984,35.9900016784668,36.22999954223633,782400
2011-07-01,27.247875213623047,36.63999938964844,36.720001220703125,36.16999816894531,36.34000015258789,950700
2011-07-05,26.86117935180664,36.119998931884766,36.599998474121094,35.970001220703125,36.599998474121094,801500
2011-07-06,26.667821884155273,35.86000061035156,36.2400016784668,35.790000915527344,36.099998474121094,803600
2011-07-07,27.069400787353516,36.400001525878906,36.45000076293945,35.959999084472656,36.18000030517578,690000
2011-07-08,26.77937126159668,36.0099983215332,36.06999969482422,35.650001525878906,35.959999084472656,663100
2011-07-11,26.162139892578125,35.18000030517578,35.689998626708984,35.099998474121094,35.61000061035156,785800
2011-07-12,26.072887420654297,35.060001373291016,35.540000915527344,34.83000183105469,34.95000076293945,1313300
2011-07-13,26.132387161254883,35.13999938964844,35.560001373291016,34.95000076293945,35.18000030517578,974200
2011-07-14,25.76055908203125,34.63999938964844,35.290000915527344,34.58000183105469,35.2599983215332,876200
2011-07-15,25.552335739135742,34.36000061035156,34.810001373291016,34.150001525878906,34.77000045776367,825200
2011-07-18,25.121002197265625,33.779998779296875,34.150001525878906,33.59000015258789,34.150001525878906,917300
2011-07-19,25.425907135009766,34.189998626708984,34.29999923706055,33.7599983215332,33.86000061035156,878800
2011-07-20,25.27718162536621,33.9900016784668,34.349998474121094,33.93000030517578,34.22999954223633,499800
2011-07-21,26.01340675354004,34.97999954223633,35.02000045776367,34.18000030517578,34.2400016784668,1139600
2011-07-22,26.065454483032227,35.04999923706055,35.2599983215332,34.66999816894531,34.97999954223633,806400
2011-07-25,26.184438705444336,35.209999084472656,35.369998931884766,34.4900016784668,34.650001525878906,1066600
2011-07-26,26.24394989013672,35.290000915527344,35.34000015258789,34.959999084472656,35.099998474121094,976600
2011-07-27,25.946491241455078,34.88999938964844,35.150001525878906,34.619998931884766,34.97999954223633,1371900
2011-07-28,26.65296173095703,35.84000015258789,36.43000030517578,34.79999923706055,34.970001220703125,1934300
2011-07-29,26.489349365234375,35.619998931884766,36.52000045776367,35.540000915527344,36.029998779296875,1616400
2011-08-01,26.266246795654297,35.31999969482422,36.119998931884766,34.84000015258789,36.0099983215332,1224200
2011-08-02,25.812612533569336,34.709999084472656,35.93000030517578,34.70000076293945,35.150001525878906,1389500
2011-08-03,25.87210464477539,34.790000915527344,34.88999938964844,34.25,34.709999084472656,873600
2011-08-04,25.2474308013916,33.95000076293945,34.63999938964844,33.900001525878906,34.459999084472656,1670700
2011-08-05,25.15074920654297,33.81999969482422,34.400001525878906,32.810001373291016,34.209999084472656,2114400
2011-08-08,23.299020767211914,31.329999923706055,33.65999984741211,31.079999923706055,33.0099983215332,2224000
2011-08-09,24.384775161743164,32.790000915527344,32.84000015258789,30.649999618530273,31.8799991607666,2535000
2011-08-10,23.224660873413086,31.229999542236328,32.439998626708984,31.209999084472656,32.2400016784668,2468700
2011-08-11,24.89047622680664,33.470001220703125,33.93000030517578,31.489999771118164,31.540000915527344,1965400
2011-08-12,24.33272361755371,32.720001220703125,33.9900016784668,32.5099983215332,33.720001220703125,1231900
2011-08-15,25.158193588256836,33.83000183105469,33.83000183105469,32.91999816894531,33.0099983215332,1109000
2011-08-16,24.697111129760742,33.209999084472656,33.91999816894531,33.119998931884766,33.43000030517578,937900
2011-08-17,24.845834732055664,33.40999984741211,33.77000045776367,33.06999969482422,33.43000030517578,630900
2011-08-18,24.13936424255371,32.459999084472656,32.90999984741211,32.18000030517578,32.630001068115234,1526800
2011-08-19,24.362462997436523,32.7599983215332,33.41999816894531,32.0,32.0,2087500
2011-08-22,24.407087326049805,32.81999969482422,33.529998779296875,32.619998931884766,33.43000030517578,1281000
2011-08-23,24.97226905822754,33.58000183105469,33.61000061035156,32.61000061035156,32.810001373291016,1000800
2011-08-24,25.515151977539062,34.310001373291016,34.400001525878906,33.310001373291016,33.470001220703125,952000
2011-08-25,24.72270393371582,33.06999969482422,34.790000915527344,32.70000076293945,34.790000915527344,1282200
2011-08-26,24.976877212524414,33.40999984741211,33.619998931884766,32.189998626708984,32.81999969482422,1001500
2011-08-29,26.51692008972168,35.470001220703125,35.470001220703125,33.91999816894531,33.91999816894531,1071500
2011-08-30,26.232831954956055,35.09000015258789,35.369998931884766,34.619998931884766,35.279998779296875,1045600
2011-08-31,26.292634963989258,35.16999816894531,35.7400016784668,34.83000183105469,35.220001220703125,1180500
2011-09-01,25.709522247314453,34.38999938964844,35.2599983215332,34.380001068115234,35.16999816894531,747900
2011-09-02,24.94697380065918,33.369998931884766,34.11000061035156,33.369998931884766,33.79999923706055,874800
2011-09-06,24.595611572265625,32.900001525878906,33.15999984741211,32.310001373291016,32.40999984741211,1146800
2011-09-07,25.717004776000977,34.400001525878906,34.43000030517578,33.310001373291016,33.41999816894531,1113400
2011-09-08,25.455345153808594,34.04999923706055,34.47999954223633,33.83000183105469,34.029998779296875,1483400
2011-09-09,25.081544876098633,33.54999923706055,33.880001068115234,33.02000045776367,33.43000030517578,1641800
2011-09-12,25.253498077392578,33.779998779296875,33.790000915527344,32.91999816894531,33.130001068115234,1565700
2011-09-13,25.799224853515625,34.5099983215332,34.540000915527344,33.56999969482422,33.900001525878906,1666600
2011-09-14,26.016033172607422,34.79999923706055,35.31999969482422,34.34000015258789,34.7400016784668,1885200
2011-09-15,26.359914779663086,35.2599983215332,35.34000015258789,34.810001373291016,35.189998626708984,1201600
2011-09-16,26.800994873046875,35.849998474121094,36.22999954223633,35.34000015258789,35.459999084472656,1170000
2011-09-19,26.487009048461914,35.43000030517578,35.66999816894531,34.720001220703125,35.20000076293945,1154100
2011-09-20,26.41973114013672,35.34000015258789,36.439998626708984,35.34000015258789,35.61000061035156,1079300
2011-09-21,24.924556732177734,33.34000015258789,35.27000045776367,33.29999923706055,35.2599983215332,1059300
2011-09-22,25.059118270874023,33.52000045776367,33.70000076293945,32.40999984741211,32.470001220703125,2003400
2011-09-23,25.34320068359375,33.900001525878906,33.939998626708984,33.150001525878906,33.369998931884766,1104000
2011-09-26,26.270204544067383,35.13999938964844,35.16999816894531,34.15999984741211,34.25,1478800
2011-09-27,26.91313934326172,36.0,36.70000076293945,35.83000183105469,36.040000915527344,1263100
2011-09-28,26.008556365966797,34.790000915527344,36.22999954223633,34.75,35.5,960400
2011-09-29,27.017805099487305,36.13999938964844,36.349998474121094,35.5099983215332,35.56999969482422,1866700
2011-09-30,26.763614654541016,35.79999923706055,36.470001220703125,35.650001525878906,35.72999954223633,1433800
2011-10-03,25.470293045043945,34.06999969482422,36.31999969482422,34.06999969482422,35.459999084472656,1844500
2011-10-04,26.217880249023438,35.06999969482422,35.150001525878906,33.2599983215332,33.70000076293945,1800000
2011-10-05,26.943042755126953,36.040000915527344,36.20000076293945,34.7400016784668,35.06999969482422,793800
2011-10-06,27.14488410949707,36.310001373291016,36.66999816894531,35.54999923706055,35.779998779296875,888900
2011-10-07,26.34496307373047,35.2400016784668,36.619998931884766,35.220001220703125,36.599998474121094,650500
2011-10-10,27.58596420288086,36.900001525878906,36.900001525878906,36.029998779296875,36.08000183105469,646000
2011-10-11,27.37664031982422,36.619998931884766,36.93000030517578,36.220001220703125,36.52000045776367,680300
2011-10-12,27.645761489868164,36.97999954223633,37.47999954223633,36.84000015258789,36.91999816894531,1215000
2011-10-13,27.002845764160156,36.119998931884766,36.66999816894531,35.79999923706055,36.59000015258789,741900
2011-10-14,27.8251895904541,37.220001220703125,37.310001373291016,36.540000915527344,36.72999954223633,764500
2011-10-17,27.040220260620117,36.16999816894531,37.06999969482422,36.08000183105469,36.790000915527344,735100
2011-10-18,28.281221389770508,37.83000183105469,38.09000015258789,35.939998626708984,36.34000015258789,826700
2011-10-19,28.041988372802734,37.5099983215332,38.709999084472656,37.459999084472656,37.720001220703125,890600
2011-10-20,28.767154693603516,38.47999954223633,38.529998779296875,37.439998626708984,37.68000030517578,1298000
2011-10-21,29.372692108154297,39.290000915527344,39.5,38.56999969482422,38.790000915527344,1105400
2011-10-24,29.671733856201172,39.689998626708984,39.810001373291016,39.15999984741211,39.33000183105469,1200200
2011-10-25,28.445690155029297,38.04999923706055,39.2400016784668,37.91999816894531,39.2400016784668,1477400
2011-10-26,29.058712005615234,38.869998931884766,39.13999938964844,38.099998474121094,38.70000076293945,1054400
2011-10-27,29.78386688232422,39.84000015258789,41.310001373291016,39.189998626708984,40.540000915527344,1167400
2011-10-28,29.29046630859375,39.18000030517578,39.75,39.060001373291016,39.75,1114300
2011-10-31,28.812009811401367,38.540000915527344,39.189998626708984,38.4900016784668,38.540000915527344,1013600
2011-11-01,27.66072654724121,37.0,38.13999938964844,36.959999084472656,37.33000183105469,978300
2011-11-02,28.393360137939453,37.97999954223633,38.040000915527344,37.31999969482422,37.630001068115234,904000
2011-11-03,28.83441925048828,38.56999969482422,38.68000030517578,37.5099983215332,38.36000061035156,577700
2011-11-04,28.72976303100586,38.43000030517578,38.83000183105469,37.900001525878906,38.11000061035156,1042900
2011-11-07,29.043766021728516,38.849998474121094,38.86000061035156,37.91999816894531,38.130001068115234,588800
2011-11-08,29.35774803161621,39.27000045776367,39.33000183105469,38.59000015258789,39.0099983215332,542700
2011-11-09,28.341020584106445,37.90999984741211,38.70000076293945,37.7599983215332,38.20000076293945,810000
2011-11-10,28.51297378540039,38.13999938964844,38.58000183105469,38.02000045776367,38.36000061035156,1418400
2011-11-11,28.924142837524414,38.689998626708984,38.939998626708984,38.58000183105469,38.75,1148100
2011-11-14,28.565303802490234,38.209999084472656,39.13999938964844,38.09000015258789,38.97999954223633,921100
2011-11-15,28.7522029876709,38.459999084472656,38.72999954223633,37.93000030517578,38.099998474121094,708100
2011-11-16,28.273752212524414,37.81999969482422,38.529998779296875,37.720001220703125,38.029998779296875,821000
2011-11-17,27.914907455444336,37.34000015258789,38.11000061035156,37.18000030517578,37.790000915527344,745900
2011-11-18,28.303647994995117,37.86000061035156,38.099998474121094,37.290000915527344,37.599998474121094,668100
2011-11-21,27.81023406982422,37.20000076293945,37.5,36.88999938964844,37.15999984741211,672200
2011-11-22,27.855098724365234,37.2599983215332,37.630001068115234,36.84000015258789,37.09000015258789,1013600
2011-11-23,27.036270141601562,35.9900016784668,36.869998931884766,35.939998626708984,36.7599983215332,1003100
2011-11-25,27.209047317504883,36.220001220703125,36.790000915527344,35.72999954223633,35.75,387800
2011-11-28,27.90767478942871,37.150001525878906,37.15999984741211,36.40999984741211,36.529998779296875,922400
2011-11-29,27.98279571533203,37.25,37.779998779296875,37.13999938964844,37.13999938964844,776100
2011-11-30,29.477718353271484,39.2400016784668,39.31999969482422,38.290000915527344,38.5,1674600
2011-12-01,29.33498191833496,39.04999923706055,39.310001373291016,38.619998931884766,38.97999954223633,724500
2011-12-02,29.36504364013672,39.09000015258789,39.9900016784668,39.0099983215332,39.41999816894531,973300
2011-12-05,29.7631778717041,39.619998931884766,40.060001373291016,39.290000915527344,39.72999954223633,752500
2011-12-06,29.988544464111328,39.91999816894531,40.20000076293945,39.27000045776367,39.47999954223633,765500
2011-12-07,30.409225463867188,40.47999954223633,40.689998626708984,39.380001068115234,39.619998931884766,1242900
2011-12-08,29.350008010864258,39.06999969482422,40.15999984741211,39.0099983215332,40.15999984741211,1049200
2011-12-09,30.011089324951172,39.95000076293945,40.099998474121094,39.209999084472656,39.25,1000400
2011-12-12,29.29742431640625,39.0,39.5099983215332,38.79999923706055,39.40999984741211,969000
2011-12-13,29.049522399902344,38.66999816894531,39.75,38.400001525878906,39.25,998400
2011-12-14,29.350008010864258,39.06999969482422,39.43000030517578,38.349998474121094,38.45000076293945,878800
2011-12-15,29.492740631103516,39.2599983215332,39.709999084472656,39.209999084472656,39.43000030517578,741300
2011-12-16,29.605422973632812,39.40999984741211,39.869998931884766,39.2400016784668,39.54999923706055,899700
2011-12-19,29.027002334594727,38.63999938964844,39.75,38.560001373291016,39.619998931884766,622200
2011-12-20,29.988544464111328,39.91999816894531,39.970001220703125,39.279998779296875,39.279998779296875,758500
2011-12-21,30.304067611694336,40.34000015258789,40.400001525878906,39.79999923706055,39.97999954223633,570300
2011-12-22,30.612064361572266,40.75,40.79999923706055,40.25,40.400001525878906,473300
2011-12-23,30.965133666992188,41.220001220703125,41.369998931884766,40.84000015258789,40.900001525878906,386300
2011-12-27,31.0853214263916,41.380001068115234,41.72999954223633,41.130001068115234,41.209999084472656,418300
2011-12-28,30.424251556396484,40.5,41.369998931884766,40.470001220703125,41.369998931884766,540800
2011-12-29,31.010211944580078,41.279998779296875,41.369998931884766,40.689998626708984,40.689998626708984,432000
2011-12-30,30.844932556152344,41.060001373291016,41.380001068115234,41.060001373291016,41.2599983215332,390600
2012-01-03,31.152923583984375,41.470001220703125,42.060001373291016,41.40999984741211,41.77000045776367,600800
2012-01-04,30.769804000854492,40.959999084472656,41.439998626708984,40.72999954223633,41.18000030517578,713700
2012-01-05,30.972644805908203,41.22999954223633,41.380001068115234,40.38999938964844,40.7400016784668,592000
2012-01-06,30.927581787109375,41.16999816894531,41.459999084472656,40.970001220703125,41.310001373291016,605600
2012-01-09,30.68718147277832,40.849998474121094,40.93000030517578,40.40999984741211,40.650001525878906,788000
2012-01-10,30.44679069519043,40.529998779296875,41.439998626708984,40.380001068115234,41.439998626708984,1391800
2012-01-11,28.58377456665039,38.04999923706055,38.7599983215332,37.720001220703125,38.439998626708984,2605500
2012-01-12,28.621341705322266,38.099998474121094,38.29999923706055,37.709999084472656,37.83000183105469,1198400
2012-01-13,28.62884521484375,38.11000061035156,38.20000076293945,37.58000183105469,37.709999084472656,1130200
2012-01-17,28.734024047851562,38.25,38.56999969482422,38.16999816894531,38.529998779296875,930200
2012-01-18,29.304933547973633,39.0099983215332,39.029998779296875,38.099998474121094,38.150001525878906,907900
2012-01-19,29.470199584960938,39.22999954223633,39.22999954223633,38.439998626708984,39.16999816894531,921200
2012-01-20,29.56035804748535,39.349998474121094,39.36000061035156,38.91999816894531,39.11000061035156,830900
2012-01-23,29.282405853271484,38.97999954223633,39.58000183105469,38.75,39.279998779296875,798100
2012-01-24,29.39508056640625,39.130001068115234,39.290000915527344,38.68000030517578,38.68000030517578,681100
2012-01-25,29.6505069732666,39.470001220703125,39.5099983215332,38.75,38.939998626708984,1098300
2012-01-26,29.91342544555664,39.81999969482422,39.81999969482422,39.20000076293945,39.65999984741211,1137900
2012-01-27,29.94347381591797,39.86000061035156,40.150001525878906,39.310001373291016,39.560001373291016,1250400
2012-01-30,29.515281677246094,39.290000915527344,39.5099983215332,38.900001525878906,39.45000076293945,697900
2012-01-31,29.7481632232666,39.599998474121094,39.650001525878906,38.790000915527344,39.40999984741211,1284100
2012-02-01,30.4317684173584,40.5099983215332,40.77000045776367,39.61000061035156,39.779998779296875,1214900
2012-02-02,31.107860565185547,41.40999984741211,42.0,40.900001525878906,41.689998626708984,1204800
2012-02-03,31.22054672241211,41.560001373291016,41.939998626708984,41.380001068115234,41.939998626708984,977300
2012-02-06,31.205524444580078,41.540000915527344,41.68000030517578,41.279998779296875,41.31999969482422,724800
2012-02-07,32.317317962646484,43.02000045776367,43.189998626708984,41.38999938964844,41.4900016784668,1180900
2012-02-08,32.58025360107422,43.369998931884766,43.41999816894531,42.880001068115234,43.02000045776367,965800
2012-02-09,32.46004104614258,43.209999084472656,43.369998931884766,42.459999084472656,42.939998626708984,1375900
2012-02-10,32.64785385131836,43.459999084472656,43.5,42.61000061035156,42.65999984741211,829100
2012-02-13,33.030975341796875,43.970001220703125,44.11000061035156,43.66999816894531,43.790000915527344,636800
2012-02-14,32.78306579589844,43.63999938964844,43.869998931884766,43.31999969482422,43.869998931884766,739900
2012-02-15,32.625308990478516,43.43000030517578,44.0,43.40999984741211,43.880001068115234,550200
2012-02-16,32.9934196472168,43.91999816894531,44.119998931884766,43.470001220703125,43.529998779296875,1167800
2012-02-17,33.076045989990234,44.029998779296875,44.20000076293945,43.849998474121094,44.119998931884766,379800
2012-02-21,33.34648132324219,44.38999938964844,44.540000915527344,44.11000061035156,44.119998931884766,563200
2012-02-22,32.72296905517578,43.560001373291016,44.40999984741211,43.25,44.25,739000
2012-02-23,32.50422286987305,43.09000015258789,43.279998779296875,42.70000076293945,43.18000030517578,924800
2012-02-24,32.398624420166016,42.95000076293945,43.52000045776367,42.79999923706055,43.189998626708984,747900
2012-02-27,32.30052947998047,42.81999969482422,42.959999084472656,42.36000061035156,42.790000915527344,1089500
2012-02-28,32.051612854003906,42.4900016784668,43.0099983215332,42.119998931884766,42.939998626708984,1360100
2012-02-29,32.036521911621094,42.470001220703125,43.029998779296875,42.41999816894531,42.61000061035156,862600
2012-03-01,32.67771911621094,43.31999969482422,43.630001068115234,42.529998779296875,42.7400016784668,1228600
2012-03-02,32.30809783935547,42.83000183105469,43.439998626708984,42.72999954223633,43.220001220703125,506400
2012-03-05,32.70033264160156,43.349998474121094,43.52000045776367,42.619998931884766,42.83000183105469,834100
2012-03-06,32.1195068359375,42.58000183105469,43.06999969482422,42.38999938964844,42.88999938964844,795000
2012-03-07,31.938474655151367,42.34000015258789,42.65999984741211,42.150001525878906,42.439998626708984,1332700
2012-03-08,31.463241577148438,41.709999084472656,42.540000915527344,41.61000061035156,42.540000915527344,1162800
2012-03-09,31.402889251708984,41.630001068115234,42.060001373291016,41.630001068115234,41.7400016784668,1228400
2012-03-12,31.478322982788086,41.72999954223633,42.029998779296875,41.560001373291016,41.7599983215332,836500
2012-03-13,32.338253021240234,42.869998931884766,42.9900016784668,41.97999954223633,42.09000015258789,1329500
2012-03-14,31.802692413330078,42.15999984741211,43.099998474121094,42.040000915527344,42.66999816894531,1685100
2012-03-15,30.81451416015625,40.849998474121094,42.150001525878906,40.099998474121094,42.150001525878906,4047400
2012-03-16,30.082807540893555,39.880001068115234,40.88999938964844,39.720001220703125,40.709999084472656,2114100
2012-03-19,30.309093475341797,40.18000030517578,40.400001525878906,39.880001068115234,40.040000915527344,925900
2012-03-20,30.81451416015625,40.849998474121094,41.0,39.810001373291016,39.91999816894531,1410800
2012-03-21,30.36945152282715,40.2599983215332,41.099998474121094,39.959999084472656,40.13999938964844,1335500
2012-03-22,30.18087387084961,40.0099983215332,40.36000061035156,39.65999984741211,39.959999084472656,873100
2012-03-23,30.618383407592773,40.59000015258789,40.68000030517578,40.0,40.02000045776367,937400
2012-03-26,31.297277450561523,41.4900016784668,41.4900016784668,40.7400016784668,40.91999816894531,986400
2012-03-27,31.478322982788086,41.72999954223633,41.779998779296875,41.2400016784668,41.4900016784668,1743100
2012-03-28,31.14643096923828,41.290000915527344,41.79999923706055,41.13999938964844,41.63999938964844,1397900
2012-03-29,30.44487953186035,40.36000061035156,41.029998779296875,39.970001220703125,40.790000915527344,1537800
2012-03-30,30.550495147705078,40.5,40.68000030517578,40.04999923706055,40.63999938964844,1687300
2012-04-02,30.5731258392334,40.529998779296875,40.849998474121094,40.04999923706055,40.38999938964844,1341400
2012-04-03,30.316650390625,40.189998626708984,40.75,39.88999938964844,40.41999816894531,887100
2012-04-04,30.03754425048828,39.81999969482422,40.09000015258789,39.59000015258789,39.84000015258789,1068800
2012-04-05,29.532150268554688,39.150001525878906,39.81999969482422,39.08000183105469,39.650001525878906,1215400
2012-04-09,29.26813507080078,38.79999923706055,38.9900016784668,38.43000030517578,38.75,1253700
2012-04-10,29.011653900146484,38.459999084472656,39.18000030517578,38.45000076293945,38.79999923706055,1216600
2012-04-11,29.33602523803711,38.88999938964844,39.04999923706055,38.0,38.099998474121094,1136000
2012-04-12,29.758438110351562,39.45000076293945,39.5099983215332,38.56999969482422,38.88999938964844,859400
2012-04-13,29.2153263092041,38.72999954223633,39.54999923706055,38.72999954223633,39.38999938964844,607300
2012-04-16,29.381269454956055,38.95000076293945,39.2599983215332,38.79999923706055,38.93000030517578,1106400
2012-04-17,29.811250686645508,39.52000045776367,39.959999084472656,39.16999816894531,39.2400016784668,734400
2012-04-18,29.509511947631836,39.119998931884766,39.380001068115234,38.9900016784668,39.310001373291016,934900
2012-04-19,29.47933578491211,39.08000183105469,39.36000061035156,38.939998626708984,39.18000030517578,694100
2012-04-20,29.3963623046875,38.970001220703125,39.38999938964844,38.900001525878906,39.189998626708984,826200
2012-04-23,29.720722198486328,39.400001525878906,39.54999923706055,38.2599983215332,38.47999954223633,1373400
2012-04-24,29.864044189453125,39.59000015258789,39.939998626708984,39.349998474121094,39.380001068115234,782300
2012-04-25,30.776796340942383,40.79999923706055,41.130001068115234,39.81999969482422,39.880001068115234,2192600
2012-04-26,30.565584182739258,40.52000045776367,41.66999816894531,39.95000076293945,40.849998474121094,2120500
2012-04-27,30.65609359741211,40.63999938964844,41.189998626708984,40.38999938964844,40.810001373291016,1255900
2012-04-30,30.42980194091797,40.34000015258789,40.7400016784668,40.220001220703125,40.54999923706055,578600
2012-05-01,30.60329246520996,40.56999969482422,40.84000015258789,40.11000061035156,40.54999923706055,1013900
2012-05-02,29.64528465270996,39.29999923706055,39.83000183105469,38.90999984741211,39.83000183105469,1760500
2012-05-03,29.351093292236328,38.90999984741211,39.61000061035156,38.900001525878906,39.36000061035156,1421700
2012-05-04,28.559045791625977,37.86000061035156,38.75,37.86000061035156,38.689998626708984,1780400
2012-05-07,28.60430908203125,37.91999816894531,37.97999954223633,37.439998626708984,37.7400016784668,1249300
2012-05-08,28.362913131713867,37.599998474121094,38.0099983215332,37.31999969482422,37.70000076293945,1336800
2012-05-09,28.423267364501953,37.68000030517578,37.93000030517578,37.16999816894531,37.25,1172600
2012-05-10,28.340299606323242,37.56999969482422,38.18000030517578,37.529998779296875,37.93000030517578,861100
2012-05-11,28.521343231201172,37.810001373291016,38.060001373291016,37.0,37.25,980900
2012-05-14,28.498701095581055,37.779998779296875,38.209999084472656,37.72999954223633,37.93000030517578,1530500
2012-05-15,28.249773025512695,37.45000076293945,38.09000015258789,37.36000061035156,37.84000015258789,1033500
2012-05-16,27.570871353149414,36.54999923706055,37.61000061035156,36.529998779296875,37.5099983215332,1321200
2012-05-17,27.404932022094727,36.33000183105469,36.84000015258789,36.0,36.56999969482422,1434700
2012-05-18,26.597787857055664,35.2599983215332,36.41999816894531,35.11000061035156,36.400001525878906,1628300
2012-05-21,27.125823974609375,35.959999084472656,35.97999954223633,35.15999984741211,35.36000061035156,1324600
2012-05-22,25.918895721435547,34.36000061035156,35.880001068115234,34.20000076293945,35.470001220703125,2800200
2012-05-23,25.5341854095459,33.849998474121094,34.22999954223633,33.22999954223633,34.15999984741211,2778900
2012-05-24,25.701168060302734,33.86000061035156,33.88999938964844,33.33000183105469,33.88999938964844,1279500
2012-05-25,25.238149642944336,33.25,34.0099983215332,33.189998626708984,33.79999923706055,1472000
2012-05-29,25.4051456451416,33.470001220703125,33.709999084472656,33.11000061035156,33.52000045776367,1245400
2012-05-30,25.147064208984375,33.130001068115234,33.36000061035156,33.060001373291016,33.20000076293945,1033700
2012-05-31,25.336824417114258,33.380001068115234,33.599998474121094,32.86000061035156,33.04999923706055,1333900
2012-06-01,24.93454360961914,32.849998474121094,33.130001068115234,32.52000045776367,32.709999084472656,1549600
2012-06-04,24.722000122070312,32.56999969482422,32.95000076293945,32.459999084472656,32.7400016784668,1629500
2012-06-05,25.11670684814453,33.09000015258789,33.130001068115234,32.40999984741211,32.40999984741211,1161100
2012-06-06,25.837793350219727,34.040000915527344,34.040000915527344,33.22999954223633,33.27000045776367,1224100
2012-06-07,25.556955337524414,33.66999816894531,34.70000076293945,33.630001068115234,34.34000015258789,1393700
2012-06-08,25.784664154052734,33.970001220703125,34.04999923706055,33.400001525878906,33.5099983215332,783600
2012-06-11,25.291288375854492,33.31999969482422,34.29999923706055,33.279998779296875,34.25,1215000
2012-06-12,25.367191314697266,33.41999816894531,33.5099983215332,33.119998931884766,33.45000076293945,1258900
2012-06-13,25.321653366088867,33.36000061035156,33.689998626708984,33.209999084472656,33.36000061035156,1288200
2012-06-14,25.587312698364258,33.709999084472656,33.97999954223633,33.369998931884766,33.599998474121094,718800
2012-06-15,25.701168060302734,33.86000061035156,33.93000030517578,33.400001525878906,33.86000061035156,1153700
2012-06-18,25.617673873901367,33.75,33.95000076293945,33.36000061035156,33.65999984741211,728700
2012-06-19,26.30840492248535,34.65999984741211,34.7599983215332,33.84000015258789,33.84000015258789,1044000
2012-06-20,26.543703079223633,34.970001220703125,35.2400016784668,34.5,34.7400016784668,1116400
2012-06-21,25.928878784179688,34.15999984741211,35.119998931884766,34.02000045776367,35.060001373291016,978300
2012-06-22,25.921287536621094,34.150001525878906,34.529998779296875,34.130001068115234,34.25,1177200
2012-06-25,25.799848556518555,33.9900016784668,34.11000061035156,33.540000915527344,33.900001525878906,1177800
2012-06-26,26.11104965209961,34.400001525878906,34.59000015258789,33.9900016784668,34.09000015258789,853800
2012-06-27,26.490575790405273,34.900001525878906,34.9900016784668,34.15999984741211,34.4900016784668,658600
2012-06-28,26.278038024902344,34.619998931884766,34.88999938964844,34.15999984741211,34.599998474121094,816300
2012-06-29,26.445024490356445,34.84000015258789,35.279998779296875,34.599998474121094,35.279998779296875,971700
2012-07-02,26.437442779541016,34.83000183105469,35.22999954223633,34.720001220703125,35.04999923706055,776800
2012-07-03,27.02948760986328,35.61000061035156,35.880001068115234,34.869998931884766,34.869998931884766,435100
2012-07-05,26.551294326782227,34.97999954223633,35.56999969482422,34.88999938964844,35.4900016784668,714800
2012-07-06,26.490575790405273,34.900001525878906,35.08000183105469,34.380001068115234,34.65999984741211,702400
2012-07-09,26.300809860229492,34.650001525878906,34.959999084472656,34.45000076293945,34.86000061035156,581000
2012-07-10,26.20213508605957,34.52000045776367,35.040000915527344,34.45000076293945,34.790000915527344,532100
2012-07-11,26.080698013305664,34.36000061035156,34.70000076293945,34.060001373291016,34.619998931884766,914000
2012-07-12,25.72393798828125,33.88999938964844,34.310001373291016,33.650001525878906,33.91999816894531,691100
2012-07-13,26.11104965209961,34.400001525878906,34.47999954223633,33.83000183105469,33.880001068115234,774400
2012-07-16,25.989608764648438,34.2400016784668,34.65999984741211,34.04999923706055,34.400001525878906,780800
2012-07-17,26.278038024902344,34.619998931884766,34.65999984741211,34.0,34.540000915527344,625900
2012-07-18,26.278038024902344,34.619998931884766,34.880001068115234,34.400001525878906,34.40999984741211,761500
2012-07-19,26.141407012939453,34.439998626708984,34.869998931884766,34.31999969482422,34.68000030517578,586100
2012-07-20,25.73152732849121,33.900001525878906,34.279998779296875,33.779998779296875,34.18000030517578,537500
2012-07-23,25.610084533691406,33.7400016784668,33.90999984741211,33.16999816894531,33.45000076293945,802000
2012-07-24,25.09392738342285,33.060001373291016,33.790000915527344,32.79999923706055,33.790000915527344,1142800
2012-07-25,25.283689498901367,33.310001373291016,33.41999816894531,32.95000076293945,33.27000045776367,743300
2012-07-26,26.39948081970215,34.779998779296875,36.16999816894531,34.0,34.0,1159300
2012-07-27,26.976356506347656,35.540000915527344,35.75,34.79999923706055,35.040000915527344,813600
2012-07-30,27.45454216003418,36.16999816894531,36.20000076293945,35.4900016784668,35.560001373291016,994700
2012-07-31,27.484912872314453,36.209999084472656,36.529998779296875,36.02000045776367,36.11000061035156,862000
2012-08-01,27.629127502441406,36.400001525878906,36.790000915527344,36.34000015258789,36.439998626708984,941300
2012-08-02,27.310331344604492,35.97999954223633,36.349998474121094,35.540000915527344,36.06999969482422,973200
2012-08-03,27.818891525268555,36.650001525878906,36.790000915527344,36.52000045776367,36.54999923706055,646800
2012-08-06,27.818891525268555,36.650001525878906,37.209999084472656,36.59000015258789,36.849998474121094,662400
2012-08-07,27.49250030517578,36.220001220703125,36.86000061035156,35.869998931884766,36.810001373291016,1195600
2012-08-08,27.45454216003418,36.16999816894531,36.45000076293945,35.869998931884766,35.90999984741211,651400
2012-08-09,27.500099182128906,36.22999954223633,36.47999954223633,36.0,36.22999954223633,592400
2012-08-10,27.211668014526367,35.849998474121094,35.95000076293945,35.630001068115234,35.95000076293945,849900
2012-08-13,26.498165130615234,34.90999984741211,35.83000183105469,34.70000076293945,35.79999923706055,1479100
2012-08-14,26.027551651000977,34.290000915527344,35.0099983215332,34.209999084472656,34.79999923706055,1945900
2012-08-15,26.08828353881836,34.369998931884766,34.63999938964844,34.2400016784668,34.29999923706055,1935900
2012-08-16,26.126220703125,34.41999816894531,34.58000183105469,34.310001373291016,34.36000061035156,1274800
2012-08-17,26.28563690185547,34.630001068115234,34.86000061035156,34.400001525878906,34.470001220703125,1987700
2012-08-20,26.293216705322266,34.63999938964844,34.81999969482422,34.470001220703125,34.630001068115234,1144900
2012-08-21,26.28563690185547,34.630001068115234,35.029998779296875,34.5,34.66999816894531,904200
2012-08-22,26.224903106689453,34.54999923706055,34.88999938964844,34.369998931884766,34.58000183105469,632200
2012-08-23,25.881248474121094,33.88999938964844,34.43000030517578,33.88999938964844,34.349998474121094,395000
2012-08-24,26.102718353271484,34.18000030517578,34.20000076293945,33.810001373291016,33.849998474121094,549000
2012-08-27,26.011079788208008,34.060001373291016,34.33000183105469,33.970001220703125,34.29999923706055,445300
2012-08-28,25.560504913330078,33.470001220703125,34.040000915527344,33.45000076293945,33.97999954223633,678400
2012-08-29,25.949981689453125,33.97999954223633,33.9900016784668,33.36000061035156,33.560001373291016,610500
2012-08-30,26.415828704833984,34.59000015258789,34.720001220703125,33.81999969482422,33.88999938964844,1011800
2012-08-31,26.91986083984375,35.25,35.439998626708984,34.66999816894531,34.66999816894531,1100900
2012-09-04,26.927490234375,35.2599983215332,35.5099983215332,34.84000015258789,35.189998626708984,919300
2012-09-05,27.400972366333008,35.880001068115234,35.880001068115234,35.20000076293945,35.349998474121094,1139700
2012-09-06,27.81336784362793,36.41999816894531,36.439998626708984,35.81999969482422,36.029998779296875,1431200
2012-09-07,27.90501594543457,36.540000915527344,36.72999954223633,36.29999923706055,36.41999816894531,736600
2012-09-10,27.851543426513672,36.470001220703125,36.810001373291016,36.41999816894531,36.5,927400
2012-09-11,28.302127838134766,37.060001373291016,37.06999969482422,36.349998474121094,36.40999984741211,850700
2012-09-12,28.592323303222656,37.439998626708984,37.66999816894531,37.15999984741211,37.16999816894531,808600
2012-09-13,28.958900451660156,37.91999816894531,38.0,36.959999084472656,37.369998931884766,729200
2012-09-14,29.142189025878906,38.15999984741211,38.310001373291016,37.83000183105469,38.0,1087000
2012-09-17,28.79088592529297,37.70000076293945,38.11000061035156,37.599998474121094,38.11000061035156,722400
2012-09-18,28.714506149291992,37.599998474121094,37.81999969482422,37.29999923706055,37.68000030517578,1022200
2012-09-19,28.661046981811523,37.529998779296875,37.75,37.220001220703125,37.63999938964844,918000
2012-09-20,28.584688186645508,37.43000030517578,37.560001373291016,37.20000076293945,37.38999938964844,689700
2012-09-21,28.52358627319336,37.349998474121094,37.93000030517578,37.34000015258789,37.689998626708984,620500
2012-09-24,28.52358627319336,37.349998474121094,37.540000915527344,37.13999938964844,37.189998626708984,508700
2012-09-25,28.36322593688965,37.13999938964844,37.459999084472656,37.09000015258789,37.40999984741211,773000
2012-09-26,28.431947708129883,37.22999954223633,37.33000183105469,36.97999954223633,37.09000015258789,599700
2012-09-27,28.37849235534668,37.15999984741211,37.470001220703125,36.91999816894531,37.470001220703125,543500
2012-09-28,28.48540496826172,37.29999923706055,37.470001220703125,36.939998626708984,37.0,549100
2012-10-01,28.493051528930664,37.310001373291016,37.75,37.18000030517578,37.439998626708984,507100
2012-10-02,28.783254623413086,37.689998626708984,38.11000061035156,37.369998931884766,37.43000030517578,898300
2012-10-03,29.272003173828125,38.33000183105469,38.709999084472656,38.02000045776367,38.27000045776367,1096900
2012-10-04,29.829498291015625,39.060001373291016,39.06999969482422,38.369998931884766,38.58000183105469,866800
2012-10-05,30.30297088623047,39.68000030517578,39.70000076293945,39.02000045776367,39.16999816894531,974400
2012-10-08,30.043331146240234,39.34000015258789,39.81999969482422,39.310001373291016,39.439998626708984,563100
2012-10-09,29.74549674987793,38.95000076293945,39.27000045776367,38.86000061035156,39.27000045776367,798000
2012-10-10,29.89058494567871,39.13999938964844,39.349998474121094,38.849998474121094,38.880001068115234,546700
2012-10-11,30.440441131591797,39.86000061035156,39.97999954223633,39.45000076293945,39.47999954223633,870900
2012-10-12,30.07387351989746,39.380001068115234,39.869998931884766,39.2599983215332,39.79999923706055,587900
2012-10-15,30.516803741455078,39.959999084472656,39.97999954223633,39.290000915527344,39.439998626708984,669400
2012-10-16,30.93683433532715,40.5099983215332,40.689998626708984,40.119998931884766,40.189998626708984,521900
2012-10-17,31.219404220581055,40.880001068115234,40.88999938964844,40.38999938964844,40.5099983215332,612900
2012-10-18,31.31104278564453,41.0,41.27000045776367,40.86000061035156,40.86000061035156,491800
2012-10-19,30.799375534057617,40.33000183105469,40.849998474121094,40.2400016784668,40.849998474121094,581400
2012-10-22,31.227027893066406,40.88999938964844,41.36000061035156,40.380001068115234,40.380001068115234,962600
2012-10-23,29.508750915527344,38.63999938964844,39.91999816894531,37.0,39.880001068115234,2192900
2012-10-24,29.692026138305664,38.880001068115234,39.540000915527344,38.56999969482422,38.66999816894531,1328700
2012-10-25,29.035261154174805,38.02000045776367,39.2599983215332,37.72999954223633,39.2599983215332,1279300
2012-10-26,28.905431747436523,37.849998474121094,38.130001068115234,37.7599983215332,38.0099983215332,790300
2012-10-31,28.874893188476562,37.810001373291016,38.13999938964844,37.58000183105469,37.869998931884766,694800
2012-11-01,29.01235008239746,37.9900016784668,38.43000030517578,37.56999969482422,37.95000076293945,664900
2012-11-02,28.714506149291992,37.599998474121094,38.099998474121094,37.220001220703125,38.029998779296875,811100
2012-11-05,28.6152400970459,37.470001220703125,37.66999816894531,37.290000915527344,37.47999954223633,709400
2012-11-06,28.882524490356445,37.81999969482422,38.029998779296875,37.65999984741211,38.02000045776367,854700
2012-11-07,28.019559860229492,36.689998626708984,37.849998474121094,36.5,37.369998931884766,592900
2012-11-08,27.546083450317383,36.06999969482422,36.959999084472656,36.06999969482422,36.689998626708984,727400
2012-11-09,27.981380462646484,36.63999938964844,36.7400016784668,35.810001373291016,36.040000915527344,643800
2012-11-12,27.714094161987305,36.290000915527344,36.689998626708984,36.060001373291016,36.689998626708984,516600
2012-11-13,27.400972366333008,35.880001068115234,36.25,35.84000015258789,36.11000061035156,948400
2012-11-14,26.6143856048584,34.849998474121094,36.040000915527344,34.7599983215332,36.029998779296875,632800
2012-11-15,26.706022262573242,34.970001220703125,35.08000183105469,34.58000183105469,34.939998626708984,656700
2012-11-16,27.156597137451172,35.560001373291016,35.66999816894531,34.900001525878906,34.97999954223633,852400
2012-11-19,26.43109703063965,34.61000061035156,36.0099983215332,34.41999816894531,35.90999984741211,1948900
2012-11-20,26.270727157592773,34.400001525878906,34.630001068115234,33.91999816894531,34.58000183105469,1409300
2012-11-21,26.109373092651367,33.97999954223633,34.2400016784668,33.77000045776367,34.220001220703125,817900
2012-11-23,26.393665313720703,34.349998474121094,34.369998931884766,33.900001525878906,34.209999084472656,270500
2012-11-26,26.293787002563477,34.220001220703125,34.470001220703125,33.9900016784668,34.18000030517578,900100
2012-11-27,25.994110107421875,33.83000183105469,34.36000061035156,33.79999923706055,34.209999084472656,1621600
2012-11-28,26.117048263549805,33.9900016784668,34.04999923706055,33.619998931884766,33.619998931884766,1263200
2012-11-29,26.109373092651367,33.97999954223633,34.29999923706055,33.75,34.0,2070100
2012-11-30,26.28609275817871,34.209999084472656,34.22999954223633,33.79999923706055,33.869998931884766,1628000
2012-12-03,26.0939998626709,33.959999084472656,34.400001525878906,33.68000030517578,34.279998779296875,1369300
2012-12-04,26.74712371826172,34.810001373291016,34.81999969482422,33.86000061035156,34.0,1117700
2012-12-05,26.74712371826172,34.810001373291016,35.0,34.630001068115234,34.790000915527344,925100
2012-12-06,26.578081130981445,34.59000015258789,34.939998626708984,34.31999969482422,34.70000076293945,857100
2012-12-07,26.74712371826172,34.810001373291016,34.849998474121094,34.45000076293945,34.650001525878906,694500
2012-12-10,26.816280364990234,34.900001525878906,35.09000015258789,34.59000015258789,34.72999954223633,572800
2012-12-11,26.91615867614746,35.029998779296875,35.119998931884766,34.709999084472656,35.09000015258789,786600
2012-12-12,26.93921661376953,35.060001373291016,35.529998779296875,34.939998626708984,35.099998474121094,854300
2012-12-13,26.900787353515625,35.0099983215332,35.38999938964844,34.95000076293945,34.959999084472656,660600
2012-12-14,26.539657592773438,34.540000915527344,35.119998931884766,34.45000076293945,34.790000915527344,949900
2012-12-17,26.954587936401367,35.08000183105469,35.150001525878906,34.630001068115234,34.66999816894531,562500
2012-12-18,27.292661666870117,35.52000045776367,35.66999816894531,35.08000183105469,35.189998626708984,839800
2012-12-19,27.22350311279297,35.43000030517578,35.84000015258789,35.40999984741211,35.4900016784668,759600
2012-12-20,27.069839477539062,35.22999954223633,35.630001068115234,35.040000915527344,35.380001068115234,630400
2012-12-21,26.73174285888672,34.790000915527344,35.06999969482422,34.560001373291016,34.88999938964844,1241500
2012-12-24,26.754806518554688,34.81999969482422,35.189998626708984,34.65999984741211,34.709999084472656,229300
2012-12-26,26.77016830444336,34.84000015258789,35.16999816894531,34.81999969482422,34.88999938964844,357100
2012-12-27,26.5166015625,34.5099983215332,35.0,34.130001068115234,34.900001525878906,491800
2012-12-28,26.355241775512695,34.29999923706055,34.65999984741211,34.2400016784668,34.290000915527344,398600
2012-12-31,26.662593841552734,34.70000076293945,34.72999954223633,34.119998931884766,34.29999923706055,946800
2013-01-02,27.26193618774414,35.47999954223633,35.47999954223633,34.939998626708984,35.279998779296875,537200
2013-01-03,27.192764282226562,35.38999938964844,35.4900016784668,35.150001525878906,35.459999084472656,778300
2013-01-04,27.607696533203125,35.93000030517578,35.970001220703125,35.40999984741211,35.4900016784668,555100
2013-01-07,27.023738861083984,35.16999816894531,35.88999938964844,34.880001068115234,35.79999923706055,687600
2013-01-08,27.0775146484375,35.2400016784668,35.310001373291016,34.83000183105469,35.099998474121094,486800
2013-01-09,27.231197357177734,35.439998626708984,35.560001373291016,35.130001068115234,35.2400016784668,497400
2013-01-10,27.730634689331055,36.09000015258789,36.09000015258789,35.650001525878906,35.650001525878906,616500
2013-01-11,27.807477951049805,36.189998626708984,36.34000015258789,35.75,36.209999084472656,1016400
2013-01-14,28.368383407592773,36.91999816894531,36.91999816894531,36.20000076293945,36.220001220703125,1032200
2013-01-15,28.260818481445312,36.779998779296875,36.959999084472656,36.27000045776367,36.779998779296875,1074900
2013-01-16,27.89199447631836,36.29999923706055,36.7599983215332,36.27000045776367,36.689998626708984,1145000
2013-01-17,28.56816864013672,37.18000030517578,37.97999954223633,36.599998474121094,36.599998474121094,1394900
2013-01-18,28.652692794799805,37.290000915527344,37.369998931884766,36.97999954223633,37.279998779296875,786300
2013-01-22,29.605464935302734,38.529998779296875,38.56999969482422,37.279998779296875,37.310001373291016,979800
2013-01-23,29.15981101989746,37.95000076293945,38.52000045776367,37.689998626708984,38.349998474121094,893900
2013-01-24,29.351903915405273,38.20000076293945,38.43000030517578,37.959999084472656,38.09000015258789,881400
2013-01-25,29.674619674682617,38.619998931884766,38.619998931884766,38.130001068115234,38.34000015258789,617400
2013-01-28,29.84366798400879,38.84000015258789,38.939998626708984,38.43000030517578,38.59000015258789,742600
2013-01-29,29.83598518371582,38.83000183105469,38.97999954223633,38.41999816894531,38.779998779296875,997000
2013-01-30,29.559370040893555,38.470001220703125,38.779998779296875,38.150001525878906,38.7599983215332,762000
2013-01-31,29.382640838623047,38.2400016784668,38.40999984741211,37.869998931884766,38.2599983215332,802300
2013-02-01,29.966617584228516,39.0,39.25,38.310001373291016,38.5099983215332,1069400
2013-02-04,29.321168899536133,38.15999984741211,38.86000061035156,37.939998626708984,38.86000061035156,1063000
2013-02-05,29.643877029418945,38.58000183105469,38.720001220703125,38.0,38.36000061035156,1024500
2013-02-06,29.820627212524414,38.810001373291016,38.90999984741211,38.20000076293945,38.279998779296875,945900
2013-02-07,29.497909545898438,38.38999938964844,40.33000183105469,38.130001068115234,39.81999969482422,2148800
2013-02-08,29.62852668762207,38.560001373291016,38.7400016784668,38.09000015258789,38.54999923706055,651900
2013-02-11,29.56705665588379,38.47999954223633,38.790000915527344,38.36000061035156,38.5,452900
2013-02-12,31.541772842407227,41.04999923706055,41.349998474121094,39.04999923706055,39.150001525878906,2462300
2013-02-13,31.803022384643555,41.38999938964844,41.38999938964844,40.83000183105469,41.060001373291016,1100800
2013-02-14,32.279415130615234,42.0099983215332,42.18000030517578,41.060001373291016,41.150001525878906,1435500
2013-02-15,32.14878845214844,41.84000015258789,42.130001068115234,41.56999969482422,41.91999816894531,1198100
2013-02-19,32.43308639526367,42.209999084472656,42.380001068115234,41.66999816894531,41.810001373291016,1372300
2013-02-20,31.726186752319336,41.290000915527344,42.04999923706055,41.2599983215332,42.029998779296875,1058000
2013-02-21,31.672117233276367,41.0099983215332,41.189998626708984,40.720001220703125,41.189998626708984,1011200
2013-02-22,32.15867614746094,41.63999938964844,41.790000915527344,41.16999816894531,41.16999816894531,844000
2013-02-25,31.25508689880371,40.470001220703125,41.83000183105469,40.470001220703125,41.83000183105469,851900
2013-02-26,31.39410972595215,40.650001525878906,41.0099983215332,40.16999816894531,40.68000030517578,896100
2013-02-27,31.69529151916504,41.040000915527344,41.130001068115234,40.2400016784668,40.630001068115234,867200
2013-02-28,32.428985595703125,41.9900016784668,42.27000045776367,40.779998779296875,40.970001220703125,1366200
2013-03-01,32.297691345214844,41.81999969482422,41.900001525878906,41.31999969482422,41.7400016784668,893700
2013-03-04,32.37490463256836,41.91999816894531,41.93000030517578,41.290000915527344,41.630001068115234,759900
2013-03-05,32.90007781982422,42.599998474121094,42.7599983215332,42.0,42.130001068115234,985900
2013-03-06,32.699283599853516,42.34000015258789,43.11000061035156,42.130001068115234,42.849998474121094,1125700
2013-03-07,32.88465118408203,42.58000183105469,42.619998931884766,42.15999984741211,42.369998931884766,602700
2013-03-08,33.08543395996094,42.84000015258789,42.939998626708984,42.599998474121094,42.779998779296875,437000
2013-03-11,33.64921951293945,43.56999969482422,43.650001525878906,42.709999084472656,42.709999084472656,559000
2013-03-12,33.842281341552734,43.81999969482422,43.900001525878906,43.40999984741211,43.619998931884766,652800
2013-03-13,33.765079498291016,43.720001220703125,44.040000915527344,43.68000030517578,43.83000183105469,837500
2013-03-14,34.14350891113281,44.209999084472656,44.470001220703125,43.720001220703125,43.790000915527344,439700
2013-03-15,34.01219177246094,44.040000915527344,44.45000076293945,43.939998626708984,44.08000183105469,1119100
2013-03-18,33.9581298828125,43.970001220703125,44.33000183105469,43.54999923706055,43.54999923706055,597400
2013-03-19,34.27480697631836,44.380001068115234,44.52000045776367,43.91999816894531,44.06999969482422,608900
2013-03-20,34.39835739135742,44.540000915527344,44.790000915527344,44.34000015258789,44.65999984741211,496700
2013-03-21,33.86546325683594,43.849998474121094,44.689998626708984,43.06999969482422,44.369998931884766,1575600
2013-03-22,33.99674987792969,44.02000045776367,44.20000076293945,43.58000183105469,44.09000015258789,1372400
2013-03-25,33.98130416870117,44.0,44.400001525878906,43.95000076293945,44.29999923706055,1121300
2013-03-26,34.027652740478516,44.060001373291016,44.52000045776367,42.900001525878906,42.900001525878906,2193700
2013-03-27,34.29024887084961,44.400001525878906,44.540000915527344,43.720001220703125,43.86000061035156,1013100
2013-03-28,34.7613410949707,45.0099983215332,45.04999923706055,44.22999954223633,44.369998931884766,803000
2013-04-01,34.73816680908203,44.97999954223633,45.11000061035156,44.790000915527344,45.0099983215332,506100
2013-04-02,34.98529815673828,45.29999923706055,45.459999084472656,45.02000045776367,45.2400016784668,662400
2013-04-03,34.7613410949707,45.0099983215332,45.56999969482422,45.0,45.38999938964844,874500
2013-04-04,35.039363861083984,45.369998931884766,45.459999084472656,45.0099983215332,45.13999938964844,974000
2013-04-05,34.7613410949707,45.0099983215332,45.09000015258789,44.7400016784668,44.79999923706055,675700
2013-04-08,35.348289489746094,45.77000045776367,45.779998779296875,45.0099983215332,45.09000015258789,584900
2013-04-09,35.24787521362305,45.63999938964844,45.939998626708984,45.439998626708984,45.77000045776367,734500
2013-04-10,36.42178726196289,47.15999984741211,47.22999954223633,46.4900016784668,46.59000015258789,1187700
2013-04-11,36.684364318847656,47.5,47.86000061035156,47.060001373291016,47.34000015258789,1080700
2013-04-12,36.67665100097656,47.4900016784668,47.599998474121094,47.310001373291016,47.310001373291016,369100
2013-04-15,35.93524932861328,46.529998779296875,47.56999969482422,46.529998779296875,47.2400016784668,688600
2013-04-16,36.69207763671875,47.5099983215332,47.560001373291016,46.810001373291016,46.869998931884766,660600
2013-04-17,36.081974029541016,46.720001220703125,47.40999984741211,46.66999816894531,47.15999984741211,904600
2013-04-18,35.610877990722656,46.11000061035156,46.959999084472656,45.959999084472656,46.86000061035156,1093000
2013-04-19,36.0356330871582,46.65999984741211,46.72999954223633,46.27000045776367,46.470001220703125,857100
2013-04-22,36.1514892578125,46.810001373291016,46.970001220703125,45.93000030517578,46.61000061035156,512300
2013-04-23,36.514461517333984,47.279998779296875,47.52000045776367,46.90999984741211,47.029998779296875,645500
2013-04-24,36.83110427856445,47.689998626708984,47.75,47.29999923706055,47.43000030517578,938300
2013-04-25,35.98928451538086,46.599998474121094,46.709999084472656,45.029998779296875,45.029998779296875,985400
2013-04-26,35.92751693725586,46.52000045776367,46.849998474121094,46.439998626708984,46.4900016784668,539200
2013-04-29,36.4140510559082,47.150001525878906,47.25,46.720001220703125,46.72999954223633,841800
2013-04-30,36.71525955200195,47.540000915527344,47.58000183105469,47.130001068115234,47.130001068115234,641900
2013-05-01,36.56080627441406,47.34000015258789,47.90999984741211,47.34000015258789,47.689998626708984,573700
2013-05-02,36.92377853393555,47.810001373291016,47.880001068115234,47.22999954223633,47.58000183105469,542100
2013-05-03,36.645755767822266,47.45000076293945,48.5,47.34000015258789,48.22999954223633,908600
2013-05-06,37.00873565673828,47.91999816894531,48.099998474121094,47.540000915527344,47.540000915527344,676800
2013-05-07,37.11686325073242,48.060001373291016,48.15999984741211,47.86000061035156,48.04999923706055,1012500
2013-05-08,36.97011947631836,47.869998931884766,48.310001373291016,47.849998474121094,48.119998931884766,1113300
2013-05-09,36.69980239868164,47.52000045776367,48.04999923706055,47.380001068115234,47.93000030517578,688400
2013-05-10,36.59169387817383,47.380001068115234,47.709999084472656,47.290000915527344,47.619998931884766,626000
2013-05-13,37.031898498535156,47.95000076293945,48.029998779296875,47.38999938964844,47.38999938964844,792200
2013-05-14,37.564788818359375,48.63999938964844,48.689998626708984,47.939998626708984,48.060001373291016,415100
2013-05-15,38.283042907714844,49.56999969482422,49.59000015258789,48.52000045776367,48.58000183105469,664100
2013-05-16,38.07452392578125,49.29999923706055,49.70000076293945,49.209999084472656,49.47999954223633,407600
2013-05-17,38.49154281616211,49.84000015258789,49.939998626708984,49.38999938964844,49.38999938964844,410700
2013-05-20,38.8390998840332,50.290000915527344,50.310001373291016,49.439998626708984,49.439998626708984,578700
2013-05-21,39.07849884033203,50.599998474121094,50.79999923706055,50.11000061035156,50.209999084472656,614800
2013-05-22,38.56879425048828,49.939998626708984,51.189998626708984,49.86000061035156,50.61000061035156,713600
2013-05-23,38.84821701049805,50.04999923706055,50.25,49.130001068115234,49.25,578200
2013-05-24,38.584312438964844,49.709999084472656,49.880001068115234,49.4900016784668,49.720001220703125,569800
2013-05-28,38.78611755371094,49.970001220703125,51.029998779296875,49.93000030517578,50.33000183105469,720600
2013-05-29,38.52997589111328,49.63999938964844,49.97999954223633,49.40999984741211,49.630001068115234,868800
2013-05-30,39.25959014892578,50.58000183105469,50.79999923706055,49.72999954223633,49.75,410300
2013-05-31,38.60758972167969,49.7400016784668,50.779998779296875,49.7400016784668,50.2599983215332,679900
2013-06-03,38.4834098815918,49.58000183105469,50.2599983215332,49.02000045776367,49.84000015258789,538600
2013-06-04,38.017696380615234,48.97999954223633,49.66999816894531,48.560001373291016,49.540000915527344,617400
2013-06-05,37.7382698059082,48.619998931884766,49.060001373291016,48.439998626708984,48.849998474121094,494700
2013-06-06,38.35921859741211,49.41999816894531,49.41999816894531,48.40999984741211,48.689998626708984,557600
2013-06-07,38.78611755371094,49.970001220703125,50.040000915527344,49.349998474121094,49.7400016784668,481300
2013-06-10,39.35273361206055,50.70000076293945,50.790000915527344,50.029998779296875,50.029998779296875,446900
2013-06-11,38.84821701049805,50.04999923706055,50.59000015258789,49.939998626708984,50.209999084472656,299200
2013-06-12,38.87150955200195,50.08000183105469,50.70000076293945,50.02000045776367,50.38999938964844,357000
2013-06-13,39.47692108154297,50.86000061035156,51.04999923706055,49.91999816894531,50.08000183105469,435800
2013-06-14,39.244075775146484,50.560001373291016,51.099998474121094,50.380001068115234,50.86000061035156,522900
2013-06-17,39.85725021362305,51.349998474121094,51.4900016784668,50.709999084472656,50.81999969482422,326100
2013-06-18,40.22206497192383,51.81999969482422,51.90999984741211,51.189998626708984,51.41999816894531,421200
2013-06-19,39.60887908935547,51.029998779296875,51.91999816894531,51.02000045776367,51.869998931884766,375700
2013-06-20,38.98016357421875,50.220001220703125,51.119998931884766,50.08000183105469,50.61000061035156,525300
2013-06-21,38.995704650878906,50.2400016784668,50.959999084472656,49.63999938964844,50.68000030517578,902200
2013-06-24,38.343692779541016,49.400001525878906,49.91999816894531,49.029998779296875,49.7599983215332,599100
2013-06-25,38.6696891784668,49.81999969482422,50.119998931884766,49.439998626708984,49.880001068115234,476900
2013-06-26,39.01122283935547,50.2599983215332,50.599998474121094,50.029998779296875,50.20000076293945,612600
2013-06-27,39.51573944091797,50.90999984741211,51.09000015258789,50.5099983215332,50.560001373291016,519900
2013-06-28,39.51573944091797,50.90999984741211,51.41999816894531,50.4900016784668,50.849998474121094,746000
2013-07-01,39.9814338684082,51.5099983215332,51.599998474121094,50.970001220703125,51.16999816894531,832100
2013-07-02,39.826210021972656,51.310001373291016,51.650001525878906,51.20000076293945,51.470001220703125,452900
2013-07-03,39.14317321777344,50.43000030517578,50.86000061035156,50.20000076293945,50.279998779296875,309700
2013-07-05,39.546791076660156,50.95000076293945,51.15999984741211,50.709999084472656,50.880001068115234,472400
2013-07-08,40.191017150878906,51.779998779296875,51.970001220703125,51.290000915527344,51.290000915527344,596900
2013-07-09,40.68003463745117,52.40999984741211,52.75,52.18000030517578,52.209999084472656,459500
2013-07-10,40.59463882446289,52.29999923706055,52.5099983215332,51.95000076293945,52.2400016784668,456900
2013-07-11,40.75762939453125,52.5099983215332,52.9900016784668,52.2400016784668,52.9900016784668,511100
2013-07-12,41.20783233642578,53.09000015258789,53.09000015258789,52.2599983215332,52.5099983215332,303100
2013-07-15,41.28544235229492,53.189998626708984,53.400001525878906,52.529998779296875,53.279998779296875,460100
2013-07-16,41.34755325317383,53.27000045776367,53.56999969482422,52.97999954223633,53.15999984741211,348800
2013-07-17,41.44844436645508,53.400001525878906,53.720001220703125,53.15999984741211,53.52000045776367,332500
2013-07-18,41.54159164428711,53.52000045776367,53.709999084472656,53.290000915527344,53.47999954223633,379200
2013-07-19,41.27769088745117,53.18000030517578,53.47999954223633,52.84000015258789,53.34000015258789,437800
2013-07-22,41.54159164428711,53.52000045776367,53.599998474121094,52.84000015258789,53.16999816894531,389000
2013-07-23,41.23110580444336,53.119998931884766,53.689998626708984,53.099998474121094,53.689998626708984,299700
2013-07-24,41.09139633178711,52.939998626708984,53.41999816894531,52.459999084472656,53.2400016784668,601500
2013-07-25,40.90511703491211,52.70000076293945,53.029998779296875,51.5,52.58000183105469,587500
2013-07-26,41.20783233642578,53.09000015258789,53.099998474121094,52.119998931884766,52.43000030517578,324200
2013-07-29,41.401878356933594,53.34000015258789,53.439998626708984,52.68000030517578,53.119998931884766,477000
2013-07-30,41.28544235229492,53.189998626708984,53.869998931884766,52.709999084472656,53.560001373291016,408800
2013-07-31,42.038352966308594,54.15999984741211,54.43000030517578,52.66999816894531,53.2400016784668,691500
2013-08-01,42.42644500732422,54.65999984741211,55.189998626708984,54.5,54.54999923706055,495000
2013-08-02,42.558387756347656,54.83000183105469,55.0,54.47999954223633,54.70000076293945,435400
2013-08-05,42.31000900268555,54.5099983215332,55.08000183105469,54.380001068115234,54.72999954223633,980300
2013-08-06,42.302242279052734,54.5,54.72999954223633,53.939998626708984,54.5099983215332,398400
2013-08-07,42.558387756347656,54.83000183105469,55.02000045776367,53.900001525878906,54.400001525878906,818700
2013-08-08,42.55064010620117,54.81999969482422,55.43000030517578,54.5,54.95000076293945,1599400
2013-08-09,42.84557342529297,55.20000076293945,55.290000915527344,54.63999938964844,54.83000183105469,534700
2013-08-12,43.22591781616211,55.689998626708984,55.90999984741211,54.68000030517578,55.029998779296875,749600
2013-08-13,43.280235290527344,55.7599983215332,55.97999954223633,55.279998779296875,55.75,804100
2013-08-14,43.14053726196289,55.58000183105469,56.119998931884766,55.43000030517578,55.70000076293945,409600
2013-08-15,42.48076629638672,54.72999954223633,55.349998474121094,54.70000076293945,55.150001525878906,514900
2013-08-16,42.86886978149414,55.22999954223633,55.45000076293945,54.54999923706055,54.68000030517578,348000
2013-08-19,42.2479248046875,54.43000030517578,55.279998779296875,54.43000030517578,55.15999984741211,319300
2013-08-20,42.76021957397461,55.09000015258789,55.27000045776367,54.20000076293945,54.599998474121094,519400
2013-08-21,42.57392501831055,54.849998474121094,55.439998626708984,54.7599983215332,55.040000915527344,369600
2013-08-22,43.33806610107422,55.58000183105469,55.81999969482422,54.77000045776367,54.779998779296875,345000
2013-08-23,43.688934326171875,56.029998779296875,56.06999969482422,55.29999923706055,55.65999984741211,490000
2013-08-26,43.31467056274414,55.54999923706055,56.119998931884766,55.36000061035156,56.029998779296875,403200
2013-08-27,41.965721130371094,53.81999969482422,55.15999984741211,53.77000045776367,54.869998931884766,526600
2013-08-28,41.65382385253906,53.41999816894531,53.90999984741211,53.369998931884766,53.779998779296875,740800
2013-08-29,41.79417419433594,53.599998474121094,53.869998931884766,53.25,53.369998931884766,445200
2013-08-30,41.357521057128906,53.040000915527344,53.81999969482422,52.939998626708984,53.72999954223633,470900
2013-09-03,41.99691390991211,53.86000061035156,54.2599983215332,53.41999816894531,53.72999954223633,434900
2013-09-04,42.46472930908203,54.459999084472656,54.77000045776367,53.779998779296875,53.779998779296875,373800
2013-09-05,42.18405532836914,54.099998474121094,54.4900016784668,53.9900016784668,54.369998931884766,375900
2013-09-06,41.887752532958984,53.720001220703125,54.34000015258789,53.04999923706055,54.150001525878906,336300
2013-09-09,42.48036193847656,54.47999954223633,54.54999923706055,53.400001525878906,53.400001525878906,441100
2013-09-10,43.509605407714844,55.79999923706055,55.810001373291016,54.7599983215332,54.869998931884766,606200
2013-09-11,43.532997131347656,55.83000183105469,55.83000183105469,55.15999984741211,55.79999923706055,506000
2013-09-12,42.963783264160156,55.099998474121094,55.869998931884766,55.0,55.869998931884766,349000
2013-09-13,43.04956817626953,55.209999084472656,55.52000045776367,54.86000061035156,55.29999923706055,395200
2013-09-16,43.67335891723633,56.0099983215332,56.209999084472656,55.599998474121094,55.939998626708984,358100
2013-09-17,43.78252029418945,56.150001525878906,56.41999816894531,56.02000045776367,56.02000045776367,844300
2013-09-18,43.51742172241211,55.810001373291016,56.209999084472656,55.720001220703125,56.16999816894531,673600
2013-09-19,42.88581848144531,55.0,56.38999938964844,54.88999938964844,56.25,871100
2013-09-20,41.957916259765625,53.810001373291016,54.939998626708984,53.66999816894531,54.939998626708984,1487800
2013-09-23,42.0982780456543,53.9900016784668,53.9900016784668,53.45000076293945,53.810001373291016,849000
2013-09-24,42.56612014770508,54.59000015258789,55.11000061035156,53.869998931884766,54.0,589200
2013-09-25,42.714271545410156,54.779998779296875,54.939998626708984,54.560001373291016,54.7400016784668,504700
2013-09-26,42.846824645996094,54.95000076293945,55.25,54.619998931884766,54.939998626708984,399600
2013-09-27,42.339996337890625,54.29999923706055,54.79999923706055,54.099998474121094,54.720001220703125,463700
2013-09-30,42.18405532836914,54.099998474121094,54.27000045776367,53.52000045776367,53.810001373291016,490500
2013-10-01,42.386783599853516,54.36000061035156,54.36000061035156,53.77000045776367,54.189998626708984,479700
2013-10-02,42.25421905517578,54.189998626708984,54.31999969482422,53.810001373291016,54.119998931884766,436800
2013-10-03,42.230838775634766,54.15999984741211,54.45000076293945,53.77000045776367,54.220001220703125,495100
2013-10-04,43.08075714111328,55.25,55.2599983215332,54.22999954223633,54.29999923706055,496200
2013-10-07,42.95600891113281,55.09000015258789,55.65999984741211,54.58000183105469,54.849998474121094,716600
2013-10-08,42.99497604370117,55.13999938964844,55.439998626708984,54.619998931884766,55.27000045776367,751700
2013-10-09,43.494014739990234,55.779998779296875,56.04999923706055,55.189998626708984,55.40999984741211,670400
2013-10-10,44.65584182739258,57.27000045776367,57.290000915527344,56.20000076293945,56.20000076293945,376700
2013-10-11,44.98332214355469,57.689998626708984,58.0099983215332,57.459999084472656,57.959999084472656,797100
2013-10-14,45.13927459716797,57.88999938964844,58.04999923706055,57.380001068115234,57.4900016784668,489500
2013-10-15,44.7572021484375,57.400001525878906,58.04999923706055,57.279998779296875,57.79999923706055,366400
2013-10-16,45.70848846435547,58.619998931884766,58.75,57.7400016784668,57.810001373291016,516500
2013-10-17,46.11394500732422,59.13999938964844,59.220001220703125,58.40999984741211,58.40999984741211,694000
2013-10-18,46.2620964050293,59.33000183105469,59.619998931884766,58.47999954223633,59.470001220703125,587100
2013-10-21,46.3946533203125,59.5,59.599998474121094,59.04999923706055,59.38999938964844,440500
2013-10-22,46.19191360473633,59.2400016784668,60.2599983215332,59.2400016784668,59.75,845600
2013-10-23,45.638309478759766,58.529998779296875,59.33000183105469,58.310001373291016,59.150001525878906,861000
2013-10-24,44.50768280029297,57.08000183105469,58.52000045776367,56.77000045776367,58.400001525878906,675700
2013-10-25,45.03009796142578,57.75,57.810001373291016,56.869998931884766,57.02000045776367,486800
2013-10-28,45.186058044433594,57.95000076293945,58.189998626708984,57.65999984741211,57.77000045776367,683200
2013-10-29,45.59153366088867,58.470001220703125,58.470001220703125,57.9900016784668,58.150001525878906,631200
2013-10-30,45.26402282714844,58.04999923706055,58.75,57.9900016784668,58.34000015258789,440100
2013-10-31,45.599327087402344,58.47999954223633,58.9900016784668,58.06999969482422,58.27000045776367,592200
2013-11-01,45.69289779663086,58.599998474121094,59.209999084472656,58.47999954223633,58.7400016784668,572300
2013-11-04,46.316680908203125,59.400001525878906,59.470001220703125,58.27000045776367,58.790000915527344,442900
2013-11-05,45.77086639404297,58.70000076293945,59.25,58.66999816894531,59.18000030517578,537600
2013-11-06,46.457027435302734,59.58000183105469,59.59000015258789,58.88999938964844,59.0099983215332,366200
2013-11-07,45.6461067199707,58.540000915527344,59.79999923706055,58.5,59.59000015258789,619500
2013-11-08,46.65977478027344,59.84000015258789,59.869998931884766,58.529998779296875,58.630001068115234,428100
2013-11-11,46.98725509643555,60.2599983215332,60.2599983215332,59.41999816894531,59.88999938964844,324100
2013-11-12,46.56620407104492,59.720001220703125,60.189998626708984,59.43000030517578,59.939998626708984,328600
2013-11-13,47.56427001953125,61.0,61.0,59.439998626708984,59.63999938964844,517300
2013-11-14,48.02431869506836,61.59000015258789,61.619998931884766,60.72999954223633,61.22999954223633,384400
2013-11-15,47.83718490600586,61.349998474121094,61.75,60.650001525878906,61.459999084472656,443000
2013-11-18,48.18806076049805,61.79999923706055,63.86000061035156,61.599998474121094,63.86000061035156,803700
2013-11-19,48.1568717956543,61.7599983215332,61.97999954223633,61.540000915527344,61.93000030517578,424000
2013-11-20,48.18806076049805,61.79999923706055,62.380001068115234,61.119998931884766,61.7400016784668,343000
2013-11-21,48.99898910522461,62.84000015258789,63.029998779296875,60.459999084472656,61.83000183105469,424900
2013-11-22,49.93467712402344,64.04000091552734,64.13999938964844,62.810001373291016,62.939998626708984,687500
2013-11-25,49.82551574707031,63.900001525878906,64.44999694824219,63.65999984741211,64.13999938964844,293000
2013-11-26,50.418121337890625,64.66000366210938,65.06999969482422,63.95000076293945,63.95000076293945,792200
2013-11-27,50.70774459838867,64.77999877929688,64.80999755859375,64.08999633789062,64.69000244140625,525800
2013-11-29,50.83298873901367,64.94000244140625,65.37999725341797,64.44999694824219,64.94999694824219,277800
2013-12-02,51.435733795166016,65.70999908447266,66.23999786376953,64.94000244140625,64.95999908447266,694200
2013-12-03,50.684261322021484,64.75,65.52999877929688,63.97999954223633,65.30999755859375,858800
2013-12-04,50.425960540771484,64.41999816894531,65.55000305175781,63.65999984741211,64.51000213623047,898100
2013-12-05,49.92497253417969,63.779998779296875,64.29000091552734,63.08000183105469,64.29000091552734,958300
2013-12-06,51.13827896118164,65.33000183105469,65.43000030517578,64.48999786376953,64.55000305175781,968700
2013-12-09,51.04434585571289,65.20999908447266,65.72000122070312,64.91000366210938,65.05000305175781,648100
2013-12-10,51.04434585571289,65.20999908447266,65.69999694824219,64.91999816894531,64.9800033569336,618900
2013-12-11,50.44942855834961,64.44999694824219,65.55999755859375,64.26000213623047,65.30999755859375,1015600
2013-12-12,50.38680648803711,64.37000274658203,64.75,64.1500015258789,64.41000366210938,556900
2013-12-13,50.292877197265625,64.25,64.56999969482422,63.68000030517578,64.56999969482422,374100
2013-12-16,50.723411560058594,64.80000305175781,65.02999877929688,64.27999877929688,64.69000244140625,508100
2013-12-17,50.49639129638672,64.51000213623047,64.95999908447266,64.18000030517578,64.66999816894531,537200
2013-12-18,51.15392303466797,65.3499984741211,65.45999908447266,63.599998474121094,64.8499984741211,799500
2013-12-19,51.013023376464844,65.16999816894531,65.62000274658203,64.83000183105469,65.29000091552734,494500
2013-12-20,51.459197998046875,65.73999786376953,66.23999786376953,65.12999725341797,65.5199966430664,1315900
2013-12-23,51.61576461791992,65.94000244140625,66.37000274658203,65.5,66.12999725341797,574100
2013-12-24,51.8584098815918,66.25,66.47000122070312,65.81999969482422,66.11000061035156,179700
2013-12-26,51.88973617553711,66.29000091552734,66.7300033569336,66.0199966430664,66.5,230000
2013-12-27,51.725345611572266,66.08000183105469,66.69000244140625,65.7699966430664,66.51000213623047,223800
2013-12-30,51.842769622802734,66.2300033569336,66.44000244140625,65.81999969482422,66.0999984741211,252200
2013-12-31,51.95235061645508,66.37000274658203,66.69000244140625,66.19999694824219,66.36000061035156,275800
2014-01-02,51.130435943603516,65.31999969482422,66.19000244140625,65.1500015258789,66.04000091552734,375500
2014-01-03,51.443546295166016,65.72000122070312,66.02999877929688,65.20999908447266,65.5,567800
2014-01-06,51.803627014160156,66.18000030517578,66.54000091552734,65.87999725341797,66.18000030517578,660100
2014-01-07,52.30458068847656,66.81999969482422,67.3499984741211,66.12999725341797,66.2300033569336,486400
2014-01-08,52.899505615234375,67.58000183105469,68.94999694824219,66.70999908447266,66.80999755859375,1795600
2014-01-09,53.525718688964844,68.37999725341797,68.70999908447266,67.87999725341797,67.94999694824219,831700
2014-01-10,53.02474594116211,67.73999786376953,68.63999938964844,67.58999633789062,68.51000213623047,611300
2014-01-13,52.1558723449707,66.62999725341797,68.26000213623047,66.55000305175781,67.80999755859375,581000
2014-01-14,52.68815994262695,67.30999755859375,67.41000366210938,66.69000244140625,66.80999755859375,362300
2014-01-15,53.13431167602539,67.87999725341797,68.04000091552734,67.33999633789062,67.48999786376953,584800
2014-01-16,52.84471893310547,67.51000213623047,67.88999938964844,67.12999725341797,67.81999969482422,380900
2014-01-17,52.95428466796875,67.6500015258789,67.83000183105469,67.30999755859375,67.5999984741211,361700
2014-01-21,52.852535247802734,67.5199966430664,68.37999725341797,67.05999755859375,67.8499984741211,411800
2014-01-22,52.73512268066406,67.37000274658203,67.94000244140625,67.30999755859375,67.56999969482422,599300
2014-01-23,51.725345611572266,66.08000183105469,67.23999786376953,65.95999908447266,66.88999938964844,533600
2014-01-24,50.20677185058594,64.13999938964844,65.66000366210938,64.12000274658203,65.45999908447266,568200
2014-01-27,50.629478454589844,64.68000030517578,65.22000122070312,64.05000305175781,64.29000091552734,768200
2014-01-28,51.29481506347656,65.52999877929688,65.79000091552734,64.87000274658203,64.87000274658203,654400
2014-01-29,50.37116622924805,64.3499984741211,65.11000061035156,64.20999908447266,64.9000015258789,710200
2014-01-30,51.39659881591797,65.66000366210938,65.69000244140625,64.56999969482422,64.79000091552734,420700
2014-01-31,51.15392303466797,65.3499984741211,66.01000213623047,64.55000305175781,64.55000305175781,970700
2014-02-03,50.097198486328125,64.0,65.93000030517578,63.93000030517578,65.43000030517578,1280300
2014-02-04,50.465084075927734,64.47000122070312,64.86000061035156,64.05000305175781,64.29000091552734,605800
2014-02-05,50.84081268310547,64.94999694824219,65.05000305175781,63.9900016784668,64.29000091552734,605400
2014-02-06,50.097198486328125,64.0,64.05999755859375,59.16999816894531,62.91999816894531,2125400
2014-02-07,50.38680648803711,64.37000274658203,65.3499984741211,63.970001220703125,64.18000030517578,947700
2014-02-10,50.3476676940918,64.31999969482422,64.55999755859375,63.56999969482422,64.30999755859375,613000
2014-02-11,50.151981353759766,64.06999969482422,64.44000244140625,63.459999084472656,64.2699966430664,748000
2014-02-12,49.784080505371094,63.599998474121094,64.2699966430664,63.310001373291016,64.25,709600
2014-02-13,50.01109313964844,63.88999938964844,63.900001525878906,62.540000915527344,63.22999954223633,633800
2014-02-14,50.136329650878906,64.05000305175781,64.16000366210938,63.470001220703125,63.59000015258789,452700
2014-02-18,50.51988220214844,64.54000091552734,64.97000122070312,63.900001525878906,64.16999816894531,680700
2014-02-19,49.94062805175781,63.79999923706055,65.36000061035156,63.790000915527344,64.44999694824219,443400
2014-02-20,50.18425369262695,63.86000061035156,63.939998626708984,62.93000030517578,63.599998474121094,422800
2014-02-21,50.01136016845703,63.63999938964844,64.19000244140625,63.54999923706055,64.01000213623047,639700
2014-02-24,50.37285614013672,64.0999984741211,64.52999877929688,63.61000061035156,63.689998626708984,785200
2014-02-25,50.03492736816406,63.66999816894531,64.12999725341797,63.54999923706055,64.12999725341797,567200
2014-02-26,49.99563980102539,63.619998931884766,64.19000244140625,63.33000183105469,63.779998779296875,547200
2014-02-27,51.00938034057617,64.91000366210938,65.02999877929688,63.709999084472656,63.709999084472656,1118700
2014-02-28,51.57518768310547,65.62999725341797,65.80999755859375,64.79000091552734,64.79000091552734,658100
2014-03-03,51.19013214111328,65.13999938964844,65.58000183105469,64.79000091552734,64.9000015258789,573200
2014-03-04,52.070281982421875,66.26000213623047,66.26000213623047,65.55999755859375,65.9000015258789,577800
2014-03-05,52.235321044921875,66.47000122070312,66.66000366210938,65.88999938964844,66.2300033569336,491900
2014-03-06,52.73826217651367,67.11000061035156,67.2699966430664,66.47000122070312,66.55999755859375,641500
2014-03-07,53.3905029296875,67.94000244140625,68.29000091552734,67.30000305175781,67.30000305175781,749400
2014-03-10,53.98774719238281,68.69999694824219,69.12000274658203,67.55000305175781,67.69000244140625,946200
2014-03-11,52.60466384887695,66.94000244140625,69.26000213623047,66.55999755859375,68.61000061035156,1002600
2014-03-12,51.78736877441406,65.9000015258789,66.33999633789062,65.66000366210938,66.33999633789062,877500
2014-03-13,51.08797836303711,65.01000213623047,66.25,64.77999877929688,66.05999755859375,592700
2014-03-14,51.370872497558594,65.37000274658203,65.77999877929688,64.95999908447266,64.95999908447266,614000
2014-03-17,51.6380729675293,65.70999908447266,66.30999755859375,65.55999755859375,65.58999633789062,495100
2014-03-18,52.070281982421875,66.26000213623047,66.37999725341797,65.70999908447266,65.80999755859375,348800
2014-03-19,51.26085662841797,65.2300033569336,66.4000015258789,64.91000366210938,66.37000274658203,707200
2014-03-20,51.65379333496094,65.7300033569336,66.04000091552734,64.94000244140625,65.0999984741211,357800
2014-03-21,51.716636657714844,65.80999755859375,66.5,65.69000244140625,66.23999786376953,725000
2014-03-24,51.685211181640625,65.7699966430664,66.5199966430664,65.58000183105469,65.80999755859375,424100
2014-03-25,51.44160079956055,65.45999908447266,66.19999694824219,65.36000061035156,65.9800033569336,469700
2014-03-26,51.16655349731445,65.11000061035156,66.22000122070312,65.11000061035156,65.81999969482422,332300
2014-03-27,50.042789459228516,63.68000030517578,65.23999786376953,63.459999084472656,65.02999877929688,761400
2014-03-28,50.15281295776367,63.81999969482422,64.23999786376953,63.599998474121094,64.02999877929688,354700
2014-03-31,51.04867935180664,64.95999908447266,65.08000183105469,64.08999633789062,64.08999633789062,433800
2014-04-01,51.70880889892578,65.80000305175781,65.83000183105469,65.18000030517578,65.31999969482422,496000
2014-04-02,51.79524230957031,65.91000366210938,65.9800033569336,65.4800033569336,65.75,621600
2014-04-03,52.196014404296875,66.41999816894531,66.8499984741211,65.95999908447266,66.18000030517578,500900
2014-04-04,51.559486389160156,65.61000061035156,66.83000183105469,65.58000183105469,66.66999816894531,335400
2014-04-07,50.89150619506836,64.76000213623047,65.76000213623047,64.44000244140625,65.5199966430664,668100
2014-04-08,50.875789642333984,64.73999786376953,65.2699966430664,64.47000122070312,64.69000244140625,754900
2014-04-09,50.938655853271484,64.81999969482422,65.16999816894531,64.36000061035156,65.0199966430664,490300
2014-04-10,50.113525390625,63.77000045776367,65.44000244140625,63.77000045776367,64.91999816894531,530800
2014-04-11,49.681297302246094,63.220001220703125,63.77000045776367,62.970001220703125,63.279998779296875,433500
2014-04-14,49.93278503417969,63.540000915527344,64.05999755859375,63.209999084472656,63.70000076293945,523000
2014-04-15,50.113525390625,63.77000045776367,63.810001373291016,62.540000915527344,63.65999984741211,659000
2014-04-16,51.04867935180664,64.95999908447266,65.13999938964844,64.19999694824219,64.25,529000
2014-04-17,51.82666778564453,65.94999694824219,66.2300033569336,65.01000213623047,65.01000213623047,409800
2014-04-21,51.79524230957031,65.91000366210938,66.20999908447266,65.62999725341797,65.81999969482422,351300
2014-04-22,52.17245864868164,66.38999938964844,66.79000091552734,65.73999786376953,66.0199966430664,392600
2014-04-23,52.361045837402344,66.62999725341797,66.91000366210938,66.33999633789062,66.33999633789062,439500
2014-04-24,52.78540802001953,67.16999816894531,67.91000366210938,64.87000274658203,64.87000274658203,1010600
2014-04-25,52.423919677734375,66.70999908447266,67.31999969482422,66.33999633789062,67.16000366210938,438800
2014-04-28,51.88166046142578,66.0199966430664,66.98999786376953,65.47000122070312,66.94000244140625,975900
2014-04-29,52.416053771972656,66.69999694824219,66.98999786376953,65.97000122070312,66.0199966430664,542400
2014-04-30,52.97400665283203,67.41000366210938,67.66999816894531,66.38999938964844,66.73999786376953,591100
2014-05-01,53.14691162109375,67.62999725341797,68.33000183105469,67.0999984741211,67.38999938964844,426100
2014-05-02,53.453372955322266,68.0199966430664,68.30000305175781,67.51000213623047,67.56999969482422,387700
2014-05-05,53.2411994934082,67.75,68.11000061035156,67.29000091552734,67.52999877929688,325300
2014-05-06,52.38461685180664,66.66000366210938,67.83000183105469,66.6500015258789,67.6500015258789,573100
2014-05-07,52.11743927001953,66.31999969482422,67.13999938964844,66.0999984741211,66.81999969482422,703200
2014-05-08,52.573219299316406,66.9000015258789,67.08999633789062,65.94999694824219,66.36000061035156,473900
2014-05-09,53.15475845336914,67.63999938964844,67.80999755859375,66.54000091552734,66.88999938964844,711700
2014-05-12,53.61840057373047,68.2300033569336,68.45999908447266,67.73999786376953,67.81999969482422,394000
2014-05-13,53.79128646850586,68.44999694824219,68.62999725341797,68.01000213623047,68.25,321700
2014-05-14,53.16259765625,67.6500015258789,68.58999633789062,67.43000030517578,68.30000305175781,406900
2014-05-15,52.6439323425293,66.98999786376953,67.54000091552734,65.94000244140625,67.33000183105469,444000
2014-05-16,52.2824592590332,66.52999877929688,66.66999816894531,65.43000030517578,65.58999633789062,525000
2014-05-19,52.26674270629883,66.51000213623047,66.91999816894531,66.13999938964844,66.36000061035156,375500
2014-05-20,52.10955810546875,66.30999755859375,66.87999725341797,66.16999816894531,66.44999694824219,564100
2014-05-21,52.306026458740234,66.55999755859375,66.95999908447266,66.2300033569336,66.47000122070312,291500
2014-05-22,52.503292083740234,66.54000091552734,66.91999816894531,66.18000030517578,66.25,406400
2014-05-23,52.526973724365234,66.56999969482422,66.83000183105469,66.4000015258789,66.54000091552734,324700
2014-05-27,53.39490509033203,67.66999816894531,67.68000030517578,66.56999969482422,66.80000305175781,489800
2014-05-28,53.17399978637695,67.38999938964844,68.0,67.16000366210938,67.75,391500
2014-05-29,53.45804977416992,67.75,67.81999969482422,67.22000122070312,67.41000366210938,285600
2014-05-30,53.505393981933594,67.80999755859375,68.1500015258789,67.69000244140625,67.69000244140625,397100
2014-06-02,53.907806396484375,68.31999969482422,68.37000274658203,67.51000213623047,67.97000122070312,374800
2014-06-03,53.978824615478516,68.41000366210938,68.45999908447266,67.80000305175781,68.0,490100
2014-06-04,54.61006164550781,69.20999908447266,69.58999633789062,68.2300033569336,68.45999908447266,410000
2014-06-05,54.75209426879883,69.38999938964844,69.56999969482422,68.75,69.41999816894531,764800
2014-06-06,54.657413482666016,69.2699966430664,69.70999908447266,69.18000030517578,69.4800033569336,660100
2014-06-09,54.31021499633789,68.83000183105469,69.3499984741211,68.66999816894531,69.08999633789062,1048700
2014-06-10,54.10506057739258,68.56999969482422,68.97000122070312,68.41999816894531,68.6500015258789,755000
2014-06-11,53.789459228515625,68.16999816894531,68.62000274658203,68.13999938964844,68.44999694824219,448000
2014-06-12,53.363380432128906,67.62999725341797,68.26000213623047,67.51000213623047,68.19999694824219,652100
2014-06-13,53.28444290161133,67.52999877929688,68.02999877929688,67.18000030517578,67.7300033569336,909400
2014-06-16,52.80315017700195,66.91999816894531,67.44999694824219,66.87999725341797,67.33000183105469,605200
2014-06-17,53.22134017944336,67.44999694824219,67.80999755859375,66.80000305175781,66.91000366210938,680700
2014-06-18,53.42647933959961,67.70999908447266,67.83999633789062,66.87000274658203,67.44999694824219,520400
2014-06-19,53.639522552490234,67.9800033569336,67.9800033569336,67.12000274658203,67.77999877929688,517800
2014-06-20,53.74999237060547,68.12000274658203,68.27999877929688,67.69000244140625,68.0199966430664,541100
2014-06-23,53.58428955078125,67.91000366210938,68.36000061035156,67.66000366210938,68.13999938964844,383800
2014-06-24,53.142425537109375,67.3499984741211,68.51000213623047,67.33000183105469,67.68000030517578,340300
2014-06-25,52.30604934692383,66.29000091552734,67.08000183105469,65.9000015258789,66.83999633789062,874300
2014-06-26,52.21135711669922,66.16999816894531,66.33000183105469,65.69000244140625,66.33000183105469,462200
2014-06-27,51.75370407104492,65.58999633789062,66.13999938964844,65.16999816894531,65.7300033569336,807000
2014-06-30,51.72214126586914,65.55000305175781,66.12999725341797,65.26000213623047,65.6500015258789,575300
2014-07-01,52.29814529418945,66.27999877929688,66.83999633789062,65.79000091552734,65.9800033569336,550100
2014-07-02,51.64323425292969,65.44999694824219,66.41000366210938,65.27999877929688,66.19999694824219,644800
2014-07-03,52.16401290893555,66.11000061035156,66.36000061035156,65.2699966430664,65.93000030517578,995200
2014-07-07,52.27446365356445,66.25,66.62999725341797,65.9000015258789,66.08999633789062,840500
2014-07-08,52.07721710205078,66.0,66.19000244140625,65.5199966430664,66.05999755859375,826400
2014-07-09,51.659019470214844,65.47000122070312,66.33000183105469,65.08000183105469,66.22000122070312,926300
2014-07-10,51.88784408569336,65.76000213623047,65.97000122070312,64.41999816894531,64.41999816894531,682800
2014-07-11,52.108795166015625,66.04000091552734,66.19000244140625,65.16000366210938,65.54000091552734,567200
2014-07-14,52.21135711669922,66.16999816894531,66.75,66.11000061035156,66.38999938964844,368400
2014-07-15,52.345489501953125,66.33999633789062,66.66000366210938,66.02999877929688,66.29000091552734,341500
2014-07-16,52.15612030029297,66.0999984741211,66.63999938964844,65.8499984741211,66.41999816894531,398900
2014-07-17,51.16189956665039,64.83999633789062,65.83000183105469,64.69000244140625,65.5999984741211,505900
2014-07-18,51.832603454589844,65.69000244140625,65.75,64.94000244140625,65.08000183105469,347100
2014-07-21,51.7615966796875,65.5999984741211,65.76000213623047,65.19999694824219,65.33000183105469,334100
2014-07-22,51.895729064941406,65.7699966430664,65.94000244140625,65.4800033569336,65.69000244140625,483200
2014-07-23,51.943077087402344,65.83000183105469,66.0,65.5,65.69999694824219,382600
2014-07-24,51.91151809692383,65.79000091552734,66.98999786376953,64.88999938964844,66.63999938964844,689800
2014-07-25,52.006202697753906,65.91000366210938,66.16999816894531,65.44000244140625,65.54000091552734,524600
2014-07-28,52.38494873046875,66.38999938964844,66.51000213623047,65.69000244140625,65.80999755859375,510400
2014-07-29,51.44597244262695,65.19999694824219,66.44999694824219,65.19000244140625,66.37999725341797,566600
2014-07-30,51.02775955200195,64.66999816894531,65.51000213623047,64.33000183105469,65.23999786376953,376400
2014-07-31,49.99412536621094,63.36000061035156,64.58000183105469,63.27000045776367,64.4800033569336,593400
2014-08-01,50.088802337646484,63.47999954223633,63.70000076293945,63.02000045776367,63.09000015258789,496900
2014-08-04,50.286067962646484,63.72999954223633,63.970001220703125,63.20000076293945,63.689998626708984,519700
2014-08-05,50.0572509765625,63.439998626708984,64.02999877929688,63.2400016784668,63.77000045776367,663100
2014-08-06,50.32551956176758,63.779998779296875,64.06999969482422,63.13999938964844,63.20000076293945,337900
2014-08-07,50.09669494628906,63.4900016784668,64.37000274658203,63.22999954223633,64.01000213623047,461500
2014-08-08,50.649044036865234,64.19000244140625,64.2300033569336,63.16999816894531,63.43000030517578,404300
2014-08-11,50.37287521362305,63.84000015258789,64.76000213623047,63.779998779296875,64.2300033569336,381200
2014-08-12,50.52278518676758,64.02999877929688,64.30999755859375,63.70000076293945,63.75,317800
2014-08-13,51.07512283325195,64.7300033569336,64.81999969482422,64.02999877929688,64.22000122070312,286300
2014-08-14,51.44597244262695,65.19999694824219,65.22000122070312,64.70999908447266,64.7300033569336,356700
2014-08-15,51.21714782714844,64.91000366210938,65.5,64.48999786376953,65.2699966430664,340100
2014-08-18,52.219242095947266,66.18000030517578,66.19999694824219,65.05999755859375,65.27999877929688,561000
2014-08-19,51.943077087402344,65.83000183105469,66.37999725341797,65.79000091552734,66.19999694824219,392000
2014-08-20,51.81681823730469,65.66999816894531,65.9000015258789,65.47000122070312,65.66000366210938,324400
2014-08-21,52.117916107177734,65.77999877929688,65.86000061035156,65.16999816894531,65.44999694824219,299100
2014-08-22,51.491981506347656,64.98999786376953,65.69999694824219,64.94999694824219,65.69000244140625,613400
2014-08-25,52.28428268432617,65.98999786376953,66.23999786376953,65.26000213623047,65.45999908447266,315700
2014-08-26,52.632904052734375,66.43000030517578,66.54000091552734,66.01000213623047,66.04000091552734,225500
2014-08-27,52.71213912963867,66.52999877929688,66.66000366210938,66.23999786376953,66.36000061035156,270700
2014-08-28,52.75176239013672,66.58000183105469,66.7300033569336,65.95999908447266,66.20999908447266,236800
2014-08-29,52.88645553588867,66.75,66.9800033569336,66.48999786376953,66.73999786376953,351200
2014-09-02,52.95773696899414,66.83999633789062,67.27999877929688,66.58000183105469,66.77999877929688,322800
2014-09-03,52.617069244384766,66.41000366210938,67.2300033569336,66.3499984741211,67.19999694824219,443000
2014-09-04,52.6249885559082,66.41999816894531,66.86000061035156,66.19999694824219,66.44999694824219,607000
2014-09-05,52.81513214111328,66.66000366210938,67.06999969482422,66.05000305175781,66.43000030517578,525300
2014-09-08,52.81513214111328,66.66000366210938,67.0,66.23999786376953,66.79000091552734,321000
2014-09-09,52.02283477783203,65.66000366210938,66.5,65.51000213623047,66.5,528300
2014-09-10,51.83266830444336,65.41999816894531,66.0,65.08000183105469,65.6500015258789,418200
2014-09-11,51.31768798828125,64.7699966430664,65.37999725341797,64.72000122070312,65.12999725341797,372000
2014-09-12,51.24636459350586,64.68000030517578,65.26000213623047,64.37000274658203,64.7300033569336,741600
2014-09-15,51.64249801635742,65.18000030517578,65.56999969482422,64.31999969482422,64.7699966430664,622900
2014-09-16,51.83266830444336,65.41999816894531,65.66000366210938,65.19000244140625,65.23999786376953,276600
2014-09-17,51.73759841918945,65.30000305175781,65.69999694824219,65.04000091552734,65.41999816894531,473500
2014-09-18,52.10996627807617,65.7699966430664,65.80000305175781,65.29000091552734,65.5199966430664,374600
2014-09-19,52.54576110839844,66.31999969482422,66.48999786376953,65.81999969482422,66.01000213623047,725500
2014-09-22,52.07035827636719,65.72000122070312,66.20999908447266,65.55999755859375,66.12999725341797,311700
2014-09-23,51.388980865478516,64.86000061035156,65.69999694824219,64.86000061035156,65.44000244140625,317900
2014-09-24,51.87229537963867,65.47000122070312,65.66000366210938,64.7699966430664,64.8499984741211,293300
2014-09-25,51.35728073120117,64.81999969482422,65.55000305175781,64.66000366210938,65.29000091552734,541400
2014-09-26,51.73759841918945,65.30000305175781,65.5199966430664,64.63999938964844,64.80999755859375,339000
2014-09-29,51.20674133300781,64.62999725341797,65.25,64.33000183105469,65.13999938964844,422900
2014-09-30,50.94529342651367,64.30000305175781,64.87000274658203,64.04000091552734,64.56999969482422,427600
2014-10-01,49.93905258178711,63.029998779296875,64.23999786376953,63.02000045776367,64.11000061035156,554700
2014-10-02,50.27183532714844,63.45000076293945,63.540000915527344,62.290000915527344,63.0,660400
2014-10-03,50.96113204956055,64.31999969482422,64.44999694824219,63.66999816894531,63.93000030517578,681500
2014-10-06,50.50160598754883,63.7400016784668,64.62000274658203,63.5,64.54000091552734,453800
2014-10-07,49.669673919677734,62.689998626708984,63.52000045776367,62.65999984741211,63.33000183105469,456800
2014-10-08,50.46990966796875,63.70000076293945,63.779998779296875,62.5099983215332,62.79999923706055,723200
2014-10-09,49.1626091003418,62.04999923706055,63.7400016784668,62.0099983215332,63.58000183105469,861600
2014-10-10,48.65553283691406,61.40999984741211,62.68000030517578,61.400001525878906,61.97999954223633,626600
2014-10-13,48.180137634277344,60.810001373291016,61.83000183105469,60.77000045776367,61.189998626708984,507000
2014-10-14,48.87736892700195,61.689998626708984,62.220001220703125,60.83000183105469,61.060001373291016,517300
2014-10-15,48.40198516845703,61.09000015258789,61.54999923706055,60.34000015258789,60.9900016784668,1043400
2014-10-16,48.853599548339844,61.65999984741211,61.90999984741211,60.15999984741211,60.20000076293945,606300
2014-10-17,49.376548767089844,62.31999969482422,62.790000915527344,61.900001525878906,62.04999923706055,571800
2014-10-20,49.733062744140625,62.77000045776367,62.869998931884766,62.060001373291016,62.33000183105469,413400
2014-10-21,51.0007438659668,64.37000274658203,64.47000122070312,62.93000030517578,63.060001373291016,349600
2014-10-22,50.79475784301758,64.11000061035156,64.98999786376953,64.06999969482422,64.44000244140625,327900
2014-10-23,51.13543701171875,64.54000091552734,65.0199966430664,64.4000015258789,64.86000061035156,382400
2014-10-24,51.96735382080078,65.58999633789062,65.5999984741211,64.47000122070312,64.47000122070312,370600
2014-10-27,52.6883659362793,66.5,66.5999984741211,65.0999984741211,65.38999938964844,448700
2014-10-28,52.87852478027344,66.73999786376953,67.08999633789062,66.2300033569336,66.5999984741211,662500
2014-10-29,53.26674270629883,67.2300033569336,67.44000244140625,66.55000305175781,66.93000030517578,503500
2014-10-30,53.63913345336914,67.69999694824219,67.81999969482422,66.1500015258789,67.1500015258789,539800
2014-10-31,54.05113220214844,68.22000122070312,68.43000030517578,67.83999633789062,68.31999969482422,626500
2014-11-03,54.375972747802734,68.62999725341797,69.26000213623047,68.38999938964844,68.43000030517578,618600
2014-11-04,54.407657623291016,68.66999816894531,68.9800033569336,68.27999877929688,68.61000061035156,387800
2014-11-05,54.344276428222656,68.58999633789062,69.12999725341797,68.44999694824219,68.83999633789062,441600
2014-11-06,54.20958709716797,68.41999816894531,68.4800033569336,67.51000213623047,68.45999908447266,480900
2014-11-07,53.85305404663086,67.97000122070312,68.55999755859375,67.80999755859375,68.27999877929688,430700
2014-11-10,53.876827239990234,68.0,68.22000122070312,67.62000274658203,68.11000061035156,391000
2014-11-11,53.726287841796875,67.80999755859375,68.18000030517578,67.68000030517578,68.05000305175781,258700
2014-11-12,53.98774719238281,68.13999938964844,68.44000244140625,67.5,67.5,543100
2014-11-13,53.75005340576172,67.83999633789062,68.23999786376953,67.54000091552734,68.16000366210938,529000
2014-11-14,53.551971435546875,67.58999633789062,68.0199966430664,67.30000305175781,67.66999816894531,679300
2014-11-17,53.82928466796875,67.94000244140625,68.18000030517578,67.36000061035156,67.58999633789062,624000
2014-11-18,53.868900299072266,67.98999786376953,68.27999877929688,67.83000183105469,68.0,515200
2014-11-19,53.63913345336914,67.69999694824219,68.0,67.62000274658203,67.93000030517578,434700
2014-11-20,53.85305404663086,67.97000122070312,68.25,67.41999816894531,67.41999816894531,737600
2014-11-21,54.42353057861328,68.69000244140625,68.7300033569336,68.08000183105469,68.6500015258789,2001800
2014-11-24,54.15411376953125,68.3499984741211,68.79000091552734,68.16999816894531,68.66999816894531,686800
2014-11-25,53.82928466796875,67.94000244140625,68.37999725341797,67.69000244140625,68.16999816894531,569900
2014-11-26,53.76564025878906,67.58999633789062,67.86000061035156,67.37999725341797,67.69999694824219,451600
2014-11-28,53.76564025878906,67.58999633789062,68.0,67.16000366210938,67.52999877929688,179600
2014-12-01,53.574737548828125,67.3499984741211,67.66000366210938,66.94999694824219,67.16000366210938,585600
2014-12-02,53.96451187133789,67.83999633789062,67.9800033569336,67.29000091552734,67.43000030517578,513700
2014-12-03,54.60089111328125,68.63999938964844,69.77999877929688,67.72000122070312,67.94000244140625,1266500
2014-12-04,54.88726043701172,69.0,69.25,68.44999694824219,68.44999694824219,706200
2014-12-05,54.72018814086914,68.79000091552734,69.62000274658203,68.66000366210938,69.08999633789062,629000
2014-12-08,54.94294357299805,69.06999969482422,69.47000122070312,68.58999633789062,68.77999877929688,624100
2014-12-09,54.40998458862305,68.4000015258789,68.68000030517578,67.94000244140625,68.33999633789062,415400
2014-12-10,53.614501953125,67.4000015258789,68.5199966430664,67.37999725341797,68.31999969482422,479900
2014-12-11,54.083831787109375,67.98999786376953,68.5,67.52999877929688,67.55000305175781,412500
2014-12-12,52.65199661254883,66.19000244140625,67.87999725341797,66.16999816894531,67.33999633789062,392600
2014-12-15,52.0235710144043,65.4000015258789,66.62999725341797,65.11000061035156,66.36000061035156,737400
2014-12-16,51.761077880859375,65.06999969482422,66.5,64.87999725341797,65.20999908447266,547500
2014-12-17,52.65199661254883,66.19000244140625,66.41999816894531,65.33000183105469,65.36000061035156,615300
2014-12-18,53.86110305786133,67.70999908447266,67.70999908447266,66.52999877929688,67.19000244140625,486900
2014-12-19,54.60884475708008,68.6500015258789,68.80000305175781,67.75,68.02999877929688,681200
2014-12-22,54.65660095214844,68.70999908447266,69.0,68.47000122070312,68.9000015258789,364300
2014-12-23,55.070228576660156,69.2300033569336,69.66000366210938,68.72000122070312,69.0999984741211,337200
2014-12-24,55.02248001098633,69.16999816894531,69.62999725341797,68.83000183105469,69.43000030517578,214400
2014-12-26,54.934993743896484,69.05999755859375,69.52999877929688,69.02999877929688,69.29000091552734,240700
2014-12-29,55.03837966918945,69.19000244140625,69.87999725341797,68.75,69.0,272000
2014-12-30,55.3009033203125,69.5199966430664,69.80999755859375,68.62999725341797,69.06999969482422,226700
2014-12-31,54.433837890625,68.43000030517578,69.94000244140625,68.38999938964844,69.69000244140625,299000
2015-01-02,53.9088249206543,67.7699966430664,68.81999969482422,67.4800033569336,68.5199966430664,452300
2015-01-05,52.69969940185547,66.25,67.76000213623047,65.98999786376953,67.6500015258789,656400
2015-01-06,51.96790313720703,65.33000183105469,66.83999633789062,65.16000366210938,66.2300033569336,686000
2015-01-07,52.17469787597656,65.58999633789062,66.1500015258789,65.19999694824219,65.69999694824219,576600
2015-01-08,52.95426559448242,66.56999969482422,66.8499984741211,66.08999633789062,66.19999694824219,759400
2015-01-09,52.77131271362305,66.33999633789062,66.86000061035156,65.93000030517578,66.80999755859375,602200
2015-01-12,52.516754150390625,66.0199966430664,66.69000244140625,65.63999938964844,66.4800033569336,488600
2015-01-13,52.516754150390625,66.0199966430664,67.52999877929688,65.51000213623047,66.43000030517578,556100
2015-01-14,52.119014739990234,65.5199966430664,65.54000091552734,64.5999984741211,65.08000183105469,505300
2015-01-15,51.4349250793457,64.66000366210938,65.61000061035156,64.26000213623047,65.4000015258789,726600
2015-01-16,51.84855651855469,65.18000030517578,65.29000091552734,64.5,64.6500015258789,609300
2015-01-20,51.26786804199219,64.44999694824219,65.5,64.16000366210938,65.19000244140625,412500
2015-01-21,51.67356872558594,64.95999908447266,65.02999877929688,63.779998779296875,64.19999694824219,695600
2015-01-22,52.46904754638672,65.95999908447266,66.08999633789062,64.75,65.41000366210938,439400
2015-01-23,51.928123474121094,65.27999877929688,66.12000274658203,65.26000213623047,65.80000305175781,417100
2015-01-26,51.99971008300781,65.37000274658203,65.5999984741211,64.83000183105469,65.12000274658203,411600
2015-01-27,51.80084991455078,65.12000274658203,65.37999725341797,64.66999816894531,64.68000030517578,454700
2015-01-28,50.774696350097656,63.83000183105469,65.68000030517578,63.790000915527344,65.58000183105469,544000
2015-01-29,51.25993347167969,64.44000244140625,64.5999984741211,63.56999969482422,64.08000183105469,373900
2015-01-30,50.52014923095703,63.5099983215332,64.54000091552734,63.369998931884766,63.75,698000
2015-02-02,51.371280670166016,64.58000183105469,64.6500015258789,63.279998779296875,63.56999969482422,368000
2015-02-03,52.230403900146484,65.66000366210938,65.72000122070312,64.5999984741211,64.73999786376953,399300
2015-02-04,52.150840759277344,65.55999755859375,66.12999725341797,65.38999938964844,65.52999877929688,372800
2015-02-05,52.72358703613281,66.27999877929688,66.31999969482422,65.5,65.56999969482422,263800
2015-02-06,52.779273986816406,66.3499984741211,67.19000244140625,66.1500015258789,66.55000305175781,356200
2015-02-09,52.37356948852539,65.83999633789062,66.4000015258789,65.68000030517578,65.94999694824219,346300
2015-02-10,52.54064178466797,66.05000305175781,66.4000015258789,65.72000122070312,66.33000183105469,347700
2015-02-11,52.73948669433594,66.30000305175781,66.52999877929688,65.94000244140625,65.94000244140625,286400
2015-02-12,52.8349494934082,66.41999816894531,66.97000122070312,65.88999938964844,66.48999786376953,748900
2015-02-13,48.873512268066406,61.439998626708984,63.15999984741211,61.150001525878906,62.4900016784668,2456400
2015-02-17,48.42012405395508,60.869998931884766,61.880001068115234,60.689998626708984,61.4900016784668,1349400
2015-02-18,48.18145751953125,60.56999969482422,61.099998474121094,60.119998931884766,60.459999084472656,1230400
2015-02-19,48.604949951171875,60.83000183105469,61.040000915527344,60.029998779296875,60.27000045776367,1309700
2015-02-20,48.47710418701172,60.66999816894531,60.79999923706055,59.81999969482422,60.59000015258789,1241200
2015-02-23,48.11753845214844,60.220001220703125,60.7400016784668,60.0099983215332,60.630001068115234,463200
2015-02-24,48.54103088378906,60.75,60.84000015258789,59.83000183105469,59.880001068115234,790500
2015-02-25,48.95652770996094,61.27000045776367,61.52000045776367,60.66999816894531,60.66999816894531,718300
2015-02-26,48.788726806640625,61.060001373291016,61.58000183105469,60.88999938964844,61.060001373291016,677600
2015-02-27,48.95652770996094,61.27000045776367,61.66999816894531,60.90999984741211,61.09000015258789,580400
2015-03-02,49.29212188720703,61.689998626708984,61.72999954223633,60.630001068115234,61.27000045776367,490600
2015-03-03,49.03642272949219,61.369998931884766,62.0,60.810001373291016,61.38999938964844,658300
2015-03-04,48.38121795654297,60.54999923706055,61.13999938964844,60.43000030517578,60.970001220703125,643800
2015-03-05,49.25215530395508,61.63999938964844,61.75,60.2400016784668,60.56999969482422,718700
2015-03-06,49.21221160888672,61.59000015258789,62.38999938964844,61.290000915527344,61.56999969482422,623600
2015-03-09,49.69963836669922,62.20000076293945,62.529998779296875,61.310001373291016,61.59000015258789,690700
2015-03-10,48.636924743652344,60.869998931884766,61.91999816894531,60.83000183105469,61.880001068115234,417000
2015-03-11,48.181453704833984,60.29999923706055,61.06999969482422,59.9900016784668,60.880001068115234,765000
2015-03-12,49.435943603515625,61.869998931884766,61.970001220703125,60.66999816894531,60.83000183105469,430200
2015-03-13,48.91657638549805,61.220001220703125,61.95000076293945,60.88999938964844,61.75,395000
2015-03-16,49.356040954589844,61.77000045776367,61.869998931884766,61.290000915527344,61.349998474121094,390500
2015-03-17,49.419960021972656,61.849998474121094,62.040000915527344,61.189998626708984,61.439998626708984,336400
2015-03-18,49.555789947509766,62.02000045776367,62.52000045776367,61.33000183105469,61.75,629600
2015-03-19,48.988494873046875,61.310001373291016,62.189998626708984,61.0,62.029998779296875,610300
2015-03-20,49.69163513183594,62.189998626708984,62.41999816894531,61.310001373291016,61.310001373291016,1098200
2015-03-23,49.69963836669922,62.20000076293945,62.939998626708984,62.13999938964844,62.189998626708984,651200
2015-03-24,49.62771987915039,62.11000061035156,62.5,61.93000030517578,62.06999969482422,358400
2015-03-25,48.72480010986328,60.97999954223633,62.400001525878906,60.939998626708984,62.040000915527344,437900
2015-03-26,48.988494873046875,61.310001373291016,61.439998626708984,60.22999954223633,60.52000045776367,890900
2015-03-27,48.684852600097656,60.93000030517578,61.34000015258789,60.59000015258789,61.279998779296875,277300
2015-03-30,49.22819900512695,61.61000061035156,62.02000045776367,61.20000076293945,61.20000076293945,302500
2015-03-31,49.06838607788086,61.40999984741211,61.7599983215332,61.029998779296875,61.470001220703125,347400
2015-04-01,48.8686408996582,61.15999984741211,61.79999923706055,60.72999954223633,61.06999969482422,626600
2015-04-02,49.06838607788086,61.40999984741211,61.75,60.939998626708984,61.08000183105469,461000
2015-04-06,49.004459381103516,61.33000183105469,61.599998474121094,60.81999969482422,60.900001525878906,389100
2015-04-07,48.86065673828125,61.150001525878906,61.650001525878906,61.11000061035156,61.380001068115234,304500
2015-04-08,49.30010986328125,61.70000076293945,61.81999969482422,61.040000915527344,61.27000045776367,370600
2015-04-09,49.38001251220703,61.79999923706055,62.130001068115234,61.47999954223633,61.709999084472656,304300
2015-04-10,49.37201690673828,61.790000915527344,62.189998626708984,61.41999816894531,62.099998474121094,232900
2015-04-13,49.69963836669922,62.20000076293945,62.380001068115234,61.61000061035156,61.65999984741211,373000
2015-04-14,49.204227447509766,61.58000183105469,62.119998931884766,61.130001068115234,61.779998779296875,447200
2015-04-15,49.14030456542969,61.5,61.849998474121094,61.06999969482422,61.61000061035156,296400
2015-04-16,49.340049743652344,61.75,62.0,61.119998931884766,61.400001525878906,260800
2015-04-17,48.676856994628906,60.91999816894531,61.41999816894531,60.619998931884766,61.33000183105469,447700
2015-04-20,48.94053649902344,61.25,61.63999938964844,60.65999984741211,61.0,361000
2015-04-21,48.229400634765625,60.36000061035156,61.5099983215332,60.29999923706055,61.34000015258789,516700
2015-04-22,48.42918014526367,60.61000061035156,60.86000061035156,60.0,60.34000015258789,413400
2015-04-23,48.341270446777344,60.5,60.880001068115234,60.279998779296875,60.58000183105469,289400
2015-04-24,48.01366424560547,60.09000015258789,60.689998626708984,59.97999954223633,60.38999938964844,577500
2015-04-27,47.82988739013672,59.86000061035156,60.52000045776367,59.72999954223633,60.279998779296875,478800
2015-04-28,48.49308776855469,60.689998626708984,60.81999969482422,59.75,59.75,466800
2015-04-29,49.67565155029297,62.16999816894531,62.63999938964844,60.27000045776367,60.4900016784668,1664400
2015-04-30,49.108341217041016,61.459999084472656,63.0099983215332,60.93000030517578,61.7599983215332,1137800
2015-05-01,49.47589111328125,61.91999816894531,61.9900016784668,61.20000076293945,61.849998474121094,591600
2015-05-04,49.91535568237305,62.470001220703125,62.529998779296875,61.95000076293945,62.060001373291016,611000
2015-05-05,50.25895309448242,62.900001525878906,62.939998626708984,62.220001220703125,62.310001373291016,784900
2015-05-06,51.5693473815918,64.54000091552734,64.55999755859375,61.97999954223633,62.0,1524800
2015-05-07,51.66523361206055,64.66000366210938,65.44000244140625,64.08999633789062,64.47000122070312,1122900
2015-05-08,51.66523361206055,64.66000366210938,65.19000244140625,64.45999908447266,65.0,880600
2015-05-11,51.849002838134766,64.88999938964844,65.27999877929688,64.41000366210938,64.5,923900
2015-05-12,51.393558502197266,64.31999969482422,64.98999786376953,64.30999755859375,64.75,721100
2015-05-13,51.185813903808594,64.05999755859375,64.51000213623047,63.970001220703125,64.18000030517578,735600
2015-05-14,51.87298583984375,64.91999816894531,65.05000305175781,63.959999084472656,64.27999877929688,759900
2015-05-15,52.136653900146484,65.25,65.73999786376953,65.1500015258789,65.37000274658203,1102400
2015-05-18,52.84778594970703,66.13999938964844,66.41000366210938,65.0999984741211,65.12999725341797,723700
2015-05-19,53.05554962158203,66.4000015258789,66.4800033569336,66.06999969482422,66.13999938964844,675700
2015-05-20,53.13545608520508,66.5,66.86000061035156,66.0,66.33999633789062,656700
2015-05-21,53.34413528442383,66.45999908447266,66.55999755859375,66.12999725341797,66.12999725341797,561000
2015-05-22,53.21571350097656,66.30000305175781,66.81999969482422,66.19999694824219,66.31999969482422,400800
2015-05-26,52.71807861328125,65.68000030517578,66.27999877929688,65.62000274658203,66.0999984741211,517500
2015-05-27,52.878604888916016,65.87999725341797,66.16000366210938,65.72000122070312,65.75,423100
2015-05-28,52.86254119873047,65.86000061035156,65.88999938964844,65.44999694824219,65.69000244140625,670000
2015-05-29,52.854515075683594,65.8499984741211,66.19000244140625,65.63999938964844,65.87999725341797,1081700
2015-06-01,52.669918060302734,65.62000274658203,66.30999755859375,65.56999969482422,66.0199966430664,501300
2015-06-02,52.7662239074707,65.73999786376953,66.0999984741211,65.37999725341797,65.62000274658203,363500
2015-06-03,53.29597854614258,66.4000015258789,66.43000030517578,65.55000305175781,65.93000030517578,622400
2015-06-04,52.62174987792969,65.55999755859375,66.4800033569336,65.51000213623047,66.3499984741211,397200
2015-06-05,52.910701751708984,65.91999816894531,66.16000366210938,65.55000305175781,65.93000030517578,402000
2015-06-08,52.61372375488281,65.55000305175781,66.13999938964844,65.5,65.83999633789062,355700
2015-06-09,52.83042907714844,65.81999969482422,66.2699966430664,65.22000122070312,65.37000274658203,911900
2015-06-10,54.219024658203125,67.55000305175781,67.66000366210938,65.97000122070312,66.08999633789062,683100
2015-06-11,53.80966567993164,67.04000091552734,67.80999755859375,66.91999816894531,67.61000061035156,914000
2015-06-12,53.633079528808594,66.81999969482422,67.08999633789062,66.5,66.87000274658203,595000
2015-06-15,53.456504821777344,66.5999984741211,66.77999877929688,65.94000244140625,66.2300033569336,624100
2015-06-16,54.34743881225586,67.70999908447266,68.06999969482422,66.36000061035156,66.48999786376953,610500
2015-06-17,54.23507308959961,67.56999969482422,68.05000305175781,67.3499984741211,67.88999938964844,546000
2015-06-18,55.06983947753906,68.61000061035156,68.91000366210938,67.66000366210938,67.79000091552734,656600
2015-06-19,55.029701232910156,68.55999755859375,69.38999938964844,68.2699966430664,68.47000122070312,1260500
2015-06-22,54.9735221862793,68.48999786376953,69.13999938964844,68.19000244140625,68.83000183105469,768800
2015-06-23,55.27852249145508,68.87000274658203,69.23999786376953,68.23999786376953,68.73999786376953,522700
2015-06-24,54.901283264160156,68.4000015258789,68.8499984741211,68.3499984741211,68.76000213623047,580600
2015-06-25,54.60430145263672,68.02999877929688,68.62000274658203,67.54000091552734,68.4000015258789,836600
2015-06-26,54.87718963623047,68.37000274658203,68.58000183105469,67.83999633789062,68.30000305175781,860500
2015-06-29,53.46452713012695,66.61000061035156,68.06999969482422,66.5199966430664,67.73999786376953,531100
2015-06-30,53.77756118774414,67.0,67.4800033569336,66.5999984741211,67.4800033569336,669800
2015-07-01,55.02167510986328,68.55000305175781,68.69999694824219,67.87999725341797,67.87999725341797,768600
2015-07-02,55.06983947753906,68.61000061035156,69.2699966430664,68.31999969482422,68.87000274658203,550000
2015-07-06,54.89324188232422,68.38999938964844,68.66999816894531,67.81999969482422,67.94000244140625,591500
2015-07-07,55.816287994384766,69.54000091552734,69.63999938964844,67.86000061035156,68.52999877929688,838500
2015-07-08,54.69258499145508,68.13999938964844,69.30000305175781,68.0999984741211,68.95999908447266,933800
2015-07-09,55.382877349853516,69.0,69.23999786376953,68.69999694824219,68.87000274658203,438200
2015-07-10,56.346038818359375,70.19999694824219,70.38999938964844,69.33000183105469,69.81999969482422,533400
2015-07-13,57.20487594604492,71.2699966430664,71.77999877929688,70.36000061035156,70.58000183105469,825200
2015-07-14,57.7426643371582,71.94000244140625,71.98999786376953,70.87000274658203,71.19999694824219,575400
2015-07-15,58.6817626953125,73.11000061035156,73.27999877929688,71.63999938964844,72.12000274658203,691100
2015-07-16,59.02690505981445,73.54000091552734,73.69000244140625,73.12000274658203,73.2699966430664,442500
2015-07-17,58.36872863769531,72.72000122070312,73.36000061035156,72.36000061035156,73.31999969482422,565000
2015-07-20,58.10384750366211,72.38999938964844,72.9800033569336,72.29000091552734,72.77999877929688,583500
2015-07-21,58.3526725769043,72.69999694824219,73.30000305175781,72.44000244140625,72.56999969482422,531600
2015-07-22,58.713897705078125,73.1500015258789,73.45999908447266,72.72000122070312,72.87000274658203,461900
2015-07-23,58.3526725769043,72.69999694824219,73.43000030517578,72.48999786376953,73.36000061035156,408000
2015-07-24,58.641605377197266,73.05999755859375,73.9000015258789,72.75,72.88999938964844,435600
2015-07-27,58.2964973449707,72.62999725341797,72.72000122070312,72.16999816894531,72.66000366210938,479600
2015-07-28,58.50518035888672,72.88999938964844,73.08000183105469,71.94000244140625,73.08000183105469,756900
2015-07-29,59.476383209228516,74.0999984741211,76.25,74.08000183105469,75.0,1142900
2015-07-30,60.319156646728516,75.1500015258789,75.27999877929688,73.72000122070312,74.33000183105469,1074400
2015-07-31,59.877685546875,74.5999984741211,75.37999725341797,74.33000183105469,75.37999725341797,802400
2015-08-03,61.26630401611328,76.33000183105469,76.37999725341797,75.02999877929688,75.80999755859375,750800
2015-08-04,61.04958724975586,76.05999755859375,76.62000274658203,75.69000244140625,76.38999938964844,473800
2015-08-05,61.539188385009766,76.66999816894531,77.02999877929688,75.83999633789062,76.25,740800
2015-08-06,61.55524444580078,76.69000244140625,76.98999786376953,76.18000030517578,76.95999908447266,496100
2015-08-07,61.85223388671875,77.05999755859375,77.11000061035156,76.44000244140625,76.5199966430664,508100
2015-08-10,62.61474609375,78.01000213623047,78.30999755859375,77.33000183105469,77.51000213623047,349000
2015-08-11,63.513729095458984,79.12999725341797,79.73999786376953,77.37000274658203,77.69999694824219,915000
2015-08-12,63.288970947265625,78.8499984741211,79.0,77.79000091552734,78.54000091552734,696900
2015-08-13,63.85881423950195,79.55999755859375,79.98999786376953,78.83999633789062,78.83999633789062,492800
2015-08-14,63.89097213745117,79.5999984741211,79.9800033569336,79.45999908447266,79.8499984741211,628700
2015-08-17,63.79464340209961,79.4800033569336,79.5199966430664,78.51000213623047,79.47000122070312,508700
2015-08-18,63.71438217163086,79.37999725341797,80.08000183105469,79.16000366210938,79.54000091552734,433400
2015-08-19,63.36121368408203,78.94000244140625,79.52999877929688,78.58999633789062,79.11000061035156,476500
2015-08-20,61.89237976074219,77.11000061035156,79.26000213623047,77.08999633789062,78.62000274658203,434600
2015-08-21,60.0783805847168,74.8499984741211,76.66000366210938,74.5999984741211,76.30999755859375,1851600
2015-08-24,57.46171569824219,71.58999633789062,76.83000183105469,70.36000061035156,72.0,981200
2015-08-25,57.81490707397461,72.02999877929688,74.05000305175781,71.94000244140625,73.69000244140625,1233400
2015-08-26,59.66902542114258,74.33999633789062,74.55999755859375,72.41000366210938,73.8499984741211,768200
2015-08-27,60.52327346801758,75.0999984741211,75.45999908447266,73.76000213623047,74.98999786376953,590200
2015-08-28,60.27346420288086,74.79000091552734,75.05999755859375,74.3499984741211,74.51000213623047,473100
2015-08-31,59.91884994506836,74.3499984741211,74.87999725341797,74.01000213623047,74.41999816894531,463300
2015-09-01,58.17811584472656,72.19000244140625,73.87999725341797,71.79000091552734,73.05999755859375,770400
2015-09-02,58.903419494628906,73.08999633789062,73.0999984741211,72.23999786376953,72.72000122070312,374900
2015-09-03,58.935646057128906,73.12999725341797,73.68000030517578,72.8499984741211,73.16999816894531,468600
2015-09-04,58.379581451416016,72.44000244140625,72.79000091552734,71.94999694824219,72.41000366210938,466300
2015-09-08,59.45949935913086,73.77999877929688,73.97000122070312,72.87000274658203,73.56999969482422,468500
2015-09-09,59.088768005371094,73.31999969482422,74.80000305175781,73.08000183105469,74.2699966430664,703900
2015-09-10,60.81338882446289,75.45999908447266,76.26000213623047,74.1500015258789,75.06999969482422,743700
2015-09-11,61.9094352722168,76.81999969482422,77.0,75.8499984741211,75.8499984741211,1008800
2015-09-14,61.76436233520508,76.63999938964844,76.93000030517578,76.26000213623047,76.86000061035156,528900
2015-09-15,62.699214935302734,77.80000305175781,78.19000244140625,76.04000091552734,76.93000030517578,676000
2015-09-16,61.990028381347656,76.91999816894531,77.88999938964844,76.47000122070312,77.5,881100
2015-09-17,61.77241897583008,76.6500015258789,77.83999633789062,76.4800033569336,76.97000122070312,535100
2015-09-18,60.84564208984375,75.5,75.8499984741211,75.12999725341797,75.79000091552734,900500
2015-09-21,61.506473541259766,76.31999969482422,76.75,75.68000030517578,75.94000244140625,437900
2015-09-22,60.926239013671875,75.5999984741211,75.94999694824219,75.16999816894531,75.4800033569336,523400
2015-09-23,61.570945739746094,76.4000015258789,76.5999984741211,75.5,75.5,510000
2015-09-24,62.03834533691406,76.9800033569336,77.13999938964844,75.75,75.80999755859375,494000
2015-09-25,62.932918548583984,78.08999633789062,78.33999633789062,77.44000244140625,77.80000305175781,578100
2015-09-28,61.748252868652344,76.62000274658203,77.94000244140625,76.38999938964844,77.58999633789062,686700
2015-09-29,62.41714859008789,77.44999694824219,77.56999969482422,76.30999755859375,76.86000061035156,521100
2015-09-30,63.674339294433594,79.01000213623047,79.18000030517578,77.66000366210938,78.33000183105469,793500
2015-10-01,63.25529479980469,78.48999786376953,79.52999877929688,77.83000183105469,79.04000091552734,581300
2015-10-02,63.061859130859375,78.25,78.25,76.80999755859375,77.22000122070312,556400
2015-10-05,64.21428680419922,79.68000030517578,79.91999816894531,78.44999694824219,78.58999633789062,662800
2015-10-06,64.59308624267578,80.1500015258789,80.72000122070312,79.45999908447266,79.62000274658203,666400
2015-10-07,64.50443267822266,80.04000091552734,81.18000030517578,79.70999908447266,80.41999816894531,834400
2015-10-08,65.85836029052734,81.72000122070312,81.83000183105469,79.48999786376953,79.75,430900
2015-10-09,64.92351531982422,80.55999755859375,82.06999969482422,80.41999816894531,81.66000366210938,539700
2015-10-12,64.81068420410156,80.41999816894531,80.94999694824219,80.25,80.55999755859375,483200
2015-10-13,64.85904693603516,80.4800033569336,80.58000183105469,79.94999694824219,80.2300033569336,475500
2015-10-14,64.20624542236328,79.66999816894531,80.81999969482422,79.55999755859375,80.48999786376953,335700
2015-10-15,64.47220611572266,80.0,80.25,79.56999969482422,80.1500015258789,548000
2015-10-16,64.5285873413086,80.06999969482422,80.73999786376953,79.63999938964844,80.02999877929688,732000
2015-10-19,65.31842041015625,81.05000305175781,81.08999633789062,79.62999725341797,80.05999755859375,679900
2015-10-20,66.24517822265625,82.19999694824219,82.37999725341797,80.87999725341797,81.27999877929688,602000
2015-10-21,64.399658203125,79.91000366210938,81.45999908447266,78.72000122070312,81.27999877929688,1246400
2015-10-22,65.10887145996094,80.79000091552734,81.45999908447266,80.02999877929688,80.18000030517578,451000
2015-10-23,65.96310424804688,81.8499984741211,82.01000213623047,80.7699966430664,81.16000366210938,614400
2015-10-26,66.11624145507812,82.04000091552734,82.52999877929688,81.61000061035156,82.01000213623047,467100
2015-10-27,65.3425521850586,81.08000183105469,81.7300033569336,80.87000274658203,81.45999908447266,507800
2015-10-28,65.60047149658203,81.4000015258789,82.11000061035156,78.33000183105469,79.98999786376953,875400
2015-10-29,66.43858337402344,82.44000244140625,82.58000183105469,80.81999969482422,81.38999938964844,369700
2015-10-30,65.70524597167969,81.52999877929688,82.58000183105469,81.5199966430664,82.58000183105469,528800
2015-11-02,66.83348846435547,82.93000030517578,83.08999633789062,81.33999633789062,81.45999908447266,527600
2015-11-03,67.3009033203125,83.51000213623047,83.91999816894531,82.0999984741211,82.6500015258789,596900
2015-11-04,66.8012466430664,82.88999938964844,84.0,82.75,83.38999938964844,417800
2015-11-05,67.55879974365234,83.83000183105469,84.05000305175781,82.76000213623047,82.76000213623047,441600
2015-11-06,68.42112731933594,84.9000015258789,85.12999725341797,83.98999786376953,84.66000366210938,445800
2015-11-09,67.75222778320312,84.06999969482422,84.94000244140625,83.6500015258789,84.88999938964844,343400
2015-11-10,68.3969497680664,84.87000274658203,85.01000213623047,83.91999816894531,83.97000122070312,282300
2015-11-11,68.01010131835938,84.38999938964844,85.25,84.25,85.16999816894531,273100
2015-11-12,66.69644927978516,82.76000213623047,84.29000091552734,82.66000366210938,83.38999938964844,417600
2015-11-13,66.20488739013672,82.1500015258789,83.38999938964844,82.05999755859375,82.76000213623047,447800
2015-11-16,67.26869201660156,83.47000122070312,83.55000305175781,81.55999755859375,82.08000183105469,407800
2015-11-17,67.67970275878906,83.9800033569336,84.61000061035156,83.37000274658203,83.70999908447266,465100
2015-11-18,68.9288101196289,85.52999877929688,85.69999694824219,84.13999938964844,84.13999938964844,535700
2015-11-19,69.04166412353516,85.66999816894531,86.05999755859375,85.27999877929688,85.70999908447266,457100
2015-11-20,69.54134368896484,86.29000091552734,86.62000274658203,85.5999984741211,85.93000030517578,1107100
2015-11-23,69.21896362304688,85.88999938964844,86.98999786376953,85.83000183105469,86.19999694824219,445400
2015-11-24,68.99331665039062,85.61000061035156,85.80000305175781,84.69999694824219,85.52999877929688,651300
2015-11-25,68.7501220703125,84.80999755859375,85.76000213623047,84.55999755859375,85.43000030517578,273200
2015-11-27,69.02574920654297,85.1500015258789,85.37999725341797,84.41000366210938,85.04000091552734,176900
2015-11-30,69.32567596435547,85.5199966430664,86.33000183105469,84.66999816894531,85.33000183105469,588900
2015-12-01,69.11489868164062,85.26000213623047,86.11000061035156,85.05000305175781,85.91000366210938,494300
2015-12-02,68.59609985351562,84.62000274658203,85.87000274658203,84.41999816894531,85.43000030517578,453500
2015-12-03,67.27477264404297,82.98999786376953,84.87000274658203,82.75,84.75,841400
2015-12-04,70.16874694824219,86.55999755859375,86.91999816894531,83.33999633789062,83.55000305175781,1128800
2015-12-07,70.37138366699219,86.80999755859375,87.19999694824219,85.69000244140625,86.55000305175781,945600
2015-12-08,69.58506774902344,85.83999633789062,87.02999877929688,85.68000030517578,86.22000122070312,571400
2015-12-09,68.16647338867188,84.08999633789062,86.26000213623047,83.72000122070312,85.4000015258789,723500
2015-12-10,68.18266296386719,84.11000061035156,84.98999786376953,83.93000030517578,84.20999908447266,347300
2015-12-11,66.70732116699219,82.29000091552734,83.8499984741211,81.81999969482422,83.16999816894531,448600
2015-12-14,66.0101547241211,81.43000030517578,82.95999908447266,80.86000061035156,82.22000122070312,636600
2015-12-15,66.35063934326172,81.8499984741211,82.66999816894531,81.05999755859375,82.44999694824219,514800
2015-12-16,66.91807556152344,82.55000305175781,82.80999755859375,81.48999786376953,82.44000244140625,439400
2015-12-17,65.57245635986328,80.88999938964844,82.5,80.83000183105469,82.5,511800
2015-12-18,64.11328125,79.08999633789062,80.91000366210938,78.81999969482422,80.5999984741211,1453100
2015-12-21,64.81854248046875,79.95999908447266,80.2699966430664,78.62000274658203,79.44000244140625,502300
2015-12-22,65.24008178710938,80.4800033569336,80.77999877929688,79.48999786376953,80.45999908447266,287500
2015-12-23,65.62915802001953,80.95999908447266,81.06999969482422,80.0199966430664,80.94999694824219,253400
2015-12-24,65.56432342529297,80.87999725341797,81.27999877929688,80.55000305175781,80.81999969482422,104900
2015-12-28,65.61296081542969,80.94000244140625,81.05999755859375,79.79000091552734,80.51000213623047,356900
2015-12-29,66.4641342163086,81.98999786376953,82.18000030517578,81.11000061035156,81.4000015258789,336400
2015-12-30,65.96148681640625,81.37000274658203,82.11000061035156,81.37000274658203,81.94000244140625,243300
2015-12-31,65.28871154785156,80.54000091552734,81.54000091552734,80.41999816894531,81.08999633789062,206800
2016-01-04,63.65121078491211,78.5199966430664,79.4000015258789,77.69000244140625,78.94000244140625,734100
2016-01-05,64.713134765625,79.83000183105469,80.44000244140625,78.5199966430664,78.5199966430664,505000
2016-01-06,63.861995697021484,78.77999877929688,79.37999725341797,77.73999786376953,78.86000061035156,740300
2016-01-07,62.427154541015625,77.01000213623047,78.6500015258789,76.8499984741211,77.26000213623047,590800
2016-01-08,61.665164947509766,76.06999969482422,78.30000305175781,75.95999908447266,77.72000122070312,978100
2016-01-11,62.74330139160156,77.4000015258789,77.63999938964844,76.51000213623047,77.20999908447266,791700
2016-01-12,63.05945587158203,77.79000091552734,77.9800033569336,76.97000122070312,77.76000213623047,511500
2016-01-13,63.59446334838867,78.44999694824219,79.16000366210938,77.72000122070312,78.55999755859375,883700
2016-01-14,64.30783081054688,79.33000183105469,79.93000030517578,77.69000244140625,78.56999969482422,860100
2016-01-15,63.44854736328125,78.2699966430664,78.70999908447266,77.4800033569336,77.72000122070312,570800
2016-01-19,63.65121078491211,78.5199966430664,79.61000061035156,78.08000183105469,79.12000274658203,975800
2016-01-20,62.12721633911133,76.63999938964844,78.12999725341797,75.69000244140625,77.75,619100
2016-01-21,62.58115768432617,77.19999694824219,78.0199966430664,76.66000366210938,76.76000213623047,543400
2016-01-22,64.42131805419922,79.47000122070312,79.68000030517578,77.95999908447266,78.08000183105469,586900
2016-01-25,63.31886291503906,78.11000061035156,80.19999694824219,78.0,79.41999816894531,698200
2016-01-26,64.2105484008789,79.20999908447266,79.80000305175781,78.23999786376953,78.33999633789062,521300
2016-01-27,63.99979019165039,78.94999694824219,80.4000015258789,78.54000091552734,79.12999725341797,612900
2016-01-28,64.40511322021484,79.44999694824219,79.94999694824219,78.95999908447266,79.38999938964844,518600
2016-01-29,65.91288757324219,81.30999755859375,81.30999755859375,79.75,79.80000305175781,604500
2016-02-01,65.64540100097656,80.9800033569336,81.48999786376953,80.61000061035156,80.8499984741211,613000
2016-02-02,64.30783081054688,79.33000183105469,80.0999984741211,79.0,79.81999969482422,647400
2016-02-03,64.40511322021484,79.44999694824219,79.97000122070312,78.22000122070312,79.97000122070312,526400
2016-02-04,63.74851608276367,78.63999938964844,79.6500015258789,78.05999755859375,79.12000274658203,568600
2016-02-05,63.618778228759766,78.4800033569336,79.5199966430664,78.19000244140625,78.83000183105469,513700
2016-02-08,61.79485321044922,76.2300033569336,77.33999633789062,75.51000213623047,77.33999633789062,954100
2016-02-09,62.00562286376953,76.48999786376953,76.95999908447266,74.91000366210938,75.04000091552734,1033800
2016-02-10,53.68849563598633,66.2300033569336,72.80000305175781,64.36000061035156,72.80000305175781,3033100
2016-02-11,54.23972702026367,66.91000366210938,68.0,64.61000061035156,64.80000305175781,1970100
2016-02-12,54.369422912597656,67.06999969482422,68.08999633789062,66.41000366210938,67.48999786376953,966700
2016-02-16,54.51534652709961,67.25,67.69000244140625,66.44999694824219,67.3499984741211,805900
2016-02-17,56.13658905029297,69.25,69.62999725341797,66.77999877929688,68.04000091552734,864000
2016-02-18,55.47187805175781,68.43000030517578,69.20999908447266,68.08999633789062,69.12999725341797,950300
2016-02-19,57.012115478515625,70.33000183105469,70.33999633789062,68.13999938964844,68.43000030517578,1802300
2016-02-22,57.22285079956055,70.58999633789062,71.16999816894531,70.2699966430664,70.98999786376953,660900
2016-02-23,56.88239669799805,70.16999816894531,71.08999633789062,70.0199966430664,70.2699966430664,781100
2016-02-24,57.23906707763672,70.61000061035156,71.08000183105469,69.45999908447266,69.54000091552734,744200
2016-02-25,59.165809631347656,72.47000122070312,72.5199966430664,69.70999908447266,70.16000366210938,788600
2016-02-26,59.38626480102539,72.73999786376953,73.41000366210938,72.30999755859375,72.62000274658203,652400
2016-02-29,58.04733657836914,71.0999984741211,72.83999633789062,71.0999984741211,72.51000213623047,773300
2016-03-01,59.87610626220703,73.33999633789062,73.5999984741211,71.66000366210938,71.72000122070312,895000
2016-03-02,59.81898498535156,73.2699966430664,73.9800033569336,72.30000305175781,72.97000122070312,862500
2016-03-03,60.537391662597656,74.1500015258789,74.31999969482422,72.95999908447266,73.2699966430664,773600
2016-03-04,60.50472640991211,74.11000061035156,74.80999755859375,73.62000274658203,74.31999969482422,748500
2016-03-07,59.965904235839844,73.44999694824219,74.11000061035156,71.97000122070312,73.73999786376953,1042300
2016-03-08,61.41098403930664,75.22000122070312,75.55999755859375,72.6500015258789,72.6500015258789,1002800
2016-03-09,62.56211853027344,76.62999725341797,76.80000305175781,75.19999694824219,75.31999969482422,1011100
2016-03-10,62.6845703125,76.77999877929688,77.4000015258789,75.91999816894531,76.83999633789062,821300
2016-03-11,63.354026794433594,77.5999984741211,77.95999908447266,77.05999755859375,77.61000061035156,719600
2016-03-14,63.215240478515625,77.43000030517578,77.95999908447266,76.83999633789062,77.20999908447266,549300
2016-03-15,64.22761535644531,78.66999816894531,78.72000122070312,76.73999786376953,77.12000274658203,667300
2016-03-16,63.62348175048828,77.93000030517578,78.77999877929688,77.75,78.52999877929688,677700
2016-03-17,64.08885192871094,78.5,78.86000061035156,77.31999969482422,77.79000091552734,594600
2016-03-18,63.69694519042969,78.0199966430664,78.79000091552734,77.73999786376953,78.69999694824219,983900
2016-03-21,63.950016021728516,78.33000183105469,78.87999725341797,77.98999786376953,78.0199966430664,545100
2016-03-22,64.17861938476562,78.61000061035156,79.25,77.63999938964844,77.63999938964844,460800
2016-03-23,63.6479377746582,77.95999908447266,78.8499984741211,77.9000015258789,78.69999694824219,699200
2016-03-24,63.01116180419922,77.18000030517578,77.91000366210938,76.41000366210938,77.66999816894531,649100
2016-03-28,63.394866943359375,77.6500015258789,78.01000213623047,76.62000274658203,77.37000274658203,574600
2016-03-29,62.95399856567383,77.11000061035156,77.83000183105469,76.33000183105469,77.66000366210938,1028100
2016-03-30,63.974525451660156,78.36000061035156,78.69000244140625,77.4000015258789,77.4000015258789,520100
2016-03-31,62.986656188964844,77.1500015258789,78.5,77.05999755859375,78.26000213623047,500600
2016-04-01,63.77043151855469,78.11000061035156,78.25,76.55999755859375,76.6500015258789,763500
2016-04-04,63.468345642089844,77.73999786376953,78.37999725341797,77.33999633789062,78.08000183105469,591500
2016-04-05,63.17443084716797,77.37999725341797,78.19000244140625,77.11000061035156,77.47000122070312,498600
2016-04-06,63.6479377746582,77.95999908447266,78.0,76.76000213623047,77.4000015258789,473100
2016-04-07,62.93766403198242,77.08999633789062,77.80000305175781,76.62000274658203,77.29000091552734,812800
2016-04-08,63.607139587402344,77.91000366210938,78.44000244140625,77.44000244140625,77.44000244140625,507100
2016-04-11,64.18678283691406,78.62000274658203,79.08999633789062,77.70999908447266,78.06999969482422,497400
2016-04-12,65.06851959228516,79.69999694824219,79.80000305175781,77.98999786376953,78.94999694824219,724800
2016-04-13,66.35031127929688,81.2699966430664,81.37999725341797,80.0199966430664,80.0199966430664,501400
2016-04-14,66.03190612792969,80.87999725341797,81.9800033569336,80.58000183105469,81.05000305175781,518400
2016-04-15,65.99921417236328,80.83999633789062,81.18000030517578,80.54000091552734,80.7699966430664,422400
2016-04-18,66.41560363769531,81.3499984741211,81.41000366210938,79.91999816894531,80.19999694824219,370100
2016-04-19,66.55438995361328,81.5199966430664,81.97000122070312,81.19999694824219,81.63999938964844,447400
2016-04-20,66.464599609375,81.41000366210938,81.73999786376953,81.05999755859375,81.36000061035156,716300
2016-04-21,64.48070526123047,78.9800033569336,81.08999633789062,78.94000244140625,80.9800033569336,635300
2016-04-22,65.01139831542969,79.62999725341797,79.69000244140625,78.94000244140625,79.05000305175781,592900
2016-04-25,64.48070526123047,78.9800033569336,79.45999908447266,78.43000030517578,79.08999633789062,653100
2016-04-26,64.7501220703125,79.30999755859375,79.8499984741211,78.7300033569336,78.9800033569336,883000
2016-04-27,69.66497802734375,85.33000183105469,85.55999755859375,80.66000366210938,80.66000366210938,1728800
2016-04-28,69.060791015625,84.58999633789062,85.69000244140625,84.44000244140625,84.87000274658203,598700
2016-04-29,69.04447937011719,84.56999969482422,84.94999694824219,83.86000061035156,84.22000122070312,1015500
2016-05-02,70.41609191894531,86.25,86.69999694824219,84.97000122070312,85.0,711300
2016-05-03,70.39974212646484,86.2300033569336,86.58999633789062,85.37999725341797,85.63999938964844,723500
2016-05-04,70.25276947021484,86.05000305175781,86.51000213623047,85.27999877929688,85.80000305175781,461000
2016-05-05,70.41609191894531,86.25,86.70999908447266,86.05999755859375,86.05999755859375,506000
2016-05-06,70.50586700439453,86.36000061035156,86.75,85.44000244140625,85.69999694824219,353900
2016-05-09,70.26911926269531,86.06999969482422,86.9800033569336,85.95999908447266,86.33000183105469,379900
2016-05-10,71.03655242919922,87.01000213623047,87.0199966430664,86.11000061035156,86.11000061035156,609400
2016-05-11,70.53036499023438,86.38999938964844,88.0199966430664,86.37000274658203,86.86000061035156,339100
2016-05-12,71.26514434814453,87.29000091552734,87.4800033569336,86.36000061035156,86.58000183105469,383700
2016-05-13,71.03655242919922,87.01000213623047,87.68000030517578,86.66999816894531,87.3499984741211,377900
2016-05-16,71.33045196533203,87.37000274658203,87.76000213623047,86.41999816894531,86.93000030517578,328000
2016-05-17,70.47322082519531,86.31999969482422,87.44000244140625,86.08000183105469,87.05999755859375,313900
2016-05-18,71.8121337890625,87.95999908447266,88.12999725341797,86.2300033569336,86.29000091552734,418300
2016-05-19,71.15901184082031,87.16000366210938,87.9800033569336,86.37000274658203,87.44999694824219,388100
2016-05-20,71.599853515625,87.69999694824219,88.44999694824219,87.04000091552734,87.76000213623047,474700
2016-05-23,71.14266967773438,87.13999938964844,88.02999877929688,86.95999908447266,87.75,378500
2016-05-24,72.39181518554688,88.66999816894531,88.80999755859375,87.61000061035156,87.66999816894531,374300
2016-05-25,71.63253021240234,87.73999786376953,89.22000122070312,87.72000122070312,88.69999694824219,481000
2016-05-26,71.10702514648438,86.5999984741211,87.56999969482422,86.56999969482422,87.36000061035156,498800
2016-05-27,71.8049545288086,87.44999694824219,87.44999694824219,86.70999908447266,86.77999877929688,479500
2016-05-31,71.75568389892578,87.38999938964844,88.16000366210938,86.93000030517578,87.5199966430664,712600
2016-06-01,70.98383331298828,86.44999694824219,86.86000061035156,85.72000122070312,86.7699966430664,1270300
2016-06-02,70.34342956542969,85.66999816894531,86.80000305175781,85.41999816894531,85.91000366210938,751700
2016-06-03,69.80149841308594,85.01000213623047,85.55000305175781,84.43000030517578,85.04000091552734,605300
2016-06-06,69.5387191772461,84.69000244140625,85.41000366210938,84.22000122070312,85.33000183105469,555300
2016-06-07,69.76863861083984,84.97000122070312,85.26000213623047,84.44000244140625,84.72000122070312,431300
2016-06-08,69.85896301269531,85.08000183105469,85.43000030517578,84.62000274658203,85.05000305175781,498500
2016-06-09,69.82610321044922,85.04000091552734,85.0999984741211,83.68000030517578,84.54000091552734,545700
2016-06-10,69.6043930053711,84.7699966430664,85.22000122070312,84.27999877929688,84.48999786376953,425600
2016-06-13,69.12818145751953,84.19000244140625,85.1500015258789,84.06999969482422,84.22000122070312,390200
2016-06-14,68.93933868408203,83.95999908447266,84.80999755859375,83.69999694824219,83.94000244140625,430700
2016-06-15,68.64373779296875,83.5999984741211,84.5,83.48999786376953,84.31999969482422,486200
2016-06-16,69.99855041503906,85.25,85.29000091552734,83.16000366210938,83.30999755859375,462400
2016-06-17,70.21204376220703,85.51000213623047,85.58000183105469,84.58000183105469,85.04000091552734,1170400
2016-06-20,70.40909576416016,85.75,86.95999908447266,85.6500015258789,86.05000305175781,459600
2016-06-21,70.4993896484375,85.86000061035156,86.4000015258789,85.54000091552734,86.05000305175781,446600
2016-06-22,70.73754119873047,86.1500015258789,86.62000274658203,85.75,86.05999755859375,450200
2016-06-23,71.09063720703125,86.58000183105469,87.20999908447266,86.12999725341797,87.0,462000
2016-06-24,68.32350158691406,83.20999908447266,85.02999877929688,82.77999877929688,82.77999877929688,684400
2016-06-27,66.51707458496094,81.01000213623047,82.4800033569336,80.83000183105469,82.27999877929688,607000
2016-06-28,68.29065704345703,83.16999816894531,83.31999969482422,81.27999877929688,81.9000015258789,506300
2016-06-29,69.2513198852539,84.33999633789062,84.38999938964844,83.2699966430664,84.08000183105469,449300
2016-06-30,70.868896484375,86.30999755859375,86.33000183105469,84.16000366210938,84.77999877929688,457700
2016-07-01,72.21550750732422,87.94999694824219,88.23999786376953,86.5199966430664,86.5199966430664,723100
2016-07-05,70.19561004638672,85.48999786376953,87.73999786376953,85.26000213623047,87.62000274658203,498800
2016-07-06,70.1217269897461,85.4000015258789,85.87000274658203,84.79000091552734,85.19999694824219,539400
2016-07-07,69.31702423095703,84.41999816894531,86.0199966430664,83.98999786376953,85.43000030517578,416000
2016-07-08,70.96743774414062,86.43000030517578,86.52999877929688,85.31999969482422,85.47000122070312,425000
2016-07-11,71.32868957519531,86.87000274658203,87.22000122070312,86.52999877929688,86.83000183105469,238000
2016-07-12,71.87065124511719,87.52999877929688,87.94999694824219,87.05000305175781,87.33000183105469,322900
2016-07-13,72.20731353759766,87.94000244140625,88.01000213623047,87.43000030517578,87.7300033569336,212500
2016-07-14,72.51107788085938,88.30999755859375,89.0,87.80000305175781,88.91000366210938,257900
2016-07-15,72.19910430908203,87.93000030517578,89.0,87.7300033569336,87.7300033569336,245100
2016-07-18,71.9198989868164,87.58999633789062,88.26000213623047,87.52999877929688,87.83000183105469,220000
2016-07-19,71.9198989868164,87.58999633789062,87.61000061035156,86.87999725341797,87.0199966430664,279000
2016-07-20,71.75568389892578,87.38999938964844,88.22000122070312,87.37000274658203,87.9000015258789,281100
2016-07-21,71.6982192993164,87.31999969482422,87.63999938964844,87.08999633789062,87.44999694824219,274100
2016-07-22,72.17443084716797,87.9000015258789,88.02999877929688,87.13999938964844,87.5199966430664,224900
2016-07-25,71.92813873291016,87.5999984741211,88.16999816894531,87.43000030517578,87.73999786376953,326700
2016-07-26,71.03311920166016,86.51000213623047,88.0999984741211,86.06999969482422,87.55000305175781,483100
2016-07-27,68.76689147949219,83.75,85.94999694824219,83.5199966430664,85.4800033569336,603600
2016-07-28,68.43843078613281,83.3499984741211,83.97000122070312,83.01000213623047,83.51000213623047,347800
2016-07-29,68.1592788696289,83.01000213623047,83.5199966430664,82.63999938964844,83.01000213623047,452800
2016-08-01,68.35635375976562,83.25,83.44000244140625,82.81999969482422,83.08999633789062,498700
2016-08-02,68.38919830322266,83.29000091552734,83.51000213623047,82.63999938964844,83.19999694824219,513100
2016-08-03,69.0624771118164,84.11000061035156,84.41999816894531,83.27999877929688,83.58999633789062,505600
2016-08-04,68.7176284790039,83.69000244140625,84.44999694824219,83.51000213623047,84.0999984741211,379600
2016-08-05,69.63725280761719,84.80999755859375,84.88999938964844,83.87999725341797,84.23999786376953,354000
2016-08-08,69.59620666503906,84.76000213623047,85.25,84.37999725341797,84.86000061035156,311800
2016-08-09,69.61264038085938,84.77999877929688,85.30999755859375,84.58000183105469,84.87000274658203,280500
2016-08-10,69.61264038085938,84.77999877929688,85.18000030517578,84.58000183105469,84.58000183105469,215300
2016-08-11,69.99031829833984,85.23999786376953,85.66999816894531,84.80999755859375,84.80999755859375,229800
2016-08-12,69.94927978515625,85.19000244140625,85.38999938964844,84.83000183105469,84.91000366210938,183200
2016-08-15,70.44194793701172,85.79000091552734,86.26000213623047,85.25,85.26000213623047,287200
2016-08-16,69.94927978515625,85.19000244140625,86.05999755859375,85.16000366210938,85.44999694824219,274000
2016-08-17,70.45014953613281,85.80000305175781,86.12000274658203,85.12000274658203,85.19999694824219,247600
2016-08-18,70.72931671142578,86.13999938964844,86.45999908447266,85.58000183105469,85.83000183105469,271600
2016-08-19,71.32868957519531,86.87000274658203,86.87999725341797,85.69000244140625,85.88999938964844,221100
2016-08-22,71.19735717773438,86.70999908447266,87.04000091552734,86.1500015258789,87.04000091552734,308900
2016-08-23,71.21376037597656,86.7300033569336,86.88999938964844,86.45999908447266,86.7300033569336,263800
2016-08-24,71.3041000366211,86.83999633789062,87.0,86.37999725341797,86.83999633789062,312800
2016-08-25,72.37771606445312,87.63999938964844,87.7699966430664,86.16999816894531,86.37999725341797,473200
2016-08-26,72.41899871826172,87.69000244140625,88.88999938964844,87.11000061035156,87.58999633789062,378900
2016-08-29,73.26961517333984,88.72000122070312,88.76000213623047,87.69000244140625,87.69000244140625,327300
2016-08-30,73.91378784179688,89.5,89.76000213623047,88.66999816894531,88.72000122070312,329900
2016-08-31,73.955078125,89.55000305175781,89.76000213623047,88.93000030517578,89.52999877929688,339700
2016-09-01,73.715576171875,89.26000213623047,89.98999786376953,88.8499984741211,89.83000183105469,349100
2016-09-02,74.52490234375,90.23999786376953,90.29000091552734,89.5199966430664,89.66999816894531,259800
2016-09-06,74.22761535644531,89.87999725341797,90.26000213623047,89.0199966430664,90.22000122070312,303500
2016-09-07,74.43408203125,90.12999725341797,90.29000091552734,89.27999877929688,89.63999938964844,230900
2016-09-08,74.28544616699219,89.94999694824219,90.33000183105469,89.51000213623047,90.25,377500
2016-09-09,73.69080352783203,89.2300033569336,90.27999877929688,88.91999816894531,89.66999816894531,478200
2016-09-12,74.57447814941406,90.30000305175781,90.58999633789062,88.3499984741211,88.73999786376953,346200
2016-09-13,73.06314086914062,88.47000122070312,89.45999908447266,88.33999633789062,89.44999694824219,506300
2016-09-14,72.12166595458984,87.33000183105469,88.58999633789062,87.1500015258789,88.43000030517578,597000
2016-09-15,72.57589721679688,87.87999725341797,88.11000061035156,87.0,87.0,323000
2016-09-16,72.55939483642578,87.86000061035156,88.16000366210938,87.44999694824219,88.0199966430664,847300
2016-09-19,74.01290130615234,89.62000274658203,90.6500015258789,88.19000244140625,88.19000244140625,677700
2016-09-20,73.74859619140625,89.30000305175781,90.11000061035156,89.13999938964844,89.94000244140625,327300
2016-09-21,74.90479278564453,90.69999694824219,90.86000061035156,89.48999786376953,89.48999786376953,361000
2016-09-22,75.3838119506836,91.27999877929688,91.5199966430664,90.79000091552734,91.0999984741211,211000
2016-09-23,74.44230651855469,90.13999938964844,91.05999755859375,90.12999725341797,90.91999816894531,258900
2016-09-26,74.27716827392578,89.94000244140625,90.44000244140625,89.55999755859375,89.87000274658203,256300
2016-09-27,74.91307830810547,90.70999908447266,90.86000061035156,89.6500015258789,89.88999938964844,354700
2016-09-28,75.78845977783203,91.7699966430664,91.83999633789062,90.80000305175781,90.83999633789062,270800
2016-09-29,75.54072570800781,91.47000122070312,92.25,90.98999786376953,91.63999938964844,357800
2016-09-30,76.18487548828125,92.25,92.62999725341797,91.5,91.76000213623047,373200
2016-10-03,74.77265930175781,90.54000091552734,92.23999786376953,90.25,91.91000366210938,518300
2016-10-04,74.65705871582031,90.4000015258789,90.48999786376953,89.54000091552734,90.33000183105469,394300
2016-10-05,75.10299682617188,90.94000244140625,91.47000122070312,90.5999984741211,90.80000305175781,363900
2016-10-06,74.27716827392578,89.94000244140625,91.30000305175781,88.97000122070312,91.0,602500
2016-10-07,74.26891326904297,89.93000030517578,90.5199966430664,89.48999786376953,90.11000061035156,281400
2016-10-10,74.9874038696289,90.80000305175781,91.02999877929688,90.12999725341797,90.12999725341797,264900
2016-10-11,74.73961639404297,90.5,91.12000274658203,90.16999816894531,90.47000122070312,419700
2016-10-12,75.25992584228516,91.12999725341797,91.58000183105469,90.52999877929688,90.72000122070312,325200
2016-10-13,74.4010238647461,90.08999633789062,90.66000366210938,89.54000091552734,90.2300033569336,318300
2016-10-14,75.13606262207031,90.9800033569336,91.87000274658203,90.69999694824219,90.94000244140625,302000
2016-10-17,75.36727142333984,91.26000213623047,91.43000030517578,91.01000213623047,91.11000061035156,247700
2016-10-18,75.4003677368164,91.30000305175781,92.08000183105469,91.18000030517578,92.0,290200
2016-10-19,69.08255004882812,83.6500015258789,87.1500015258789,83.52999877929688,87.1500015258789,966000
2016-10-20,68.86780548095703,83.38999938964844,83.80000305175781,82.2300033569336,83.01000213623047,835400
2016-10-21,68.38883209228516,82.80999755859375,83.19000244140625,82.13999938964844,82.81999969482422,630800
2016-10-24,68.45488739013672,82.88999938964844,83.83999633789062,82.58999633789062,83.0,472400
2016-10-25,67.9263687133789,82.25,83.91000366210938,81.63999938964844,83.29000091552734,503600
2016-10-26,67.6620864868164,81.93000030517578,84.4800033569336,81.08999633789062,82.5,713300
2016-10-27,66.20858001708984,80.16999816894531,82.11000061035156,79.91999816894531,81.91999816894531,1056000
2016-10-28,66.0516586303711,79.9800033569336,81.7699966430664,79.58999633789062,80.36000061035156,427600
2016-10-31,66.49763488769531,80.5199966430664,80.94000244140625,80.13999938964844,80.18000030517578,455500
2016-11-01,65.53965759277344,79.36000061035156,80.66999816894531,78.5,80.58999633789062,380000
2016-11-02,65.01107788085938,78.72000122070312,79.81999969482422,78.5,79.45999908447266,623700
2016-11-03,66.38201141357422,80.37999725341797,81.20999908447266,79.38999938964844,79.44999694824219,571200
2016-11-04,65.84519958496094,79.7300033569336,80.75,79.69000244140625,80.44000244140625,291500
2016-11-07,66.0516586303711,79.9800033569336,80.87999725341797,79.70999908447266,80.87999725341797,467100
2016-11-08,66.14250183105469,80.08999633789062,80.72000122070312,79.86000061035156,80.12999725341797,613000
2016-11-09,67.73640441894531,82.0199966430664,82.79000091552734,79.5999984741211,79.83999633789062,685100
2016-11-10,68.95042419433594,83.48999786376953,84.22000122070312,82.0199966430664,82.5,495200
2016-11-11,68.5374984741211,82.98999786376953,83.5199966430664,82.30000305175781,83.44999694824219,910000
2016-11-14,71.03156280517578,86.01000213623047,86.69999694824219,83.33999633789062,83.38999938964844,714300
2016-11-15,71.0232925415039,86.0,86.08999633789062,85.11000061035156,85.81999969482422,510200
2016-11-16,71.31233215332031,86.3499984741211,86.58000183105469,85.41000366210938,85.7300033569336,553100
2016-11-17,71.28755950927734,86.31999969482422,86.72000122070312,86.02999877929688,86.44000244140625,554400
2016-11-18,70.84988403320312,85.79000091552734,86.69999694824219,85.1500015258789,86.4000015258789,576200
2016-11-21,70.8085708618164,85.73999786376953,86.83000183105469,85.30999755859375,86.3499984741211,288500
2016-11-22,70.6599349975586,85.55999755859375,86.16999816894531,85.06999969482422,86.16999816894531,446300
2016-11-23,71.62388610839844,86.19000244140625,86.26000213623047,85.30000305175781,85.43000030517578,366800
2016-11-25,71.80673217773438,86.41000366210938,86.58999633789062,86.12999725341797,86.47000122070312,125100
2016-11-28,71.38291931152344,85.9000015258789,86.3499984741211,85.47000122070312,86.0199966430664,389000
2016-11-29,71.52416229248047,86.06999969482422,86.44999694824219,85.62000274658203,86.2300033569336,308600
2016-11-30,71.74855041503906,86.33999633789062,86.9800033569336,86.11000061035156,86.27999877929688,538700
2016-12-01,72.11420440673828,86.77999877929688,87.41000366210938,86.30999755859375,86.7300033569336,389100
2016-12-02,71.54910278320312,86.0999984741211,87.01000213623047,85.80000305175781,86.72000122070312,365400
2016-12-05,72.01445770263672,86.66000366210938,86.70999908447266,85.86000061035156,86.44999694824219,565300
2016-12-06,73.86758422851562,88.88999938964844,89.25,86.7699966430664,86.88999938964844,592200
2016-12-07,74.98941802978516,90.23999786376953,90.23999786376953,88.7300033569336,89.0,532900
2016-12-08,77.70682525634766,93.51000213623047,93.81999969482422,90.5999984741211,90.5999984741211,812300
2016-12-09,76.58495330810547,92.16000366210938,93.54000091552734,91.70999908447266,93.2300033569336,324700
2016-12-12,76.56834411621094,92.13999938964844,92.72000122070312,91.3499984741211,91.95999908447266,436900
2016-12-13,76.5018539428711,92.05999755859375,92.54000091552734,90.77999877929688,92.16000366210938,412900
2016-12-14,76.56002044677734,92.12999725341797,93.37999725341797,91.48999786376953,91.8499984741211,361100
2016-12-15,76.8425521850586,92.47000122070312,93.81999969482422,91.91000366210938,92.01000213623047,393300
2016-12-16,75.90354919433594,91.33999633789062,92.6500015258789,90.88999938964844,92.52999877929688,1239300
2016-12-19,76.79271697998047,92.41000366210938,92.62999725341797,91.20999908447266,91.36000061035156,507100
2016-12-20,76.70127868652344,92.30000305175781,93.19999694824219,92.05000305175781,92.93000030517578,311200
2016-12-21,76.71791076660156,92.31999969482422,92.66999816894531,91.98999786376953,92.20999908447266,282900
2016-12-22,77.44087982177734,93.19000244140625,93.36000061035156,92.2699966430664,92.61000061035156,332700
2016-12-23,77.51567077636719,93.27999877929688,93.56999969482422,92.61000061035156,93.18000030517578,209600
2016-12-27,77.8979263305664,93.73999786376953,94.13999938964844,93.11000061035156,93.36000061035156,230400
2016-12-28,77.44087982177734,93.19000244140625,94.4000015258789,93.08999633789062,94.12000274658203,326400
2016-12-29,77.00877380371094,92.66999816894531,93.62999725341797,92.55000305175781,92.9000015258789,429100
2016-12-30,77.16666412353516,92.86000061035156,93.4000015258789,92.47000122070312,93.12999725341797,289700
2017-01-03,78.21372985839844,94.12000274658203,94.12000274658203,92.72000122070312,93.63999938964844,429200
2017-01-04,79.019775390625,95.08999633789062,95.33000183105469,92.48999786376953,94.05000305175781,459100
2017-01-05,79.05301666259766,95.12999725341797,95.94999694824219,94.51000213623047,95.3499984741211,412400
2017-01-06,79.75936889648438,95.9800033569336,96.33000183105469,95.05999755859375,95.27999877929688,359400
2017-01-09,78.20538330078125,94.11000061035156,95.5,94.05999755859375,95.05999755859375,500200
2017-01-10,78.28021240234375,94.19999694824219,95.20999908447266,93.93000030517578,94.23999786376953,370800
2017-01-11,78.77881622314453,94.80000305175781,94.80999755859375,93.94999694824219,94.1500015258789,338100
2017-01-12,78.8037109375,94.83000183105469,95.30000305175781,93.94000244140625,94.73999786376953,382800
2017-01-13,78.8037109375,94.83000183105469,96.02999877929688,94.5999984741211,94.95999908447266,254900
2017-01-17,78.70401763916016,94.70999908447266,95.30999755859375,93.73999786376953,94.30999755859375,399500
2017-01-18,79.04471588134766,95.12000274658203,95.54000091552734,94.23999786376953,95.04000091552734,397800
2017-01-19,79.48513793945312,95.6500015258789,95.94999694824219,95.06999969482422,95.37000274658203,347000
2017-01-20,79.90065002441406,96.1500015258789,96.66000366210938,95.48999786376953,95.80999755859375,349600
2017-01-23,79.75106811523438,95.97000122070312,96.33999633789062,95.68000030517578,96.0999984741211,263100
2017-01-24,80.39093780517578,96.73999786376953,97.05000305175781,95.93000030517578,95.93000030517578,221700
2017-01-25,81.4629135131836,98.02999877929688,98.19999694824219,97.37000274658203,97.37000274658203,376700
2017-01-26,82.16925811767578,98.87999725341797,98.91999816894531,97.94000244140625,97.95999908447266,288900
2017-01-27,81.33827209472656,97.87999725341797,98.9800033569336,97.83999633789062,98.88999938964844,305100
2017-01-30,80.57376861572266,96.95999908447266,97.69999694824219,96.43000030517578,97.69999694824219,378300
2017-01-31,80.71502685546875,97.12999725341797,97.30000305175781,96.62999725341797,97.05999755859375,384000
2017-02-01,80.90616607666016,97.36000061035156,97.93000030517578,97.05000305175781,97.12000274658203,337300
2017-02-02,80.88951110839844,97.33999633789062,97.75,96.98999786376953,97.37000274658203,282500
2017-02-03,81.4462890625,98.01000213623047,98.36000061035156,97.44999694824219,97.86000061035156,301900
2017-02-06,80.93107604980469,97.38999938964844,97.93000030517578,97.08000183105469,97.5199966430664,242700
2017-02-07,80.60696411132812,97.0,97.94000244140625,96.91000366210938,97.58999633789062,457200
2017-02-08,75.16392517089844,90.44999694824219,94.9800033569336,89.55000305175781,94.9800033569336,990700
2017-02-09,75.92015075683594,91.36000061035156,91.87999725341797,90.06999969482422,90.44999694824219,797700
2017-02-10,77.22482299804688,92.93000030517578,93.01000213623047,91.19000244140625,91.36000061035156,469200
2017-02-13,78.37991333007812,94.31999969482422,94.91999816894531,93.04000091552734,93.05000305175781,401100
2017-02-14,79.1527328491211,95.25,95.44999694824219,92.94000244140625,93.51000213623047,319200
2017-02-15,79.9837417602539,96.25,96.25,94.86000061035156,94.86000061035156,369700
2017-02-16,80.20809173583984,96.5199966430664,97.08999633789062,96.06999969482422,96.30999755859375,454200
2017-02-17,80.39924621582031,96.75,96.75,95.5199966430664,96.38999938964844,356700
2017-02-21,81.4712142944336,98.04000091552734,98.2699966430664,96.36000061035156,96.37000274658203,435800
2017-02-22,81.76209259033203,98.38999938964844,98.48999786376953,97.55000305175781,97.55000305175781,386900
2017-02-23,82.58087921142578,98.83999633789062,99.05000305175781,98.0,98.0,448800
2017-02-24,82.5140380859375,98.76000213623047,98.79000091552734,97.76000213623047,98.1500015258789,267000
2017-02-27,81.97931671142578,98.12000274658203,98.97000122070312,97.75,98.68000030517578,285300
2017-02-28,82.71455383300781,99.0,99.08000183105469,97.9000015258789,98.12000274658203,412800
2017-03-01,84.26021575927734,100.8499984741211,101.31999969482422,100.0,100.0,418800
2017-03-02,83.3411865234375,99.75,100.86000061035156,99.68000030517578,100.86000061035156,411300
2017-03-03,83.44144439697266,99.87000274658203,100.47000122070312,99.41000366210938,99.9000015258789,332100
2017-03-06,83.19915008544922,99.58000183105469,99.83000183105469,98.7699966430664,99.0199966430664,294900
2017-03-07,83.21582794189453,99.5999984741211,99.80999755859375,99.01000213623047,99.62000274658203,269100
2017-03-08,83.11561584472656,99.4800033569336,100.62999725341797,99.41000366210938,100.23999786376953,269300
2017-03-09,83.52498626708984,99.97000122070312,100.16999816894531,99.4800033569336,99.77999877929688,251100
2017-03-10,83.2492904663086,99.63999938964844,100.37999725341797,99.48999786376953,100.37000274658203,293000
2017-03-13,83.0571060180664,99.41000366210938,100.11000061035156,99.12999725341797,99.4800033569336,335900
2017-03-14,83.12393951416016,99.48999786376953,99.79000091552734,98.05000305175781,99.2699966430664,324400
2017-03-15,82.73125457763672,99.0199966430664,99.66000366210938,98.5999984741211,99.25,343700
2017-03-16,82.37197875976562,98.58999633789062,99.5,98.08999633789062,99.02999877929688,382200
2017-03-17,82.68948364257812,98.97000122070312,99.2300033569336,98.1500015258789,98.58999633789062,806500
2017-03-20,81.58663940429688,97.6500015258789,98.61000061035156,97.41000366210938,98.61000061035156,366000
2017-03-21,79.74853515625,95.44999694824219,98.2300033569336,95.37000274658203,98.2300033569336,567500
2017-03-22,79.85712432861328,95.58000183105469,95.97000122070312,94.77999877929688,95.47000122070312,355600
2017-03-23,79.6566162109375,95.33999633789062,96.48999786376953,95.11000061035156,95.30999755859375,482200
2017-03-24,79.42267608642578,95.05999755859375,96.12999725341797,94.68000030517578,95.51000213623047,298200
2017-03-27,79.00494384765625,94.55999755859375,94.94999694824219,93.36000061035156,93.86000061035156,539000
2017-03-28,79.79031372070312,95.5,95.7300033569336,93.9000015258789,94.33999633789062,461000
2017-03-29,78.79608154296875,94.30999755859375,95.45999908447266,94.25,95.38999938964844,445600
2017-03-30,79.74017333984375,95.44000244140625,95.5199966430664,94.30999755859375,94.4800033569336,307700
2017-03-31,79.93233489990234,95.66999816894531,96.13999938964844,94.33999633789062,95.37000274658203,281300
2017-04-03,79.38090515136719,95.01000213623047,96.16000366210938,93.94999694824219,95.81999969482422,412000
2017-04-04,79.33914184570312,94.95999908447266,95.6500015258789,94.33999633789062,94.77999877929688,287300
2017-04-05,78.82947540283203,94.3499984741211,95.76000213623047,94.29000091552734,95.76000213623047,387200
2017-04-06,79.19710540771484,94.79000091552734,94.86000061035156,93.61000061035156,94.33999633789062,665400
2017-04-07,79.113525390625,94.69000244140625,95.41000366210938,93.98999786376953,94.2699966430664,275800
2017-04-10,79.24722290039062,94.8499984741211,95.94000244140625,94.6500015258789,94.69000244140625,260600
2017-04-11,79.54800415039062,95.20999908447266,95.25,94.05999755859375,94.56999969482422,175600
2017-04-12,78.22789764404297,93.62999725341797,95.05999755859375,93.54000091552734,94.87000274658203,352000
2017-04-13,77.4341812133789,92.68000030517578,94.06999969482422,92.3499984741211,92.91000366210938,465500
2017-04-17,78.72087860107422,94.22000122070312,94.25,92.95999908447266,93.19000244140625,322200
2017-04-18,78.20283508300781,93.5999984741211,94.04000091552734,92.87000274658203,93.61000061035156,349700
2017-04-19,78.5119857788086,93.97000122070312,94.62999725341797,93.66000366210938,94.41000366210938,265000
2017-04-20,79.4644775390625,95.11000061035156,95.6500015258789,93.94000244140625,94.47000122070312,390900
2017-04-21,79.12191009521484,94.69999694824219,95.22000122070312,94.54000091552734,94.8499984741211,345500
2017-04-24,80.30830383300781,96.12000274658203,96.38999938964844,95.55000305175781,95.56999969482422,414800
2017-04-25,80.97673034667969,96.91999816894531,97.3499984741211,96.22000122070312,96.55000305175781,387000
2017-04-26,81.06024932861328,97.0199966430664,98.01000213623047,96.91999816894531,97.01000213623047,294100
2017-04-27,81.14381408691406,97.12000274658203,97.48999786376953,96.94999694824219,97.16000366210938,350100
2017-04-28,80.4085693359375,96.23999786376953,97.0999984741211,96.08999633789062,97.02999877929688,309100
2017-05-01,81.25242614746094,97.25,97.41999816894531,96.2699966430664,96.9000015258789,315300
2017-05-02,81.99601745605469,98.13999938964844,98.29000091552734,97.12999725341797,97.25,435700
2017-05-03,87.31816864013672,104.51000213623047,104.66999816894531,98.69999694824219,99.98999786376953,1152700
2017-05-04,87.28474426269531,104.47000122070312,106.0199966430664,103.87000274658203,104.55999755859375,505600
2017-05-05,86.82522583007812,103.91999816894531,104.94999694824219,103.11000061035156,104.56999969482422,351200
2017-05-08,87.97821807861328,105.30000305175781,105.55999755859375,104.12000274658203,104.19000244140625,418100
2017-05-09,87.25131225585938,104.43000030517578,105.98999786376953,104.29000091552734,105.26000213623047,417400
2017-05-10,86.58291625976562,103.62999725341797,104.68000030517578,103.2699966430664,103.97000122070312,389800
2017-05-11,85.76409149169922,102.6500015258789,103.79000091552734,102.36000061035156,103.30000305175781,407700
2017-05-12,85.26285552978516,102.05000305175781,102.69000244140625,101.95999908447266,102.36000061035156,279000
2017-05-15,85.43827056884766,102.26000213623047,102.73999786376953,101.41000366210938,102.30000305175781,257100
2017-05-16,85.19598388671875,101.97000122070312,102.75,101.69999694824219,102.30000305175781,235000
2017-05-17,83.6837158203125,100.16000366210938,101.97000122070312,100.0,101.97000122070312,470900
2017-05-18,82.94849395751953,99.27999877929688,100.30000305175781,99.11000061035156,100.30000305175781,429700
2017-05-19,83.15735626220703,99.52999877929688,100.02999877929688,99.18000030517578,99.58000183105469,417400
2017-05-22,83.20750427246094,99.58999633789062,100.19999694824219,99.2300033569336,100.04000091552734,343100
2017-05-23,83.12393951416016,99.48999786376953,99.72000122070312,98.66999816894531,99.58999633789062,429000
2017-05-24,83.0487289428711,99.4000015258789,99.69000244140625,98.68000030517578,99.55000305175781,281900
2017-05-25,84.37591552734375,100.44999694824219,100.68000030517578,99.01000213623047,99.19999694824219,257400
2017-05-26,83.39315032958984,99.27999877929688,100.44999694824219,98.9000015258789,100.36000061035156,279500
2017-05-30,82.77997589111328,98.55000305175781,99.54000091552734,98.31999969482422,99.18000030517578,387700
2017-05-31,82.3011703491211,97.9800033569336,98.63999938964844,97.27999877929688,98.63999938964844,689500
2017-06-01,84.12394714355469,100.1500015258789,100.44999694824219,98.05999755859375,98.63999938964844,357500
2017-06-02,84.13230895996094,100.16000366210938,100.3499984741211,98.80999755859375,99.66999816894531,348300
2017-06-05,83.23353576660156,99.08999633789062,100.80000305175781,99.0,100.16999816894531,339400
2017-06-06,83.1495590209961,98.98999786376953,99.05999755859375,98.01000213623047,98.68000030517578,308500
2017-06-07,82.91433715820312,98.70999908447266,99.55999755859375,98.47000122070312,99.29000091552734,271300
2017-06-08,83.40153503417969,99.29000091552734,99.83000183105469,98.70999908447266,98.70999908447266,757300
2017-06-09,85.40907287597656,101.68000030517578,101.91999816894531,99.72000122070312,99.7300033569336,389800
2017-06-12,85.08989715576172,101.30000305175781,102.05000305175781,100.79000091552734,101.9000015258789,460000
2017-06-13,85.45109558105469,101.7300033569336,102.2300033569336,101.12000274658203,101.31999969482422,274800
2017-06-14,85.95509338378906,102.33000183105469,102.66000366210938,101.18000030517578,101.51000213623047,353900
2017-06-15,86.95465087890625,103.5199966430664,103.97000122070312,101.55999755859375,101.55999755859375,341500
2017-06-16,87.76104736328125,104.4800033569336,104.5199966430664,102.94000244140625,103.48999786376953,618000
2017-06-19,87.97942352294922,104.73999786376953,105.12000274658203,104.30999755859375,105.0,286400
2017-06-20,87.3410415649414,103.9800033569336,104.73999786376953,103.5,104.11000061035156,223600
2017-06-21,85.88787841796875,102.25,104.44000244140625,102.05000305175781,104.23999786376953,335700
2017-06-22,84.21631622314453,100.26000213623047,102.05000305175781,100.2300033569336,101.83999633789062,394100
2017-06-23,85.04788970947266,101.25,101.54000091552734,100.44000244140625,100.76000213623047,794500
2017-06-26,87.25707244873047,103.87999725341797,104.48999786376953,102.0199966430664,102.29000091552734,528100
2017-06-27,87.05545043945312,103.63999938964844,104.19000244140625,103.27999877929688,103.94999694824219,351000
2017-06-28,88.02984619140625,104.80000305175781,105.47000122070312,104.18000030517578,104.36000061035156,378900
2017-06-29,87.52583312988281,104.19999694824219,105.8499984741211,103.5,105.8499984741211,363100
2017-06-30,87.09745788574219,103.69000244140625,104.73999786376953,103.30000305175781,104.55000305175781,363000
2017-07-03,88.3238296508789,105.1500015258789,106.47000122070312,104.26000213623047,104.27999877929688,209100
2017-07-05,87.81980895996094,104.55000305175781,105.69999694824219,104.41000366210938,105.23999786376953,406200
2017-07-06,87.48383331298828,104.1500015258789,105.37000274658203,103.77999877929688,104.5999984741211,410200
2017-07-07,88.46661376953125,105.31999969482422,105.97000122070312,104.13999938964844,104.1500015258789,259800
2017-07-10,88.1390380859375,104.93000030517578,105.30999755859375,104.70999908447266,105.01000213623047,417800
2017-07-11,87.7358169555664,104.44999694824219,105.23999786376953,104.08000183105469,104.94999694824219,278200
2017-07-12,87.74424743652344,104.45999908447266,104.86000061035156,103.9000015258789,104.44000244140625,484800
2017-07-13,88.35742950439453,105.19000244140625,105.4800033569336,104.41000366210938,104.58000183105469,211300
2017-07-14,87.88703918457031,104.62999725341797,105.0199966430664,104.38999938964844,104.5999984741211,164700
2017-07-17,88.20621490478516,105.01000213623047,105.04000091552734,103.91000366210938,104.62999725341797,207400
2017-07-18,87.81143951416016,104.54000091552734,105.12000274658203,104.06999969482422,104.91000366210938,353700
2017-07-19,88.97061920166016,105.91999816894531,106.0,104.66999816894531,104.77999877929688,205100
2017-07-20,88.7942123413086,105.70999908447266,106.30000305175781,105.37000274658203,105.80999755859375,169200
2017-07-21,88.54222869873047,105.41000366210938,105.94999694824219,105.0199966430664,105.5999984741211,308400
2017-07-24,89.03779602050781,106.0,106.12999725341797,105.41000366210938,105.7300033569336,177200
2017-07-25,89.26457977294922,106.2699966430664,106.98999786376953,105.83000183105469,106.9000015258789,322800
2017-07-26,88.31541442871094,105.13999938964844,106.3499984741211,104.95999908447266,106.2699966430664,213500
2017-07-27,88.14742279052734,104.94000244140625,105.29000091552734,104.2300033569336,105.29000091552734,241000
2017-07-28,88.59261322021484,105.47000122070312,105.5199966430664,104.66000366210938,104.9800033569336,202000
2017-07-31,88.42460632324219,105.2699966430664,105.80000305175781,104.88999938964844,105.66000366210938,258400
2017-08-01,89.2562026977539,106.26000213623047,106.44999694824219,104.95999908447266,106.02999877929688,386600
2017-08-02,87.22344207763672,103.83999633789062,105.80000305175781,100.7699966430664,105.30000305175781,683900
2017-08-03,87.22344207763672,103.83999633789062,104.33999633789062,103.11000061035156,103.5,394500
2017-08-04,88.14742279052734,104.94000244140625,105.30000305175781,103.97000122070312,104.38999938964844,275800
2017-08-07,87.26546478271484,103.88999938964844,105.2699966430664,103.26000213623047,104.58999633789062,287400
2017-08-08,87.98785400390625,104.75,105.81999969482422,103.79000091552734,103.80000305175781,313100
2017-08-09,88.21461486816406,105.0199966430664,105.30000305175781,103.88999938964844,104.41000366210938,337900
2017-08-10,86.50946044921875,102.98999786376953,104.69999694824219,102.97000122070312,104.38999938964844,248500
2017-08-11,86.1314468383789,102.54000091552734,103.27999877929688,102.20999908447266,102.94999694824219,168600
2017-08-14,87.55103302001953,104.2300033569336,104.4000015258789,103.05000305175781,103.16999816894531,192100
2017-08-15,86.80343627929688,103.33999633789062,104.94999694824219,103.18000030517578,104.58000183105469,152700
2017-08-16,86.19026184082031,102.61000061035156,103.86000061035156,102.51000213623047,103.4800033569336,152400
2017-08-17,84.26670837402344,100.31999969482422,102.80000305175781,100.22000122070312,102.62000274658203,278900
2017-08-18,84.00633239746094,100.01000213623047,100.66999816894531,99.63999938964844,100.0,276200
2017-08-21,83.4771499633789,99.37999725341797,99.75,98.44999694824219,99.75,231700
2017-08-22,83.9139404296875,99.9000015258789,99.98999786376953,98.98999786376953,99.58999633789062,212800
2017-08-23,84.04833221435547,100.05999755859375,100.58999633789062,99.37000274658203,99.37000274658203,236700
2017-08-24,82.9421157836914,98.22000122070312,100.0,98.1500015258789,99.98999786376953,237700
2017-08-25,83.17009735107422,98.48999786376953,98.62999725341797,97.5,98.4800033569336,284000
2017-08-28,80.59452056884766,95.44000244140625,98.5,94.83000183105469,98.37999725341797,526400
2017-08-29,79.81761169433594,94.5199966430664,94.77999877929688,93.05000305175781,94.47000122070312,464500
2017-08-30,80.03717041015625,94.77999877929688,95.73999786376953,94.30999755859375,94.30999755859375,373800
2017-08-31,79.961181640625,94.69000244140625,95.41000366210938,94.55999755859375,95.0199966430664,563200
2017-09-01,79.88518524169922,94.5999984741211,96.05000305175781,94.47000122070312,95.0,247400
2017-09-05,76.38914489746094,90.45999908447266,94.2300033569336,89.62999725341797,94.2300033569336,549300
2017-09-06,76.90426635742188,91.06999969482422,91.66000366210938,89.72000122070312,90.76000213623047,430500
2017-09-07,74.09223175048828,87.73999786376953,91.04000091552734,87.25,90.81999969482422,741200
2017-09-08,76.65091705322266,90.7699966430664,90.80999755859375,86.0,86.9800033569336,808300
2017-09-11,78.82117462158203,93.33999633789062,94.75,91.47000122070312,92.31999969482422,866900
2017-09-12,79.41227722167969,94.04000091552734,94.29000091552734,93.31999969482422,93.44999694824219,409000
2017-09-13,79.18427276611328,93.7699966430664,94.31999969482422,93.0,94.04000091552734,408900
2017-09-14,78.75361633300781,93.26000213623047,94.0199966430664,92.77999877929688,93.66000366210938,395100
2017-09-15,79.25183868408203,93.8499984741211,93.94000244140625,92.83999633789062,92.94000244140625,778100
2017-09-18,79.2096176147461,93.80000305175781,94.4800033569336,93.5,94.19000244140625,328100
2017-09-19,78.50872039794922,92.97000122070312,94.30000305175781,92.91999816894531,93.70999908447266,446900
2017-09-20,78.77050018310547,93.27999877929688,93.52999877929688,92.33000183105469,93.2699966430664,468400
2017-09-21,79.04074096679688,93.5999984741211,93.87000274658203,92.94999694824219,93.47000122070312,257500
2017-09-22,79.75850677490234,94.44999694824219,94.51000213623047,92.88999938964844,93.37000274658203,415500
2017-09-25,80.17229461669922,94.94000244140625,95.48999786376953,94.11000061035156,94.11000061035156,394500
2017-09-26,79.69098663330078,94.37000274658203,94.79000091552734,91.88999938964844,94.5,571700
2017-09-27,80.7718505859375,95.6500015258789,96.68000030517578,95.4000015258789,95.44000244140625,565000
2017-09-28,80.88163757324219,95.77999877929688,96.4000015258789,94.66000366210938,95.66000366210938,350800
2017-09-29,80.66205596923828,95.5199966430664,96.5,95.16999816894531,95.75,263100
2017-10-02,80.78031921386719,95.66000366210938,95.83000183105469,95.06999969482422,95.62000274658203,502200
2017-10-03,80.8140640258789,95.69999694824219,95.86000061035156,94.44000244140625,95.48999786376953,470900
2017-10-04,80.46784210205078,95.29000091552734,95.94999694824219,94.9000015258789,95.56999969482422,617800
2017-10-05,80.63673400878906,95.48999786376953,96.16000366210938,95.20999908447266,95.20999908447266,412800
2017-10-06,81.1011962890625,96.04000091552734,96.16999816894531,95.29000091552734,95.8499984741211,341500
2017-10-09,80.72962188720703,95.5999984741211,96.04000091552734,95.18000030517578,96.0,320200
2017-10-10,80.9154052734375,95.81999969482422,95.88999938964844,95.05999755859375,95.6500015258789,327300
2017-10-11,80.49317932128906,95.31999969482422,95.54000091552734,92.9000015258789,95.41999816894531,510700
2017-10-12,81.02517700195312,95.94999694824219,96.45999908447266,95.2300033569336,95.2300033569336,535900
2017-10-13,80.82252502441406,95.70999908447266,96.05999755859375,95.54000091552734,96.01000213623047,407700
2017-10-16,81.253173828125,96.22000122070312,96.5,95.86000061035156,95.86000061035156,374400
2017-10-17,80.94918060302734,95.86000061035156,96.55999755859375,95.8499984741211,96.31999969482422,506600
2017-10-18,85.96522521972656,101.80000305175781,102.2300033569336,96.04000091552734,96.41000366210938,1277200
2017-10-19,85.40789031982422,101.13999938964844,101.7300033569336,100.25,101.27999877929688,631900
2017-10-20,84.35234832763672,99.88999938964844,101.79000091552734,99.48999786376953,101.7699966430664,740000
2017-10-23,84.01454162597656,99.48999786376953,100.04000091552734,99.12000274658203,100.04000091552734,463000
2017-10-24,84.17499542236328,99.68000030517578,100.0999984741211,99.0999984741211,99.83000183105469,293500
2017-10-25,84.27633666992188,99.80000305175781,100.5199966430664,98.83000183105469,100.08000183105469,569500
2017-10-26,84.80834197998047,100.43000030517578,101.55999755859375,99.93000030517578,99.93000030517578,334800
2017-10-27,84.48745727539062,100.05000305175781,100.44000244140625,99.51000213623047,100.29000091552734,337000
2017-10-30,85.1629867553711,100.8499984741211,101.29000091552734,99.52999877929688,99.9800033569336,354700
2017-10-31,84.9941177368164,100.6500015258789,101.91000366210938,100.2699966430664,100.63999938964844,481600
2017-11-01,85.43323516845703,101.16999816894531,102.8499984741211,100.9800033569336,101.2699966430664,514500
2017-11-02,84.6225357055664,100.20999908447266,102.44999694824219,99.2699966430664,100.95999908447266,630100
2017-11-03,84.56343841552734,100.13999938964844,100.2300033569336,97.51000213623047,99.02999877929688,673800
2017-11-06,83.82877349853516,99.2699966430664,100.41000366210938,99.2699966430664,100.16999816894531,305200
2017-11-07,83.64299774169922,99.05000305175781,100.41000366210938,98.94999694824219,99.44000244140625,307700
2017-11-08,83.07720947265625,98.37999725341797,99.36000061035156,97.9800033569336,98.87999725341797,480800
2017-11-09,83.35588836669922,98.70999908447266,99.7300033569336,98.0999984741211,98.13999938964844,409200
2017-11-10,82.88297271728516,98.1500015258789,99.0199966430664,97.75,98.43000030517578,451900
2017-11-13,83.34742736816406,98.69999694824219,99.18000030517578,97.66999816894531,97.66999816894531,371300
2017-11-14,83.47411346435547,98.8499984741211,99.43000030517578,97.62999725341797,97.9800033569336,315800
2017-11-15,83.48252868652344,98.86000061035156,99.5999984741211,97.80000305175781,98.05999755859375,389000
2017-11-16,82.3340835571289,97.5,99.5,97.19999694824219,99.13999938964844,540600
2017-11-17,83.2798843383789,98.62000274658203,98.9000015258789,96.95999908447266,97.08000183105469,386900
2017-11-20,83.24610137939453,98.58000183105469,99.55999755859375,98.41000366210938,98.61000061035156,254300
2017-11-21,83.09410095214844,98.4000015258789,99.12999725341797,98.30000305175781,99.0,270600
2017-11-22,83.1025390625,98.41000366210938,98.83000183105469,97.72000122070312,98.20999908447266,271800
2017-11-24,83.11103820800781,97.86000061035156,98.69999694824219,97.8499984741211,98.69999694824219,115900
2017-11-27,83.2044677734375,97.97000122070312,98.77999877929688,97.77999877929688,98.19999694824219,383000
2017-11-28,84.89453887939453,99.95999908447266,100.18000030517578,98.08999633789062,98.19000244140625,342800
2017-11-29,86.38077545166016,101.70999908447266,102.4800033569336,100.25,100.27999877929688,337700
2017-11-30,85.6673812866211,100.87000274658203,102.5,100.8499984741211,102.0199966430664,808000
2017-12-01,84.73316192626953,99.7699966430664,101.0999984741211,98.0999984741211,101.0999984741211,729900
2017-12-04,84.7586669921875,99.80000305175781,100.95999908447266,99.25,100.38999938964844,616400
2017-12-05,83.3997802734375,98.19999694824219,100.2699966430664,98.05000305175781,99.8499984741211,580200
2017-12-06,83.24691772460938,98.0199966430664,99.08000183105469,97.38999938964844,97.97000122070312,355500
2017-12-07,83.7225112915039,98.58000183105469,99.52999877929688,97.73999786376953,97.73999786376953,503600
2017-12-08,84.18960571289062,99.12999725341797,99.56999969482422,98.51000213623047,98.98999786376953,471700
2017-12-11,84.82660675048828,99.87999725341797,100.0199966430664,98.47000122070312,99.08999633789062,473800
2017-12-12,85.18329620361328,100.30000305175781,101.51000213623047,99.69000244140625,100.0,462700
2017-12-13,83.92633819580078,98.81999969482422,100.33999633789062,98.75,100.26000213623047,366500
2017-12-14,83.05156707763672,97.79000091552734,99.19999694824219,97.6500015258789,99.01000213623047,389700
2017-12-15,83.49321746826172,98.30999755859375,99.58999633789062,98.05999755859375,98.44000244140625,756700
2017-12-18,83.84142303466797,98.72000122070312,99.16999816894531,98.11000061035156,98.80000305175781,432000
2017-12-19,83.81594848632812,98.69000244140625,99.68000030517578,98.55999755859375,99.26000213623047,473400
2017-12-20,84.6822280883789,99.70999908447266,99.9800033569336,98.83000183105469,99.0999984741211,346400
2017-12-21,85.87969970703125,101.12000274658203,101.44999694824219,99.81999969482422,99.97000122070312,393000
2017-12-22,85.80326080322266,101.02999877929688,102.13999938964844,100.69999694824219,101.56999969482422,371900
2017-12-26,85.92218017578125,101.16999816894531,101.95999908447266,100.9000015258789,101.01000213623047,157800
2017-12-27,86.0240707397461,101.29000091552734,102.08999633789062,101.11000061035156,101.2699966430664,227600
2017-12-28,86.35528564453125,101.68000030517578,101.80999755859375,101.19999694824219,101.3499984741211,228600
2017-12-29,85.64189147949219,100.83999633789062,102.2699966430664,100.72000122070312,101.95999908447266,415000
2018-01-02,84.27455139160156,99.2300033569336,101.4800033569336,98.5999984741211,101.44000244140625,449900
2018-01-03,84.51236724853516,99.51000213623047,100.62999725341797,98.88999938964844,99.25,374800
2018-01-04,84.97097778320312,100.05000305175781,100.88999938964844,99.66000366210938,99.98999786376953,419300
2018-01-05,86.04108428955078,101.30999755859375,101.43000030517578,99.6500015258789,100.73999786376953,333600
2018-01-08,84.6737060546875,99.69999694824219,101.13999938964844,99.6500015258789,101.02999877929688,333200
2018-01-09,84.17266845703125,99.11000061035156,101.45999908447266,98.98999786376953,100.0,516500
2018-01-10,81.947509765625,96.48999786376953,99.33000183105469,96.44999694824219,98.9800033569336,460300
2018-01-11,81.35302734375,95.79000091552734,96.75,95.08999633789062,96.55999755859375,461000
2018-01-12,81.01331329345703,95.38999938964844,96.6500015258789,94.61000061035156,96.31999969482422,430900
2018-01-16,79.7393798828125,93.88999938964844,95.69000244140625,93.76000213623047,95.61000061035156,465200
2018-01-17,80.52069091796875,94.80999755859375,95.22000122070312,94.12999725341797,94.5,301300
2018-01-18,80.06207275390625,94.2699966430664,95.12999725341797,94.05000305175781,94.98999786376953,247300
2018-01-19,79.90074157714844,94.08000183105469,94.41999816894531,93.5199966430664,94.41999816894531,317300
2018-01-22,79.85828399658203,94.02999877929688,94.80000305175781,92.94000244140625,94.20999908447266,520900
2018-01-23,80.4867172241211,94.7699966430664,95.33000183105469,94.02999877929688,94.02999877929688,402400
2018-01-24,81.17464447021484,95.58000183105469,95.80999755859375,94.93000030517578,95.22000122070312,433400
2018-01-25,80.70755767822266,95.02999877929688,96.0,94.9000015258789,95.79000091552734,265400
2018-01-26,81.09822845458984,95.48999786376953,96.01000213623047,94.77999877929688,95.27999877929688,201900
2018-01-29,80.13003540039062,94.3499984741211,96.26000213623047,94.30000305175781,95.55999755859375,253600
2018-01-30,78.22764587402344,92.11000061035156,94.22000122070312,92.11000061035156,93.88999938964844,369300
2018-01-31,77.69259643554688,91.4800033569336,92.73999786376953,91.30999755859375,92.1500015258789,409000
2018-02-01,79.03445434570312,93.05999755859375,93.43000030517578,91.22000122070312,91.4000015258789,319400
2018-02-02,78.09175872802734,91.94999694824219,93.37000274658203,91.37999725341797,93.20999908447266,547800
2018-02-05,74.88993835449219,88.18000030517578,91.98999786376953,88.1500015258789,90.93000030517578,472900
2018-02-06,75.15322875976562,88.48999786376953,89.0199966430664,85.91000366210938,86.70999908447266,540800
2018-02-07,75.15322875976562,88.48999786376953,89.72000122070312,87.20999908447266,88.04000091552734,455900
2018-02-08,72.32511138916016,85.16000366210938,88.51000213623047,85.1500015258789,88.44999694824219,504000
2018-02-09,74.74555969238281,88.01000213623047,88.44999694824219,84.9800033569336,86.5,648000
2018-02-12,74.32941436767578,87.5199966430664,88.87999725341797,86.06999969482422,88.31999969482422,526400
2018-02-13,75.00883483886719,88.31999969482422,88.55999755859375,86.41000366210938,87.0999984741211,576000
2018-02-14,76.12992095947266,89.63999938964844,89.7300033569336,87.69999694824219,87.91000366210938,318400
2018-02-15,76.49510955810547,90.06999969482422,90.62000274658203,89.44000244140625,90.31999969482422,423600
2018-02-16,76.3676986694336,89.91999816894531,90.83999633789062,89.47000122070312,89.68000030517578,447700
2018-02-20,75.22964477539062,88.58000183105469,89.83999633789062,88.16999816894531,89.70999908447266,302200
2018-02-21,74.9579086303711,88.26000213623047,89.76000213623047,88.2300033569336,88.5199966430664,274400
2018-02-22,74.60118103027344,87.83999633789062,89.56999969482422,87.61000061035156,88.6500015258789,319600
2018-02-23,75.69525909423828,88.55999755859375,88.5999984741211,87.33999633789062,87.81999969482422,272700
2018-02-26,75.59269714355469,88.44000244140625,89.06999969482422,87.38999938964844,88.62999725341797,419500
2018-02-27,74.66100311279297,87.3499984741211,89.23999786376953,87.3499984741211,88.33000183105469,311200
2018-02-28,73.05411529541016,85.47000122070312,87.95999908447266,85.45999908447266,87.73999786376953,580900
2018-03-01,73.24217987060547,85.69000244140625,86.41000366210938,84.9000015258789,85.72000122070312,773600
2018-03-02,73.88321685791016,86.44000244140625,86.58999633789062,84.33999633789062,85.38999938964844,823800
2018-03-05,75.7807388305664,88.66000366210938,88.70999908447266,85.58000183105469,86.2699966430664,1081900
2018-03-06,76.72091674804688,89.76000213623047,90.2300033569336,88.06999969482422,89.04000091552734,461300
2018-03-07,76.13970184326172,89.08000183105469,91.08999633789062,88.76000213623047,89.04000091552734,1272600
2018-03-08,75.5243148803711,88.36000061035156,89.27999877929688,86.9800033569336,88.94000244140625,1494300
2018-03-09,77.61841583251953,90.80999755859375,91.05000305175781,88.30000305175781,88.87999725341797,897300
2018-03-12,76.07135009765625,89.0,90.80000305175781,88.38999938964844,90.66999816894531,664800
2018-03-13,76.15680694580078,89.0999984741211,89.87000274658203,88.87999725341797,89.41999816894531,461300
2018-03-14,75.24225616455078,88.02999877929688,89.77999877929688,87.95999908447266,89.2699966430664,697700
2018-03-15,75.96875762939453,88.87999725341797,89.1500015258789,87.45999908447266,88.37000274658203,793700
2018-03-16,76.86624908447266,89.93000030517578,90.19999694824219,88.56999969482422,88.87999725341797,1387900
2018-03-19,77.03717041015625,90.12999725341797,90.69999694824219,89.87999725341797,89.91000366210938,821000
2018-03-20,77.72100067138672,90.93000030517578,91.63999938964844,90.26000213623047,90.52999877929688,668900
2018-03-21,77.78934478759766,91.01000213623047,91.83000183105469,90.06999969482422,91.08000183105469,596000
2018-03-22,76.4815902709961,89.4800033569336,91.68000030517578,89.44000244140625,90.0,567200
2018-03-23,74.78069305419922,87.48999786376953,90.36000061035156,87.26000213623047,89.9000015258789,562300
2018-03-26,77.64405822753906,90.83999633789062,91.0999984741211,88.37000274658203,88.37000274658203,662700
2018-03-27,76.66111755371094,89.69000244140625,90.97000122070312,89.22000122070312,90.83999633789062,520200
2018-03-28,77.72100067138672,90.93000030517578,91.75,89.62999725341797,90.08999633789062,536900
2018-03-29,78.13127899169922,91.41000366210938,91.86000061035156,90.97000122070312,91.22000122070312,440900
2018-04-02,75.37044525146484,88.18000030517578,91.58000183105469,87.08000183105469,90.81999969482422,660800
2018-04-03,76.90042877197266,89.97000122070312,90.58000183105469,88.37999725341797,88.37999725341797,526800
2018-04-04,77.93466186523438,91.18000030517578,91.33999633789062,88.69999694824219,88.77999877929688,422000
2018-04-05,78.46458435058594,91.80000305175781,92.30000305175781,90.44000244140625,91.48999786376953,408700
2018-04-06,76.53291320800781,89.54000091552734,91.7699966430664,89.0,91.02999877929688,509700
2018-04-09,76.68675231933594,89.72000122070312,91.0999984741211,89.52999877929688,89.88999938964844,417900
2018-04-10,77.55001831054688,90.7300033569336,91.30000305175781,90.06999969482422,90.5199966430664,420900
2018-04-11,77.43038177490234,90.58999633789062,91.12000274658203,89.5,90.0999984741211,644200
2018-04-12,78.46458435058594,91.80000305175781,91.94000244140625,91.05999755859375,91.27999877929688,681000
2018-04-13,78.21672821044922,91.51000213623047,92.48999786376953,90.83000183105469,92.36000061035156,478200
2018-04-16,79.06291198730469,92.5,92.80000305175781,91.19999694824219,92.19999694824219,709200
2018-04-17,79.3962631225586,92.88999938964844,94.20999908447266,92.25,92.98999786376953,643400
2018-04-18,79.24240112304688,92.70999908447266,93.33999633789062,92.20999908447266,93.02999877929688,460600
2018-04-19,79.14839935302734,92.5999984741211,93.3499984741211,92.01000213623047,92.76000213623047,594800
2018-04-20,79.8407211303711,93.41000366210938,93.6500015258789,92.76000213623047,92.83000183105469,645400
2018-04-23,79.7894287109375,93.3499984741211,93.8499984741211,92.81999969482422,93.56999969482422,355100
2018-04-24,79.79798889160156,93.36000061035156,94.5,92.51000213623047,93.41999816894531,440600
2018-04-25,79.82363891601562,93.38999938964844,93.87000274658203,92.69000244140625,93.55000305175781,351600
2018-04-26,79.8407211303711,93.41000366210938,93.86000061035156,92.91999816894531,93.31999969482422,286000
2018-04-27,80.3364486694336,93.98999786376953,94.20999908447266,93.16999816894531,93.25,278600
2018-04-30,79.33643341064453,92.81999969482422,94.45999908447266,92.73999786376953,94.33000183105469,418900
2018-05-01,78.49877166748047,91.83999633789062,92.37999725341797,91.19999694824219,92.3499984741211,574500
2018-05-02,76.61837768554688,89.63999938964844,91.52999877929688,89.37999725341797,91.51000213623047,522700
2018-05-03,75.74655151367188,88.62000274658203,89.11000061035156,85.41000366210938,89.11000061035156,1019500
2018-05-04,75.15677642822266,87.93000030517578,88.77999877929688,84.87999725341797,87.7300033569336,1110700
2018-05-07,74.60973358154297,87.29000091552734,88.5,86.2300033569336,88.5,625000
2018-05-08,73.94305419921875,86.51000213623047,87.5999984741211,85.97000122070312,87.45999908447266,644900
2018-05-09,73.84050750732422,86.38999938964844,86.81999969482422,85.13999938964844,86.72000122070312,618400
2018-05-10,74.84051513671875,87.55999755859375,87.6500015258789,85.80000305175781,86.5,540600
2018-05-11,74.84906768798828,87.56999969482422,88.4000015258789,87.02999877929688,87.68000030517578,373300
2018-05-14,74.59265899658203,87.2699966430664,87.97000122070312,86.98999786376953,87.69000244140625,362100
2018-05-15,76.67819213867188,89.70999908447266,89.81999969482422,87.02999877929688,87.2699966430664,838700
2018-05-16,80.2937240600586,93.94000244140625,94.38999938964844,90.08000183105469,90.08999633789062,1869400
2018-05-17,80.59288787841797,94.29000091552734,95.47000122070312,93.58999633789062,94.18000030517578,1195000
2018-05-18,81.98611450195312,95.91999816894531,97.05999755859375,93.97000122070312,94.5999984741211,878800
2018-05-21,83.72119140625,97.94999694824219,98.25,96.01000213623047,96.38999938964844,1058600
2018-05-22,82.13143157958984,96.08999633789062,99.4800033569336,95.93000030517578,98.0,888700
2018-05-23,81.49888610839844,95.3499984741211,96.66999816894531,94.91999816894531,95.9000015258789,614900
2018-05-24,83.02887725830078,97.13999938964844,97.7300033569336,95.0,95.06999969482422,861000
2018-05-25,82.96012115478516,96.5,97.69999694824219,95.98999786376953,96.08999633789062,586700
2018-05-29,81.94564819335938,95.31999969482422,97.33999633789062,94.5999984741211,95.70999908447266,659500
2018-05-30,82.00586700439453,95.38999938964844,96.12999725341797,94.62999725341797,95.80999755859375,787300
2018-05-31,80.2520751953125,93.3499984741211,95.72000122070312,93.01000213623047,95.2699966430664,846100
2018-06-01,80.8624496459961,94.05999755859375,94.9000015258789,93.55000305175781,94.5199966430664,778500
2018-06-04,80.9914321899414,94.20999908447266,94.38999938964844,93.19000244140625,94.23999786376953,599600
2018-06-05,81.05158996582031,94.27999877929688,94.5999984741211,93.4000015258789,94.11000061035156,601400
2018-06-06,82.10042572021484,95.5,95.83999633789062,94.08000183105469,94.72000122070312,617400
2018-06-07,83.81979370117188,97.5,97.69999694824219,95.01000213623047,95.5,1068300
2018-06-08,84.49893188476562,98.29000091552734,98.36000061035156,97.06999969482422,97.43000030517578,589200
2018-06-11,81.77373504638672,95.12000274658203,98.6500015258789,95.0999984741211,98.41000366210938,762100
2018-06-12,82.48726654052734,95.94999694824219,96.5,95.04000091552734,95.12999725341797,658600
2018-06-13,83.55329132080078,97.19000244140625,97.98999786376953,96.18000030517578,96.48999786376953,1086000
2018-06-14,82.32393646240234,95.76000213623047,97.95999908447266,95.63999938964844,97.43000030517578,608700
2018-06-15,82.09180450439453,95.48999786376953,95.91000366210938,93.69999694824219,95.08000183105469,1065700
2018-06-18,81.8682861328125,95.2300033569336,95.69999694824219,94.58000183105469,94.81999969482422,488900
2018-06-19,85.62513732910156,99.5999984741211,99.83999633789062,94.68000030517578,94.68000030517578,1999600
2018-06-20,87.07801055908203,101.29000091552734,102.12999725341797,99.31999969482422,99.83999633789062,1665100
2018-06-21,87.86034393310547,102.19999694824219,103.58000183105469,101.12000274658203,101.36000061035156,1131200
2018-06-22,88.0064926147461,102.37000274658203,104.33000183105469,102.12999725341797,102.6500015258789,1391300
2018-06-25,88.19561767578125,102.58999633789062,104.0,101.44000244140625,102.5,1087900
2018-06-26,87.12100219726562,101.33999633789062,102.83000183105469,99.98999786376953,102.73999786376953,1022400
2018-06-27,87.98069763183594,102.33999633789062,103.62999725341797,101.05000305175781,101.05999755859375,1462100
2018-06-28,90.2072982788086,104.93000030517578,105.98999786376953,101.87000274658203,102.1500015258789,1588400
2018-06-29,88.9693374633789,103.48999786376953,105.4800033569336,103.43000030517578,105.0,877800
2018-07-02,89.24443817138672,103.80999755859375,104.23999786376953,102.58000183105469,103.2300033569336,1185500
2018-07-03,90.70591735839844,105.51000213623047,105.81999969482422,103.44999694824219,104.37999725341797,624600
2018-07-05,90.30184936523438,105.04000091552734,105.93000030517578,102.4000015258789,105.9000015258789,1173400
2018-07-06,90.0267562866211,104.72000122070312,106.0,104.2300033569336,104.6500015258789,915000
2018-07-09,91.44524383544922,106.37000274658203,106.44999694824219,104.4800033569336,105.4000015258789,1001900
2018-07-10,92.22755432128906,107.27999877929688,108.27999877929688,106.4000015258789,108.0,1244300
2018-07-11,92.96688079833984,108.13999938964844,108.58000183105469,106.11000061035156,107.43000030517578,1164400
2018-07-12,92.39091491699219,107.47000122070312,109.01000213623047,107.12999725341797,108.83000183105469,714500
2018-07-13,92.86373138427734,108.0199966430664,108.5,106.5,107.30000305175781,757400
2018-07-16,92.8293685913086,107.9800033569336,108.81999969482422,107.30999755859375,108.63999938964844,794700
2018-07-17,92.54566955566406,107.6500015258789,108.37000274658203,107.02999877929688,108.08000183105469,767400
2018-07-18,93.57727813720703,108.8499984741211,108.97000122070312,107.55000305175781,107.94999694824219,789400
2018-07-19,92.1072006225586,107.13999938964844,108.37999725341797,106.69999694824219,108.33999633789062,604500
2018-07-20,92.39091491699219,107.47000122070312,107.94000244140625,106.0,106.61000061035156,964600
2018-07-23,92.37371063232422,107.44999694824219,107.7699966430664,106.04000091552734,106.87000274658203,943400
2018-07-24,92.4252700805664,107.51000213623047,108.01000213623047,106.88999938964844,107.77999877929688,846000
2018-07-25,92.89813232421875,108.05999755859375,108.1500015258789,106.94000244140625,107.19000244140625,504300
2018-07-26,94.69487762451172,110.1500015258789,110.29000091552734,108.51000213623047,108.63999938964844,596300
2018-07-27,93.8609619140625,109.18000030517578,111.43000030517578,109.04000091552734,110.0199966430664,464100
2018-07-30,94.31660461425781,109.70999908447266,110.8499984741211,109.19000244140625,109.22000122070312,769100
2018-07-31,94.82382202148438,110.30000305175781,110.9000015258789,109.36000061035156,110.13999938964844,761400
2018-08-01,93.96415710449219,109.30000305175781,111.12000274658203,109.30000305175781,110.30000305175781,576200
2018-08-02,93.71482849121094,109.01000213623047,109.51000213623047,107.33000183105469,108.69999694824219,618900
2018-08-03,92.96688079833984,108.13999938964844,109.66999816894531,107.16999816894531,108.37000274658203,596600
2018-08-06,91.1529541015625,106.02999877929688,108.0,104.9800033569336,107.88999938964844,1379100
2018-08-07,91.52262115478516,106.45999908447266,107.58999633789062,105.3499984741211,106.72000122070312,768600
2018-08-08,92.63164520263672,107.75,110.54000091552734,105.62999725341797,105.62999725341797,1485800
2018-08-09,91.08417510986328,105.94999694824219,107.68000030517578,105.20999908447266,107.61000061035156,737000
2018-08-10,91.36787414550781,106.27999877929688,107.18000030517578,104.1500015258789,104.91999816894531,796700
2018-08-13,91.83211517333984,106.81999969482422,107.62999725341797,105.36000061035156,106.16999816894531,727100
2018-08-14,93.62886810302734,108.91000366210938,109.94000244140625,106.87000274658203,106.87000274658203,1035900
2018-08-15,92.59723663330078,107.70999908447266,109.2300033569336,107.5999984741211,108.62000274658203,537900
2018-08-16,91.17015075683594,106.05000305175781,108.37000274658203,105.91999816894531,107.97000122070312,924000
2018-08-17,90.49958801269531,105.2699966430664,107.12000274658203,105.05999755859375,106.02999877929688,516400
2018-08-20,90.42220306396484,105.18000030517578,105.55999755859375,104.69999694824219,105.19000244140625,723100
2018-08-21,90.64572143554688,105.44000244140625,106.66999816894531,105.01000213623047,105.25,675000
2018-08-22,90.27606201171875,105.01000213623047,105.66000366210938,104.2699966430664,105.06999969482422,588000
2018-08-23,89.85482788085938,104.5199966430664,105.98999786376953,104.41000366210938,105.30000305175781,454300
2018-08-24,90.43390655517578,104.62999725341797,104.80000305175781,103.12999725341797,104.12000274658203,545200
2018-08-27,90.96979522705078,105.25,106.13999938964844,104.63999938964844,105.20999908447266,716800
2018-08-28,90.12276458740234,104.2699966430664,106.0,104.04000091552734,105.69000244140625,663500
2018-08-29,89.39671325683594,103.43000030517578,104.33000183105469,103.04000091552734,104.33000183105469,591800
2018-08-30,88.15209197998047,101.98999786376953,103.5,101.52999877929688,103.5,668600
2018-08-31,88.86949157714844,102.81999969482422,103.0,101.55999755859375,101.6500015258789,556500
2018-09-04,88.29904174804688,102.16000366210938,103.05999755859375,100.88999938964844,102.61000061035156,848200
2018-09-05,88.76578521728516,102.69999694824219,103.5,101.95999908447266,102.0,685400
2018-09-06,89.32757568359375,103.3499984741211,104.2699966430664,102.98999786376953,103.08000183105469,837400
2018-09-07,89.85482788085938,103.95999908447266,104.41999816894531,103.08000183105469,103.63999938964844,686100
2018-09-10,87.87554168701172,101.66999816894531,104.33999633789062,101.4000015258789,103.98999786376953,556700
2018-09-11,87.64215850830078,101.4000015258789,101.83000183105469,100.33999633789062,100.9000015258789,421600
2018-09-12,86.9593505859375,100.61000061035156,101.36000061035156,100.1500015258789,101.25,363700
2018-09-13,88.64476776123047,102.55999755859375,103.16999816894531,101.05000305175781,101.05000305175781,751800
2018-09-14,89.75975036621094,103.8499984741211,104.0999984741211,101.08999633789062,102.47000122070312,511500
2018-09-17,89.8461685180664,103.94999694824219,105.0,103.3499984741211,104.12000274658203,683100
2018-09-18,90.87470245361328,105.13999938964844,105.2699966430664,102.63999938964844,104.11000061035156,714000
2018-09-19,90.83148956298828,105.08999633789062,105.87000274658203,104.87999725341797,105.30999755859375,685700
2018-09-20,91.28095245361328,105.61000061035156,106.36000061035156,105.02999877929688,105.48999786376953,884600
2018-09-21,90.93523406982422,105.20999908447266,106.19000244140625,105.1500015258789,105.8499984741211,1289200
2018-09-24,89.802978515625,103.9000015258789,105.30000305175781,103.08999633789062,105.2300033569336,640800
2018-09-25,89.79431915283203,103.88999938964844,104.5,102.98999786376953,104.2699966430664,477000
2018-09-26,92.56877136230469,107.0999984741211,108.43000030517578,104.1500015258789,104.41000366210938,1782300
2018-09-27,91.86869812011719,106.29000091552734,108.44000244140625,106.01000213623047,107.13999938964844,897200
2018-09-28,93.30343627929688,107.94999694824219,108.02999877929688,105.33999633789062,105.56999969482422,822800
2018-10-01,92.43052673339844,106.94000244140625,108.9000015258789,106.05000305175781,108.08999633789062,834300
2018-10-02,92.78488159179688,107.3499984741211,107.41999816894531,105.66999816894531,106.80999755859375,616200
2018-10-03,93.01823425292969,107.62000274658203,108.38999938964844,107.18000030517578,108.08000183105469,824200
2018-10-04,93.09602355957031,107.70999908447266,108.4800033569336,107.2699966430664,107.56999969482422,601100
2018-10-05,93.45904541015625,108.12999725341797,108.30999755859375,107.62000274658203,107.68000030517578,340700
2018-10-08,93.72697448730469,108.44000244140625,108.8499984741211,107.12999725341797,108.08999633789062,631700
2018-10-09,93.6924057006836,108.4000015258789,108.61000061035156,107.68000030517578,108.33000183105469,406100
2018-10-10,91.18585205078125,105.5,108.06999969482422,105.41000366210938,108.06999969482422,626400
2018-10-11,89.15471649169922,103.1500015258789,105.62999725341797,102.9000015258789,105.30999755859375,722300
2018-10-12,88.48055267333984,102.37000274658203,104.26000213623047,100.41000366210938,103.95999908447266,558100
2018-10-15,88.42002868652344,102.30000305175781,103.36000061035156,102.05999755859375,102.79000091552734,354100
2018-10-16,90.0536117553711,104.19000244140625,104.2300033569336,102.1500015258789,103.0,409200
2018-10-17,91.52294921875,105.88999938964844,106.08999633789062,103.7300033569336,103.93000030517578,596000
2018-10-18,92.015625,106.45999908447266,107.01000213623047,105.56999969482422,105.7699966430664,424000
2018-10-19,91.76497650146484,106.16999816894531,107.91999816894531,105.94999694824219,105.94999694824219,388300
2018-10-22,90.08821105957031,104.2300033569336,106.37000274658203,104.19999694824219,106.11000061035156,386200
2018-10-23,86.26789855957031,99.80999755859375,102.7699966430664,98.70999908447266,102.41999816894531,1146800
2018-10-24,83.25140380859375,96.31999969482422,100.05999755859375,96.04000091552734,99.19000244140625,812500
2018-10-25,83.17362213134766,96.2300033569336,98.0999984741211,95.83999633789062,96.6500015258789,510200
2018-10-26,82.84516906738281,95.8499984741211,96.91000366210938,93.91999816894531,95.54000091552734,450400
2018-10-29,82.31792449951172,95.23999786376953,97.33000183105469,94.38999938964844,96.69000244140625,481300
2018-10-30,83.64034271240234,96.7699966430664,96.91000366210938,94.91999816894531,95.80000305175781,402400
2018-10-31,84.0206527709961,97.20999908447266,99.2300033569336,97.0199966430664,97.61000061035156,553500
2018-11-01,83.92557525634766,97.0999984741211,98.23999786376953,96.77999877929688,97.70999908447266,487300
2018-11-02,83.53663635253906,96.6500015258789,99.02999877929688,95.48999786376953,97.75,352600
2018-11-05,83.8132095336914,96.97000122070312,98.66000366210938,96.25,96.93000030517578,495400
2018-11-06,84.82447052001953,98.13999938964844,98.72000122070312,96.70999908447266,97.08000183105469,485900
2018-11-07,88.48055267333984,102.37000274658203,102.80000305175781,97.5,97.5,960600
2018-11-08,89.28437042236328,103.30000305175781,104.08000183105469,101.91999816894531,101.91999816894531,554200
2018-11-09,90.56358337402344,104.77999877929688,105.19000244140625,102.4800033569336,102.94999694824219,471200
2018-11-12,89.65603637695312,103.7300033569336,105.37000274658203,103.31999969482422,105.0,589300
2018-11-13,89.20657348632812,103.20999908447266,104.5,103.06999969482422,103.55999755859375,535000
2018-11-14,86.37159729003906,99.93000030517578,104.0999984741211,99.69000244140625,103.58999633789062,480400
2018-11-15,86.41482543945312,99.9800033569336,100.43000030517578,98.61000061035156,99.25,460200
2018-11-16,86.34566497802734,99.9000015258789,100.23999786376953,98.80000305175781,99.33000183105469,479900
2018-11-19,85.88761138916016,99.37000274658203,100.63999938964844,98.68000030517578,99.61000061035156,379400
2018-11-20,83.86508178710938,97.02999877929688,99.16000366210938,96.37000274658203,98.68000030517578,553800
2018-11-21,84.81584167480469,98.12999725341797,99.19000244140625,96.55000305175781,97.22000122070312,415500
2018-11-23,84.65058135986328,97.33999633789062,98.0999984741211,96.9800033569336,97.05999755859375,156000
2018-11-26,86.26813507080078,99.19999694824219,99.36000061035156,97.37000274658203,98.0199966430664,548400
2018-11-27,85.20716094970703,97.9800033569336,99.37000274658203,97.16000366210938,98.55999755859375,535800
2018-11-28,85.38978576660156,98.19000244140625,99.29000091552734,97.08000183105469,98.13999938964844,539600
2018-11-29,85.0506362915039,97.80000305175781,98.56999969482422,96.83999633789062,97.8499984741211,487900
2018-11-30,84.5636215209961,97.23999786376953,98.12000274658203,97.16999816894531,97.5999984741211,450000
2018-12-03,84.61581420898438,97.30000305175781,98.20999908447266,96.5199966430664,98.20999908447266,505200
2018-12-04,82.9721908569336,95.41000366210938,97.4800033569336,95.13999938964844,97.16000366210938,700600
2018-12-06,80.20675659179688,92.2300033569336,94.04000091552734,89.56999969482422,93.75,984800
2018-12-07,79.16319274902344,91.02999877929688,93.86000061035156,90.31999969482422,92.37999725341797,456900
2018-12-10,78.83271026611328,90.6500015258789,91.11000061035156,88.86000061035156,91.11000061035156,403700
2018-12-11,78.27616119384766,90.01000213623047,92.94000244140625,89.54000091552734,91.69999694824219,348300
2018-12-12,78.60662078857422,90.38999938964844,91.5,89.9000015258789,91.11000061035156,325200
2018-12-13,78.24134826660156,89.97000122070312,91.12999725341797,89.52999877929688,90.38999938964844,444200
2018-12-14,78.4935531616211,90.26000213623047,90.37000274658203,89.08999633789062,89.37000274658203,529600
2018-12-17,78.26747131347656,90.0,91.2699966430664,89.47000122070312,90.0,634800
2018-12-18,77.24996948242188,88.83000183105469,91.29000091552734,88.7300033569336,90.04000091552734,457700
2018-12-19,76.87605285644531,88.4000015258789,90.76000213623047,88.05000305175781,88.91000366210938,342400
2018-12-20,75.40633392333984,86.70999908447266,88.04000091552734,85.76000213623047,87.04000091552734,585600
2018-12-21,74.17146301269531,85.29000091552734,88.62999725341797,85.05999755859375,86.48999786376953,652100
2018-12-24,71.8756103515625,82.6500015258789,84.81999969482422,82.47000122070312,84.69999694824219,299000
2018-12-26,75.71942901611328,87.06999969482422,87.16999816894531,82.30999755859375,83.0999984741211,362800
2018-12-27,76.45860290527344,87.91999816894531,88.02999877929688,84.83999633789062,85.79000091552734,405700
2018-12-28,76.6673355102539,88.16000366210938,89.23999786376953,87.58000183105469,88.36000061035156,347600
2018-12-31,77.78044891357422,89.44000244140625,89.54000091552734,88.23999786376953,88.62999725341797,287500
2019-01-02,78.35443115234375,90.0999984741211,90.52999877929688,88.30999755859375,88.30999755859375,496200
2019-01-03,77.10213470458984,88.66000366210938,90.29000091552734,88.4800033569336,89.55999755859375,349200
2019-01-04,78.65880584716797,90.44999694824219,90.5999984741211,89.44000244140625,89.47000122070312,309800
2019-01-07,78.97186279296875,90.80999755859375,91.79000091552734,90.01000213623047,90.08999633789062,277200
2019-01-08,79.0675277709961,90.91999816894531,91.81999969482422,90.23999786376953,91.43000030517578,364100
2019-01-09,79.55451202392578,91.4800033569336,92.20999908447266,90.94000244140625,91.45999908447266,312300
2019-01-10,80.44154357910156,92.5,92.63999938964844,91.2300033569336,91.37999725341797,222200
2019-01-11,80.51112365722656,92.58000183105469,93.26000213623047,91.9000015258789,91.9000015258789,210100
2019-01-14,81.39814758300781,93.5999984741211,93.76000213623047,91.72000122070312,92.01000213623047,386500
2019-01-15,82.18082427978516,94.5,94.55000305175781,93.37000274658203,93.37000274658203,284100
2019-01-16,82.10258483886719,94.41000366210938,95.5,94.36000061035156,94.81999969482422,390100
2019-01-17,83.00698852539062,95.44999694824219,95.48999786376953,93.93000030517578,93.93000030517578,723100
2019-01-18,83.81576538085938,96.37999725341797,96.80000305175781,95.43000030517578,95.83999633789062,598400
2019-01-22,82.62433624267578,95.01000213623047,96.81999969482422,94.62000274658203,96.13999938964844,218100
2019-01-23,83.1200180053711,95.58000183105469,96.0199966430664,94.2300033569336,95.38999938964844,166600
2019-01-24,83.7896499633789,96.3499984741211,96.52999877929688,95.41999816894531,95.61000061035156,347200
2019-01-25,82.82435607910156,95.23999786376953,97.5199966430664,95.0,96.93000030517578,419700
2019-01-28,82.13732147216797,94.44999694824219,94.88999938964844,93.51000213623047,94.47000122070312,536100
2019-01-29,82.56346893310547,94.94000244140625,95.0999984741211,94.13999938964844,94.61000061035156,256700
2019-01-30,83.1200180053711,95.58000183105469,96.16000366210938,94.83000183105469,95.05999755859375,410600
2019-01-31,83.8244400024414,96.38999938964844,96.6500015258789,94.51000213623047,95.08999633789062,653200
2019-02-01,84.50273895263672,97.16999816894531,97.48999786376953,96.02999877929688,96.91999816894531,486700
2019-02-04,85.22454071044922,98.0,98.12999725341797,96.73999786376953,97.29000091552734,522200
2019-02-05,85.29412841796875,98.08000183105469,98.16000366210938,97.12999725341797,98.04000091552734,608100
2019-02-06,85.14628601074219,97.91000366210938,98.30000305175781,97.12000274658203,97.62999725341797,499300
2019-02-07,84.62449645996094,97.30999755859375,97.79000091552734,95.94999694824219,97.48999786376953,458300
2019-02-08,84.46797943115234,97.12999725341797,97.63999938964844,95.88999938964844,97.04000091552734,279300
2019-02-11,84.79843139648438,97.51000213623047,97.62999725341797,96.30999755859375,97.2300033569336,296200
2019-02-12,85.86810302734375,98.73999786376953,99.2300033569336,98.0199966430664,98.23999786376953,434000
2019-02-13,85.14628601074219,97.91000366210938,102.80999755859375,96.62000274658203,98.30000305175781,1478300
2019-02-14,84.46797943115234,97.12999725341797,97.83999633789062,96.08000183105469,97.58999633789062,546900
2019-02-15,85.40717315673828,98.20999908447266,99.08000183105469,97.80000305175781,97.95999908447266,543400
2019-02-19,85.43325805664062,98.23999786376953,98.43000030517578,97.51000213623047,98.19000244140625,419200
2019-02-20,85.94636535644531,98.83000183105469,99.55000305175781,98.01000213623047,98.37000274658203,550300
2019-02-21,85.37242126464844,98.16999816894531,99.19999694824219,97.70999908447266,99.0199966430664,567500
2019-02-22,86.04612731933594,98.33999633789062,98.62999725341797,97.63999938964844,98.08999633789062,240700
2019-02-25,86.67613220214844,99.05999755859375,99.95999908447266,98.12000274658203,98.80000305175781,444100
2019-02-26,86.9999008178711,99.43000030517578,100.29000091552734,98.81999969482422,98.8499984741211,564300
2019-02-27,88.25985717773438,100.87000274658203,100.87999725341797,99.0999984741211,99.2699966430664,503200
2019-02-28,90.11481475830078,102.98999786376953,103.27999877929688,101.0,101.0,602600
2019-03-01,91.12104034423828,104.13999938964844,104.30999755859375,102.5999984741211,103.73999786376953,461500
2019-03-04,90.8060531616211,103.77999877929688,104.93000030517578,103.22000122070312,104.66999816894531,470100
2019-03-05,90.30732727050781,103.20999908447266,104.12999725341797,102.43000030517578,103.55000305175781,665200
2019-03-06,88.52233123779297,101.16999816894531,103.20999908447266,101.06999969482422,102.80000305175781,557400
2019-03-07,87.80487060546875,100.3499984741211,101.19000244140625,99.62000274658203,101.01000213623047,428000
2019-03-08,87.46363067626953,99.95999908447266,100.33000183105469,99.33999633789062,99.63999938964844,374800
2019-03-11,88.2160873413086,100.81999969482422,101.19999694824219,100.01000213623047,100.41999816894531,337300
2019-03-12,88.38233947753906,101.01000213623047,101.36000061035156,100.41999816894531,101.16000366210938,420800
2019-03-13,88.6186294555664,101.27999877929688,102.04000091552734,101.11000061035156,101.29000091552734,508700
2019-03-14,85.92362976074219,98.19999694824219,99.72000122070312,96.62000274658203,97.25,1114900
2019-03-15,86.38737487792969,98.7300033569336,99.1500015258789,97.5999984741211,98.08000183105469,1838000
2019-03-18,87.2361068725586,99.69999694824219,100.6500015258789,98.69999694824219,98.80000305175781,778900
2019-03-19,84.8736572265625,97.0,98.94000244140625,96.91000366210938,98.55000305175781,6017000
2019-03-20,82.75619506835938,94.58000183105469,97.37999725341797,94.43000030517578,96.9000015258789,1833900
2019-03-21,83.89368438720703,95.87999725341797,96.52999877929688,94.41999816894531,94.41999816894531,1693200
2019-03-22,82.73869323730469,94.55999755859375,95.83999633789062,94.54000091552734,95.44999694824219,776200
2019-03-25,82.73869323730469,94.55999755859375,95.86000061035156,94.25,94.45999908447266,1149100
2019-03-26,83.44741821289062,95.37000274658203,96.0,94.33000183105469,94.9800033569336,672000
2019-03-27,83.11492919921875,94.98999786376953,96.36000061035156,94.97000122070312,95.37000274658203,624100
2019-03-28,82.92245483398438,94.7699966430664,95.58000183105469,94.0,95.04000091552734,694700
2019-03-29,83.04495239257812,94.91000366210938,95.41000366210938,94.38999938964844,95.08999633789062,709100
2019-04-01,84.12992095947266,96.1500015258789,96.36000061035156,95.33000183105469,95.33000183105469,537100
2019-04-02,83.51744079589844,95.44999694824219,96.29000091552734,94.94999694824219,96.29000091552734,471900
2019-04-03,83.51744079589844,95.44999694824219,96.43000030517578,94.7699966430664,96.25,444700
2019-04-04,83.91990661621094,95.91000366210938,96.04000091552734,95.27999877929688,95.41999816894531,465200
2019-04-05,83.88493347167969,95.87000274658203,96.4000015258789,95.30000305175781,95.88999938964844,428100
2019-04-08,83.49991607666016,95.43000030517578,96.08999633789062,94.9800033569336,95.98999786376953,335700
2019-04-09,82.51994323730469,94.30999755859375,95.04000091552734,93.88999938964844,94.83000183105469,507000
2019-04-10,82.65996551513672,94.47000122070312,94.72000122070312,93.69999694824219,94.52999877929688,524800
2019-04-11,83.5086898803711,95.44000244140625,95.68000030517578,94.33000183105469,94.72000122070312,360000
2019-04-12,83.85868072509766,95.83999633789062,96.98999786376953,95.37999725341797,96.36000061035156,460900
2019-04-15,83.07120513916016,94.94000244140625,96.44999694824219,94.81999969482422,95.83000183105469,340200
2019-04-16,83.31617736816406,95.22000122070312,96.02999877929688,94.87000274658203,95.43000030517578,499100
2019-04-17,82.30119323730469,94.05999755859375,95.48999786376953,94.02999877929688,95.48999786376953,584200
2019-04-18,81.57496643066406,93.2300033569336,94.69999694824219,93.16999816894531,94.0,383400
2019-04-22,80.48998260498047,91.98999786376953,93.12999725341797,91.83999633789062,92.87000274658203,646400
2019-04-23,81.42619323730469,93.05999755859375,93.19000244140625,91.83999633789062,92.06999969482422,993900
2019-04-24,81.24243927001953,92.8499984741211,93.5999984741211,92.52999877929688,92.95999908447266,965500
2019-04-25,80.76998138427734,92.30999755859375,92.91000366210938,91.9000015258789,92.55999755859375,368800
2019-04-26,81.8199691772461,93.51000213623047,93.55000305175781,92.30999755859375,92.30999755859375,300900
2019-04-29,82.55494689941406,94.3499984741211,94.7699966430664,93.62000274658203,93.77999877929688,415500
2019-04-30,83.12369537353516,95.0,95.08000183105469,94.19000244140625,94.45999908447266,559600
2019-05-01,82.3624496459961,94.12999725341797,95.37999725341797,94.04000091552734,95.05000305175781,384200
2019-05-02,82.61619567871094,94.41999816894531,95.04000091552734,93.37000274658203,94.3499984741211,393100
2019-05-03,82.75619506835938,94.58000183105469,95.0,93.94000244140625,94.7300033569336,330500
2019-05-06,82.21371459960938,93.95999908447266,94.20999908447266,92.91000366210938,93.13999938964844,474200
2019-05-07,84.15615844726562,96.18000030517578,98.9800033569336,95.76000213623047,96.68000030517578,1331000
2019-05-08,84.18241882324219,96.20999908447266,97.62999725341797,95.76000213623047,95.91000366210938,522900
2019-05-09,83.66617584228516,95.62000274658203,96.01000213623047,94.62999725341797,95.5199966430664,604500
2019-05-10,85.04865264892578,97.19999694824219,97.2699966430664,94.69000244140625,95.37000274658203,450600
2019-05-13,82.83493041992188,94.66999816894531,96.27999877929688,94.30999755859375,96.16000366210938,798100
2019-05-14,83.79741668701172,95.7699966430664,96.51000213623047,94.58999633789062,94.62999725341797,451600
2019-05-15,83.69241333007812,95.6500015258789,95.9800033569336,95.0199966430664,95.36000061035156,344100
2019-05-16,84.18241882324219,96.20999908447266,96.95999908447266,96.0,96.0,321300
2019-05-17,82.89617919921875,94.73999786376953,96.2300033569336,94.7300033569336,95.33999633789062,462400
2019-05-20,84.06865692138672,96.08000183105469,96.1500015258789,94.44999694824219,94.68000030517578,771500
2019-05-21,87.19234466552734,99.6500015258789,100.95999908447266,96.83999633789062,97.0,1004500
2019-05-22,87.72611236572266,100.26000213623047,100.31999969482422,98.98999786376953,99.19999694824219,697700
2019-05-23,87.6823501586914,100.20999908447266,100.22000122070312,98.8499984741211,99.66000366210938,1167000
2019-05-24,88.77384948730469,100.8499984741211,101.18000030517578,99.80999755859375,99.94999694824219,915700
2019-05-28,88.61542510986328,100.66999816894531,101.51000213623047,100.6500015258789,100.76000213623047,818100
2019-05-29,88.80908966064453,100.88999938964844,101.02999877929688,99.70999908447266,100.6500015258789,1032200
2019-05-30,88.72988891601562,100.80000305175781,102.0,100.44999694824219,101.22000122070312,404900
2019-05-31,87.9904556274414,99.95999908447266,100.44000244140625,99.3499984741211,100.08000183105469,697000
2019-06-03,89.40766143798828,101.56999969482422,101.66999816894531,100.0,100.0199966430664,484800
2019-06-04,91.29138946533203,103.70999908447266,103.73999786376953,101.94000244140625,102.44999694824219,822600
2019-06-05,91.56430053710938,104.0199966430664,104.41999816894531,102.27999877929688,103.36000061035156,596600
2019-06-06,91.88117980957031,104.37999725341797,105.0,104.18000030517578,104.2699966430664,445800
2019-06-07,91.84596252441406,104.33999633789062,105.0,104.0999984741211,104.19999694824219,298400
2019-06-10,91.08016204833984,103.47000122070312,104.52999877929688,103.44000244140625,104.23999786376953,471700
2019-06-11,91.54668426513672,104.0,104.47000122070312,103.29000091552734,104.0,679900
2019-06-12,91.53787231445312,103.98999786376953,104.19999694824219,103.55999755859375,104.0,432700
2019-06-13,92.47093963623047,105.05000305175781,105.23999786376953,103.98999786376953,104.51000213623047,643300
2019-06-14,93.41280364990234,106.12000274658203,106.75,104.56999969482422,105.30999755859375,975600
2019-06-17,93.9850082397461,106.7699966430664,107.45999908447266,106.12000274658203,106.31999969482422,573200
2019-06-18,94.53075408935547,107.38999938964844,108.0,106.43000030517578,106.7699966430664,540200
2019-06-19,94.72440338134766,107.61000061035156,108.4000015258789,107.30999755859375,107.86000061035156,534600
2019-06-20,94.81243896484375,107.70999908447266,108.0999984741211,106.63999938964844,107.8499984741211,387900
2019-06-21,94.09061431884766,106.88999938964844,107.83999633789062,106.56999969482422,107.7699966430664,874600
2019-06-24,93.21037292480469,105.88999938964844,107.12000274658203,105.76000213623047,106.95999908447266,393600
2019-06-25,93.31600189208984,106.01000213623047,106.48999786376953,105.25,105.72000122070312,662300
2019-06-26,90.44638061523438,102.75,106.19999694824219,102.72000122070312,106.19999694824219,781700
2019-06-27,91.86357879638672,104.36000061035156,104.54000091552734,102.83999633789062,102.88999938964844,856000
2019-06-28,93.64168548583984,106.37999725341797,106.44000244140625,104.77999877929688,104.77999877929688,639200
2019-07-01,95.93915557861328,108.98999786376953,109.05000305175781,106.7300033569336,106.97000122070312,628300
2019-07-02,95.78951263427734,108.81999969482422,109.62999725341797,108.30000305175781,109.11000061035156,678900
2019-07-03,96.7754135131836,109.94000244140625,110.0,109.0199966430664,109.20999908447266,283700
2019-07-05,96.9338607788086,110.12000274658203,110.12000274658203,109.41000366210938,109.86000061035156,410000
2019-07-08,97.25077056884766,110.4800033569336,110.58000183105469,109.56999969482422,109.83000183105469,436700
2019-07-09,97.42678833007812,110.68000030517578,110.76000213623047,109.83999633789062,110.02999877929688,411600
2019-07-10,96.8370132446289,110.01000213623047,111.0,109.87000274658203,110.94999694824219,308400
2019-07-11,96.91624450683594,110.0999984741211,110.62000274658203,109.58000183105469,110.33000183105469,247200
2019-07-12,98.22782135009766,111.58999633789062,111.62000274658203,110.05999755859375,110.51000213623047,329500
2019-07-15,98.78240203857422,112.22000122070312,112.2699966430664,111.18000030517578,111.97000122070312,283800
2019-07-16,98.64155578613281,112.05999755859375,112.76000213623047,111.80000305175781,112.20999908447266,367200
2019-07-17,98.32465362548828,111.69999694824219,112.08000183105469,110.8499984741211,112.0,375500
2019-07-18,98.5711441040039,111.9800033569336,112.41999816894531,111.33999633789062,111.52999877929688,340000
2019-07-19,97.84933471679688,111.16000366210938,112.5,110.98999786376953,112.31999969482422,274300
2019-07-22,98.1838150024414,111.54000091552734,111.83999633789062,110.97000122070312,111.19000244140625,256300
2019-07-23,99.02886962890625,112.5,112.68000030517578,111.44000244140625,111.69000244140625,544200
2019-07-24,100.17320251464844,113.80000305175781,113.91999816894531,112.20999908447266,112.43000030517578,422200
2019-07-25,99.78587341308594,113.36000061035156,114.33000183105469,113.25,113.80999755859375,333700
2019-07-26,100.71895599365234,114.41999816894531,114.7300033569336,112.81999969482422,113.25,389100
2019-07-29,99.83869171142578,113.41999816894531,114.70999908447266,112.81999969482422,114.44000244140625,395700
2019-07-30,100.88622283935547,114.61000061035156,114.91999816894531,112.81999969482422,112.95999908447266,446300
2019-07-31,99.78587341308594,113.36000061035156,115.3499984741211,112.66999816894531,114.55999755859375,519700
2019-08-01,98.3686752319336,111.75,113.58999633789062,111.30000305175781,113.2699966430664,506400
2019-08-02,97.77888488769531,111.08000183105469,112.16000366210938,111.0,111.3499984741211,374900
2019-08-05,95.19095611572266,108.13999938964844,110.0,107.30999755859375,109.72000122070312,534200
2019-08-06,96.50252532958984,109.62999725341797,110.08000183105469,108.16999816894531,108.51000213623047,562300
2019-08-07,103.7734375,117.88999938964844,118.37999725341797,110.58999633789062,110.91000366210938,1041100
2019-08-08,105.15544891357422,119.45999908447266,119.76000213623047,116.18000030517578,118.36000061035156,694900
2019-08-09,105.48994445800781,119.83999633789062,120.58999633789062,118.62000274658203,118.80999755859375,807400
2019-08-12,106.2998046875,120.76000213623047,122.37999725341797,119.06999969482422,119.2699966430664,511000
2019-08-13,107.85784149169922,122.52999877929688,122.91000366210938,120.12000274658203,120.12000274658203,714100
2019-08-14,106.00049591064453,120.41999816894531,122.41000366210938,119.69999694824219,121.1500015258789,675300
2019-08-15,106.52867889404297,121.0199966430664,121.73999786376953,119.51000213623047,121.08000183105469,722500
2019-08-16,109.61835479736328,124.52999877929688,125.08999633789062,121.26000213623047,121.26000213623047,2189400
2019-08-19,108.96696472167969,123.79000091552734,125.87000274658203,119.51000213623047,125.66000366210938,574000
2019-08-20,108.02507781982422,122.72000122070312,123.80000305175781,121.75,123.08000183105469,529400
2019-08-21,108.86131286621094,123.66999816894531,123.81999969482422,122.08000183105469,122.88999938964844,388700
2019-08-22,108.9405746459961,123.76000213623047,124.41000366210938,122.87000274658203,123.8499984741211,442900
2019-08-23,105.64119720458984,119.43000030517578,123.37000274658203,118.87999725341797,122.76000213623047,584500
2019-08-26,107.79950714111328,121.87000274658203,121.9000015258789,119.93000030517578,120.1500015258789,464700
2019-08-27,106.90608978271484,120.86000061035156,122.86000061035156,120.63999938964844,122.29000091552734,466400
2019-08-28,107.07417297363281,121.05000305175781,121.9800033569336,120.16999816894531,120.69000244140625,529400
2019-08-29,107.86141967773438,121.94000244140625,122.48999786376953,121.51000213623047,122.12000274658203,387500
2019-08-30,108.79902648925781,123.0,123.22000122070312,121.37000274658203,122.81999969482422,507100
2019-09-03,108.98478698730469,123.20999908447266,123.4000015258789,121.93000030517578,122.38999938964844,406300
2019-09-04,109.50666809082031,123.80000305175781,124.33000183105469,123.58000183105469,124.29000091552734,421500
2019-09-05,109.55088806152344,123.8499984741211,125.06999969482422,123.30999755859375,124.72000122070312,447800
2019-09-06,110.04624938964844,124.41000366210938,125.31999969482422,123.86000061035156,123.94999694824219,472400
2019-09-09,110.24968719482422,124.63999938964844,125.58000183105469,124.23999786376953,125.0,629500
2019-09-10,109.4624252319336,123.75,125.05999755859375,123.5999984741211,124.80999755859375,689100
2019-09-11,110.07276916503906,124.44000244140625,124.87999725341797,122.2300033569336,123.63999938964844,890000
2019-09-12,111.09882354736328,125.5999984741211,126.4800033569336,124.4800033569336,124.4800033569336,433900
2019-09-13,110.56812286376953,125.0,125.80000305175781,124.61000061035156,125.62999725341797,433100
2019-09-16,111.09882354736328,125.5999984741211,125.7300033569336,124.26000213623047,124.26000213623047,580200
2019-09-17,112.36373901367188,127.02999877929688,127.0999984741211,125.5,125.76000213623047,529400
2019-09-18,112.77946472167969,127.5,127.76000213623047,125.80000305175781,126.18000030517578,491400
2019-09-19,111.65613555908203,126.2300033569336,127.63999938964844,126.12999725341797,127.30999755859375,580600
2019-09-20,112.01876831054688,126.63999938964844,127.18000030517578,125.77999877929688,126.41999816894531,641400
2019-09-23,111.31112670898438,125.83999633789062,127.26000213623047,125.80999755859375,126.37000274658203,361200
2019-09-24,111.99224090576172,126.61000061035156,127.30000305175781,126.08000183105469,126.08000183105469,491700
2019-09-25,112.07185363769531,126.69999694824219,127.48999786376953,126.02999877929688,126.44999694824219,451600
2019-09-26,112.16029357910156,126.80000305175781,127.30000305175781,125.8499984741211,126.81999969482422,316600
2019-09-27,110.9838638305664,125.47000122070312,127.25,125.36000061035156,127.25,312400
2019-09-30,111.29344177246094,125.81999969482422,126.5,125.13999938964844,125.98999786376953,377100
2019-10-01,109.51549530029297,123.80999755859375,126.41999816894531,123.73999786376953,126.41999816894531,393700
2019-10-02,107.9410171508789,122.02999877929688,123.45999908447266,121.25,122.97000122070312,333000
2019-10-03,109.41820526123047,123.69999694824219,123.7300033569336,121.76000213623047,122.02999877929688,412600
2019-10-04,112.1514663696289,126.79000091552734,126.79000091552734,123.69999694824219,123.69999694824219,370300
2019-10-07,110.88655853271484,125.36000061035156,126.31999969482422,125.08999633789062,126.19000244140625,282100
2019-10-08,109.08208465576172,123.31999969482422,124.66999816894531,123.23999786376953,124.47000122070312,358900
2019-10-09,110.39122009277344,124.80000305175781,125.52999877929688,124.19000244140625,124.38999938964844,415400
2019-10-10,111.04578399658203,125.54000091552734,126.66999816894531,125.12000274658203,125.12000274658203,292300
2019-10-11,111.25806427001953,125.77999877929688,126.83000183105469,125.6500015258789,126.31999969482422,328300
2019-10-14,111.19615173339844,125.70999908447266,125.87000274658203,125.12999725341797,125.25,265100
2019-10-15,110.97501373291016,125.45999908447266,126.47000122070312,125.12000274658203,126.05000305175781,351700
2019-10-16,110.96615600585938,125.44999694824219,125.7699966430664,124.45999908447266,125.37999725341797,301900
2019-10-17,111.39960479736328,125.94000244140625,126.4000015258789,125.02999877929688,126.0999984741211,255500
2019-10-18,111.16075897216797,125.66999816894531,126.41000366210938,125.29000091552734,125.4800033569336,291000
2019-10-21,112.8325424194336,127.55999755859375,127.58999633789062,126.36000061035156,126.66999816894531,345500
2019-10-22,111.66496276855469,126.23999786376953,127.43000030517578,125.88999938964844,127.43000030517578,330500
2019-10-23,111.92147064208984,126.52999877929688,127.19999694824219,125.69999694824219,125.86000061035156,338500
2019-10-24,111.7710952758789,126.36000061035156,127.93000030517578,125.43000030517578,127.0,435200
2019-10-25,111.07230377197266,125.56999969482422,126.04000091552734,124.91000366210938,125.95999908447266,260000
2019-10-28,110.84231567382812,125.30999755859375,126.44999694824219,124.55000305175781,126.0999984741211,470500
2019-10-29,111.78881072998047,126.37999725341797,126.69000244140625,124.93000030517578,124.93000030517578,264300
2019-10-30,111.33767700195312,125.87000274658203,126.47000122070312,125.23999786376953,126.12999725341797,246500
2019-10-31,111.51457977294922,126.06999969482422,126.16000366210938,124.30999755859375,125.30999755859375,397100
2019-11-01,112.95639038085938,127.69999694824219,127.88999938964844,125.41000366210938,127.0199966430664,279400
2019-11-04,112.00992584228516,126.62999725341797,128.8800048828125,126.0999984741211,128.05999755859375,364200
2019-11-05,111.61186981201172,126.18000030517578,127.87999725341797,124.63999938964844,126.87000274658203,680800
2019-11-06,112.82371520996094,127.55000305175781,127.94000244140625,124.5,125.41000366210938,630200
2019-11-07,112.76179504394531,127.4800033569336,128.36000061035156,127.05000305175781,127.56999969482422,413900
2019-11-08,115.05279541015625,130.07000732421875,131.0399932861328,127.31999969482422,127.31999969482422,659700
2019-11-11,114.17707061767578,129.0800018310547,129.85000610351562,128.17999267578125,128.97999572753906,411500
2019-11-12,115.53043365478516,130.61000061035156,131.05999755859375,128.64999389648438,128.92999267578125,485300
2019-11-13,116.14075469970703,131.3000030517578,131.42999267578125,129.61000061035156,130.22000122070312,422900
2019-11-14,116.77763366699219,132.02000427246094,132.22999572753906,130.94000244140625,131.36000061035156,346800
2019-11-15,116.83953857421875,132.08999633789062,132.63999938964844,131.42999267578125,132.52999877929688,586100
2019-11-18,117.35260009765625,132.6699981689453,132.9199981689453,131.72999572753906,131.72999572753906,366200
2019-11-19,117.00761413574219,132.27999877929688,133.6999969482422,132.0399932861328,132.6199951171875,419400
2019-11-20,117.16683959960938,132.4600067138672,133.00999450683594,131.52999877929688,132.00999450683594,372800
2019-11-21,117.01642608642578,132.2899932861328,133.97000122070312,132.08999633789062,132.99000549316406,500500
2019-11-22,117.15865325927734,131.82000732421875,132.0800018310547,129.94000244140625,131.64999389648438,506800
2019-11-25,117.54085540771484,132.25,133.24000549316406,131.75,132.69000244140625,251200
2019-11-26,118.69625854492188,133.5500030517578,133.6699981689453,131.5500030517578,132.38999938964844,593400
2019-11-27,118.47405242919922,133.3000030517578,134.25,132.88999938964844,133.91000366210938,377100
2019-11-29,118.09188079833984,132.8699951171875,133.63999938964844,132.77999877929688,133.25,202900
2019-12-02,117.0609130859375,131.7100067138672,133.5800018310547,131.61000061035156,133.44000244140625,407800
2019-12-03,114.20792388916016,128.5,130.77000427246094,128.0800018310547,130.58999633789062,538600
2019-12-04,114.74119567871094,129.10000610351562,129.8000030517578,127.94000244140625,127.94000244140625,350900
2019-12-05,115.90550231933594,130.41000366210938,130.75,128.85000610351562,129.10000610351562,341100
2019-12-06,116.94535064697266,131.5800018310547,131.66000366210938,130.58999633789062,131.22999572753906,391800
2019-12-09,116.36764526367188,130.92999267578125,131.74000549316406,130.88999938964844,131.52000427246094,242300
2019-12-10,115.5766372680664,130.0399932861328,130.75999450683594,129.88999938964844,130.5800018310547,276900
2019-12-11,115.78105163574219,130.27000427246094,130.5399932861328,129.39999389648438,129.94000244140625,287500
2019-12-12,115.93215942382812,130.44000244140625,131.47000122070312,130.22000122070312,130.3800048828125,385800
2019-12-13,115.67440032958984,130.14999389648438,130.6999969482422,129.50999450683594,129.77000427246094,399500
2019-12-16,115.91438293457031,130.4199981689453,130.83999633789062,129.52999877929688,130.52000427246094,441900
2019-12-17,117.03424072265625,131.67999267578125,132.35000610351562,130.49000549316406,130.49000549316406,418900
2019-12-18,117.02534484863281,131.6699981689453,132.49000549316406,131.25999450683594,131.86000061035156,375500
2019-12-19,116.96315002441406,131.60000610351562,131.75,130.49000549316406,131.19000244140625,445100
2019-12-20,116.66094970703125,131.25999450683594,132.86000061035156,131.0,132.11000061035156,715400
2019-12-23,113.71021270751953,127.94000244140625,131.1699981689453,127.87000274658203,130.9600067138672,531500
2019-12-24,114.67897033691406,129.02999877929688,129.11000061035156,128.1199951171875,128.30999755859375,96800
2019-12-26,114.71452331542969,129.07000732421875,129.64999389648438,128.6699981689453,129.36000061035156,199800
2019-12-27,115.2389144897461,129.66000366210938,129.6999969482422,128.07000732421875,129.3699951171875,248300
2019-12-30,116.25211334228516,130.8000030517578,130.89999389648438,129.4499969482422,129.99000549316406,222400
2019-12-31,116.50098419189453,131.0800018310547,131.5500030517578,129.97999572753906,130.44000244140625,264500
2020-01-02,117.63858795166016,132.36000061035156,132.38999938964844,131.14999389648438,131.52000427246094,332800
2020-01-03,118.19853210449219,132.99000549316406,133.0500030517578,131.00999450683594,131.00999450683594,280300
2020-01-06,118.30518341064453,133.11000061035156,133.11000061035156,131.91000366210938,132.2899932861328,234700
2020-01-07,117.50528717041016,132.2100067138672,133.17999267578125,132.17999267578125,133.0,254700
2020-01-08,117.94967651367188,132.7100067138672,133.83999633789062,132.4199981689453,132.4199981689453,265100
2020-01-09,119.66500854492188,134.63999938964844,134.72999572753906,132.86000061035156,133.05999755859375,281600
2020-01-10,117.70970153808594,132.44000244140625,134.88999938964844,132.33999633789062,134.50999450683594,324000
2020-01-13,117.73637390136719,132.47000122070312,132.97999572753906,131.60000610351562,132.74000549316406,326500
2020-01-14,115.5411148071289,130.0,132.1999969482422,129.7100067138672,132.14999389648438,496300
2020-01-15,116.18989562988281,130.72999572753906,131.66000366210938,129.92999267578125,129.92999267578125,484200
2020-01-16,116.93647003173828,131.57000732421875,132.2899932861328,130.97000122070312,131.44000244140625,466500
2020-01-17,118.89177703857422,133.77000427246094,133.8000030517578,131.42999267578125,131.7899932861328,458000
2020-01-21,116.90089416503906,131.52999877929688,133.57000732421875,131.42999267578125,133.30999755859375,376200
2020-01-22,116.68762969970703,131.2899932861328,132.24000549316406,130.9600067138672,132.02000427246094,260600
2020-01-23,115.83438110351562,130.3300018310547,130.52999877929688,128.52000427246094,130.52999877929688,410100
2020-01-24,114.81230926513672,129.17999267578125,130.4199981689453,128.2899932861328,130.33999633789062,338000
2020-01-27,113.7635498046875,128.0,128.35000610351562,126.87999725341797,127.55000305175781,433900
2020-01-28,115.08782958984375,129.49000549316406,130.02000427246094,128.50999450683594,128.57000732421875,296300
2020-01-29,115.69218444824219,130.1699981689453,131.0399932861328,129.75,130.27000427246094,278500
2020-01-30,116.88313293457031,131.50999450683594,131.60000610351562,128.89999389648438,129.13999938964844,282700
2020-01-31,116.03881072998047,130.55999755859375,132.8000030517578,130.0500030517578,130.9499969482422,383500
2020-02-03,117.98521423339844,132.75,133.47000122070312,131.25,131.6199951171875,487700
2020-02-04,119.38060760498047,134.32000732421875,135.08999633789062,133.66000366210938,133.89999389648438,319900
2020-02-05,121.61141967773438,136.8300018310547,136.8699951171875,135.2100067138672,135.2100067138672,335900
2020-02-06,121.13152313232422,136.2899932861328,137.8300018310547,136.17999267578125,137.3300018310547,276500
2020-02-07,121.1937255859375,136.36000061035156,136.86000061035156,135.41000366210938,135.74000549316406,234200
2020-02-10,121.86027526855469,137.11000061035156,137.13999938964844,135.67999267578125,135.89999389648438,318000
2020-02-11,124.08226013183594,139.61000061035156,140.02999877929688,137.4600067138672,137.4600067138672,507700
2020-02-12,121.48702239990234,136.69000244140625,139.58999633789062,132.5500030517578,137.0,748500
2020-02-13,124.73107147216797,140.33999633789062,140.82000732421875,136.69000244140625,136.69000244140625,384700
2020-02-14,126.6686019897461,142.52000427246094,142.55999755859375,140.3000030517578,140.44000244140625,298200
2020-02-18,126.02867126464844,141.8000030517578,142.61000061035156,141.1999969482422,141.94000244140625,361800
2020-02-19,125.03323364257812,140.67999267578125,142.1699981689453,140.5,142.11000061035156,372400
2020-02-20,125.82423400878906,141.57000732421875,142.3300018310547,140.49000549316406,140.5399932861328,499000
2020-02-21,125.07435607910156,140.10000610351562,141.5800018310547,139.3800048828125,140.58999633789062,431100
2020-02-24,122.52104949951172,137.24000549316406,139.1199951171875,136.44000244140625,137.25999450683594,508000
2020-02-25,119.5035629272461,133.86000061035156,137.86000061035156,133.69000244140625,137.02000427246094,639500
2020-02-26,118.2983169555664,132.50999450683594,135.58999633789062,132.02000427246094,134.42999267578125,520500
2020-02-27,113.28111267089844,126.88999938964844,132.52999877929688,126.83999633789062,131.02999877929688,956000
2020-02-28,107.6567611694336,120.58999633789062,125.58999633789062,117.93000030517578,124.05000305175781,1207400
2020-03-02,114.1738510131836,127.88999938964844,127.94999694824219,120.61000061035156,120.80000305175781,553200
2020-03-03,110.03150177001953,123.25,129.64999389648438,122.87999725341797,127.37000274658203,553100
2020-03-04,113.24539184570312,126.8499984741211,126.95999908447266,122.75,125.26000213623047,533400
2020-03-05,107.84426879882812,120.80000305175781,123.91999816894531,118.79000091552734,123.1500015258789,445500
2020-03-06,106.85327911376953,119.69000244140625,120.30000305175781,115.91000366210938,116.16000366210938,468300
2020-03-09,97.35443878173828,109.05000305175781,115.5,107.73999786376953,113.0,723300
2020-03-10,101.67534637451172,113.88999938964844,114.01000213623047,108.87000274658203,112.66999816894531,499000
2020-03-11,96.75627899169922,108.37999725341797,111.93000030517578,107.08999633789062,110.69000244140625,449500
2020-03-12,86.24861907958984,96.61000061035156,104.27999877929688,95.37000274658203,100.1500015258789,716500
2020-03-13,93.31919860839844,104.52999877929688,104.72000122070312,97.56999969482422,102.3499984741211,573700
2020-03-16,74.9017562866211,83.9000015258789,100.1500015258789,83.33000183105469,93.0,968800
2020-03-17,82.57941436767578,92.5,94.86000061035156,83.7300033569336,86.4800033569336,1063700
2020-03-18,71.78607177734375,80.41000366210938,90.30000305175781,79.0999984741211,86.31999969482422,868600
2020-03-19,74.49108123779297,83.44000244140625,85.47000122070312,76.2699966430664,79.66000366210938,883900
2020-03-20,81.2849349975586,91.05000305175781,93.86000061035156,80.26000213623047,83.38999938964844,1082600
2020-03-23,83.18647003173828,93.18000030517578,98.0199966430664,88.45999908447266,91.5999984741211,793500
2020-03-24,87.5966796875,98.12000274658203,100.56999969482422,94.68000030517578,97.2300033569336,695700
2020-03-25,88.95366668701172,99.63999938964844,103.58000183105469,96.33000183105469,96.88999938964844,597400
2020-03-26,94.05126953125,105.3499984741211,106.05000305175781,98.87000274658203,99.16999816894531,477500
2020-03-27,93.4709701538086,104.69999694824219,108.30999755859375,101.0999984741211,102.12000274658203,409400
2020-03-30,95.81890106201172,107.33000183105469,108.66000366210938,99.5,104.55000305175781,358700
2020-03-31,92.92640686035156,104.08999633789062,106.44000244140625,102.31999969482422,106.36000061035156,754200
2020-04-01,91.16766357421875,102.12000274658203,103.29000091552734,100.20999908447266,100.5,578600
2020-04-02,89.32862091064453,100.05999755859375,104.95999908447266,98.80999755859375,100.98999786376953,609500
2020-04-03,88.15909576416016,98.75,100.87000274658203,97.55999755859375,98.87999725341797,288300
2020-04-06,92.78357696533203,103.93000030517578,104.66999816894531,99.87000274658203,102.80999755859375,527200
2020-04-07,92.92640686035156,104.08999633789062,110.62999725341797,103.8499984741211,107.0999984741211,420800
2020-04-08,95.27433776855469,106.72000122070312,107.5199966430664,103.83999633789062,105.11000061035156,310900
2020-04-09,100.33621978759766,112.38999938964844,114.73999786376953,107.0,108.26000213623047,353700
2020-04-13,96.9259033203125,108.56999969482422,112.0,108.48999786376953,111.80999755859375,320900
2020-04-14,96.14029693603516,107.69000244140625,112.61000061035156,106.1500015258789,110.9000015258789,377900
2020-04-15,90.5338363647461,101.41000366210938,105.73999786376953,100.87000274658203,105.0999984741211,365200
2020-04-16,89.7928466796875,100.58000183105469,102.58999633789062,99.47000122070312,101.0199966430664,471900
2020-04-17,94.4618911743164,105.80999755859375,106.0999984741211,103.3499984741211,104.08000183105469,468200
2020-04-20,91.97113800048828,103.0199966430664,104.7699966430664,101.18000030517578,103.75,468800
2020-04-21,90.30170440673828,101.1500015258789,103.91000366210938,100.5,100.75,405600
2020-04-22,91.95328521728516,103.0,104.9000015258789,100.3499984741211,104.08000183105469,684800
2020-04-23,90.3909683227539,101.25,104.19000244140625,100.79000091552734,103.5,416800
2020-04-24,93.42636108398438,104.6500015258789,105.44999694824219,101.33000183105469,103.0,445000
2020-04-27,96.74736022949219,108.37000274658203,109.77999877929688,105.08999633789062,105.08999633789062,528900
2020-04-28,97.82757568359375,109.58000183105469,112.55999755859375,109.47000122070312,110.62999725341797,429700
2020-04-29,97.96150207519531,109.7300033569336,112.29000091552734,109.66000366210938,112.0,300200
2020-04-30,94.84580993652344,106.23999786376953,109.33000183105469,106.08999633789062,107.08999633789062,375600
2020-05-01,91.34622955322266,102.31999969482422,105.41999816894531,101.5199966430664,104.33999633789062,440500
2020-05-04,89.2750244140625,100.0,102.29000091552734,98.69000244140625,102.12999725341797,450800
2020-05-05,91.14087677001953,102.08999633789062,103.66000366210938,101.0199966430664,101.05000305175781,721400
2020-05-06,87.41812133789062,97.91999816894531,105.5,97.3499984741211,104.91999816894531,850900
2020-05-07,88.01625061035156,98.58999633789062,102.52999877929688,98.26000213623047,98.68000030517578,520900
2020-05-08,88.2037353515625,98.80000305175781,101.41999816894531,97.88999938964844,100.93000030517578,521900
2020-05-11,87.84662628173828,98.4000015258789,99.12999725341797,95.47000122070312,97.69999694824219,477900
2020-05-12,83.11505126953125,93.0999984741211,98.8499984741211,93.08999633789062,98.44999694824219,536700
2020-05-13,78.34777069091797,87.76000213623047,92.41999816894531,86.77999877929688,92.26000213623047,1018700
2020-05-14,79.4994125366211,89.05000305175781,89.30000305175781,83.88999938964844,86.38999938964844,669700
2020-05-15,81.3385009765625,91.11000061035156,91.18000030517578,86.75,88.01000213623047,1931200
2020-05-18,87.7484359741211,98.29000091552734,99.16000366210938,94.69999694824219,94.88999938964844,719200
2020-05-19,87.47169494628906,97.9800033569336,100.41000366210938,97.27999877929688,97.8499984741211,781200
2020-05-20,90.10530853271484,100.93000030517578,101.83000183105469,98.56999969482422,99.68000030517578,560500
2020-05-21,90.2392349243164,101.08000183105469,102.58999633789062,100.25,100.70999908447266,559900
2020-05-22,91.065673828125,101.37000274658203,101.87999725341797,99.30999755859375,100.86000061035156,453500
2020-05-26,92.37728118896484,102.83000183105469,105.66000366210938,102.44999694824219,104.94000244140625,397800
2020-05-27,93.7607421875,104.37000274658203,107.11000061035156,103.2699966430664,107.08000183105469,370500
2020-05-28,92.97018432617188,103.48999786376953,106.12999725341797,103.44999694824219,105.29000091552734,398900
2020-05-29,92.15269470214844,102.58000183105469,103.37000274658203,101.69999694824219,102.33000183105469,451500
2020-06-01,92.58389282226562,103.05999755859375,103.70999908447266,102.5,103.18000030517578,324400
2020-06-02,93.55411529541016,104.13999938964844,105.08000183105469,103.02999877929688,103.88999938964844,370100
2020-06-03,97.32717895507812,108.33999633789062,108.91000366210938,106.12999725341797,106.30000305175781,539000
2020-06-04,99.1688003540039,110.38999938964844,110.41999816894531,106.23999786376953,107.95999908447266,473600
2020-06-05,103.20237731933594,114.87999725341797,116.2699966430664,112.41000366210938,116.2699966430664,608400
2020-06-08,105.47521209716797,117.41000366210938,117.45999908447266,115.13999938964844,116.0,491100
2020-06-09,104.8373794555664,116.69999694824219,117.4000015258789,114.1500015258789,114.7699966430664,408400
2020-06-10,102.80712127685547,114.44000244140625,117.81999969482422,114.44000244140625,116.0199966430664,638900
2020-06-11,94.15599822998047,104.80999755859375,110.9000015258789,104.33999633789062,109.9800033569336,527900
2020-06-12,96.15035247802734,107.02999877929688,109.75,104.45999908447266,109.25,331600
2020-06-15,96.2312240600586,107.12000274658203,107.8499984741211,103.23999786376953,103.23999786376953,499000
2020-06-16,97.48888397216797,108.5199966430664,111.70999908447266,106.62000274658203,111.70999908447266,360100
2020-06-17,95.260986328125,106.04000091552734,108.37999725341797,105.95999908447266,107.98999786376953,341400
2020-06-18,96.15035247802734,107.02999877929688,107.55999755859375,104.38999938964844,105.04000091552734,332600
2020-06-19,95.47659301757812,106.27999877929688,109.62000274658203,105.4800033569336,109.62000274658203,891600
2020-06-22,94.48838806152344,105.18000030517578,106.08999633789062,104.25,105.68000030517578,695200
2020-06-23,94.20093536376953,104.86000061035156,107.4000015258789,104.33000183105469,106.77999877929688,395100
2020-06-24,90.44581604003906,100.68000030517578,103.83999633789062,100.52999877929688,103.83999633789062,672400
2020-06-25,90.1044692993164,100.30000305175781,100.83999633789062,98.01000213623047,100.0199966430664,648200
2020-06-26,89.125244140625,99.20999908447266,99.83000183105469,97.66999816894531,98.88999938964844,868000
2020-06-29,90.37395477294922,100.5999984741211,101.31999969482422,99.36000061035156,100.52999877929688,313000
2020-06-30,92.79051971435547,103.29000091552734,103.87999725341797,100.0199966430664,100.0199966430664,365900
2020-07-01,90.79618072509766,101.06999969482422,103.48999786376953,100.4800033569336,102.94999694824219,360400
2020-07-02,90.28411102294922,100.5,103.97000122070312,100.37999725341797,103.0999984741211,375400
2020-07-06,91.86522674560547,102.26000213623047,104.16999816894531,100.83999633789062,103.11000061035156,593600
2020-07-07,89.31392669677734,99.41999816894531,102.01000213623047,99.0,101.22000122070312,435100
2020-07-08,90.49971771240234,100.73999786376953,101.1500015258789,98.83000183105469,99.45999908447266,434800
2020-07-09,87.64297485351562,97.55999755859375,100.79000091552734,96.72000122070312,100.29000091552734,463300
2020-07-10,90.16735076904297,100.37000274658203,100.70999908447266,97.97000122070312,98.31999969482422,301400
2020-07-13,89.98766326904297,100.16999816894531,101.73999786376953,99.5999984741211,101.30000305175781,518500
2020-07-14,91.20940399169922,101.52999877929688,102.0,100.20999908447266,100.58000183105469,278600
2020-07-15,93.29359436035156,103.8499984741211,104.19999694824219,102.06999969482422,103.70999908447266,265100
2020-07-16,94.38957214355469,105.06999969482422,106.4000015258789,103.43000030517578,103.5999984741211,345400
2020-07-17,93.58106231689453,104.16999816894531,105.51000213623047,103.94999694824219,105.43000030517578,397300
2020-07-20,92.7186508178711,103.20999908447266,104.55999755859375,102.6500015258789,103.88999938964844,237000
2020-07-21,94.05721282958984,104.69999694824219,105.16999816894531,103.33999633789062,103.33999633789062,263600
2020-07-22,95.16217041015625,105.93000030517578,106.08000183105469,104.37999725341797,104.37999725341797,216900
2020-07-23,96.43781280517578,107.3499984741211,108.30000305175781,105.58000183105469,105.58000183105469,352700
2020-07-24,95.93475341796875,106.79000091552734,107.94999694824219,106.30999755859375,107.72000122070312,296200
2020-07-27,94.92859649658203,105.66999816894531,106.44000244140625,104.68000030517578,106.13999938964844,327400
2020-07-28,95.20706939697266,105.9800033569336,106.55999755859375,105.08000183105469,105.12000274658203,317400
2020-07-29,96.64443969726562,107.58000183105469,107.9000015258789,105.69000244140625,105.97000122070312,353600
2020-07-30,94.57823181152344,105.27999877929688,106.19999694824219,104.19999694824219,105.45999908447266,383900
2020-07-31,96.54561614990234,107.47000122070312,107.54000091552734,105.13999938964844,105.19999694824219,408500
2020-08-03,96.38391876220703,107.29000091552734,108.37999725341797,106.75,107.83999633789062,352700
2020-08-04,96.25814819335938,107.1500015258789,108.2699966430664,106.48999786376953,106.63999938964844,427400
2020-08-05,109.87712860107422,122.30999755859375,124.80999755859375,112.41000366210938,114.80000305175781,1147300
2020-08-06,106.78680419921875,118.87000274658203,122.11000061035156,117.94999694824219,121.55999755859375,501300
2020-08-07,109.78729248046875,122.20999908447266,122.30999755859375,118.41000366210938,118.44999694824219,428400
2020-08-10,111.57501220703125,124.19999694824219,124.55999755859375,121.48999786376953,123.11000061035156,341500
2020-08-11,112.25775146484375,124.95999908447266,127.91000366210938,124.4800033569336,126.43000030517578,493400
2020-08-12,111.81755828857422,124.47000122070312,128.49000549316406,123.55999755859375,126.37000274658203,292000
2020-08-13,111.79061889648438,124.44000244140625,125.0,123.0,123.91999816894531,322400
2020-08-14,112.35657501220703,125.06999969482422,125.87000274658203,123.23999786376953,123.23999786376953,216100
2020-08-17,111.90739440917969,124.56999969482422,125.75,123.7300033569336,125.12000274658203,320300
2020-08-18,111.04499053955078,123.61000061035156,125.30999755859375,123.37000274658203,124.4800033569336,315700
2020-08-19,110.98211669921875,123.54000091552734,125.25,123.20999908447266,124.19999694824219,251400
2020-08-20,109.62560272216797,122.02999877929688,123.37999725341797,121.91999816894531,122.2300033569336,264300
2020-08-21,108.37688446044922,120.63999938964844,122.66000366210938,120.4800033569336,121.95999908447266,251900
2020-08-24,111.10786437988281,123.68000030517578,123.86000061035156,120.6500015258789,120.69999694824219,217400
2020-08-25,110.36222076416016,122.8499984741211,125.12000274658203,122.68000030517578,125.12000274658203,213400
2020-08-26,109.33811950683594,121.70999908447266,122.83000183105469,120.81999969482422,122.83000183105469,576800
2020-08-27,111.08988189697266,123.66000366210938,125.23999786376953,121.91000366210938,122.05999755859375,277800
2020-08-28,110.77387237548828,122.68000030517578,124.41999816894531,122.38999938964844,124.3499984741211,317600
2020-08-31,109.76256561279297,121.55999755859375,122.75,120.70999908447266,122.5999984741211,314600
2020-09-01,111.1982650756836,123.1500015258789,123.20999908447266,120.51000213623047,120.83000183105469,354700
2020-09-02,111.98381805419922,124.0199966430664,125.16999816894531,122.5,123.19999694824219,315000
2020-09-03,110.15985107421875,122.0,126.56999969482422,120.95999908447266,124.9000015258789,374300
2020-09-04,110.76483917236328,122.66999816894531,124.43000030517578,121.04000091552734,124.43000030517578,278500
2020-09-08,108.63386535644531,120.30999755859375,122.41999816894531,120.05999755859375,121.93000030517578,344600
2020-09-09,109.57294464111328,121.3499984741211,123.12999725341797,120.63999938964844,121.36000061035156,455000
2020-09-10,106.87312316894531,118.36000061035156,122.56999969482422,118.16000366210938,121.44999694824219,348200
2020-09-11,107.18012237548828,118.69999694824219,119.9000015258789,118.08999633789062,118.0999984741211,313400
2020-09-14,107.85733032226562,119.44999694824219,121.36000061035156,119.2300033569336,119.8499984741211,194200
2020-09-15,105.87987518310547,117.26000213623047,119.87999725341797,117.18000030517578,119.36000061035156,209300
2020-09-16,106.30426788330078,117.7300033569336,119.58000183105469,117.43000030517578,117.95999908447266,378700
2020-09-17,107.87540435791016,119.47000122070312,119.73999786376953,116.11000061035156,116.58999633789062,468400
2020-09-18,108.29075622558594,119.93000030517578,121.22000122070312,119.43000030517578,119.5,563800
2020-09-21,108.41716766357422,120.06999969482422,121.22000122070312,117.75,117.75,686500
2020-09-22,109.1756591796875,120.91000366210938,122.48999786376953,119.54000091552734,119.54000091552734,501000
2020-09-23,107.20720672607422,118.7300033569336,123.33999633789062,118.37000274658203,121.41999816894531,627200
2020-09-24,106.40359497070312,117.83999633789062,119.5,116.4000015258789,118.33000183105469,270000
2020-09-25,106.3855209350586,117.81999969482422,118.19999694824219,116.45999908447266,116.9000015258789,303300
2020-09-28,108.44426727294922,120.0999984741211,121.37000274658203,119.06999969482422,119.16999816894531,228800
2020-09-29,108.8866958618164,120.58999633789062,120.9800033569336,118.41000366210938,120.0199966430664,265300
2020-09-30,109.53680419921875,121.30999755859375,123.45999908447266,120.76000213623047,121.19999694824219,479800
2020-10-01,110.58424377441406,122.47000122070312,122.70999908447266,120.0999984741211,121.3499984741211,322200
2020-10-02,111.45109558105469,123.43000030517578,124.41999816894531,120.79000091552734,121.19999694824219,275400
2020-10-05,113.19379425048828,125.36000061035156,125.9000015258789,124.12999725341797,124.9800033569336,281300
2020-10-06,110.97249603271484,122.9000015258789,126.0,122.27999877929688,125.77999877929688,365900
2020-10-07,111.79418182373047,123.80999755859375,124.7699966430664,122.33000183105469,123.73999786376953,393900
2020-10-08,113.43758392333984,125.62999725341797,125.75,123.9800033569336,124.7699966430664,522800
2020-10-09,113.38339233398438,125.56999969482422,127.47000122070312,125.41999816894531,126.51000213623047,425600
2020-10-12,114.08767700195312,126.3499984741211,126.94999694824219,125.0199966430664,125.30000305175781,238700
2020-10-13,110.62938690185547,122.5199966430664,126.68000030517578,122.19999694824219,125.62999725341797,247100
2020-10-14,110.55715942382812,122.44000244140625,124.87000274658203,122.19000244140625,122.19000244140625,334000
2020-10-15,111.1711654663086,123.12000274658203,123.62000274658203,119.47000122070312,120.72000122070312,273300
2020-10-16,111.48719024658203,123.47000122070312,125.06999969482422,122.55000305175781,123.44999694824219,291400
2020-10-19,109.9702377319336,121.79000091552734,124.30999755859375,121.45999908447266,123.4000015258789,221900
2020-10-20,110.70161437988281,122.5999984741211,123.73999786376953,122.36000061035156,122.80000305175781,184100
2020-10-21,111.00865173339844,122.94000244140625,123.87000274658203,122.33999633789062,122.33999633789062,298300
2020-10-22,112.49848937988281,124.58999633789062,125.05000305175781,122.16999816894531,122.41999816894531,236400
2020-10-23,113.76262664794922,125.98999786376953,127.0,124.36000061035156,125.69999694824219,258500
2020-10-26,111.20731353759766,123.16000366210938,124.83000183105469,121.56999969482422,124.31999969482422,195300
2020-10-27,108.97699737548828,120.69000244140625,123.4000015258789,120.54000091552734,123.22000122070312,186900
2020-10-28,110.34949493408203,122.20999908447266,123.80999755859375,118.58000183105469,118.58000183105469,402300
2020-10-29,113.04927825927734,125.19999694824219,125.95999908447266,119.97000122070312,121.48999786376953,360700
2020-10-30,112.29985809326172,124.37000274658203,125.80999755859375,122.91999816894531,124.2699966430664,286300
2020-11-02,117.32025146484375,129.92999267578125,130.27000427246094,125.29000091552734,125.5,881800
2020-11-03,114.05157470703125,126.30999755859375,131.3000030517578,124.56999969482422,130.49000549316406,961400
2020-11-04,113.67233276367188,125.88999938964844,130.0500030517578,123.77999877929688,123.77999877929688,438500
2020-11-05,114.99969482421875,127.36000061035156,128.08999633789062,125.2699966430664,126.87000274658203,324700
2020-11-06,114.75587463378906,127.08999633789062,129.39999389648438,126.7300033569336,128.4600067138672,259400
2020-11-09,119.00875854492188,131.8000030517578,136.8699951171875,130.6199951171875,136.44000244140625,716100
2020-11-10,121.13976287841797,134.16000366210938,134.17999267578125,131.5800018310547,133.49000549316406,719000
2020-11-11,118.81916809082031,131.58999633789062,134.9600067138672,130.6699981689453,134.2100067138672,638800
2020-11-12,118.12389373779297,130.82000732421875,131.86000061035156,129.38999938964844,130.86000061035156,344900
2020-11-13,120.55279541015625,133.50999450683594,133.91000366210938,131.72000122070312,131.89999389648438,428300
2020-11-16,123.80342102050781,137.11000061035156,137.82000732421875,135.24000549316406,136.52000427246094,466100
2020-11-17,125.13980102539062,138.58999633789062,138.77999877929688,134.5500030517578,135.75999450683594,558900
2020-11-18,122.45805358886719,135.6199951171875,139.67999267578125,135.52000427246094,138.74000549316406,342500
2020-11-19,121.82598114013672,134.9199981689453,135.08999633789062,133.19000244140625,134.6300048828125,284700
2020-11-20,120.89594268798828,133.88999938964844,135.25999450683594,133.52999877929688,134.50999450683594,423800
2020-11-23,122.1961898803711,135.3300018310547,135.8800048828125,134.6300048828125,135.5800018310547,379100
2020-11-24,122.87337493896484,136.0800018310547,136.88999938964844,135.17999267578125,136.66000366210938,517200
2020-11-25,122.42190551757812,135.5800018310547,136.08999633789062,134.19000244140625,135.27999877929688,377500
2020-11-27,121.39659881591797,133.7899932861328,134.97999572753906,133.5,134.5399932861328,158300
2020-11-30,117.15917205810547,129.1199951171875,133.77000427246094,129.0399932861328,132.8800048828125,504500
2020-12-01,119.19169616699219,131.36000061035156,132.6699981689453,130.72999572753906,131.38999938964844,455700
2020-12-02,119.39129638671875,131.5800018310547,132.11000061035156,130.2100067138672,130.39999389648438,619000
2020-12-03,119.93575286865234,132.17999267578125,132.74000549316406,131.19000244140625,131.19000244140625,604900
2020-12-04,120.29866790771484,132.5800018310547,133.32000732421875,131.72000122070312,132.89999389648438,338700
2020-12-07,119.16447448730469,131.3300018310547,132.00999450683594,130.63999938964844,131.5399932861328,476900
2020-12-08,119.70887756347656,131.92999267578125,132.8800048828125,130.36000061035156,130.36000061035156,395900
2020-12-09,119.02837371826172,131.17999267578125,132.57000732421875,130.9499969482422,132.3000030517578,376000
2020-12-10,120.24427032470703,132.52000427246094,132.99000549316406,130.5800018310547,130.8000030517578,379500
2020-12-11,119.97201538085938,132.22000122070312,133.35000610351562,131.47999572753906,131.99000549316406,257000
2020-12-14,119.45480346679688,131.64999389648438,134.3699951171875,131.60000610351562,133.75,244600
2020-12-15,120.12628173828125,132.38999938964844,133.94000244140625,131.72000122070312,132.32000732421875,470600
2020-12-16,121.77770233154297,134.2100067138672,134.80999755859375,132.77999877929688,133.13999938964844,310900
2020-12-17,120.10813903808594,132.3699951171875,135.1999969482422,132.1699981689453,134.64999389648438,434200
2020-12-18,119.12818145751953,131.2899932861328,133.61000061035156,130.25,132.25,915100
2020-12-21,118.70172119140625,130.82000732421875,131.6199951171875,128.97999572753906,130.9199981689453,370300
2020-12-22,119.30965423583984,131.49000549316406,132.52000427246094,131.0800018310547,131.16000366210938,334200
2020-12-23,120.17166900634766,132.44000244140625,133.4499969482422,131.57000732421875,131.57000732421875,260600
2020-12-24,120.33497619628906,132.6199951171875,132.85000610351562,131.85000610351562,132.5500030517578,86700
2020-12-28,121.02458190917969,133.3800048828125,134.0399932861328,132.5,132.99000549316406,188300
2020-12-29,120.25330352783203,132.52999877929688,133.88999938964844,132.00999450683594,133.88999938964844,204500
2020-12-30,121.61436462402344,134.02999877929688,134.52999877929688,132.42999267578125,132.42999267578125,210900
2020-12-31,123.60150909423828,136.22000122070312,136.39999389648438,133.8699951171875,134.4600067138672,233100
2021-01-04,119.8722152709961,132.11000061035156,136.58999633789062,131.0500030517578,136.2100067138672,395700
2021-01-05,119.90853118896484,132.14999389648438,133.4499969482422,131.0,132.36000061035156,258700
2021-01-06,125.17124938964844,137.9499969482422,138.88999938964844,133.1999969482422,133.64999389648438,371300
2021-01-07,126.43250274658203,139.33999633789062,140.75,138.22000122070312,138.47999572753906,381000
2021-01-08,125.77009582519531,138.61000061035156,139.38999938964844,136.52999877929688,139.38999938964844,188700
2021-01-11,125.04422760009766,137.80999755859375,138.89999389648438,137.27999877929688,137.3300018310547,183200
2021-01-12,128.0929718017578,141.1699981689453,141.32000732421875,138.8699951171875,139.24000549316406,353400
2021-01-13,127.34893798828125,140.35000610351562,141.47999572753906,139.75,140.7100067138672,333800
2021-01-14,126.24195098876953,139.1300048828125,141.16000366210938,138.58999633789062,140.3000030517578,328100
2021-01-15,127.18556213378906,140.1699981689453,140.19000244140625,137.52999877929688,138.00999450683594,306100
2021-01-19,129.7352752685547,142.97999572753906,143.3699951171875,140.17999267578125,141.38999938964844,321400
2021-01-20,128.85513305664062,142.00999450683594,143.6699981689453,141.9600067138672,142.44000244140625,277200
2021-01-21,124.95349884033203,137.7100067138672,142.60000610351562,137.1300048828125,141.66000366210938,262100
2021-01-22,122.40373992919922,134.89999389648438,137.47000122070312,134.72000122070312,136.8800048828125,305300
2021-01-25,120.43476104736328,132.72999572753906,134.8800048828125,132.4600067138672,133.69000244140625,340100
2021-01-26,118.38412475585938,130.47000122070312,133.8300018310547,129.25999450683594,133.47000122070312,455900
2021-01-27,118.67449188232422,130.7899932861328,131.39999389648438,128.0,129.64999389648438,626100
2021-01-28,121.13346099853516,133.5,134.97999572753906,131.5399932861328,131.9600067138672,452900
2021-01-29,122.92097473144531,135.47000122070312,136.0399932861328,132.4199981689453,132.94000244140625,632600
2021-02-01,122.03176879882812,134.49000549316406,136.1300048828125,130.25999450683594,135.8300018310547,673100
2021-02-02,121.14250946044922,133.50999450683594,136.2899932861328,133.3800048828125,136.0500030517578,697200
2021-02-03,120.9066162109375,133.25,134.5,131.58999633789062,133.5,409300
2021-02-04,119.66354370117188,131.8800048828125,136.05999755859375,131.07000732421875,134.0800018310547,783300
2021-02-05,121.91380310058594,134.36000061035156,134.6199951171875,131.57000732421875,132.72999572753906,558600
2021-02-08,122.89376831054688,135.44000244140625,135.75999450683594,134.10000610351562,134.80999755859375,392200
2021-02-09,123.51982879638672,136.1300048828125,136.13999938964844,133.57000732421875,134.80999755859375,695800
2021-02-10,116.5331039428711,128.42999267578125,135.05999755859375,128.27999877929688,135.05999755859375,1373500
2021-02-11,118.39321899414062,130.47999572753906,131.2100067138672,126.7699966430664,128.00999450683594,984900
2021-02-12,116.26090240478516,128.1300048828125,130.22999572753906,126.7699966430664,129.42999267578125,605900
2021-02-16,114.28282928466797,125.94999694824219,129.0800018310547,125.37999725341797,129.0800018310547,690900
2021-02-17,114.07415008544922,125.72000122070312,126.5199966430664,124.93000030517578,125.44000244140625,901000
2021-02-18,111.39740753173828,122.7699966430664,125.80999755859375,122.48999786376953,125.44000244140625,607300
2021-02-19,112.49214172363281,123.30999755859375,123.87999725341797,121.55000305175781,122.5,817200
2021-02-22,115.75807189941406,126.88999938964844,127.02999877929688,122.23999786376953,122.72000122070312,857000
2021-02-23,116.4696273803711,127.66999816894531,128.39999389648438,126.0199966430664,127.4000015258789,572100
2021-02-24,116.88928985595703,128.1300048828125,130.0800018310547,128.05999755859375,128.05999755859375,420700
2021-02-25,114.18898010253906,125.16999816894531,128.75,124.97000122070312,128.5,326400
2021-02-26,112.41004180908203,123.22000122070312,125.72000122070312,122.47000122070312,124.9800033569336,746400
2021-03-01,115.2198257446289,126.30000305175781,127.72000122070312,124.43000030517578,124.43000030517578,519800
2021-03-02,115.5300064086914,126.63999938964844,126.87000274658203,125.06999969482422,125.9800033569336,378300
2021-03-03,116.80717468261719,128.0399932861328,129.7100067138672,126.2699966430664,126.9000015258789,470000
2021-03-04,116.84367370605469,128.0800018310547,129.9600067138672,127.05999755859375,128.6699981689453,695200
2021-03-05,120.3467788696289,131.9199981689453,132.22999572753906,128.60000610351562,128.99000549316406,375600
2021-03-08,122.06185150146484,133.8000030517578,136.1199951171875,132.1699981689453,132.60000610351562,371200
2021-03-09,123.0835952758789,134.9199981689453,138.30999755859375,134.72000122070312,135.49000549316406,677900
2021-03-10,126.56849670410156,138.74000549316406,138.8699951171875,134.10000610351562,134.91000366210938,569100
2021-03-11,124.49764251708984,136.47000122070312,138.6699981689453,136.33999633789062,137.52999877929688,495100
2021-03-12,124.32426452636719,136.27999877929688,138.89999389648438,135.99000549316406,137.35000610351562,457100
2021-03-15,126.03939056396484,138.16000366210938,138.3000030517578,135.07000732421875,136.3000030517578,374400
2021-03-16,125.33690643310547,137.38999938964844,137.99000549316406,136.02999877929688,137.4499969482422,473300
2021-03-17,126.4772720336914,138.63999938964844,139.5,137.00999450683594,138.50999450683594,654400
2021-03-18,130.09896850585938,142.61000061035156,144.6300048828125,139.47000122070312,139.8800048828125,673900
2021-03-19,131.1024627685547,143.7100067138672,144.5800018310547,141.2100067138672,143.16000366210938,1450100
2021-03-22,128.4021453857422,140.75,143.60000610351562,139.8000030517578,143.25,560500
2021-03-23,128.28353881835938,140.6199951171875,142.50999450683594,139.7100067138672,139.7100067138672,332800
2021-03-24,129.54246520996094,142.0,143.6699981689453,140.6199951171875,141.27999877929688,402500
2021-03-25,130.9473876953125,143.5399932861328,143.85000610351562,140.75999450683594,142.36000061035156,319800
2021-03-26,131.9600067138672,144.64999389648438,144.85000610351562,142.8699951171875,144.1199951171875,327600
2021-03-29,131.1571807861328,143.77000427246094,144.72000122070312,142.77000427246094,143.0800018310547,287900
2021-03-30,132.01473999023438,144.7100067138672,144.92999267578125,142.8000030517578,143.5,371900
2021-03-31,129.33265686035156,141.77000427246094,144.8000030517578,141.6999969482422,143.63999938964844,434400
2021-04-01,129.81617736816406,142.3000030517578,142.36000061035156,139.88999938964844,141.14999389648438,263400
2021-04-05,130.26318359375,142.7899932861328,143.57000732421875,141.8000030517578,142.5,267100
2021-04-06,130.81967163085938,143.39999389648438,144.1699981689453,141.77999877929688,142.85000610351562,228400
2021-04-07,132.8083953857422,145.5800018310547,145.85000610351562,142.99000549316406,143.74000549316406,339100
2021-04-08,132.5712432861328,145.32000732421875,146.27000427246094,144.75999450683594,144.92999267578125,390800
2021-04-09,134.06732177734375,146.9600067138672,147.14999389648438,145.11000061035156,146.10000610351562,242400
2021-04-12,134.93402099609375,147.91000366210938,148.1300048828125,146.64999389648438,147.30999755859375,313800
2021-04-13,135.28067016601562,148.2899932861328,148.74000549316406,146.30999755859375,146.9499969482422,329000
2021-04-14,136.38453674316406,149.5,150.14999389648438,148.41000366210938,148.52999877929688,416300
2021-04-15,136.9044647216797,150.07000732421875,150.7899932861328,149.6300048828125,149.64999389648438,408300
2021-04-16,139.12132263183594,152.5,152.97999572753906,151.69000244140625,151.7899932861328,378000
2021-04-19,139.79641723632812,153.24000549316406,154.19000244140625,152.69000244140625,153.52000427246094,253400
2021-04-20,140.51710510253906,154.02999877929688,154.94000244140625,152.1199951171875,153.19000244140625,258700
2021-04-21,142.07711791992188,155.74000549316406,156.02999877929688,153.9499969482422,154.4499969482422,291700
2021-04-22,140.35289001464844,153.85000610351562,155.4600067138672,153.19000244140625,155.22000122070312,227800
2021-04-23,142.12269592285156,155.7899932861328,156.25,154.17999267578125,154.38999938964844,166400
2021-04-26,141.5570831298828,155.1699981689453,157.39999389648438,155.0800018310547,156.10000610351562,189200
2021-04-27,142.6244354248047,156.33999633789062,156.4499969482422,154.2899932861328,155.6300048828125,243200
2021-04-28,141.02796936035156,154.58999633789062,156.47999572753906,154.3699951171875,156.33999633789062,246400
2021-04-29,142.7613067626953,156.49000549316406,156.72000122070312,154.6699981689453,154.6699981689453,229500
2021-04-30,141.9493865966797,155.60000610351562,156.77999877929688,155.10000610351562,156.1699981689453,285200
2021-05-03,143.94725036621094,157.7899932861328,159.10000610351562,156.5,156.5,203400
2021-05-04,143.7830352783203,157.61000061035156,158.5800018310547,156.8699951171875,157.5500030517578,336900
2021-05-05,145.41603088378906,159.39999389648438,160.16000366210938,153.74000549316406,156.41000366210938,530100
2021-05-06,147.6784210205078,161.8800048828125,163.24000549316406,158.74000549316406,159.63999938964844,425700
2021-05-07,146.611083984375,160.7100067138672,161.2100067138672,158.92999267578125,160.02000427246094,254500
2021-05-10,145.9268798828125,159.9600067138672,162.61000061035156,159.88999938964844,161.88999938964844,322600
2021-05-11,142.46937561035156,156.1699981689453,160.13999938964844,155.6199951171875,160.13999938964844,412200
2021-05-12,142.6153106689453,156.3300018310547,158.60000610351562,156.0,157.4199981689453,239700
2021-05-13,145.3247528076172,159.3000030517578,159.94000244140625,155.13999938964844,155.16000366210938,225200
2021-05-14,147.08547973632812,161.22999572753906,161.61000061035156,159.88999938964844,160.47000122070312,405200
2021-05-17,147.4777374267578,161.66000366210938,162.83999633789062,160.61000061035156,160.75,165400
2021-05-18,144.80474853515625,158.72999572753906,161.25,158.47000122070312,160.16000366210938,291300
2021-05-19,143.299560546875,157.0800018310547,157.82000732421875,155.05999755859375,157.82000732421875,261500
2021-05-20,143.18093872070312,156.9499969482422,157.7899932861328,156.1999969482422,157.14999389648438,310200
2021-05-21,144.96897888183594,158.91000366210938,162.47999572753906,158.42999267578125,158.85000610351562,605000
2021-05-24,145.17880249023438,159.13999938964844,159.9199981689453,158.83999633789062,159.77999877929688,304800
2021-05-25,143.53672790527344,157.33999633789062,159.8300018310547,157.05999755859375,158.86000061035156,309500
2021-05-26,143.81040954589844,157.63999938964844,158.3300018310547,156.58999633789062,158.0399932861328,530400
2021-05-27,147.1492919921875,161.3000030517578,161.3800048828125,157.86000061035156,158.8000030517578,564200
2021-05-28,147.61647033691406,161.14999389648438,161.75,158.75999450683594,161.19000244140625,287900
2021-06-01,148.07447814941406,161.64999389648438,163.3300018310547,161.38999938964844,162.16000366210938,307300
2021-06-02,146.59970092773438,160.0399932861328,162.07000732421875,159.9600067138672,161.5399932861328,348400
2021-06-03,148.65159606933594,162.27999877929688,162.8300018310547,159.1699981689453,159.91000366210938,368700
2021-06-04,149.40274047851562,163.10000610351562,163.58999633789062,161.6699981689453,162.0,254400
2021-06-07,148.89891052246094,162.5500030517578,163.5399932861328,161.91000366210938,163.5399932861328,353900
2021-06-08,149.7233428955078,163.4499969482422,163.80999755859375,160.97000122070312,161.86000061035156,318000
2021-06-09,149.0912628173828,162.75999450683594,163.4499969482422,162.55999755859375,163.4499969482422,238000
2021-06-10,148.46839904785156,162.0800018310547,163.83999633789062,162.0,163.5,307300
2021-06-11,149.1737060546875,162.85000610351562,163.3000030517578,162.22999572753906,162.27000427246094,263700
2021-06-14,147.32334899902344,160.8300018310547,163.27999877929688,160.4499969482422,162.41000366210938,292100
2021-06-15,147.38748168945312,160.89999389648438,162.08999633789062,160.08999633789062,161.2100067138672,642900
2021-06-16,146.4439697265625,159.8699951171875,161.42999267578125,159.16000366210938,160.6999969482422,472600
2021-06-17,141.6165313720703,154.60000610351562,160.42999267578125,154.0,160.42999267578125,552400
2021-06-18,138.19981384277344,150.8699951171875,153.0,149.99000549316406,151.9199981689453,1214200
2021-06-21,141.7356414794922,154.72999572753906,154.94000244140625,152.02000427246094,152.30999755859375,392900
2021-06-22,141.8272247314453,154.8300018310547,155.75,153.36000061035156,154.6300048828125,284900
2021-06-23,141.9738006591797,154.99000549316406,155.99000549316406,154.3699951171875,154.75,263200
2021-06-24,142.42263793945312,155.47999572753906,156.17999267578125,154.50999450683594,155.4600067138672,375500
2021-06-25,145.21652221679688,158.52999877929688,159.05999755859375,155.16000366210938,155.72999572753906,412900
2021-06-28,143.41192626953125,156.55999755859375,158.39999389648438,155.8000030517578,158.39999389648438,219800
2021-06-29,142.73411560058594,155.82000732421875,158.1300048828125,155.4199981689453,157.77000427246094,269000
2021-06-30,143.0638427734375,156.17999267578125,156.67999267578125,154.9600067138672,155.72999572753906,253600
2021-07-01,143.67759704589844,156.85000610351562,157.58999633789062,155.64999389648438,156.67999267578125,384000
2021-07-02,143.35699462890625,156.5,156.9600067138672,155.94000244140625,156.82000732421875,301500
2021-07-06,143.64096069335938,156.80999755859375,157.5,154.61000061035156,156.10000610351562,389900
2021-07-07,143.78753662109375,156.97000122070312,157.30999755859375,155.39999389648438,155.5399932861328,414400
2021-07-08,141.38754272460938,154.35000610351562,157.02000427246094,153.67999267578125,155.52000427246094,428100
2021-07-09,143.80584716796875,156.99000549316406,157.4499969482422,155.75999450683594,156.27000427246094,314900
2021-07-12,143.93411254882812,157.1300048828125,157.8699951171875,155.7100067138672,155.7100067138672,358100
2021-07-13,142.1661834716797,155.1999969482422,157.52000427246094,155.05999755859375,157.2100067138672,207700
2021-07-14,142.0287628173828,155.0500030517578,156.27999877929688,154.36000061035156,154.64999389648438,198300
2021-07-15,142.94479370117188,156.0500030517578,156.14999389648438,153.75999450683594,153.75999450683594,344300
2021-07-16,142.6791534423828,155.75999450683594,156.91000366210938,155.5500030517578,156.5800018310547,223200
2021-07-19,138.74942016601562,151.47000122070312,153.89999389648438,149.88999938964844,153.7100067138672,274500
2021-07-20,141.18605041503906,154.1300048828125,155.89999389648438,151.17999267578125,151.6199951171875,360200
2021-07-21,141.0303192138672,153.9600067138672,156.47000122070312,153.75999450683594,155.07000732421875,294300
2021-07-22,139.61050415039062,152.41000366210938,153.38999938964844,151.75999450683594,153.35000610351562,309200
2021-07-23,142.00131225585938,155.02000427246094,156.14999389648438,153.99000549316406,154.1999969482422,276400
2021-07-26,142.69744873046875,155.77999877929688,156.24000549316406,154.50999450683594,154.92999267578125,258900
2021-07-27,143.55853271484375,156.72000122070312,157.17999267578125,153.9499969482422,154.7100067138672,222500
2021-07-28,143.46688842773438,156.6199951171875,157.8800048828125,154.4199981689453,157.39999389648438,235300
2021-07-29,144.68521118164062,157.9499969482422,158.27999877929688,156.64999389648438,158.0399932861328,287600
2021-07-30,144.55694580078125,157.80999755859375,159.3300018310547,157.10000610351562,157.61000061035156,273500
2021-08-02,144.05313110351562,157.25999450683594,159.50999450683594,156.9600067138672,158.30999755859375,323700
2021-08-03,144.76763916015625,158.0399932861328,159.5,155.82000732421875,157.92999267578125,408900
2021-08-04,142.55091857910156,155.6199951171875,158.5500030517578,153.24000549316406,156.8800048828125,454500
2021-08-05,145.45468139648438,158.7899932861328,158.8300018310547,156.3699951171875,156.3699951171875,261200
2021-08-06,146.59056091308594,160.02999877929688,161.2899932861328,159.10000610351562,159.64999389648438,349800
2021-08-09,146.2790985107422,159.69000244140625,161.02999877929688,158.60000610351562,159.6699981689453,512600
2021-08-10,148.65159606933594,162.27999877929688,163.32000732421875,160.08999633789062,160.1999969482422,300200
2021-08-11,150.23626708984375,164.00999450683594,164.57000732421875,162.1999969482422,162.75999450683594,441700
2021-08-12,152.0042266845703,165.94000244140625,166.6300048828125,164.60000610351562,165.0,431200
2021-08-13,151.14315795898438,165.0,166.4499969482422,164.7899932861328,166.4499969482422,368200
2021-08-16,152.6454620361328,166.63999938964844,166.72999572753906,163.92999267578125,164.9199981689453,298100
2021-08-17,153.41490173339844,167.47999572753906,168.0800018310547,165.27000427246094,166.17999267578125,212100
2021-08-18,151.170654296875,165.02999877929688,167.6699981689453,164.94000244140625,166.44000244140625,309100
2021-08-19,149.8057861328125,163.5399932861328,166.2899932861328,163.24000549316406,163.74000549316406,320100
2021-08-20,151.26222229003906,165.1300048828125,166.25999450683594,162.67999267578125,163.24000549316406,251400
2021-08-23,152.69125366210938,166.69000244140625,167.2100067138672,165.1300048828125,166.22999572753906,360500
2021-08-24,152.737060546875,166.74000549316406,167.6199951171875,166.38999938964844,166.80999755859375,288400
2021-08-25,154.63319396972656,168.80999755859375,169.8699951171875,167.22999572753906,167.3000030517578,306900
2021-08-26,153.17669677734375,167.22000122070312,169.00999450683594,166.85000610351562,168.86000061035156,441900
2021-08-27,155.7517852783203,169.36000061035156,169.64999389648438,166.52999877929688,166.63999938964844,285900
2021-08-30,155.06204223632812,168.61000061035156,169.77999877929688,168.30999755859375,169.64999389648438,277300
2021-08-31,156.44146728515625,170.11000061035156,170.72000122070312,168.27999877929688,168.27999877929688,646200
2021-09-01,155.9448699951172,169.57000732421875,171.02999877929688,169.02000427246094,170.6999969482422,357300
2021-09-02,156.864501953125,170.57000732421875,171.0399932861328,169.7899932861328,169.97999572753906,335500
2021-09-03,156.68060302734375,170.3699951171875,170.9199981689453,169.2899932861328,170.25,269800
2021-09-07,154.9700164794922,168.50999450683594,170.16000366210938,168.42999267578125,170.05999755859375,212900
2021-09-08,157.37953186035156,171.1300048828125,171.41000366210938,167.9499969482422,167.9499969482422,276900
2021-09-09,156.19317626953125,169.83999633789062,172.22000122070312,169.8000030517578,171.3800048828125,249800
2021-09-10,154.43663024902344,167.92999267578125,170.55999755859375,167.86000061035156,170.55999755859375,285900
2021-09-13,154.1147918701172,167.5800018310547,168.80999755859375,166.75,168.80999755859375,330600
2021-09-14,152.4869842529297,165.80999755859375,168.05999755859375,164.97999572753906,167.89999389648438,347000
2021-09-15,150.7397003173828,163.91000366210938,166.19000244140625,163.75999450683594,165.25,369500
2021-09-16,149.8291778564453,162.9199981689453,164.22000122070312,161.5,164.22000122070312,443200
2021-09-17,148.4681396484375,161.44000244140625,164.0399932861328,160.6999969482422,162.47999572753906,918700
2021-09-20,146.05865478515625,158.82000732421875,159.47999572753906,156.2899932861328,158.7100067138672,509000
2021-09-21,146.09544372558594,158.86000061035156,160.08999633789062,157.6999969482422,159.41000366210938,310300
2021-09-22,147.2266082763672,160.08999633789062,161.55999755859375,159.72999572753906,160.2899932861328,340900
2021-09-23,147.0702667236328,159.9199981689453,162.2899932861328,159.52000427246094,160.97999572753906,254700
2021-09-24,148.21063232421875,161.16000366210938,161.67999267578125,159.69000244140625,160.1999969482422,220700
2021-09-27,148.73480224609375,161.72999572753906,163.69000244140625,161.69000244140625,162.25,284600
2021-09-28,146.59205627441406,159.39999389648438,162.80999755859375,159.1999969482422,162.07000732421875,262900
2021-09-29,147.7047882080078,160.61000061035156,161.77999877929688,159.74000549316406,159.86000061035156,210800
2021-09-30,145.07461547851562,157.75,161.77999877929688,157.7100067138672,160.9499969482422,286300
2021-10-01,146.22418212890625,159.0,160.32000732421875,156.9499969482422,158.55999755859375,239900
2021-10-04,144.6607666015625,157.3000030517578,160.55999755859375,156.97000122070312,158.64999389648438,255200
2021-10-05,147.0978546142578,159.9499969482422,160.77999877929688,156.72999572753906,158.5,291500
2021-10-06,148.15542602539062,161.10000610351562,161.25999450683594,157.36000061035156,158.8699951171875,261300
2021-10-07,149.61769104003906,162.69000244140625,164.52000427246094,161.97999572753906,161.97999572753906,219400
2021-10-08,149.17628479003906,162.2100067138672,163.66000366210938,161.85000610351562,162.52000427246094,214600
2021-10-11,148.29339599609375,161.25,163.7899932861328,161.1699981689453,162.5500030517578,152900
2021-10-12,148.36695861816406,161.3300018310547,162.50999450683594,160.57000732421875,160.8800048828125,239600
2021-10-13,147.30941772460938,160.17999267578125,161.38999938964844,158.1300048828125,161.25999450683594,246600
2021-10-14,150.16026306152344,163.27999877929688,163.75,161.02999877929688,161.9499969482422,372800
2021-10-15,149.42457580566406,162.47999572753906,165.3800048828125,162.3800048828125,164.44000244140625,361600
2021-10-18,149.39695739746094,162.4499969482422,162.75,161.8300018310547,161.8300018310547,222600
2021-10-19,150.27981567382812,163.41000366210938,164.3300018310547,163.13999938964844,163.3000030517578,223800
2021-10-20,151.64089965820312,164.88999938964844,165.72000122070312,163.41000366210938,163.6199951171875,251800
2021-10-21,151.76962280273438,165.02999877929688,166.4600067138672,164.16000366210938,164.61000061035156,297900
2021-10-22,152.28465270996094,165.58999633789062,166.67999267578125,164.5399932861328,165.52000427246094,266500
2021-10-25,151.35585021972656,164.5800018310547,166.07000732421875,163.80999755859375,165.67999267578125,372400
2021-10-26,149.2222442626953,162.25999450683594,164.94000244140625,162.08999633789062,164.72999572753906,306000
2021-10-27,148.0634765625,161.0,164.57000732421875,160.97000122070312,162.85000610351562,320400
2021-10-28,150.3993682861328,163.5399932861328,163.6199951171875,161.6300048828125,161.6300048828125,232800
2021-10-29,148.34857177734375,161.30999755859375,164.17999267578125,161.2100067138672,163.8699951171875,334600
2021-11-01,148.47727966308594,161.4499969482422,162.47000122070312,160.77999877929688,161.91000366210938,296300
2021-11-02,148.70726013183594,161.6999969482422,162.30999755859375,160.49000549316406,161.63999938964844,295800
2021-11-03,152.1927032470703,165.49000549316406,168.3800048828125,161.1199951171875,161.3699951171875,595100
2021-11-04,151.03392028808594,164.22999572753906,165.24000549316406,162.6300048828125,164.8699951171875,304600
2021-11-05,149.47972106933594,162.5399932861328,167.13999938964844,160.82000732421875,165.3300018310547,478100
2021-11-08,148.30259704589844,161.25999450683594,163.8300018310547,160.9199981689453,163.19000244140625,343000
2021-11-09,147.53927612304688,160.42999267578125,160.91000366210938,158.72999572753906,160.8800048828125,376800
2021-11-10,146.84036254882812,159.6699981689453,161.61000061035156,158.27999877929688,160.42999267578125,496300
2021-11-11,147.5300750732422,160.4199981689453,161.5399932861328,157.92999267578125,159.2899932861328,402300
2021-11-12,147.3461456298828,160.22000122070312,160.8000030517578,158.35000610351562,160.4199981689453,344100
2021-11-15,147.2449951171875,160.11000061035156,161.47999572753906,159.57000732421875,160.9600067138672,394300
2021-11-16,147.65882873535156,160.55999755859375,161.83999633789062,159.99000549316406,160.25999450683594,303700
2021-11-17,148.09107971191406,161.02999877929688,161.52000427246094,158.9199981689453,160.55999755859375,232600
2021-11-18,147.36451721191406,160.24000549316406,161.7899932861328,159.47999572753906,161.22999572753906,351000
2021-11-19,146.66561889648438,159.47999572753906,159.8800048828125,157.86000061035156,159.77000427246094,274100
2021-11-22,150.2154541015625,163.33999633789062,163.94000244140625,159.2899932861328,160.16000366210938,318800
2021-11-23,151.46617126464844,164.6999969482422,165.36000061035156,163.41000366210938,163.9199981689453,298100
2021-11-24,148.90957641601562,161.9199981689453,164.82000732421875,161.52999877929688,164.50999450683594,304900
2021-11-26,145.28009033203125,157.30999755859375,158.30999755859375,155.00999450683594,156.60000610351562,268400
2021-11-29,144.10720825195312,156.0399932861328,159.4199981689453,155.8699951171875,158.86000061035156,266000
2021-11-30,140.4685516357422,152.10000610351562,155.14999389648438,151.5399932861328,154.30999755859375,519900
2021-12-01,137.85488891601562,149.27000427246094,155.8000030517578,149.25,154.38999938964844,503700
2021-12-02,141.2535400390625,152.9499969482422,154.13999938964844,149.7899932861328,149.7899932861328,531900
2021-12-03,140.5885467529297,152.22999572753906,154.25,151.3300018310547,153.86000061035156,339100
2021-12-06,142.84197998046875,154.6699981689453,156.08999633789062,153.7100067138672,153.97999572753906,394200
2021-12-07,144.05178833007812,155.97999572753906,156.75,154.82000732421875,155.25,363800
2021-12-08,143.82089233398438,155.72999572753906,157.10000610351562,155.32000732421875,156.1300048828125,379900
2021-12-09,143.81167602539062,155.72000122070312,156.24000549316406,154.77999877929688,155.1199951171875,262200
2021-12-10,143.14674377441406,155.0,157.0399932861328,153.7100067138672,156.69000244140625,363600
2021-12-13,142.32479858398438,154.11000061035156,155.02999877929688,153.10000610351562,154.38999938964844,283600
2021-12-14,141.7706756591797,153.50999450683594,156.39999389648438,152.97000122070312,153.99000549316406,313600
2021-12-15,141.74298095703125,153.47999572753906,153.97999572753906,151.49000549316406,153.82000732421875,530000
2021-12-16,142.02928161621094,153.7899932861328,156.16000366210938,153.39999389648438,154.75,874700
2021-12-17,139.06475830078125,150.5800018310547,153.72000122070312,149.30999755859375,153.6199951171875,1499700
2021-12-20,136.2664337158203,147.5500030517578,149.6199951171875,145.22000122070312,149.24000549316406,504000
2021-12-21,139.7019805908203,151.27000427246094,152.97000122070312,148.5399932861328,148.5399932861328,467700
2021-12-22,140.09910583496094,151.6999969482422,152.4499969482422,150.88999938964844,151.27000427246094,308900
2021-12-23,140.63475036621094,152.27999877929688,153.6699981689453,152.19000244140625,152.52999877929688,187100
2021-12-27,141.63214111328125,153.36000061035156,153.5500030517578,151.7100067138672,152.1199951171875,178300
2021-12-28,142.075439453125,153.83999633789062,154.8699951171875,152.9499969482422,152.9499969482422,221100
2021-12-29,142.86044311523438,154.69000244140625,155.25,154.1300048828125,154.1300048828125,242000
2021-12-30,142.95278930664062,154.7899932861328,156.42999267578125,154.75,155.47999572753906,194500
2021-12-31,143.9409942626953,155.86000061035156,156.80999755859375,154.07000732421875,154.64999389648438,294500
2022-01-03,144.3196258544922,156.27000427246094,157.5,155.24000549316406,156.38999938964844,297100
2022-01-04,145.67723083496094,157.74000549316406,158.94000244140625,156.77999877929688,157.4499969482422,434700
2022-01-05,144.35658264160156,156.30999755859375,159.4199981689453,156.1999969482422,157.97000122070312,330300
2022-01-06,143.9132537841797,155.8300018310547,158.35000610351562,154.8699951171875,157.92999267578125,633900
2022-01-07,146.6007080078125,158.74000549316406,158.94000244140625,155.82000732421875,156.33999633789062,1323400
2022-01-10,144.39352416992188,156.35000610351562,160.13999938964844,154.6699981689453,159.5800018310547,533600
2022-01-11,145.4278564453125,157.47000122070312,157.67999267578125,155.27999877929688,157.0,673000
2022-01-12,145.06765747070312,157.0800018310547,159.13999938964844,156.50999450683594,157.6300048828125,440100
2022-01-13,144.02403259277344,155.9499969482422,158.3000030517578,155.66000366210938,157.8300018310547,407600
2022-01-14,143.04515075683594,154.88999938964844,155.11000061035156,152.97000122070312,154.0500030517578,365900
2022-01-18,140.9672088623047,152.63999938964844,154.9199981689453,152.47999572753906,154.30999755859375,799200
2022-01-19,139.94210815429688,151.52999877929688,153.57000732421875,151.49000549316406,153.35000610351562,598700
2022-01-20,137.70718383789062,149.11000061035156,153.5,148.99000549316406,151.8800048828125,1011600
2022-01-21,135.74928283691406,146.99000549316406,149.49000549316406,146.75,148.77999877929688,537800
2022-01-24,138.15969848632812,149.60000610351562,150.11000061035156,144.17999267578125,145.22999572753906,1045100
2022-01-25,137.70718383789062,149.11000061035156,150.5,145.77999877929688,147.99000549316406,528300
2022-01-26,139.31411743164062,150.85000610351562,152.5800018310547,149.32000732421875,150.0399932861328,609700
2022-01-27,137.32855224609375,148.6999969482422,153.9499969482422,148.25999450683594,151.9499969482422,405600
2022-01-28,139.498779296875,151.0500030517578,151.19000244140625,147.6999969482422,148.4499969482422,408400
2022-01-31,140.84715270996094,152.50999450683594,152.67999267578125,149.1999969482422,149.7899932861328,349200
2022-02-01,139.68345642089844,151.25,152.50999450683594,150.07000732421875,151.72000122070312,490700
2022-02-02,141.29046630859375,152.99000549316406,153.32000732421875,150.82000732421875,150.82000732421875,372100
2022-02-03,140.19143676757812,151.8000030517578,153.44000244140625,151.5399932861328,153.38999938964844,322700
2022-02-04,141.36434936523438,153.07000732421875,154.67999267578125,150.75,151.19000244140625,477600
2022-02-07,141.05955505371094,152.74000549316406,154.35000610351562,152.5,153.07000732421875,450300
2022-02-08,144.10720825195312,156.0399932861328,156.17999267578125,152.66000366210938,153.8800048828125,715800
2022-02-09,153.8226776123047,166.55999755859375,168.35000610351562,162.1699981689453,162.1699981689453,836200
2022-02-10,150.13783264160156,162.57000732421875,166.91000366210938,161.30999755859375,165.86000061035156,561400
2022-02-11,149.54678344726562,161.92999267578125,164.67999267578125,161.0500030517578,162.27999877929688,508500
2022-02-14,149.60218811035156,161.99000549316406,163.57000732421875,160.27999877929688,162.55999755859375,626400
2022-02-15,153.0007781982422,165.6699981689453,166.97000122070312,163.83999633789062,163.97000122070312,551000
2022-02-16,154.41375732421875,167.1999969482422,167.82000732421875,164.0800018310547,164.57000732421875,462900
2022-02-17,153.3240203857422,166.02000427246094,166.92999267578125,164.97999572753906,165.64999389648438,539800
2022-02-18,152.88072204589844,165.5399932861328,168.0500030517578,165.4600067138672,165.9199981689453,1474800
2022-02-22,152.49281311035156,165.1199951171875,167.6699981689453,163.97999572753906,165.50999450683594,558900
2022-02-23,151.0890655517578,163.60000610351562,166.6300048828125,163.05999755859375,165.9600067138672,403700
2022-02-24,150.9967041015625,163.5,164.27000427246094,157.82000732421875,159.32000732421875,823600
2022-02-25,156.18081665039062,168.41000366210938,168.49000549316406,163.8800048828125,163.8800048828125,563300
2022-02-28,157.38638305664062,169.7100067138672,171.6699981689453,164.80999755859375,164.80999755859375,590800
2022-03-01,153.1297149658203,165.1199951171875,169.61000061035156,163.91000366210938,169.14999389648438,532500
2022-03-02,156.61669921875,168.8800048828125,169.9199981689453,166.35000610351562,166.47000122070312,340100
2022-03-03,158.21180725097656,170.60000610351562,171.30999755859375,168.11000061035156,169.7899932861328,376700
2022-03-04,157.0896453857422,169.38999938964844,169.44000244140625,166.52999877929688,167.9600067138672,351400
2022-03-07,156.03240966796875,168.25,169.27000427246094,166.22999572753906,167.77000427246094,413300
2022-03-08,154.12200927734375,166.19000244140625,170.83999633789062,165.88999938964844,169.22000122070312,316300
2022-03-09,156.51466369628906,168.77000427246094,171.9600067138672,167.83999633789062,169.47000122070312,359100
2022-03-10,157.09889221191406,169.39999389648438,169.7100067138672,166.92999267578125,166.92999267578125,311700
2022-03-11,157.6089630126953,169.9499969482422,172.5800018310547,169.92999267578125,170.47000122070312,249100
2022-03-14,158.2488555908203,170.63999938964844,172.5500030517578,169.25999450683594,171.60000610351562,388000
2022-03-15,160.9104461669922,173.50999450683594,173.9199981689453,171.32000732421875,171.32000732421875,332500
2022-03-16,161.69876098632812,174.36000061035156,175.41000366210938,171.60000610351562,174.63999938964844,391700
2022-03-17,163.3216552734375,176.11000061035156,176.19000244140625,172.8300018310547,173.07000732421875,334600
2022-03-18,163.60916137695312,176.4199981689453,176.5399932861328,173.80999755859375,176.3000030517578,832800
2022-03-21,165.24134826660156,178.17999267578125,178.77000427246094,176.0399932861328,177.49000549316406,401300
2022-03-22,166.5675048828125,179.61000061035156,181.3800048828125,178.82000732421875,179.5500030517578,339500
2022-03-23,165.97401428222656,178.97000122070312,179.77000427246094,178.00999450683594,179.0500030517578,379000
2022-03-24,169.5907745361328,182.8699951171875,183.07000732421875,178.27000427246094,179.5,437500
2022-03-25,171.0838623046875,184.47999572753906,184.8300018310547,182.80999755859375,183.35000610351562,391800
2022-03-28,170.3326873779297,183.6699981689453,184.22999572753906,181.97999572753906,184.22999572753906,269000
2022-03-29,168.14405822753906,181.30999755859375,184.97000122070312,180.60000610351562,184.3000030517578,368700
2022-03-30,168.9416046142578,182.1699981689453,183.35000610351562,180.77999877929688,181.69000244140625,433400
2022-03-31,168.6262969970703,181.8300018310547,184.13999938964844,181.8300018310547,181.88999938964844,457500
2022-04-01,171.95559692382812,185.4199981689453,185.5800018310547,182.44000244140625,182.44000244140625,426500
2022-04-04,168.59848022460938,181.8000030517578,185.22999572753906,181.32000732421875,185.22999572753906,410900
2022-04-05,168.6633758544922,181.8699951171875,183.82000732421875,181.4199981689453,181.4199981689453,323600
2022-04-06,171.1580810546875,184.55999755859375,184.8699951171875,181.19000244140625,181.52000427246094,458800
2022-04-07,172.25238037109375,185.74000549316406,186.5399932861328,182.63999938964844,184.61000061035156,367700
2022-04-08,172.678955078125,186.1999969482422,187.88999938964844,185.8300018310547,187.10000610351562,329100
2022-04-11,173.28176879882812,186.85000610351562,189.22000122070312,186.25999450683594,187.1699981689453,285500
2022-04-12,172.47494506835938,185.97999572753906,188.5800018310547,185.47000122070312,186.6199951171875,299300
2022-04-13,174.13494873046875,187.77000427246094,187.85000610351562,184.88999938964844,184.94000244140625,241800
2022-04-14,175.55384826660156,189.3000030517578,190.19000244140625,188.1999969482422,188.2100067138672,310400
2022-04-18,175.5723876953125,189.32000732421875,190.9199981689453,188.66000366210938,188.74000549316406,215700
2022-04-19,175.7578887939453,189.52000427246094,190.9499969482422,188.7100067138672,189.22000122070312,525400
2022-04-20,179.0964813232422,193.1199951171875,193.5800018310547,190.2100067138672,190.3800048828125,326100
2022-04-21,176.5091094970703,190.3300018310547,194.1199951171875,189.99000549316406,194.0,332000
2022-04-22,173.02210998535156,186.57000732421875,190.52000427246094,186.44000244140625,189.4600067138672,364800
2022-04-25,173.56924438476562,187.16000366210938,187.63999938964844,182.44000244140625,185.25,383700
2022-04-26,171.46409606933594,184.88999938964844,187.77000427246094,184.5500030517578,186.02000427246094,506200
2022-04-27,172.51206970214844,186.02000427246094,188.2100067138672,184.0,184.83999633789062,445600
2022-04-28,172.697509765625,186.22000122070312,186.6999969482422,183.74000549316406,186.6300048828125,388600
2022-04-29,168.67263793945312,181.8800048828125,186.72999572753906,181.25999450683594,185.5,480500
2022-05-02,167.70823669433594,180.83999633789062,183.52999877929688,177.94000244140625,182.52000427246094,496000
2022-05-03,169.7855224609375,183.0800018310547,185.3800048828125,181.67999267578125,181.8000030517578,439500
2022-05-04,173.30030822753906,186.8699951171875,187.11000061035156,178.44000244140625,182.30999755859375,587200
2022-05-05,175.67442321777344,189.42999267578125,190.58999633789062,185.89999389648438,185.89999389648438,498300
2022-05-06,174.88613891601562,188.5800018310547,190.72000122070312,187.24000549316406,188.97000122070312,565200
2022-05-09,167.82876586914062,180.97000122070312,187.9600067138672,180.08999633789062,186.88999938964844,510200
2022-05-10,168.59848022460938,181.8000030517578,183.75999450683594,178.22000122070312,181.61000061035156,603500
2022-05-11,167.41143798828125,180.52000427246094,185.49000549316406,180.3000030517578,182.49000549316406,504700
2022-05-12,166.3263702392578,179.35000610351562,181.13999938964844,176.33999633789062,180.22999572753906,437900
2022-05-13,168.4315643310547,181.6199951171875,182.0,179.6699981689453,179.94000244140625,310200
2022-05-16,167.3743438720703,180.47999572753906,182.0,179.25,181.6300048828125,327400
2022-05-17,171.04678344726562,184.44000244140625,184.4499969482422,180.6699981689453,182.6300048828125,483800
2022-05-18,173.28176879882812,186.85000610351562,188.0800018310547,183.36000061035156,183.9600067138672,481800
2022-05-19,167.3372344970703,180.44000244140625,186.36000061035156,179.17999267578125,185.2899932861328,588600
2022-05-20,163.3773193359375,176.1699981689453,181.9499969482422,173.92999267578125,181.49000549316406,607100
2022-05-23,165.5288543701172,178.49000549316406,179.9499969482422,177.58999633789062,178.6999969482422,539800
2022-05-24,167.62472534179688,180.75,181.61000061035156,177.32000732421875,178.3000030517578,578100
2022-05-25,168.1069793701172,181.27000427246094,183.0,179.44000244140625,180.44000244140625,560500
2022-05-26,166.9755401611328,180.0500030517578,183.0800018310547,179.4499969482422,183.0800018310547,461000
2022-05-27,168.87461853027344,181.41000366210938,181.41000366210938,178.97000122070312,179.44000244140625,476200
2022-05-31,164.48077392578125,176.69000244140625,180.69000244140625,176.42999267578125,179.5500030517578,1555900
2022-06-01,165.91429138183594,178.22999572753906,178.8800048828125,174.47999572753906,177.02000427246094,577500
2022-06-02,167.49685668945312,179.92999267578125,179.9499969482422,176.7100067138672,178.35000610351562,420600
2022-06-03,167.92506408691406,180.38999938964844,181.19000244140625,177.94000244140625,179.25999450683594,413800
2022-06-06,170.52227783203125,183.17999267578125,183.38999938964844,180.42999267578125,181.4600067138672,347600
2022-06-07,172.7564239501953,185.5800018310547,185.97000122070312,182.75999450683594,183.0,410400
2022-06-08,169.87994384765625,182.49000549316406,185.0800018310547,182.1999969482422,184.35000610351562,309100
2022-06-09,166.40771484375,178.75999450683594,183.0399932861328,178.75,182.60000610351562,302900
2022-06-10,161.88352966308594,173.89999389648438,176.64999389648438,173.86000061035156,175.5800018310547,442000
2022-06-13,160.7571563720703,172.69000244140625,175.00999450683594,171.0800018310547,171.5800018310547,601800
2022-06-14,163.8477325439453,176.00999450683594,177.0800018310547,172.60000610351562,174.55999755859375,664800
2022-06-15,161.26913452148438,173.24000549316406,178.2100067138672,170.75,177.19000244140625,497700
2022-06-16,157.3966064453125,169.0800018310547,172.0399932861328,168.36000061035156,171.47999572753906,533500
2022-06-17,158.11338806152344,169.85000610351562,171.0800018310547,168.5500030517578,168.82000732421875,1167100
2022-06-21,159.81695556640625,171.67999267578125,172.67999267578125,171.2899932861328,172.2100067138672,513000
2022-06-22,159.37010192871094,171.1999969482422,171.94000244140625,168.5800018310547,168.8800048828125,492500
2022-06-23,157.61073303222656,169.30999755859375,172.13999938964844,167.07000732421875,171.63999938964844,842200
2022-06-24,160.91542053222656,172.86000061035156,173.24000549316406,168.6699981689453,168.82000732421875,804800
2022-06-27,161.0550537109375,173.00999450683594,174.05999755859375,172.08999633789062,173.42999267578125,427700
2022-06-28,161.04571533203125,173.0,176.36000061035156,172.97000122070312,174.4600067138672,376800
2022-06-29,159.06289672851562,170.8699951171875,173.2899932861328,170.75,173.2899932861328,342600
2022-06-30,160.90611267089844,172.85000610351562,173.25,168.41000366210938,169.47999572753906,458600
2022-07-01,162.90753173828125,175.0,175.1199951171875,172.1300048828125,173.22000122070312,275700
2022-07-05,160.6454315185547,172.57000732421875,173.11000061035156,169.60000610351562,173.11000061035156,316500
2022-07-06,162.60960388183594,174.67999267578125,176.22999572753906,171.97999572753906,172.55999755859375,481300
2022-07-07,163.01925659179688,175.1199951171875,177.63999938964844,174.63999938964844,176.24000549316406,381800
2022-07-08,162.99130249023438,175.08999633789062,176.47000122070312,173.80999755859375,176.0800018310547,395100
2022-07-11,165.22549438476562,177.49000549316406,177.57000732421875,174.39999389648438,174.39999389648438,533500
2022-07-12,161.166748046875,173.1300048828125,178.75999450683594,172.85000610351562,176.6199951171875,384400
2022-07-13,162.4700164794922,174.52999877929688,175.75,171.6999969482422,171.6999969482422,373800
2022-07-14,155.91648864746094,167.49000549316406,171.64999389648438,166.17999267578125,171.10000610351562,333900
2022-07-15,155.3486328125,166.8800048828125,169.42999267578125,166.4499969482422,169.42999267578125,338800
2022-07-18,152.91897583007812,164.27000427246094,167.9499969482422,163.47999572753906,167.5399932861328,368000
2022-07-19,156.66116333007812,168.2899932861328,168.91000366210938,165.1999969482422,165.1999969482422,255200
2022-07-20,156.77288818359375,168.41000366210938,168.97000122070312,166.33999633789062,167.85000610351562,295400
2022-07-21,157.11734008789062,168.77999877929688,168.8800048828125,166.25999450683594,167.80999755859375,231400
2022-07-22,158.01100158691406,169.74000549316406,170.5800018310547,168.4199981689453,169.66000366210938,226200
2022-07-25,160.07760620117188,171.9600067138672,172.3300018310547,169.86000061035156,170.3699951171875,169800
2022-07-26,160.05897521972656,171.94000244140625,173.3699951171875,171.50999450683594,172.0399932861328,307200
2022-07-27,160.24514770507812,172.13999938964844,172.75999450683594,169.8000030517578,171.83999633789062,758500
2022-07-28,160.25445556640625,172.14999389648438,172.24000549316406,167.91000366210938,171.9499969482422,321800
2022-07-29,163.6336212158203,175.77999877929688,176.30999755859375,172.16000366210938,172.75,446000
2022-08-01,162.5445098876953,174.61000061035156,175.5800018310547,173.13999938964844,174.47000122070312,415300
2022-08-02,159.71450805664062,171.57000732421875,175.5,170.94000244140625,175.02999877929688,483700
2022-08-03,143.45172119140625,154.10000610351562,168.82000732421875,153.77999877929688,167.00999450683594,1091400
2022-08-04,145.44384765625,156.24000549316406,156.24000549316406,149.5,153.0800018310547,844400
2022-08-05,144.55947875976562,155.2899932861328,157.7899932861328,153.80999755859375,155.64999389648438,522500
2022-08-08,147.14739990234375,158.07000732421875,158.64999389648438,155.99000549316406,155.99000549316406,443800
2022-08-09,147.19390869140625,158.1199951171875,160.0,157.0500030517578,158.99000549316406,506600
2022-08-10,150.72206115722656,161.91000366210938,161.97000122070312,159.25,159.38999938964844,301600
2022-08-11,152.14630126953125,163.44000244140625,163.9600067138672,162.22999572753906,163.0800018310547,402100
2022-08-12,154.79005432128906,166.27999877929688,166.2899932861328,163.55999755859375,163.8699951171875,374000
2022-08-15,155.70233154296875,167.25999450683594,167.8800048828125,164.30999755859375,165.00999450683594,343700
2022-08-16,158.46710205078125,170.22999572753906,170.75,166.7100067138672,166.83999633789062,398000
2022-08-17,159.68661499023438,171.5399932861328,172.99000549316406,169.1999969482422,169.1999969482422,447800
2022-08-18,159.91000366210938,171.77999877929688,172.27000427246094,171.02999877929688,172.08999633789062,287100
2022-08-19,159.9751739501953,171.85000610351562,172.64999389648438,171.0500030517578,171.77999877929688,518700
2022-08-22,153.4495849609375,164.83999633789062,170.22000122070312,164.63999938964844,170.0399932861328,423800
2022-08-23,152.6396942138672,163.97000122070312,165.47000122070312,163.72000122070312,164.97999572753906,340600
2022-08-24,153.133056640625,164.5,164.9199981689453,162.89999389648438,163.57000732421875,329400
2022-08-25,154.31529235839844,165.77000427246094,165.8300018310547,164.1199951171875,164.5800018310547,275200
2022-08-26,151.00634765625,161.5500030517578,165.22999572753906,161.52999877929688,165.22999572753906,343500
2022-08-29,150.53897094726562,161.0500030517578,162.02000427246094,158.97999572753906,160.3800048828125,196500
2022-08-30,147.84693908691406,158.1699981689453,160.99000549316406,157.75999450683594,160.89999389648438,349400
2022-08-31,148.14608764648438,158.49000549316406,159.17999267578125,157.0399932861328,158.52999877929688,564400
2022-09-01,149.55751037597656,160.0,160.0800018310547,156.80999755859375,157.9600067138672,368300
2022-09-02,148.529296875,158.89999389648438,163.0500030517578,158.24000549316406,161.4499969482422,222600
2022-09-06,148.30494689941406,158.66000366210938,160.5,158.00999450683594,159.66000366210938,283100
2022-09-07,151.5858917236328,162.1699981689453,162.33999633789062,158.58999633789062,158.99000549316406,289700
2022-09-08,153.68902587890625,164.4199981689453,164.5500030517578,160.49000549316406,161.8000030517578,446200
2022-09-09,153.01605224609375,163.6999969482422,165.83999633789062,163.5800018310547,164.77000427246094,314500
2022-09-12,152.8197479248047,163.49000549316406,165.13999938964844,162.75,164.25999450683594,348000
2022-09-13,148.14608764648438,158.49000549316406,162.52999877929688,158.0399932861328,161.5,347600
2022-09-14,145.74378967285156,155.9199981689453,158.41000366210938,154.3699951171875,158.41000366210938,457800
2022-09-15,145.59422302246094,155.75999450683594,157.52999877929688,154.82000732421875,155.77999877929688,403600
2022-09-16,144.7249298095703,154.8300018310547,155.7100067138672,153.6699981689453,155.2899932861328,635700
2022-09-19,144.89317321777344,155.00999450683594,155.52999877929688,153.50999450683594,154.02000427246094,318800
2022-09-20,140.94859313964844,150.7899932861328,153.91000366210938,148.52000427246094,153.3800048828125,386200
2022-09-21,138.33135986328125,147.99000549316406,152.66000366210938,147.97999572753906,151.77999877929688,351400
2022-09-22,138.96697998046875,148.6699981689453,149.38999938964844,145.99000549316406,147.6300048828125,361500
2022-09-23,138.24722290039062,147.89999389648438,148.3699951171875,145.77999877929688,147.5,331500
2022-09-26,136.63015747070312,146.1699981689453,148.92999267578125,144.6199951171875,147.0800018310547,524700
2022-09-27,137.83595275878906,147.4600067138672,148.5,145.5399932861328,147.33999633789062,376300
2022-09-28,139.70541381835938,149.4600067138672,150.41000366210938,148.05999755859375,148.4600067138672,464600
2022-09-29,138.10702514648438,147.75,149.35000610351562,146.3800048828125,148.69000244140625,462800
2022-09-30,135.78890991210938,145.27000427246094,149.35000610351562,145.02000427246094,148.1300048828125,537000
2022-10-03,139.91104125976562,149.67999267578125,150.05999755859375,145.25999450683594,146.75999450683594,286100
2022-10-04,142.9582977294922,152.94000244140625,152.97000122070312,150.50999450683594,150.50999450683594,341900
2022-10-05,142.0142059326172,151.92999267578125,152.6699981689453,150.85000610351562,151.1199951171875,290600
2022-10-06,140.14471435546875,149.92999267578125,152.82000732421875,149.1999969482422,151.50999450683594,438700
2022-10-07,138.0509490966797,147.69000244140625,148.8300018310547,146.42999267578125,148.8300018310547,331700
2022-10-10,139.80825805664062,149.57000732421875,150.1999969482422,148.00999450683594,148.60000610351562,240800
2022-10-11,140.31300354003906,150.11000061035156,152.64999389648438,148.72999572753906,149.33999633789062,305000
2022-10-12,136.99468994140625,146.55999755859375,149.69000244140625,146.42999267578125,149.63999938964844,313100
2022-10-13,141.91139221191406,151.82000732421875,152.27000427246094,143.75999450683594,144.9600067138672,433300
2022-10-14,137.733154296875,147.35000610351562,153.39999389648438,147.13999938964844,152.57000732421875,436700
2022-10-17,141.63095092773438,151.52000427246094,151.9199981689453,149.07000732421875,149.5500030517578,340900
2022-10-18,144.35104370117188,154.42999267578125,155.08999633789062,153.1999969482422,154.25,329500
2022-10-19,142.0703125,151.99000549316406,155.4499969482422,151.25999450683594,154.0800018310547,365300
2022-10-20,135.81692504882812,145.3000030517578,150.13999938964844,144.85000610351562,150.13999938964844,392600
2022-10-21,137.32183837890625,146.91000366210938,147.6300048828125,145.05999755859375,145.72999572753906,407500
2022-10-24,140.7803192138672,150.61000061035156,150.72000122070312,148.19000244140625,148.32000732421875,304500
2022-10-25,142.77133178710938,152.74000549316406,152.75999450683594,149.07000732421875,149.77000427246094,385700
2022-10-26,127.82494354248047,136.75,151.57000732421875,133.7100067138672,150.55999755859375,1666600
2022-10-27,123.56253814697266,132.19000244140625,139.1199951171875,131.22000122070312,136.55999755859375,1333000
2022-10-28,125.8993911743164,134.69000244140625,134.8300018310547,130.00999450683594,132.75,890700
2022-10-31,126.99303436279297,135.86000061035156,135.91000366210938,133.5800018310547,134.5500030517578,678800
2022-11-01,125.90873718261719,134.6999969482422,136.63999938964844,133.4600067138672,136.63999938964844,714400
2022-11-02,122.46890258789062,131.02000427246094,136.3300018310547,130.11000061035156,133.08999633789062,860900
2022-11-03,115.35558319091797,123.41000366210938,128.5500030517578,123.22000122070312,128.13999938964844,739400
2022-11-04,113.30850982666016,121.22000122070312,124.83999633789062,119.8499984741211,124.83999633789062,1085100
2022-11-07,112.85052490234375,120.7300033569336,121.43000030517578,119.01000213623047,121.22000122070312,1168600
2022-11-08,114.97233581542969,123.0,124.05000305175781,120.68000030517578,121.26000213623047,945100
2022-11-09,114.61714172363281,122.62000274658203,124.55999755859375,121.86000061035156,122.4800033569336,532600
2022-11-10,118.39347839355469,126.66000366210938,127.86000061035156,124.86000061035156,125.98999786376953,534500
2022-11-11,119.78620910644531,128.14999389648438,128.38999938964844,126.02999877929688,127.52999877929688,493400
2022-11-14,116.61746978759766,124.76000213623047,128.1699981689453,124.75,128.1300048828125,664200
2022-11-15,116.48660278320312,124.62000274658203,127.0,124.19000244140625,126.29000091552734,404000
2022-11-16,117.55220031738281,125.76000213623047,126.43000030517578,122.80000305175781,124.72000122070312,436200
2022-11-17,115.4023208618164,123.45999908447266,125.33000183105469,123.11000061035156,124.63999938964844,538700
2022-11-18,116.79505920410156,124.94999694824219,125.62999725341797,122.62999725341797,125.19000244140625,1533200
2022-11-21,118.24390411376953,126.5,126.7699966430664,125.12999725341797,125.41000366210938,643000
2022-11-22,118.87953186035156,127.18000030517578,127.55000305175781,126.0999984741211,127.13999938964844,368600
2022-11-23,118.74866485595703,127.04000091552734,128.1199951171875,126.22000122070312,126.88999938964844,520700
2022-11-25,120.76948547363281,128.49000549316406,128.67999267578125,127.25,127.62000274658203,225400
2022-11-28,117.69596862792969,125.22000122070312,127.63999938964844,123.55999755859375,125.75,567300
2022-11-29,118.795654296875,126.38999938964844,127.43000030517578,124.83000183105469,124.83999633789062,472400
2022-11-30,120.51571655273438,128.22000122070312,128.27999877929688,124.02999877929688,125.91999816894531,1627500
2022-12-01,120.31832122802734,128.00999450683594,129.2899932861328,127.30999755859375,129.1699981689453,567500
2022-12-02,120.76007843017578,128.47999572753906,128.57000732421875,126.7699966430664,127.05999755859375,546800
2022-12-05,121.7657699584961,129.5500030517578,129.60000610351562,126.9800033569336,127.55000305175781,802200
2022-12-06,121.54019927978516,129.30999755859375,130.99000549316406,127.70999908447266,130.0,583800
2022-12-07,121.29584503173828,129.0500030517578,130.63999938964844,127.97000122070312,129.3300018310547,870300
2022-12-08,122.2169418334961,130.02999877929688,130.94000244140625,128.77999877929688,129.69000244140625,557500
2022-12-09,122.52713012695312,130.36000061035156,132.6199951171875,129.91000366210938,129.91000366210938,569600
2022-12-12,124.16255950927734,132.10000610351562,132.2899932861328,129.14999389648438,130.41000366210938,566400
2022-12-13,122.5459213256836,130.3800048828125,134.9600067138672,129.60000610351562,134.89999389648438,635200
2022-12-14,118.09073638916016,125.63999938964844,130.35000610351562,125.63999938964844,129.83999633789062,569700
2022-12-15,117.51737213134766,125.02999877929688,126.0199966430664,123.12999725341797,124.22000122070312,542200
2022-12-16,116.19210052490234,123.62000274658203,124.73999786376953,122.5199966430664,123.47000122070312,982800
2022-12-19,115.56236267089844,122.94999694824219,123.87000274658203,121.1500015258789,122.9800033569336,350600
2022-12-20,114.71644592285156,122.05000305175781,123.43000030517578,121.41999816894531,122.80000305175781,314400
2022-12-21,116.10751342773438,123.52999877929688,123.72000122070312,122.2699966430664,122.73999786376953,355800
2022-12-22,115.5811538696289,122.97000122070312,123.98999786376953,121.33000183105469,122.86000061035156,319800
2022-12-23,117.51737213134766,125.02999877929688,125.12999725341797,122.45999908447266,122.98999786376953,203600
2022-12-27,117.08502197265625,124.56999969482422,125.58999633789062,124.0,125.58999633789062,204800
2022-12-28,116.51168060302734,123.95999908447266,125.33000183105469,123.7300033569336,125.13999938964844,330600
2022-12-29,119.02124786376953,126.62999725341797,126.63999938964844,124.30000305175781,124.66000366210938,289600
2022-12-30,117.54557800292969,125.05999755859375,127.08999633789062,124.0199966430664,126.2699966430664,277700
2023-01-03,119.66979217529297,127.31999969482422,128.47999572753906,125.2300033569336,125.5199966430664,335300
2023-01-04,121.33341979980469,129.08999633789062,129.38999938964844,127.5199966430664,128.05999755859375,320700
2023-01-05,118.5794906616211,126.16000366210938,128.72000122070312,126.16000366210938,128.72000122070312,354300
2023-01-06,120.86347961425781,128.58999633789062,128.64999389648438,124.91999816894531,127.05999755859375,460100
2023-01-09,117.59256744384766,125.11000061035156,128.3699951171875,125.08000183105469,128.24000549316406,371300
2023-01-10,118.91786193847656,126.5199966430664,128.2100067138672,124.7699966430664,125.4800033569336,404900
2023-01-11,118.98365020751953,126.58999633789062,126.9000015258789,124.19999694824219,126.5199966430664,611100
2023-01-12,118.4291000366211,126.0,127.06999969482422,124.11000061035156,127.06999969482422,607300
2023-01-13,121.01387023925781,128.75,128.9600067138672,124.27999877929688,125.19999694824219,389400
2023-01-17,120.30891418457031,128.0,129.16000366210938,125.29000091552734,128.42999267578125,521500
2023-01-18,119.54759979248047,127.19000244140625,128.4600067138672,126.13999938964844,128.3300018310547,378100
2023-01-19,118.29750061035156,125.86000061035156,126.98999786376953,124.98999786376953,126.62999725341797,360400
2023-01-20,121.16425323486328,128.91000366210938,128.97000122070312,125.18000030517578,126.3499984741211,390000
2023-01-23,122.03837585449219,129.83999633789062,130.47999572753906,128.27000427246094,128.99000549316406,200200
2023-01-24,121.09846496582031,128.83999633789062,130.6999969482422,128.80999755859375,129.4499969482422,204000
2023-01-25,122.82787322998047,130.67999267578125,130.6999969482422,128.0,128.0500030517578,375200
2023-01-26,122.9218978881836,130.77999877929688,131.77999877929688,130.02999877929688,131.4600067138672,208600
2023-01-27,122.51771545410156,130.35000610351562,130.97000122070312,129.72999572753906,130.80999755859375,246100
2023-01-30,122.7057113647461,130.5500030517578,132.82000732421875,130.19000244140625,130.19000244140625,306300
2023-01-31,124.62316131591797,132.58999633789062,132.69000244140625,130.2100067138672,131.02999877929688,535800
2023-02-01,124.30357360839844,132.25,133.42999267578125,131.0800018310547,132.17999267578125,427300
2023-02-02,125.55361938476562,133.5800018310547,134.8000030517578,130.42999267578125,132.4600067138672,464300
2023-02-03,125.60066223144531,133.6300048828125,133.67999267578125,130.88999938964844,132.91000366210938,298500
2023-02-06,125.13068389892578,133.1300048828125,133.6699981689453,132.07000732421875,133.6699981689453,271100
2023-02-07,127.49928283691406,135.64999389648438,136.1999969482422,131.5399932861328,132.5399932861328,491700
2023-02-08,123.47644805908203,131.3699951171875,133.0,129.38999938964844,131.0,827900
2023-02-09,124.20018005371094,132.13999938964844,134.5,130.97999572753906,131.5399932861328,581800
2023-02-10,125.39386749267578,133.41000366210938,134.05999755859375,131.66000366210938,131.9199981689453,497200
2023-02-13,125.54426574707031,133.57000732421875,134.77000427246094,132.36000061035156,132.8000030517578,483800
2023-02-14,122.42374420166016,130.25,134.14999389648438,130.22999572753906,133.60000610351562,295300
2023-02-15,124.02159118652344,131.9499969482422,131.97000122070312,128.85000610351562,129.6699981689453,491700
2023-02-16,124.95211791992188,132.94000244140625,133.58999633789062,130.8800048828125,130.8800048828125,259700
2023-02-17,124.45392608642578,132.41000366210938,133.30999755859375,131.8000030517578,132.9499969482422,243900
2023-02-21,123.64561462402344,131.5500030517578,131.9199981689453,130.2100067138672,131.5399932861328,323800
2023-02-22,122.62112426757812,130.4600067138672,131.97999572753906,130.10000610351562,131.75,406700
2023-02-23,120.50630950927734,128.2100067138672,131.38999938964844,127.16000366210938,130.22000122070312,468400
2023-02-24,120.95050048828125,127.9800033569336,128.41000366210938,126.04000091552734,126.95999908447266,293700
2023-02-27,120.36454010009766,127.36000061035156,129.72999572753906,126.98999786376953,128.5500030517578,390600
2023-02-28,120.39290618896484,127.38999938964844,128.39999389648438,126.83000183105469,127.33999633789062,372600
2023-03-01,119.50452423095703,126.44999694824219,127.44000244140625,125.5199966430664,126.69000244140625,270600
2023-03-02,118.89968872070312,125.80999755859375,127.02999877929688,125.05000305175781,126.05999755859375,339300
2023-03-03,119.49508666992188,126.44000244140625,126.5999984741211,125.30000305175781,125.94999694824219,259500
2023-03-06,117.274169921875,124.08999633789062,126.97000122070312,123.41000366210938,126.94000244140625,420100
2023-03-07,114.86422729492188,121.54000091552734,124.2699966430664,120.8499984741211,123.95999908447266,288700
2023-03-08,115.35565185546875,122.05999755859375,122.83999633789062,121.05000305175781,121.91000366210938,412400
2023-03-09,113.29539489746094,119.87999725341797,122.73999786376953,119.48999786376953,122.73999786376953,462700
2023-03-10,110.33732604980469,116.75,119.06999969482422,115.27999877929688,118.83999633789062,491000
2023-03-13,106.79328918457031,113.0,114.66999816894531,110.4800033569336,114.66000366210938,570400
2023-03-14,107.2091293334961,113.44000244140625,117.87999725341797,112.37999725341797,116.26000213623047,465000
2023-03-15,105.11107635498047,111.22000122070312,111.62000274658203,109.7699966430664,110.38999938964844,474400
2023-03-16,104.87480163574219,110.97000122070312,111.79000091552734,106.87999725341797,110.5,866700
2023-03-17,99.15709686279297,104.91999816894531,110.38999938964844,104.48999786376953,110.38999938964844,1276300
2023-03-20,105.08271789550781,111.19000244140625,111.63999938964844,106.06999969482422,106.06999969482422,677400
2023-03-21,110.0443344116211,116.44000244140625,118.73999786376953,115.12000274658203,116.19999694824219,638000
2023-03-22,107.26583099365234,113.5,116.94000244140625,113.5,116.31999969482422,313900
2023-03-23,106.1317367553711,112.30000305175781,113.9000015258789,110.86000061035156,113.18000030517578,480900
2023-03-24,106.575927734375,112.7699966430664,113.0999984741211,110.44000244140625,110.83000183105469,387200
2023-03-27,108.0785903930664,114.36000061035156,115.69999694824219,113.72000122070312,114.61000061035156,440200
2023-03-28,109.77025604248047,116.1500015258789,116.33000183105469,113.94999694824219,113.94999694824219,509400
2023-03-29,111.7076644897461,118.19999694824219,118.5999984741211,116.44999694824219,117.83999633789062,469000
2023-03-30,112.13296508789062,118.6500015258789,119.61000061035156,117.88999938964844,118.86000061035156,490900
2023-03-31,113.47496032714844,120.06999969482422,120.58999633789062,118.83999633789062,119.4800033569336,476200
2023-04-03,112.27471160888672,118.80000305175781,121.08999633789062,118.36000061035156,120.04000091552734,462800
2023-04-04,111.08392333984375,117.54000091552734,119.33999633789062,115.83000183105469,118.98999786376953,432700
2023-04-05,112.24636840820312,118.7699966430664,119.1500015258789,116.52999877929688,116.61000061035156,524900
2023-04-06,111.83052825927734,118.33000183105469,119.54000091552734,117.61000061035156,119.22000122070312,420100
2023-04-10,112.84175109863281,119.4000015258789,119.66999816894531,117.80999755859375,118.33000183105469,295800
2023-04-11,112.97406005859375,119.54000091552734,120.91999816894531,119.37000274658203,119.62000274658203,431500
2023-04-12,110.7342529296875,117.16999816894531,120.55000305175781,117.0199966430664,119.80000305175781,475300
2023-04-13,111.6793212890625,118.16999816894531,119.33999633789062,116.30999755859375,116.88999938964844,420800
2023-04-14,109.73246765136719,116.11000061035156,118.83000183105469,115.52999877929688,118.45999908447266,365200
2023-04-17,112.49209594726562,119.02999877929688,119.0999984741211,115.5,116.22000122070312,370500
2023-04-18,110.80985260009766,117.25,119.02999877929688,117.01000213623047,118.83999633789062,301700
2023-04-19,112.37866973876953,118.91000366210938,118.93000030517578,115.41000366210938,116.37999725341797,484800
2023-04-20,110.50743865966797,116.93000030517578,119.0199966430664,116.55000305175781,118.80000305175781,335700
2023-04-21,110.80985260009766,117.25,117.56999969482422,115.43000030517578,116.72000122070312,289700
2023-04-24,110.76260375976562,117.19999694824219,117.8499984741211,116.19999694824219,117.26000213623047,222500
2023-04-25,110.17665100097656,116.58000183105469,117.29000091552734,116.05000305175781,116.44999694824219,286900
2023-04-26,110.1483154296875,116.55000305175781,117.5,115.7699966430664,115.88999938964844,387700
2023-04-27,113.37100219726562,119.95999908447266,120.11000061035156,116.45999908447266,117.18000030517578,440000
2023-04-28,116.36688232421875,123.12999725341797,124.05999755859375,120.08000183105469,120.30999755859375,477700
2023-05-01,116.2912826538086,123.05000305175781,123.9000015258789,122.4800033569336,122.4800033569336,364100
2023-05-02,114.18378448486328,120.81999969482422,122.66000366210938,119.22000122070312,122.63999938964844,548700
2023-05-03,124.77803802490234,132.02999877929688,134.5399932861328,124.5,126.23999786376953,835500
2023-05-04,123.19976806640625,130.36000061035156,133.22999572753906,130.11000061035156,131.3000030517578,586500
2023-05-05,123.74790954589844,130.94000244140625,134.82000732421875,130.69000244140625,132.5500030517578,403000
2023-05-08,124.41888427734375,131.64999389648438,132.25999450683594,130.88999938964844,131.85000610351562,238700
2023-05-09,123.39823913574219,130.57000732421875,132.5,130.5399932861328,131.44000244140625,344900
2023-05-10,122.11295318603516,129.2100067138672,131.27000427246094,128.36000061035156,131.27000427246094,292800
2023-05-11,122.2168960571289,129.32000732421875,129.4600067138672,127.9000015258789,128.35000610351562,286100
2023-05-12,122.46261596679688,129.5800018310547,129.99000549316406,127.29000091552734,129.99000549316406,297300
2023-05-15,123.48328399658203,130.66000366210938,130.80999755859375,129.1300048828125,130.22000122070312,372900
2023-05-16,122.35865020751953,129.47000122070312,130.8000030517578,129.39999389648438,130.38999938964844,232500
2023-05-17,122.93516540527344,130.0800018310547,131.52000427246094,129.41000366210938,129.9199981689453,338600
2023-05-18,124.55121612548828,131.7899932861328,132.07000732421875,128.9499969482422,129.92999267578125,442900
2023-05-19,121.89556121826172,128.97999572753906,132.72999572753906,127.98999786376953,132.72999572753906,329400
2023-05-22,122.07511901855469,129.1699981689453,129.77000427246094,127.73999786376953,128.97999572753906,265700
2023-05-23,122.25469207763672,129.36000061035156,129.89999389648438,128.0500030517578,128.8000030517578,331900
2023-05-24,119.08871459960938,126.01000213623047,128.92999267578125,125.76000213623047,128.92999267578125,398600
2023-05-25,118.27593231201172,125.1500015258789,126.66999816894531,123.91999816894531,126.12000274658203,430500
2023-05-26,118.5895767211914,124.77999877929688,125.11000061035156,123.72000122070312,124.08999633789062,292000
2023-05-30,117.648681640625,123.79000091552734,124.94999694824219,121.81999969482422,124.52999877929688,340000
2023-05-31,114.03719329833984,119.98999786376953,123.1500015258789,118.44999694824219,121.91999816894531,956300
2023-06-01,114.90206146240234,120.9000015258789,121.19000244140625,119.69999694824219,120.83999633789062,282600
2023-06-02,117.30653381347656,123.43000030517578,124.36000061035156,121.72000122070312,121.86000061035156,267300
2023-06-05,117.01190185546875,123.12000274658203,125.25,122.29000091552734,123.62999725341797,444100
2023-06-06,118.74163818359375,124.94000244140625,125.18000030517578,122.6500015258789,123.30999755859375,348000
2023-06-07,120.04365539550781,126.30999755859375,126.98999786376953,123.98999786376953,125.08000183105469,295900
2023-06-08,119.492431640625,125.7300033569336,126.54000091552734,124.37999725341797,126.2699966430664,289800
2023-06-09,119.29285430908203,125.5199966430664,126.52999877929688,124.45999908447266,125.61000061035156,325500
2023-06-12,119.39739990234375,125.62999725341797,125.80999755859375,123.31999969482422,124.75,344800
2023-06-13,123.85472869873047,130.32000732421875,131.64999389648438,127.16999816894531,128.47999572753906,515700
2023-06-14,122.70474243164062,129.11000061035156,131.07000732421875,128.72999572753906,130.4199981689453,465300
2023-06-15,122.36261749267578,128.75,129.3699951171875,127.70999908447266,128.6199951171875,405700
2023-06-16,124.9191665649414,131.44000244140625,131.6199951171875,129.3300018310547,129.35000610351562,1246700
2023-06-20,122.98987579345703,129.41000366210938,131.5800018310547,129.27999877929688,131.2899932861328,397900
2023-06-21,124.82411193847656,131.33999633789062,131.89999389648438,128.3300018310547,128.77999877929688,349800
2023-06-22,124.76710510253906,131.27999877929688,131.50999450683594,130.25999450683594,131.3800048828125,477500
2023-06-23,117.66768646240234,123.80999755859375,129.4600067138672,123.16000366210938,128.49000549316406,762900
2023-06-26,120.0911865234375,126.36000061035156,126.7300033569336,122.94999694824219,124.19000244140625,605000
2023-06-27,118.7796401977539,124.9800033569336,127.16999816894531,124.88999938964844,126.80000305175781,406900
2023-06-28,117.99079895019531,124.1500015258789,124.48999786376953,121.51000213623047,124.48999786376953,509900
2023-06-29,118.34246063232422,124.5199966430664,125.45999908447266,123.83999633789062,124.18000030517578,379400
2023-06-30,119.48291778564453,125.72000122070312,126.87999725341797,124.7300033569336,125.13999938964844,350800
2023-07-03,119.59696960449219,125.83999633789062,127.2699966430664,124.58000183105469,125.05000305175781,137600
2023-07-05,118.05734252929688,124.22000122070312,125.29000091552734,122.94999694824219,124.87000274658203,440800
2023-07-06,118.48502349853516,124.66999816894531,124.77999877929688,122.41999816894531,123.27999877929688,324200
2023-07-07,119.61597442626953,125.86000061035156,127.58999633789062,124.2699966430664,124.2699966430664,528600
2023-07-10,119.78705596923828,126.04000091552734,127.19000244140625,125.33000183105469,125.33000183105469,297100
2023-07-11,120.25274658203125,126.52999877929688,126.94000244140625,125.6500015258789,126.11000061035156,216500
2023-07-12,120.72793579101562,127.02999877929688,128.32000732421875,126.76000213623047,127.69999694824219,387800
2023-07-13,121.26966094970703,127.5999984741211,128.35000610351562,125.9800033569336,126.25,340100
2023-07-14,119.71102142333984,125.95999908447266,127.69000244140625,124.8499984741211,127.69000244140625,269400
2023-07-17,118.46601867675781,124.6500015258789,126.29000091552734,124.22000122070312,124.80000305175781,392900
2023-07-18,120.20523071289062,126.4800033569336,127.25,124.30999755859375,124.55999755859375,338400
2023-07-19,121.6593246459961,128.00999450683594,128.74000549316406,125.88999938964844,126.22000122070312,271100
2023-07-20,123.04689025878906,129.47000122070312,129.57000732421875,127.22000122070312,128.8699951171875,369900
2023-07-21,123.11341857910156,129.5399932861328,130.0,128.4199981689453,129.97999572753906,309800
2023-07-24,124.03528594970703,130.50999450683594,131.27999877929688,129.11000061035156,129.77000427246094,259900
2023-07-25,123.18943786621094,129.6199951171875,131.10000610351562,129.5399932861328,130.22000122070312,239600
2023-07-26,125.99310302734375,132.57000732421875,132.6199951171875,129.85000610351562,129.85000610351562,211900
2023-07-27,128.05543518066406,134.74000549316406,135.0500030517578,132.6300048828125,132.88999938964844,454600
2023-07-28,126.65835571289062,133.27000427246094,138.25999450683594,132.8300018310547,136.8699951171875,540800
2023-07-31,127.8368148803711,134.50999450683594,135.1699981689453,133.1300048828125,133.97000122070312,324700
2023-08-01,128.3405303955078,135.0399932861328,135.4600067138672,133.33999633789062,134.3300018310547,460900
2023-08-02,135.67758178710938,142.75999450683594,144.2100067138672,134.99000549316406,140.0,950400
2023-08-03,134.66065979003906,141.69000244140625,143.2899932861328,139.22000122070312,142.47000122070312,568900
2023-08-04,134.74618530273438,141.77999877929688,145.17999267578125,141.35000610351562,142.5800018310547,313500
2023-08-07,135.05029296875,142.10000610351562,144.10000610351562,141.80999755859375,142.4600067138672,261600
2023-08-08,135.9912109375,143.08999633789062,143.30999755859375,140.41000366210938,141.05999755859375,273100
2023-08-09,133.79579162597656,140.77999877929688,142.77000427246094,140.52000427246094,142.64999389648438,297200
2023-08-10,134.09039306640625,141.08999633789062,142.33999633789062,140.02999877929688,141.27000427246094,239000
2023-08-11,136.04820251464844,143.14999389648438,143.25,140.8699951171875,140.8699951171875,170300
2023-08-14,136.13375854492188,143.24000549316406,143.92999267578125,141.8699951171875,143.00999450683594,297300
2023-08-15,133.9668731689453,140.9600067138672,141.94000244140625,140.25999450683594,141.8699951171875,186200
2023-08-16,134.73667907714844,141.77000427246094,142.24000549316406,140.33999633789062,140.6199951171875,205000
2023-08-17,134.94577026367188,141.99000549316406,142.67999267578125,141.69000244140625,142.1999969482422,314200
2023-08-18,133.72927856445312,140.7100067138672,142.47000122070312,140.58999633789062,141.30999755859375,271800
2023-08-21,134.50860595703125,141.52999877929688,142.72999572753906,140.82000732421875,140.82000732421875,409100
2023-08-22,132.0565643310547,138.9499969482422,142.08999633789062,138.24000549316406,141.22000122070312,220900
2023-08-23,132.26568603515625,139.1699981689453,140.41000366210938,138.57000732421875,139.3800048828125,373700
2023-08-24,133.41563415527344,140.3800048828125,140.88999938964844,138.89999389648438,138.99000549316406,231200
2023-08-25,132.50823974609375,138.72999572753906,140.75999450683594,138.25,140.14999389648438,226600
2023-08-28,132.25035095214844,138.4600067138672,139.75999450683594,137.0800018310547,138.9600067138672,388400
2023-08-29,133.13864135742188,139.38999938964844,139.47999572753906,136.14999389648438,138.7100067138672,243600
2023-08-30,132.756591796875,138.99000549316406,140.3000030517578,138.6699981689453,139.38999938964844,228200
2023-08-31,133.08135986328125,139.3300018310547,139.61000061035156,138.00999450683594,139.61000061035156,419500
2023-09-01,133.7404022216797,140.02000427246094,141.25,139.9600067138672,140.14999389648438,232700
2023-09-05,132.11663818359375,138.32000732421875,141.3000030517578,138.27999877929688,139.61000061035156,324900
2023-09-06,131.7918701171875,137.97999572753906,138.61000061035156,137.07000732421875,138.32000732421875,336100
2023-09-07,131.41937255859375,137.58999633789062,139.27000427246094,137.07000732421875,138.35000610351562,438900
2023-09-08,132.1548614501953,138.36000061035156,139.10000610351562,136.8800048828125,138.0,255100
2023-09-11,133.23416137695312,139.49000549316406,140.55999755859375,138.7100067138672,138.7100067138672,217100
2023-09-12,134.71461486816406,141.0399932861328,141.97000122070312,139.42999267578125,139.63999938964844,233100
2023-09-13,132.61328125,138.83999633789062,141.44000244140625,138.27999877929688,141.44000244140625,234900
2023-09-14,134.46630859375,140.77999877929688,141.17999267578125,139.63999938964844,140.25999450683594,285400
2023-09-15,132.43182373046875,138.64999389648438,140.5500030517578,137.7100067138672,139.94000244140625,1119300
2023-09-18,133.98870849609375,140.27999877929688,140.61000061035156,137.5,138.67999267578125,232500
2023-09-19,134.41856384277344,140.72999572753906,141.30999755859375,140.17999267578125,140.35000610351562,206700
2023-09-20,135.34506225585938,141.6999969482422,142.6999969482422,141.19000244140625,141.19000244140625,190100
2023-09-21,136.62493896484375,143.0399932861328,143.42999267578125,141.3000030517578,141.42999267578125,360500
2023-09-22,138.51612854003906,145.02000427246094,145.85000610351562,143.52000427246094,143.6300048828125,374900
2023-09-25,141.05686950683594,147.67999267578125,148.38999938964844,144.85000610351562,144.85000610351562,419700
2023-09-26,139.68145751953125,146.24000549316406,148.5399932861328,146.24000549316406,147.38999938964844,444300
2023-09-27,139.22296142578125,145.75999450683594,146.7899932861328,143.77999877929688,146.35000610351562,411100
2023-09-28,137.81890869140625,144.2899932861328,146.77999877929688,143.94000244140625,146.3000030517578,273100
2023-09-29,137.14073181152344,143.5800018310547,145.50999450683594,143.5,144.49000549316406,272500
2023-10-02,137.93348693847656,144.41000366210938,144.67999267578125,141.8300018310547,143.42999267578125,512400
2023-10-03,136.8064422607422,143.22999572753906,144.74000549316406,142.25,144.74000549316406,249700
2023-10-04,137.98126220703125,144.4600067138672,145.52999877929688,142.00999450683594,143.0500030517578,320500
2023-10-05,139.44264221191406,145.99000549316406,147.0800018310547,144.5399932861328,144.6199951171875,351400
2023-10-06,139.0128173828125,145.5399932861328,146.82000732421875,144.63999938964844,145.63999938964844,307900
2023-10-09,139.06057739257812,145.58999633789062,146.25,144.88999938964844,145.1699981689453,257500
2023-10-10,139.39486694335938,145.94000244140625,146.57000732421875,145.3800048828125,145.99000549316406,220700
2023-10-11,140.21632385253906,146.8000030517578,147.36000061035156,145.7899932861328,146.17999267578125,234500
2023-10-12,140.45510864257812,147.0500030517578,147.27999877929688,145.0,146.9600067138672,193800
2023-10-13,141.4866943359375,148.1300048828125,148.88999938964844,147.2100067138672,147.94000244140625,196700
2023-10-16,143.12954711914062,149.85000610351562,151.0500030517578,149.0399932861328,149.0399932861328,285400
2023-10-17,146.7973175048828,153.69000244140625,153.89999389648438,149.69000244140625,149.69000244140625,298500
2023-10-18,145.3932647705078,152.22000122070312,153.1300048828125,151.85000610351562,153.0500030517578,228400
2023-10-19,142.38450622558594,149.07000732421875,152.3800048828125,148.8699951171875,151.6699981689453,235700
2023-10-20,139.43309020996094,145.97999572753906,149.85000610351562,144.61000061035156,149.85000610351562,299500
2023-10-23,138.89817810058594,145.4199981689453,146.77000427246094,144.74000549316406,146.0399932861328,293800
2023-10-24,140.2640380859375,146.85000610351562,147.57000732421875,145.58999633789062,146.39999389648438,288800
2023-10-25,142.31764221191406,149.0,150.3300018310547,147.19000244140625,147.19000244140625,404000
2023-10-26,142.0406951904297,148.7100067138672,151.0,148.55999755859375,149.5800018310547,326500
2023-10-27,139.49038696289062,146.0399932861328,148.47999572753906,145.47999572753906,148.24000549316406,365500
2023-10-30,139.86289978027344,146.42999267578125,147.9600067138672,146.38999938964844,146.5399932861328,458700
2023-10-31,142.22213745117188,148.89999389648438,149.08999633789062,146.42999267578125,146.6999969482422,431200
2023-11-01,159.0137176513672,166.47999572753906,167.80999755859375,157.9199981689453,158.74000549316406,1064400
2023-11-02,156.44435119628906,163.7899932861328,166.14999389648438,161.22000122070312,164.97000122070312,695800
2023-11-03,156.16737365722656,163.5,165.0399932861328,162.41000366210938,164.74000549316406,665200
2023-11-06,154.35256958007812,161.60000610351562,164.22000122070312,160.42999267578125,163.49000549316406,371200
2023-11-07,152.0315704345703,159.1699981689453,161.82000732421875,158.8300018310547,161.08999633789062,586000
2023-11-08,152.37538146972656,159.52999877929688,161.72000122070312,158.2899932861328,161.05999755859375,432700
2023-11-09,153.99916076660156,161.22999572753906,161.91000366210938,158.67999267578125,159.9199981689453,456800
2023-11-10,155.74708557128906,163.05999755859375,164.14999389648438,161.50999450683594,163.5,258900
2023-11-13,155.01162719726562,162.2899932861328,164.1199951171875,162.02000427246094,163.1300048828125,208600
2023-11-14,155.7566375732422,163.07000732421875,163.5,161.2899932861328,162.49000549316406,383900
2023-11-15,152.65240478515625,159.82000732421875,162.36000061035156,159.75,161.63999938964844,481800
2023-11-16,152.76699829101562,159.94000244140625,160.7899932861328,159.32000732421875,160.4199981689453,376900
2023-11-17,154.0469207763672,161.27999877929688,161.33999633789062,160.14999389648438,160.33999633789062,287100
2023-11-20,154.76327514648438,162.02999877929688,162.52999877929688,160.55999755859375,161.0,449100
2023-11-21,157.3994903564453,164.7899932861328,166.08999633789062,162.4199981689453,162.49000549316406,578400
2023-11-22,156.58761596679688,163.94000244140625,164.6300048828125,163.10000610351562,164.38999938964844,303800
2023-11-24,159.06277465820312,165.8000030517578,165.8000030517578,163.24000549316406,164.55999755859375,158800
2023-11-27,161.53794860839844,168.3800048828125,168.44000244140625,165.1999969482422,165.5,377100
2023-11-28,157.3455352783203,164.00999450683594,168.9600067138672,163.89999389648438,168.17999267578125,403500
2023-11-29,157.14405822753906,163.8000030517578,164.7899932861328,163.36000061035156,163.36000061035156,398400
2023-11-30,161.1925811767578,168.02000427246094,168.0500030517578,163.58999633789062,163.58999633789062,1135200
2023-12-01,161.46119689941406,168.3000030517578,169.02999877929688,167.3000030517578,167.38999938964844,412900
2023-12-04,164.46400451660156,171.42999267578125,171.5800018310547,167.74000549316406,167.74000549316406,365200
2023-12-05,164.4064483642578,171.3699951171875,172.27999877929688,170.55999755859375,171.3800048828125,389500
2023-12-06,162.97702026367188,169.8800048828125,172.9499969482422,169.35000610351562,171.1699981689453,345100
2023-12-07,160.86636352539062,167.67999267578125,170.2100067138672,167.1699981689453,170.2100067138672,322700
2023-12-08,160.86636352539062,167.67999267578125,168.3000030517578,166.99000549316406,167.94000244140625,265000
2023-12-11,161.60511779785156,168.4499969482422,169.5800018310547,167.22000122070312,168.17999267578125,446700
2023-12-12,163.1593017578125,170.07000732421875,170.8000030517578,167.67999267578125,168.3000030517578,292100
2023-12-13,162.51644897460938,169.39999389648438,170.25999450683594,168.5399932861328,169.85000610351562,367600
2023-12-14,157.6237335205078,164.3000030517578,171.11000061035156,164.25999450683594,170.61000061035156,621400
2023-12-15,156.65478515625,163.2899932861328,164.19000244140625,161.41000366210938,162.97000122070312,1519500
2023-12-18,158.90927124023438,165.63999938964844,165.92999267578125,163.63999938964844,164.32000732421875,376500
2023-12-19,160.59774780273438,167.39999389648438,167.74000549316406,165.52000427246094,165.52000427246094,382500
2023-12-20,157.403076171875,164.07000732421875,167.9600067138672,164.00999450683594,166.3300018310547,427800
2023-12-21,158.4679718017578,165.17999267578125,165.72999572753906,163.42999267578125,164.0,286900
2023-12-22,159.19708251953125,165.94000244140625,166.88999938964844,165.33999633789062,165.55999755859375,236800
2023-12-26,159.5520477294922,166.30999755859375,166.86000061035156,165.07000732421875,166.63999938964844,250700
2023-12-27,159.609619140625,166.3699951171875,167.44000244140625,165.35000610351562,165.35000610351562,374800
2023-12-28,161.23095703125,168.05999755859375,168.22000122070312,166.1699981689453,166.1699981689453,228500
2023-12-29,161.64349365234375,168.49000549316406,168.75,166.99000549316406,167.44000244140625,300900
2024-01-02,162.9578094482422,169.86000061035156,170.2899932861328,168.16000366210938,168.49000549316406,262400
2024-01-03,163.08253479003906,169.99000549316406,173.61000061035156,169.72999572753906,170.2899932861328,386200
2024-01-04,162.20947265625,169.0800018310547,172.16000366210938,168.7899932861328,170.66000366210938,246500
2024-01-05,161.25015258789062,168.0800018310547,170.52999877929688,167.9199981689453,169.1699981689453,541200
2024-01-08,159.2546844482422,166.0,169.0500030517578,165.2100067138672,168.60000610351562,452500
2024-01-09,157.47021484375,164.13999938964844,165.7899932861328,162.92999267578125,165.0500030517578,286800
2024-01-10,156.6643524169922,163.3000030517578,164.16000366210938,162.77999877929688,163.33999633789062,314100
2024-01-11,159.8302764892578,166.60000610351562,166.72999572753906,162.57000732421875,162.66000366210938,462800
2024-01-12,157.94992065429688,164.63999938964844,167.1999969482422,163.80999755859375,166.07000732421875,289800
2024-01-16,157.80601501464844,164.49000549316406,165.6300048828125,163.39999389648438,164.6300048828125,353900
2024-01-17,159.37939453125,166.1300048828125,168.0500030517578,164.92999267578125,164.9499969482422,278000
2024-01-18,159.8111114501953,166.5800018310547,167.00999450683594,164.27999877929688,165.4199981689453,248400
2024-01-19,161.00071716308594,167.82000732421875,167.99000549316406,166.35000610351562,167.99000549316406,246000
2024-01-22,161.94090270996094,168.8000030517578,168.97000122070312,166.8000030517578,167.88999938964844,456700
2024-01-23,162.2766571044922,169.14999389648438,170.02000427246094,168.60000610351562,168.60000610351562,264300
2024-01-24,162.69876098632812,169.58999633789062,170.19000244140625,168.64999389648438,169.9199981689453,347400
2024-01-25,164.36810302734375,171.3300018310547,171.47999572753906,169.85000610351562,170.5,311200
2024-01-26,163.74449157714844,170.67999267578125,171.99000549316406,170.07000732421875,171.41000366210938,287100
2024-01-29,162.44932556152344,169.3300018310547,170.3300018310547,168.50999450683594,170.0,445200
2024-01-30,163.17843627929688,170.08999633789062,171.05999755859375,168.9499969482422,169.36000061035156,429800
2024-01-31,161.1254119873047,167.9499969482422,170.75999450683594,167.89999389648438,170.6300048828125,407300
2024-02-01,162.42054748535156,169.3000030517578,169.4600067138672,163.7100067138672,166.80999755859375,531500
2024-02-02,160.76341247558594,166.86000061035156,169.66000366210938,166.2899932861328,168.7100067138672,456900
2024-02-05,162.25680541992188,168.41000366210938,168.72999572753906,166.1699981689453,166.7899932861328,563500
2024-02-06,162.71920776367188,168.88999938964844,169.60000610351562,167.6300048828125,167.9600067138672,662700
2024-02-07,168.94320678710938,175.35000610351562,179.41000366210938,172.50999450683594,173.82000732421875,855800
2024-02-08,168.19168090820312,174.57000732421875,176.82000732421875,173.52000427246094,175.27000427246094,430600
2024-02-09,168.1146240234375,174.49000549316406,175.05999755859375,171.85000610351562,173.0,282400
2024-02-12,165.60960388183594,171.88999938964844,174.72000122070312,171.72000122070312,174.6999969482422,388100
2024-02-13,164.96409606933594,171.22000122070312,173.4600067138672,169.10000610351562,172.52000427246094,488800
2024-02-14,165.50363159179688,171.77999877929688,173.25,170.92999267578125,171.36000061035156,301600
2024-02-15,166.20697021484375,172.50999450683594,173.63999938964844,171.64999389648438,172.10000610351562,355200
2024-02-16,167.3727569580078,173.72000122070312,174.8300018310547,172.52999877929688,172.82000732421875,321200
2024-02-20,168.24951171875,174.6300048828125,176.4199981689453,173.0800018310547,173.0800018310547,310000
2024-02-21,167.83523559570312,174.1999969482422,175.39999389648438,173.39999389648438,175.39999389648438,340400
2024-02-22,170.97610473632812,177.4600067138672,177.8000030517578,174.27000427246094,174.61000061035156,359200
2024-02-23,171.8528594970703,178.3699951171875,179.1999969482422,177.10000610351562,178.0,360500
2024-02-26,172.40203857421875,178.94000244140625,179.94000244140625,178.14999389648438,178.6300048828125,354100
2024-02-27,175.109375,181.75,182.27000427246094,177.94000244140625,177.94000244140625,405900
2024-02-28,175.59107971191406,182.25,183.13999938964844,180.86000061035156,181.5399932861328,276800
2024-02-29,174.82032775878906,181.4499969482422,182.41000366210938,179.77999877929688,182.41000366210938,374900
2024-03-01,173.86651611328125,180.4600067138672,181.4499969482422,179.5,181.4499969482422,227600
2024-03-04,171.5253143310547,178.02999877929688,181.39999389648438,177.77000427246094,179.49000549316406,361400
2024-03-05,172.0841064453125,178.61000061035156,179.8699951171875,177.07000732421875,177.8699951171875,326400
2024-03-06,173.26914978027344,179.83999633789062,181.0,178.0500030517578,179.80999755859375,407900
2024-03-07,172.37313842773438,178.91000366210938,180.42999267578125,178.25999450683594,179.77999877929688,208300
2024-03-08,171.9877471923828,178.50999450683594,179.4199981689453,177.42999267578125,178.35000610351562,195400
2024-03-11,171.8336181640625,178.35000610351562,178.6199951171875,176.4600067138672,178.02999877929688,299400
2024-03-12,174.5023651123047,181.1199951171875,181.1300048828125,178.10000610351562,178.66000366210938,290100
2024-03-13,174.87814331054688,181.50999450683594,182.02000427246094,180.49000549316406,181.7100067138672,302900
2024-03-14,173.2498779296875,179.82000732421875,180.82000732421875,178.82000732421875,180.3300018310547,366900
2024-03-15,174.54092407226562,181.16000366210938,181.3300018310547,178.75999450683594,178.75999450683594,715100
2024-03-18,171.8721466064453,178.38999938964844,181.4600067138672,178.0,180.83999633789062,290100
2024-03-19,172.7103271484375,179.25999450683594,179.82000732421875,178.0500030517578,179.14999389648438,315800
2024-03-20,174.01101684570312,180.61000061035156,181.17999267578125,178.41000366210938,178.82000732421875,367200
2024-03-21,172.98011779785156,179.5399932861328,181.44000244140625,178.08999633789062,180.5500030517578,376600
2024-03-22,173.114990234375,179.67999267578125,180.30999755859375,178.88999938964844,179.7100067138672,227700
2024-03-25,174.85887145996094,181.49000549316406,182.72999572753906,180.22999572753906,180.22999572753906,462500
2024-03-26,176.57382202148438,183.27000427246094,185.42999267578125,181.32000732421875,181.32000732421875,352700
2024-03-27,180.56256103515625,187.41000366210938,187.44000244140625,184.50999450683594,184.88999938964844,320200
2024-03-28,181.3622589111328,188.24000549316406,189.47999572753906,187.3800048828125,187.55999755859375,339600
2024-04-01,180.37953186035156,187.22000122070312,188.64999389648438,186.2100067138672,187.25,323000
2024-04-02,179.8014373779297,186.6199951171875,188.97999572753906,186.22000122070312,187.82000732421875,338600
2024-04-03,178.21173095703125,184.97000122070312,187.2899932861328,184.94000244140625,186.39999389648438,271300
2024-04-04,172.78741455078125,179.33999633789062,186.33999633789062,179.00999450683594,186.33999633789062,559800
2024-04-05,173.27877807617188,179.85000610351562,181.0500030517578,178.52000427246094,180.44000244140625,355500
2024-04-08,174.6276092529297,181.25,182.89999389648438,178.57000732421875,179.77000427246094,306700
2024-04-09,172.26715087890625,178.8000030517578,182.47000122070312,177.47000122070312,181.60000610351562,290100
2024-04-10,171.00502014160156,177.49000549316406,179.7899932861328,176.9600067138672,178.25,229600
2024-04-11,167.27639770507812,173.6199951171875,176.97999572753906,173.6199951171875,176.97999572753906,237300
2024-04-12,167.8256072998047,174.19000244140625,174.4199981689453,172.49000549316406,173.19000244140625,252500
2024-04-15,166.28404235839844,172.58999633789062,176.88999938964844,172.32000732421875,175.99000549316406,259300
2024-04-16,164.84849548339844,171.10000610351562,173.8000030517578,170.88999938964844,173.0800018310547,325000
2024-04-17,163.86575317382812,170.0800018310547,171.3800048828125,169.77999877929688,171.19000244140625,270900
2024-04-18,164.6461639404297,170.88999938964844,172.08999633789062,170.4600067138672,171.02000427246094,238500
2024-04-19,167.478759765625,173.8300018310547,173.8800048828125,171.4499969482422,171.8800048828125,259500
2024-04-22,168.22059631347656,174.60000610351562,175.44000244140625,173.64999389648438,174.72999572753906,323600
2024-04-23,169.86813354492188,176.30999755859375,176.5800018310547,174.5800018310547,174.97999572753906,264200
2024-04-24,170.5811004638672,177.0500030517578,177.3800048828125,175.0399932861328,175.0399932861328,297200
2024-04-25,167.295654296875,173.63999938964844,177.80999755859375,172.91000366210938,176.77999877929688,315500
2024-04-26,166.56344604492188,172.8800048828125,173.63999938964844,171.19000244140625,172.9199981689453,289200
2024-04-29,168.91429138183594,175.32000732421875,175.83999633789062,172.5800018310547,172.5800018310547,375700
2024-04-30,168.0279083251953,174.39999389648438,175.8000030517578,173.7899932861328,175.32000732421875,344700
2024-05-01,168.2687530517578,174.64999389648438,177.0800018310547,174.49000549316406,174.6999969482422,309000
2024-05-02,168.2398681640625,174.6199951171875,176.38999938964844,173.47000122070312,175.9499969482422,249900
2024-05-03,169.6465301513672,176.0800018310547,176.97000122070312,172.22999572753906,174.47999572753906,300800
2024-05-06,173.89541625976562,180.49000549316406,180.52000427246094,176.4600067138672,177.30999755859375,392300
2024-05-07,172.05520629882812,178.5800018310547,181.3800048828125,177.99000549316406,180.64999389648438,457800
2024-05-08,170.08970642089844,176.5399932861328,183.75,171.1199951171875,182.2100067138672,685800
2024-05-09,172.73922729492188,179.2899932861328,179.91000366210938,175.97000122070312,177.32000732421875,299300
2024-05-10,170.05120849609375,176.5,180.0,175.13999938964844,180.0,428500
2024-05-13,169.90667724609375,176.35000610351562,179.80999755859375,175.8800048828125,176.3800048828125,327600
2024-05-14,170.85086059570312,177.3300018310547,178.30999755859375,176.1999969482422,176.30999755859375,339000
2024-05-15,169.05882263183594,175.47000122070312,177.80999755859375,174.0,177.1199951171875,375600
2024-05-16,169.06846618652344,175.47999572753906,176.99000549316406,175.35000610351562,176.66000366210938,307300
2024-05-17,169.18405151367188,175.60000610351562,176.55999755859375,175.1699981689453,176.52999877929688,372800
2024-05-20,165.89866638183594,172.19000244140625,175.75,171.22000122070312,175.5,292600
2024-05-21,165.11827087402344,171.3800048828125,173.00999450683594,170.89999389648438,172.25999450683594,247800
2024-05-22,163.3165740966797,169.50999450683594,171.32000732421875,168.74000549316406,170.85000610351562,244400
2024-05-23,160.61888122558594,166.7100067138672,170.7100067138672,166.24000549316406,169.50999450683594,317600
2024-05-24,162.81561279296875,168.99000549316406,169.02000427246094,166.83999633789062,167.3300018310547,353800
2024-05-28,162.4109344482422,168.57000732421875,168.9199981689453,167.82000732421875,168.86000061035156,387900
2024-05-29,162.87338256835938,169.0500030517578,171.33999633789062,168.0,168.27000427246094,624200
2024-05-30,164.33786010742188,170.57000732421875,171.22000122070312,168.0800018310547,169.2899932861328,336100
2024-05-31,167.13189697265625,173.47000122070312,173.5,170.60000610351562,171.0,810100
2024-06-03,166.18768310546875,172.49000549316406,175.0,172.24000549316406,173.0399932861328,346200
2024-06-04,165.52291870117188,171.8000030517578,172.63999938964844,170.49000549316406,171.00999450683594,344600
2024-06-05,166.14915466308594,172.4499969482422,173.4199981689453,170.32000732421875,171.7100067138672,395600
2024-06-06,166.2165985107422,172.52000427246094,173.77000427246094,171.5800018310547,172.5500030517578,212100
2024-06-07,167.0066375732422,173.33999633789062,174.58999633789062,172.4499969482422,173.10000610351562,326000
2024-06-10,166.9679412841797,172.5800018310547,173.57000732421875,171.88999938964844,172.17999267578125,297200
2024-06-11,164.08486938476562,169.60000610351562,171.9199981689453,168.35000610351562,171.6699981689453,256700
2024-06-12,163.46566772460938,168.9600067138672,170.2100067138672,168.0399932861328,169.8000030517578,210900
2024-06-13,162.65296936035156,168.1199951171875,168.8699951171875,167.05999755859375,168.3800048828125,349200
2024-06-14,160.15687561035156,165.5399932861328,167.41000366210938,165.0500030517578,166.58999633789062,360500
2024-06-17,162.52720642089844,167.99000549316406,168.32000732421875,165.1999969482422,165.8800048828125,237000
2024-06-18,162.8948211669922,168.3699951171875,169.5500030517578,167.58999633789062,167.58999633789062,239900
2024-06-20,164.08486938476562,169.60000610351562,170.0,167.42999267578125,168.14999389648438,262700
2024-06-21,163.2528076171875,168.74000549316406,170.02999877929688,167.07000732421875,169.99000549316406,459100
2024-06-24,163.736572265625,169.24000549316406,170.32000732421875,168.6300048828125,168.74000549316406,312300
2024-06-25,161.15338134765625,166.57000732421875,169.97000122070312,166.4499969482422,169.5,279000
2024-06-26,159.4506072998047,164.80999755859375,165.6199951171875,163.97000122070312,165.6199951171875,224500
2024-06-27,161.8209228515625,167.25999450683594,167.9499969482422,164.52000427246094,164.52000427246094,287300
2024-06-28,160.84378051757812,166.25,168.8800048828125,165.64999389648438,167.3300018310547,584400
2024-07-01,161.46298217773438,166.88999938964844,168.17999267578125,164.97999572753906,166.55999755859375,462400
2024-07-02,160.45677185058594,165.85000610351562,166.3800048828125,164.47999572753906,165.4499969482422,326000
2024-07-03,158.59922790527344,163.92999267578125,166.75,163.8300018310547,165.4199981689453,204200
2024-07-05,156.03541564941406,161.27999877929688,163.5399932861328,160.4600067138672,163.11000061035156,815000
2024-07-08,156.1514892578125,161.39999389648438,163.2100067138672,160.1199951171875,160.1199951171875,521100
2024-07-09,156.3546600341797,161.61000061035156,163.44000244140625,160.3300018310547,161.19000244140625,335700
2024-07-10,159.44097900390625,164.8000030517578,164.8699951171875,162.1199951171875,162.1199951171875,282700
2024-07-11,161.12435913085938,166.5399932861328,166.66000366210938,164.94000244140625,165.02000427246094,246000
2024-07-12,162.6820068359375,168.14999389648438,169.1699981689453,165.6699981689453,167.30999755859375,300500
2024-07-15,165.5457305908203,171.11000061035156,171.9199981689453,167.75,168.72999572753906,315000
2024-07-16,164.70404052734375,170.24000549316406,171.82000732421875,169.58999633789062,170.4600067138672,322500
2024-07-17,166.31005859375,171.89999389648438,174.1300048828125,170.2100067138672,170.4600067138672,395200
2024-07-18,166.71640014648438,172.32000732421875,176.67999267578125,171.77999877929688,171.77999877929688,292600
2024-07-19,164.2686767578125,169.7899932861328,172.80999755859375,168.64999389648438,172.80999755859375,386700
2024-07-22,163.90103149414062,169.41000366210938,170.88999938964844,168.64999389648438,169.24000549316406,299800
2024-07-23,166.84214782714844,172.4499969482422,172.69000244140625,169.1199951171875,169.67999267578125,319800
2024-07-24,164.35574340820312,169.8800048828125,173.63999938964844,169.64999389648438,173.2100067138672,218800
2024-07-25,164.07516479492188,169.58999633789062,172.8300018310547,169.3800048828125,170.52999877929688,278400
2024-07-26,167.4226531982422,173.0500030517578,173.91000366210938,169.25999450683594,170.8300018310547,233000
2024-07-29,167.03567504882812,172.64999389648438,175.0,172.47000122070312,174.1699981689453,214200
2024-07-30,170.12191772460938,175.83999633789062,176.55999755859375,173.1300048828125,173.4499969482422,240200
2024-07-31,169.1834716796875,174.8699951171875,176.47999572753906,174.44000244140625,175.5500030517578,262300
2024-08-01,168.86419677734375,174.5399932861328,176.5,172.47999572753906,175.89999389648438,248200
2024-08-02,167.61614990234375,173.25,176.22999572753906,171.4600067138672,173.91000366210938,387500
2024-08-05,163.78492736816406,169.2899932861328,173.97999572753906,166.7899932861328,173.97999572753906,279400
2024-08-06,164.63633728027344,170.1699981689453,171.60000610351562,168.3000030517578,169.5800018310547,370900
2024-08-07,164.6556854248047,170.19000244140625,175.1699981689453,164.6300048828125,173.13999938964844,547200
2024-08-08,164.7330780029297,170.27000427246094,171.4499969482422,169.3800048828125,170.32000732421875,317000
2024-08-09,171.6215057373047,177.38999938964844,177.58999633789062,170.38999938964844,170.6999969482422,389200
2024-08-12,172.65675354003906,178.4600067138672,178.8699951171875,177.42999267578125,177.89999389648438,380100
2024-08-13,178.32620239257812,184.32000732421875,184.66000366210938,178.8300018310547,179.27999877929688,502500
2024-08-14,179.9321746826172,185.97999572753906,186.30999755859375,183.97000122070312,184.3800048828125,391000
2024-08-15,178.07461547851562,184.05999755859375,187.58999633789062,183.0800018310547,187.0,547900
2024-08-16,181.18023681640625,187.27000427246094,187.4499969482422,183.36000061035156,184.60000610351562,282400
2024-08-19,182.61212158203125,188.75,189.77000427246094,186.8000030517578,186.8000030517578,345400
2024-08-20,183.6182861328125,189.7899932861328,190.82000732421875,188.30999755859375,188.77999877929688,443400
2024-08-21,183.65699768066406,189.8300018310547,190.82000732421875,187.64999389648438,190.75999450683594,369900
2024-08-22,183.5796356201172,189.75,190.24000549316406,187.14999389648438,188.0,236900
2024-08-23,186.7335968017578,193.00999450683594,193.69000244140625,189.77999877929688,190.80999755859375,291000
2024-08-26,186.49171447753906,192.75999450683594,194.75,192.39999389648438,193.57000732421875,227400
2024-08-27,187.7881622314453,194.10000610351562,194.50999450683594,191.97000122070312,192.8800048828125,236800
2024-08-28,187.69137573242188,194.0,195.5,192.0399932861328,194.27000427246094,407700
2024-08-29,189.00717163085938,195.36000061035156,197.27000427246094,193.14999389648438,194.50999450683594,249400
2024-08-30,189.96499633789062,196.35000610351562,196.75999450683594,194.60000610351562,195.57000732421875,508100
2024-09-03,191.0913848876953,196.7899932861328,197.67999267578125,195.9199981689453,196.3800048828125,339700
2024-09-04,191.47007751464844,197.17999267578125,199.5,196.75,197.52999877929688,340300
2024-09-05,189.21728515625,194.86000061035156,197.88999938964844,193.67999267578125,197.88999938964844,501700
2024-09-06,187.0032958984375,192.5800018310547,196.3800048828125,192.07000732421875,194.5800018310547,365500
2024-09-09,187.6636199951172,193.25999450683594,195.94000244140625,192.6300048828125,193.75999450683594,551200
2024-09-10,186.21673583984375,191.77000427246094,194.1699981689453,191.25,193.72000122070312,256500
2024-09-11,183.83770751953125,189.32000732421875,191.64999389648438,186.63999938964844,190.38999938964844,362300
2024-09-12,185.7700653076172,191.30999755859375,191.91000366210938,188.64999389648438,189.02999877929688,243500
2024-09-13,186.67315673828125,192.24000549316406,192.9499969482422,191.10000610351562,191.91000366210938,350300
2024-09-16,187.3334503173828,192.9199981689453,194.8699951171875,192.61000061035156,193.49000549316406,256400
2024-09-17,190.07179260253906,195.74000549316406,195.7899932861328,192.6699981689453,193.22999572753906,249700
2024-09-18,188.2073974609375,193.82000732421875,196.99000549316406,193.77000427246094,196.1699981689453,197200
2024-09-19,188.401611328125,194.02000427246094,195.55999755859375,192.3699951171875,195.10000610351562,322400
2024-09-20,188.64437866210938,194.27000427246094,195.4499969482422,193.17999267578125,194.10000610351562,771200
2024-09-23,192.3634490966797,198.10000610351562,198.6199951171875,194.6199951171875,195.0,382100
2024-09-24,191.5963134765625,197.30999755859375,198.47999572753906,195.85000610351562,197.5500030517578,317500
2024-09-25,190.8486328125,196.5399932861328,197.97000122070312,196.19000244140625,197.89999389648438,236500
2024-09-26,193.23739624023438,199.0,200.0,196.39999389648438,196.47000122070312,287000
2024-09-27,194.1598663330078,199.9499969482422,201.5500030517578,198.5,199.5,367000
2024-09-30,193.10140991210938,198.86000061035156,201.07000732421875,196.0800018310547,200.25999450683594,409100
2024-10-01,193.4510040283203,199.22000122070312,200.02999877929688,197.39999389648438,198.52000427246094,322000
2024-10-02,193.8782501220703,199.66000366210938,200.6300048828125,197.72999572753906,198.72999572753906,298900
2024-10-03,190.78065490722656,196.47000122070312,199.66000366210938,196.1300048828125,199.66000366210938,388700
2024-10-04,191.80995178222656,197.52999877929688,198.30999755859375,196.47000122070312,197.02000427246094,262300
2024-10-07,181.1964569091797,186.60000610351562,197.16000366210938,186.24000549316406,196.19000244140625,544800
2024-10-08,184.09017944335938,189.5800018310547,190.36000061035156,186.9499969482422,187.24000549316406,333500
2024-10-09,185.05149841308594,190.57000732421875,191.61000061035156,188.7899932861328,189.52999877929688,303500
2024-10-10,184.81846618652344,190.3300018310547,193.6699981689453,189.85000610351562,192.5500030517578,271300
2024-10-11,186.33328247070312,191.88999938964844,195.0,191.1300048828125,193.52000427246094,379100
2024-10-14,187.284912109375,192.8699951171875,193.19000244140625,190.1999969482422,191.85000610351562,207900
2024-10-15,189.14930725097656,194.7899932861328,197.38999938964844,192.89999389648438,193.5800018310547,286200
2024-10-16,191.1593780517578,196.86000061035156,197.69000244140625,194.58999633789062,194.6699981689453,283200
2024-10-17,192.42172241210938,198.16000366210938,198.77000427246094,196.25999450683594,196.9199981689453,359800
2024-10-18,191.78085327148438,197.5,198.8000030517578,196.99000549316406,198.7100067138672,294800
2024-10-21,188.74147033691406,194.3699951171875,197.07000732421875,194.25999450683594,196.88999938964844,208400
2024-10-22,188.1296844482422,193.74000549316406,194.1199951171875,190.33999633789062,193.5500030517578,224600
2024-10-23,188.1005859375,193.7100067138672,194.64999389648438,192.1699981689453,193.69000244140625,188300
2024-10-24,189.09104919433594,194.72999572753906,195.27000427246094,193.0,194.99000549316406,243400
2024-10-25,186.21673583984375,191.77000427246094,195.57000732421875,191.07000732421875,195.00999450683594,209300
2024-10-28,188.60549926757812,194.22999572753906,194.99000549316406,192.72000122070312,193.2100067138672,223000
2024-10-29,187.94522094726562,193.5500030517578,194.77000427246094,192.86000061035156,193.88999938964844,327100
2024-10-30,189.4211883544922,195.07000732421875,196.74000549316406,193.5,194.14999389648438,304100
2024-10-31,186.14874267578125,191.6999969482422,196.75,191.63999938964844,194.5500030517578,314900
2024-11-01,186.2070770263672,191.75999450683594,194.64999389648438,191.5500030517578,191.86000061035156,244400
2024-11-04,185.65353393554688,191.19000244140625,192.5800018310547,190.05999755859375,191.52999877929688,243800
2024-11-05,187.49853515625,193.08999633789062,193.33999633789062,189.39999389648438,190.72999572753906,390000
2024-11-06,200.39395141601562,206.3699951171875,207.24000549316406,194.8800048828125,196.83999633789062,692500
2024-11-07,199.8793182373047,205.83999633789062,208.6699981689453,204.80999755859375,207.3000030517578,310600
2024-11-08,203.32650756835938,209.38999938964844,209.72999572753906,205.3000030517578,207.6999969482422,303600
2024-11-11,204.62771606445312,210.72999572753906,214.82000732421875,210.27999877929688,212.25999450683594,339100
2024-11-12,206.14251708984375,212.2899932861328,212.80999755859375,209.3000030517578,210.6699981689453,290300
2024-11-13,207.06504821777344,213.24000549316406,214.5,210.99000549316406,211.72999572753906,552300
2024-11-14,209.2401580810547,215.47999572753906,215.8699951171875,212.07000732421875,212.97000122070312,876700
2024-11-15,212.4834442138672,218.82000732421875,219.05999755859375,215.52999877929688,216.0500030517578,488400
2024-11-18,215.18295288085938,221.60000610351562,221.94000244140625,217.7899932861328,218.19000244140625,502200
2024-11-19,212.8233184814453,219.1699981689453,220.4600067138672,217.1999969482422,219.4600067138672,360100
2024-11-20,214.4546661376953,220.85000610351562,222.6699981689453,219.0,221.17999267578125,529900
2024-11-21,218.6981201171875,225.22000122070312,225.47000122070312,220.72000122070312,221.3699951171875,295800
2024-11-22,219.6011505126953,226.14999389648438,227.16000366210938,224.47000122070312,225.1199951171875,352400
2024-11-25,220.8538360595703,227.44000244140625,230.5500030517578,226.25,227.42999267578125,1260500
2024-11-26,222.0579071044922,228.67999267578125,229.0800018310547,226.11000061035156,227.8000030517578,330800
2024-11-27,220.4751434326172,227.0500030517578,229.44000244140625,226.16000366210938,228.11000061035156,487600
2024-11-29,220.52369689941406,227.10000610351562,228.6199951171875,226.0800018310547,227.4199981689453,231200
2024-12-02,219.19332885742188,225.72999572753906,227.85000610351562,224.5,227.85000610351562,298400
2024-12-03,220.7567138671875,227.33999633789062,229.24000549316406,224.2899932861328,226.6999969482422,371200
2024-12-04,217.88246154785156,224.3800048828125,227.52999877929688,223.3300018310547,226.82000732421875,303500
2024-12-05,218.84376525878906,225.3699951171875,226.38999938964844,224.22999572753906,224.6699981689453,248900
2024-12-06,217.72706604003906,224.22000122070312,225.7100067138672,223.3300018310547,224.77000427246094,247500
2024-12-09,213.05914306640625,218.6300048828125,223.14999389648438,218.17999267578125,222.8800048828125,254400
2024-12-10,210.79823303222656,216.30999755859375,218.99000549316406,212.55999755859375,217.75,314300
2024-12-11,211.4024200439453,216.92999267578125,217.91000366210938,215.5800018310547,217.91000366210938,274800
2024-12-12,212.0748748779297,217.6199951171875,220.61000061035156,217.47000122070312,218.39999389648438,249000
2024-12-13,212.27952575683594,217.8300018310547,219.66000366210938,217.10000610351562,218.8699951171875,258400
2024-12-16,211.79225158691406,217.3300018310547,218.77999877929688,216.4600067138672,218.0500030517578,441100
2024-12-17,207.6895294189453,213.1199951171875,216.27999877929688,212.75,215.10000610351562,367700
2024-12-18,202.34915161132812,207.63999938964844,214.77000427246094,207.38999938964844,212.7899932861328,335700
2024-12-19,203.12876892089844,208.44000244140625,210.80999755859375,208.05999755859375,208.6699981689453,316600
2024-12-20,206.86119079589844,212.27000427246094,212.7899932861328,207.77999877929688,207.77999877929688,923800
2024-12-23,206.0133514404297,211.39999389648438,212.9199981689453,210.13999938964844,210.57000732421875,376000
2024-12-24,209.94065856933594,215.42999267578125,216.3000030517578,211.11000061035156,212.10000610351562,191900
2024-12-26,211.65582275390625,217.19000244140625,217.75,214.7100067138672,214.9199981689453,224900
2024-12-27,209.5703582763672,215.0500030517578,217.74000549316406,214.5,216.0,251700
2024-12-30,206.86119079589844,212.27000427246094,213.52999877929688,210.52999877929688,212.8300018310547,217600
2024-12-31,207.78697204589844,213.22000122070312,214.0399932861328,212.75999450683594,212.8300018310547,234100
2025-01-02,206.02310180664062,211.41000366210938,214.4600067138672,210.94000244140625,214.0,219300
2025-01-03,206.45188903808594,211.85000610351562,213.4499969482422,210.9499969482422,212.6199951171875,250900
2025-01-06,202.36866760253906,207.66000366210938,212.1199951171875,207.35000610351562,210.63999938964844,337100
2025-01-07,201.72547912597656,207.0,210.19000244140625,206.11000061035156,209.02999877929688,379800
2025-01-08,200.1857147216797,205.4199981689453,206.99000549316406,203.30999755859375,206.27000427246094,306400
2025-01-10,193.85137939453125,198.9199981689453,204.0,197.5,202.49000549316406,374000
2025-01-13,194.77716064453125,199.8699951171875,200.39999389648438,197.27999877929688,197.58999633789062,333400
2025-01-14,199.52305603027344,204.74000549316406,205.44000244140625,199.30999755859375,200.44000244140625,231100
2025-01-15,203.69400024414062,209.02000427246094,209.25,206.97000122070312,208.07000732421875,264300
2025-01-16,206.28622436523438,211.67999267578125,212.02999877929688,209.02000427246094,209.5399932861328,210400
2025-01-17,206.19850158691406,211.58999633789062,213.64999389648438,210.7899932861328,211.5399932861328,345500
2025-01-21,204.27871704101562,209.6199951171875,214.75999450683594,209.1300048828125,213.05999755859375,316000
2025-01-22,201.9398651123047,207.22000122070312,210.07000732421875,206.63999938964844,210.07000732421875,387200
2025-01-23,202.11526489257812,207.39999389648438,208.6699981689453,206.72000122070312,206.9199981689453,420200
2025-01-24,205.52609252929688,210.89999389648438,211.2100067138672,206.74000549316406,206.74000549316406,317500
2025-01-27,210.10635375976562,215.60000610351562,215.7100067138672,211.27000427246094,212.16000366210938,316900
2025-01-28,210.21353149414062,215.7100067138672,216.92999267578125,214.57000732421875,215.0399932861328,321400
2025-01-29,211.3829345703125,216.91000366210938,219.47999572753906,214.36000061035156,214.36000061035156,311500
2025-01-30,213.09811401367188,218.6699981689453,221.38999938964844,217.22000122070312,218.3000030517578,430400
2025-01-31,209.70681762695312,215.19000244140625,220.07000732421875,215.02999877929688,217.8800048828125,1279500
2025-02-03,207.79937744140625,212.44000244140625,214.3000030517578,206.3000030517578,212.02000427246094,429100
2025-02-04,207.5646209716797,212.1999969482422,214.75999450683594,211.33999633789062,211.47999572753906,292600
2025-02-05,210.1273956298828,214.82000732421875,216.2899932861328,212.77000427246094,214.22999572753906,224400
2025-02-06,210.10781860351562,214.8000030517578,216.66000366210938,212.2899932861328,216.5800018310547,387500
2025-02-07,210.45997619628906,215.16000366210938,215.32000732421875,212.33999633789062,214.0500030517578,291800
2025-02-10,207.8874053955078,212.52999877929688,215.42999267578125,212.2899932861328,215.42999267578125,459400
2025-02-11,208.1515350341797,212.8000030517578,214.0,211.07000732421875,212.1999969482422,462900
2025-02-12,202.82058715820312,207.35000610351562,218.58999633789062,207.0,211.0,553400
2025-02-13,203.47593688964844,208.02000427246094,208.1999969482422,203.94000244140625,207.11000061035156,433900
2025-02-14,198.52647399902344,202.9600067138672,207.9199981689453,202.47000122070312,207.16000366210938,400400
2025-02-18,197.13748168945312,201.5399932861328,205.3300018310547,200.6699981689453,203.5399932861328,770600
2025-02-19,195.76808166503906,200.13999938964844,204.39999389648438,198.9600067138672,202.0,317100
2025-02-20,196.58973693847656,200.97999572753906,202.83999633789062,199.74000549316406,202.5500030517578,412500
2025-02-21,195.6604766845703,200.02999877929688,202.0,198.85000610351562,201.13999938964844,1094800
2025-02-24,198.3699493408203,202.8000030517578,203.9600067138672,199.52999877929688,200.7899932861328,453900
2025-02-25,202.28260803222656,206.8000030517578,207.1699981689453,202.00999450683594,204.49000549316406,593400
2025-02-26,201.77395629882812,206.27999877929688,208.3800048828125,206.02999877929688,206.1699981689453,477700
2025-02-27,206.42996215820312,211.0399932861328,211.6199951171875,205.9600067138672,207.47999572753906,561700
2025-02-28,203.34877014160156,207.88999938964844,213.44000244140625,204.60000610351562,211.85000610351562,860000
2025-03-03,205.3344268798828,209.9199981689453,212.69000244140625,207.36000061035156,208.6300048828125,621400
2025-03-04,201.6370086669922,206.13999938964844,209.3000030517578,205.6999969482422,208.5500030517578,666600
2025-03-05,200.11106872558594,204.5800018310547,207.9199981689453,203.88999938964844,205.57000732421875,498600
2025-03-06,196.87338256835938,201.27000427246094,204.32000732421875,200.77000427246094,203.58999633789062,437000
2025-03-07,200.11106872558594,204.5800018310547,206.1999969482422,201.05999755859375,201.32000732421875,489400
2025-03-10,200.81533813476562,205.3000030517578,207.14999389648438,203.47000122070312,203.47000122070312,442700
2025-03-11,199.60244750976562,204.05999755859375,205.92999267578125,201.6300048828125,205.3300018310547,448000
2025-03-12,197.17660522460938,201.5800018310547,205.22000122070312,199.3000030517578,204.64999389648438,431100
2025-03-13,199.5828857421875,204.0399932861328,204.58999633789062,201.88999938964844,202.69000244140625,434300
2025-03-14,206.58645629882812,211.1999969482422,211.74000549316406,204.67999267578125,205.38999938964844,428000
2025-03-17,210.00022888183594,214.69000244140625,215.41000366210938,209.77000427246094,210.38999938964844,354600
2025-03-18,207.9558868408203,212.60000610351562,217.88999938964844,211.69000244140625,214.14999389648438,349400
2025-03-19,209.0318603515625,213.6999969482422,214.47000122070312,211.86000061035156,212.83999633789062,323600
2025-03-20,207.4178924560547,212.0500030517578,215.85000610351562,211.8000030517578,212.88999938964844,364800
2025-03-21,202.32171630859375,206.83999633789062,212.0,205.91000366210938,210.11000061035156,1361800
2025-03-24,204.8649139404297,209.44000244140625,210.1199951171875,204.69000244140625,208.3300018310547,358900
2025-03-25,206.2245635986328,210.8300018310547,211.6199951171875,208.25999450683594,209.52999877929688,305400
2025-03-26,207.67222595214844,212.30999755859375,214.3000030517578,211.02000427246094,212.61000061035156,251000
2025-03-27,206.89947509765625,211.52000427246094,213.9499969482422,210.3800048828125,213.9499969482422,336400
2025-03-28,201.8032989501953,206.30999755859375,212.19000244140625,204.42999267578125,212.19000244140625,384900
2025-03-31,205.16815185546875,209.75,211.7100067138672,206.14999389648438,206.1699981689453,530400
2025-04-01,206.9385986328125,211.55999755859375,212.0800018310547,208.30999755859375,210.24000549316406,328300
2025-04-02,206.16586303710938,210.77000427246094,211.3300018310547,208.80999755859375,209.16000366210938,301800
2025-04-03,198.97642517089844,203.4199981689453,207.7100067138672,202.6699981689453,204.67999267578125,577400
2025-04-04,182.9248809814453,187.00999450683594,200.3699951171875,186.94000244140625,198.80999755859375,867100
2025-04-07,177.4472198486328,181.41000366210938,187.7899932861328,174.97000122070312,182.92999267578125,775700
2025-04-08,175.80389404296875,179.72999572753906,190.83999633789062,177.4199981689453,188.47000122070312,727200
2025-04-09,189.018798828125,193.24000549316406,194.61000061035156,176.6300048828125,177.02999877929688,932300
2025-04-10,186.16259765625,190.32000732421875,194.27000427246094,187.97000122070312,192.24000549316406,551600
2025-04-11,185.419189453125,189.55999755859375,190.0,183.39999389648438,188.1999969482422,493000
2025-04-14,190.72079467773438,194.97999572753906,196.50999450683594,190.3699951171875,192.49000549316406,516000
2025-04-15,189.5665740966797,193.8000030517578,197.77999877929688,193.2100067138672,195.1999969482422,329600
2025-04-16,186.16259765625,190.32000732421875,195.2100067138672,188.89999389648438,195.17999267578125,435200
2025-04-17,184.84205627441406,188.97000122070312,191.72000122070312,188.60000610351562,191.60000610351562,432700
2025-04-21,179.85345458984375,183.8699951171875,188.4600067138672,181.75,188.4600067138672,381300
2025-04-22,184.81272888183594,188.94000244140625,189.64999389648438,186.3300018310547,186.99000549316406,460900
2025-04-23,186.89622497558594,191.07000732421875,194.1199951171875,189.67999267578125,191.14999389648438,351900
2025-04-24,188.9698944091797,193.19000244140625,193.6199951171875,189.4600067138672,190.3300018310547,277200
2025-04-25,186.66143798828125,190.8300018310547,192.00999450683594,189.3699951171875,191.72000122070312,305000
2025-04-28,188.08953857421875,192.2899932861328,193.02999877929688,189.9499969482422,191.72999572753906,347300
2025-04-29,189.90892028808594,194.14999389648438,194.5,189.94000244140625,192.86000061035156,291400
2025-04-30,188.5297393798828,192.74000549316406,193.2100067138672,188.6300048828125,192.47000122070312,498400
2025-05-01,187.4439697265625,191.6300048828125,192.88999938964844,189.97000122070312,191.1199951171875,281700
2025-05-02,192.71621704101562,197.02000427246094,197.75999450683594,192.35000610351562,193.6199951171875,307100
2025-05-05,192.18801879882812,196.47999572753906,196.7899932861328,192.4600067138672,195.36000061035156,316000
2025-05-06,193.4987335205078,197.82000732421875,198.8800048828125,194.92999267578125,195.55999755859375,650600
2025-05-07,192.75535583496094,197.05999755859375,205.77000427246094,195.97999572753906,203.05999755859375,751300
2025-05-08,190.61318969726562,194.8699951171875,198.60000610351562,192.74000549316406,197.7899932861328,580200
2025-05-09,191.4348602294922,195.7100067138672,195.72999572753906,193.6300048828125,194.8699951171875,329300
2025-05-12,197.6559295654297,202.07000732421875,202.3300018310547,195.47999572753906,198.91000366210938,475300
2025-05-13,198.02761840820312,202.4499969482422,204.50999450683594,201.50999450683594,203.0800018310547,527400
2025-05-14,192.00216674804688,196.2899932861328,202.08999633789062,196.02999877929688,202.0500030517578,634800
2025-05-15,195.1224822998047,199.47999572753906,199.5500030517578,196.0,196.8000030517578,434800
2025-05-16,197.91024780273438,202.3300018310547,202.80999755859375,198.39999389648438,199.00999450683594,1065400
2025-05-19,198.99598693847656,203.44000244140625,204.3000030517578,200.00999450683594,201.58999633789062,429600
2025-05-20,196.2669219970703,200.64999389648438,203.5,199.86000061035156,203.1199951171875,499400
2025-05-21,188.42210388183594,192.6300048828125,199.41000366210938,192.0800018310547,199.41000366210938,822100
2025-05-22,188.8035888671875,193.02000427246094,194.16000366210938,190.49000549316406,192.7899932861328,465200
2025-05-23,192.22714233398438,196.52000427246094,196.74000549316406,190.1699981689453,191.25,625300
2025-05-27,196.6092987060547,201.0,201.58999633789062,195.08999633789062,196.52000427246094,721200
2025-05-28,193.61611938476562,197.94000244140625,201.1999969482422,197.38999938964844,200.11000061035156,892600
2025-05-29,195.59202575683594,199.9600067138672,199.9600067138672,197.3000030517578,198.72000122070312,903400
2025-05-30,198.54603576660156,202.97999572753906,204.25,197.88999938964844,198.89999389648438,5103900
2025-06-02,199.76870727539062,204.22999572753906,204.27000427246094,199.64999389648438,200.89999389648438,547200
2025-06-03,201.32398986816406,205.82000732421875,206.74000549316406,200.82000732421875,204.1699981689453,658200
2025-06-04,199.514404296875,203.97000122070312,206.49000549316406,203.97000122070312,205.8000030517578,592400
2025-06-05,197.0103302001953,201.41000366210938,206.32000732421875,200.80999755859375,203.67999267578125,506500
2025-06-06,199.0253448486328,203.47000122070312,204.30999755859375,202.25999450683594,203.44000244140625,390300
2025-06-09,195.1070556640625,198.67999267578125,203.25999450683594,196.27999877929688,203.0,355900
2025-06-10,192.40650939941406,195.92999267578125,198.80999755859375,195.0399932861328,198.75,320700
2025-06-11,193.0055694580078,196.5399932861328,197.77000427246094,195.17999267578125,196.22999572753906,353000
2025-06-12,195.6177215576172,199.1999969482422,199.27999877929688,195.1199951171875,195.80999755859375,334200
2025-06-13,194.60623168945312,198.1699981689453,199.97000122070312,195.83999633789062,197.10000610351562,461200
2025-06-16,196.4131622314453,200.00999450683594,202.24000549316406,199.49000549316406,199.5500030517578,352600
2025-06-17,194.70445251464844,198.27000427246094,199.41000366210938,197.00999450683594,199.07000732421875,303400
2025-06-18,191.84677124023438,195.36000061035156,198.92999267578125,195.35000610351562,198.6699981689453,711600
2025-06-20,192.62254333496094,196.14999389648438,198.74000549316406,195.2899932861328,196.17999267578125,598300
2025-06-23,196.08908081054688,199.67999267578125,199.72999572753906,194.69000244140625,196.4499969482422,390400
2025-06-24,194.45895385742188,198.02000427246094,200.17999267578125,197.42999267578125,200.17999267578125,290000
2025-06-25,191.10044860839844,194.60000610351562,198.0,194.38999938964844,197.72999572753906,324800
2025-06-26,192.68148803710938,196.2100067138672,196.80999755859375,193.94000244140625,195.3000030517578,360100
2025-06-27,193.3001708984375,196.83999633789062,198.30999755859375,194.64999389648438,196.05999755859375,484400
2025-06-30,193.9384765625,197.49000549316406,198.10000610351562,196.1199951171875,197.0,419300
2025-07-01,194.1054229736328,197.66000366210938,200.11000061035156,196.5800018310547,197.1199951171875,417600
2025-07-02,188.33116149902344,191.77999877929688,198.9499969482422,190.63999938964844,197.39999389648438,553200
2025-07-03,189.9907684326172,193.47000122070312,194.11000061035156,192.4600067138672,193.2899932861328,264300
2025-07-07,188.09547424316406,191.5399932861328,195.5,190.17999267578125,192.58999633789062,462600
2025-07-08,186.8385009765625,190.25999450683594,192.72000122070312,189.49000549316406,190.52000427246094,397600
2025-07-09,187.07418823242188,190.5,191.17999267578125,189.33999633789062,190.72000122070312,295100
2025-07-10,186.51441955566406,189.92999267578125,190.52000427246094,188.27000427246094,189.1699981689453,248200
2025-07-11,184.18704223632812,187.55999755859375,189.3300018310547,187.16000366210938,188.9499969482422,256900
2025-07-14,187.6339569091797,191.07000732421875,191.22000122070312,187.5,187.5,377500
2025-07-15,182.0069580078125,185.33999633789062,191.4199981689453,185.27000427246094,189.6699981689453,327200
2025-07-16,182.39979553222656,185.74000549316406,187.0500030517578,183.9600067138672,185.6699981689453,493200
2025-07-17,184.69769287109375,188.0800018310547,188.66000366210938,184.91000366210938,185.2100067138672,440200
2025-07-18,184.68788146972656,188.07000732421875,190.02000427246094,187.88999938964844,189.02000427246094,366000
2025-07-21,182.7532958984375,186.10000610351562,189.47999572753906,185.85000610351562,187.75999450683594,442400
2025-07-22,184.83517456054688,188.22000122070312,188.6199951171875,185.55999755859375,186.8800048828125,215800
2025-07-23,184.2361602783203,187.61000061035156,189.1199951171875,185.77000427246094,188.64999389648438,425800
2025-07-24,181.38832092285156,184.7100067138672,187.11000061035156,184.66000366210938,186.9499969482422,335100
2025-07-25,182.9300537109375,186.27999877929688,187.5399932861328,185.49000549316406,185.49000549316406,271700
2025-07-28,181.52578735351562,184.85000610351562,186.1999969482422,184.3300018310547,185.66000366210938,315000
2025-07-29,181.849853515625,185.17999267578125,186.57000732421875,184.7100067138672,186.0,350700
2025-07-30,181.24099731445312,184.55999755859375,185.86000061035156,183.38999938964844,185.24000549316406,301000
2025-07-31,183.93170166015625,187.3000030517578,189.1699981689453,184.14999389648438,184.14999389648438,573400
2025-08-01,183.12646484375,186.47999572753906,187.52999877929688,185.0399932861328,186.42999267578125,421700
2025-08-04,185.48329162597656,188.8800048828125,189.05999755859375,186.97999572753906,187.75999450683594,348300
2025-08-05,185.43421936035156,188.8300018310547,190.0,188.0,189.35000610351562,432600
2025-08-06,206.2627716064453,210.0399932861328,211.6999969482422,195.57000732421875,195.57000732421875,1072700
2025-08-07,198.18080139160156,201.80999755859375,209.52999877929688,200.6199951171875,209.52999877929688,591800
2025-08-08,199.6145477294922,203.27000427246094,206.5,201.9600067138672,203.4600067138672,402900
2025-08-11,202.0106658935547,205.7100067138672,205.77000427246094,203.16000366210938,203.99000549316406,429100
2025-08-12,205.6539306640625,209.4199981689453,209.5500030517578,206.80999755859375,208.1699981689453,404200
2025-08-13,209.7489471435547,213.58999633789062,214.25999450683594,208.58999633789062,209.33999633789062,472900
2025-08-14,209.10079956054688,212.92999267578125,213.69000244140625,209.77000427246094,213.25999450683594,537400
2025-08-15,208.67855834960938,212.5,214.99000549316406,212.2899932861328,214.99000549316406,578300
2025-08-18,205.37896728515625,209.13999938964844,211.75,209.10000610351562,211.75,471000
2025-08-19,209.89625549316406,213.74000549316406,213.82000732421875,208.1199951171875,209.0,372200
2025-08-20,211.52638244628906,215.39999389648438,215.7899932861328,213.75999450683594,214.7899932861328,436600
2025-08-21,210.9371795654297,214.8000030517578,216.52999877929688,214.1300048828125,214.3800048828125,305300
2025-08-22,212.03704833984375,215.9199981689453,217.60000610351562,214.52999877929688,215.5500030517578,393000
2025-08-25,210.072998046875,213.9199981689453,215.39999389648438,213.64999389648438,214.7100067138672,260900
2025-08-26,210.38726806640625,214.24000549316406,214.8699951171875,213.1199951171875,213.1300048828125,438100
2025-08-27,212.2530975341797,216.13999938964844,216.5800018310547,212.97000122070312,214.1999969482422,382700
2025-08-28,214.75723266601562,218.69000244140625,218.75,214.92999267578125,216.42999267578125,631000
2025-08-29,211.7326202392578,215.61000061035156,220.5399932861328,215.13999938964844,219.63999938964844,625400
2025-09-02,211.4960479736328,214.57000732421875,214.92999267578125,212.58999633789062,214.11000061035156,508700
2025-09-03,211.81146240234375,214.88999938964844,215.25999450683594,212.3300018310547,212.3300018310547,358400
2025-09-04,213.40826416015625,216.50999450683594,217.35000610351562,215.33999633789062,216.5800018310547,351700
2025-09-05,208.14474487304688,211.1699981689453,217.50999450683594,210.6300048828125,216.3699951171875,417200
2025-09-08,208.71644592285156,211.75,212.32000732421875,207.5399932861328,210.77000427246094,370400
2025-09-09,208.07577514648438,211.10000610351562,212.35000610351562,210.89999389648438,211.5399932861328,269600
2025-09-10,206.4001007080078,209.39999389648438,211.27000427246094,208.52999877929688,209.9199981689453,205100
2025-09-11,210.25411987304688,213.30999755859375,213.47000122070312,209.17999267578125,210.00999450683594,256200
2025-09-12,209.95840454101562,213.00999450683594,213.97000122070312,212.11000061035156,212.11000061035156,246500
2025-09-15,205.503173828125,208.49000549316406,214.1999969482422,208.22000122070312,213.74000549316406,273700
2025-09-16,202.49685668945312,205.44000244140625,208.6199951171875,205.00999450683594,208.61000061035156,331700
2025-09-17,206.49868774414062,209.5,211.35000610351562,205.2899932861328,205.55999755859375,439500
2025-09-18,206.07484436035156,209.07000732421875,211.1199951171875,208.07000732421875,208.25,352000
2025-09-19,206.5972442626953,209.60000610351562,210.22999572753906,207.82000732421875,209.0800018310547,561700
2025-09-22,208.1644744873047,211.19000244140625,211.74000549316406,207.61000061035156,209.25,382800
2025-09-23,209.45570373535156,212.5,213.6199951171875,210.50999450683594,210.8000030517578,371500
2025-09-24,212.10716247558594,215.19000244140625,215.25999450683594,212.0,212.0,441300
2025-09-25,212.90557861328125,216.0,216.57000732421875,212.10000610351562,215.38999938964844,480400
2025-09-26,212.531005859375,215.6199951171875,218.6999969482422,215.27000427246094,217.50999450683594,362800
2025-09-29,211.37777709960938,214.4499969482422,215.85000610351562,213.2100067138672,215.6699981689453,224000
2025-09-30,213.49696350097656,216.60000610351562,217.02000427246094,214.19000244140625,214.19000244140625,254700
2025-10-01,214.36434936523438,217.47999572753906,219.02000427246094,215.13999938964844,215.13999938964844,360700
2025-10-02,215.2317657470703,218.36000061035156,219.4199981689453,215.77000427246094,216.33999633789062,244800
2025-10-03,216.8482666015625,220.0,221.77999877929688,217.52999877929688,218.0,260800
2025-10-06,218.51405334472656,221.69000244140625,221.9499969482422,219.6300048828125,220.61000061035156,261300
2025-10-07,213.19140625,216.2899932861328,223.64999389648438,216.1699981689453,221.6999969482422,365100
2025-10-08,216.11886596679688,219.25999450683594,219.7100067138672,216.61000061035156,217.77000427246094,226500
2025-10-09,215.3204803466797,218.4499969482422,220.0,216.50999450683594,220.0,198200
2025-10-10,214.2559356689453,217.3699951171875,220.92999267578125,217.35000610351562,220.08999633789062,298900
2025-10-13,214.3052215576172,217.4199981689453,219.35000610351562,215.4199981689453,217.80999755859375,262100
2025-10-14,218.63233947753906,221.80999755859375,223.10000610351562,217.5500030517578,217.61000061035156,206400
2025-10-15,211.7720489501953,214.85000610351562,220.91000366210938,214.16000366210938,220.91000366210938,355100
2025-10-16,204.7244873046875,207.6999969482422,213.5500030517578,207.42999267578125,212.60000610351562,319300
2025-10-17,206.11427307128906,209.11000061035156,209.6699981689453,207.0,207.94000244140625,277600
2025-10-20,206.1536865234375,209.14999389648438,209.89999389648438,207.85000610351562,209.61000061035156,279800
2025-10-21,207.81948852539062,210.83999633789062,211.9199981689453,208.63999938964844,209.16000366210938,172400
2025-10-22,207.15907287597656,210.1699981689453,212.3000030517578,209.02999877929688,210.66000366210938,269400
2025-10-23,208.54888916015625,211.5800018310547,212.35000610351562,209.14999389648438,211.74000549316406,252000
2025-10-24,208.8248748779297,211.86000061035156,213.14999389648438,211.75,212.25999450683594,196300
2025-10-27,209.15016174316406,212.19000244140625,213.3699951171875,209.99000549316406,212.02999877929688,246600
2025-10-28,204.9117431640625,207.88999938964844,211.69000244140625,207.75999450683594,211.5,213800
2025-10-29,205.12860107421875,208.11000061035156,209.2899932861328,206.02999877929688,206.86000061035156,277600
2025-10-30,209.38670349121094,212.42999267578125,213.0399932861328,208.61000061035156,209.00999450683594,319100
2025-10-31,208.68687438964844,211.72000122070312,213.39999389648438,209.64999389648438,210.99000549316406,728900
2025-11-03,209.07130432128906,212.11000061035156,212.55999755859375,207.77999877929688,210.85000610351562,297400
2025-11-04,211.525634765625,214.60000610351562,215.25999450683594,211.9499969482422,212.99000549316406,369100
2025-11-05,215.18247985839844,218.30999755859375,225.0,217.8699951171875,220.6300048828125,433500
2025-11-06,213.70394897460938,216.80999755859375,220.1999969482422,216.27000427246094,218.33999633789062,305600
2025-11-07,221.1063690185547,224.32000732421875,225.8300018310547,216.14999389648438,218.2899932861328,452000
2025-11-10,222.8707275390625,226.11000061035156,228.1300048828125,220.9499969482422,223.2100067138672,308000
2025-11-11,222.28916931152344,225.52000427246094,228.16000366210938,224.27999877929688,227.1999969482422,217600
2025-11-12,223.23541259765625,226.47999572753906,228.36000061035156,224.97000122070312,224.97000122070312,261300
2025-11-13,223.79727172851562,227.0500030517578,228.63999938964844,226.33999633789062,226.75999450683594,228400
2025-11-14,225.31521606445312,228.58999633789062,232.02000427246094,227.33999633789062,228.30999755859375,368000
2025-11-17,221.60906982421875,224.8300018310547,228.9499969482422,223.83999633789062,228.1699981689453,261800
2025-11-18,222.71302795410156,225.9499969482422,227.27999877929688,224.32000732421875,224.77000427246094,213800
2025-11-19,221.40206909179688,224.6199951171875,226.32000732421875,223.22000122070312,225.3300018310547,185000
2025-11-20,222.8115997314453,226.0500030517578,230.0,224.2899932861328,228.25,260100
2025-11-21,223.57057189941406,226.82000732421875,229.91000366210938,226.25,226.88999938964844,293800
2025-11-24,222.7820281982422,226.02000427246094,226.94000244140625,224.69000244140625,226.64999389648438,291600
2025-11-25,224.90121459960938,228.1699981689453,229.72999572753906,226.0,228.02999877929688,260600
2025-11-26,225.24620056152344,228.52000427246094,230.44000244140625,227.6699981689453,228.61000061035156,265700
2025-11-28,224.891357421875,228.16000366210938,230.36000061035156,227.0500030517578,228.14999389648438,127700
2025-12-01,223.06080627441406,225.42999267578125,228.69000244140625,225.22000122070312,227.16000366210938,269600
2025-12-02,219.04348754882812,221.3699951171875,224.97999572753906,221.1999969482422,224.97999572753906,339300
2025-12-03,219.99337768554688,222.3300018310547,223.00999450683594,219.52999877929688,221.39999389648438,344700
2025-12-04,221.91302490234375,224.27000427246094,224.88999938964844,220.5800018310547,221.74000549316406,368900
2025-12-05,220.52769470214844,222.8699951171875,224.4600067138672,220.64999389648438,223.55999755859375,264300
2025-12-08,219.42938232421875,221.75999450683594,222.63999938964844,220.77000427246094,222.13999938964844,233500
2025-12-09,220.06265258789062,222.39999389648438,226.58999633789062,219.6300048828125,222.39999389648438,288600
2025-12-10,220.6167755126953,222.9600067138672,224.24000549316406,221.4199981689453,221.75,368800
2025-12-11,225.6235809326172,228.02000427246094,228.36000061035156,222.52999877929688,222.52999877929688,386700
2025-12-12,226.89013671875,229.3000030517578,230.11000061035156,227.6300048828125,230.0,345100
2025-12-15,230.8085174560547,233.25999450683594,233.3800048828125,229.94000244140625,231.2899932861328,420300
2025-12-16,230.86790466308594,233.32000732421875,236.74000549316406,232.10000610351562,234.1199951171875,387300
2025-12-17,234.54879760742188,237.0399932861328,237.9600067138672,232.13999938964844,233.10000610351562,443600
2025-12-18,235.52838134765625,238.02999877929688,240.5800018310547,234.66000366210938,236.44000244140625,434000
2025-12-19,236.5079803466797,239.02000427246094,240.08999633789062,237.72000122070312,237.72000122070312,596700
2025-12-22,238.9718017578125,241.50999450683594,242.0399932861328,238.85000610351562,238.8699951171875,289000
2025-12-23,238.71453857421875,241.25,243.22000122070312,240.55999755859375,242.0800018310547,290600
2025-12-24,239.3478240966797,241.88999938964844,242.33999633789062,239.35000610351562,239.50999450683594,191700
2025-12-26,237.60630798339844,240.1300048828125,243.75999450683594,239.4499969482422,242.14999389648438,168600
2025-12-29,238.90255737304688,241.44000244140625,241.74000549316406,239.2899932861328,240.52000427246094,267000
2025-12-30,239.58531188964844,242.1300048828125,243.02000427246094,239.30999755859375,241.3300018310547,341900
2025-12-31,238.31875610351562,240.85000610351562,243.5500030517578,240.69000244140625,241.83999633789062,293200
2026-01-02,235.22164916992188,237.72000122070312,240.85000610351562,235.25,239.6300048828125,348900
2026-01-05,237.8932647705078,240.4199981689453,241.77999877929688,235.3300018310547,235.5,305700
2026-01-06,233.14370727539062,235.6199951171875,239.36000061035156,232.9600067138672,238.6699981689453,468600
2026-01-07,234.01446533203125,236.5,237.30999755859375,234.16000366210938,235.0500030517578,271800
2026-01-08,235.51849365234375,238.02000427246094,240.19000244140625,233.3800048828125,236.67999267578125,445800
2026-01-09,235.4987030029297,238.0,239.88999938964844,236.67999267578125,237.1699981689453,209800
2026-01-12,235.7262725830078,238.22999572753906,239.1300048828125,236.47000122070312,236.9499969482422,259400
2026-01-13,232.5401153564453,235.00999450683594,239.11000061035156,233.49000549316406,238.5,364700
2026-01-14,235.4987030029297,238.0,239.1300048828125,235.52000427246094,235.52000427246094,281700
2026-01-15,234.9544677734375,237.4499969482422,240.0,236.85000610351562,238.14999389648438,340100
2026-01-16,231.54074096679688,234.0,238.17999267578125,233.27000427246094,238.17999267578125,406800
2026-01-20,230.30386352539062,232.75,236.22999572753906,231.1999969482422,232.72999572753906,367500
2026-01-21,235.7262725830078,238.22999572753906,238.92999267578125,232.91000366210938,233.16000366210938,334600
2026-01-22,234.92478942871094,237.4199981689453,238.16000366210938,232.97999572753906,236.83999633789062,266700
2026-01-23,230.93714904785156,233.38999938964844,236.8800048828125,231.39999389648438,236.08999633789062,259200
2026-01-26,231.41209411621094,233.8699951171875,237.27000427246094,233.4499969482422,234.66000366210938,282500
2026-01-27,234.55870056152344,237.0500030517578,237.14999389648438,232.63999938964844,234.0500030517578,330100
2026-01-28,234.79615783691406,237.2899932861328,238.11000061035156,234.89999389648438,236.16000366210938,300200
2026-01-29,236.03302001953125,238.5399932861328,240.4499969482422,235.02999877929688,238.92999267578125,256000
2026-01-30,235.62734985351562,238.1300048828125,239.3300018310547,235.9600067138672,238.6199951171875,331200
2026-02-02,237.8635711669922,240.38999938964844,242.80999755859375,238.58999633789062,239.52000427246094,367900
2026-02-03,238.6947479248047,241.22999572753906,244.8300018310547,239.02000427246094,239.14999389648438,335800
2026-02-04,238.77391052246094,241.30999755859375,243.42999267578125,239.94000244140625,241.14999389648438,382000
2026-02-05,239.9118194580078,242.4600067138672,245.02000427246094,239.14999389648438,241.41000366210938,525100
2026-02-06,240.75289916992188,243.30999755859375,246.30999755859375,242.5399932861328,244.99000549316406,353000
2026-02-09,232.84686279296875,235.32000732421875,244.42999267578125,234.17999267578125,242.22999572753906,382900
2026-02-10,233.9748992919922,236.4600067138672,237.5800018310547,233.97000122070312,235.17999267578125,574700
2026-02-11,213.73980712890625,216.00999450683594,234.25,215.22999572753906,234.25,1204000
2026-02-12,212.22589111328125,214.47999572753906,222.05999755859375,209.86000061035156,218.4199981689453,1097800
2026-02-13,215.19435119628906,217.47999572753906,218.41000366210938,211.4600067138672,213.69000244140625,723400
2026-02-17,219.60552978515625,221.0399932861328,222.25999450683594,218.07000732421875,218.9499969482422,614200
2026-02-18,218.27423095703125,219.6999969482422,221.2899932861328,217.0800018310547,220.50999450683594,527500
2026-02-19,221.4733428955078,222.9199981689453,223.0800018310547,217.86000061035156,219.75999450683594,462200
2026-02-20,222.8543243408203,224.30999755859375,224.49000549316406,220.5,224.22999572753906,391700
2026-02-23,217.00254821777344,218.4199981689453,225.47000122070312,217.69000244140625,223.22000122070312,442500
2026-02-24,221.40380859375,222.85000610351562,223.86000061035156,216.27000427246094,218.11000061035156,557400
2026-02-25,222.6754913330078,224.1300048828125,224.75999450683594,220.9199981689453,223.10000610351562,509100
2026-02-26,227.95103454589844,229.44000244140625,230.27000427246094,224.52000427246094,225.75999450683594,316000
2026-02-27,228.1000518798828,229.58999633789062,230.2899932861328,224.32000732421875,229.72999572753906,431600
2026-03-02,232.03436279296875,233.5500030517578,235.5,228.9600067138672,229.58999633789062,345800
2026-03-03,231.37864685058594,232.88999938964844,233.64999389648438,226.6699981689453,230.99000549316406,344300
2026-03-04,230.4447479248047,231.9499969482422,233.22000122070312,229.47000122070312,231.9199981689453,403500
2026-03-05,225.70567321777344,227.17999267578125,231.3300018310547,226.5500030517578,229.77000427246094,375500
2026-03-06,221.46340942382812,222.91000366210938,225.19000244140625,220.82000732421875,225.19000244140625,304100
2026-03-09,218.24441528320312,219.6699981689453,221.27999877929688,216.5399932861328,221.27999877929688,381600
2026-03-10,218.27423095703125,219.6999969482422,222.7899932861328,216.5,218.85000610351562,282500
2026-03-11,215.293701171875,216.6999969482422,219.3000030517578,215.47000122070312,218.2100067138672,308200
2026-03-12,213.90280151367188,215.3000030517578,218.30999755859375,212.8699951171875,213.55999755859375,383700
2026-03-13,217.11183166503906,218.52999877929688,218.8300018310547,216.30999755859375,217.64999389648438,352100
2026-03-16,220.7083282470703,222.14999389648438,222.5,218.89999389648438,220.0800018310547,329200
2026-03-17,215.90968322753906,217.32000732421875,226.13999938964844,217.08999633789062,223.85000610351562,497000
2026-03-18,210.72357177734375,212.10000610351562,216.2899932861328,211.63999938964844,216.2899932861328,553900
2026-03-19,210.48512268066406,211.86000061035156,214.6300048828125,210.60000610351562,212.1300048828125,374400
2026-03-20,211.428955078125,212.80999755859375,212.8300018310547,210.44000244140625,212.3699951171875,526200
2026-03-23,216.01895141601562,217.42999267578125,219.30999755859375,214.8800048828125,216.02999877929688,317500
2026-03-24,216.10838317871094,217.52000427246094,219.6699981689453,215.0399932861328,215.85000610351562,257600
2026-03-25,215.61163330078125,217.02000427246094,222.0,216.24000549316406,219.00999450683594,245500
2026-03-26,215.9990997314453,217.41000366210938,219.25999450683594,216.47000122070312,216.47000122070312,336100
2026-03-27,211.89588928222656,213.27999877929688,217.74000549316406,212.1199951171875,217.0,283900
2026-03-30,214.70753479003906,216.11000061035156,218.22999572753906,213.6199951171875,215.24000549316406,256000
2026-03-31,216.39649963378906,217.80999755859375,219.0,214.41000366210938,218.82000732421875,280400
2026-04-01,214.92611694335938,216.3300018310547,218.3800048828125,213.82000732421875,217.67999267578125,292500
2026-04-02,216.84356689453125,218.25999450683594,220.1999969482422,215.0500030517578,216.0399932861328,288400
2026-04-06,216.57534790039062,217.99000549316406,218.5500030517578,215.6199951171875,217.02999877929688,258900
2026-04-07,217.3800811767578,218.8000030517578,219.25999450683594,216.0,217.1999969482422,255500
2026-04-08,222.2383575439453,223.69000244140625,224.67999267578125,218.52000427246094,219.39999389648438,333200
2026-04-09,221.83099365234375,223.27999877929688,224.6999969482422,221.41000366210938,222.6699981689453,302900
2026-04-10,217.97618103027344,219.39999389648438,222.8800048828125,218.0500030517578,222.0399932861328,272600
2026-04-13,220.9567108154297,222.39999389648438,222.4499969482422,218.14999389648438,219.02999877929688,335500
2026-04-14,220.8275604248047,222.27000427246094,223.3000030517578,220.49000549316406,220.97000122070312,276100
2026-04-15,222.55625915527344,224.00999450683594,224.57000732421875,221.38999938964844,222.30999755859375,327100
2026-04-16,223.1920928955078,224.64999389648438,225.3699951171875,223.1199951171875,225.27000427246094,298500
2026-04-17,226.2819366455078,227.75999450683594,230.00999450683594,224.24000549316406,224.6999969482422,226700
2026-04-20,224.75193786621094,226.22000122070312,229.75999450683594,225.63999938964844,227.52999877929688,226700
2026-04-21,227.47415161132812,228.9600067138672,230.8000030517578,225.63999938964844,226.91000366210938,373200
2026-04-22,227.58343505859375,229.07000732421875,229.9499969482422,226.38999938964844,228.61000061035156,366700
2026-04-23,228.9644012451172,230.4600067138672,232.0,227.6300048828125,229.8800048828125,569100
2026-04-24,228.30868530273438,229.8000030517578,231.8800048828125,228.6199951171875,229.10000610351562,483800
2026-04-27,231.20974731445312,232.72000122070312,234.1300048828125,228.83999633789062,228.83999633789062,421200
2026-04-28,233.87234497070312,235.39999389648438,237.0,233.5399932861328,235.0,469900
2026-04-29,231.1898651123047,232.6999969482422,235.02000427246094,231.69000244140625,234.85000610351562,341700
2026-04-30,234.7366943359375,236.27000427246094,237.5,228.64999389648438,230.52000427246094,456800
2026-05-01,230.00758361816406,231.50999450683594,238.82000732421875,231.19000244140625,237.97999572753906,620500
2026-05-04,227.6331024169922,229.1199951171875,232.4499969482422,226.5800018310547,229.89999389648438,854900
2026-05-05,235.60104370117188,237.13999938964844,238.2100067138672,228.74000549316406,229.72999572753906,710800
2026-05-06,235.07449340820312,236.61000061035156,241.7899932861328,230.55999755859375,235.9600067138672,638000
2026-05-07,232.28273010253906,233.8000030517578,238.3800048828125,232.3000030517578,235.38999938964844,439300
2026-05-08,238.11463928222656,239.6699981689453,239.72999572753906,232.49000549316406,233.77000427246094,491900
2026-05-11,242.55563354492188,244.13999938964844,244.4199981689453,239.07000732421875,240.0,481700
2026-05-12,241.85023498535156,243.42999267578125,247.4199981689453,240.94000244140625,245.35000610351562,433300
2026-05-13,241.0355682373047,242.61000061035156,245.24000549316406,240.33999633789062,243.61000061035156,366600
2026-05-14,251.0799560546875,252.72000122070312,254.42999267578125,249.5399932861328,253.9499969482422,636300
2026-05-15,252.95767211914062,254.61000061035156,257.1700134277344,252.10000610351562,253.94000244140625,481600
2026-05-18,256.4945983886719,258.1700134277344,260.9700012207031,254.00999450683594,254.57000732421875,536500
2026-05-19,254.8056182861328,256.4700012207031,259.4599914550781,253.8000030517578,256.4599914550781,420700
2026-05-20,254.5870361328125,256.25,258.32000732421875,253.74000549316406,257.75,355600
2026-05-21,254.0406036376953,255.6999969482422,256.510009765625,251.77999877929688,254.10000610351562,377900
2026-05-22,253.16632080078125,254.82000732421875,256.7099914550781,254.19000244140625,256.0,267600
2026-05-26,254.34861755371094,256.010009765625,257.3699951171875,254.55999755859375,255.6199951171875,213600
2026-05-27,250.42422485351562,252.05999755859375,256.75,251.02000427246094,255.80999755859375,255200
2026-05-28,245.79446411132812,247.39999389648438,253.27999877929688,247.3300018310547,250.97999572753906,413000
2026-05-29,247.2549285888672,248.8699951171875,250.4199981689453,245.5500030517578,246.69000244140625,604800
2026-06-01,247.15557861328125,248.77000427246094,249.4600067138672,246.6300048828125,247.3000030517578,524200
2026-06-02,246.86746215820312,248.47999572753906,253.14999389648438,247.02000427246094,250.7899932861328,574500
2026-06-03,246.807861328125,248.4199981689453,251.05999755859375,246.97999572753906,246.97999572753906,448800
2026-06-04,250.02684020996094,251.66000366210938,254.42999267578125,249.7899932861328,250.9600067138672,432200
2026-06-05,255.67990112304688,257.3500061035156,258.69000244140625,252.94000244140625,252.94000244140625,613800
2026-06-08,251.24362182617188,252.02000427246094,256.0199890136719,251.92999267578125,254.58999633789062,621900
2026-06-09,250.21678161621094,250.99000549316406,253.94000244140625,248.80999755859375,252.8300018310547,433700
2026-06-10,256.5472106933594,257.3399963378906,259.92999267578125,252.2899932861328,253.0500030517578,451300
2026-06-11,257.7036437988281,258.5,260.510009765625,257.6199951171875,259.2200012207031,279400
2026-06-12,260.18597412109375,260.989990234375,261.1000061035156,255.3699951171875,259.2099914550781,251200
2026-06-15,258.6606750488281,259.4599914550781,262.989990234375,258.739990234375,260.30999755859375,359600
2026-06-16,259.747314453125,260.54998779296875,262.45001220703125,259.04998779296875,261.5400085449219,398300
2026-06-17,261.3224792480469,262.1300048828125,265.6600036621094,260.55999755859375,261.25,384500
2026-06-18,259.0594482421875,259.8599853515625,265.260009765625,258.44000244140625,265.260009765625,863100
2026-06-22,260.7741394042969,261.5799865722656,265.510009765625,260.2799987792969,260.2799987792969,280400
2026-06-23,264.4826965332031,265.29998779296875,266.8999938964844,262.44000244140625,263.7099914550781,405800
2026-06-24,263.00726318359375,263.82000732421875,268.6700134277344,263.1700134277344,266.3999938964844,450000
2026-06-25,259.9666442871094,260.7699890136719,267.9599914550781,260.69000244140625,264.5299987792969,385600
2026-06-26,263.6153869628906,264.42999267578125,265.57000732421875,262.8900146484375,263.20001220703125,634600
2026-06-29,267.1544494628906,267.9800109863281,268.0,263.239990234375,263.2799987792969,354800
2026-06-30,267.7027587890625,268.5299987792969,270.7799987792969,266.9200134277344,267.5400085449219,347800
2026-07-01,273.29547119140625,274.1400146484375,276.05999755859375,269.42999267578125,269.42999267578125,300100
2026-07-02,278.6190185546875,279.4800109863281,279.5,271.4700012207031,275.9800109863281,276600
2026-07-06,278.41961669921875,279.2799987792969,282.3599853515625,276.82000732421875,280.1099853515625,429500
2026-07-07,279.2470703125,280.1099853515625,284.1199951171875,279.0199890136719,281.70001220703125,369900
2026-07-08,277.1734924316406,278.0299987792969,281.7699890136719,277.9599914550781,281.7699890136719,289500
2026-07-09,278.33990478515625,279.20001220703125,282.4800109863281,277.54998779296875,279.0,430900
2026-07-10,278.0308532714844,278.8900146484375,282.0,276.8599853515625,279.3900146484375,404300
2026-07-13,279.0177917480469,279.8800048828125,282.9599914550781,277.75,280.8999938964844,313000
2026-07-14,276.1267395019531,276.9800109863281,281.6300048828125,276.70001220703125,277.3699951171875,230700
2026-07-15,273.076171875,273.9200134277344,276.0400085449219,271.75,272.8800048828125,337000
2026-07-16,274.5914611816406,275.44000244140625,277.5799865722656,271.7900085449219,273.6300048828125,321000
2026-07-17,275.9871520996094,276.8399963378906,281.6099853515625,275.7900085449219,275.7900085449219,296600
2026-07-20,274.6213684082031,275.4700012207031,278.75,275.1700134277344,276.8399963378906,282000
2026-07-21,274.990234375,275.8399963378906,276.05999755859375,272.4200134277344,275.2799987792969,223600
2026-07-22,272.3085021972656,273.1499938964844,274.989990234375,272.07000732421875,274.989990234375,347200
2026-07-23,272.9565124511719,273.79998779296875,274.010009765625,269.7799987792969,272.20001220703125,282200
2026-07-24,276.08685302734375,276.94000244140625,277.8900146484375,272.3800048828125,274.0199890136719,235500
2026-07-27,276.0170593261719,276.8699951171875,279.1499938964844,276.7799987792969,277.19000244140625,320700
2026-07-28,282.2079162597656,283.0799865722656,283.4599914550781,276.8699951171875,277.2900085449219,518600
2026-07-29,280.13433837890625,281.0,284.6400146484375,278.54998779296875,281.9599914550781,395000
2026-07-30,281.5898132324219,282.4599914550781,284.07000732421875,275.7699890136719,281.6000061035156,438800
2026-07-31,278.3299255371094,279.19000244140625,282.8399963378906,279.07000732421875,280.2099914550781,531100
2026-08-03,281.52008056640625,282.3900146484375,283.5299987792969,278.989990234375,280.5199890136719,433200
2026-08-04,280.4433898925781,281.30999755859375,282.8900146484375,278.5899963378906,280.6700134277344,425500
2026-08-05,300.6409606933594,301.57000732421875,302.2900085449219,290.0,294.1400146484375,711100
2026-08-06,295.48687744140625,296.3999938964844,303.94000244140625,292.25,300.95001220703125,485300
2026-08-07,288.6579895019531,289.54998779296875,298.2300109863281,288.6600036621094,296.3800048828125,486800
2026-08-10,286.3351745605469,287.2200012207031,289.3699951171875,285.2699890136719,287.45001220703125,364000
2026-08-11,280.5430603027344,281.4100036621094,289.9599914550781,280.8999938964844,286.3800048828125,385200
2026-08-12,280.25396728515625,281.1199951171875,284.6400146484375,278.3699951171875,280.0899963378906,274000
2026-08-13,280.0545959472656,280.9200134277344,290.5,280.32000732421875,290.5,284400
2026-08-14,281.5101013183594,282.3800048828125,283.3800048828125,279.44000244140625,282.2699890136719,359500
2026-08-17,280.2439880371094,281.1099853515625,285.9100036621094,281.0199890136719,281.9599914550781,374700
2026-08-18,279.20721435546875,280.07000732421875,288.1400146484375,279.8999938964844,284.239990234375,393800
2026-08-19,277.4526062011719,278.30999755859375,282.8599853515625,278.2799987792969,282.8599853515625,283800
2026-08-20,281.1312561035156,282.0,283.45001220703125,274.3599853515625,276.8800048828125,442500
2026-08-21,283.16497802734375,284.0400085449219,285.25,282.9200134277344,283.67999267578125,587400
2026-08-24,286.92333984375,287.80999755859375,288.5,284.95001220703125,284.95001220703125,310000
2026-08-25,284.27154541015625,285.1499938964844,288.239990234375,282.82000732421875,288.239990234375,272900
2026-08-26,287.6212158203125,288.510009765625,289.25,285.1499938964844,285.1499938964844,284200
2026-08-27,284.53076171875,285.4100036621094,288.4599914550781,283.9599914550781,285.9800109863281,228800
2026-08-28,284.7699890136719,285.6499938964844,288.2200012207031,284.67999267578125,285.6600036621094,229400
2026-08-31,281.8599853515625,281.8599853515625,285.6700134277344,281.3800048828125,284.07000732421875,275500
2026-09-01,280.7799987792969,280.7799987792969,284.44000244140625,279.9700012207031,282.4599914550781,246000
2026-09-02,284.07000732421875,284.07000732421875,286.010009765625,278.9599914550781,281.3500061035156,222100
2026-09-03,287.7099914550781,287.7099914550781,288.70001220703125,286.3800048828125,286.3800048828125,213400
2026-09-04,285.739990234375,285.739990234375,286.82000732421875,284.6700134277344,285.1499938964844,330000
2026-09-08,281.010009765625,281.010009765625,285.9800109863281,280.80999755859375,283.55999755859375,269700
2026-09-09,280.44000244140625,280.44000244140625,282.20001220703125,278.2900085449219,279.6700134277344,253300
2026-09-10,280.9700012207031,280.9700012207031,284.92999267578125,279.2099914550781,283.20001220703125,242100
2026-09-11,282.4599914550781,282.4599914550781,284.8800048828125,280.510009765625,284.8800048828125,267900
