Date,adj_close,Close,High,Low,Open,Volume
2019-03-20,33.010738372802734,49.79999923706055,53.5,49.5,52.75,2350800
2019-03-21,32.46718978881836,48.97999954223633,50.0,48.20000076293945,49.9900016784668,1764700
2019-03-22,32.21529769897461,48.599998474121094,49.95000076293945,48.15999984741211,48.79999923706055,844700
2019-03-25,32.57986831665039,49.150001525878906,49.400001525878906,48.0,48.599998474121094,440900
2019-03-26,32.381004333496094,48.849998474121094,49.75,48.18000030517578,49.0,504700
2019-03-27,33.2095947265625,50.099998474121094,50.779998779296875,49.0,49.0,1788600
2019-03-28,33.70674133300781,50.849998474121094,51.0,49.915000915527344,50.900001525878906,585400
2019-03-29,34.223777770996094,51.630001068115234,52.47999954223633,49.18000030517578,49.52000045776367,1769000
2019-04-01,35.46333694458008,53.5,54.38999938964844,51.25,52.29999923706055,19663400
2019-04-02,37.286224365234375,56.25,57.38999938964844,54.29999923706055,55.119998931884766,17414200
2019-04-03,37.703819274902344,56.880001068115234,57.20000076293945,55.5099983215332,57.08000183105469,15066200
2019-04-04,39.57973861694336,59.709999084472656,60.52000045776367,57.099998474121094,57.20000076293945,13309200
2019-04-05,37.94245529174805,57.2400016784668,58.97999954223633,56.27000045776367,58.38999938964844,17000800
2019-04-08,37.88280487060547,57.150001525878906,58.38999938964844,56.27000045776367,56.5,10764600
2019-04-09,37.29948043823242,56.27000045776367,57.20000076293945,56.08000183105469,56.79999923706055,9179900
2019-04-10,36.92826843261719,55.709999084472656,56.40999984741211,55.099998474121094,55.9900016784668,9081900
2019-04-11,36.384727478027344,54.88999938964844,56.209999084472656,54.83000183105469,55.70000076293945,7346100
2019-04-12,38.64509963989258,58.29999923706055,58.33000183105469,55.93000030517578,55.93000030517578,9281700
2019-04-15,38.3004035949707,57.779998779296875,58.849998474121094,57.290000915527344,58.56999969482422,5727300
2019-04-16,38.77766418457031,58.5,58.9900016784668,57.84000015258789,58.709999084472656,6681600
2019-04-17,38.65834426879883,58.31999969482422,59.04999923706055,58.20000076293945,58.95000076293945,6420700
2019-04-18,38.29378128051758,57.77000045776367,58.61000061035156,57.54999923706055,58.36000061035156,5178800
2019-04-22,38.373321533203125,57.88999938964844,58.40999984741211,57.2599983215332,57.47999954223633,4401700
2019-04-23,38.207603454589844,57.63999938964844,57.84000015258789,57.0,57.290000915527344,5687200
2019-04-24,37.10725021362305,55.97999954223633,57.88999938964844,55.8650016784668,57.4900016784668,5431300
2019-04-25,36.676387786865234,55.33000183105469,55.97999954223633,54.81999969482422,55.7599983215332,6260500
2019-04-26,36.623355865478516,55.25,55.599998474121094,54.95000076293945,55.29999923706055,4009800
2019-04-29,36.78908157348633,55.5,55.685001373291016,54.79999923706055,55.04999923706055,5935200
2019-04-30,37.604393005371094,56.72999954223633,57.20500183105469,55.599998474121094,55.7599983215332,6454100
2019-05-01,37.2066650390625,56.130001068115234,57.47999954223633,55.880001068115234,56.81999969482422,7644400
2019-05-02,34.933040618896484,52.70000076293945,56.4900016784668,52.029998779296875,55.540000915527344,13932700
2019-05-03,35.33076095581055,53.29999923706055,53.349998474121094,51.720001220703125,53.20000076293945,7401700
2019-05-06,35.43682861328125,53.459999084472656,54.029998779296875,51.70000076293945,52.150001525878906,6089500
2019-05-07,35.09876251220703,52.95000076293945,53.32500076293945,52.650001525878906,52.86000061035156,7330800
2019-05-08,34.78721618652344,52.47999954223633,53.39500045776367,52.310001373291016,53.33000183105469,5390700
2019-05-09,35.08549880981445,52.93000030517578,53.13999938964844,51.54999923706055,52.2599983215332,4579700
2019-05-10,35.17831039428711,53.06999969482422,53.7140007019043,52.4900016784668,52.939998626708984,4758100
2019-05-13,33.77302551269531,50.95000076293945,52.54999923706055,50.7599983215332,52.279998779296875,4213100
2019-05-14,34.78721618652344,52.47999954223633,53.0,50.84000015258789,51.33000183105469,4204500
2019-05-15,35.09876251220703,52.95000076293945,53.32500076293945,51.66999816894531,51.97999954223633,2928700
2019-05-16,35.118648529052734,52.97999954223633,53.54999923706055,52.72999954223633,53.290000915527344,3689700
2019-05-17,33.67359924316406,50.79999923706055,52.52000045776367,50.65999984741211,52.34000015258789,4440800
2019-05-20,33.19633865356445,50.08000183105469,50.540000915527344,49.91999816894531,50.400001525878906,5168400
2019-05-21,33.5609130859375,50.630001068115234,51.189998626708984,50.02000045776367,50.279998779296875,4968400
2019-05-22,33.28250503540039,50.209999084472656,50.61000061035156,49.96500015258789,50.459999084472656,3019100
2019-05-23,32.288211822509766,48.709999084472656,49.86000061035156,48.209999084472656,49.5,4919200
2019-05-24,32.613014221191406,49.20000076293945,49.57500076293945,48.439998626708984,49.38999938964844,2918900
2019-05-28,32.18878173828125,48.560001373291016,49.43000030517578,48.099998474121094,49.369998931884766,6613000
2019-05-29,32.288211822509766,48.709999084472656,49.43000030517578,48.0099983215332,48.20000076293945,3525900
2019-05-30,32.59757614135742,48.470001220703125,48.59000015258789,48.02000045776367,48.119998931884766,3777600
2019-05-31,31.44754981994629,46.7599983215332,48.0,46.75,47.959999084472656,3396900
2019-06-03,32.25457763671875,47.959999084472656,47.959999084472656,46.849998474121094,46.849998474121094,5905200
2019-06-04,33.579463958740234,49.93000030517578,49.93000030517578,48.63999938964844,48.68000030517578,7043000
2019-06-05,33.855201721191406,50.34000015258789,50.56999969482422,49.04999923706055,50.4900016784668,6413300
2019-06-06,34.33943176269531,51.060001373291016,51.310001373291016,50.150001525878906,50.279998779296875,6228100
2019-06-07,34.500831604003906,51.29999923706055,51.689998626708984,50.869998931884766,51.130001068115234,5391100
2019-06-10,34.716041564941406,51.619998931884766,52.099998474121094,51.58000183105469,51.720001220703125,5434400
2019-06-11,34.99850845336914,52.040000915527344,52.16999816894531,51.560001373291016,52.0,5144300
2019-06-12,35.3011474609375,52.4900016784668,52.63999938964844,51.68000030517578,52.060001373291016,3103900
2019-06-13,35.56343460083008,52.880001068115234,52.95000076293945,52.040000915527344,52.68000030517578,4179800
2019-06-14,34.39995574951172,51.150001525878906,52.689998626708984,51.0,52.630001068115234,3919300
2019-06-17,33.18939208984375,49.349998474121094,50.33000183105469,49.04999923706055,50.060001373291016,5787300
2019-06-18,33.36426544189453,49.61000061035156,50.56999969482422,49.400001525878906,49.75,5014200
2019-06-19,32.61774444580078,48.5,50.2400016784668,48.33000183105469,49.95000076293945,5404000
2019-06-20,32.90693664550781,48.93000030517578,49.59000015258789,48.619998931884766,49.095001220703125,4228300
2019-06-21,32.52360153198242,48.36000061035156,49.27000045776367,48.310001373291016,48.81999969482422,9478500
2019-06-24,33.344085693359375,49.58000183105469,49.70000076293945,48.31999969482422,48.5099983215332,4602300
2019-06-25,33.41806411743164,49.689998626708984,50.222999572753906,49.04999923706055,49.4900016784668,4005200
2019-06-26,33.92918395996094,50.45000076293945,51.220001220703125,49.810001373291016,49.849998474121094,5244400
2019-06-27,34.23854446411133,50.90999984741211,51.13999938964844,50.53099822998047,50.61000061035156,4097200
2019-06-28,33.1624870300293,49.310001373291016,51.20000076293945,49.08000183105469,51.040000915527344,6507400
2019-07-01,33.734153747558594,50.15999984741211,50.20000076293945,49.52000045776367,50.0,4641700
2019-07-02,33.22303009033203,49.400001525878906,50.060001373291016,48.7599983215332,50.0,4725800
2019-07-03,33.17595672607422,49.33000183105469,49.650001525878906,49.20000076293945,49.459999084472656,2479400
2019-07-05,33.1624870300293,49.310001373291016,49.369998931884766,48.959999084472656,49.0099983215332,2529800
2019-07-08,32.631195068359375,48.52000045776367,49.5,48.3849983215332,49.34000015258789,5936000
2019-07-09,32.19404983520508,47.869998931884766,48.43000030517578,47.5,48.29999923706055,4967400
2019-07-10,31.978843688964844,47.54999923706055,48.41999816894531,47.52000045776367,48.34000015258789,3507400
2019-07-11,32.13352584838867,47.779998779296875,48.060001373291016,47.18000030517578,47.72999954223633,4202000
2019-07-12,33.43151092529297,49.709999084472656,50.040000915527344,48.08000183105469,48.459999084472656,4328400
2019-07-15,34.25199890136719,50.93000030517578,50.95000076293945,49.65999984741211,49.77000045776367,4923800
2019-07-16,35.18682098388672,52.31999969482422,52.64500045776367,50.95000076293945,50.95000076293945,6011200
2019-07-17,34.70259094238281,51.599998474121094,52.29999923706055,51.22999954223633,52.15999984741211,4417500
2019-07-18,34.80347442626953,51.75,52.04999923706055,51.279998779296875,51.54999923706055,3620300
2019-07-19,34.64878463745117,51.52000045776367,51.83000183105469,51.5,51.77000045776367,3221500
2019-07-22,34.21836471557617,50.880001068115234,51.56999969482422,50.599998474121094,51.50400161743164,2814900
2019-07-23,35.388580322265625,52.619998931884766,52.900001525878906,50.95000076293945,51.0,4387700
2019-07-24,35.502906799316406,52.790000915527344,52.9900016784668,52.040000915527344,52.5,3516400
2019-07-25,34.14440155029297,50.77000045776367,51.9900016784668,50.29999923706055,51.63999938964844,4254600
2019-07-26,33.02799606323242,49.11000061035156,50.29999923706055,48.91999816894531,50.27000045776367,5066000
2019-07-29,32.31511306762695,48.04999923706055,48.880001068115234,47.97999954223633,48.52000045776367,4219800
2019-07-30,32.55050277709961,48.400001525878906,48.439998626708984,47.779998779296875,47.779998779296875,4194300
2019-07-31,32.577396392822266,48.439998626708984,49.43000030517578,47.95000076293945,48.4900016784668,5188500
2019-08-01,31.50807762145996,46.849998474121094,48.599998474121094,46.779998779296875,48.150001525878906,5803200
2019-08-02,30.667409896850586,45.599998474121094,47.5,45.369998931884766,46.689998626708984,5346400
2019-08-05,30.109210968017578,44.77000045776367,45.130001068115234,44.06999969482422,45.060001373291016,5147300
2019-08-06,29.880552291870117,44.43000030517578,45.45000076293945,43.73500061035156,45.11000061035156,4702800
2019-08-07,30.18990707397461,44.88999938964844,45.0,43.90999984741211,44.099998474121094,4490100
2019-08-08,31.46772003173828,46.790000915527344,46.81999969482422,45.189998626708984,45.196998596191406,4573400
2019-08-09,31.366846084594727,46.63999938964844,46.9900016784668,46.099998474121094,46.41999816894531,4468000
2019-08-12,30.72793960571289,45.689998626708984,46.79999923706055,45.52000045776367,46.38999938964844,4491600
2019-08-13,31.50807762145996,46.849998474121094,47.7599983215332,45.58000183105469,45.779998779296875,5407300
2019-08-14,29.645160675048828,44.08000183105469,46.150001525878906,44.0,45.79999923706055,6178300
2019-08-15,29.17439079284668,43.380001068115234,44.369998931884766,42.959999084472656,44.34000015258789,3494600
2019-08-16,29.934345245361328,44.5099983215332,44.810001373291016,42.77000045776367,43.290000915527344,4586000
2019-08-19,30.667409896850586,45.599998474121094,45.862998962402344,45.150001525878906,45.36000061035156,3615500
2019-08-20,29.02643394470215,43.15999984741211,45.25,43.06999969482422,45.25,5972800
2019-08-21,29.107133865356445,43.279998779296875,44.2400016784668,43.2400016784668,43.849998474121094,4397800
2019-08-22,28.27992820739746,42.04999923706055,43.900001525878906,42.02000045776367,43.31999969482422,6072100
2019-08-23,27.37873077392578,40.709999084472656,42.02000045776367,40.439998626708984,42.0,6696800
2019-08-26,27.452713012695312,40.81999969482422,41.349998474121094,40.61000061035156,41.27000045776367,3402400
2019-08-27,27.68809700012207,41.16999816894531,41.72999954223633,40.91899871826172,41.189998626708984,4152200
2019-08-28,28.59601593017578,42.52000045776367,42.63999938964844,40.7599983215332,41.150001525878906,4539300
2019-08-29,28.972095489501953,42.369998931884766,43.0,42.209999084472656,42.33000183105469,3292500
2019-08-30,29.14988899230957,42.630001068115234,43.0,42.27000045776367,42.83000183105469,4099200
2019-09-03,28.582338333129883,41.79999923706055,42.22999954223633,41.150001525878906,42.13999938964844,3343300
2019-09-04,29.088348388671875,42.540000915527344,42.790000915527344,41.849998474121094,42.59000015258789,2651400
2019-09-05,29.649051666259766,43.36000061035156,43.970001220703125,43.09000015258789,43.150001525878906,4041400
2019-09-06,29.56698989868164,43.2400016784668,43.65999984741211,42.65999984741211,43.540000915527344,3217900
2019-09-09,30.39437484741211,44.45000076293945,44.62699890136719,43.2599983215332,43.529998779296875,3848000
2019-09-10,31.673065185546875,46.31999969482422,46.369998931884766,44.779998779296875,45.099998474121094,4704000
2019-09-11,32.05598068237305,46.880001068115234,47.04999923706055,45.58000183105469,46.52000045776367,4445000
2019-09-12,32.117530822753906,46.970001220703125,47.189998626708984,45.56999969482422,47.06999969482422,3649700
2019-09-13,32.95857620239258,48.20000076293945,48.439998626708984,47.25,47.63999938964844,4027600
2019-09-16,33.512451171875,49.0099983215332,49.97999954223633,48.279998779296875,48.689998626708984,5040600
2019-09-17,32.82182312011719,48.0,49.09000015258789,47.61000061035156,48.66999816894531,3741900
2019-09-18,32.48676681518555,47.5099983215332,47.900001525878906,47.02000045776367,47.900001525878906,2588200
2019-09-19,32.57566452026367,47.63999938964844,48.40999984741211,47.4900016784668,48.119998931884766,2418300
2019-09-20,32.96541976928711,48.209999084472656,48.849998474121094,47.06999969482422,47.470001220703125,10570400
2019-09-23,32.760284423828125,47.90999984741211,48.21500015258789,47.119998931884766,47.38999938964844,3599400
2019-09-24,31.864519119262695,46.599998474121094,48.0,45.95000076293945,47.779998779296875,4515300
2019-09-25,32.60301208496094,47.68000030517578,47.970001220703125,46.130001068115234,46.54999923706055,4396200
2019-09-26,32.295310974121094,47.22999954223633,47.689998626708984,46.933998107910156,47.5099983215332,2994200
2019-09-27,32.18589401245117,47.06999969482422,47.880001068115234,47.0099983215332,47.400001525878906,3722300
2019-09-30,32.582489013671875,47.650001525878906,47.790000915527344,47.11000061035156,47.2599983215332,2512200
2019-10-01,31.433732986450195,45.970001220703125,48.56999969482422,45.900001525878906,47.939998626708984,3838400
2019-10-02,30.722597122192383,44.93000030517578,45.16999816894531,44.36000061035156,44.66999816894531,4759500
2019-10-03,30.98243522644043,45.310001373291016,45.38999938964844,44.369998931884766,44.849998474121094,3422400
2019-10-04,31.002960205078125,45.34000015258789,45.779998779296875,45.0099983215332,45.18000030517578,3512300
2019-10-07,30.886707305908203,45.16999816894531,45.77000045776367,44.76499938964844,45.08000183105469,2977900
2019-10-08,29.984107971191406,43.849998474121094,45.04999923706055,43.83000183105469,44.75,2985900
2019-10-09,30.093503952026367,44.0099983215332,44.540000915527344,44.0,44.38999938964844,2844600
2019-10-10,30.715763092041016,44.91999816894531,45.290000915527344,44.02000045776367,44.33000183105469,4325000
2019-10-11,32.226924896240234,47.130001068115234,47.720001220703125,45.50299835205078,45.75,3675700
2019-10-14,32.01495361328125,46.81999969482422,47.27000045776367,46.2400016784668,46.720001220703125,3196500
2019-10-15,32.274803161621094,47.20000076293945,48.099998474121094,46.529998779296875,46.81999969482422,3216800
2019-10-16,32.2200927734375,47.119998931884766,47.91999816894531,47.0099983215332,47.4900016784668,3626900
2019-10-17,32.6919059753418,47.810001373291016,48.540000915527344,47.13999938964844,47.439998626708984,2724400
2019-10-18,32.794464111328125,47.959999084472656,48.191001892089844,47.36000061035156,47.90999984741211,2757600
2019-10-21,32.2200927734375,47.119998931884766,48.970001220703125,47.09000015258789,48.59000015258789,3967000
2019-10-22,32.01495361328125,46.81999969482422,47.38399887084961,46.02000045776367,47.08000183105469,4645400
2019-10-23,32.295310974121094,47.22999954223633,47.5099983215332,46.54999923706055,46.779998779296875,4152000
2019-10-24,33.82699966430664,49.470001220703125,49.9900016784668,47.84000015258789,48.650001525878906,6098900
2019-10-25,34.517616271972656,50.47999954223633,50.7599983215332,48.900001525878906,49.779998779296875,5361100
2019-10-28,35.01678466796875,51.209999084472656,51.439998626708984,50.43000030517578,50.75,4504100
2019-10-29,35.208251953125,51.4900016784668,51.630001068115234,50.369998931884766,50.959999084472656,3462100
2019-10-30,34.89370346069336,51.029998779296875,51.470001220703125,50.33000183105469,51.20000076293945,3602100
2019-10-31,34.52445983886719,50.4900016784668,51.029998779296875,49.709999084472656,50.880001068115234,3744000
2019-11-01,35.768951416015625,52.310001373291016,52.4900016784668,50.900001525878906,50.97999954223633,3207100
2019-11-04,37.04080581665039,54.16999816894531,54.40999984741211,52.459999084472656,52.650001525878906,5430200
2019-11-05,37.06131362915039,54.20000076293945,55.0,53.650001525878906,54.0099983215332,6044500
2019-11-06,37.11600875854492,54.279998779296875,54.7400016784668,53.810001373291016,54.15999984741211,3847000
2019-11-07,38.155372619628906,55.79999923706055,55.939998626708984,54.41999816894531,54.939998626708984,5974300
2019-11-08,38.28529357910156,55.9900016784668,55.9900016784668,55.02000045776367,55.5,4812000
2019-11-11,38.162208557128906,55.810001373291016,56.25,55.220001220703125,55.54999923706055,3184900
2019-11-12,37.71773910522461,55.15999984741211,56.11000061035156,54.529998779296875,56.0,2742700
2019-11-13,36.69207000732422,53.65999984741211,54.47999954223633,53.459999084472656,54.189998626708984,3426000
2019-11-14,36.89037322998047,53.95000076293945,54.13999938964844,53.150001525878906,53.29999923706055,2595500
2019-11-15,37.51260757446289,54.86000061035156,55.290000915527344,54.13999938964844,54.27000045776367,3865000
2019-11-18,37.14336395263672,54.31999969482422,54.90999984741211,54.119998931884766,54.75,3439900
2019-11-19,36.50743103027344,53.38999938964844,54.810001373291016,52.790000915527344,54.810001373291016,5208300
2019-11-20,36.01511001586914,52.66999816894531,53.45000076293945,52.099998474121094,53.13999938964844,5394100
2019-11-21,36.84250259399414,53.880001068115234,53.91999816894531,52.349998474121094,52.709999084472656,4618400
2019-11-22,37.06131362915039,54.20000076293945,54.65999984741211,53.599998474121094,53.97999954223633,3115600
2019-11-25,37.74509811401367,55.20000076293945,55.22999954223633,54.36000061035156,54.81999969482422,5073700
2019-11-26,37.8613395690918,55.369998931884766,55.75,54.81999969482422,55.25,4643800
2019-11-27,37.591251373291016,54.279998779296875,54.900001525878906,53.900001525878906,54.68000030517578,3926000
2019-11-29,36.96102523803711,53.369998931884766,54.279998779296875,53.119998931884766,54.0099983215332,1887600
2019-12-02,36.81560134887695,53.15999984741211,53.75,52.88999938964844,53.0,3349500
2019-12-03,35.88759994506836,51.81999969482422,52.0099983215332,51.04999923706055,51.959999084472656,3950100
2019-12-04,36.2061653137207,52.279998779296875,53.4900016784668,52.209999084472656,53.4900016784668,3791400
2019-12-05,36.01224899291992,52.0,52.650001525878906,51.68000030517578,52.529998779296875,2692600
2019-12-06,36.857147216796875,53.220001220703125,53.75,52.59000015258789,52.59000015258789,2818800
2019-12-09,36.89176940917969,53.27000045776367,53.97999954223633,52.9900016784668,53.959999084472656,2377200
2019-12-10,36.794830322265625,53.130001068115234,53.38999938964844,52.689998626708984,53.36000061035156,2609700
2019-12-11,36.774044036865234,53.099998474121094,54.06999969482422,53.04999923706055,53.5,3253300
2019-12-12,37.708984375,54.45000076293945,54.58000183105469,52.81999969482422,53.25,2882300
2019-12-13,36.898704528808594,53.279998779296875,54.81999969482422,53.25,54.63999938964844,3198600
2019-12-16,37.515071868896484,54.16999816894531,54.540000915527344,53.5099983215332,53.61000061035156,4040000
2019-12-17,37.854427337646484,54.65999984741211,54.7400016784668,53.93000030517578,54.099998474121094,2665300
2019-12-18,37.570465087890625,54.25,54.689998626708984,53.540000915527344,54.36000061035156,3659100
2019-12-19,37.75746154785156,54.52000045776367,54.869998931884766,54.060001373291016,54.43000030517578,3356000
2019-12-20,37.819793701171875,54.61000061035156,55.25,54.02000045776367,55.04999923706055,10476700
2019-12-23,38.0413932800293,54.93000030517578,55.04999923706055,54.220001220703125,54.4900016784668,2678600
2019-12-24,38.020626068115234,54.900001525878906,55.25,54.650001525878906,55.0,926200
2019-12-26,38.24222946166992,55.220001220703125,55.22999954223633,54.52000045776367,54.97999954223633,1909600
2019-12-27,37.97215270996094,54.83000183105469,55.54999923706055,54.720001220703125,55.290000915527344,1688500
2019-12-30,37.6328125,54.34000015258789,55.04999923706055,54.2400016784668,54.86000061035156,1943300
2019-12-31,37.902896881103516,54.72999954223633,54.779998779296875,53.93000030517578,54.02000045776367,2145700
2020-01-02,37.22420120239258,53.75,55.540000915527344,53.63999938964844,55.22999954223633,5145200
2020-01-03,36.303123474121094,52.41999816894531,53.599998474121094,52.40999984741211,53.11000061035156,5004300
2020-01-06,36.157676696777344,52.209999084472656,52.880001068115234,52.0,52.31999969482422,4293100
2020-01-07,36.143829345703125,52.189998626708984,53.064998626708984,51.9900016784668,52.290000915527344,5122800
2020-01-08,36.5178108215332,52.72999954223633,53.16999816894531,51.91999816894531,52.40999984741211,3629700
2020-01-09,36.143829345703125,52.189998626708984,53.06999969482422,51.810001373291016,52.75,2667800
2020-01-10,35.66598129272461,51.5,52.869998931884766,51.400001525878906,52.86000061035156,3277300
2020-01-13,36.254634857177734,52.349998474121094,52.400001525878906,51.470001220703125,51.5,2665500
2020-01-14,36.178462982177734,52.2400016784668,52.970001220703125,51.95000076293945,52.189998626708984,3689800
2020-01-15,36.199241638183594,52.27000045776367,52.650001525878906,51.70000076293945,52.189998626708984,2235400
2020-01-16,36.344669342041016,52.47999954223633,52.869998931884766,52.16999816894531,52.58000183105469,3765600
2020-01-17,36.94026184082031,53.34000015258789,53.36000061035156,52.42499923706055,52.529998779296875,3897500
2020-01-21,36.427772521972656,52.599998474121094,53.150001525878906,52.20000076293945,52.97999954223633,4156000
2020-01-22,35.22968292236328,50.869998931884766,52.79999923706055,50.68199920654297,52.72999954223633,5149600
2020-01-23,34.80030822753906,50.25,50.75,49.150001525878906,50.220001220703125,5797600
2020-01-24,33.58142852783203,48.4900016784668,50.27000045776367,48.040000915527344,49.880001068115234,5919300
2020-01-27,32.674190521240234,47.18000030517578,47.58000183105469,46.63999938964844,47.310001373291016,4827000
2020-01-28,32.66034698486328,47.15999984741211,47.720001220703125,47.02000045776367,47.400001525878906,5813800
2020-01-29,34.398624420166016,49.66999816894531,49.95000076293945,48.599998474121094,48.97999954223633,6828000
2020-01-30,33.56757736206055,48.470001220703125,48.97999954223633,47.65999984741211,48.310001373291016,5644800
2020-01-31,31.905467987060547,46.06999969482422,47.8650016784668,45.91999816894531,47.70000076293945,7532200
2020-02-03,32.36947250366211,46.7400016784668,46.970001220703125,45.72999954223633,46.310001373291016,6364900
2020-02-04,33.27669906616211,48.04999923706055,48.380001068115234,47.439998626708984,47.650001525878906,5287000
2020-02-05,34.35707092285156,49.61000061035156,49.7400016784668,48.52000045776367,48.880001068115234,5403200
2020-02-06,34.07312774658203,49.20000076293945,49.65999984741211,48.560001373291016,49.61000061035156,5985200
2020-02-07,33.26285171508789,48.029998779296875,48.540000915527344,47.45000076293945,48.540000915527344,3802100
2020-02-10,33.3736572265625,48.189998626708984,48.720001220703125,47.79999923706055,47.79999923706055,2488300
2020-02-11,33.78917694091797,48.790000915527344,50.0099983215332,48.5,48.540000915527344,3705400
2020-02-12,34.19778823852539,49.380001068115234,50.369998931884766,48.9900016784668,49.689998626708984,2964200
2020-02-13,33.44984436035156,48.29999923706055,48.9900016784668,48.02000045776367,48.900001525878906,3302600
2020-02-14,33.67837905883789,48.630001068115234,48.939998626708984,48.380001068115234,48.5099983215332,3207000
2020-02-18,33.0620231628418,47.7400016784668,48.52000045776367,47.229000091552734,48.189998626708984,3594300
2020-02-19,32.937355041503906,47.560001373291016,48.290000915527344,47.40999984741211,47.81999969482422,5644900
2020-02-20,33.768409729003906,48.7599983215332,48.810001373291016,47.439998626708984,47.52000045776367,4154200
2020-02-21,33.44984436035156,48.29999923706055,48.77000045776367,48.08000183105469,48.58000183105469,3972800
2020-02-24,32.02320098876953,46.2400016784668,47.040000915527344,45.79999923706055,46.61000061035156,5075900
2020-02-25,30.43728256225586,43.95000076293945,46.53499984741211,43.58000183105469,46.5,5529300
2020-02-26,29.813987731933594,43.04999923706055,44.880001068115234,43.02000045776367,44.45000076293945,6470700
2020-02-27,27.84282112121582,39.54999923706055,41.459999084472656,39.5,41.33000183105469,10009300
2020-02-28,28.448244094848633,40.40999984741211,40.4900016784668,38.04999923706055,38.119998931884766,10280000
2020-03-02,29.159276962280273,41.41999816894531,41.41999816894531,39.779998779296875,41.04999923706055,7706700
2020-03-03,28.553844451904297,40.560001373291016,42.74399948120117,39.7400016784668,41.349998474121094,6765300
2020-03-04,29.504228591918945,41.90999984741211,41.970001220703125,40.209999084472656,41.45000076293945,4967000
2020-03-05,28.23001480102539,40.099998474121094,40.630001068115234,39.65999984741211,40.029998779296875,5447400
2020-03-06,27.434499740600586,38.970001220703125,39.689998626708984,38.310001373291016,38.720001220703125,6928400
2020-03-09,21.492828369140625,30.530000686645508,34.939998626708984,30.43000030517578,34.75,15081500
2020-03-10,22.105297088623047,31.399999618530273,33.33000183105469,29.315000534057617,32.5099983215332,12975400
2020-03-11,19.70468521118164,27.989999771118164,30.329999923706055,27.850000381469727,30.190000534057617,12444100
2020-03-12,16.663450241088867,23.670000076293945,26.389999389648438,22.389999389648438,25.450000762939453,18163300
2020-03-13,18.085508346557617,25.690000534057617,28.010000228881836,22.579999923706055,27.93000030517578,17350800
2020-03-16,15.487781524658203,22.0,25.43000030517578,21.950000762939453,23.100000381469727,12345400
2020-03-17,18.726139068603516,26.600000381469727,27.600000381469727,22.739999771118164,25.670000076293945,19873300
2020-03-18,18.61350440979004,26.440000534057617,28.290000915527344,24.510000228881836,24.84000015258789,16955900
2020-03-19,19.796205520629883,28.1200008392334,31.350000381469727,25.93000030517578,26.280000686645508,13893400
2020-03-20,19.317495346069336,27.440000534057617,29.690000534057617,26.59000015258789,28.59000015258789,12649100
2020-03-23,18.71206283569336,26.579999923706055,28.43000030517578,26.010000228881836,27.139999389648438,11703100
2020-03-24,20.042604446411133,28.469999313354492,29.959999084472656,26.899999618530273,28.65999984741211,12333600
2020-03-25,21.387222290039062,30.3799991607666,32.42499923706055,28.600000381469727,29.18000030517578,10539200
2020-03-26,20.894432067871094,29.68000030517578,31.299999237060547,28.950000762939453,30.280000686645508,14298600
2020-03-27,20.1059627532959,28.559999465942383,29.261999130249023,26.920000076293945,28.0,9101400
2020-03-30,20.169321060180664,28.649999618530273,29.389999389648438,27.809999465942383,28.309999465942383,6817000
2020-03-31,20.58467674255371,29.239999771118164,30.079999923706055,28.450000762939453,28.549999237060547,7599900
2020-04-01,19.03590202331543,27.040000915527344,28.270000457763672,26.940000534057617,27.84000015258789,10339900
2020-04-02,19.73284912109375,28.030000686645508,29.84000015258789,26.924999237060547,27.110000610351562,10680300
2020-04-03,19.69060516357422,27.969999313354492,28.56999969482422,27.420000076293945,27.780000686645508,8005100
2020-04-06,21.499866485595703,30.540000915527344,30.979999542236328,29.5,29.530000686645508,8021100
2020-04-07,22.760005950927734,32.33000183105469,35.06999969482422,31.809999465942383,32.7599983215332,15028000
2020-04-08,24.491825103759766,34.790000915527344,34.939998626708984,32.36000061035156,32.970001220703125,7220700
2020-04-09,25.737884521484375,36.560001373291016,37.7400016784668,35.540000915527344,35.75,9892300
2020-04-13,24.801576614379883,35.22999954223633,36.900001525878906,34.56999969482422,36.470001220703125,7170600
2020-04-14,24.900136947631836,35.369998931884766,37.13999938964844,35.09000015258789,36.369998931884766,7348800
2020-04-15,22.689605712890625,32.22999954223633,33.849998474121094,31.8700008392334,33.849998474121094,7586700
2020-04-16,22.2672119140625,31.6299991607666,32.689998626708984,30.649999618530273,32.689998626708984,6918500
2020-04-17,23.52735710144043,33.41999816894531,34.060001373291016,32.599998474121094,33.040000915527344,6544100
2020-04-20,22.196815490722656,31.530000686645508,32.83000183105469,31.5,32.18000030517578,7140700
2020-04-21,21.739221572875977,30.8799991607666,31.15999984741211,29.6200008392334,30.399999618530273,7315100
2020-04-22,22.415048599243164,31.84000015258789,32.025001525878906,30.8799991607666,31.799999237060547,5331100
2020-04-23,22.92192268371582,32.560001373291016,33.33000183105469,32.0099983215332,32.099998474121094,7724700
2020-04-24,23.316158294677734,33.119998931884766,33.349998474121094,32.2400016784668,33.040000915527344,4979100
2020-04-27,24.245420455932617,34.439998626708984,34.744998931884766,32.810001373291016,33.310001373291016,4885900
2020-04-28,25.252132415771484,35.869998931884766,36.189998626708984,34.709999084472656,35.47999954223633,5868600
2020-04-29,26.378522872924805,37.470001220703125,38.09000015258789,36.900001525878906,37.0,6887300
2020-04-30,25.829402923583984,36.689998626708984,37.349998474121094,36.04999923706055,37.27000045776367,10990200
2020-05-01,23.88638687133789,33.93000030517578,35.09000015258789,33.540000915527344,34.72999954223633,8709300
2020-05-04,23.273921966552734,33.060001373291016,33.13999938964844,31.760000228881836,32.099998474121094,6248300
2020-05-05,23.492156982421875,33.369998931884766,34.54999923706055,33.22999954223633,33.630001068115234,5041600
2020-05-06,22.499530792236328,31.959999084472656,33.375,31.8799991607666,32.709999084472656,4601500
2020-05-07,23.12607765197754,32.849998474121094,33.79999923706055,32.5099983215332,32.529998779296875,5056200
2020-05-08,24.167985916137695,34.33000183105469,34.369998931884766,33.369998931884766,33.779998779296875,4175700
2020-05-11,23.86527442932129,33.900001525878906,34.2400016784668,33.08000183105469,34.20000076293945,4321000
2020-05-12,23.787830352783203,33.790000915527344,35.40999984741211,33.75,34.25,5675400
2020-05-13,22.77408218383789,32.349998474121094,33.5629997253418,31.790000915527344,33.5,5865200
2020-05-14,23.59071159362793,33.5099983215332,33.54999923706055,30.899999618530273,31.190000534057617,6187900
2020-05-15,23.625913619995117,33.560001373291016,33.97999954223633,32.83000183105469,33.209999084472656,4829200
2020-05-18,25.864601135253906,36.7400016784668,38.0099983215332,35.709999084472656,35.880001068115234,8544900
2020-05-19,25.090213775634766,35.63999938964844,36.68000030517578,35.58000183105469,36.630001068115234,4415500
2020-05-20,25.47037124633789,36.18000030517578,37.0,35.7599983215332,36.34000015258789,5656200
2020-05-21,25.21693229675293,35.81999969482422,36.7599983215332,35.65999984741211,36.0,3941800
2020-05-22,25.428129196166992,36.119998931884766,36.18000030517578,35.369998931884766,35.68000030517578,3040600
2020-05-26,27.307783126831055,38.790000915527344,38.95000076293945,37.91999816894531,38.36000061035156,6188600
2020-05-27,28.032888412475586,39.81999969482422,40.665000915527344,39.029998779296875,39.95000076293945,6895200
2020-05-28,27.739093780517578,38.709999084472656,39.689998626708984,38.349998474121094,39.56999969482422,5266800
2020-05-29,27.660261154174805,38.599998474121094,38.9900016784668,37.720001220703125,38.13999938964844,5254200
2020-06-01,27.66743278503418,38.61000061035156,39.0099983215332,38.18000030517578,38.61000061035156,3014400
2020-06-02,29.093441009521484,40.599998474121094,41.22999954223633,39.09000015258789,39.20000076293945,6083400
2020-06-03,29.831523895263672,41.630001068115234,42.29999923706055,41.459999084472656,41.4900016784668,5160600
2020-06-04,30.605443954467773,42.709999084472656,42.7599983215332,41.31999969482422,41.5,3901500
2020-06-05,31.50834846496582,43.970001220703125,45.72999954223633,43.83700180053711,44.709999084472656,7656600
2020-06-08,32.891357421875,45.900001525878906,45.93000030517578,44.08000183105469,44.08000183105469,5727300
2020-06-09,31.823640823364258,44.40999984741211,44.81999969482422,43.91899871826172,44.470001220703125,5535400
2020-06-10,31.228872299194336,43.58000183105469,44.5,43.400001525878906,44.38999938964844,4267700
2020-06-11,28.13321304321289,39.2599983215332,42.040000915527344,38.95000076293945,41.224998474121094,9225100
2020-06-12,29.54488754272461,41.22999954223633,41.915000915527344,39.98500061035156,41.81999969482422,5034900
2020-06-15,30.082334518432617,41.97999954223633,42.45000076293945,39.290000915527344,39.47999954223633,5665300
2020-06-16,30.27581787109375,42.25,44.5,41.439998626708984,44.15999984741211,5592400
2020-06-17,29.50189781188965,41.16999816894531,42.79600143432617,41.029998779296875,42.70000076293945,3525100
2020-06-18,29.79569435119629,41.58000183105469,41.9900016784668,40.380001068115234,40.650001525878906,4106800
2020-06-19,29.84585952758789,41.650001525878906,43.0,41.470001220703125,42.630001068115234,7494400
2020-06-22,29.910354614257812,41.7400016784668,42.130001068115234,40.66999816894531,41.459999084472656,3316000
2020-06-23,29.630884170532227,41.349998474121094,42.47999954223633,41.33000183105469,42.47999954223633,3603900
2020-06-24,27.552780151367188,38.45000076293945,40.720001220703125,38.31999969482422,40.599998474121094,7707200
2020-06-25,28.649154663085938,39.97999954223633,40.029998779296875,37.68000030517578,38.0,5986900
2020-06-26,28.520170211791992,39.79999923706055,40.0,38.72999954223633,39.560001373291016,8333800
2020-06-29,29.365741729736328,40.97999954223633,41.19499969482422,40.189998626708984,40.36000061035156,7756700
2020-06-30,29.208099365234375,40.7599983215332,40.95000076293945,39.7599983215332,40.59000015258789,4835300
2020-07-01,29.200925827026367,40.75,41.29999923706055,40.33000183105469,40.75,4023600
2020-07-02,29.8028621673584,41.59000015258789,42.25,40.90999984741211,41.65999984741211,4017500
2020-07-06,30.419126510620117,42.45000076293945,42.779998779296875,41.560001373291016,42.630001068115234,4679000
2020-07-07,29.874513626098633,41.689998626708984,42.06999969482422,41.16999816894531,41.7400016784668,4535900
2020-07-08,28.91428565979004,40.349998474121094,41.779998779296875,39.6349983215332,41.4900016784668,4824200
2020-07-09,28.262203216552734,39.439998626708984,40.52000045776367,39.16999816894531,40.38999938964844,3671900
2020-07-10,29.208099365234375,40.7599983215332,40.81999969482422,39.42300033569336,39.439998626708984,3007800
2020-07-13,29.55205726623535,41.2400016784668,41.84000015258789,40.5,41.099998474121094,3089000
2020-07-14,30.41196060180664,42.439998626708984,42.68000030517578,41.2400016784668,41.31999969482422,4350800
2020-07-15,31.04973030090332,43.33000183105469,44.099998474121094,42.55500030517578,43.650001525878906,3788300
2020-07-16,31.408023834228516,43.83000183105469,44.26499938964844,42.84000015258789,43.189998626708984,4259800
2020-07-17,31.293357849121094,43.66999816894531,44.150001525878906,42.959999084472656,44.06999969482422,4610600
2020-07-20,30.311641693115234,42.29999923706055,43.67499923706055,42.119998931884766,43.34000015258789,3580900
2020-07-21,30.841922760009766,43.040000915527344,43.43000030517578,42.45000076293945,42.5,3399600
2020-07-22,31.773479461669922,44.34000015258789,44.5,42.8849983215332,42.939998626708984,5792500
2020-07-23,30.684263229370117,42.81999969482422,43.20000076293945,41.880001068115234,43.0,6574300
2020-07-24,30.533775329589844,42.61000061035156,43.47999954223633,42.29999923706055,42.81999969482422,2999600
2020-07-27,31.529827117919922,44.0,44.47999954223633,42.43000030517578,42.810001373291016,4733600
2020-07-28,30.54094886779785,42.619998931884766,44.02000045776367,42.59000015258789,43.7400016784668,3395400
2020-07-29,31.185871124267578,43.52000045776367,43.63600158691406,42.7400016784668,42.79999923706055,3186900
2020-07-30,29.903186798095703,41.72999954223633,42.83000183105469,41.34000015258789,42.65999984741211,4118700
2020-07-31,29.423076629638672,41.060001373291016,41.91999816894531,40.59000015258789,41.4900016784668,7462100
2020-08-03,28.727985382080078,40.09000015258789,41.2400016784668,40.08000183105469,41.220001220703125,5079900
2020-08-04,29.609390258789062,41.31999969482422,41.8650016784668,39.900001525878906,40.040000915527344,5408800
2020-08-05,30.089494705200195,41.9900016784668,42.47999954223633,41.75,41.900001525878906,3563600
2020-08-06,30.132490158081055,42.04999923706055,42.31700134277344,41.055999755859375,41.689998626708984,3724900
2020-08-07,30.548114776611328,42.630001068115234,42.665000915527344,41.444000244140625,41.58000183105469,2913100
2020-08-10,32.103111267089844,44.79999923706055,44.88999938964844,42.810001373291016,42.810001373291016,4245900
2020-08-11,31.88813018798828,44.5,46.06999969482422,44.34000015258789,45.540000915527344,4373800
2020-08-12,31.730480194091797,44.279998779296875,45.380001068115234,43.93000030517578,45.220001220703125,2577300
2020-08-13,31.83797264099121,44.43000030517578,44.869998931884766,43.709999084472656,43.86000061035156,2767100
2020-08-14,32.15327072143555,44.869998931884766,45.13999938964844,43.83000183105469,43.95000076293945,1998300
2020-08-17,31.859466552734375,44.459999084472656,45.439998626708984,44.209999084472656,45.099998474121094,3257300
2020-08-18,32.03860855102539,44.709999084472656,45.029998779296875,44.310001373291016,44.40999984741211,2447100
2020-08-19,31.988454818725586,44.63999938964844,45.099998474121094,44.25,44.689998626708984,3453400
2020-08-20,31.307687759399414,43.689998626708984,44.13999938964844,43.529998779296875,44.02000045776367,3324000
2020-08-21,31.23602867126465,43.59000015258789,43.869998931884766,43.25,43.5,2511600
2020-08-24,33.049007415771484,46.119998931884766,46.150001525878906,44.02000045776367,44.29999923706055,4609000
2020-08-25,32.66920852661133,45.59000015258789,46.65999984741211,45.472999572753906,46.40999984741211,4188000
2020-08-26,33.2066535949707,46.34000015258789,46.65999984741211,45.279998779296875,45.68000030517578,3928500
2020-08-27,33.077667236328125,46.15999984741211,46.95000076293945,45.810001373291016,46.68000030517578,3702300
2020-08-28,33.50696563720703,46.04999923706055,46.209999084472656,44.970001220703125,45.40999984741211,3772900
2020-08-31,32.83027648925781,45.119998931884766,46.11000061035156,45.09000015258789,45.9900016784668,3916800
2020-09-01,34.394657135009766,47.27000045776367,47.279998779296875,44.470001220703125,44.790000915527344,5428300
2020-09-02,35.81352615356445,49.220001220703125,49.279998779296875,47.41999816894531,47.68000030517578,7305900
2020-09-03,35.20960235595703,48.38999938964844,49.79999923706055,47.91999816894531,49.279998779296875,6726900
2020-09-04,35.362396240234375,48.599998474121094,49.70000076293945,48.08000183105469,49.290000915527344,5325900
2020-09-08,34.8748893737793,47.93000030517578,48.415000915527344,47.435001373291016,47.689998626708984,4280800
2020-09-09,35.82080078125,49.22999954223633,49.880001068115234,48.5,48.56999969482422,4168100
2020-09-10,35.43516540527344,48.70000076293945,49.75,48.65999984741211,49.29999923706055,4211300
2020-09-11,36.27192306518555,49.849998474121094,50.41999816894531,49.040000915527344,49.209999084472656,6225700
2020-09-14,36.4465446472168,50.09000015258789,50.5099983215332,49.69499969482422,50.06999969482422,5298900
2020-09-15,37.15961837768555,51.06999969482422,51.560001373291016,50.38999938964844,50.61000061035156,4771700
2020-09-16,36.16278076171875,49.70000076293945,51.099998474121094,49.43000030517578,50.189998626708984,5863500
2020-09-17,37.086856842041016,50.970001220703125,51.25,48.849998474121094,49.369998931884766,5253700
2020-09-18,36.65028762817383,50.369998931884766,51.22999954223633,50.25,50.529998779296875,6271100
2020-09-21,34.86033630371094,47.90999984741211,49.33000183105469,47.18000030517578,49.040000915527344,6468800
2020-09-22,34.78029251098633,47.79999923706055,48.154998779296875,47.20000076293945,47.97999954223633,4181900
2020-09-23,34.0090217590332,46.7400016784668,48.119998931884766,46.470001220703125,47.68000030517578,4018000
2020-09-24,33.7689094543457,46.40999984741211,46.9900016784668,45.689998626708984,46.66999816894531,4648700
2020-09-25,33.499691009521484,46.040000915527344,46.400001525878906,45.630001068115234,45.77000045776367,4090200
2020-09-28,34.54746627807617,47.47999954223633,48.279998779296875,46.5,46.5,3993100
2020-09-29,33.885318756103516,46.56999969482422,47.779998779296875,46.2599983215332,47.22999954223633,2716800
2020-09-30,34.234580993652344,47.04999923706055,48.119998931884766,46.61000061035156,47.189998626708984,4663200
2020-10-01,33.55062484741211,46.11000061035156,47.5,45.93000030517578,47.209999084472656,3407600
2020-10-02,34.423763275146484,47.310001373291016,47.470001220703125,45.130001068115234,45.369998931884766,4559000
2020-10-05,35.34785079956055,48.58000183105469,48.882999420166016,47.70000076293945,47.900001525878906,3913400
2020-10-06,34.83850860595703,47.880001068115234,49.790000915527344,47.86000061035156,49.119998931884766,4474700
2020-10-07,35.14411163330078,48.29999923706055,49.060001373291016,48.0,48.45000076293945,4506400
2020-10-08,35.9299430847168,49.380001068115234,49.40999984741211,48.47600173950195,48.619998931884766,2962000
2020-10-09,35.91538619995117,49.36000061035156,50.09000015258789,48.70000076293945,49.79999923706055,4472800
2020-10-12,35.34785079956055,48.58000183105469,49.5,48.262001037597656,49.400001525878906,3005700
2020-10-13,34.83850860595703,47.880001068115234,48.97999954223633,47.79999923706055,48.47999954223633,6832200
2020-10-14,35.52974319458008,48.83000183105469,48.970001220703125,47.41999816894531,47.84000015258789,5322100
2020-10-15,35.66072463989258,49.0099983215332,49.07500076293945,47.84000015258789,47.880001068115234,2793200
2020-10-16,35.87173843383789,49.29999923706055,49.994998931884766,49.130001068115234,49.369998931884766,2754300
2020-10-19,35.537025451660156,48.84000015258789,50.33000183105469,48.7400016784668,49.33000183105469,2903500
2020-10-20,35.900840759277344,49.34000015258789,50.150001525878906,49.209999084472656,49.349998474121094,2503600
2020-10-21,35.326019287109375,48.54999923706055,49.71500015258789,48.54999923706055,49.380001068115234,4092500
2020-10-22,35.5224723815918,48.81999969482422,50.15999984741211,47.150001525878906,49.810001373291016,5244000
2020-10-23,35.311458587646484,48.529998779296875,49.95000076293945,48.40999984741211,49.52000045776367,3123400
2020-10-26,34.307342529296875,47.150001525878906,48.13999938964844,46.81700134277344,47.939998626708984,4026400
2020-10-27,33.885318756103516,46.56999969482422,47.189998626708984,46.38999938964844,46.91999816894531,4141200
2020-10-28,32.87393569946289,45.18000030517578,45.70000076293945,44.33000183105469,44.939998626708984,6157100
2020-10-29,33.65248107910156,46.25,46.65999984741211,44.56999969482422,44.630001068115234,4300100
2020-10-30,33.099491119384766,45.4900016784668,46.189998626708984,44.72999954223633,45.86000061035156,5165900
2020-11-02,34.79486083984375,47.81999969482422,48.060001373291016,45.880001068115234,46.25,3675800
2020-11-03,35.456993103027344,48.72999954223633,49.029998779296875,47.65999984741211,48.25,3293500
2020-11-04,33.79800796508789,46.45000076293945,48.34000015258789,46.25199890136719,47.95000076293945,4542300
2020-11-05,35.631622314453125,48.970001220703125,49.45000076293945,46.880001068115234,46.900001525878906,4253000
2020-11-06,35.093177795410156,48.22999954223633,49.81999969482422,48.03099822998047,49.22999954223633,3061500
2020-11-09,37.92361831665039,52.119998931884766,54.18000030517578,51.540000915527344,51.59000015258789,9208300
2020-11-10,38.89863586425781,53.459999084472656,53.70000076293945,52.06999969482422,52.33000183105469,6148700
2020-11-11,37.98911666870117,52.209999084472656,53.60499954223633,52.02000045776367,53.5,4118500
2020-11-12,37.137794494628906,51.040000915527344,52.06999969482422,50.540000915527344,51.7400016784668,3467600
2020-11-13,37.81447982788086,51.970001220703125,52.130001068115234,50.20000076293945,50.27000045776367,3482900
2020-11-16,39.2406120300293,53.93000030517578,53.939998626708984,52.13999938964844,53.54999923706055,4075600
2020-11-17,39.640811920166016,54.47999954223633,54.560001373291016,52.83000183105469,53.15999984741211,4795000
2020-11-18,40.23746871948242,55.29999923706055,56.275001525878906,54.529998779296875,54.650001525878906,5903500
2020-11-19,40.26656723022461,55.34000015258789,55.4900016784668,53.91999816894531,54.90999984741211,3514000
2020-11-20,39.822715759277344,54.72999954223633,55.41999816894531,54.279998779296875,55.06999969482422,2871700
2020-11-23,40.70313262939453,55.939998626708984,56.290000915527344,55.279998779296875,55.279998779296875,4560700
2020-11-24,42.00558853149414,57.72999954223633,58.18000030517578,56.61000061035156,57.0,4442800
2020-11-25,41.05967330932617,56.43000030517578,57.45000076293945,56.165000915527344,57.45000076293945,4158500
2020-11-27,40.81654357910156,55.400001525878906,56.04999923706055,55.0099983215332,55.90999984741211,2847400
2020-11-30,39.05568313598633,53.0099983215332,55.0,52.79999923706055,54.88999938964844,8760600
2020-12-01,39.43879699707031,53.529998779296875,54.43000030517578,52.900001525878906,54.43000030517578,4328700
2020-12-02,39.1956672668457,53.20000076293945,53.564998626708984,52.689998626708984,53.31999969482422,3723000
2020-12-03,39.4903678894043,53.599998474121094,53.888999938964844,52.79999923706055,52.9900016784668,3213800
2020-12-04,40.558677673339844,55.04999923706055,55.099998474121094,53.79999923706055,53.810001373291016,3294500
2020-12-07,39.20303726196289,53.209999084472656,54.939998626708984,53.02000045776367,54.93000030517578,3602700
2020-12-08,40.1903076171875,54.54999923706055,54.66999816894531,52.79999923706055,52.900001525878906,3161500
2020-12-09,40.27134323120117,54.65999984741211,55.75,54.349998474121094,54.939998626708984,3219100
2020-12-10,40.101890563964844,54.43000030517578,55.11000061035156,54.040000915527344,54.65999984741211,3402000
2020-12-11,39.78508377075195,54.0,54.45000076293945,53.56999969482422,54.290000915527344,2674800
2020-12-14,39.09252166748047,53.060001373291016,54.7599983215332,53.029998779296875,54.599998474121094,3121900
2020-12-15,39.880863189697266,54.130001068115234,54.150001525878906,53.150001525878906,53.849998474121094,2335500
2020-12-16,39.659828186035156,53.83000183105469,54.11000061035156,53.2400016784668,54.029998779296875,1948800
2020-12-17,39.659828186035156,53.83000183105469,54.33000183105469,53.584999084472656,54.20000076293945,2222300
2020-12-18,41.00810623168945,55.65999984741211,55.75,54.2400016784668,55.11000061035156,11536700
2020-12-21,40.580780029296875,55.08000183105469,55.20000076293945,53.72999954223633,54.04999923706055,4458800
2020-12-22,40.27870178222656,54.66999816894531,55.27000045776367,54.439998626708984,55.0099983215332,2268300
2020-12-23,40.337646484375,54.75,55.77000045776367,54.72999954223633,55.02000045776367,2251600
2020-12-24,40.367122650146484,54.790000915527344,54.96799850463867,54.334999084472656,54.91999816894531,1074700
2020-12-28,39.998741149902344,54.290000915527344,55.77000045776367,54.18000030517578,55.27000045776367,3668200
2020-12-29,40.0282096862793,54.33000183105469,54.81999969482422,53.849998474121094,54.5,2222000
2020-12-30,40.86811447143555,55.470001220703125,55.65999984741211,54.29999923706055,54.349998474121094,3790000
2020-12-31,40.89021682739258,55.5,56.099998474121094,55.11000061035156,55.470001220703125,2663500
2021-01-04,39.814552307128906,54.040000915527344,56.12099838256836,53.650001525878906,55.81999969482422,4852800
2021-01-05,41.11124038696289,55.79999923706055,56.16999816894531,54.0,54.13999938964844,3112800
2021-01-06,43.04893112182617,58.43000030517578,59.209999084472656,56.54999923706055,56.95000076293945,6208400
2021-01-07,43.10786056518555,58.5099983215332,59.77000045776367,58.10499954223633,59.0,4437600
2021-01-08,42.8868408203125,58.209999084472656,58.86000061035156,57.75,58.369998931884766,4063500
2021-01-11,43.36573791503906,58.86000061035156,58.95000076293945,57.25,57.70000076293945,3455900
2021-01-12,44.97187042236328,61.040000915527344,61.209999084472656,59.0,59.31999969482422,6235000
2021-01-13,44.22774124145508,60.029998779296875,61.310001373291016,59.65999984741211,60.75,3236300
2021-01-14,43.94778060913086,59.650001525878906,60.5,59.41999816894531,60.209999084472656,3578800
2021-01-15,42.2237548828125,57.310001373291016,58.81999969482422,57.130001068115234,58.619998931884766,6692900
2021-01-19,42.400577545166016,57.54999923706055,58.20000076293945,56.33000183105469,57.7599983215332,4919300
2021-01-20,43.15206527709961,58.56999969482422,58.630001068115234,57.22999954223633,57.869998931884766,3724400
2021-01-21,42.40794372558594,57.560001373291016,58.77000045776367,57.310001373291016,58.5099983215332,3442000
2021-01-22,42.363739013671875,57.5,57.78499984741211,56.869998931884766,56.9900016784668,2621500
2021-01-25,42.16481399536133,57.22999954223633,57.41999816894531,55.65999984741211,56.86000061035156,3682400
2021-01-26,41.067039489746094,55.7400016784668,58.25,55.70000076293945,57.88999938964844,3060300
2021-01-27,40.072418212890625,54.38999938964844,55.08000183105469,52.65999984741211,54.63999938964844,6283500
2021-01-28,40.06504821777344,54.380001068115234,54.849998474121094,53.0,54.13999938964844,5817000
2021-01-29,38.237884521484375,51.900001525878906,54.70500183105469,51.7599983215332,53.849998474121094,8895400
2021-02-01,38.86412811279297,52.75,52.84000015258789,51.33000183105469,52.38999938964844,4128300
2021-02-02,40.234493255615234,54.61000061035156,54.869998931884766,52.869998931884766,53.560001373291016,5229500
2021-02-03,40.77970504760742,55.349998474121094,55.39500045776367,54.03900146484375,54.310001373291016,3984200
2021-02-04,41.509098052978516,56.34000015258789,56.369998931884766,54.81999969482422,55.470001220703125,4312200
2021-02-05,42.17218017578125,57.2400016784668,57.83000183105469,56.439998626708984,56.7400016784668,3732500
2021-02-08,42.253231048583984,57.349998474121094,58.2599983215332,57.209999084472656,57.75,2543200
2021-02-09,41.70065689086914,56.599998474121094,57.51499938964844,56.369998931884766,57.5,4209500
2021-02-10,42.488990783691406,57.66999816894531,58.380001068115234,56.47999954223633,57.0,3453000
2021-02-11,42.488990783691406,57.66999816894531,57.939998626708984,56.689998626708984,57.810001373291016,2326500
2021-02-12,42.84263610839844,58.150001525878906,58.27000045776367,57.44499969482422,57.560001373291016,1975100
2021-02-16,43.28468322753906,58.75,59.35499954223633,58.540000915527344,58.900001525878906,4072700
2021-02-17,43.12997055053711,58.540000915527344,58.90999984741211,57.61000061035156,58.58000183105469,3277800
2021-02-18,42.40794372558594,57.560001373291016,58.665000915527344,57.099998474121094,58.29999923706055,3112600
2021-02-19,44.49297332763672,60.38999938964844,60.529998779296875,57.75,57.75,4037100
2021-02-22,46.03281021118164,62.47999954223633,62.560001373291016,60.20000076293945,60.619998931884766,5672600
2021-02-23,45.767574310302734,62.119998931884766,62.970001220703125,61.5099983215332,62.939998626708984,4147200
2021-02-24,46.92428970336914,63.689998626708984,63.97999954223633,61.94300079345703,62.0,4668600
2021-02-25,45.702571868896484,61.349998474121094,62.83700180053711,61.125,62.47999954223633,3260300
2021-02-26,44.18288040161133,59.310001373291016,61.04999923706055,58.79999923706055,60.849998474121094,6399700
2021-03-01,45.844112396240234,61.540000915527344,62.27000045776367,60.56999969482422,61.150001525878906,4083800
2021-03-02,46.7306022644043,62.72999954223633,64.04000091552734,61.79999923706055,62.209999084472656,7316000
2021-03-03,46.37303161621094,62.25,63.38999938964844,62.0099983215332,62.5,5390300
2021-03-04,45.59082794189453,61.20000076293945,62.619998931884766,60.09000015258789,62.060001373291016,6050400
2021-03-05,46.86469268798828,62.90999984741211,63.040000915527344,60.75,62.119998931884766,3883800
2021-03-08,47.25950622558594,63.439998626708984,64.2699966430664,62.5099983215332,63.16999816894531,4437600
2021-03-09,46.38047790527344,62.2599983215332,63.709999084472656,61.90999984741211,63.66999816894531,5823200
2021-03-10,47.74372482299805,64.08999633789062,64.45999908447266,62.369998931884766,62.619998931884766,4238500
2021-03-11,47.915069580078125,64.31999969482422,65.2699966430664,64.22000122070312,64.33000183105469,3651800
2021-03-12,47.92996597290039,64.33999633789062,65.05000305175781,63.880001068115234,64.68000030517578,2690800
2021-03-15,46.85724639892578,62.900001525878906,64.29000091552734,62.45000076293945,64.06999969482422,5353300
2021-03-16,47.06583023071289,63.18000030517578,63.83000183105469,61.86000061035156,62.689998626708984,6461600
2021-03-17,49.17403030395508,66.01000213623047,66.25,63.18000030517578,63.47999954223633,5138900
2021-03-18,48.213043212890625,64.72000122070312,67.2699966430664,64.62999725341797,66.05999755859375,4203500
2021-03-19,47.609642028808594,63.90999984741211,64.80000305175781,62.65999984741211,64.72000122070312,6445800
2021-03-22,47.3116569519043,63.5099983215332,63.79999923706055,62.400001525878906,63.79999923706055,4631100
2021-03-23,45.25559997558594,60.75,62.6879997253418,60.400001525878906,62.66999816894531,5523500
2021-03-24,46.21659469604492,62.040000915527344,63.41999816894531,61.40299987792969,61.599998474121094,4322600
2021-03-25,47.11052322387695,63.2400016784668,63.310001373291016,61.25,61.470001220703125,3921200
2021-03-26,47.66923522949219,63.9900016784668,64.13999938964844,63.09000015258789,63.38999938964844,4256300
2021-03-29,47.602195739746094,63.900001525878906,65.12000274658203,63.5,63.619998931884766,3193700
2021-03-30,48.131107330322266,64.61000061035156,64.79000091552734,63.47999954223633,63.720001220703125,2605100
2021-03-31,47.631988525390625,63.939998626708984,64.95999908447266,63.5099983215332,64.2699966430664,3643800
2021-04-01,48.123653411865234,64.5999984741211,64.72000122070312,63.47999954223633,63.95000076293945,3698900
2021-04-05,48.11619567871094,64.58999633789062,65.22000122070312,64.25,65.0,4077900
2021-04-06,48.123653411865234,64.5999984741211,65.38999938964844,64.12999725341797,64.23999786376953,3420300
2021-04-07,47.66923522949219,63.9900016784668,64.97000122070312,63.65999984741211,64.48999786376953,2374000
2021-04-08,47.07328414916992,63.189998626708984,64.02999877929688,62.619998931884766,63.86000061035156,3638900
2021-04-09,47.03602600097656,63.13999938964844,63.560001373291016,62.540000915527344,63.189998626708984,3721000
2021-04-12,47.52024459838867,63.790000915527344,64.1500015258789,63.29999923706055,63.599998474121094,3143800
2021-04-13,47.16267395019531,63.310001373291016,63.68000030517578,62.45000076293945,63.59000015258789,4471600
2021-04-14,47.855464935302734,64.23999786376953,64.77999877929688,63.36000061035156,63.59000015258789,4234400
2021-04-15,48.1013069152832,64.56999969482422,64.91999816894531,63.79999923706055,64.87999725341797,2632500
2021-04-16,48.18325424194336,64.68000030517578,65.51000213623047,64.26000213623047,65.2699966430664,3698800
2021-04-19,48.0864143371582,64.55000305175781,65.04000091552734,63.939998626708984,64.80000305175781,2566600
2021-04-20,46.54436111450195,62.47999954223633,64.05000305175781,62.279998779296875,64.0,4532200
2021-04-21,48.28753662109375,64.81999969482422,65.0199966430664,62.375,62.459999084472656,4283500
2021-04-22,45.38969421386719,60.93000030517578,64.05000305175781,60.720001220703125,64.0,12028900
2021-04-23,46.26873016357422,62.11000061035156,62.4900016784668,60.45000076293945,61.099998474121094,5682300
2021-04-26,46.335784912109375,62.20000076293945,62.81999969482422,61.93000030517578,62.36000061035156,4871600
2021-04-27,46.670997619628906,62.650001525878906,62.849998474121094,61.720001220703125,62.27000045776367,3781300
2021-04-28,47.16267395019531,63.310001373291016,64.06500244140625,62.70000076293945,63.029998779296875,5584300
2021-04-29,47.72138595581055,64.05999755859375,64.69000244140625,63.435001373291016,63.81999969482422,4366000
2021-04-30,46.55925750732422,62.5,63.709999084472656,62.29999923706055,63.45000076293945,4932300
2021-05-03,48.0864143371582,64.55000305175781,65.03500366210938,63.119998931884766,63.18000030517578,6327800
2021-05-04,49.330474853515625,66.22000122070312,66.2699966430664,63.79999923706055,64.25,7367200
2021-05-05,50.70863342285156,68.06999969482422,68.23500061035156,66.13999938964844,66.48999786376953,7467100
2021-05-06,51.43122100830078,69.04000091552734,69.08999633789062,67.16999816894531,68.0199966430664,4670600
2021-05-07,51.43122100830078,69.04000091552734,69.31999969482422,67.77999877929688,68.3499984741211,5174900
2021-05-10,51.20029067993164,68.7300033569336,70.5999984741211,68.66000366210938,69.75,5039000
2021-05-11,51.081111907958984,68.56999969482422,68.9000015258789,67.19999694824219,67.83999633789062,5693400
2021-05-12,50.35849380493164,67.5999984741211,69.0999984741211,67.4000015258789,68.75,4886200
2021-05-13,50.71607971191406,68.08000183105469,68.5999984741211,67.31999969482422,67.45999908447266,3068400
2021-05-14,52.01973342895508,69.83000183105469,70.04000091552734,68.37000274658203,68.5,4817200
2021-05-17,52.82427978515625,70.91000366210938,71.08000183105469,69.47000122070312,69.58000183105469,3607500
2021-05-18,51.7962532043457,69.52999877929688,71.37999725341797,69.51000213623047,71.0,3523800
2021-05-19,51.066200256347656,68.55000305175781,68.91000366210938,67.2699966430664,68.5,4398500
2021-05-20,50.85016632080078,68.26000213623047,68.72000122070312,67.86000061035156,68.45999908447266,3126500
2021-05-21,51.2747917175293,68.83000183105469,69.5999984741211,68.55000305175781,68.68000030517578,3855700
2021-05-24,51.8111457824707,69.55000305175781,70.01000213623047,69.09500122070312,69.58999633789062,3420100
2021-05-25,51.43122100830078,69.04000091552734,70.44999694824219,68.95999908447266,69.45999908447266,4419400
2021-05-26,51.82605743408203,69.56999969482422,69.63999938964844,68.20999908447266,68.83000183105469,6059200
2021-05-27,51.66801834106445,68.66000366210938,69.95999908447266,68.23999786376953,69.31999969482422,6256600
2021-05-28,51.4874153137207,68.41999816894531,69.16999816894531,67.70999908447266,69.08000183105469,3815200
2021-06-01,52.98493194580078,70.41000366210938,70.52999877929688,68.8499984741211,69.16999816894531,4139100
2021-06-02,51.8862419128418,68.94999694824219,70.31999969482422,68.86000061035156,70.31999969482422,4797800
2021-06-03,53.13543701171875,70.61000061035156,70.69999694824219,68.44100189208984,69.3499984741211,4322500
2021-06-04,52.954833984375,70.37000274658203,71.13999938964844,69.87999725341797,71.0,3041900
2021-06-07,52.10447692871094,69.23999786376953,70.47000122070312,68.88999938964844,70.37000274658203,2803900
2021-06-08,52.2098388671875,69.37999725341797,69.72000122070312,68.30999755859375,69.0199966430664,3469400
2021-06-09,51.80345916748047,68.83999633789062,69.51000213623047,68.47000122070312,69.25,3379200
2021-06-10,51.16382598876953,67.98999786376953,70.16999816894531,67.94999694824219,69.98999786376953,4022000
2021-06-11,51.171356201171875,68.0,69.0199966430664,67.83999633789062,68.47000122070312,2726100
2021-06-14,50.38874053955078,66.95999908447266,68.18000030517578,66.62999725341797,67.83000183105469,3712800
2021-06-15,50.58439254760742,67.22000122070312,67.42500305175781,66.44000244140625,66.91000366210938,3255000
2021-06-16,49.35777282714844,65.58999633789062,67.12000274658203,65.19999694824219,67.01000213623047,5428800
2021-06-17,47.81511688232422,63.540000915527344,65.80000305175781,62.33000183105469,65.7699966430664,5696100
2021-06-18,46.64118194580078,61.97999954223633,63.04999923706055,61.880001068115234,62.54999923706055,8745300
2021-06-21,47.49153137207031,63.11000061035156,63.94900131225586,62.790000915527344,63.13999938964844,5260000
2021-06-22,47.78501510620117,63.5,63.81999969482422,62.68000030517578,63.459999084472656,4019100
2021-06-23,47.52163314819336,63.150001525878906,64.2699966430664,63.099998474121094,64.0,3254400
2021-06-24,47.49153137207031,63.11000061035156,63.83000183105469,62.7599983215332,63.779998779296875,4253700
2021-06-25,47.62697982788086,63.290000915527344,63.869998931884766,63.11000061035156,63.25,4259700
2021-06-28,47.33350372314453,62.900001525878906,63.29999923706055,62.16999816894531,63.29999923706055,2727000
2021-06-29,47.39370346069336,62.97999954223633,63.810001373291016,62.58000183105469,63.279998779296875,2652900
2021-06-30,47.61945724487305,63.279998779296875,63.619998931884766,62.75,62.849998474121094,3356500
2021-07-01,47.78501510620117,63.5,64.41999816894531,63.41999816894531,64.22000122070312,3324700
2021-07-02,47.79254150390625,63.5099983215332,63.77000045776367,62.79999923706055,63.33000183105469,3172800
2021-07-06,46.60355758666992,61.93000030517578,63.45000076293945,61.404998779296875,63.400001525878906,3727000
2021-07-07,46.8443603515625,62.25,62.4900016784668,61.09400177001953,61.70000076293945,3424300
2021-07-08,46.212242126464844,61.40999984741211,62.02000045776367,60.650001525878906,61.0,4251300
2021-07-09,47.46895217895508,63.08000183105469,63.66999816894531,62.099998474121094,62.22999954223633,5063200
2021-07-12,47.574310302734375,63.220001220703125,63.599998474121094,61.974998474121094,62.560001373291016,3100400
2021-07-13,47.183006286621094,62.70000076293945,63.689998626708984,62.31999969482422,63.41999816894531,3074500
2021-07-14,46.89704132080078,62.31999969482422,63.64500045776367,62.16999816894531,62.939998626708984,2571700
2021-07-15,46.5885124206543,61.90999984741211,62.720001220703125,61.689998626708984,61.79999923706055,2745800
2021-07-16,45.158729553222656,60.0099983215332,61.720001220703125,59.79999923706055,61.29999923706055,6961300
2021-07-19,43.48812484741211,57.790000915527344,58.47999954223633,57.05500030517578,58.13999938964844,7815400
2021-07-20,44.112709045410156,58.619998931884766,59.189998626708984,57.62799835205078,58.13999938964844,6771700
2021-07-21,44.94801330566406,59.72999954223633,60.04999923706055,59.05500030517578,59.52000045776367,7428300
2021-07-22,45.512413024902344,60.47999954223633,60.88999938964844,58.0,58.560001373291016,7111300
2021-07-23,45.233970642089844,60.11000061035156,61.279998779296875,59.79999923706055,60.84000015258789,4690500
2021-07-26,46.663761138916016,62.0099983215332,62.040000915527344,60.20000076293945,60.20000076293945,6534300
2021-07-27,46.61861038208008,61.95000076293945,62.41999816894531,60.86000061035156,61.5099983215332,3568500
2021-07-28,46.558406829833984,61.869998931884766,62.29999923706055,61.060001373291016,61.83000183105469,4113600
2021-07-29,47.107749938964844,62.599998474121094,62.93000030517578,62.0099983215332,62.439998626708984,3708600
2021-07-30,46.77663803100586,62.15999984741211,63.224998474121094,61.665000915527344,62.4900016784668,4646800
2021-08-02,46.06926727294922,61.220001220703125,63.59000015258789,61.189998626708984,62.29999923706055,3714500
2021-08-03,46.82931137084961,62.22999954223633,62.27000045776367,60.154998779296875,61.150001525878906,4819700
2021-08-04,45.89618682861328,60.9900016784668,62.20000076293945,60.97999954223633,61.7400016784668,3340100
2021-08-05,45.903717041015625,61.0,61.79999923706055,60.900001525878906,61.290000915527344,3037100
2021-08-06,46.6562385559082,62.0,62.369998931884766,61.54999923706055,61.61000061035156,3142800
2021-08-09,46.520782470703125,61.81999969482422,62.224998474121094,61.36000061035156,61.720001220703125,3178100
2021-08-10,47.49905776977539,63.119998931884766,63.56999969482422,61.939998626708984,62.02000045776367,3560000
2021-08-11,48.34186935424805,64.23999786376953,64.30000305175781,63.220001220703125,63.41999816894531,3583600
2021-08-12,48.168792724609375,64.01000213623047,64.62000274658203,63.303001403808594,64.36000061035156,3581400
2021-08-13,47.928001403808594,63.689998626708984,64.0999984741211,63.349998474121094,63.970001220703125,2385600
2021-08-16,47.649566650390625,63.31999969482422,63.595001220703125,62.13999938964844,63.20000076293945,3163400
2021-08-17,46.88951110839844,62.310001373291016,62.875,61.13999938964844,62.689998626708984,3974300
2021-08-18,46.56593322753906,61.880001068115234,62.83000183105469,61.709999084472656,61.90999984741211,4574000
2021-08-19,45.56507873535156,60.54999923706055,61.38999938964844,60.150001525878906,61.040000915527344,3981600
2021-08-20,45.82093811035156,60.88999938964844,61.11000061035156,60.31999969482422,60.40999984741211,3203600
2021-08-23,46.701385498046875,62.060001373291016,62.41999816894531,61.459999084472656,61.5,3439900
2021-08-24,47.60441589355469,63.2599983215332,63.529998779296875,62.459999084472656,62.459999084472656,2896000
2021-08-25,48.063438415527344,63.869998931884766,64.18000030517578,62.81999969482422,63.29999923706055,3246700
2021-08-26,47.89789581298828,63.650001525878906,64.55999755859375,63.470001220703125,63.84000015258789,3618500
2021-08-27,49.199745178222656,65.37999725341797,65.8550033569336,64.12000274658203,64.19000244140625,5348700
2021-08-30,48.667293548583984,63.97999954223633,65.3280029296875,63.95000076293945,65.0,3925000
2021-08-31,47.84577560424805,62.900001525878906,63.880001068115234,62.689998626708984,63.70000076293945,5450000
2021-09-01,47.571929931640625,62.540000915527344,63.0,61.810001373291016,62.83000183105469,3949200
2021-09-02,47.632789611816406,62.619998931884766,63.36000061035156,62.41999816894531,62.7599983215332,3414600
2021-09-03,47.25245666503906,62.119998931884766,62.82500076293945,61.66999816894531,62.45000076293945,3690400
2021-09-07,47.06229019165039,61.869998931884766,62.29999923706055,61.63999938964844,61.97999954223633,2514300
2021-09-08,46.16471481323242,60.689998626708984,62.11000061035156,60.5099983215332,61.83000183105469,4629000
2021-09-09,45.85283660888672,60.279998779296875,61.189998626708984,60.06999969482422,60.25,4439100
2021-09-10,45.95170974731445,60.40999984741211,61.439998626708984,60.34000015258789,60.849998474121094,4093300
2021-09-13,46.18752670288086,60.720001220703125,61.59000015258789,60.21500015258789,61.27000045776367,4549200
2021-09-14,45.37361145019531,59.650001525878906,61.29999923706055,59.52199935913086,61.2400016784668,4493600
2021-09-15,45.7919921875,60.20000076293945,60.66999816894531,59.66999816894531,59.75,5167600
2021-09-16,45.2366943359375,59.470001220703125,60.31999969482422,59.06999969482422,60.13999938964844,4650700
2021-09-17,43.9283561706543,57.75,59.16999816894531,57.470001220703125,58.79999923706055,9622900
2021-09-20,42.73411178588867,56.18000030517578,57.130001068115234,55.310001373291016,56.2599983215332,7683900
2021-09-21,42.23967361450195,55.529998779296875,56.86000061035156,55.209999084472656,56.59000015258789,6156400
2021-09-22,42.82538604736328,56.29999923706055,56.97999954223633,56.255001068115234,56.2599983215332,6823800
2021-09-23,43.6849365234375,57.43000030517578,58.04499816894531,56.599998474121094,56.77000045776367,7814100
2021-09-24,43.21332931518555,56.810001373291016,57.34000015258789,56.7400016784668,57.20000076293945,7964900
2021-09-27,45.40403747558594,59.689998626708984,60.380001068115234,56.880001068115234,56.880001068115234,12374000
2021-09-28,45.229087829589844,59.459999084472656,60.64500045776367,59.13999938964844,60.150001525878906,6681800
2021-09-29,44.74226379394531,58.81999969482422,59.599998474121094,58.77000045776367,59.459999084472656,4578800
2021-09-30,43.783817291259766,57.560001373291016,59.16999816894531,57.54999923706055,58.91999816894531,4929000
2021-10-01,44.55970001220703,58.58000183105469,59.0099983215332,57.25,57.66999816894531,6925300
2021-10-04,44.30107879638672,58.2400016784668,59.0,57.68000030517578,58.58000183105469,5652900
2021-10-05,44.95524597167969,59.099998474121094,59.44499969482422,58.099998474121094,58.2599983215332,5646200
2021-10-06,43.47956085205078,57.15999984741211,58.56999969482422,56.29999923706055,58.36000061035156,8699100
2021-10-07,44.50646209716797,58.5099983215332,59.470001220703125,57.790000915527344,57.88999938964844,7235900
2021-10-08,44.65859603881836,58.709999084472656,59.290000915527344,58.400001525878906,58.810001373291016,4260200
2021-10-11,44.29347229003906,58.22999954223633,59.779998779296875,58.209999084472656,59.25,4139000
2021-10-12,43.920745849609375,57.7400016784668,58.369998931884766,57.5,58.02000045776367,5443800
2021-10-13,43.289390563964844,56.90999984741211,58.04999923706055,56.650001525878906,57.91999816894531,7689800
2021-10-14,44.681419372558594,58.7400016784668,58.779998779296875,57.13999938964844,57.43000030517578,6430400
2021-10-15,44.848758697509766,58.959999084472656,59.72999954223633,58.84000015258789,59.470001220703125,4288200
2021-10-18,44.84114456176758,58.95000076293945,59.38999938964844,57.599998474121094,57.70000076293945,4660100
2021-10-19,45.02370834350586,59.189998626708984,59.27000045776367,58.540000915527344,59.09000015258789,3650600
2021-10-20,45.55617141723633,59.88999938964844,60.608001708984375,58.941001892089844,59.15999984741211,5875300
2021-10-21,45.07695770263672,59.2599983215332,61.16999816894531,57.959999084472656,60.06999969482422,8916600
2021-10-22,44.42278289794922,58.400001525878906,60.189998626708984,58.380001068115234,59.63999938964844,5889500
2021-10-25,44.65859603881836,58.709999084472656,59.53499984741211,58.61000061035156,59.2400016784668,6293200
2021-10-26,44.65859603881836,58.709999084472656,59.7599983215332,58.18000030517578,58.709999084472656,6875200
2021-10-27,42.59718704223633,56.0,58.58000183105469,55.900001525878906,58.58000183105469,11512700
2021-10-28,43.03076934814453,56.56999969482422,56.86000061035156,56.209999084472656,56.25,5974400
2021-10-29,42.574371337890625,55.970001220703125,56.650001525878906,55.65999984741211,56.130001068115234,5894900
2021-11-01,43.69254684448242,57.439998626708984,57.97999954223633,56.0099983215332,56.0099983215332,7562000
2021-11-02,44.47603225708008,58.470001220703125,58.7400016784668,57.2400016784668,57.63999938964844,5929500
2021-11-03,44.917213439941406,59.04999923706055,59.584999084472656,58.09000015258789,58.4900016784668,6234300
2021-11-04,43.48717498779297,57.16999816894531,59.01499938964844,56.79499816894531,59.0,9047900
2021-11-05,44.35432815551758,58.310001373291016,58.744998931884766,57.2400016784668,57.2400016784668,4979100
2021-11-08,44.552093505859375,58.56999969482422,59.68000030517578,58.29499816894531,58.93000030517578,4894100
2021-11-09,44.71943664550781,58.790000915527344,59.119998931884766,58.39500045776367,58.540000915527344,4447800
2021-11-10,44.69662094116211,58.7599983215332,59.290000915527344,58.4900016784668,58.84000015258789,5103900
2021-11-11,45.396427154541016,59.68000030517578,59.97999954223633,59.02000045776367,59.08000183105469,4140400
2021-11-12,45.68548583984375,60.060001373291016,60.54999923706055,59.459999084472656,59.790000915527344,3499400
2021-11-15,45.57899475097656,59.91999816894531,60.81999969482422,59.779998779296875,60.5,3470400
2021-11-16,44.7726936340332,58.86000061035156,59.9900016784668,58.84000015258789,59.970001220703125,4004700
2021-11-17,44.37713623046875,58.34000015258789,58.97999954223633,58.16999816894531,58.68000030517578,3342400
2021-11-18,44.10330581665039,57.97999954223633,58.369998931884766,57.66999816894531,58.349998474121094,3801500
2021-11-19,43.616485595703125,57.34000015258789,57.52000045776367,56.029998779296875,57.45000076293945,7424300
2021-11-22,44.71943664550781,58.790000915527344,59.290000915527344,57.40999984741211,57.560001373291016,5309200
2021-11-23,45.01610565185547,59.18000030517578,59.720001220703125,58.83000183105469,59.34000015258789,5279400
2021-11-24,44.59773635864258,58.630001068115234,59.369998931884766,58.59000015258789,58.900001525878906,3307100
2021-11-26,43.81425094604492,57.599998474121094,57.77000045776367,55.97999954223633,56.63999938964844,4317500
2021-11-29,43.78345489501953,56.86000061035156,58.380001068115234,56.380001068115234,57.900001525878906,4564300
2021-11-30,42.29730987548828,54.93000030517578,56.4900016784668,54.40999984741211,56.2599983215332,10398200
2021-12-01,40.62636184692383,52.7599983215332,55.79999923706055,52.70000076293945,55.4900016784668,9113300
2021-12-02,40.94976806640625,53.18000030517578,53.474998474121094,52.06999969482422,52.5,7333300
2021-12-03,40.86507034301758,53.06999969482422,53.81999969482422,52.72999954223633,53.0,6969100
2021-12-06,41.488792419433594,53.880001068115234,54.71799850463867,53.84000015258789,54.36000061035156,6066400
2021-12-07,42.243404388427734,54.86000061035156,55.380001068115234,54.27000045776367,54.45000076293945,5806900
2021-12-08,42.28191375732422,54.90999984741211,55.47999954223633,54.779998779296875,55.310001373291016,5013700
2021-12-09,41.88149642944336,54.38999938964844,54.58000183105469,53.724998474121094,54.2400016784668,5607700
2021-12-10,42.104801177978516,54.68000030517578,55.2599983215332,54.28499984741211,55.150001525878906,3628600
2021-12-13,41.05757522583008,53.31999969482422,54.650001525878906,53.06700134277344,54.459999084472656,5398800
2021-12-14,41.488792419433594,53.880001068115234,54.5,53.13800048828125,53.25,4048700
2021-12-15,41.611995697021484,54.040000915527344,54.06999969482422,52.86000061035156,53.790000915527344,4955200
2021-12-16,42.0432014465332,54.599998474121094,55.36000061035156,54.27000045776367,54.43000030517578,5605900
2021-12-17,41.65818786621094,54.099998474121094,54.665000915527344,53.380001068115234,54.529998779296875,10400000
2021-12-20,41.20386505126953,53.5099983215332,53.59000015258789,52.470001220703125,53.099998474121094,6251000
2021-12-21,41.73519515991211,54.20000076293945,54.810001373291016,53.900001525878906,54.16999816894531,4422000
2021-12-22,41.758296966552734,54.22999954223633,54.380001068115234,53.63999938964844,54.119998931884766,3729600
2021-12-23,42.45901107788086,55.13999938964844,55.702999114990234,54.349998474121094,54.5,6240200
2021-12-27,43.02113342285156,55.869998931884766,55.88999938964844,55.16999816894531,55.310001373291016,3249000
2021-12-28,43.606353759765625,56.630001068115234,57.0,55.90999984741211,56.0099983215332,4748100
2021-12-29,43.937461853027344,57.060001373291016,57.11000061035156,56.560001373291016,56.66999816894531,3580900
2021-12-30,43.72184753417969,56.779998779296875,57.83000183105469,56.724998474121094,57.20000076293945,3678700
2021-12-31,43.675655364990234,56.720001220703125,56.99100112915039,56.29499816894531,56.84000015258789,3093900
2022-01-03,43.79115676879883,56.869998931884766,57.900001525878906,56.790000915527344,57.20000076293945,5231900
2022-01-04,44.976985931396484,58.40999984741211,58.70000076293945,57.099998474121094,57.25,9068000
2022-01-05,44.93077850341797,58.349998474121094,59.59000015258789,58.314998626708984,58.790000915527344,6706300
2022-01-06,44.8460807800293,58.2400016784668,58.86000061035156,57.2400016784668,58.4900016784668,5820800
2022-01-07,45.508296966552734,59.099998474121094,59.51499938964844,58.43000030517578,58.630001068115234,4633100
2022-01-10,44.969295501708984,58.400001525878906,59.29999923706055,57.98500061035156,58.84000015258789,5544300
2022-01-11,45.56990432739258,59.18000030517578,59.470001220703125,58.40999984741211,59.04999923706055,5720400
2022-01-12,45.63151168823242,59.2599983215332,60.13999938964844,58.88999938964844,59.51499938964844,3742400
2022-01-13,46.15512466430664,59.939998626708984,60.22700119018555,59.207000732421875,59.29999923706055,4482600
2022-01-14,46.771141052246094,60.7400016784668,60.83000183105469,59.290000915527344,59.709999084472656,6795300
2022-01-18,46.35533142089844,60.20000076293945,61.14899826049805,59.56999969482422,60.7599983215332,4796900
2022-01-19,46.0781135559082,59.84000015258789,60.91999816894531,59.38999938964844,60.7599983215332,4351100
2022-01-20,44.51496887207031,57.810001373291016,60.04999923706055,57.77000045776367,59.900001525878906,5765700
2022-01-21,43.675655364990234,56.720001220703125,57.77000045776367,56.540000915527344,57.68000030517578,6189500
2022-01-24,43.59864807128906,56.619998931884766,56.81999969482422,54.599998474121094,55.70000076293945,8872700
2022-01-25,44.02986145019531,57.18000030517578,57.459999084472656,54.638999938964844,55.88999938964844,5644100
2022-01-26,44.0606575012207,57.220001220703125,58.25,56.650001525878906,57.43000030517578,6126000
2022-01-27,46.33993148803711,60.18000030517578,61.290000915527344,58.7400016784668,58.7400016784668,11664200
2022-01-28,46.232120513916016,60.040000915527344,61.099998474121094,59.06999969482422,60.709999084472656,6971900
2022-01-31,45.9934196472168,59.72999954223633,60.04999923706055,58.279998779296875,59.5,8056100
2022-02-01,47.59506607055664,61.810001373291016,61.9900016784668,59.70000076293945,59.79999923706055,6659400
2022-02-02,47.479557037353516,61.65999984741211,62.4900016784668,61.119998931884766,61.709999084472656,5463400
2022-02-03,47.13304901123047,61.209999084472656,62.44499969482422,61.154998779296875,61.5,5363800
2022-02-04,46.663333892822266,60.599998474121094,61.720001220703125,60.540000915527344,61.20000076293945,4995100
2022-02-07,46.13201904296875,59.90999984741211,61.099998474121094,59.72999954223633,60.93000030517578,6214400
2022-02-08,47.0406379699707,61.09000015258789,61.16999816894531,60.380001068115234,60.380001068115234,5595500
2022-02-09,47.733665466308594,61.9900016784668,62.22999954223633,61.25,61.4900016784668,5515900
2022-02-10,46.932838439941406,60.95000076293945,62.459999084472656,60.709999084472656,61.88999938964844,6537200
2022-02-11,47.0406379699707,61.09000015258789,61.90999984741211,60.349998474121094,60.79999923706055,6042100
2022-02-14,46.8404426574707,60.83000183105469,61.369998931884766,60.125,61.099998474121094,4472000
2022-02-15,47.63356018066406,61.86000061035156,62.0099983215332,60.709999084472656,60.81999969482422,4076800
2022-02-16,47.80297088623047,62.08000183105469,62.90999984741211,61.619998931884766,61.650001525878906,5613600
2022-02-17,47.102237701416016,61.16999816894531,62.10499954223633,60.625,61.36000061035156,3927800
2022-02-18,46.6556282043457,60.59000015258789,61.31999969482422,60.189998626708984,60.75,5078900
2022-02-22,46.43232345581055,60.29999923706055,61.040000915527344,59.939998626708984,60.91999816894531,5664000
2022-02-23,46.178218841552734,59.970001220703125,61.189998626708984,59.875,60.869998931884766,5155100
2022-02-24,45.215694427490234,58.720001220703125,58.970001220703125,57.52000045776367,58.88999938964844,8108500
2022-02-25,46.4859733581543,59.650001525878906,60.14500045776367,58.31999969482422,58.41999816894531,5445200
2022-02-28,45.948246002197266,58.959999084472656,59.18000030517578,58.0099983215332,58.31999969482422,6438200
2022-03-01,44.52210235595703,57.130001068115234,59.30500030517578,56.27000045776367,59.119998931884766,7668100
2022-03-02,46.13528823852539,59.20000076293945,59.790000915527344,57.5099983215332,57.54999923706055,6499800
2022-03-03,46.50156021118164,59.66999816894531,59.939998626708984,58.7400016784668,59.290000915527344,4514800
2022-03-04,45.8469352722168,58.83000183105469,58.875,57.83000183105469,58.400001525878906,5869500
2022-03-07,45.18451690673828,57.97999954223633,59.11000061035156,57.64500045776367,58.75,6987800
2022-03-08,45.075416564941406,57.84000015258789,59.220001220703125,57.619998931884766,58.11000061035156,6583400
2022-03-09,46.60287094116211,59.79999923706055,60.900001525878906,58.939998626708984,59.25,7484700
2022-03-10,47.249698638916016,60.630001068115234,61.040000915527344,59.22999954223633,59.2400016784668,5421000
2022-03-11,47.4679069519043,60.90999984741211,62.4900016784668,60.869998931884766,61.060001373291016,6140000
2022-03-14,46.9769401550293,60.279998779296875,62.029998779296875,59.77000045776367,61.369998931884766,5836200
2022-03-15,45.87810516357422,58.869998931884766,60.26499938964844,57.619998931884766,59.869998931884766,8354400
2022-03-16,46.47817611694336,59.63999938964844,60.150001525878906,58.720001220703125,59.15999984741211,6154800
2022-03-17,48.97197723388672,62.84000015258789,62.880001068115234,59.13999938964844,59.380001068115234,9420600
2022-03-18,48.62128448486328,62.38999938964844,63.43000030517578,61.80500030517578,62.22999954223633,9510800
2022-03-21,49.36163330078125,63.34000015258789,63.720001220703125,62.529998779296875,63.119998931884766,4836500
2022-03-22,49.52528762817383,63.54999923706055,64.52999877929688,63.2400016784668,64.0,5136700
2022-03-23,49.33046340942383,63.29999923706055,63.84000015258789,63.02000045776367,63.400001525878906,2936100
2022-03-24,49.94611740112305,64.08999633789062,64.19999694824219,63.40999984741211,63.7599983215332,3611400
2022-03-25,50.42148971557617,64.69999694824219,64.7300033569336,63.84000015258789,64.08999633789062,3962900
2022-03-28,49.96170425415039,64.11000061035156,64.55000305175781,63.040000915527344,64.30000305175781,3879300
2022-03-29,50.0240478515625,64.19000244140625,64.31999969482422,62.81999969482422,63.95000076293945,4225600
2022-03-30,50.07860565185547,64.26000213623047,64.94000244140625,64.02999877929688,64.4800033569336,3145900
2022-03-31,49.657772064208984,63.720001220703125,64.78500366210938,63.709999084472656,64.1500015258789,4302100
2022-04-01,50.01625061035156,64.18000030517578,64.93000030517578,63.439998626708984,64.29000091552734,3317100
2022-04-04,49.88377380371094,64.01000213623047,64.51000213623047,63.31999969482422,64.51000213623047,3650000
2022-04-05,49.47853088378906,63.4900016784668,64.63999938964844,63.40999984741211,64.0,3432500
2022-04-06,48.06017303466797,61.66999816894531,63.290000915527344,61.290000915527344,63.209999084472656,4977000
2022-04-07,47.73286819458008,61.25,61.79999923706055,60.029998779296875,61.79999923706055,4644800
2022-04-08,48.06797409057617,61.68000030517578,62.279998779296875,61.31999969482422,61.77000045776367,3913900
2022-04-11,48.278385162353516,61.95000076293945,62.619998931884766,61.150001525878906,61.349998474121094,2760400
2022-04-12,49.29928970336914,63.2599983215332,63.75,62.290000915527344,62.5099983215332,4137300
2022-04-13,50.000667572021484,64.16000366210938,64.2300033569336,63.220001220703125,63.4900016784668,3465600
2022-04-14,51.037147521972656,65.48999786376953,66.0,64.38999938964844,64.48999786376953,7000200
2022-04-18,51.341087341308594,65.87999725341797,66.4800033569336,65.30000305175781,65.48999786376953,4958900
2022-04-19,52.25288391113281,67.05000305175781,67.3499984741211,65.91000366210938,66.02999877929688,5292500
2022-04-20,52.6347541809082,67.54000091552734,68.16999816894531,67.04000091552734,67.06999969482422,5021500
2022-04-21,54.16999053955078,69.51000213623047,71.86000061035156,68.88999938964844,69.0,10282500
2022-04-22,53.38288116455078,68.5,71.2300033569336,68.23999786376953,70.06999969482422,7439400
2022-04-25,53.04778289794922,68.06999969482422,68.33999633789062,65.52999877929688,67.41000366210938,7252100
2022-04-26,52.50225830078125,67.37000274658203,68.9800033569336,67.3499984741211,68.23999786376953,6612800
2022-04-27,52.564598083496094,67.44999694824219,68.33000183105469,67.0510025024414,68.12000274658203,5412300
2022-04-28,52.84516525268555,67.80999755859375,68.04000091552734,66.11000061035156,68.04000091552734,5532300
2022-04-29,51.82426452636719,66.5,68.71499633789062,66.30999755859375,68.12000274658203,6499800
2022-05-02,52.26066207885742,67.05999755859375,67.30999755859375,65.80999755859375,67.1500015258789,7250100
2022-05-03,53.110130310058594,68.1500015258789,68.33000183105469,67.05999755859375,67.12000274658203,4599500
2022-05-04,55.02724075317383,70.61000061035156,70.77999877929688,68.43000030517578,68.81999969482422,5589800
2022-05-05,53.3594970703125,68.47000122070312,70.36000061035156,67.52999877929688,70.26000213623047,6530600
2022-05-06,52.93867111206055,67.93000030517578,68.37000274658203,66.6500015258789,68.06999969482422,5807800
2022-05-09,51.925575256347656,66.62999725341797,67.80999755859375,66.47000122070312,66.83999633789062,7266900
2022-05-10,51.28653335571289,65.80999755859375,67.8499984741211,65.27999877929688,67.43000030517578,7885500
2022-05-11,52.050254821777344,66.79000091552734,68.5,65.81999969482422,66.4000015258789,5683300
2022-05-12,52.245079040527344,67.04000091552734,67.38999938964844,65.66500091552734,66.52999877929688,6035700
2022-05-13,52.65032958984375,67.55999755859375,68.31999969482422,67.26000213623047,67.5,3924400
2022-05-16,52.97763442993164,67.9800033569336,68.59600067138672,66.68000030517578,67.30999755859375,4028300
2022-05-17,54.528472900390625,69.97000122070312,70.29100036621094,68.9000015258789,69.61000061035156,4502600
2022-05-18,53.70240783691406,68.91000366210938,70.37999725341797,68.49500274658203,69.41000366210938,4623900
2022-05-19,53.585506439208984,68.76000213623047,69.56999969482422,67.80000305175781,68.30999755859375,4988400
2022-05-20,53.078948974609375,68.11000061035156,69.7300033569336,66.87000274658203,68.87999725341797,5232200
2022-05-23,52.59578323364258,67.48999786376953,68.12999725341797,66.83999633789062,67.80000305175781,6582300
2022-05-24,52.26845932006836,67.06999969482422,67.38999938964844,65.47000122070312,67.19999694824219,4664400
2022-05-25,52.44770431518555,67.30000305175781,67.68000030517578,66.4000015258789,66.70999908447266,6264900
2022-05-26,52.8685417175293,67.83999633789062,68.29000091552734,66.91000366210938,67.16999816894531,5732800
2022-05-27,54.38041687011719,69.05999755859375,69.06999969482422,67.31999969482422,67.58999633789062,4784300
2022-05-31,53.52997970581055,67.9800033569336,68.75,67.61499786376953,68.63999938964844,7876000
2022-06-01,53.632354736328125,68.11000061035156,69.78800201416016,67.99500274658203,68.6500015258789,5958100
2022-06-02,53.624481201171875,68.0999984741211,68.97000122070312,67.0999984741211,68.43000030517578,4598700
2022-06-03,52.781917572021484,67.02999877929688,68.16000366210938,66.68000030517578,67.58999633789062,4966800
2022-06-06,52.81341552734375,67.06999969482422,67.61000061035156,66.66999816894531,67.04000091552734,3117300
2022-06-07,53.04964828491211,67.37000274658203,67.45999908447266,66.41999816894531,66.76000213623047,4873800
2022-06-08,52.94728469848633,67.23999786376953,67.80999755859375,66.8499984741211,67.05999755859375,3200900
2022-06-09,51.860618591308594,65.86000061035156,67.01499938964844,65.80999755859375,66.9000015258789,3113400
2022-06-10,48.71874237060547,61.869998931884766,65.08000183105469,61.86000061035156,65.01000213623047,6448900
2022-06-13,46.206817626953125,58.68000030517578,60.58000183105469,57.970001220703125,60.4900016784668,8509300
2022-06-14,46.112327575683594,58.560001373291016,59.130001068115234,57.459999084472656,58.279998779296875,7128900
2022-06-15,45.2067756652832,57.40999984741211,59.65999984741211,56.76499938964844,59.02000045776367,6387900
2022-06-16,43.639766693115234,55.41999816894531,55.970001220703125,54.650001525878906,55.66999816894531,7641800
2022-06-17,43.1279411315918,54.77000045776367,55.959999084472656,53.970001220703125,55.15999984741211,12735800
2022-06-21,43.269676208496094,54.95000076293945,56.689998626708984,54.90999984741211,56.34000015258789,6391700
2022-06-22,41.21446990966797,52.34000015258789,52.790000915527344,51.56999969482422,52.29999923706055,10383100
2022-06-23,40.206546783447266,51.060001373291016,52.650001525878906,50.41999816894531,52.25,9662000
2022-06-24,41.84441375732422,53.13999938964844,53.79999923706055,51.189998626708984,51.5099983215332,9109000
2022-06-27,41.11997985839844,52.220001220703125,53.29999923706055,51.970001220703125,52.900001525878906,7507300
2022-06-28,41.36408233642578,52.529998779296875,54.150001525878906,52.345001220703125,52.79999923706055,5169400
2022-06-29,40.930992126464844,51.97999954223633,53.0099983215332,51.279998779296875,52.709999084472656,4392800
2022-06-30,40.639644622802734,51.61000061035156,52.13999938964844,50.849998474121094,51.15999984741211,5848000
2022-07-01,40.70262908935547,51.689998626708984,52.040000915527344,49.900001525878906,50.90999984741211,5255100
2022-07-05,39.94669723510742,50.72999954223633,50.81999969482422,49.35499954223633,50.77000045776367,5891000
2022-07-06,40.30104446411133,51.18000030517578,51.25,50.03499984741211,50.619998931884766,5657000
2022-07-07,41.1672248840332,52.279998779296875,52.810001373291016,51.7400016784668,52.13999938964844,5507600
2022-07-08,40.45852279663086,51.380001068115234,52.880001068115234,51.30500030517578,52.43000030517578,4226900
2022-07-11,40.16717529296875,51.0099983215332,51.349998474121094,50.5099983215332,50.7400016784668,3919100
2022-07-12,39.70258712768555,50.41999816894531,51.564998626708984,50.25,50.88999938964844,6068200
2022-07-13,39.11201095581055,49.66999816894531,50.209999084472656,49.029998779296875,50.0,6071500
2022-07-14,38.50568771362305,48.900001525878906,49.06999969482422,48.27000045776367,48.7400016784668,4969400
2022-07-15,39.017513275146484,49.54999923706055,50.2400016784668,49.16999816894531,49.72999954223633,4809900
2022-07-18,39.74196243286133,50.470001220703125,51.04999923706055,50.20000076293945,50.41999816894531,4839000
2022-07-19,41.301090240478516,52.45000076293945,52.810001373291016,51.08000183105469,51.150001525878906,6999400
2022-07-20,41.379825592041016,52.54999923706055,52.66999816894531,51.810001373291016,52.45000076293945,5977700
2022-07-21,40.474273681640625,51.400001525878906,51.439998626708984,49.95000076293945,50.56999969482422,10059700
2022-07-22,40.04117965698242,50.849998474121094,51.810001373291016,50.439998626708984,51.5,5074800
2022-07-25,40.61601257324219,51.58000183105469,51.970001220703125,51.029998779296875,51.16999816894531,5933200
2022-07-26,40.39553451538086,51.29999923706055,51.79999923706055,50.95000076293945,51.16999816894531,4130900
2022-07-27,41.13572692871094,52.2400016784668,52.479000091552734,51.209999084472656,51.439998626708984,4342000
2022-07-28,41.18296813964844,52.29999923706055,52.90999984741211,51.7599983215332,52.45000076293945,6137900
2022-07-29,41.899539947509766,53.209999084472656,53.79499816894531,52.470001220703125,52.7599983215332,9754300
2022-08-01,41.3089599609375,52.459999084472656,52.599998474121094,51.43000030517578,52.58000183105469,5913400
2022-08-02,40.59239959716797,51.54999923706055,52.66999816894531,51.540000915527344,52.29999923706055,5797800
2022-08-03,40.54515075683594,51.4900016784668,52.0,51.33599853515625,52.0,5139300
2022-08-04,40.151432037353516,50.9900016784668,51.70000076293945,50.86000061035156,51.310001373291016,6963700
2022-08-05,40.54515075683594,51.4900016784668,51.77000045776367,50.72999954223633,50.77000045776367,5954500
2022-08-08,41.064857482910156,52.150001525878906,52.7599983215332,51.79999923706055,51.880001068115234,4511400
2022-08-09,41.513694763183594,52.720001220703125,52.849998474121094,52.11000061035156,52.150001525878906,4339000
2022-08-10,42.5531120300293,54.040000915527344,54.654998779296875,53.810001373291016,53.849998474121094,5998300
2022-08-11,43.5137825012207,55.2599983215332,55.720001220703125,54.7599983215332,54.7599983215332,5066200
2022-08-12,44.04136276245117,55.93000030517578,55.939998626708984,55.310001373291016,55.33000183105469,4389100
2022-08-15,43.576786041259766,55.34000015258789,55.5,54.86000061035156,55.47999954223633,5991700
2022-08-16,44.18310546875,56.11000061035156,56.42499923706055,55.34000015258789,55.36000061035156,3925900
2022-08-17,43.67127227783203,55.459999084472656,55.90999984741211,55.0099983215332,55.52000045776367,4198000
2022-08-18,44.11223602294922,56.02000045776367,56.224998474121094,55.41999816894531,55.720001220703125,3561500
2022-08-19,43.69489288330078,55.4900016784668,55.91999816894531,55.150001525878906,55.68000030517578,3517800
2022-08-22,42.84446334838867,54.40999984741211,54.698001861572266,53.900001525878906,54.4900016784668,6342700
2022-08-23,43.79726028442383,55.619998931884766,55.7599983215332,54.529998779296875,54.65999984741211,3894500
2022-08-24,42.710594177246094,54.2400016784668,55.63999938964844,54.08000183105469,55.5,6957200
2022-08-25,43.90750503540039,55.7599983215332,55.790000915527344,54.75699996948242,54.83000183105469,5736200
2022-08-26,42.88383102416992,54.459999084472656,56.369998931884766,54.2599983215332,55.97999954223633,5777700
2022-08-29,42.18301773071289,53.56999969482422,54.0099983215332,52.540000915527344,53.0,9304900
2022-08-30,40.99419403076172,51.380001068115234,52.959999084472656,51.2599983215332,52.83000183105469,7452200
2022-08-31,40.691017150878906,51.0,51.63999938964844,50.58000183105469,51.2400016784668,6069600
2022-09-01,39.86123275756836,49.959999084472656,50.4900016784668,49.13999938964844,50.459999084472656,6378300
2022-09-02,39.342620849609375,49.310001373291016,50.7599983215332,48.904998779296875,50.529998779296875,5124900
2022-09-06,38.76816177368164,48.59000015258789,50.08000183105469,48.34000015258789,49.900001525878906,8104700
2022-09-07,39.07135009765625,48.970001220703125,49.244998931884766,48.029998779296875,48.34000015258789,6517500
2022-09-08,39.4144287109375,49.400001525878906,49.5099983215332,47.95000076293945,48.4900016784668,5964100
2022-09-09,40.3000602722168,50.5099983215332,50.71500015258789,50.02000045776367,50.22999954223633,6265600
2022-09-12,40.635162353515625,50.93000030517578,51.790000915527344,50.79999923706055,51.290000915527344,5042800
2022-09-13,38.193702697753906,47.869998931884766,49.619998931884766,47.55500030517578,48.75,9104300
2022-09-14,37.55541229248047,47.06999969482422,47.869998931884766,46.380001068115234,47.61000061035156,11484300
2022-09-15,37.42776107788086,46.90999984741211,47.7599983215332,46.689998626708984,47.099998474121094,6535500
2022-09-16,37.03679656982422,46.41999816894531,46.79999923706055,45.40999984741211,46.0099983215332,10059000
2022-09-19,37.292118072509766,46.7400016784668,46.880001068115234,45.470001220703125,45.63999938964844,4900300
2022-09-20,36.77350997924805,46.09000015258789,46.279998779296875,45.369998931884766,45.95000076293945,4996000
2022-09-21,35.887874603271484,44.97999954223633,46.59000015258789,44.970001220703125,46.41999816894531,5819100
2022-09-22,35.72032165527344,44.77000045776367,45.54999923706055,44.75,45.279998779296875,4652900
2022-09-23,35.02618408203125,43.900001525878906,44.20000076293945,43.040000915527344,44.0,6729600
2022-09-26,34.61927795410156,43.38999938964844,44.2599983215332,43.15999984741211,43.52000045776367,5497600
2022-09-27,34.938419342041016,43.790000915527344,44.16999816894531,43.275001525878906,43.939998626708984,5444700
2022-09-28,35.9437255859375,45.04999923706055,45.5099983215332,43.90999984741211,44.08000183105469,8315400
2022-09-29,35.2336311340332,44.15999984741211,44.689998626708984,43.4900016784668,44.5,4904800
2022-09-30,35.05012130737305,43.93000030517578,44.84000015258789,43.79999923706055,44.16999816894531,5869800
2022-10-03,36.12723159790039,45.279998779296875,45.7400016784668,44.45000076293945,44.939998626708984,6868700
2022-10-04,37.19636917114258,46.619998931884766,46.72999954223633,45.625,45.79999923706055,6959800
2022-10-05,36.74956512451172,46.060001373291016,46.439998626708984,45.5099983215332,45.91999816894531,5564500
2022-10-06,36.318721771240234,45.52000045776367,46.099998474121094,45.314998626708984,45.70000076293945,5430600
2022-10-07,35.4330940246582,44.40999984741211,45.439998626708984,44.20000076293945,45.04999923706055,5265100
2022-10-10,35.80808639526367,44.880001068115234,45.439998626708984,44.560001373291016,44.97999954223633,4686100
2022-10-11,35.06607437133789,43.95000076293945,44.790000915527344,43.41999816894531,44.279998779296875,5222700
2022-10-12,34.954376220703125,43.810001373291016,44.22999954223633,43.540000915527344,43.939998626708984,4982100
2022-10-13,36.63786697387695,45.91999816894531,46.5,42.90999984741211,43.0,8304900
2022-10-14,35.99958038330078,45.119998931884766,46.400001525878906,44.73500061035156,46.290000915527344,5888400
2022-10-17,36.11127471923828,45.2599983215332,46.06999969482422,44.994998931884766,45.90999984741211,6195300
2022-10-18,37.0048828125,46.380001068115234,46.939998626708984,45.375,46.279998779296875,8009100
2022-10-19,36.0075569152832,45.130001068115234,46.599998474121094,45.09000015258789,46.2400016784668,8371500
2022-10-20,35.847984313964844,44.93000030517578,47.630001068115234,44.900001525878906,45.38999938964844,9259900
2022-10-21,37.395835876464844,46.869998931884766,46.91999816894531,44.95000076293945,45.02000045776367,7483600
2022-10-24,37.53147506713867,47.040000915527344,47.310001373291016,46.33000183105469,46.88999938964844,5645700
2022-10-25,38.177734375,47.849998474121094,47.939998626708984,46.53499984741211,46.709999084472656,5202500
2022-10-26,38.28944396972656,47.9900016784668,48.54999923706055,47.88999938964844,48.0,6020700
2022-10-27,37.994239807128906,47.619998931884766,48.48500061035156,47.470001220703125,48.119998931884766,4524400
2022-10-28,37.882530212402344,47.47999954223633,47.77000045776367,46.810001373291016,47.20000076293945,6943200
2022-10-31,37.292118072509766,46.7400016784668,47.821998596191406,46.625,47.47999954223633,6434000
2022-11-01,37.44371032714844,46.93000030517578,47.56999969482422,46.75,47.41999816894531,4892300
2022-11-02,37.44371032714844,46.93000030517578,48.619998931884766,46.775001525878906,46.86000061035156,7310300
2022-11-03,37.09265899658203,46.4900016784668,46.970001220703125,45.970001220703125,46.27000045776367,5122300
2022-11-04,39.11921691894531,49.029998779296875,49.880001068115234,48.130001068115234,48.27000045776367,10593100
2022-11-07,39.49421691894531,49.5,49.529998779296875,48.310001373291016,48.9900016784668,5849000
2022-11-08,39.61389923095703,49.650001525878906,50.349998474121094,49.45000076293945,49.88999938964844,4739700
2022-11-09,38.04210662841797,47.68000030517578,49.38999938964844,47.56999969482422,49.349998474121094,5089900
2022-11-10,39.86123275756836,49.959999084472656,50.02000045776367,49.119998931884766,49.45000076293945,6592000
2022-11-11,42.398433685302734,53.13999938964844,53.439998626708984,50.900001525878906,51.0,9009800
2022-11-14,41.448978424072266,51.95000076293945,52.89500045776367,51.86000061035156,52.470001220703125,5484400
2022-11-15,41.16972351074219,51.599998474121094,52.70000076293945,51.13999938964844,52.40999984741211,4445700
2022-11-16,40.3000602722168,50.5099983215332,51.220001220703125,50.21500015258789,51.150001525878906,4294900
2022-11-17,39.99687576293945,50.130001068115234,50.150001525878906,49.189998626708984,49.650001525878906,3620400
2022-11-18,39.948997497558594,50.06999969482422,50.52000045776367,49.36000061035156,50.4900016784668,3751300
2022-11-21,40.028785705566406,50.16999816894531,50.66999816894531,48.58000183105469,49.439998626708984,5719800
2022-11-22,41.145790100097656,51.56999969482422,51.779998779296875,50.869998931884766,50.9900016784668,4495500
2022-11-23,41.12984085083008,51.54999923706055,51.7400016784668,51.13999938964844,51.290000915527344,3354800
2022-11-25,41.137813568115234,51.560001373291016,51.81999969482422,51.41999816894531,51.5,1648100
2022-11-28,40.05271530151367,50.20000076293945,51.154998779296875,49.939998626708984,50.849998474121094,5657800
2022-11-29,40.98323059082031,50.650001525878906,50.82500076293945,49.880001068115234,50.25,4905000
2022-11-30,41.24216842651367,50.970001220703125,50.970001220703125,49.37799835205078,50.52000045776367,7194200
2022-12-01,41.323081970214844,51.06999969482422,51.5099983215332,50.79999923706055,51.25,4757300
2022-12-02,41.71147155761719,51.54999923706055,51.70000076293945,50.43000030517578,50.470001220703125,4858300
2022-12-05,41.468727111816406,51.25,51.939998626708984,50.9900016784668,51.459999084472656,5109900
2022-12-06,41.3068962097168,51.04999923706055,51.8650016784668,50.56999969482422,51.45000076293945,4373400
2022-12-07,41.02369689941406,50.70000076293945,51.3390007019043,50.255001068115234,50.81999969482422,4248500
2022-12-08,40.91041564941406,50.560001373291016,51.43000030517578,50.310001373291016,51.18000030517578,3815800
2022-12-09,40.61911392211914,50.20000076293945,51.400001525878906,50.119998931884766,50.5099983215332,3807000
2022-12-12,41.35544204711914,51.11000061035156,51.130001068115234,49.84000015258789,50.31999969482422,5208100
2022-12-13,41.71956253051758,51.560001373291016,52.83000183105469,51.29499816894531,52.5,4884100
2022-12-14,41.5577278137207,51.36000061035156,52.04800033569336,50.970001220703125,51.5,4064300
2022-12-15,40.07699203491211,49.529998779296875,50.5620002746582,49.36000061035156,50.459999084472656,6189600
2022-12-16,40.29545974731445,49.79999923706055,49.970001220703125,48.880001068115234,49.220001220703125,8969100
2022-12-19,39.915164947509766,49.33000183105469,50.314998626708984,48.7599983215332,49.810001373291016,4674700
2022-12-20,40.182186126708984,49.65999984741211,50.005001068115234,49.349998474121094,49.349998474121094,4003400
2022-12-21,40.99941635131836,50.66999816894531,50.93000030517578,50.06999969482422,50.15999984741211,3840500
2022-12-22,40.594852447509766,50.16999816894531,50.25,49.14500045776367,50.15999984741211,3340600
2022-12-23,41.15315628051758,50.86000061035156,50.9109992980957,49.95000076293945,50.20000076293945,2634200
2022-12-27,41.42017364501953,51.189998626708984,51.220001220703125,50.75,50.90999984741211,3094500
2022-12-28,40.44920349121094,49.9900016784668,51.349998474121094,49.904998779296875,51.16999816894531,3340300
2022-12-29,40.98323059082031,50.650001525878906,50.801998138427734,50.0,50.06999969482422,2743400
2022-12-30,40.77286148071289,50.38999938964844,50.53099822998047,49.97999954223633,50.2599983215332,2700300
2023-01-03,41.29880905151367,51.040000915527344,51.150001525878906,50.310001373291016,50.599998474121094,3962500
2023-01-04,42.34260559082031,52.33000183105469,52.505001068115234,51.400001525878906,51.65999984741211,4527800
2023-01-05,42.81190872192383,52.90999984741211,52.97999954223633,51.52000045776367,52.02000045776367,4803000
2023-01-06,44.51920700073242,55.02000045776367,55.23500061035156,53.31999969482422,53.63999938964844,6100700
2023-01-09,44.729583740234375,55.279998779296875,56.189998626708984,54.81999969482422,55.040000915527344,6510900
2023-01-10,45.692466735839844,56.470001220703125,56.58000183105469,55.29999923706055,55.40999984741211,6611700
2023-01-11,46.590614318847656,57.58000183105469,57.88999938964844,57.02000045776367,57.310001373291016,8926300
2023-01-12,47.351219177246094,58.52000045776367,58.79800033569336,57.5,57.959999084472656,7305900
2023-01-13,47.480682373046875,58.68000030517578,58.775001525878906,57.790000915527344,58.0,4041200
2023-01-17,46.44497299194336,57.400001525878906,58.47999954223633,57.2599983215332,58.310001373291016,5948400
2023-01-18,45.991859436035156,56.84000015258789,58.349998474121094,56.77000045776367,58.02000045776367,5641500
2023-01-19,45.79765319824219,56.599998474121094,56.9900016784668,55.849998474121094,56.56999969482422,4997500
2023-01-20,46.47733688354492,57.439998626708984,57.55500030517578,56.31999969482422,56.72999954223633,6712600
2023-01-23,46.96282958984375,58.040000915527344,58.400001525878906,57.21500015258789,57.43000030517578,5213700
2023-01-24,47.0922966003418,58.20000076293945,58.459999084472656,57.16999816894531,57.709999084472656,5262500
2023-01-25,46.841453552246094,57.88999938964844,57.974998474121094,56.849998474121094,57.36000061035156,5491500
2023-01-26,47.02755355834961,58.119998931884766,58.56999969482422,55.83000183105469,56.65999984741211,8002500
2023-01-27,47.71533203125,58.970001220703125,59.33000183105469,57.810001373291016,58.040000915527344,6773300
2023-01-30,46.8900032043457,57.95000076293945,59.23500061035156,57.79999923706055,58.630001068115234,4824700
2023-01-31,48.02280044555664,59.349998474121094,59.45000076293945,57.81999969482422,58.06999969482422,5739100
2023-02-01,48.72676467895508,60.220001220703125,60.71500015258789,58.79999923706055,59.279998779296875,5645100
2023-02-02,48.50829315185547,59.95000076293945,60.41999816894531,59.5359992980957,60.06999969482422,4726200
2023-02-03,48.54875564575195,60.0,60.24300003051758,59.40999984741211,59.599998474121094,3960900
2023-02-06,48.6215705871582,60.09000015258789,60.29999923706055,59.29999923706055,60.0,4658600
2023-02-07,48.96141052246094,60.5099983215332,60.875,59.68000030517578,60.06999969482422,4777500
2023-02-08,48.39501190185547,59.810001373291016,60.5099983215332,59.560001373291016,60.20000076293945,3410400
2023-02-09,47.804344177246094,59.08000183105469,60.709999084472656,58.85499954223633,60.52000045776367,3874700
2023-02-10,48.40311050415039,59.81999969482422,59.84000015258789,58.709999084472656,59.0,3826300
2023-02-13,48.80767822265625,60.31999969482422,60.415000915527344,59.619998931884766,59.81999969482422,3520600
2023-02-14,48.354557037353516,59.7599983215332,60.040000915527344,59.0099983215332,60.040000915527344,3749100
2023-02-15,48.354557037353516,59.7599983215332,59.7599983215332,59.02000045776367,59.310001373291016,2357500
2023-02-16,47.480682373046875,58.68000030517578,59.3849983215332,58.290000915527344,58.970001220703125,4302100
2023-02-17,47.035648345947266,58.130001068115234,58.505001068115234,57.7400016784668,58.2599983215332,4317200
2023-02-21,45.991859436035156,56.84000015258789,57.880001068115234,56.70000076293945,57.70000076293945,6615600
2023-02-22,46.1294059753418,57.0099983215332,57.435001373291016,56.70000076293945,56.779998779296875,3735400
2023-02-23,46.275054931640625,57.189998626708984,57.720001220703125,56.33000183105469,57.40999984741211,4154000
2023-02-24,46.76054000854492,57.790000915527344,57.875,56.060001373291016,56.36000061035156,4831800
2023-02-27,46.67863082885742,56.9900016784668,57.63999938964844,56.79999923706055,57.380001068115234,5443100
2023-02-28,46.85063552856445,57.20000076293945,57.5099983215332,56.869998931884766,57.119998931884766,5835300
2023-03-01,47.52226638793945,58.02000045776367,58.654998779296875,57.22999954223633,57.290000915527344,4535100
2023-03-02,47.86627960205078,58.439998626708984,58.645999908447266,57.349998474121094,57.7599983215332,3992400
2023-03-03,47.76798629760742,58.31999969482422,58.75,57.79499816894531,58.560001373291016,3463600
2023-03-06,46.776920318603516,57.11000061035156,58.25,56.77000045776367,58.0099983215332,4841200
2023-03-07,45.70393753051758,55.79999923706055,57.20000076293945,55.540000915527344,56.880001068115234,5499200
2023-03-08,46.08070755004883,56.2599983215332,56.869998931884766,56.09000015258789,56.209999084472656,4232700
2023-03-09,45.13059616088867,55.099998474121094,56.66999816894531,54.95500183105469,56.33000183105469,4566100
2023-03-10,44.131324768066406,53.880001068115234,55.18000030517578,53.314998626708984,55.15999984741211,5399000
2023-03-13,42.91910934448242,52.400001525878906,53.2400016784668,51.9900016784668,52.95000076293945,8481300
2023-03-14,42.82902526855469,52.290000915527344,53.7400016784668,51.595001220703125,53.27000045776367,8450400
2023-03-15,41.34650802612305,50.47999954223633,51.029998779296875,49.66999816894531,51.029998779296875,8006200
2023-03-16,41.698707580566406,50.90999984741211,50.97999954223633,49.20000076293945,49.599998474121094,6851400
2023-03-17,40.9697380065918,50.02000045776367,50.84000015258789,49.70000076293945,50.70000076293945,11632000
2023-03-20,41.985374450683594,51.2599983215332,51.40999984741211,50.61800003051758,50.66999816894531,5403200
2023-03-21,42.64063262939453,52.060001373291016,52.59000015258789,51.57500076293945,52.41999816894531,4277400
2023-03-22,42.08366394042969,51.380001068115234,52.65800094604492,51.334999084472656,52.06999969482422,4524000
2023-03-23,42.3048095703125,51.650001525878906,52.939998626708984,51.154998779296875,51.47999954223633,4781100
2023-03-24,42.41129684448242,51.779998779296875,51.93000030517578,50.45000076293945,50.849998474121094,4338400
2023-03-27,42.591487884521484,52.0,52.70000076293945,51.904998779296875,52.25,4328000
2023-03-28,43.33683776855469,52.90999984741211,52.959999084472656,52.119998931884766,52.16999816894531,3083600
2023-03-29,43.90199661254883,53.599998474121094,53.849998474121094,53.15999984741211,53.7599983215332,3710400
2023-03-30,44.22962188720703,54.0,54.29999923706055,53.58000183105469,54.25,3643800
2023-03-31,44.90125274658203,54.81999969482422,54.88999938964844,53.959999084472656,54.16999816894531,4410800
2023-04-03,45.31898498535156,55.33000183105469,56.11000061035156,55.01499938964844,55.220001220703125,6588800
2023-04-04,44.44256591796875,54.2599983215332,55.279998779296875,53.994998931884766,55.09000015258789,5014500
2023-04-05,44.753822326660156,54.63999938964844,54.68000030517578,53.45000076293945,53.650001525878906,3959800
2023-04-06,44.770198822021484,54.65999984741211,55.060001373291016,54.209999084472656,54.380001068115234,5022100
2023-04-10,45.712135314941406,55.810001373291016,55.810001373291016,54.970001220703125,55.0,4046400
2023-04-11,46.02337646484375,56.189998626708984,56.7400016784668,56.0,56.060001373291016,4411100
2023-04-12,46.59672546386719,56.88999938964844,57.7400016784668,56.79499816894531,57.45000076293945,4679700
2023-04-13,46.62129211425781,56.91999816894531,57.15999984741211,56.08000183105469,56.619998931884766,5147600
2023-04-14,46.27728271484375,56.5,57.4370002746582,56.25,57.04999923706055,3394800
2023-04-17,46.604915618896484,56.900001525878906,56.94499969482422,56.40999984741211,56.68000030517578,2874400
2023-04-18,46.506629943847656,56.779998779296875,57.2400016784668,56.3849983215332,57.0099983215332,3354600
2023-04-19,46.228145599365234,56.439998626708984,56.5880012512207,55.84000015258789,56.400001525878906,3828000
2023-04-20,45.622032165527344,55.70000076293945,56.165000915527344,55.3650016784668,55.79999923706055,3334700
2023-04-21,44.94220733642578,54.869998931884766,55.47999954223633,54.70500183105469,55.36000061035156,4179500
2023-04-24,45.36812210083008,55.38999938964844,55.400001525878906,54.779998779296875,55.13999938964844,5036400
2023-04-25,43.001014709472656,52.5,55.0,52.5,54.459999084472656,8369800
2023-04-26,43.06654739379883,52.58000183105469,53.150001525878906,52.209999084472656,52.27000045776367,5952500
2023-04-27,43.82008361816406,53.5,53.52000045776367,52.35499954223633,52.63999938964844,3910700
2023-04-28,44.557247161865234,54.400001525878906,54.90999984741211,53.16999816894531,53.2400016784668,6014400
2023-05-01,44.31971740722656,54.11000061035156,54.619998931884766,53.82500076293945,54.459999084472656,4013200
2023-05-02,44.04942321777344,53.779998779296875,53.88999938964844,52.58000183105469,53.5,4206000
2023-05-03,43.410552978515625,53.0,54.16999816894531,52.90999984741211,53.75,3343000
2023-05-04,43.70541763305664,53.36000061035156,53.40999984741211,52.27000045776367,52.900001525878906,3899900
2023-05-05,44.56543731689453,54.40999984741211,54.58000183105469,53.83000183105469,54.2599983215332,4145300
2023-05-08,44.35248565673828,54.150001525878906,54.90999984741211,54.0099983215332,54.41999816894531,2725300
2023-05-09,43.959327697753906,53.66999816894531,53.939998626708984,53.470001220703125,53.88999938964844,3285300
2023-05-10,43.77913284301758,53.45000076293945,54.57500076293945,52.849998474121094,54.279998779296875,3888200
2023-05-11,42.86997604370117,52.34000015258789,53.0099983215332,51.939998626708984,53.0,5499600
2023-05-12,42.84539794921875,52.310001373291016,52.7400016784668,52.05500030517578,52.54999923706055,3260200
2023-05-15,42.804447174072266,52.2599983215332,52.65999984741211,51.75,52.619998931884766,3774800
2023-05-16,41.82155990600586,51.060001373291016,52.099998474121094,50.97999954223633,52.0099983215332,4611000
2023-05-17,42.16557693481445,51.47999954223633,51.84000015258789,51.0890007019043,51.31999969482422,4777300
2023-05-18,42.485008239746094,51.869998931884766,52.005001068115234,50.849998474121094,51.22999954223633,4451900
2023-05-19,42.55052947998047,51.95000076293945,52.34000015258789,51.61000061035156,52.25,3747400
2023-05-22,42.40311050415039,51.77000045776367,52.209999084472656,51.540000915527344,52.02000045776367,3478200
2023-05-23,42.55872344970703,51.959999084472656,52.31999969482422,51.45000076293945,51.77000045776367,3611400
2023-05-24,42.034523010253906,51.31999969482422,52.11000061035156,51.189998626708984,52.11000061035156,3162400
2023-05-25,41.25640869140625,50.369998931884766,51.119998931884766,49.96500015258789,51.0,4688200
2023-05-26,41.231842041015625,50.34000015258789,50.790000915527344,50.25,50.72999954223633,3511000
2023-05-30,41.11554718017578,49.5,49.744998931884766,48.900001525878906,49.529998779296875,5222800
2023-05-31,40.517513275146484,48.779998779296875,49.369998931884766,48.34000015258789,49.130001068115234,8465200
2023-06-01,40.70023727416992,49.0,49.345001220703125,48.5099983215332,49.0,4573900
2023-06-02,42.86814880371094,51.61000061035156,51.68000030517578,50.0099983215332,50.11000061035156,7786600
2023-06-05,42.77678298950195,51.5,52.3650016784668,51.470001220703125,51.689998626708984,5567400
2023-06-06,43.682159423828125,52.59000015258789,52.880001068115234,51.06999969482422,51.11000061035156,7378400
2023-06-07,44.74534606933594,53.869998931884766,53.95000076293945,52.720001220703125,52.81999969482422,6453700
2023-06-08,43.83998107910156,52.779998779296875,54.34000015258789,52.25,54.11000061035156,5092000
2023-06-09,42.976131439208984,51.7400016784668,52.68000030517578,51.6349983215332,52.41999816894531,5478000
2023-06-12,43.025970458984375,51.79999923706055,52.310001373291016,51.36000061035156,51.79999923706055,3888400
2023-06-13,44.138999938964844,53.13999938964844,53.54999923706055,51.97999954223633,52.150001525878906,4273600
2023-06-14,43.864898681640625,52.810001373291016,53.86000061035156,52.505001068115234,53.560001373291016,3319800
2023-06-15,44.421409606933594,53.47999954223633,53.7400016784668,52.58000183105469,52.7400016784668,3283600
2023-06-16,44.15560531616211,53.15999984741211,53.310001373291016,52.599998474121094,53.29999923706055,9535900
2023-06-20,43.12564468383789,51.91999816894531,52.439998626708984,51.2400016784668,52.31999969482422,5083700
2023-06-21,43.09241485595703,51.880001068115234,52.4900016784668,51.2599983215332,51.68000030517578,3591400
2023-06-22,42.6854133605957,51.38999938964844,51.4900016784668,50.20000076293945,50.41999816894531,4734000
2023-06-23,42.66049575805664,51.36000061035156,51.5,50.2599983215332,50.72999954223633,3703100
2023-06-26,43.15055847167969,51.95000076293945,52.224998474121094,51.29999923706055,51.43000030517578,3073900
2023-06-27,43.66554260253906,52.56999969482422,52.619998931884766,51.619998931884766,51.93000030517578,3176300
2023-06-28,43.98948287963867,52.959999084472656,52.970001220703125,51.869998931884766,52.56999969482422,3364600
2023-06-29,44.2220573425293,53.2400016784668,53.369998931884766,52.689998626708984,52.95000076293945,2559400
2023-06-30,44.23866271972656,53.2599983215332,53.59000015258789,52.9900016784668,53.58000183105469,4158100
2023-07-03,44.670589447021484,53.779998779296875,53.9900016784668,53.22999954223633,53.25,2228500
2023-07-05,43.889808654785156,52.84000015258789,53.439998626708984,52.52000045776367,53.18000030517578,5878100
2023-07-06,43.83167266845703,52.77000045776367,52.875,51.7599983215332,52.290000915527344,5287100
2023-07-07,44.105770111083984,53.099998474121094,53.939998626708984,52.31999969482422,52.41999816894531,5400200
2023-07-10,44.246978759765625,53.27000045776367,53.66999816894531,52.67499923706055,52.77000045776367,3663100
2023-07-11,44.3715705871582,53.41999816894531,53.900001525878906,53.369998931884766,53.5,3470800
2023-07-12,44.94469451904297,54.11000061035156,54.65999984741211,53.16999816894531,54.36000061035156,5983900
2023-07-13,45.02775573730469,54.209999084472656,54.45000076293945,53.79999923706055,54.189998626708984,3291900
2023-07-14,43.95625686645508,52.91999816894531,54.060001373291016,52.75,54.0099983215332,3885600
2023-07-17,43.549259185791016,52.43000030517578,52.685001373291016,52.16999816894531,52.540000915527344,4318300
2023-07-18,44.00609588623047,52.97999954223633,53.35499954223633,52.380001068115234,52.43000030517578,4815500
2023-07-19,43.873199462890625,52.81999969482422,53.040000915527344,52.529998779296875,52.84000015258789,3731800
2023-07-20,44.064239501953125,53.04999923706055,53.34000015258789,52.599998474121094,53.31999969482422,3751900
2023-07-21,44.064239501953125,53.04999923706055,53.18000030517578,52.599998474121094,53.099998474121094,4095300
2023-07-24,43.648929595947266,52.54999923706055,53.36000061035156,52.255001068115234,53.16999816894531,6687900
2023-07-25,44.421409606933594,53.47999954223633,55.14500045776367,52.849998474121094,52.939998626708984,9077400
2023-07-26,44.60414505004883,53.70000076293945,53.959999084472656,53.20000076293945,53.25,7582000
2023-07-27,45.634098052978516,54.939998626708984,55.029998779296875,53.79999923706055,54.099998474121094,8079600
2023-07-28,46.0660285949707,55.459999084472656,55.869998931884766,55.154998779296875,55.459999084472656,4560900
2023-07-31,46.90495681762695,56.470001220703125,56.4900016784668,55.45000076293945,55.529998779296875,6387600
2023-08-01,46.33182144165039,55.779998779296875,56.41999816894531,55.540000915527344,56.25,5563300
2023-08-02,45.43476104736328,54.70000076293945,55.4900016784668,54.66999816894531,55.060001373291016,4498900
2023-08-03,45.60088348388672,54.900001525878906,55.72999954223633,54.36000061035156,54.36000061035156,4630200
2023-08-04,45.27693557739258,54.5099983215332,55.45000076293945,54.44499969482422,54.959999084472656,3626600
2023-08-07,46.11586380004883,55.52000045776367,55.81999969482422,54.84000015258789,54.869998931884766,3263400
2023-08-08,45.69225311279297,55.0099983215332,55.119998931884766,54.2599983215332,54.720001220703125,3607400
2023-08-09,46.13247299194336,55.540000915527344,56.03499984741211,54.86000061035156,55.41999816894531,4619700
2023-08-10,46.49795150756836,55.97999954223633,56.22999954223633,55.619998931884766,55.900001525878906,5147000
2023-08-11,46.05772399902344,55.45000076293945,55.994998931884766,55.270999908447266,55.70000076293945,4547000
2023-08-14,45.99958419799805,55.380001068115234,55.540000915527344,54.81999969482422,55.34000015258789,3637200
2023-08-15,44.46293640136719,53.529998779296875,55.16999816894531,53.422000885009766,54.70000076293945,5280400
2023-08-16,44.288509368896484,53.31999969482422,53.7599983215332,53.09000015258789,53.189998626708984,3549100
2023-08-17,44.73704147338867,53.86000061035156,54.65999984741211,53.70000076293945,53.77000045776367,3614900
2023-08-18,44.869937896728516,54.02000045776367,54.130001068115234,53.439998626708984,53.7599983215332,2921100
2023-08-21,44.994529724121094,54.16999816894531,54.400001525878906,53.81999969482422,54.25,3112700
2023-08-22,44.678897857666016,53.790000915527344,54.47999954223633,53.525001525878906,54.29999923706055,2745900
2023-08-23,44.35495376586914,53.400001525878906,53.95000076293945,52.810001373291016,53.650001525878906,3391300
2023-08-24,44.47124481201172,53.540000915527344,53.88999938964844,53.0,53.0,3198500
2023-08-25,44.83671188354492,53.97999954223633,54.380001068115234,53.64500045776367,53.97999954223633,3282700
2023-08-28,45.35169982910156,54.599998474121094,54.880001068115234,54.150001525878906,54.15999984741211,3429700
2023-08-29,45.8832893371582,55.2400016784668,55.28499984741211,54.4900016784668,54.790000915527344,3789500
2023-08-30,46.059959411621094,54.75,54.900001525878906,54.34000015258789,54.560001373291016,3482600
2023-08-31,45.90011978149414,54.560001373291016,54.900001525878906,54.52000045776367,54.63999938964844,4116300
2023-09-01,46.514251708984375,55.290000915527344,55.560001373291016,54.7599983215332,55.029998779296875,4335600
2023-09-05,45.58884048461914,54.189998626708984,55.400001525878906,53.98500061035156,55.18000030517578,4913900
2023-09-06,46.177734375,54.88999938964844,54.93000030517578,53.91999816894531,53.959999084472656,4645100
2023-09-07,45.51313018798828,54.099998474121094,54.939998626708984,53.52000045776367,54.75,4275500
2023-09-08,45.18502426147461,53.709999084472656,54.779998779296875,53.599998474121094,54.310001373291016,3988400
2023-09-11,45.1513786315918,53.66999816894531,54.88999938964844,53.619998931884766,54.13999938964844,3322400
2023-09-12,45.117733001708984,53.630001068115234,54.220001220703125,53.45500183105469,53.66999816894531,2527600
2023-09-13,44.43629455566406,52.81999969482422,53.810001373291016,52.584999084472656,53.65999984741211,3079000
2023-09-14,45.46265411376953,54.040000915527344,54.233001708984375,53.290000915527344,53.400001525878906,4604300
2023-09-15,45.294395446777344,53.84000015258789,54.11000061035156,53.6150016784668,54.040000915527344,7464100
2023-09-18,44.907405853271484,53.380001068115234,53.95000076293945,53.244998931884766,53.81999969482422,4593700
2023-09-19,44.503597259521484,52.900001525878906,53.72999954223633,52.3489990234375,53.439998626708984,3986200
2023-09-20,44.1334342956543,52.459999084472656,53.4900016784668,52.43000030517578,52.959999084472656,2309200
2023-09-21,42.905174255371094,51.0,52.33000183105469,50.97999954223633,52.04999923706055,4359000
2023-09-22,42.27420425415039,50.25,51.25,50.07500076293945,51.099998474121094,4465100
2023-09-25,42.98088073730469,51.09000015258789,51.35499954223633,50.439998626708984,50.79999923706055,4331600
2023-09-26,42.46770095825195,50.47999954223633,51.26499938964844,50.345001220703125,50.529998779296875,3451800
2023-09-27,42.905174255371094,51.0,51.36000061035156,50.61000061035156,50.849998474121094,3048800
2023-09-28,42.84626770019531,50.93000030517578,51.18000030517578,50.52000045776367,50.959999084472656,3965200
2023-09-29,43.376285552978516,51.560001373291016,51.77000045776367,51.189998626708984,51.34000015258789,4234800
2023-10-02,43.15755081176758,51.29999923706055,51.65999984741211,50.7400016784668,51.290000915527344,4691000
2023-10-03,42.922000885009766,51.02000045776367,52.04999923706055,50.88999938964844,50.95000076293945,5179200
2023-10-04,42.997711181640625,51.11000061035156,51.47999954223633,50.20500183105469,51.47999954223633,4727300
2023-10-05,41.94610595703125,49.86000061035156,51.150001525878906,49.7400016784668,50.790000915527344,5161800
2023-10-06,42.29944610595703,50.279998779296875,50.915000915527344,49.529998779296875,49.77000045776367,4215600
2023-10-09,42.745323181152344,50.810001373291016,50.900001525878906,49.939998626708984,50.279998779296875,3333600
2023-10-10,43.16596221923828,51.310001373291016,51.814998626708984,51.060001373291016,51.130001068115234,2906500
2023-10-11,42.81262969970703,50.88999938964844,51.5099983215332,50.5099983215332,51.099998474121094,3049700
2023-10-12,42.27420425415039,50.25,51.310001373291016,49.75,51.310001373291016,3012500
2023-10-13,41.83674621582031,49.72999954223633,50.709999084472656,49.61000061035156,50.560001373291016,3659600
2023-10-16,42.22372817993164,50.189998626708984,50.529998779296875,49.790000915527344,50.33000183105469,2786400
2023-10-17,42.67802429199219,50.72999954223633,51.029998779296875,49.72999954223633,49.75,3309300
2023-10-18,42.13119125366211,50.08000183105469,50.83000183105469,49.93000030517578,50.38999938964844,3495300
2023-10-19,41.601192474365234,49.45000076293945,50.290000915527344,49.3849983215332,49.79999923706055,3754300
2023-10-20,41.214202880859375,48.9900016784668,49.56999969482422,48.91999816894531,49.47999954223633,3920000
2023-10-23,40.5832405090332,48.2400016784668,48.900001525878906,48.125,48.77000045776367,5592100
2023-10-24,41.424522399902344,49.2400016784668,49.720001220703125,48.0,48.43000030517578,5506600
2023-10-25,39.99434280395508,47.540000915527344,49.029998779296875,47.2599983215332,48.93000030517578,4920200
2023-10-26,40.39815902709961,48.02000045776367,48.279998779296875,47.400001525878906,47.400001525878906,6216100
2023-10-27,40.473876953125,48.11000061035156,48.54499816894531,47.84000015258789,48.02000045776367,4714900
2023-10-30,40.66737365722656,48.34000015258789,49.04999923706055,47.994998931884766,48.65999984741211,3698600
2023-10-31,40.66737365722656,48.34000015258789,48.79499816894531,48.11000061035156,48.38999938964844,4660500
2023-11-01,40.55800247192383,48.209999084472656,48.42499923706055,47.599998474121094,48.2400016784668,4702900
2023-11-02,41.214202880859375,48.9900016784668,49.09000015258789,48.5099983215332,48.58000183105469,3741600
2023-11-03,41.83674621582031,49.72999954223633,50.07500076293945,49.439998626708984,49.439998626708984,3744000
2023-11-06,41.50864791870117,49.34000015258789,49.79999923706055,49.13999938964844,49.72999954223633,3641100
2023-11-07,40.827205657958984,48.529998779296875,48.869998931884766,48.2400016784668,48.709999084472656,5172700
2023-11-08,40.63371658325195,48.29999923706055,48.619998931884766,47.779998779296875,48.540000915527344,4133300
2023-11-09,40.6841926574707,48.36000061035156,48.779998779296875,48.2400016784668,48.75,3340800
2023-11-10,41.626426696777344,49.47999954223633,49.68000030517578,48.5099983215332,48.540000915527344,3825200
2023-11-13,41.424522399902344,49.2400016784668,49.52000045776367,48.904998779296875,49.130001068115234,3161000
2023-11-14,42.94723129272461,51.04999923706055,51.4900016784668,49.93000030517578,50.0,4848900
2023-11-15,43.351043701171875,51.529998779296875,51.900001525878906,50.869998931884766,51.189998626708984,5032500
2023-11-16,43.27532958984375,51.439998626708984,51.650001525878906,50.869998931884766,51.470001220703125,5034100
2023-11-17,43.49406051635742,51.70000076293945,51.880001068115234,51.25,51.880001068115234,3306100
2023-11-20,43.477237701416016,51.68000030517578,51.88999938964844,51.36000061035156,51.66999816894531,3761300
2023-11-21,43.51930236816406,51.72999954223633,51.849998474121094,51.45500183105469,51.689998626708984,2840700
2023-11-22,43.24168014526367,51.400001525878906,51.779998779296875,51.099998474121094,51.75,3139600
2023-11-24,43.468814849853516,51.66999816894531,51.939998626708984,51.45000076293945,51.560001373291016,1679700
2023-11-27,43.00611877441406,51.119998931884766,51.599998474121094,51.02000045776367,51.400001525878906,3896200
2023-11-28,43.48564147949219,51.689998626708984,51.970001220703125,50.595001220703125,51.20000076293945,6376900
2023-11-29,43.77561569213867,51.33000183105469,51.970001220703125,50.970001220703125,50.9900016784668,3551700
2023-11-30,44.1338005065918,51.75,51.880001068115234,51.22999954223633,51.5,4649800
2023-12-01,44.60285568237305,52.29999923706055,52.619998931884766,51.56999969482422,51.79999923706055,4274000
2023-12-04,44.43228530883789,52.099998474121094,52.77000045776367,51.970001220703125,52.27000045776367,6354700
2023-12-05,43.61357116699219,51.13999938964844,51.85499954223633,50.970001220703125,51.7400016784668,4691000
2023-12-06,43.400367736816406,50.88999938964844,51.72999954223633,50.77000045776367,51.439998626708984,3603700
2023-12-07,43.55387878417969,51.06999969482422,51.26499938964844,50.6150016784668,51.11000061035156,2822900
2023-12-08,43.42595291137695,50.91999816894531,51.779998779296875,50.900001525878906,51.040000915527344,3664100
2023-12-11,43.732975006103516,51.279998779296875,51.52000045776367,50.7599983215332,50.869998931884766,3582700
2023-12-12,43.34067153930664,50.81999969482422,51.36199951171875,50.59000015258789,51.279998779296875,4350500
2023-12-13,44.628440856933594,52.33000183105469,52.404998779296875,50.459999084472656,50.54999923706055,4774200
2023-12-14,46.24880599975586,54.22999954223633,54.45000076293945,52.75,52.880001068115234,7892900
2023-12-15,46.2573356628418,54.2400016784668,54.380001068115234,53.119998931884766,53.560001373291016,9909800
2023-12-18,46.265865325927734,54.25,54.83000183105469,54.0,54.75,3219100
2023-12-19,46.83726119995117,54.91999816894531,55.02000045776367,54.400001525878906,54.470001220703125,3796900
2023-12-20,46.547306060791016,54.58000183105469,55.349998474121094,54.56999969482422,54.779998779296875,4953500
2023-12-21,46.87989807128906,54.970001220703125,55.20000076293945,54.47999954223633,55.0099983215332,2653900
2023-12-22,47.0078239440918,55.119998931884766,55.65999984741211,54.849998474121094,55.09000015258789,2341900
2023-12-26,47.51099395751953,55.709999084472656,55.89500045776367,55.119998931884766,55.209999084472656,2266200
2023-12-27,47.51099395751953,55.709999084472656,55.858001708984375,55.470001220703125,55.689998626708984,2535300
2023-12-28,47.10163116455078,55.22999954223633,55.70000076293945,55.15999984741211,55.59000015258789,2172600
2023-12-29,46.769039154052734,54.84000015258789,55.2599983215332,54.68000030517578,55.099998474121094,2271400
2024-01-02,47.18692398071289,55.33000183105469,55.68000030517578,54.584999084472656,54.7400016784668,3533500
2024-01-03,46.589942932128906,54.630001068115234,55.08000183105469,53.95000076293945,54.849998474121094,4120000
2024-01-04,46.21469497680664,54.189998626708984,54.9900016784668,54.04499816894531,54.599998474121094,4579500
2024-01-05,46.75197982788086,54.81999969482422,55.029998779296875,53.97999954223633,54.029998779296875,3796400
2024-01-08,46.97372055053711,55.08000183105469,55.13999938964844,54.38999938964844,54.68000030517578,3966100
2024-01-09,46.001487731933594,53.939998626708984,54.59000015258789,53.779998779296875,54.59000015258789,4287000
2024-01-10,45.523902893066406,53.380001068115234,53.93000030517578,53.04499816894531,53.650001525878906,4062200
2024-01-11,45.74564743041992,53.63999938964844,53.66999816894531,52.7400016784668,53.2400016784668,4497400
2024-01-12,45.51537322998047,53.369998931884766,54.15999984741211,53.01499938964844,54.02000045776367,3673500
2024-01-16,45.28511428833008,53.099998474121094,53.38999938964844,52.27000045776367,53.369998931884766,5962800
2024-01-17,44.747840881347656,52.470001220703125,52.619998931884766,52.040000915527344,52.33000183105469,3469000
2024-01-18,44.858699798583984,52.599998474121094,52.72999954223633,52.099998474121094,52.58000183105469,4230400
2024-01-19,45.03779983520508,52.810001373291016,52.99700164794922,52.119998931884766,52.689998626708984,4171500
2024-01-22,45.67742156982422,53.560001373291016,53.619998931884766,52.54999923706055,52.720001220703125,5615500
2024-01-23,45.97590637207031,53.90999984741211,54.45500183105469,53.744998931884766,54.0,4668100
2024-01-24,45.27658462524414,53.09000015258789,54.130001068115234,53.029998779296875,53.720001220703125,6016900
2024-01-25,46.85430908203125,54.939998626708984,55.130001068115234,53.77000045776367,54.7599983215332,7240800
2024-01-26,46.10383605957031,54.060001373291016,55.29499816894531,53.75600051879883,55.0,5240800
2024-01-29,46.112361907958984,54.06999969482422,54.220001220703125,53.40999984741211,54.16999816894531,3742400
2024-01-30,46.4534912109375,54.470001220703125,54.53499984741211,53.5,53.599998474121094,4640900
2024-01-31,45.71152877807617,53.599998474121094,54.560001373291016,53.58000183105469,54.5,5471900
2024-02-01,45.660362243652344,53.540000915527344,54.0099983215332,52.66999816894531,53.90999984741211,5039900
2024-02-02,45.55801773071289,53.41999816894531,53.75600051879883,52.4900016784668,53.09000015258789,5720200
2024-02-05,45.336280822753906,53.15999984741211,53.53900146484375,52.36000061035156,52.540000915527344,5482000
2024-02-06,46.08677673339844,54.040000915527344,54.150001525878906,53.04999923706055,53.220001220703125,5212500
2024-02-07,46.12942123413086,54.09000015258789,54.38999938964844,53.70000076293945,54.25,3455800
2024-02-08,45.9503173828125,53.880001068115234,54.20000076293945,53.5,54.16999816894531,3554400
2024-02-09,46.044132232666016,53.9900016784668,54.119998931884766,53.55500030517578,53.790000915527344,3897400
2024-02-12,46.72639465332031,54.790000915527344,55.279998779296875,53.849998474121094,54.0,5262800
2024-02-13,45.35334014892578,53.18000030517578,54.27000045776367,52.599998474121094,54.0,5105400
2024-02-14,45.69447326660156,53.58000183105469,53.88999938964844,53.22999954223633,53.4900016784668,3766500
2024-02-15,47.05046463012695,55.16999816894531,55.380001068115234,53.84000015258789,53.90999984741211,4500400
2024-02-16,47.31484603881836,55.47999954223633,55.95500183105469,54.959999084472656,55.130001068115234,5060900
2024-02-20,46.65816116333008,54.709999084472656,55.45000076293945,54.446998596191406,54.790000915527344,4493800
2024-02-21,47.545108795166016,55.75,55.83000183105469,54.7599983215332,54.84000015258789,4065900
2024-02-22,47.75830841064453,56.0,56.185001373291016,55.65999984741211,55.75,5088600
2024-02-23,48.09092712402344,56.38999938964844,56.81999969482422,56.0,56.029998779296875,4414200
2024-02-26,47.81801223754883,56.06999969482422,56.47999954223633,55.849998474121094,56.13999938964844,3741600
2024-02-27,47.98857116699219,56.27000045776367,56.560001373291016,55.95100021362305,56.369998931884766,3913000
2024-02-28,47.58269500732422,55.099998474121094,55.689998626708984,55.0099983215332,55.470001220703125,4432800
2024-02-29,48.256282806396484,55.880001068115234,56.040000915527344,54.970001220703125,55.189998626708984,6733400
2024-03-01,48.161293029785156,55.77000045776367,56.22999954223633,55.61000061035156,55.869998931884766,4651400
2024-03-04,49.24074935913086,57.02000045776367,57.15999984741211,55.47999954223633,55.529998779296875,7042200
2024-03-05,49.20620346069336,56.97999954223633,57.7400016784668,56.619998931884766,56.619998931884766,6093400
2024-03-06,49.10258483886719,56.86000061035156,58.099998474121094,56.35100173950195,57.95000076293945,4840100
2024-03-07,49.171661376953125,56.939998626708984,57.654998779296875,56.560001373291016,57.369998931884766,4568700
2024-03-08,48.88669204711914,56.61000061035156,57.689998626708984,56.56999969482422,57.099998474121094,4723600
2024-03-11,49.594818115234375,57.43000030517578,57.79499816894531,56.54999923706055,56.689998626708984,4438400
2024-03-12,49.810707092285156,57.68000030517578,57.86000061035156,57.15999984741211,57.63999938964844,4048300
2024-03-13,50.0611457824707,57.970001220703125,58.7400016784668,57.599998474121094,57.86000061035156,7650600
2024-03-14,49.499820709228516,57.31999969482422,57.90999984741211,56.92499923706055,57.65999984741211,6871500
2024-03-15,49.258026123046875,57.040000915527344,57.79999923706055,56.939998626708984,57.349998474121094,20629600
2024-03-18,48.998958587646484,56.7400016784668,57.40999984741211,56.558998107910156,57.400001525878906,7409100
2024-03-19,49.0162239074707,56.7599983215332,57.04999923706055,56.415000915527344,56.709999084472656,6782700
2024-03-20,50.233863830566406,58.16999816894531,58.709999084472656,56.380001068115234,56.56999969482422,7789700
2024-03-21,50.0265998840332,57.93000030517578,58.619998931884766,57.55500030517578,58.5,5870700
2024-03-22,49.810707092285156,57.68000030517578,58.209999084472656,57.58000183105469,57.9900016784668,3376000
2024-03-25,49.56027603149414,57.38999938964844,57.849998474121094,57.279998779296875,57.77000045776367,3422400
2024-03-26,49.28392791748047,57.06999969482422,57.689998626708984,57.060001373291016,57.66999816894531,3621600
2024-03-27,50.20795440673828,58.13999938964844,58.15999984741211,57.43000030517578,57.560001373291016,5126900
2024-03-28,50.0265998840332,57.93000030517578,58.439998626708984,57.79999923706055,58.20000076293945,4064500
2024-04-01,50.31157684326172,58.2599983215332,58.34000015258789,57.40999984741211,57.86000061035156,3827200
2024-04-02,51.201053619384766,59.290000915527344,59.375,58.01100158691406,58.33000183105469,6330200
2024-04-03,51.80555725097656,59.9900016784668,60.279998779296875,59.380001068115234,59.380001068115234,4943200
2024-04-04,51.69329071044922,59.86000061035156,60.689998626708984,59.64500045776367,60.40999984741211,5382100
2024-04-05,51.546485900878906,59.689998626708984,59.9900016784668,59.09000015258789,59.9900016784668,3862400
2024-04-08,51.399681091308594,59.52000045776367,60.189998626708984,59.150001525878906,59.95000076293945,3775900
2024-04-09,51.70192337036133,59.869998931884766,60.25,59.483001708984375,59.95000076293945,3574800
2024-04-10,50.82107925415039,58.849998474121094,59.63999938964844,58.369998931884766,59.209999084472656,4251900
2024-04-11,50.48429489135742,58.459999084472656,59.0,58.290000915527344,58.959999084472656,3432000
2024-04-12,49.81934356689453,57.689998626708984,58.619998931884766,57.560001373291016,58.119998931884766,3788300
2024-04-15,49.499820709228516,57.31999969482422,58.66999816894531,56.915000915527344,58.22999954223633,3885300
2024-04-16,49.10258483886719,56.86000061035156,57.119998931884766,56.63999938964844,56.97999954223633,3098000
2024-04-17,49.06803894042969,56.81999969482422,57.36000061035156,56.66999816894531,57.16999816894531,2815400
2024-04-18,48.78306198120117,56.4900016784668,57.29999923706055,56.040000915527344,57.29999923706055,3856200
2024-04-19,48.92987060546875,56.65999984741211,56.91999816894531,56.314998626708984,56.4900016784668,3862100
2024-04-22,49.21484375,56.9900016784668,57.310001373291016,56.279998779296875,56.619998931884766,3211600
2024-04-23,48.998958587646484,56.7400016784668,57.10200119018555,56.45000076293945,56.650001525878906,3099300
2024-04-24,49.20620346069336,56.97999954223633,57.220001220703125,56.380001068115234,56.40999984741211,4954700
2024-04-25,48.73988342285156,56.439998626708984,57.900001525878906,55.060001373291016,57.709999084472656,7082800
2024-04-26,49.473915100097656,57.290000915527344,58.209999084472656,57.150001525878906,57.650001525878906,5573600
2024-04-29,49.914337158203125,57.79999923706055,57.83000183105469,57.16999816894531,57.22999954223633,4249500
2024-04-30,49.137123107910156,56.900001525878906,57.95000076293945,56.880001068115234,57.27000045776367,5566000
2024-05-01,49.42210006713867,57.22999954223633,57.95000076293945,56.43000030517578,57.040000915527344,5102800
2024-05-02,49.07667922973633,56.83000183105469,57.7599983215332,56.38999938964844,57.56999969482422,4453100
2024-05-03,49.258026123046875,57.040000915527344,57.43000030517578,56.75,57.189998626708984,2544400
2024-05-06,49.51709747314453,57.34000015258789,57.369998931884766,56.720001220703125,57.2599983215332,3862600
2024-05-07,50.39793014526367,58.36000061035156,59.130001068115234,57.369998931884766,57.61000061035156,6215200
2024-05-08,50.63973617553711,58.63999938964844,59.33000183105469,57.939998626708984,57.939998626708984,4950700
2024-05-09,51.339229583740234,59.45000076293945,59.59000015258789,58.75,58.75,4208200
2024-05-10,51.3046875,59.40999984741211,60.130001068115234,59.279998779296875,59.689998626708984,3053500
2024-05-13,51.261505126953125,59.36000061035156,59.91999816894531,59.22999954223633,59.5,2257700
2024-05-14,51.51194381713867,59.650001525878906,59.939998626708984,59.51499938964844,59.560001373291016,3516800
2024-05-15,51.002437591552734,59.060001373291016,60.189998626708984,58.970001220703125,60.040000915527344,3541000
2024-05-16,50.691551208496094,58.70000076293945,59.40999984741211,58.5099983215332,59.040000915527344,4871300
2024-05-17,51.11469650268555,59.189998626708984,59.209999084472656,58.70000076293945,59.060001373291016,2668700
2024-05-20,51.157875061035156,59.2400016784668,59.45000076293945,58.79999923706055,59.099998474121094,1915100
2024-05-21,50.87289810180664,58.90999984741211,59.290000915527344,58.80500030517578,59.18000030517578,2252900
2024-05-22,49.74161911010742,57.599998474121094,58.65999984741211,57.290000915527344,58.52000045776367,4851900
2024-05-23,49.15439224243164,56.91999816894531,57.52000045776367,56.81999969482422,57.4900016784668,3423500
2024-05-24,49.879798889160156,57.7599983215332,57.81999969482422,57.279998779296875,57.290000915527344,2675800
2024-05-28,50.12159729003906,58.040000915527344,58.3650016784668,57.7599983215332,57.900001525878906,2493700
2024-05-29,49.223480224609375,57.0,57.61000061035156,56.970001220703125,57.5,2969500
2024-05-30,49.56027603149414,57.38999938964844,57.54999923706055,56.97999954223633,57.0,3174100
2024-05-31,50.382057189941406,57.630001068115234,57.75,56.590999603271484,56.630001068115234,5920100
2024-06-03,49.01824951171875,56.06999969482422,57.59000015258789,55.439998626708984,57.54999923706055,4696600
2024-06-04,48.21395492553711,55.150001525878906,55.720001220703125,55.099998474121094,55.56999969482422,4600600
2024-06-05,48.686038970947266,55.689998626708984,55.939998626708984,55.029998779296875,55.150001525878906,3945300
2024-06-06,48.67729949951172,55.68000030517578,56.0,55.43000030517578,55.619998931884766,3463500
2024-06-07,48.721012115478516,55.72999954223633,56.275001525878906,55.27000045776367,55.369998931884766,4143500
2024-06-10,49.000762939453125,56.04999923706055,56.18000030517578,55.369998931884766,55.47999954223633,4131500
2024-06-11,49.08818817138672,56.150001525878906,56.15999984741211,55.5099983215332,55.90999984741211,3276300
2024-06-12,49.17560958862305,56.25,57.220001220703125,56.04499816894531,56.880001068115234,3990800
2024-06-13,49.0095100402832,56.060001373291016,56.310001373291016,55.5099983215332,56.029998779296875,2831400
2024-06-14,48.100303649902344,55.02000045776367,56.119998931884766,54.59000015258789,55.52000045776367,3446000
2024-06-17,48.28388977050781,55.22999954223633,55.380001068115234,54.56999969482422,55.0,3243800
2024-06-18,48.46748352050781,55.439998626708984,55.84000015258789,55.099998474121094,55.380001068115234,6081900
2024-06-20,47.39217758178711,54.209999084472656,55.0,54.064998626708984,54.900001525878906,8512500
2024-06-21,47.19984436035156,53.9900016784668,54.20000076293945,53.470001220703125,54.099998474121094,10457200
2024-06-24,47.75061798095703,54.619998931884766,54.790000915527344,54.11000061035156,54.209999084472656,6987500
2024-06-25,46.47422790527344,53.15999984741211,54.29999923706055,53.060001373291016,54.279998779296875,7021000
2024-06-26,46.50920104980469,53.20000076293945,53.244998931884766,52.25,52.650001525878906,4799100
2024-06-27,46.299381256103516,52.959999084472656,53.43000030517578,52.810001373291016,53.310001373291016,3952900
2024-06-28,46.37806701660156,53.04999923706055,53.470001220703125,52.95000076293945,52.970001220703125,13623000
2024-07-01,46.010887145996094,52.630001068115234,53.5,52.349998474121094,53.0,3715600
2024-07-02,46.0808219909668,52.709999084472656,52.91999816894531,52.220001220703125,52.529998779296875,3847100
2024-07-03,46.22944641113281,52.880001068115234,53.209999084472656,52.650001525878906,52.720001220703125,1905600
2024-07-05,45.661197662353516,52.22999954223633,52.7599983215332,51.904998779296875,52.58000183105469,3223800
2024-07-08,46.159507751464844,52.79999923706055,52.95000076293945,52.310001373291016,52.5,3885500
2024-07-09,45.09294128417969,51.58000183105469,52.7400016784668,51.53499984741211,52.65999984741211,4380600
2024-07-10,45.20659637451172,51.709999084472656,52.13999938964844,50.97999954223633,51.849998474121094,5481100
2024-07-11,45.81855010986328,52.40999984741211,52.77000045776367,51.849998474121094,52.0099983215332,3798900
2024-07-12,46.255672454833984,52.90999984741211,53.36000061035156,52.43000030517578,52.83000183105469,3084300
2024-07-15,46.57040023803711,53.27000045776367,53.540000915527344,52.685001373291016,53.0099983215332,2396200
2024-07-16,47.82054901123047,54.70000076293945,54.790000915527344,53.16999816894531,53.33000183105469,3730000
2024-07-17,48.441261291503906,55.40999984741211,55.59000015258789,54.619998931884766,54.68000030517578,4386300
2024-07-18,47.881752014160156,54.77000045776367,55.970001220703125,54.7599983215332,55.08000183105469,3287800
2024-07-19,47.12116622924805,53.900001525878906,54.83000183105469,53.5099983215332,54.83000183105469,3456500
2024-07-22,47.575767517089844,54.41999816894531,54.59000015258789,53.7400016784668,54.08000183105469,3341700
2024-07-23,47.2697868347168,54.06999969482422,54.244998931884766,53.599998474121094,54.13999938964844,2477700
2024-07-24,46.61410903930664,53.31999969482422,54.310001373291016,53.279998779296875,54.11000061035156,3761900
2024-07-25,46.203216552734375,52.849998474121094,53.2400016784668,50.47999954223633,50.779998779296875,6188200
2024-07-26,46.21195983886719,52.86000061035156,53.20000076293945,52.36000061035156,52.869998931884766,4087400
2024-07-29,46.21195983886719,52.86000061035156,53.06999969482422,52.540000915527344,53.0,3314600
2024-07-30,46.93757629394531,53.689998626708984,54.0099983215332,52.900001525878906,52.900001525878906,4401400
2024-07-31,47.61948013305664,54.470001220703125,54.90999984741211,54.029998779296875,54.150001525878906,5059300
2024-08-01,46.57913589477539,53.279998779296875,55.02000045776367,52.84000015258789,54.68000030517578,4273100
2024-08-02,45.46886444091797,52.0099983215332,52.77000045776367,51.54999923706055,52.54999923706055,4981200
2024-08-05,44.594635009765625,51.0099983215332,51.33000183105469,50.400001525878906,50.68000030517578,5124500
2024-08-06,45.879756927490234,52.47999954223633,53.25,51.47999954223633,51.5099983215332,5549600
2024-08-07,45.60873794555664,52.16999816894531,53.650001525878906,52.150001525878906,52.91999816894531,4293100
2024-08-08,46.04585266113281,52.66999816894531,52.88999938964844,52.33000183105469,52.4900016784668,3362600
2024-08-09,46.037113189697266,52.65999984741211,52.89500045776367,52.060001373291016,52.56999969482422,2592700
2024-08-12,45.65245056152344,52.220001220703125,52.95000076293945,52.1150016784668,52.77000045776367,2555300
2024-08-13,46.124542236328125,52.7599983215332,52.86000061035156,52.209999084472656,52.220001220703125,2379600
2024-08-14,46.124542236328125,52.7599983215332,53.02000045776367,52.43000030517578,52.84000015258789,2310100
2024-08-15,47.09493637084961,53.869998931884766,54.08000183105469,53.220001220703125,53.560001373291016,3501500
2024-08-16,47.129905700683594,53.90999984741211,53.97999954223633,53.40299987792969,53.7400016784668,6049300
2024-08-19,46.90260696411133,53.650001525878906,54.13999938964844,53.56999969482422,54.0,2096000
2024-08-20,46.08957290649414,52.720001220703125,53.54999923706055,52.540000915527344,53.529998779296875,4391500
2024-08-21,46.2906379699707,52.95000076293945,53.119998931884766,52.810001373291016,53.0,2809500
2024-08-22,45.94969177246094,52.560001373291016,53.17900085449219,52.494998931884766,53.11000061035156,2916000
2024-08-23,46.79769515991211,53.529998779296875,54.0099983215332,52.900001525878906,53.0099983215332,4901500
2024-08-26,47.23481750488281,54.029998779296875,54.560001373291016,53.93000030517578,54.099998474121094,2823300
2024-08-27,47.00751876831055,53.77000045776367,54.119998931884766,53.6150016784668,53.88999938964844,3650100
2024-08-28,46.78021240234375,53.5099983215332,53.790000915527344,53.23500061035156,53.349998474121094,2630800
2024-08-29,47.08619689941406,53.86000061035156,54.25,53.06999969482422,53.90999984741211,3065900
2024-08-30,47.45821762084961,53.58000183105469,53.597999572753906,52.80500030517578,53.189998626708984,5339100
2024-09-03,45.996726989746094,51.93000030517578,53.0629997253418,51.814998626708984,52.720001220703125,3891400
2024-09-04,45.68671798706055,51.58000183105469,52.5099983215332,51.36800003051758,51.91999816894531,3776000
2024-09-05,45.447566986083984,51.310001373291016,51.72999954223633,51.029998779296875,51.619998931884766,4508900
2024-09-06,44.889549255371094,50.68000030517578,51.709999084472656,50.369998931884766,51.25,4144200
2024-09-09,45.43871307373047,51.29999923706055,51.78499984741211,50.72999954223633,50.72999954223633,4022400
2024-09-10,45.013553619384766,50.81999969482422,51.36000061035156,50.494998931884766,51.29999923706055,3196500
2024-09-11,44.933841705322266,50.72999954223633,50.970001220703125,49.7599983215332,50.880001068115234,3717200
2024-09-12,44.517539978027344,50.2599983215332,50.90999984741211,49.52000045776367,50.68000030517578,5680600
2024-09-13,44.420108795166016,50.150001525878906,51.0,50.029998779296875,50.400001525878906,4411800
2024-09-16,44.8718376159668,50.65999984741211,51.040000915527344,50.27799987792969,50.310001373291016,3189400
2024-09-17,45.62471389770508,51.5099983215332,51.86000061035156,50.709999084472656,50.84000015258789,4029600
2024-09-18,45.739864349365234,51.63999938964844,52.290000915527344,51.31800079345703,51.650001525878906,3428100
2024-09-19,46.8470458984375,52.88999938964844,53.209999084472656,52.2599983215332,52.54999923706055,4746700
2024-09-20,45.80186462402344,51.709999084472656,52.79999923706055,51.29999923706055,52.63999938964844,8466000
2024-09-23,46.09416198730469,52.040000915527344,52.2400016784668,51.61000061035156,51.869998931884766,5029600
2024-09-24,47.34306335449219,53.45000076293945,53.68000030517578,52.630001068115234,52.689998626708984,4675800
2024-09-25,46.802757263183594,52.84000015258789,53.72999954223633,52.540000915527344,53.65999984741211,3863200
2024-09-26,48.467960357666016,54.720001220703125,54.7599983215332,53.435001373291016,53.459999084472656,5672100
2024-09-27,48.78682327270508,55.08000183105469,55.66999816894531,54.63999938964844,55.0,5513500
2024-09-30,48.38824462890625,54.630001068115234,55.349998474121094,53.970001220703125,55.13999938964844,5537800
2024-10-01,48.30852508544922,54.540000915527344,54.84199905395508,54.15999984741211,54.56999969482422,5461300
2024-10-02,48.432525634765625,54.68000030517578,55.08000183105469,54.391998291015625,54.68000030517578,6312700
2024-10-03,48.273094177246094,54.5,54.7400016784668,53.900001525878906,54.459999084472656,4066300
2024-10-04,49.01711654663086,55.34000015258789,55.625,54.90999984741211,55.099998474121094,3443800
2024-10-07,48.37938690185547,54.619998931884766,55.1349983215332,54.224998474121094,55.02000045776367,3096500
2024-10-08,47.130489349365234,53.209999084472656,53.95000076293945,53.1150016784668,53.75,4219200
2024-10-09,47.31648635864258,53.41999816894531,53.720001220703125,52.8650016784668,53.08000183105469,3186200
2024-10-10,47.4936408996582,53.619998931884766,54.04999923706055,53.29999923706055,53.41999816894531,2494200
2024-10-11,47.63535690307617,53.779998779296875,54.16999816894531,53.70000076293945,53.75,4288600
2024-10-14,47.42278289794922,53.540000915527344,53.83000183105469,53.33000183105469,53.599998474121094,2736000
2024-10-15,46.5636100769043,52.56999969482422,53.560001373291016,52.560001373291016,53.29999923706055,4210700
2024-10-16,46.89133071899414,52.939998626708984,53.31999969482422,52.36000061035156,52.599998474121094,4492900
2024-10-17,47.01533889770508,53.08000183105469,53.220001220703125,52.73500061035156,53.0,3894000
2024-10-18,47.04190444946289,53.11000061035156,53.47999954223633,52.81999969482422,53.47999954223633,2395700
2024-10-21,46.2447395324707,52.209999084472656,53.189998626708984,52.11000061035156,53.150001525878906,3542700
2024-10-22,46.1207389831543,52.06999969482422,52.29999923706055,51.59000015258789,52.2400016784668,4413700
2024-10-23,45.606998443603516,51.4900016784668,51.9900016784668,51.12099838256836,51.72999954223633,4522300
2024-10-24,45.16413116455078,50.9900016784668,52.15999984741211,50.720001220703125,52.02000045776367,5804600
2024-10-25,44.021522521972656,49.70000076293945,50.72999954223633,49.689998626708984,50.619998931884766,5889700
2024-10-28,44.384674072265625,50.11000061035156,50.150001525878906,49.470001220703125,49.84000015258789,6457100
2024-10-29,43.82666015625,49.47999954223633,49.97999954223633,49.31999969482422,49.84000015258789,4900600
2024-10-30,43.7026481628418,49.34000015258789,50.13999938964844,49.13999938964844,49.400001525878906,4775700
2024-10-31,43.73807907104492,49.380001068115234,49.63999938964844,49.165000915527344,49.2599983215332,4835200
2024-11-01,43.37492752075195,48.970001220703125,49.720001220703125,48.86000061035156,49.5,4980400
2024-11-04,42.471466064453125,47.95000076293945,48.68000030517578,47.44300079345703,48.29999923706055,14634400
2024-11-05,42.42717742919922,47.900001525878906,47.900001525878906,47.15999984741211,47.79999923706055,7193500
2024-11-06,42.82575988769531,48.349998474121094,49.70000076293945,47.974998474121094,49.70000076293945,8862800
2024-11-07,43.31292724609375,48.900001525878906,48.91999816894531,48.02000045776367,48.540000915527344,20309400
2024-11-08,41.17828369140625,46.4900016784668,48.59000015258789,46.380001068115234,48.59000015258789,12571500
2024-11-11,40.98341751098633,46.27000045776367,46.97999954223633,46.16999816894531,46.400001525878906,6734700
2024-11-12,39.893951416015625,45.040000915527344,46.36000061035156,44.90999984741211,46.36000061035156,7101300
2024-11-13,39.84965896606445,44.9900016784668,45.11899948120117,44.70000076293945,44.900001525878906,6000300
2024-11-14,39.495357513427734,44.59000015258789,45.132999420166016,44.369998931884766,45.0,5542400
2024-11-15,39.008201599121094,44.040000915527344,44.83000183105469,44.0,44.56999969482422,9814100
2024-11-18,39.167633056640625,44.220001220703125,44.54999923706055,44.040000915527344,44.15999984741211,5075800
2024-11-19,38.66276168823242,43.650001525878906,44.0,43.349998474121094,43.72999954223633,6289700
2024-11-20,38.910770416259766,43.93000030517578,44.029998779296875,43.33000183105469,43.54999923706055,4808100
2024-11-21,39.69022750854492,44.810001373291016,45.13999938964844,43.619998931884766,43.810001373291016,6158200
2024-11-22,40.26596450805664,45.459999084472656,45.540000915527344,44.65999984741211,44.7599983215332,5494100
2024-11-25,40.629112243652344,45.869998931884766,46.35100173950195,45.470001220703125,45.81999969482422,9463700
2024-11-26,39.45107650756836,44.540000915527344,45.5099983215332,44.095001220703125,45.47999954223633,9225300
2024-11-27,39.539649963378906,44.63999938964844,45.08000183105469,44.560001373291016,44.63999938964844,5700600
2024-11-29,39.78260803222656,44.209999084472656,44.25,43.65299987792969,43.959999084472656,4339600
2024-12-02,39.93558120727539,44.380001068115234,44.54999923706055,43.77000045776367,44.279998779296875,7611000
2024-12-03,39.476661682128906,43.869998931884766,44.4900016784668,43.790000915527344,44.400001525878906,9478500
2024-12-04,38.55880355834961,42.849998474121094,43.619998931884766,42.220001220703125,43.54999923706055,10962600
2024-12-05,37.964908599853516,42.189998626708984,43.02000045776367,41.81999969482422,42.790000915527344,9742500
2024-12-06,37.784934997558594,41.9900016784668,42.540000915527344,41.72999954223633,42.310001373291016,8620000
2024-12-09,38.45082473754883,42.72999954223633,44.040000915527344,42.41999816894531,43.85499954223633,12855800
2024-12-10,37.95590591430664,42.18000030517578,42.564998626708984,41.775001525878906,42.400001525878906,7585200
2024-12-11,37.34400177001953,41.5,42.224998474121094,41.2599983215332,42.189998626708984,7135900
2024-12-12,37.146034240722656,41.279998779296875,41.7400016784668,41.22999954223633,41.369998931884766,5738700
2024-12-13,36.76809310913086,40.86000061035156,41.25,40.435001373291016,41.25,7580000
2024-12-16,36.093204498291016,40.11000061035156,40.689998626708984,40.040000915527344,40.349998474121094,8419800
2024-12-17,36.50714111328125,40.56999969482422,40.94599914550781,40.25,40.29999923706055,9702700
2024-12-18,36.12919998168945,40.150001525878906,41.36000061035156,40.11000061035156,40.849998474121094,11720500
2024-12-19,35.184349060058594,39.099998474121094,40.58000183105469,39.09000015258789,40.060001373291016,9553500
2024-12-20,35.94022750854492,39.939998626708984,40.28499984741211,38.849998474121094,38.9900016784668,17715600
2024-12-23,35.967227935791016,39.970001220703125,40.2599983215332,39.68299865722656,39.9900016784668,6718700
2024-12-24,36.07521057128906,40.09000015258789,40.18000030517578,39.43000030517578,39.90999984741211,3784100
2024-12-26,36.19218826293945,40.220001220703125,40.3650016784668,39.849998474121094,39.9900016784668,5274200
2024-12-27,36.02121353149414,40.029998779296875,40.69499969482422,39.900001525878906,40.119998931884766,4855000
2024-12-30,35.490299224853516,39.439998626708984,39.91999816894531,39.22999954223633,39.900001525878906,7954900
2024-12-31,36.111202239990234,40.130001068115234,40.275001525878906,39.43000030517578,39.540000915527344,6867200
2025-01-02,35.58928680419922,39.54999923706055,40.599998474121094,39.5,40.33000183105469,7130500
2025-01-03,35.454307556152344,39.400001525878906,39.814998626708984,39.20000076293945,39.650001525878906,6839900
2025-01-06,35.769256591796875,39.75,40.13999938964844,39.54999923706055,39.79999923706055,6899400
2025-01-07,35.46330261230469,39.40999984741211,39.94499969482422,39.154998779296875,39.5,7248700
2025-01-08,35.022377014160156,38.91999816894531,39.11000061035156,38.33000183105469,39.04999923706055,6196900
2025-01-10,34.644439697265625,38.5,38.834999084472656,38.45000076293945,38.720001220703125,7833500
2025-01-13,35.697261810302734,39.66999816894531,39.689998626708984,38.54999923706055,38.54999923706055,8230600
2025-01-14,36.06620788574219,40.08000183105469,40.11000061035156,39.65999984741211,39.91999816894531,4516000
2025-01-15,36.35416793823242,40.400001525878906,40.77000045776367,40.13999938964844,40.47999954223633,5446400
2025-01-16,36.777095794677734,40.869998931884766,41.04999923706055,40.099998474121094,40.33000183105469,5812300
2025-01-17,36.93007278442383,41.040000915527344,41.380001068115234,40.98500061035156,41.11000061035156,6194800
2025-01-21,37.415992736816406,41.58000183105469,41.7599983215332,41.150001525878906,41.31999969482422,5583600
2025-01-22,36.73209762573242,40.81999969482422,41.46500015258789,40.810001373291016,41.400001525878906,5607300
2025-01-23,37.317012786865234,41.470001220703125,41.529998779296875,40.900001525878906,40.95000076293945,5442400
2025-01-24,37.22701644897461,41.369998931884766,41.91999816894531,41.310001373291016,41.720001220703125,5111600
2025-01-27,37.72193908691406,41.91999816894531,41.970001220703125,41.275001525878906,41.7400016784668,6182700
2025-01-28,37.27201461791992,41.41999816894531,42.17399978637695,41.279998779296875,42.0099983215332,6009600
2025-01-29,36.93906784057617,41.04999923706055,41.474998474121094,40.834999084472656,41.22999954223633,6765200
2025-01-30,34.689430236816406,38.54999923706055,39.47999954223633,37.4900016784668,39.31999969482422,18933200
2025-01-31,35.13935470581055,39.04999923706055,39.279998779296875,38.40999984741211,38.82500076293945,12725800
2025-02-03,33.636600494384766,37.380001068115234,38.29999923706055,36.65999984741211,38.20000076293945,14986900
2025-02-04,34.689430236816406,38.54999923706055,38.91999816894531,37.540000915527344,37.58000183105469,10017100
2025-02-05,34.14952087402344,37.95000076293945,38.45000076293945,37.720001220703125,38.220001220703125,6757400
2025-02-06,34.887393951416016,38.77000045776367,38.88999938964844,38.189998626708984,38.220001220703125,7610300
2025-02-07,34.716426849365234,38.58000183105469,39.025001525878906,38.334999084472656,38.900001525878906,5966200
2025-02-10,34.70743179321289,38.56999969482422,39.0,38.150001525878906,38.900001525878906,5911100
2025-02-11,34.761417388916016,38.630001068115234,38.83000183105469,38.435001373291016,38.650001525878906,5446500
2025-02-12,34.428470611572266,38.2599983215332,38.560001373291016,38.053001403808594,38.380001068115234,5607400
2025-02-13,34.500457763671875,38.34000015258789,38.665000915527344,38.04999923706055,38.369998931884766,6619000
2025-02-14,34.79741287231445,38.66999816894531,39.5099983215332,38.61000061035156,38.83000183105469,5387700
2025-02-18,35.74226379394531,39.720001220703125,40.02000045776367,38.689998626708984,38.720001220703125,7612300
2025-02-19,35.022377014160156,38.91999816894531,39.38999938964844,38.790000915527344,39.0,6219800
2025-02-20,35.625282287597656,39.59000015258789,39.61000061035156,38.93000030517578,39.0,5747100
2025-02-21,35.55329132080078,39.5099983215332,40.09000015258789,39.154998779296875,39.84000015258789,5962900
2025-02-24,35.13935470581055,39.04999923706055,39.439998626708984,38.89500045776367,39.40999984741211,7411700
2025-02-25,35.301326751708984,39.22999954223633,39.56999969482422,38.98500061035156,39.189998626708984,6180000
2025-02-26,34.95938491821289,38.849998474121094,39.56999969482422,38.540000915527344,39.540000915527344,6294900
2025-02-27,34.58144760131836,38.43000030517578,38.790000915527344,38.15999984741211,38.75,7949600
2025-02-28,34.92974090576172,38.11000061035156,38.310001373291016,37.619998931884766,37.79999923706055,10056900
2025-03-03,33.050804138183594,36.060001373291016,38.689998626708984,36.0099983215332,38.66999816894531,10954300
2025-03-04,32.64752197265625,35.619998931884766,36.209999084472656,35.47999954223633,35.88999938964844,8840500
2025-03-05,34.62727355957031,37.779998779296875,38.029998779296875,36.20000076293945,36.2599983215332,10393200
2025-03-06,34.315650939941406,37.439998626708984,37.689998626708984,36.724998474121094,37.32500076293945,9128500
2025-03-07,34.32481002807617,37.45000076293945,37.619998931884766,36.7599983215332,37.189998626708984,8667000
2025-03-10,34.278987884521484,37.400001525878906,38.36399841308594,37.1609992980957,37.36000061035156,6310800
2025-03-11,33.609901428222656,36.66999816894531,37.70000076293945,36.16999816894531,37.60499954223633,6997100
2025-03-12,32.76667404174805,35.75,36.79999923706055,35.72999954223633,36.79999923706055,6923900
2025-03-13,33.20661926269531,36.22999954223633,37.20000076293945,35.619998931884766,35.68000030517578,7958400
2025-03-14,33.88486862182617,36.970001220703125,37.18000030517578,36.65999984741211,36.779998779296875,5991200
2025-03-17,34.37980651855469,37.5099983215332,37.78499984741211,37.0099983215332,37.0099983215332,5097100
2025-03-18,34.471466064453125,37.61000061035156,37.79999923706055,37.31999969482422,37.77000045776367,4866000
2025-03-19,34.086509704589844,37.189998626708984,37.720001220703125,37.040000915527344,37.5,5525100
2025-03-20,33.554908752441406,36.61000061035156,37.0,36.5,36.7599983215332,5406300
2025-03-21,33.15163040161133,36.16999816894531,36.35499954223633,35.81399917602539,36.25,13257700
2025-03-24,33.26161575317383,36.290000915527344,36.858001708984375,35.970001220703125,36.529998779296875,6797400
2025-03-25,32.37255859375,35.31999969482422,36.31999969482422,35.224998474121094,36.290000915527344,7218000
2025-03-26,32.610862731933594,35.58000183105469,35.779998779296875,35.130001068115234,35.27000045776367,5801600
2025-03-27,32.29923629760742,35.2400016784668,35.400001525878906,34.61000061035156,35.0,6911900
2025-03-28,31.492673873901367,34.36000061035156,35.220001220703125,34.125,35.060001373291016,6913700
2025-03-31,32.005943298339844,34.91999816894531,35.209999084472656,33.93000030517578,34.119998931884766,8477200
2025-04-01,31.72180938720703,34.61000061035156,34.76499938964844,34.09400177001953,34.47999954223633,6446000
2025-04-02,31.978443145751953,34.88999938964844,35.16999816894531,34.29999923706055,34.31999969482422,5146700
2025-04-03,28.83467674255371,31.459999084472656,33.63999938964844,31.3799991607666,33.47999954223633,18080900
2025-04-04,25.846721649169922,28.200000762939453,30.440000534057617,28.045000076293945,30.209999084472656,18677500
2025-04-07,25.223466873168945,27.520000457763672,29.290000915527344,26.327999114990234,27.219999313354492,19652900
2025-04-08,23.656166076660156,25.809999465942383,29.0,25.31999969482422,29.0,17050500
2025-04-09,27.368196487426758,29.860000610351562,30.139999389648438,25.059999465942383,25.350000381469727,19876900
2025-04-10,25.012662887573242,27.290000915527344,28.81999969482422,26.6200008392334,28.799999237060547,15213200
2025-04-11,26.05752944946289,28.43000030517578,28.510000228881836,26.469999313354492,27.010000228881836,11189100
2025-04-14,26.4699764251709,28.8799991607666,29.450000762939453,28.260000228881836,29.149999618530273,10448500
2025-04-15,25.388446807861328,27.700000762939453,28.760000228881836,27.684999465942383,28.06999969482422,12375800
2025-04-16,25.177640914916992,27.469999313354492,28.18000030517578,27.225000381469727,27.700000762939453,8672400
2025-04-17,25.800893783569336,28.149999618530273,28.40999984741211,27.729999542236328,27.729999542236328,8474900
2025-04-21,25.77339744567871,28.1200008392334,28.34000015258789,27.709999084472656,28.170000076293945,7745100
2025-04-22,26.5799617767334,29.0,29.350000381469727,28.5,28.540000915527344,8488300
2025-04-23,26.5799617767334,29.0,30.75,28.735000610351562,30.059999465942383,10727000
2025-04-24,27.276540756225586,29.760000228881836,30.179000854492188,28.049999237060547,28.520000457763672,13069300
2025-04-25,27.51484489440918,30.020000457763672,30.079999923706055,29.1200008392334,29.34000015258789,12991600
2025-04-28,27.450685501098633,29.950000762939453,30.940000534057617,29.709999084472656,30.25,9347200
2025-04-29,28.092269897460938,30.649999618530273,30.71500015258789,29.770000457763672,29.799999237060547,9498800
2025-04-30,28.037275314331055,30.59000015258789,30.639999389648438,29.760000228881836,30.21500015258789,11306100
2025-05-01,27.982284545898438,30.530000686645508,30.844999313354492,30.270000457763672,30.68000030517578,7009600
2025-05-02,27.8814640045166,30.420000076293945,31.059999465942383,30.209999084472656,30.860000610351562,8619400
2025-05-05,26.534135818481445,28.950000762939453,30.0,28.920000076293945,29.905000686645508,9061700
2025-05-06,26.396650314331055,28.799999237060547,29.280000686645508,28.6299991607666,28.889999389648438,7691300
2025-05-07,26.07586097717285,28.450000762939453,29.110000610351562,28.274999618530273,29.0,8814500
2025-05-08,26.79993438720703,29.239999771118164,29.739999771118164,28.659000396728516,28.739999771118164,7787000
2025-05-09,27.019906997680664,29.479999542236328,29.760000228881836,29.204999923706055,29.450000762939453,8162800
2025-05-12,28.394731521606445,30.979999542236328,32.38999938964844,30.940000534057617,31.649999618530273,11832500
2025-05-13,28.202255249023438,30.770000457763672,31.219999313354492,30.600000381469727,30.93000030517578,8502800
2025-05-14,27.652324676513672,30.170000076293945,30.770000457763672,30.049999237060547,30.68000030517578,6434900
2025-05-15,27.404855728149414,29.899999618530273,29.958999633789062,29.395000457763672,29.799999237060547,6481000
2025-05-16,27.670656204223633,30.190000534057617,30.295000076293945,29.530000686645508,29.889999389648438,5872600
2025-05-19,27.597333908081055,30.110000610351562,30.219999313354492,29.405000686645508,29.649999618530273,5937100
2025-05-20,27.30403709411621,29.790000915527344,30.285999298095703,29.711999893188477,30.139999389648438,5576400
2025-05-21,26.35082244873047,28.75,29.670000076293945,28.690000534057617,29.510000228881836,8938600
2025-05-22,26.27750015258789,28.670000076293945,28.844999313354492,28.31999969482422,28.540000915527344,6885100
2025-05-23,25.956707000732422,28.31999969482422,28.469999313354492,27.90999984741211,28.149999618530273,7095200
2025-05-27,26.506637573242188,28.920000076293945,29.040000915527344,28.690000534057617,28.850000381469727,8763100
2025-05-28,25.975038528442383,28.34000015258789,29.09000015258789,28.260000228881836,29.0,7731600
2025-05-29,26.387489318847656,28.790000915527344,29.09000015258789,28.200000762939453,28.84000015258789,10227600
2025-05-30,26.058698654174805,27.739999771118164,28.040000915527344,27.43000030517578,27.954999923706055,13965300
2025-06-02,25.551429748535156,27.200000762939453,27.729999542236328,26.854000091552734,27.65999984741211,12390500
2025-06-03,26.105669021606445,27.790000915527344,28.05500030517578,26.489999771118164,27.200000762939453,10557600
2025-06-04,26.56597137451172,28.280000686645508,28.329999923706055,27.690000534057617,27.850000381469727,8844700
2025-06-05,26.472034454345703,28.18000030517578,28.604999542236328,27.950000762939453,28.510000228881836,8634700
2025-06-06,26.819604873657227,28.549999237060547,28.844999313354492,28.30500030517578,28.350000381469727,6728400
2025-06-09,27.608692169189453,29.389999389648438,29.795000076293945,28.780000686645508,28.799999237060547,11394400
2025-06-10,28.839296340942383,30.700000762939453,30.885000228881836,29.549999237060547,29.68000030517578,10985100
2025-06-11,28.820507049560547,30.68000030517578,31.18000030517578,30.274999618530273,31.059999465942383,7842300
2025-06-12,28.313236236572266,30.139999389648438,30.450000762939453,29.950000762939453,30.209999084472656,6817200
2025-06-13,28.087783813476562,29.899999618530273,31.020000457763672,29.790000915527344,29.920000076293945,10271600
2025-06-16,28.717174530029297,30.56999969482422,30.56999969482422,29.8799991607666,30.34000015258789,10658500
2025-06-17,27.655662536621094,29.440000534057617,30.610000610351562,29.424999237060547,30.450000762939453,8850700
2025-06-18,26.77263641357422,28.5,29.420000076293945,28.479999542236328,29.34000015258789,12211600
2025-06-20,26.077486038208008,27.760000228881836,28.610000610351562,27.520000457763672,28.514999389648438,22583000
2025-06-23,25.241430282592773,26.8700008392334,27.625,26.610000610351562,27.200000762939453,17264100
2025-06-24,25.86142921447754,27.530000686645508,27.868000030517578,27.040000915527344,27.25,19116200
2025-06-25,25.194459915161133,26.81999969482422,27.549999237060547,26.81999969482422,27.530000686645508,15726100
2025-06-26,25.504457473754883,27.149999618530273,27.549999237060547,27.0,27.100000381469727,13857800
2025-06-27,25.363548278808594,27.0,27.760000228881836,26.739999771118164,27.399999618530273,18629400
2025-06-30,24.875064849853516,26.479999542236328,26.920000076293945,26.3799991607666,26.899999618530273,11746900
2025-07-01,26.14324378967285,27.829999923706055,28.44700050354004,26.3700008392334,26.43000030517578,21426600
2025-07-02,26.988697052001953,28.729999542236328,28.729999542236328,27.600000381469727,28.149999618530273,14120500
2025-07-03,26.73505973815918,28.459999084472656,28.780000686645508,28.3700008392334,28.670000076293945,5950000
2025-07-07,25.814456939697266,27.479999542236328,28.479999542236328,27.084999084472656,28.010000228881836,13061900
2025-07-08,27.29869270324707,29.059999465942383,29.604999542236328,27.670000076293945,27.709999084472656,18326600
2025-07-09,28.03141975402832,29.84000015258789,30.329999923706055,29.200000762939453,29.364999771118164,15427600
2025-07-10,28.397783279418945,30.229999542236328,30.927000045776367,29.584999084472656,29.700000762939453,12068000
2025-07-11,27.758995056152344,29.549999237060547,29.81999969482422,29.1200008392334,29.6200008392334,12318800
2025-07-14,26.53778839111328,28.25,29.399999618530273,28.06999969482422,29.25,13284400
2025-07-15,26.293546676635742,27.989999771118164,28.844999313354492,27.940000534057617,28.670000076293945,9162900
2025-07-16,26.43445587158203,28.139999389648438,28.290000915527344,27.604999542236328,27.959999084472656,8757000
2025-07-17,26.73505973815918,28.459999084472656,28.5,27.979999542236328,28.010000228881836,7623200
2025-07-18,26.62233543395996,28.34000015258789,28.739999771118164,28.100000381469727,28.645000457763672,9013200
2025-07-21,26.669301986694336,28.389999389648438,28.915000915527344,28.329999923706055,28.59000015258789,7026100
2025-07-22,27.862329483032227,29.65999984741211,29.7450008392334,28.475000381469727,28.475000381469727,9296400
2025-07-23,28.529298782348633,30.3700008392334,30.8799991607666,30.014999389648438,30.209999084472656,20963300
2025-07-24,23.550527572631836,25.06999969482422,27.600000381469727,24.3700008392334,27.190000534057617,66003500
2025-07-25,23.96385955810547,25.510000228881836,25.649999618530273,24.420000076293945,24.639999389648438,36918200
2025-07-28,24.151735305786133,25.709999084472656,26.1299991607666,24.920000076293945,25.329999923706055,17843700
2025-07-29,23.653860092163086,25.18000030517578,25.600000381469727,24.979999542236328,25.600000381469727,13123800
2025-07-30,22.470224380493164,23.920000076293945,25.049999237060547,23.780000686645508,25.030000686645508,16559800
2025-07-31,21.8784122467041,23.290000915527344,23.656999588012695,22.940000534057617,23.635000228881836,21303600
2025-08-01,20.469324111938477,21.790000915527344,23.079999923706055,21.790000915527344,22.9950008392334,25059000
2025-08-04,20.281444549560547,21.59000015258789,21.889999389648438,21.315000534057617,21.8700008392334,18562100
2025-08-05,21.023563385009766,22.3799991607666,22.65999984741211,21.780000686645508,21.950000762939453,22028700
2025-08-06,20.009023666381836,21.299999237060547,22.780000686645508,21.25,22.6200008392334,19480800
2025-08-07,20.300233840942383,21.610000610351562,22.145000457763672,21.309999465942383,21.75,12719600
2025-08-08,19.933870315551758,21.219999313354492,21.780000686645508,21.15999984741211,21.6299991607666,11325700
2025-08-11,19.605085372924805,20.8700008392334,21.600000381469727,20.402000427246094,21.280000686645508,20712400
2025-08-12,20.3941707611084,21.709999084472656,22.0,20.815000534057617,20.889999389648438,15785300
2025-08-13,21.530834197998047,22.920000076293945,22.989999771118164,21.709999084472656,21.809999465942383,16243300
2025-08-14,21.953563690185547,23.3700008392334,23.459999084472656,22.469999313354492,22.825000762939453,11822600
2025-08-15,21.944168090820312,23.360000610351562,23.854999542236328,23.350000381469727,23.579999923706055,10779700
2025-08-18,21.831439971923828,23.239999771118164,23.639999389648438,23.219999313354492,23.299999237060547,12231500
2025-08-19,22.103864669799805,23.530000686645508,24.239999771118164,23.299999237060547,23.530000686645508,8879800
2025-08-20,22.62053108215332,24.079999923706055,24.469999313354492,23.530000686645508,23.56999969482422,12660700
2025-08-21,22.254167556762695,23.690000534057617,23.950000762939453,23.415000915527344,23.84000015258789,9431100
2025-08-22,23.58810043334961,25.110000610351562,25.239999771118164,23.90999984741211,23.979999542236328,20539200
2025-08-25,23.409618377685547,24.920000076293945,25.0,24.510000228881836,25.0,10012300
2025-08-26,23.24052619934082,24.739999771118164,24.9950008392334,24.614999771118164,24.809999465942383,8049300
2025-08-27,23.24052619934082,24.739999771118164,25.079999923706055,24.40999984741211,24.5,10348200
2025-08-28,23.080829620361328,24.56999969482422,25.059999465942383,24.290000915527344,25.059999465942383,11714200
2025-08-29,23.471546173095703,24.6299991607666,24.889999389648438,24.239999771118164,24.290000915527344,8791800
2025-09-02,23.26189422607422,24.40999984741211,24.7450008392334,24.06999969482422,24.229999542236328,12152500
2025-09-03,22.80447006225586,23.93000030517578,24.520000457763672,23.790000915527344,24.25,11528200
2025-09-04,22.785411834716797,23.90999984741211,23.985000610351562,23.200000762939453,23.760000228881836,11630400
2025-09-05,23.3476619720459,24.5,24.920000076293945,23.774999618530273,23.899999618530273,18476700
2025-09-08,22.85211944580078,23.979999542236328,24.34600067138672,23.1200008392334,24.34000015258789,15488100
2025-09-09,23.004592895507812,24.139999389648438,24.360000610351562,23.700000762939453,23.844999313354492,10959400
2025-09-10,22.70917510986328,23.829999923706055,24.459999084472656,23.71500015258789,23.940000534057617,11492700
2025-09-11,23.843202590942383,25.020000457763672,25.139999389648438,23.65999984741211,23.65999984741211,25711700
2025-09-12,23.86226463317871,25.040000915527344,25.489999771118164,24.8700008392334,25.0,14732800
2025-09-15,23.033184051513672,24.170000076293945,25.3799991607666,24.045000076293945,25.21500015258789,13192300
2025-09-16,23.328601837158203,24.479999542236328,24.8799991607666,24.184999465942383,24.399999618530273,11070800
2025-09-17,23.385780334472656,24.540000915527344,25.770000457763672,24.184999465942383,24.600000381469727,14775200
2025-09-18,22.97600555419922,24.110000610351562,24.989999771118164,23.889999389648438,24.809999465942383,15350400
2025-09-19,22.38516616821289,23.489999771118164,24.149999618530273,23.350000381469727,24.149999618530273,19106700
2025-09-22,22.080217361450195,23.170000076293945,23.389999389648438,22.940000534057617,23.350000381469727,12901800
2025-09-23,21.78479766845703,22.860000610351562,23.69700050354004,22.84000015258789,23.540000915527344,11016900
2025-09-24,22.042098999023438,23.1299991607666,23.3799991607666,22.90999984741211,22.969999313354492,11913600
2025-09-25,21.155839920043945,22.200000762939453,23.024999618530273,22.165000915527344,23.020000457763672,16437600
2025-09-26,21.88009262084961,22.959999084472656,23.200000762939453,22.344999313354492,22.43000030517578,12623800
2025-09-29,21.813385009765625,22.889999389648438,23.25,22.719999313354492,23.239999771118164,11803800
2025-09-30,21.851505279541016,22.93000030517578,22.95599937438965,22.312999725341797,22.780000686645508,14368700
2025-10-01,21.965862274169922,23.049999237060547,23.219999313354492,22.815000534057617,22.899999618530273,12531500
2025-10-02,22.575759887695312,23.690000534057617,23.968000411987305,22.950000762939453,23.1299991607666,17945200
2025-10-03,22.699644088745117,23.81999969482422,24.03499984741211,23.399999618530273,23.709999084472656,8354600
2025-10-06,22.318458557128906,23.420000076293945,23.889999389648438,23.299999237060547,23.829999923706055,9417100
2025-10-07,21.441728591918945,22.5,23.670000076293945,22.25,23.540000915527344,19270000
2025-10-08,21.53702735900879,22.600000381469727,22.950000762939453,22.440000534057617,22.510000228881836,10240600
2025-10-09,21.041484832763672,22.079999923706055,22.610000610351562,21.809999465942383,22.510000228881836,15428400
2025-10-10,19.678743362426758,20.649999618530273,22.350000381469727,20.649999618530273,22.219999313354492,18840800
2025-10-13,20.412527084350586,21.420000076293945,21.719999313354492,21.0,21.0,12276700
2025-10-14,20.88901138305664,21.920000076293945,22.09000015258789,20.889999389648438,21.014999389648438,9683300
2025-10-15,21.155839920043945,22.200000762939453,22.565000534057617,21.899999618530273,22.190000534057617,10597900
2025-10-16,20.869951248168945,21.899999618530273,22.469999313354492,21.565000534057617,22.309999465942383,10929900
2025-10-17,20.86042022705078,21.889999389648438,22.045000076293945,21.674999237060547,21.899999618530273,9111200
2025-10-20,20.612648010253906,21.6299991607666,22.084999084472656,21.440000534057617,21.989999771118164,10342700
2025-10-21,20.727006912231445,21.75,22.06999969482422,21.565000534057617,21.690000534057617,10565100
2025-10-22,20.679359436035156,21.700000762939453,22.010000228881836,21.565000534057617,21.75,12026100
2025-10-23,23.35719108581543,24.510000228881836,24.722000122070312,23.350000381469727,23.459999084472656,33606400
2025-10-24,23.64307975769043,24.809999465942383,24.899999618530273,24.200000762939453,24.739999771118164,14496700
2025-10-27,24.519807815551758,25.729999542236328,26.049999237060547,24.950000762939453,25.0,17744700
2025-10-28,24.186269760131836,25.3799991607666,25.540000915527344,24.790000915527344,25.520000457763672,11767500
2025-10-29,23.69072723388672,24.860000610351562,25.649999618530273,24.735000610351562,25.309999465942383,12570700
2025-10-30,22.680585861206055,23.799999237060547,24.4950008392334,23.780000686645508,24.3700008392334,11446600
2025-10-31,22.728235244750977,23.850000381469727,24.09000015258789,23.600000381469727,23.920000076293945,13052700
2025-11-03,22.13739585876465,23.229999542236328,23.690000534057617,22.920000076293945,23.59000015258789,13200100
2025-11-04,21.527496337890625,22.59000015258789,22.969999313354492,22.559999465942383,22.84000015258789,12009900
2025-11-05,21.699031829833984,22.770000457763672,23.219999313354492,22.6200008392334,22.709999084472656,12998600
2025-11-06,21.17490005493164,22.219999313354492,22.940000534057617,22.219999313354492,22.829999923706055,15504300
2025-11-07,21.241607666015625,22.290000915527344,22.479999542236328,21.8799991607666,22.200000762939453,13745900
2025-11-10,21.060543060302734,22.100000381469727,22.75,21.700000762939453,22.700000762939453,14784800
2025-11-11,21.26066780090332,22.309999465942383,22.489999771118164,22.065000534057617,22.229999542236328,9556900
2025-11-12,21.136781692504883,22.18000030517578,22.690000534057617,22.09000015258789,22.420000076293945,8406100
2025-11-13,22.023038864135742,23.110000610351562,23.15999984741211,22.06999969482422,22.149999618530273,18599300
2025-11-14,21.851505279541016,22.93000030517578,23.18000030517578,22.53700065612793,22.850000381469727,12069100
2025-11-17,20.650768280029297,21.670000076293945,22.81999969482422,21.614999771118164,22.81999969482422,13080800
2025-11-18,20.822303771972656,21.850000381469727,22.0049991607666,21.25,21.56999969482422,12329300
2025-11-19,20.307701110839844,21.309999465942383,21.985000610351562,21.15999984741211,21.8799991607666,13044100
2025-11-20,19.96463394165039,20.950000762939453,21.7549991607666,20.93000030517578,21.44499969482422,12657200
2025-11-21,21.155839920043945,22.200000762939453,22.450000762939453,21.239999771118164,21.280000686645508,19595100
2025-11-24,21.470319747924805,22.530000686645508,22.56999969482422,21.950000762939453,22.200000762939453,15713700
2025-11-25,22.108806610107422,23.200000762939453,23.350000381469727,22.6299991607666,22.760000228881836,14209700
2025-11-26,22.785411834716797,23.90999984741211,24.100000381469727,23.200000762939453,23.219999313354492,10506200
2025-11-28,23.065879821777344,23.850000381469727,24.020000457763672,23.59000015258789,23.729999542236328,7253900
2025-12-01,23.05620574951172,23.84000015258789,24.28499984741211,23.565000534057617,23.600000381469727,11456100
2025-12-02,23.07554817199707,23.860000610351562,24.09000015258789,23.405000686645508,23.8700008392334,10733800
2025-12-03,22.978837966918945,23.760000228881836,24.46500015258789,23.735000610351562,23.979999542236328,10524700
2025-12-04,22.11809730529785,22.8700008392334,23.93000030517578,22.75,23.850000381469727,10415800
2025-12-05,22.205137252807617,22.959999084472656,23.684999465942383,22.934999465942383,23.170000076293945,9023600
2025-12-08,22.108427047729492,22.860000610351562,23.25,22.760000228881836,22.899999618530273,11723700
2025-12-09,22.35020637512207,23.110000610351562,23.844999313354492,22.850000381469727,22.885000228881836,11305700
2025-12-10,23.78154754638672,24.59000015258789,24.700000762939453,23.174999237060547,23.190000534057617,11997200
2025-12-11,23.771879196166992,24.579999923706055,25.049999237060547,24.424999237060547,24.540000915527344,11607200
2025-12-12,23.18193244934082,23.969999313354492,24.885000228881836,23.93000030517578,24.700000762939453,9613300
2025-12-15,22.67902946472168,23.450000762939453,24.239999771118164,23.110000610351562,24.020000457763672,17458900
2025-12-16,22.089082717895508,22.84000015258789,23.25,22.520000457763672,23.209999084472656,17492000
2025-12-17,22.311521530151367,23.06999969482422,23.375999450683594,22.90999984741211,22.979999542236328,14084900
2025-12-18,22.282508850097656,23.040000915527344,23.2450008392334,22.75,22.809999465942383,11153200
2025-12-19,22.495277404785156,23.260000228881836,23.55500030517578,22.913999557495117,23.030000686645508,15644300
2025-12-22,22.65001678466797,23.420000076293945,23.739999771118164,23.270000457763672,23.329999923706055,10433100
2025-12-23,22.147111892700195,22.899999618530273,23.399999618530273,22.770000457763672,23.260000228881836,7884500
2025-12-24,22.301851272583008,23.059999465942383,23.079999923706055,22.867000579833984,22.950000762939453,3448700
2025-12-26,22.524290084838867,23.290000915527344,23.309999465942383,22.8700008392334,23.049999237060547,8930500
2025-12-29,22.582317352294922,23.350000381469727,23.360000610351562,22.979999542236328,23.190000534057617,10431000
2025-12-30,22.737056732177734,23.510000228881836,23.6200008392334,23.239999771118164,23.299999237060547,7490500
2025-12-31,22.611328125,23.3799991607666,23.719999313354492,23.295000076293945,23.459999084472656,8939800
2026-01-02,23.472068786621094,24.270000457763672,24.420000076293945,23.30500030517578,23.549999237060547,10052700
2026-01-05,24.081357955932617,24.899999618530273,25.145000457763672,24.18000030517578,24.25,13203100
2026-01-06,24.680973052978516,25.520000457763672,25.670000076293945,24.684999465942383,24.770000457763672,11674600
2026-01-07,23.984643936157227,24.799999237060547,25.610000610351562,24.549999237060547,25.530000686645508,8259900
2026-01-08,25.06782341003418,25.920000076293945,26.389999389648438,24.350000381469727,24.5,10493800
2026-01-09,25.464344024658203,26.329999923706055,26.489999771118164,25.739999771118164,26.31999969482422,8765100
2026-01-12,25.628751754760742,26.5,26.614999771118164,26.06999969482422,26.350000381469727,7686400
2026-01-13,25.677108764648438,26.549999237060547,27.06999969482422,26.46500015258789,26.639999389648438,10247800
2026-01-14,27.330890655517578,28.260000228881836,28.524999618530273,26.834999084472656,26.899999618530273,21174700
2026-01-15,27.021411895751953,27.940000534057617,28.360000610351562,27.209999084472656,28.290000915527344,9559300
2026-01-16,26.66357421875,27.56999969482422,27.854999542236328,27.219999313354492,27.344999313354492,14028400
2026-01-20,25.70612335205078,26.579999923706055,27.165000915527344,26.30500030517578,26.549999237060547,11465600
2026-01-21,27.475955963134766,28.40999984741211,28.545000076293945,26.75,26.8700008392334,12572300
2026-01-22,27.398588180541992,28.329999923706055,29.09000015258789,28.270000457763672,28.610000610351562,11409000
2026-01-23,27.321216583251953,28.25,28.610000610351562,28.125,28.489999771118164,8892300
2026-01-26,27.25351905822754,28.18000030517578,28.559999465942383,27.969999313354492,28.3700008392334,8707100
2026-01-27,26.89568328857422,27.809999465942383,28.385000228881836,27.639999389648438,28.209999084472656,12804900
2026-01-28,26.86667251586914,27.780000686645508,28.149999618530273,27.200000762939453,28.100000381469727,17825500
2026-01-29,26.267053604125977,27.15999984741211,27.559999465942383,25.81999969482422,26.600000381469727,23608400
2026-01-30,26.64423179626465,27.549999237060547,28.0,26.920000076293945,27.290000915527344,18949400
2026-02-02,27.930503845214844,28.8799991607666,29.024999618530273,27.100000381469727,27.5,17168900
2026-02-03,29.487571716308594,30.489999771118164,31.145000457763672,28.809999465942383,28.899999618530273,21848200
2026-02-04,31.33477783203125,32.400001525878906,32.849998474121094,30.950000762939453,31.010000228881836,26129300
2026-02-05,29.593957901000977,30.600000381469727,32.22999954223633,30.15999984741211,31.899999618530273,15877500
2026-02-06,30.73516273498535,31.780000686645508,31.854999542236328,30.809999465942383,31.0,8977200
2026-02-09,31.025299072265625,32.08000183105469,32.540000915527344,31.020000457763672,31.5,10275400
2026-02-10,32.495323181152344,33.599998474121094,33.9900016784668,32.400001525878906,32.400001525878906,13531200
2026-02-11,32.882171630859375,34.0,34.77000045776367,33.5099983215332,33.70000076293945,12754800
2026-02-12,31.57655906677246,32.650001525878906,34.43000030517578,32.073001861572266,34.209999084472656,15685900
2026-02-13,31.42181968688965,32.4900016784668,33.150001525878906,32.32099914550781,32.619998931884766,10184100
2026-02-17,30.38699722290039,31.420000076293945,32.689998626708984,30.93000030517578,32.29999923706055,9911400
2026-02-18,30.541736602783203,31.579999923706055,32.47999954223633,31.440000534057617,31.649999618530273,10918600
2026-02-19,30.35798454284668,31.389999389648438,31.729999542236328,30.889999389648438,31.489999771118164,8869400
2026-02-20,29.516586303710938,30.520000457763672,31.06999969482422,29.489999771118164,30.969999313354492,17925100
2026-02-23,29.30381965637207,30.299999237060547,30.899999618530273,30.09000015258789,30.09000015258789,9417700
2026-02-24,30.02916145324707,31.049999237060547,31.469999313354492,30.510000228881836,30.639999389648438,10487400
2026-02-25,29.03302574157715,30.020000457763672,31.299999237060547,29.645000457763672,31.15999984741211,11139300
2026-02-26,28.916969299316406,29.899999618530273,30.049999237060547,29.209999084472656,29.989999771118164,9211200
2026-02-27,30.071691513061523,30.729999542236328,30.860000610351562,29.20400047302246,29.239999771118164,13297800
2026-03-02,29.944477081298828,30.600000381469727,31.55500030517578,30.139999389648438,30.700000762939453,13479000
2026-03-03,30.081478118896484,30.739999771118164,31.0,29.385000228881836,29.829999923706055,13304900
2026-03-04,31.64720344543457,32.34000015258789,32.38999938964844,31.040000915527344,32.0,13279500
2026-03-05,32.997642517089844,33.720001220703125,34.59199905395508,33.209999084472656,33.5,24545900
2026-03-06,32.56706619262695,33.279998779296875,35.150001525878906,32.95000076293945,35.0,19447200
2026-03-09,33.57500076293945,34.310001373291016,35.749000549316406,34.099998474121094,34.95000076293945,28495500
2026-03-10,33.163997650146484,33.88999938964844,35.18000030517578,33.185001373291016,34.619998931884766,22301900
2026-03-11,33.63371658325195,34.369998931884766,34.57500076293945,33.70000076293945,33.95000076293945,11106300
2026-03-12,36.77495193481445,37.58000183105469,37.68000030517578,35.5099983215332,35.75,25159600
2026-03-13,35.835514068603516,36.619998931884766,37.75,36.5099983215332,37.70000076293945,16375100
2026-03-16,35.228797912597656,36.0,36.630001068115234,35.970001220703125,36.38999938964844,9567400
2026-03-17,36.11930465698242,36.90999984741211,37.56999969482422,36.029998779296875,36.18000030517578,14301700
2026-03-18,36.882591247558594,37.689998626708984,38.2599983215332,37.053001403808594,37.5,15273900
2026-03-19,36.6868782043457,37.4900016784668,38.58000183105469,37.06999969482422,38.0099983215332,13780000
2026-03-20,35.864871978759766,36.650001525878906,38.31999969482422,36.47999954223633,37.81999969482422,15453500
2026-03-23,35.267940521240234,36.040000915527344,36.685001373291016,35.54999923706055,35.91999816894531,14991500
2026-03-24,37.48931121826172,38.310001373291016,38.470001220703125,36.22999954223633,36.22999954223633,16393500
2026-03-25,38.77124786376953,39.619998931884766,39.69499969482422,38.0,38.29999923706055,12223800
2026-03-26,38.62446212768555,39.470001220703125,40.19499969482422,39.220001220703125,39.619998931884766,9711600
2026-03-27,39.94554138183594,40.81999969482422,41.05500030517578,39.310001373291016,39.630001068115234,12322100
2026-03-30,40.97304916381836,41.869998931884766,42.5,41.209999084472656,41.619998931884766,15306500
2026-03-31,40.75776290893555,41.650001525878906,42.7400016784668,40.86000061035156,41.68000030517578,21086600
2026-04-01,39.81832504272461,40.689998626708984,41.755001068115234,39.584999084472656,41.59000015258789,21922000
2026-04-02,40.513118743896484,41.400001525878906,42.369998931884766,40.79999923706055,42.119998931884766,13355400
2026-04-06,39.69111251831055,40.560001373291016,41.06800079345703,39.935001373291016,40.45000076293945,13059100
2026-04-07,40.52290344238281,41.40999984741211,42.04999923706055,40.65999984741211,40.84000015258789,14260200
2026-04-08,38.43852996826172,39.279998779296875,39.345001220703125,35.75,36.619998931884766,27145700
2026-04-09,37.225093841552734,38.040000915527344,40.599998474121094,37.900001525878906,39.599998474121094,18500500
2026-04-10,38.174312591552734,39.0099983215332,39.119998931884766,38.244998931884766,38.5,10924300
2026-04-13,39.25075149536133,40.11000061035156,40.61800003051758,39.78099822998047,40.0,9495700
2026-04-14,38.321102142333984,39.15999984741211,39.724998474121094,38.150001525878906,39.70000076293945,13086700
2026-04-15,38.007957458496094,38.84000015258789,39.415000915527344,38.720001220703125,39.150001525878906,9404300
2026-04-16,39.0648193359375,39.91999816894531,40.0099983215332,39.18000030517578,39.5,11306200
2026-04-17,34.837364196777344,35.599998474121094,36.54999923706055,34.79999923706055,36.290000915527344,27285900
2026-04-20,35.982303619384766,36.77000045776367,37.279998779296875,35.91999816894531,36.04499816894531,12428600
2026-04-21,37.48931121826172,38.310001373291016,38.33000183105469,36.880001068115234,36.880001068115234,13555500
2026-04-22,37.97860336303711,38.810001373291016,39.0,38.290000915527344,38.5,14665300
2026-04-23,37.70459747314453,38.529998779296875,40.04999923706055,36.724998474121094,39.380001068115234,22976900
2026-04-24,37.83181381225586,38.65999984741211,39.4900016784668,37.93000030517578,38.939998626708984,12672400
2026-04-27,37.283809661865234,38.099998474121094,39.720001220703125,37.375,39.5,11226400
2026-04-28,37.19573974609375,38.0099983215332,39.099998474121094,37.849998474121094,38.900001525878906,9268100
2026-04-29,38.7027473449707,39.54999923706055,39.70000076293945,38.5099983215332,38.59000015258789,11659400
2026-04-30,39.62261199951172,40.4900016784668,40.849998474121094,38.880001068115234,39.400001525878906,15935600
2026-05-01,39.42689514160156,40.290000915527344,41.459999084472656,39.43000030517578,40.939998626708984,9176900
2026-05-04,39.71068572998047,40.58000183105469,40.9900016784668,39.62099838256836,40.7400016784668,8787400
2026-05-05,39.925968170166016,40.79999923706055,41.474998474121094,40.30500030517578,40.439998626708984,7117500
2026-05-06,37.67523956298828,38.5,38.90999984741211,37.584999084472656,38.06999969482422,17871600
2026-05-07,36.5205192565918,37.31999969482422,37.7599983215332,36.86000061035156,37.54999923706055,17292200
2026-05-08,36.08015823364258,36.869998931884766,37.64500045776367,36.720001220703125,37.5099983215332,9781500
2026-05-11,37.92966842651367,38.7599983215332,38.81999969482422,37.4900016784668,37.5,9412500
2026-05-12,38.5853157043457,39.43000030517578,39.845001220703125,38.54100036621094,38.9900016784668,8792700
2026-05-13,38.007957458496094,38.84000015258789,40.16999816894531,38.810001373291016,40.0099983215332,8415300
2026-05-14,37.949241638183594,38.779998779296875,39.07500076293945,38.54999923706055,38.72999954223633,5643100
2026-05-15,37.919883728027344,38.75,39.415000915527344,38.611000061035156,39.0,9184900
2026-05-18,37.73395919799805,38.560001373291016,38.808998107910156,37.8849983215332,38.470001220703125,8719400
2026-05-19,36.93152618408203,37.7400016784668,38.880001068115234,37.20500183105469,38.709999084472656,10566300
2026-05-20,35.493011474609375,36.27000045776367,37.88999938964844,35.91999816894531,37.58000183105469,15321300
2026-05-21,35.140724182128906,35.90999984741211,37.349998474121094,35.564998626708984,36.58000183105469,12844700
2026-05-22,35.238582611083984,36.0099983215332,36.599998474121094,35.55500030517578,36.150001525878906,9010400
2026-05-26,34.52421951293945,35.279998779296875,36.29999923706055,35.02000045776367,36.209999084472656,14114900
2026-05-27,33.75114440917969,34.4900016784668,34.88999938964844,34.084999084472656,34.599998474121094,16013100
2026-05-28,34.025146484375,34.77000045776367,35.540000915527344,34.435001373291016,34.88999938964844,12484100
2026-05-29,33.362831115722656,33.75,34.52000045776367,33.44499969482422,34.47999954223633,17171300
2026-06-01,34.292049407958984,34.689998626708984,35.40999984741211,34.20500183105469,34.25,10533500
2026-06-02,34.32170486450195,34.720001220703125,34.92499923706055,34.2599983215332,34.55500030517578,11207900
2026-06-03,34.99390411376953,35.400001525878906,35.7140007019043,34.68000030517578,34.689998626708984,10733800
2026-06-04,34.39090347290039,34.790000915527344,35.52000045776367,34.529998779296875,34.959999084472656,9243900
2026-06-05,33.5803108215332,33.970001220703125,34.599998474121094,33.654998779296875,34.529998779296875,8121900
2026-06-08,33.80767059326172,34.20000076293945,34.400001525878906,33.654998779296875,33.97999954223633,6846800
2026-06-09,32.83891296386719,33.220001220703125,34.09000015258789,32.56999969482422,34.029998779296875,13901100
2026-06-10,33.84721374511719,34.2400016784668,34.46500015258789,32.880001068115234,33.25,13017500
2026-06-11,33.24420928955078,33.630001068115234,36.040000915527344,33.435001373291016,34.90999984741211,12414900
2026-06-12,33.46168518066406,33.849998474121094,34.189998626708984,32.75,33.31999969482422,15932500
2026-06-15,32.84879684448242,33.22999954223633,33.310001373291016,31.90999984741211,32.709999084472656,15288000
2026-06-16,32.58189392089844,32.959999084472656,33.38999938964844,32.44499969482422,32.81999969482422,10758000
2026-06-17,32.12717056274414,32.5,33.97999954223633,32.47999954223633,32.849998474121094,10897200
2026-06-18,31.366004943847656,31.729999542236328,32.599998474121094,31.3700008392334,32.599998474121094,17423500
2026-06-22,30.43678855895996,30.790000915527344,31.389999389648438,30.665000915527344,31.200000762939453,13107300
2026-06-23,29.982065200805664,30.329999923706055,31.084999084472656,30.184999465942383,30.530000686645508,14159300
2026-06-24,29.0429630279541,29.3799991607666,30.0,28.774999618530273,30.0,23935400
2026-06-25,28.973766326904297,29.309999465942383,29.514999389648438,28.389999389648438,28.829999923706055,12740100
2026-06-26,28.706865310668945,29.040000915527344,29.298999786376953,28.735000610351562,29.0,12286800
2026-06-29,27.599712371826172,27.920000076293945,29.30900001525879,27.540000915527344,29.139999389648438,12783500
2026-06-30,27.0461368560791,27.360000610351562,28.180999755859375,27.135000228881836,27.90999984741211,12814600
2026-07-01,26.710037231445312,27.020000457763672,27.665000915527344,26.799999237060547,26.799999237060547,13818400
2026-07-02,27.392120361328125,27.709999084472656,28.334999084472656,27.25,27.25,11721600
2026-07-06,27.0164794921875,27.329999923706055,27.454999923706055,26.900999069213867,27.200000762939453,8510800
2026-07-07,28.311452865600586,28.639999389648438,28.700000762939453,27.549999237060547,27.549999237060547,13926600
2026-07-08,28.696979522705078,29.030000686645508,29.899999618530273,28.969999313354492,29.479999542236328,16014100
2026-07-09,28.173059463500977,28.5,29.040000915527344,27.989999771118164,28.780000686645508,9547000
2026-07-10,28.696979522705078,29.030000686645508,29.15999984741211,28.6299991607666,28.780000686645508,5713300
2026-07-13,30.021608352661133,30.3700008392334,30.440000534057617,29.280000686645508,29.559999465942383,12392800
2026-07-14,29.96229362487793,30.309999465942383,31.209999084472656,30.139999389648438,30.959999084472656,8630000
2026-07-15,29.35929298400879,29.700000762939453,30.309999465942383,29.309999465942383,30.200000762939453,8806400
2026-07-16,28.96388053894043,29.299999237060547,29.979999542236328,29.204999923706055,29.639999389648438,7007900
2026-07-17,29.57676887512207,29.920000076293945,30.540000915527344,29.639999389648438,30.010000228881836,8538800
2026-07-20,30.021608352661133,30.3700008392334,30.559999465942383,29.520000457763672,29.75,9089500
2026-07-21,30.120458602905273,30.469999313354492,31.25,30.440000534057617,30.6200008392334,8324300
2026-07-22,30.891511917114258,31.25,31.584999084472656,30.809999465942383,30.989999771118164,11532400
2026-07-23,30.5455265045166,30.899999618530273,32.72999954223633,30.670000076293945,31.799999237060547,16614800
2026-07-24,29.4976863861084,29.84000015258789,30.774999618530273,29.299999237060547,30.610000610351562,10427200
2026-07-27,28.420190811157227,28.75,29.219999313354492,28.229999542236328,28.93000030517578,13172000
2026-07-28,28.51904296875,28.850000381469727,29.489999771118164,28.700000762939453,29.0,12162300
2026-07-29,30.100688934326172,30.450000762939453,30.6299991607666,29.530000686645508,29.670000076293945,13813700
2026-07-30,29.74481964111328,30.09000015258789,30.479999542236328,29.450000762939453,30.059999465942383,9163500
2026-07-31,29.94252586364746,30.290000915527344,30.510000228881836,29.594999313354492,29.969999313354492,9113800
2026-08-03,29.54711151123047,29.889999389648438,30.450000762939453,29.739999771118164,30.190000534057617,9264400
2026-08-04,29.982065200805664,30.329999923706055,30.448999404907227,28.690000534057617,29.030000686645508,9348800
2026-08-05,29.32963752746582,29.670000076293945,30.68000030517578,29.170000076293945,30.610000610351562,10208500
2026-08-06,29.952409744262695,30.299999237060547,30.90999984741211,29.719999313354492,30.0,9296800
2026-08-07,29.003421783447266,29.34000015258789,29.940000534057617,29.264999389648438,29.799999237060547,9022100
2026-08-10,30.229198455810547,30.579999923706055,30.579999923706055,29.545000076293945,29.649999618530273,7474900
2026-08-11,30.901397705078125,31.260000228881836,31.440000534057617,30.405000686645508,30.405000686645508,7519400
2026-08-12,30.21931266784668,30.56999969482422,31.219999313354492,30.4950008392334,31.110000610351562,6615000
2026-08-13,30.011722564697266,30.360000610351562,30.725000381469727,30.184999465942383,30.350000381469727,6867500
2026-08-14,30.71357536315918,31.06999969482422,31.200000762939453,30.6299991607666,30.690000534057617,7305700
2026-08-17,30.980480194091797,31.34000015258789,31.53499984741211,30.81999969482422,31.09000015258789,6020000
2026-08-18,30.83220100402832,31.190000534057617,31.93000030517578,31.06100082397461,31.600000381469727,7367900
2026-08-19,31.38577651977539,31.75,32.125,31.350000381469727,31.399999618530273,6137700
2026-08-20,32.5225830078125,32.900001525878906,33.400001525878906,31.770000457763672,31.770000457763672,14366300
2026-08-21,31.978891372680664,32.349998474121094,33.32500076293945,32.279998779296875,32.779998779296875,9183700
2026-08-24,31.07933235168457,31.440000534057617,32.04999923706055,31.270000457763672,32.029998779296875,8242700
2026-08-25,29.814016342163086,30.15999984741211,30.959999084472656,30.139999389648438,30.959999084472656,9173300
2026-08-26,29.982065200805664,30.329999923706055,30.40999984741211,29.729999542236328,30.010000228881836,9601600
2026-08-27,29.982065200805664,30.329999923706055,30.600000381469727,29.954999923706055,30.309999465942383,6433100
2026-08-28,30.160001754760742,30.510000228881836,30.84000015258789,30.110000610351562,30.6299991607666,5963800
2026-08-31,30.520000457763672,30.520000457763672,31.260000228881836,30.190000534057617,30.549999237060547,9531100
2026-09-01,30.459999084472656,30.459999084472656,30.850000381469727,30.075000762939453,30.700000762939453,7678800
2026-09-02,31.280000686645508,31.280000686645508,31.459999084472656,30.260000228881836,30.260000228881836,7906700
2026-09-03,30.360000610351562,30.360000610351562,31.690000534057617,30.329999923706055,31.549999237060547,8175200
2026-09-04,29.440000534057617,29.440000534057617,30.450000762939453,29.100000381469727,30.100000381469727,9411400
2026-09-08,29.56999969482422,29.56999969482422,30.299999237060547,29.524999618530273,29.75,8606600
2026-09-09,29.399999618530273,29.399999618530273,30.200000762939453,28.954999923706055,30.049999237060547,9144200
2026-09-10,29.639999389648438,29.639999389648438,30.260000228881836,29.594999313354492,29.899999618530273,7354700
2026-09-11,29.030000686645508,29.030000686645508,29.690000534057617,28.709999084472656,29.420000076293945,10492800
