Date,adj_close,Close,High,Low,Open,Volume
2000-01-03,5.503983974456787,10.317095756530762,10.764045715332031,10.279850006103516,10.726799964904785,451728
2000-01-04,5.464240550994873,10.24260425567627,10.466078758239746,10.130867004394531,10.317095756530762,311612
2000-01-05,5.66294527053833,10.615062713623047,10.764045715332031,10.168112754821777,10.168112754821777,447030
2000-01-06,5.603334426879883,10.503325462341309,10.83853816986084,10.503325462341309,10.540571212768555,223515
2000-01-07,5.5238518714904785,10.354342460632324,10.87578296661377,10.354342460632324,10.5778169631958,749413
2000-01-10,5.563591957092285,10.4288330078125,10.540571212768555,10.317095756530762,10.317095756530762,320170
2000-01-11,5.782162666320801,10.83853816986084,10.913028717041016,10.4288330078125,10.4288330078125,466999
2000-01-12,5.583461761474609,10.466078758239746,10.83853816986084,10.354342460632324,10.801292419433594,1300313
2000-01-13,5.921254634857178,11.099258422851562,11.173749923706055,10.503325462341309,10.5778169631958,1086699
2000-01-14,6.000733852386475,11.248242378234863,11.322732925415039,11.099258422851562,11.099258422851562,398199
2000-01-18,5.921254634857178,11.099258422851562,11.322732925415039,10.950275421142578,11.173749923706055,460958
2000-01-19,5.821903705596924,10.913028717041016,11.136504173278809,10.801292419433594,11.099258422851562,931144
2000-01-20,5.603334426879883,10.503325462341309,10.87578296661377,10.4288330078125,10.83853816986084,777772
2000-01-21,5.583461761474609,10.466078758239746,10.652308464050293,10.466078758239746,10.652308464050293,788511
2000-01-24,5.444372177124023,10.205357551574707,10.615062713623047,10.130867004394531,10.615062713623047,791028
2000-01-25,5.285412788391113,9.907391548156738,10.130867004394531,9.870145797729492,10.093621253967285,872077
2000-01-26,5.265543460845947,9.870145797729492,10.019128799438477,9.758407592773438,10.019128799438477,1011690
2000-01-27,5.2456746101379395,9.832900047302246,9.9446382522583,9.683917045593262,9.870145797729492,631279
2000-01-28,5.007235050201416,9.385950088500977,9.758407592773438,9.34870433807373,9.758407592773438,1339076
2000-01-31,5.04697322845459,9.460441589355469,9.572178840637207,9.274212837219238,9.385950088500977,646045
2000-02-01,4.88801383972168,9.162474632263184,9.534933090209961,9.087983131408691,9.460441589355469,714342
2000-02-02,5.027105331420898,9.423195838928223,9.423195838928223,8.492050170898438,9.162474632263184,4170097
2000-02-03,5.1463236808776855,9.646671295166016,9.646671295166016,9.311457633972168,9.460441589355469,631446
2000-02-04,5.325153350830078,9.98188304901123,9.98188304901123,9.609424591064453,9.609424591064453,1958776
2000-02-07,5.106584072113037,9.572178840637207,9.98188304901123,9.497688293457031,9.9446382522583,690010
2000-02-08,5.205934047698975,9.758407592773438,9.832900047302246,9.609424591064453,9.683917045593262,994407
2000-02-09,5.027105331420898,9.423195838928223,9.721162796020508,9.385950088500977,9.683917045593262,658966
2000-02-10,5.04697322845459,9.460441589355469,9.572178840637207,9.236967086791992,9.34870433807373,754615
2000-02-11,4.947624683380127,9.274212837219238,9.572178840637207,9.199721336364746,9.534933090209961,614834
2000-02-14,4.808534145355225,9.0134916305542,9.274212837219238,8.976245880126953,9.236967086791992,481933
2000-02-15,4.88801383972168,9.162474632263184,9.199721336364746,8.901754379272461,8.976245880126953,1080993
2000-02-16,4.7091851234436035,8.827262878417969,9.199721336364746,8.715524673461914,9.162474632263184,764683
2000-02-17,4.689314842224121,8.790017127990723,8.901754379272461,8.678278923034668,8.864507675170898,589663
2000-02-18,4.589962959289551,8.603788375854492,8.715524673461914,8.492050170898438,8.641033172607422,1097103
2000-02-22,4.570096492767334,8.56654167175293,8.790017127990723,8.492050170898438,8.641033172607422,596040
2000-02-23,4.4906158447265625,8.417557716369629,8.771393775939941,8.417557716369629,8.529295921325684,1267424
2000-02-24,4.3515238761901855,8.156838417053223,8.417557716369629,7.93336296081543,8.343067169189453,982492
2000-02-25,4.311783313751221,8.082345962524414,8.268574714660645,8.045100212097168,8.156838417053223,419678
2000-02-28,4.291914939880371,8.045100212097168,8.343067169189453,8.007854461669922,8.231328964233398,551907
2000-02-29,4.192564964294434,7.858870983123779,8.156838417053223,7.821625232696533,8.045100212097168,875937
2000-03-01,4.331655502319336,8.11959171295166,8.194083213806152,7.896117210388184,7.93336296081543,865365
2000-03-02,4.2720465660095215,8.007854461669922,8.268574714660645,7.970608234405518,8.11959171295166,530764
2000-03-03,4.311783313751221,8.082345962524414,8.194083213806152,7.970608234405518,8.007854461669922,693366
2000-03-06,4.311783313751221,8.082345962524414,8.194083213806152,7.970608234405518,8.045100212097168,631111
2000-03-07,4.013734817504883,7.52365779876709,8.156838417053223,7.41192102432251,8.045100212097168,870064
2000-03-08,3.993865966796875,7.48641300201416,7.747132778167725,7.41192102432251,7.41192102432251,642354
2000-03-09,4.07334566116333,7.6353960037231445,7.672642230987549,7.41192102432251,7.52365779876709,836503
2000-03-10,4.1130852699279785,7.709887981414795,7.896117210388184,7.52365779876709,7.59814977645874,443842
2000-03-13,4.07334566116333,7.6353960037231445,7.896117210388184,7.59814977645874,7.6353960037231445,774583
2000-03-14,4.07334566116333,7.6353960037231445,7.747132778167725,7.560904026031494,7.59814977645874,420517
2000-03-15,4.311783313751221,8.082345962524414,8.194083213806152,7.6353960037231445,7.6353960037231445,589328
2000-03-16,4.530355930328369,8.492050170898438,8.678278923034668,8.11959171295166,8.11959171295166,656617
2000-03-17,4.431005477905273,8.305821418762207,8.529295921325684,8.231328964233398,8.454804420471191,810326
2000-03-20,4.530355930328369,8.492050170898438,8.56654167175293,8.231328964233398,8.231328964233398,470355
2000-03-21,4.629703521728516,8.678278923034668,8.790017127990723,8.417557716369629,8.492050170898438,539993
2000-03-22,4.570096492767334,8.56654167175293,9.162474632263184,8.56654167175293,8.827262878417969,578588
2000-03-23,4.669443607330322,8.752771377563477,8.790017127990723,8.156838417053223,8.603788375854492,898087
2000-03-24,4.808534145355225,9.0134916305542,9.646671295166016,8.976245880126953,9.385950088500977,1869672
2000-03-27,4.848275184631348,9.087983131408691,9.274212837219238,8.939000129699707,8.939000129699707,1331693
2000-03-28,5.2456746101379395,9.832900047302246,10.130867004394531,9.162474632263184,9.162474632263184,1653373
2000-03-29,5.464240550994873,10.24260425567627,10.4288330078125,10.130867004394531,10.4288330078125,1487079
2000-03-30,5.603334426879883,10.503325462341309,10.503325462341309,10.205357551574707,10.39158821105957,545027
2000-03-31,5.66294527053833,10.615062713623047,10.652308464050293,10.205357551574707,10.354342460632324,961853
2000-04-03,5.643073081970215,10.5778169631958,10.87578296661377,10.5778169631958,10.689554214477539,636145
2000-04-04,5.802032470703125,10.87578296661377,11.173749923706055,10.4288330078125,10.689554214477539,946247
2000-04-05,5.941123008728027,11.136504173278809,11.173749923706055,10.764045715332031,10.801292419433594,733807
2000-04-06,5.774653911590576,10.801292419433594,11.2109956741333,10.801292419433594,11.2109956741333,688835
2000-04-07,5.734825134277344,10.726799964904785,10.87578296661377,10.689554214477539,10.726799964904785,648395
2000-04-10,5.894131660461426,11.02476692199707,11.02476692199707,10.615062713623047,10.87578296661377,749413
2000-04-11,5.914040565490723,11.062012672424316,11.062012672424316,10.83853816986084,11.02476692199707,506936
2000-04-12,5.9936933517456055,11.2109956741333,11.583454132080078,10.913028717041016,10.913028717041016,443170
2000-04-13,5.754741668701172,10.764045715332031,11.099258422851562,10.764045715332031,11.099258422851562,665511
2000-04-14,5.51578950881958,10.317095756530762,10.801292419433594,10.130867004394531,10.801292419433594,1026961
2000-04-17,5.595439434051514,10.466078758239746,10.5778169631958,10.317095756530762,10.317095756530762,590670
2000-04-18,5.555616855621338,10.39158821105957,10.540571212768555,10.205357551574707,10.39158821105957,477402
2000-04-19,5.695002555847168,10.652308464050293,10.950275421142578,10.279850006103516,10.279850006103516,819555
2000-04-20,6.0534281730651855,11.322732925415039,11.434471130371094,10.652308464050293,10.652308464050293,494518
2000-04-24,6.013606071472168,11.248242378234863,11.322732925415039,11.062012672424316,11.248242378234863,750084
2000-04-25,6.13308048248291,11.47171688079834,11.47171688079834,11.099258422851562,11.2109956741333,428404
2000-04-26,6.13308048248291,11.47171688079834,11.47171688079834,11.28548812866211,11.397225379943848,695380
2000-04-27,5.933952808380127,11.099258422851562,11.359978675842285,11.02476692199707,11.322732925415039,897584
2000-04-28,5.894131660461426,11.02476692199707,11.062012672424316,10.764045715332031,11.062012672424316,545531
2000-05-01,5.814479351043701,10.87578296661377,11.062012672424316,10.4288330078125,10.801292419433594,657960
2000-05-02,5.734825134277344,10.726799964904785,10.987521171569824,10.652308464050293,10.987521171569824,564325
2000-05-03,5.475961685180664,10.24260425567627,10.801292419433594,10.130867004394531,10.801292419433594,437968
2000-05-04,5.495875835418701,10.279850006103516,10.540571212768555,10.24260425567627,10.540571212768555,464817
2000-05-05,5.774653911590576,10.801292419433594,10.987521171569824,10.279850006103516,10.279850006103516,757971
2000-05-08,5.6352691650390625,10.540571212768555,10.764045715332031,10.410209655761719,10.764045715332031,429578
2000-05-09,5.734825134277344,10.726799964904785,10.764045715332031,10.4288330078125,10.615062713623047,453406
2000-05-10,5.754741668701172,10.764045715332031,10.987521171569824,10.689554214477539,10.726799964904785,482604
2000-05-11,5.933952808380127,11.099258422851562,11.099258422851562,10.83853816986084,10.87578296661377,715516
2000-05-12,5.914040565490723,11.062012672424316,11.248242378234863,11.02476692199707,11.062012672424316,301544
2000-05-15,5.874216079711914,10.987521171569824,11.173749923706055,10.987521171569824,11.02476692199707,362624
2000-05-16,6.093256950378418,11.397225379943848,11.47171688079834,10.913028717041016,10.950275421142578,268486
2000-05-17,5.9538679122924805,11.136504173278809,11.359978675842285,10.950275421142578,11.322732925415039,800593
2000-05-18,5.9538679122924805,11.136504173278809,11.248242378234863,11.02476692199707,11.136504173278809,314968
2000-05-19,5.83439302444458,10.913028717041016,11.136504173278809,10.764045715332031,11.062012672424316,674236
2000-05-22,5.83439302444458,10.913028717041016,10.950275421142578,10.726799964904785,10.913028717041016,504922
2000-05-23,5.973782062530518,11.173749923706055,11.28548812866211,10.87578296661377,10.913028717041016,652422
2000-05-24,6.113168716430664,11.434471130371094,11.47171688079834,11.173749923706055,11.248242378234863,821065
2000-05-25,5.914040565490723,11.062012672424316,11.322732925415039,10.87578296661377,11.322732925415039,1094753
2000-05-26,6.013606071472168,11.248242378234863,11.248242378234863,11.062012672424316,11.099258422851562,608625
2000-05-30,5.854305267333984,10.950275421142578,11.248242378234863,10.87578296661377,11.248242378234863,414308
2000-05-31,5.475961685180664,10.24260425567627,10.87578296661377,10.130867004394531,10.801292419433594,1001622
2000-06-01,5.416228294372559,10.130867004394531,10.24260425567627,10.056374549865723,10.205357551574707,937185
2000-06-02,5.396316051483154,10.093621253967285,10.130867004394531,10.056374549865723,10.130867004394531,515326
2000-06-05,5.336574554443359,9.98188304901123,10.130867004394531,9.9446382522583,10.130867004394531,486799
2000-06-06,5.336574554443359,9.98188304901123,10.130867004394531,9.98188304901123,10.130867004394531,363128
2000-06-07,5.3564910888671875,10.019128799438477,10.056374549865723,9.9446382522583,10.056374549865723,271171
2000-06-08,5.3564910888671875,10.019128799438477,10.205357551574707,9.870145797729492,10.056374549865723,216635
2000-06-09,5.276839256286621,9.870145797729492,10.205357551574707,9.832900047302246,9.9446382522583,367323
2000-06-12,5.276839256286621,9.870145797729492,10.019128799438477,9.832900047302246,9.832900047302246,272010
2000-06-13,5.276839256286621,9.870145797729492,10.019128799438477,9.795654296875,9.795654296875,204721
2000-06-14,5.237013816833496,9.795654296875,10.019128799438477,9.758407592773438,9.758407592773438,298188
2000-06-15,5.3564910888671875,10.019128799438477,10.24260425567627,9.832900047302246,9.870145797729492,404743
2000-06-16,5.396316051483154,10.093621253967285,10.205357551574707,9.907391548156738,9.907391548156738,622721
2000-06-19,5.1971893310546875,9.721162796020508,10.354342460632324,9.534933090209961,10.093621253967285,817541
2000-06-20,5.037889003753662,9.423195838928223,9.795654296875,9.274212837219238,9.721162796020508,484450
2000-06-21,4.998062610626221,9.34870433807373,9.572178840637207,9.199721336364746,9.497688293457031,384775
2000-06-22,5.734825134277344,10.726799964904785,10.726799964904785,9.385950088500977,9.423195838928223,375713
2000-06-23,5.296751022338867,9.907391548156738,9.9446382522583,9.646671295166016,9.832900047302246,1092907
2000-06-26,5.237013816833496,9.795654296875,10.168112754821777,9.758407592773438,9.9446382522583,371686
2000-06-27,5.276839256286621,9.870145797729492,9.98188304901123,9.758407592773438,9.870145797729492,314800
2000-06-28,5.0428643226623535,9.432506561279297,9.907391548156738,9.274212837219238,9.870145797729492,727263
2000-06-29,5.157362461090088,9.646671295166016,9.646671295166016,9.385950088500977,9.423195838928223,1070086
2000-06-30,5.177277088165283,9.683917045593262,10.019128799438477,9.534933090209961,9.534933090209961,977962
2000-07-03,5.237013816833496,9.795654296875,9.907391548156738,9.423195838928223,9.758407592773438,320506
2000-07-05,5.217101097106934,9.758407592773438,9.98188304901123,9.758407592773438,9.9446382522583,307417
2000-07-06,5.396316051483154,10.093621253967285,10.093621253967285,9.795654296875,9.795654296875,584294
2000-07-07,5.555616855621338,10.39158821105957,10.4288330078125,10.019128799438477,10.019128799438477,729780
2000-07-10,5.456052303314209,10.205357551574707,10.39158821105957,10.093621253967285,10.317095756530762,282918
2000-07-11,5.6352691650390625,10.540571212768555,10.689554214477539,10.130867004394531,10.130867004394531,1172111
2000-07-12,5.615354061126709,10.503325462341309,10.652308464050293,10.279850006103516,10.466078758239746,433773
2000-07-13,5.51578950881958,10.317095756530762,10.503325462341309,10.24260425567627,10.4288330078125,380747
2000-07-14,5.495875835418701,10.279850006103516,10.39158821105957,10.168112754821777,10.317095756530762,176865
2000-07-17,5.535701751708984,10.354342460632324,10.39158821105957,10.056374549865723,10.205357551574707,330909
2000-07-18,5.416228294372559,10.130867004394531,10.279850006103516,10.056374549865723,10.279850006103516,178543
2000-07-19,5.416228294372559,10.130867004394531,10.205357551574707,9.98188304901123,10.168112754821777,313961
2000-07-20,5.456052303314209,10.205357551574707,10.279850006103516,10.093621253967285,10.093621253967285,288623
2000-07-21,5.4361395835876465,10.168112754821777,10.279850006103516,10.130867004394531,10.130867004394531,201197
2000-07-24,5.416228294372559,10.130867004394531,10.168112754821777,10.019128799438477,10.093621253967285,424209
2000-07-25,5.396316051483154,10.093621253967285,10.130867004394531,10.019128799438477,10.093621253967285,2284819
2000-07-26,5.83439302444458,10.913028717041016,10.931652069091797,10.019128799438477,10.019128799438477,1230003
2000-07-27,5.695002555847168,10.652308464050293,10.87578296661377,10.5778169631958,10.87578296661377,1667972
2000-07-28,5.495875835418701,10.279850006103516,10.615062713623047,10.24260425567627,10.615062713623047,633460
2000-07-31,5.1971893310546875,9.721162796020508,10.466078758239746,9.646671295166016,10.279850006103516,999105
2000-08-01,5.3564910888671875,10.019128799438477,10.093621253967285,9.721162796020508,9.758407592773438,530932
2000-08-02,5.31666374206543,9.9446382522583,10.39158821105957,9.870145797729492,9.9446382522583,777100
2000-08-03,5.296751022338867,9.907391548156738,10.093621253967285,9.870145797729492,9.9446382522583,677760
2000-08-04,5.575527667999268,10.4288330078125,10.503325462341309,9.907391548156738,9.907391548156738,491834
2000-08-07,5.51578950881958,10.317095756530762,10.466078758239746,10.24260425567627,10.466078758239746,387124
2000-08-08,5.456052303314209,10.205357551574707,10.317095756530762,10.168112754821777,10.24260425567627,423873
2000-08-09,5.376401901245117,10.056374549865723,10.24260425567627,10.056374549865723,10.168112754821777,403233
2000-08-10,5.3564910888671875,10.019128799438477,10.205357551574707,10.019128799438477,10.093621253967285,791364
2000-08-11,5.3564910888671875,10.019128799438477,10.093621253967285,9.98188304901123,10.093621253967285,546034
2000-08-14,5.396316051483154,10.093621253967285,10.205357551574707,9.98188304901123,10.056374549865723,330909
2000-08-15,5.336574554443359,9.98188304901123,10.24260425567627,9.832900047302246,10.019128799438477,389809
2000-08-16,5.396316051483154,10.093621253967285,10.205357551574707,9.907391548156738,9.907391548156738,304229
2000-08-17,5.4361395835876465,10.168112754821777,10.24260425567627,10.056374549865723,10.056374549865723,1016724
2000-08-18,5.4361395835876465,10.168112754821777,10.279850006103516,10.093621253967285,10.093621253967285,700750
2000-08-21,5.555616855621338,10.39158821105957,10.466078758239746,10.205357551574707,10.205357551574707,617519
2000-08-22,5.555616855621338,10.39158821105957,10.503325462341309,10.317095756530762,10.317095756530762,776261
2000-08-23,5.3564910888671875,10.019128799438477,10.466078758239746,9.9446382522583,10.466078758239746,940877
2000-08-24,5.535701751708984,10.354342460632324,10.4288330078125,10.019128799438477,10.093621253967285,625070
2000-08-25,5.754741668701172,10.764045715332031,10.87578296661377,10.205357551574707,10.354342460632324,931816
2000-08-28,5.595439434051514,10.466078758239746,10.689554214477539,10.354342460632324,10.689554214477539,237946
2000-08-29,5.595439434051514,10.466078758239746,10.540571212768555,10.354342460632324,10.39158821105957,224354
2000-08-30,5.575527667999268,10.4288330078125,10.689554214477539,10.354342460632324,10.503325462341309,317653
2000-08-31,5.64024543762207,10.549881935119629,10.5778169631958,10.354342460632324,10.354342460632324,653932
2000-09-01,5.714916706085205,10.689554214477539,10.689554214477539,10.354342460632324,10.466078758239746,371854
2000-09-05,5.6352691650390625,10.540571212768555,10.540571212768555,10.168112754821777,10.540571212768555,656281
2000-09-06,5.695002555847168,10.652308464050293,10.764045715332031,10.4288330078125,10.540571212768555,440486
2000-09-07,5.535701751708984,10.354342460632324,10.652308464050293,10.24260425567627,10.652308464050293,310270
2000-09-08,5.51578950881958,10.317095756530762,10.39158821105957,10.056374549865723,10.354342460632324,305739
2000-09-11,5.51578950881958,10.317095756530762,10.503325462341309,10.168112754821777,10.279850006103516,322016
2000-09-12,5.495875835418701,10.279850006103516,10.503325462341309,10.205357551574707,10.317095756530762,386788
2000-09-13,5.575527667999268,10.4288330078125,10.466078758239746,10.279850006103516,10.4288330078125,281911
2000-09-14,5.456052303314209,10.205357551574707,10.354342460632324,10.019128799438477,10.354342460632324,301040
2000-09-15,5.695002555847168,10.652308464050293,10.801292419433594,9.907391548156738,9.907391548156738,793545
2000-09-18,5.495875835418701,10.279850006103516,10.503325462341309,10.130867004394531,10.503325462341309,649066
2000-09-19,5.51578950881958,10.317095756530762,10.4288330078125,10.168112754821777,10.39158821105957,520864
2000-09-20,5.914040565490723,11.062012672424316,11.248242378234863,10.726799964904785,11.248242378234863,1113715
2000-09-21,6.411856174468994,11.993158340454102,12.067649841308594,10.950275421142578,10.987521171569824,1573330
2000-09-22,6.471595287322998,12.10489559173584,12.216632843017578,11.844175338745117,11.91866683959961,887348
2000-09-25,6.491506099700928,12.142142295837402,12.142142295837402,11.91866683959961,12.030404090881348,820226
2000-09-26,6.551243305206299,12.253878593444824,12.328371047973633,12.030404090881348,12.142142295837402,968900
2000-09-27,6.531331539154053,12.216632843017578,12.402862548828125,11.769682884216309,11.769682884216309,1376832
2000-09-28,6.690633296966553,12.514599800109863,12.55184555053711,12.030404090881348,12.291125297546387,1371127
2000-09-29,6.630893230438232,12.402862548828125,12.738075256347656,12.365616798400879,12.514599800109863,1052802
2000-10-02,6.690633296966553,12.514599800109863,12.55184555053711,12.291125297546387,12.440108299255371,661316
2000-10-03,6.670717716217041,12.477354049682617,12.626338005065918,12.291125297546387,12.514599800109863,845564
2000-10-04,6.710546493530273,12.55184555053711,12.663582801818848,12.402862548828125,12.402862548828125,1035519
2000-10-05,6.882919788360596,12.849813461303711,12.849813461303711,12.514599800109863,12.663582801818848,918056
2000-10-06,6.783169269561768,12.663582801818848,13.036042213439941,12.477354049682617,12.775321006774902,1328169
2000-10-09,6.72331428527832,12.55184555053711,12.738075256347656,12.253878593444824,12.700828552246094,598389
2000-10-10,6.783169269561768,12.663582801818848,12.775321006774902,12.365616798400879,12.663582801818848,829959
2000-10-11,6.823068618774414,12.738075256347656,12.924304008483887,12.55184555053711,12.55184555053711,1033337
2000-10-12,6.543757438659668,12.216632843017578,12.812566757202148,11.91866683959961,12.812566757202148,597214
2000-10-13,6.683413028717041,12.477354049682617,12.626338005065918,11.881421089172363,11.993158340454102,503076
2000-10-16,6.922818183898926,12.924304008483887,12.961549758911133,12.55184555053711,12.55184555053711,670041
2000-10-17,6.683413028717041,12.477354049682617,12.961549758911133,12.179388046264648,12.849813461303711,743204
2000-10-18,6.743262767791748,12.589092254638672,12.700828552246094,12.253878593444824,12.514599800109863,299530
2000-10-19,6.643509387969971,12.402862548828125,12.55184555053711,12.291125297546387,12.477354049682617,822575
2000-10-20,6.862967014312744,12.812566757202148,13.036042213439941,12.440108299255371,12.440108299255371,333427
2000-10-23,7.142274856567383,13.33400821685791,13.445746421813965,12.849813461303711,12.88705825805664,589495
2000-10-24,7.082422256469727,13.222270965576172,13.408499717712402,12.998796463012695,13.222270965576172,958161
2000-10-25,6.902868270874023,12.88705825805664,13.110532760620117,12.663582801818848,13.110532760620117,417664
2000-10-26,6.7033610343933105,12.514599800109863,12.998796463012695,12.216632843017578,12.998796463012695,618022
2000-10-27,7.162220001220703,13.371253967285156,13.482992172241211,12.514599800109863,12.55184555053711,679606
2000-10-30,7.142274856567383,13.33400821685791,13.631975173950195,13.185025215148926,13.222270965576172,1051963
2000-10-31,7.182176113128662,13.408499717712402,13.557482719421387,13.110532760620117,13.110532760620117,1242253
2000-11-01,7.182176113128662,13.408499717712402,13.669220924377441,13.14777946472168,13.482992172241211,1364414
2000-11-02,7.142274856567383,13.33400821685791,13.631975173950195,13.259516716003418,13.408499717712402,436290
2000-11-03,7.6410393714904785,14.265153884887695,14.302399635314941,13.631975173950195,13.669220924377441,1691632
2000-11-06,7.5013813972473145,14.004432678222656,14.451382637023926,13.92994213104248,14.37689208984375,1104822
2000-11-07,7.341777324676514,13.706466674804688,14.116170883178711,13.59472942352295,14.078925132751465,808480
2000-11-08,7.281927108764648,13.59472942352295,13.706466674804688,13.482992172241211,13.706466674804688,613827
2000-11-09,7.2619757652282715,13.557482719421387,13.669220924377441,13.371253967285156,13.669220924377441,351214
2000-11-10,7.341777324676514,13.706466674804688,13.92994213104248,13.408499717712402,13.408499717712402,493008
2000-11-13,7.561235427856445,14.116170883178711,14.302399635314941,13.669220924377441,13.78095817565918,377559
2000-11-14,7.5013813972473145,14.004432678222656,14.265153884887695,13.892696380615234,14.078925132751465,551068
2000-11-15,7.581183910369873,14.153416633605957,14.265153884887695,14.004432678222656,14.153416633605957,630272
2000-11-16,7.6410393714904785,14.265153884887695,14.302399635314941,14.004432678222656,14.153416633605957,687661
2000-11-17,7.840541362762451,14.637613296508789,14.674858093261719,14.22790813446045,14.265153884887695,717027
2000-11-20,8.079946517944336,15.084563255310059,15.531513214111328,14.56312084197998,14.56312084197998,1080993
2000-11-21,8.219599723815918,15.345282554626465,15.494267463684082,15.19629955291748,15.494267463684082,1724522
2000-11-22,8.299400329589844,15.494267463684082,15.643250465393066,14.972825050354004,15.270792007446289,1289070
2000-11-24,8.259501457214355,15.419775009155273,15.568758010864258,15.382529258728027,15.494267463684082,347522
2000-11-27,8.319353103637695,15.531513214111328,15.606003761291504,15.345282554626465,15.345282554626465,894395
2000-11-28,8.299400329589844,15.494267463684082,15.79223346710205,15.345282554626465,15.568758010864258,821736
2000-11-29,8.319353103637695,15.531513214111328,15.717741966247559,15.382529258728027,15.419775009155273,1341593
2000-11-30,8.419102668762207,15.717741966247559,15.717741966247559,15.308037757873535,15.606003761291504,653429
2000-12-01,8.478959083557129,15.829479217529297,16.052953720092773,15.717741966247559,15.79223346710205,903960
2000-12-04,8.498908042907715,15.866724967956543,16.090200424194336,15.79223346710205,15.79223346710205,648227
2000-12-05,8.299400329589844,15.494267463684082,15.866724967956543,15.419775009155273,15.866724967956543,1329511
2000-12-06,8.199646949768066,15.308037757873535,15.568758010864258,15.047316551208496,15.531513214111328,901779
2000-12-07,8.199646949768066,15.308037757873535,15.568758010864258,15.121808052062988,15.308037757873535,1350654
2000-12-08,8.119852066040039,15.159053802490234,15.531513214111328,14.786596298217773,15.45702075958252,599396
2000-12-11,7.940296173095703,14.82384204864502,15.19629955291748,14.749349594116211,15.19629955291748,600403
2000-12-12,7.980194568634033,14.898332595825195,15.084563255310059,14.637613296508789,14.82384204864502,692527
2000-12-13,8.000144958496094,14.935579299926758,15.01007080078125,14.600366592407227,14.898332595825195,741190
2000-12-14,7.980194568634033,14.898332595825195,15.19629955291748,14.637613296508789,15.19629955291748,792371
2000-12-15,7.900394916534424,14.749349594116211,15.308037757873535,14.600366592407227,14.600366592407227,1386397
2000-12-18,8.17970085144043,15.270792007446289,15.531513214111328,14.674858093261719,14.749349594116211,1415091
2000-12-19,7.860490322113037,14.674858093261719,15.159053802490234,14.637613296508789,15.121808052062988,1228158
2000-12-20,7.401629447937012,13.818203926086426,15.047316551208496,13.818203926086426,14.749349594116211,947254
2000-12-21,7.5013813972473145,14.004432678222656,14.302399635314941,13.74371337890625,14.22790813446045,1664616
2000-12-22,7.142274856567383,13.33400821685791,13.855449676513672,13.185025215148926,13.855449676513672,1172782
2000-12-26,6.743262767791748,12.589092254638672,14.078925132751465,12.440108299255371,13.482992172241211,1290077
2000-12-27,7.182176113128662,13.408499717712402,13.445746421813965,12.626338005065918,12.626338005065918,789014
2000-12-28,7.341777324676514,13.706466674804688,13.706466674804688,13.259516716003418,13.259516716003418,588321
2000-12-29,7.301878452301025,13.631975173950195,13.92994213104248,13.33400821685791,13.631975173950195,872916
2001-01-02,7.222077369689941,13.482992172241211,13.74371337890625,13.222270965576172,13.631975173950195,1008502
2001-01-03,7.281927108764648,13.59472942352295,13.92994213104248,13.408499717712402,13.557482719421387,1370288
2001-01-04,7.222077369689941,13.482992172241211,13.669220924377441,13.445746421813965,13.557482719421387,753943
2001-01-05,7.182176113128662,13.408499717712402,13.445746421813965,13.110532760620117,13.408499717712402,1480031
2001-01-08,7.162220001220703,13.371253967285156,13.557482719421387,13.185025215148926,13.408499717712402,665678
2001-01-09,7.042520523071289,13.14777946472168,13.33400821685791,12.738075256347656,13.222270965576172,1057501
2001-01-10,6.743262767791748,12.589092254638672,12.849813461303711,11.955912590026855,11.993158340454102,2614219
2001-01-11,6.583663463592529,12.291125297546387,12.663582801818848,12.216632843017578,12.589092254638672,1717977
2001-01-12,6.4639573097229,12.067649841308594,12.179388046264648,11.844175338745117,12.142142295837402,2788231
2001-01-16,6.543757438659668,12.216632843017578,12.328371047973633,11.322732925415039,11.322732925415039,1407708
2001-01-17,6.50385856628418,12.142142295837402,12.216632843017578,12.067649841308594,12.067649841308594,1204497
2001-01-18,6.4839091300964355,12.10489559173584,12.291125297546387,12.067649841308594,12.142142295837402,1103311
2001-01-19,6.50385856628418,12.142142295837402,12.216632843017578,11.955912590026855,11.955912590026855,1004139
2001-01-22,6.543757438659668,12.216632843017578,12.291125297546387,11.955912590026855,12.030404090881348,1461237
2001-01-23,6.683413028717041,12.477354049682617,12.663582801818848,12.142142295837402,12.142142295837402,1230003
2001-01-24,6.663461208343506,12.440108299255371,13.036042213439941,12.365616798400879,13.036042213439941,1545475
2001-01-25,6.743262767791748,12.589092254638672,12.738075256347656,12.253878593444824,12.253878593444824,1288903
2001-01-26,6.62355899810791,12.365616798400879,12.88705825805664,12.328371047973633,12.738075256347656,973095
2001-01-29,6.700173854827881,12.508641242980957,12.514599800109863,12.29410457611084,12.29410457611084,681116
2001-01-30,6.815088272094727,12.723176956176758,12.842363357543945,12.401372909545898,12.657624244689941,1196946
2001-01-31,6.898080348968506,12.878119468688965,13.021142959594727,12.526518821716309,12.633787155151367,934668
2001-02-01,6.7097487449646,12.526518821716309,12.961549758911133,12.359657287597656,12.961549758911133,1941828
2001-02-02,6.380962371826172,11.912707328796387,12.550355911254883,11.829277038574219,12.514599800109863,1770668
2001-02-05,6.288392543792725,11.739887237548828,12.097447395324707,11.680293083190918,12.061691284179688,2262837
2001-02-06,6.665059566497803,12.443087577819824,12.598031044006348,11.8590726852417,11.8590726852417,2568240
2001-02-07,7.150257110595703,13.348907470703125,13.557482719421387,12.443087577819824,12.443087577819824,2451113
2001-02-08,6.882120132446289,12.848322868347168,13.378703117370605,12.830445289611816,13.348907470703125,1247455
2001-02-09,7.06087589263916,13.182044982910156,13.283353805541992,12.961549758911133,12.991347312927246,837006
2001-02-12,7.121523857116699,13.295272827148438,13.342947006225586,13.074776649475098,13.110532760620117,710482
2001-02-13,6.984263896942139,13.039020538330078,13.229720115661621,13.039020538330078,13.229720115661621,1560745
2001-02-14,6.9427690505981445,12.961549758911133,13.170126914978027,12.901956558227539,13.039020538330078,852612
2001-02-15,7.0321502685546875,13.128411293029785,13.170126914978027,12.997305870056152,13.110532760620117,1792650
2001-02-16,7.0321502685546875,13.128411293029785,13.259516716003418,13.027103424072266,13.110532760620117,952456
2001-02-20,6.968306064605713,13.009224891662598,13.188005447387695,12.961549758911133,12.9794282913208,1487247
2001-02-21,6.783169269561768,12.663582801818848,12.931753158569336,12.603989601135254,12.931753158569336,1016557
2001-02-22,6.645909309387207,12.407332420349121,12.693380355834961,12.282185554504395,12.663582801818848,1431368
2001-02-23,6.7033610343933105,12.514599800109863,12.782770156860352,12.395413398742676,12.45500659942627,985681
2001-02-26,6.712941646575928,12.532478332519531,12.657624244689941,12.311983108520508,12.425209999084473,826603
2001-02-27,6.7703986167907715,12.639745712280273,12.812566757202148,12.484803199768066,12.681461334228516,630104
2001-02-28,6.936384201049805,12.949630737304688,12.991347312927246,12.532478332519531,12.574193000793457,1218593
2001-03-01,6.9331889152526855,12.943672180175781,12.991347312927246,12.85428237915039,12.901956558227539,1469124
2001-03-02,6.952345371246338,12.9794282913208,13.348907470703125,12.687420845031738,12.901956558227539,1664280
2001-03-05,6.773588180541992,12.645705223083496,13.068818092346191,12.45500659942627,13.039020538330078,970746
2001-03-06,6.776782035827637,12.651664733886719,12.884078979492188,12.574193000793457,12.723176956176758,742029
2001-03-07,7.341777324676514,13.706466674804688,13.718384742736816,12.764891624450684,12.800647735595703,2809375
2001-03-08,7.469461917877197,13.944840431213379,13.944840431213379,13.706466674804688,13.706466674804688,1695156
2001-03-09,7.440732479095459,13.891205787658691,14.153416633605957,13.825653076171875,13.885247230529785,581776
2001-03-12,7.498191833496094,13.99847412109375,14.093823432922363,13.825653076171875,14.022311210632324,732464
2001-03-13,7.38327693939209,13.78393840789795,14.058067321777344,13.71242618560791,14.058067321777344,1597159
2001-03-14,7.306666851043701,13.640913963317871,13.819693565368652,13.468092918395996,13.575361251831055,1029981
2001-03-15,7.389660358428955,13.795857429504395,13.807774543762207,13.634955406188965,13.67667007446289,1048943
2001-03-16,7.437540531158447,13.885247230529785,13.968676567077637,13.730303764343262,13.855449676513672,1419622
2001-03-19,7.584378719329834,14.15937614440918,14.302399635314941,13.736263275146484,13.944840431213379,1174628
2001-03-20,7.396044731140137,13.807774543762207,14.177253723144531,13.772019386291504,13.87332820892334,776261
2001-03-21,7.348163604736328,13.718384742736816,13.825653076171875,13.605157852172852,13.766059875488281,741190
2001-03-22,7.357741832733154,13.736263275146484,13.855449676513672,13.527687072753906,13.706466674804688,2322575
2001-03-23,7.434347152709961,13.879286766052246,13.992514610290527,13.617076873779297,13.706466674804688,1101801
2001-03-26,7.609914779663086,14.207051277160645,14.242807388305664,13.99847412109375,14.004432678222656,573890
2001-03-27,7.724829196929932,14.421586990356445,14.749349594116211,14.242807388305664,14.272603034973145,2166182
2001-03-28,7.65140962600708,14.28452205657959,14.302399635314941,14.21300983428955,14.272603034973145,586811
2001-03-29,7.65140962600708,14.28452205657959,14.451382637023926,14.242807388305664,14.278562545776367,4061864
2001-03-30,7.581183910369873,14.153416633605957,14.296441078186035,14.03423023223877,14.296441078186035,2156617
2001-04-02,7.660986423492432,14.302399635314941,14.403709411621094,14.177253723144531,14.183213233947754,1040217
2001-04-03,7.479036808013916,13.96271800994873,14.451382637023926,13.742222785949707,14.302399635314941,992561
2001-04-04,7.5652265548706055,14.12362003326416,14.350074768066406,13.67667007446289,14.302399635314941,2288679
2001-04-05,7.692908763885498,14.361992835998535,14.421586990356445,14.15937614440918,14.272603034973145,1596487
2001-04-06,7.635354518890381,14.230888366699219,14.302399635314941,13.885247230529785,14.302399635314941,935340
2001-04-09,8.070196151733398,15.041357040405273,15.494267463684082,14.600366592407227,14.600366592407227,4124287
2001-04-10,8.124555587768555,15.14266586303711,15.42871379852295,15.005600929260254,15.041357040405273,1614107
2001-04-11,7.999857425689697,14.91025161743164,15.130746841430664,14.600366592407227,15.023479461669922,1361394
2001-04-12,7.980673789978027,14.874496459960938,15.077113151550293,14.665919303894043,14.957926750183105,1378006
2001-04-16,8.159728050231934,15.208218574523926,15.309527397155762,14.808942794799805,14.951967239379883,1193422
2001-04-17,8.409126281738281,15.673047065734863,15.673047065734863,15.118828773498535,15.14266586303711,937353
2001-04-18,8.434703826904297,15.720721244812012,16.000810623168945,15.446592330932617,15.613452911376953,1195100
2001-04-19,8.325990676879883,15.51810359954834,15.941217422485352,15.440632820129395,15.732640266418457,1436402
2001-04-20,8.370753288269043,15.601534843444824,15.744559288024902,15.464469909667969,15.55385971069336,685647
2001-04-23,8.434703826904297,15.720721244812012,15.79223346710205,15.613452911376953,15.702842712402344,1330182
2001-04-24,8.345174789428711,15.55385971069336,15.845867156982422,15.381038665771484,15.720721244812012,896241
2001-04-25,8.607359886169434,16.042524337768555,16.26302146911621,15.434673309326172,15.55385971069336,956651
2001-04-26,8.55300521850586,15.941217422485352,16.3822078704834,15.881623268127441,16.119997024536133,1286721
2001-04-27,8.664909362792969,16.14979362487793,16.30473518371582,15.941217422485352,16.090200424194336,865365
2001-04-30,8.732059478759766,16.274938583374023,16.358369827270508,16.000810623168945,16.209386825561523,1453015
2001-05-01,8.664909362792969,16.14979362487793,16.298776626586914,15.708803176879883,16.298776626586914,1305012
2001-05-02,8.505040168762207,15.851826667785645,16.298776626586914,15.458511352539062,16.298776626586914,1192919
2001-05-03,8.325990676879883,15.51810359954834,15.732640266418457,15.273771286010742,15.732640266418457,712664
2001-05-04,8.74165153503418,16.292816162109375,16.549068450927734,15.583657264709473,15.613452911376953,1742309
2001-05-07,8.879135131835938,16.549068450927734,16.57886505126953,16.268980026245117,16.298776626586914,1250308
2001-05-08,8.991044998168945,16.757644653320312,16.83511734008789,16.340492248535156,16.507352828979492,1551180
2001-05-09,9.256429672241211,17.252269744873047,17.282066345214844,16.715930938720703,16.76360511779785,1979752
2001-05-10,8.997438430786133,16.769563674926758,17.29398536682129,16.596742630004883,17.252269744873047,2041336
2001-05-11,8.88233470916748,16.555028915405273,16.888750076293945,16.066362380981445,16.888750076293945,1736100
2001-05-14,8.764028549194336,16.33453369140625,16.67421531677246,15.971013069152832,16.65633773803711,1574505
2001-05-15,8.997438430786133,16.769563674926758,16.805320739746094,16.298776626586914,16.358369827270508,1248797
2001-05-16,9.086968421936035,16.936424255371094,16.966222763061523,16.519271850585938,16.72188949584961,1543629
2001-05-17,9.253232955932617,17.24631118774414,17.282066345214844,16.92450714111328,17.08540916442871,1285882
2001-05-18,9.192484855651855,17.13308334350586,17.252269744873047,17.03773307800293,17.24631118774414,1396633
2001-05-21,9.272418022155762,17.282066345214844,17.38933563232422,16.918546676635742,17.162879943847656,832476
2001-05-22,9.355550765991211,17.437009811401367,17.574073791503906,17.168838500976562,17.282066345214844,640340
2001-05-23,9.176495552062988,17.103286743164062,17.431049346923828,16.954303741455078,17.31186294555664,1020584
2001-05-24,9.134926795959473,17.025814056396484,17.276107788085938,16.99005889892578,17.13308334350586,730451
2001-05-25,9.24044132232666,17.22247314453125,17.22247314453125,16.99601936340332,17.04369354248047,550565
2001-05-29,9.112547874450684,16.984100341796875,17.24631118774414,16.984100341796875,17.162879943847656,781295
2001-05-30,9.179689407348633,17.10924530029297,17.282066345214844,17.013896942138672,17.04369354248047,1186207
2001-05-31,8.92070484161377,16.62653923034668,17.049652099609375,16.22130584716797,17.049652099609375,2609688
2001-06-01,8.792810440063477,16.388166427612305,16.620580673217773,16.274938583374023,16.620580673217773,2113659
2001-06-04,8.818387031555176,16.435840606689453,16.507352828979492,16.209386825561523,16.507352828979492,1609912
2001-06-05,8.792810440063477,16.388166427612305,16.56694793701172,16.251102447509766,16.453718185424805,2315863
2001-06-06,8.444293022155762,15.738598823547363,16.370288848876953,15.619413375854492,16.32857322692871,2295559
2001-06-07,8.19489860534668,15.273771286010742,15.851826667785645,15.124788284301758,15.673047065734863,3842208
2001-06-08,8.137345314025879,15.166502952575684,15.452550888061523,15.124788284301758,15.124788284301758,1180501
2001-06-11,8.188504219055176,15.261853218078613,15.494267463684082,15.100951194763184,15.208218574523926,3299866
2001-06-12,8.182107925415039,15.249934196472168,15.476388931274414,15.226097106933594,15.321446418762207,1137376
2001-06-13,8.201292991638184,15.285690307617188,15.506184577941895,15.202259063720703,15.339323997497559,1514935
2001-06-14,8.019042015075684,14.94600772857666,15.285690307617188,14.94600772857666,15.285690307617188,519018
2001-06-15,7.939108371734619,14.797024726867676,15.184380531311035,14.65995979309082,15.089032173156738,1266417
2001-06-18,7.983868598937988,14.880455017089844,14.957926750183105,14.808942794799805,14.808942794799805,1355689
2001-06-19,8.031829833984375,14.969844818115234,15.178421974182129,14.916211128234863,14.999642372131348,794049
2001-06-20,8.252453804016113,15.381038665771484,15.643250465393066,14.91025161743164,14.91025161743164,1377167
2001-06-21,8.341978073120117,15.547901153564453,15.941217422485352,15.351243019104004,15.494267463684082,1353004
2001-06-22,8.121357917785645,15.136707305908203,16.054443359375,14.761268615722656,15.941217422485352,1968005
2001-06-25,8.102174758911133,15.100951194763184,15.601534843444824,15.077113151550293,15.077113151550293,1210202
2001-06-26,8.42510986328125,15.702842712402344,15.863744735717773,14.749349594116211,14.951967239379883,2294216
2001-06-27,8.664909362792969,16.14979362487793,16.28685760498047,15.643250465393066,15.702842712402344,1336223
2001-06-28,9.272418022155762,17.282066345214844,17.31782341003418,16.268980026245117,16.53714942932129,2708189
2001-06-29,8.92070484161377,16.62653923034668,17.192676544189453,16.477556228637695,17.192676544189453,1680222
2001-07-02,9.083769798278809,16.930465698242188,17.40125274658203,16.811279296875,16.83511734008789,1653876
2001-07-03,9.170096397399902,17.091367721557617,17.127124786376953,16.841075897216797,17.079448699951172,686486
2001-07-05,9.198874473571777,17.145002365112305,17.323781967163086,17.007936477661133,17.055612564086914,987359
2001-07-06,8.975054740905762,16.727848052978516,17.31186294555664,16.715930938720703,17.282066345214844,1037197
2001-07-09,9.224458694458008,17.192676544189453,17.431049346923828,16.83511734008789,16.83511734008789,1274639
2001-07-10,9.157312393188477,17.06753158569336,17.31186294555664,16.83511734008789,17.103286743164062,1308871
2001-07-11,9.371533393859863,17.466806411743164,17.72305679321289,17.186716079711914,17.186716079711914,2494910
2001-07-12,9.566569328308105,17.830324172973633,17.836284637451172,17.431049346923828,17.466806411743164,2759201
2001-07-13,9.448270797729492,17.609830856323242,17.830324172973633,17.47872543334961,17.580032348632812,2182123
2001-07-16,9.803181648254395,18.271316528320312,18.360706329345703,17.63962745666504,17.758813858032227,1417273
2001-07-17,10.228434562683105,19.063907623291016,19.36783218383789,18.271316528320312,18.271316528320312,4044244
2001-07-18,9.892707824707031,18.43817710876465,18.93876075744629,18.29515266418457,18.920883178710938,2129265
2001-07-19,9.908699989318848,18.467973709106445,18.8851261138916,18.354747772216797,18.587160110473633,614330
2001-07-20,10.113325119018555,18.8493709564209,18.920883178710938,18.444137573242188,18.47393226623535,1095257
2001-07-23,10.180473327636719,18.974517822265625,19.135419845581055,18.628875732421875,18.73018455505371,1428851
2001-07-24,9.796785354614258,18.259397506713867,18.831493377685547,17.9971866607666,18.82553482055664,1544132
2001-07-25,9.815970420837402,18.29515266418457,18.324949264526367,17.58599281311035,18.175966262817383,1186039
2001-07-26,9.74563217163086,18.164047241210938,18.187885284423828,17.788610458374023,17.878000259399414,1150129
2001-07-27,9.28200912475586,17.299945831298828,17.937593460083008,17.258228302001953,17.937593460083008,2128762
2001-07-30,9.560178756713867,17.81840705871582,17.878000259399414,17.371456146240234,17.52043914794922,1640284
2001-07-31,9.560178756713867,17.81840705871582,18.086576461791992,17.687301635742188,17.848203659057617,621882
2001-08-01,9.582560539245605,17.860122680664062,17.9614315032959,17.45488739013672,17.699220657348633,639837
2001-08-02,9.496234893798828,17.699220657348633,17.901836395263672,17.627708435058594,17.776691436767578,705280
2001-08-03,9.6593017578125,18.003145217895508,18.056779861450195,17.603870391845703,17.72305679321289,604094
2001-08-06,9.54419994354248,17.788610458374023,17.967390060424805,17.514480590820312,17.937593460083008,448372
2001-08-07,8.616951942443848,16.06040382385254,16.388166427612305,15.702842712402344,15.79223346710205,6186262
2001-08-08,8.799202919006348,16.40008544921875,16.435840606689453,16.14979362487793,16.14979362487793,2613044
2001-08-09,8.975054740905762,16.727848052978516,16.92450714111328,16.23918342590332,16.394126892089844,2430641
2001-08-10,8.88873291015625,16.56694793701172,17.03773307800293,16.555028915405273,16.8768310546875,1506544
2001-08-13,8.799202919006348,16.40008544921875,16.7457275390625,16.251102447509766,16.56098747253418,1055991
2001-08-14,8.78001594543457,16.364328384399414,16.668254852294922,16.23918342590332,16.507352828979492,1462748
2001-08-15,8.728862762451172,16.268980026245117,16.4477596282959,16.197467803955078,16.4477596282959,936850
2001-08-16,8.978253364562988,16.733808517456055,16.775522232055664,16.251102447509766,16.358369827270508,1566954
2001-08-17,8.85675048828125,16.507352828979492,16.83511734008789,16.459678649902344,16.614620208740234,944233
2001-08-20,8.997438430786133,16.769563674926758,16.799360275268555,16.23918342590332,16.507352828979492,879125
2001-08-21,9.019821166992188,16.811279296875,17.03773307800293,16.72188949584961,16.984100341796875,886005
2001-08-22,8.923897743225098,16.63249969482422,16.960262298583984,16.388166427612305,16.960262298583984,1403513
2001-08-23,9.032613754272461,16.83511734008789,16.918546676635742,16.4477596282959,16.686132431030273,1333706
2001-08-24,9.131731033325195,17.019855499267578,17.04369354248047,16.596742630004883,16.715930938720703,878957
2001-08-27,9.019821166992188,16.811279296875,17.10924530029297,16.76360511779785,16.92450714111328,432767
2001-08-28,8.92070484161377,16.62653923034668,17.025814056396484,16.51331329345703,16.7457275390625,1000615
2001-08-29,9.039005279541016,16.847034454345703,16.92450714111328,16.596742630004883,16.680173873901367,577078
2001-08-30,9.189285278320312,17.127124786376953,17.460847854614258,16.775522232055664,16.775522232055664,1871518
2001-08-31,9.150914192199707,17.055612564086914,17.52043914794922,16.99601936340332,17.24631118774414,1103479
2001-09-04,9.221257209777832,17.186716079711914,17.371456146240234,17.055612564086914,17.282066345214844,877951
2001-09-05,9.218063354492188,17.180757522583008,17.305904388427734,16.92450714111328,17.216514587402344,898423
2001-09-06,8.859951972961426,16.51331329345703,17.192676544189453,16.477556228637695,17.091367721557617,751930
2001-09-07,8.59776496887207,16.024646759033203,16.51331329345703,15.851826667785645,16.51331329345703,900604
2001-09-10,8.584980010986328,16.000810623168945,16.268980026245117,15.613452911376953,15.613452911376953,633125
2001-09-17,7.9518961906433105,14.82086181640625,15.351243019104004,14.481180191040039,15.345282554626465,1360051
2001-09-18,8.019042015075684,14.94600772857666,15.077113151550293,14.451382637023926,14.802984237670898,1293098
2001-09-19,7.67692232131958,14.308359146118164,14.850659370422363,13.766059875488281,14.797024726867676,2009285
2001-09-20,7.926316738128662,14.773186683654785,14.773186683654785,13.813735008239746,14.302399635314941,2770109
2001-09-21,8.092578887939453,15.083072662353516,15.19629955291748,14.153416633605957,14.302399635314941,2862904
2001-09-24,8.409126281738281,15.673047065734863,16.388166427612305,15.494267463684082,16.388166427612305,1554872
2001-09-25,8.319597244262695,15.506184577941895,15.911419868469238,15.434673309326172,15.494267463684082,2118693
2001-09-26,8.338780403137207,15.541940689086914,16.030607223510742,15.470429420471191,15.512145042419434,1371630
2001-09-27,8.297208786010742,15.464469909667969,15.643250465393066,15.315486907958984,15.541940689086914,1183857
2001-09-28,8.39313793182373,15.643250465393066,15.643250465393066,15.404876708984375,15.464469909667969,1382537
2001-10-01,8.15653133392334,15.202259063720703,15.559819221496582,14.957926750183105,15.55385971069336,816199
2001-10-02,8.242857933044434,15.363161087036133,15.363161087036133,15.136707305908203,15.202259063720703,1142074
2001-10-03,9.051797866821289,16.870872497558594,16.954303741455078,15.494267463684082,15.494267463684082,2585692
2001-10-04,9.374732971191406,17.47276496887207,17.806488037109375,16.823198318481445,16.870872497558594,2500447
2001-10-05,9.554030418395996,17.782651901245117,17.782651901245117,17.341659545898438,17.460847854614258,1480367
2001-10-08,9.381139755249023,17.460847854614258,17.79456901550293,17.323781967163086,17.782651901245117,1506712
2001-10-09,9.182626724243164,17.091367721557617,17.460847854614258,16.97218132019043,17.460847854614258,1487918
2001-10-10,9.46117877960205,17.609830856323242,17.63962745666504,17.15692138671875,17.210554122924805,863184
2001-10-11,9.605260848999023,17.878000259399414,17.943553924560547,17.556196212768555,17.609830856323242,1099116
2001-10-12,9.637277603149414,17.937593460083008,17.9971866607666,17.52043914794922,17.878000259399414,688668
2001-10-15,9.637277603149414,17.937593460083008,18.080617904663086,17.788610458374023,17.88991928100586,1331525
2001-10-16,9.71091365814209,18.074657440185547,18.098495483398438,17.878000259399414,18.0269832611084,878790
2001-10-17,9.46757984161377,17.621749877929688,18.20576286315918,17.52043914794922,17.925674438476562,1349815
2001-10-18,9.573244094848633,17.81840705871582,17.901836395263672,17.54427719116211,17.609830856323242,456763
2001-10-19,9.666093826293945,17.991226196289062,18.11637306213379,17.568115234375,17.788610458374023,529757
2001-10-22,9.653286933898926,17.967390060424805,18.021024703979492,17.72901725769043,17.878000259399414,514151
2001-10-23,9.742932319641113,18.13425064086914,18.402421951293945,17.63962745666504,17.88395881652832,909498
2001-10-24,9.650079727172852,17.9614315032959,18.217681884765625,17.81840705871582,18.11637306213379,553921
2001-10-25,9.758943557739258,18.164047241210938,18.170007705688477,17.61578941345215,17.81244659423828,318324
2001-10-26,9.98306655883789,18.581201553344727,18.700387954711914,18.074657440185547,18.283235549926758,1101130
2001-10-29,9.915830612182617,18.4560546875,18.652713775634766,18.360706329345703,18.47393226623535,1666797
2001-10-30,9.669293403625488,17.9971866607666,18.47393226623535,17.878000259399414,18.4560546875,1566954
2001-10-31,10.252008438110352,19.081785202026367,19.355915069580078,18.920883178710938,19.30824089050293,3519689
2001-11-01,10.063112258911133,18.73018455505371,18.920883178710938,18.450096130371094,18.47393226623535,2971977
2001-11-02,10.133546829223633,18.861289978027344,19.040069580078125,18.628875732421875,18.736143112182617,1309542
2001-11-05,10.130345344543457,18.855331420898438,19.063907623291016,18.47393226623535,18.950679779052734,1287057
2001-11-06,10.268024444580078,19.111581802368164,19.18905258178711,18.64079475402832,18.861289978027344,1102137
2001-11-07,10.245607376098633,19.069866180419922,19.09966278076172,18.771900177001953,19.010272979736328,614498
2001-11-08,10.181571960449219,18.950679779052734,19.022192001342773,18.742103576660156,18.831493377685547,988366
2001-11-09,10.021489143371582,18.652713775634766,18.95663833618164,18.354747772216797,18.920883178710938,954637
2001-11-12,10.050299644470215,18.70634651184082,18.7838191986084,18.11637306213379,18.658672332763672,474382
2001-11-13,10.05350399017334,18.71230697631836,18.855331420898438,18.414339065551758,18.70634651184082,1067401
2001-11-14,10.133546829223633,18.861289978027344,18.944721221923828,18.402421951293945,18.71230697631836,1248462
2001-11-15,10.181571960449219,18.950679779052734,19.12350082397461,18.652713775634766,18.742103576660156,989708
2001-11-16,9.845390319824219,18.324949264526367,18.98047637939453,18.056779861450195,18.95663833618164,1185871
2001-11-19,9.941442489624023,18.50373077392578,18.593120574951172,18.032943725585938,18.324949264526367,751091
2001-11-20,9.928638458251953,18.47989273071289,18.682510375976562,18.175966262817383,18.324949264526367,829623
2001-11-21,9.877406120300293,18.38454246520996,18.444137573242188,18.015064239501953,18.330909729003906,377391
2001-11-23,9.848590850830078,18.330909729003906,18.43817710876465,18.11637306213379,18.38454246520996,305235
2001-11-26,9.845390319824219,18.324949264526367,18.414339065551758,17.937593460083008,18.330909729003906,787504
2001-11-27,9.730125427246094,18.110414505004883,18.235559463500977,17.90779685974121,18.235559463500977,1117071
2001-11-28,9.75253963470459,18.152128219604492,18.20576286315918,17.9971866607666,18.056779861450195,1520808
2001-11-29,9.771749496459961,18.187885284423828,18.432218551635742,18.086576461791992,18.20576286315918,642354
2001-11-30,9.84218692779541,18.31899070739746,18.31899070739746,17.919715881347656,18.146169662475586,957490
2001-12-03,9.938241004943848,18.497770309448242,18.73018455505371,17.88395881652832,18.175966262817383,1080993
2001-12-04,10.312844276428223,19.19501304626465,19.224809646606445,18.50373077392578,18.52756690979004,1215908
2001-12-05,10.860343933105469,20.214059829711914,20.440513610839844,19.665800094604492,19.665800094604492,1965992
2001-12-06,10.693854331970215,19.904172897338867,20.45243263244629,19.904172897338867,20.410717010498047,1255677
2001-12-07,10.770694732666016,20.047197341918945,20.142547607421875,19.07582664489746,19.78498649597168,1268263
2001-12-10,10.911577224731445,20.30940818786621,20.619293212890625,20.118709564208984,20.19618034362793,992561
2001-12-11,11.071657180786133,20.60737419128418,20.750398635864258,20.17234230041504,20.30940818786621,1034847
2001-12-12,10.754691123962402,20.01740074157715,20.60737419128418,19.731353759765625,20.60737419128418,1505538
2001-12-13,10.962801933288574,20.404756546020508,20.500106811523438,19.78498649597168,19.96376609802246,1020752
2001-12-14,11.641572952270508,21.668136596679688,21.960142135620117,20.3987979888916,20.3987979888916,4041392
2001-12-17,11.542316436767578,21.483396530151367,22.329622268676758,21.394006729125977,21.668136596679688,2672279
2001-12-18,11.558327674865723,21.513193130493164,21.781362533569336,21.262901306152344,21.519153594970703,1200973
2001-12-19,11.439866065979004,21.29269790649414,21.70389175415039,21.096040725708008,21.513193130493164,1566450
2001-12-20,11.247756004333496,20.935138702392578,21.691972732543945,20.917259216308594,21.304616928100586,1184528
2001-12-21,11.414249420166016,21.245023727416992,21.417844772338867,20.887462615966797,20.887462615966797,1299978
2001-12-24,11.439866065979004,21.29269790649414,21.483396530151367,21.227144241333008,21.471477508544922,224690
2001-12-26,11.516704559326172,21.43572235107422,21.513193130493164,21.167552947998047,21.215227127075195,412127
2001-12-27,11.5263090133667,21.45359992980957,21.63237953186035,21.31653594970703,21.495315551757812,560465
2001-12-28,11.571135520935059,21.537031173706055,21.608543395996094,21.245023727416992,21.394006729125977,647052
2001-12-31,11.334205627441406,21.096040725708008,21.423803329467773,20.857667922973633,21.394006729125977,1022765
2002-01-02,11.196526527404785,20.83978843688965,21.370168685913086,20.55970001220703,21.215227127075195,857646
2002-01-03,11.535913467407227,21.471477508544922,21.471477508544922,20.619293212890625,20.827869415283203,1934445
2002-01-04,12.214686393737793,22.7348575592041,22.877880096435547,21.751567840576172,21.751567840576172,2141179
2002-01-07,11.910521507263184,22.168720245361328,22.854042053222656,21.989940643310547,22.585872650146484,1580546
2002-01-08,11.907317161560059,22.162761688232422,22.556076049804688,21.960142135620117,22.162761688232422,1297293
2002-01-09,11.942534446716309,22.228313446044922,22.335580825805664,22.109127044677734,22.287906646728516,873755
2002-01-10,11.974554061889648,22.287906646728516,22.514360427856445,22.228313446044922,22.27598762512207,676754
2002-01-11,12.009778022766113,22.353458404541016,22.657384872436523,22.34749984741211,22.34749984741211,711657
2002-01-14,11.897708892822266,22.144882202148438,22.407093048095703,22.132963180541992,22.287906646728516,442164
2002-01-15,11.984161376953125,22.305784225463867,22.317703247070312,21.995899200439453,22.144882202148438,1009005
2002-01-16,11.891310691833496,22.132963180541992,22.728897094726562,22.085289001464844,22.39517593383789,881810
2002-01-17,12.211484909057617,22.728897094726562,22.877880096435547,22.04953384399414,22.04953384399414,1492952
2002-01-18,12.176267623901367,22.663345336914062,22.78253173828125,22.228313446044922,22.27598762512207,1855073
2002-01-22,12.413195610046387,23.10433578491211,23.24139976501465,22.824247360229492,22.824247360229492,2110974
2002-01-23,12.483634948730469,23.235441207885742,23.33078956604004,23.12221336364746,23.12221336364746,1767647
2002-01-24,12.365163803100586,23.014944076538086,23.235441207885742,22.746774673461914,23.235441207885742,1802551
2002-01-25,12.0225830078125,22.377296447753906,23.014944076538086,22.198516845703125,23.014944076538086,1676362
2002-01-28,12.006571769714355,22.34749984741211,22.740816116333008,22.287906646728516,22.383256912231445,1544468
2002-01-29,11.904112815856934,22.156801223754883,22.64546775817871,22.085289001464844,22.466686248779297,1204497
2002-01-30,12.630913734436035,23.50956916809082,23.71814727783203,22.770612716674805,22.94343376159668,2419398
2002-01-31,13.191222190856934,24.552452087402344,24.61204719543457,23.747943878173828,23.777740478515625,2929355
2002-02-01,12.794207572937012,23.813495635986328,24.331958770751953,23.67047119140625,24.188934326171875,1841313
2002-02-04,12.807011604309082,23.83733367919922,24.010154724121094,23.569162368774414,23.658552169799805,1582560
2002-02-05,12.947885513305664,24.099544525146484,24.31407928466797,23.640674591064453,23.83733367919922,990379
2002-02-06,12.678936004638672,23.598960876464844,23.96843910217285,23.545326232910156,23.96843910217285,1195939
2002-02-07,12.800602912902832,23.825414657592773,23.86117172241211,23.247358322143555,23.62875747680664,1567793
2002-02-08,12.861441612243652,23.938642501831055,24.43326759338379,23.634716033935547,23.819454193115234,1427509
2002-02-11,13.216839790344238,24.600128173828125,24.731233596801758,23.78369903564453,23.83733367919922,2197058
2002-02-12,13.005521774291992,24.206811904907227,24.492860794067383,24.11146354675293,24.486900329589844,1776541
2002-02-13,12.995915412902832,24.188934326171875,24.373672485351562,24.075706481933594,24.19489288330078,1603535
2002-02-14,13.271267890930176,24.70143699645996,24.99940299987793,24.12934112548828,24.12934112548828,1449155
2002-02-15,13.133591651916504,24.4451847076416,24.880216598510742,24.3438777923584,24.70143699645996,1559235
2002-02-19,13.175212860107422,24.52265739440918,24.731233596801758,24.4094295501709,24.492860794067383,1675691
2002-02-20,13.38332748413086,24.91001319885254,25.09475326538086,24.373672485351562,24.51669692993164,1580714
2002-02-21,13.485782623291016,25.100711822509766,25.619173049926758,24.91001319885254,24.91001319885254,1568296
2002-02-22,13.620250701904297,25.351003646850586,25.52382469177246,24.939809799194336,25.029199600219727,1409386
2002-02-25,13.799552917480469,25.68472671508789,25.762197494506836,25.392719268798828,25.41655731201172,877279
2002-02-26,13.62346076965332,25.356962203979492,25.863506317138672,25.309289932250977,25.625133514404297,1187717
2002-02-27,13.620250701904297,25.351003646850586,25.68472671508789,25.154346466064453,25.36292266845703,1366596
2002-02-28,13.537008285522461,25.196060180664062,25.791994094848633,25.190101623535156,25.535743713378906,1230842
2002-03-01,13.684287071228027,25.470190048217773,25.565540313720703,25.118589401245117,25.2675724029541,636145
2002-03-04,13.943634986877441,25.952896118164062,26.41176414489746,25.83966827392578,25.863506317138672,1330686
2002-03-05,13.764336585998535,25.619173049926758,26.209148406982422,25.61321449279785,26.042287826538086,1058340
2002-03-06,14.08770751953125,26.221067428588867,26.608423233032227,25.625133514404297,25.744319915771484,1287560
2002-03-07,13.55942153930664,25.237777709960938,26.519033432006836,25.09475326538086,26.519033432006836,2240016
2002-03-08,13.06314754486084,24.31407928466797,25.207979202270508,23.682390213012695,25.029199600219727,4281519
2002-03-11,12.422801971435547,23.12221336364746,24.43326759338379,22.94343376159668,24.165096282958984,3245329
2002-03-12,11.977754592895508,22.293865203857422,23.128173828125,22.04953384399414,22.728897094726562,5127923
2002-03-13,12.038586616516113,22.407093048095703,23.157968521118164,21.870752334594727,21.989940643310547,5173565
2002-03-14,12.31074333190918,22.913637161254883,22.991107940673828,22.466686248779297,22.466686248779297,2473934
2002-03-15,12.483634948730469,23.235441207885742,23.366546630859375,22.889799118041992,23.08049774169922,1836279
2002-03-18,12.630913734436035,23.50956916809082,23.53936767578125,23.300992965698242,23.53936767578125,2141850
2002-03-19,12.573282241821289,23.402301788330078,23.62875747680664,23.199684143066406,23.503610610961914,1210538
2002-03-20,12.59890079498291,23.44997787475586,23.53340721130371,23.157968521118164,23.408260345458984,873420
2002-03-21,12.217885971069336,22.740816116333008,23.777740478515625,22.603750228881836,23.777740478515625,1545139
2002-03-22,12.10903263092041,22.538198471069336,23.62875747680664,22.162761688232422,23.598960876464844,5982381
2002-03-25,11.85929012298584,22.07337188720703,22.80636978149414,21.751567840576172,22.585872650146484,2839747
2002-03-26,12.320347785949707,22.931514739990234,23.068578720092773,22.192556381225586,22.407093048095703,2096543
2002-03-27,12.710958480834961,23.658552169799805,23.759862899780273,23.003026962280273,23.003026962280273,1750699
2002-03-28,12.995915412902832,24.188934326171875,24.582250595092773,23.527448654174805,24.582250595092773,3184417
2002-04-01,12.470827102661133,23.21160316467285,23.843292236328125,22.889799118041992,23.83733367919922,1439255
2002-04-02,12.240302085876465,22.78253173828125,23.14605140686035,22.699100494384766,22.794450759887695,1501007
2002-04-03,11.952144622802734,22.246191024780273,22.377296447753906,21.215227127075195,22.34749984741211,5817765
2002-04-04,12.253107070922852,22.80636978149414,22.8302059173584,22.0435733795166,22.25811004638672,1398479
2002-04-05,12.563673973083496,23.384424209594727,23.46785545349121,22.80636978149414,22.80636978149414,3175355
2002-04-08,12.656624794006348,23.53340721130371,23.688350677490234,23.092416763305664,23.360586166381836,2567569
2002-04-09,12.810462951660156,23.819454193115234,23.986316680908203,23.598960876464844,23.688350677490234,1163553
2002-04-10,12.88097095489502,23.9505615234375,24.02207374572754,23.658552169799805,23.807537078857422,1653205
2002-04-11,12.755979537963867,23.71814727783203,24.278324127197266,23.658552169799805,23.867130279541016,1818995
2002-04-12,12.820082664489746,23.83733367919922,24.099544525146484,23.730064392089844,23.801576614379883,1855577
2002-04-15,12.791236877441406,23.78369903564453,23.956520080566406,23.747943878173828,23.83733367919922,879125
2002-04-16,12.627777099609375,23.479772567749023,23.83733367919922,23.360586166381836,23.807537078857422,1111366
2002-04-17,12.473936080932617,23.1937255859375,23.44997787475586,23.050701141357422,23.33078956604004,815863
2002-04-18,12.445090293884277,23.140090942382812,23.414220809936523,23.068578720092773,23.12221336364746,1241078
2002-04-19,12.435478210449219,23.12221336364746,23.21756362915039,22.842124938964844,23.21756362915039,754111
2002-04-22,12.634188652038574,23.49169158935547,23.6227970123291,23.24139976501465,23.33078956604004,1255510
2002-04-23,12.909820556640625,24.004194259643555,24.123380661010742,23.271196365356445,23.50956916809082,1309375
2002-04-24,12.9066162109375,23.99823570251465,24.212770462036133,23.724105834960938,23.92672348022461,1143920
2002-04-25,13.063661575317383,24.29024314880371,24.469022750854492,23.551284790039062,23.99823570251465,1144423
2002-04-26,12.733543395996094,23.67643165588379,24.075706481933594,23.67643165588379,24.03399085998535,1519465
2002-04-29,12.637388229370117,23.497650146484375,23.658552169799805,23.271196365356445,23.598960876464844,939031
2002-04-30,12.788028717041016,23.777740478515625,23.890966415405273,23.521488189697266,23.646635055541992,947925
2002-05-01,12.409835815429688,23.074539184570312,23.777740478515625,22.705059051513672,23.777740478515625,3993903
2002-05-02,12.634188652038574,23.49169158935547,23.625776290893555,22.883840560913086,23.464874267578125,2167357
2002-05-03,12.244775772094727,22.76763343811035,23.375484466552734,22.642486572265625,23.33078956604004,1677816
2002-05-06,12.182282447814941,22.651426315307617,23.09837532043457,22.651426315307617,22.794450759887695,873476
2002-05-07,12.4611177444458,23.16988754272461,23.446996688842773,22.624608993530273,22.794450759887695,1713614
2002-05-08,12.172666549682617,22.633548736572266,23.366546630859375,22.177658081054688,23.24139976501465,1217474
2002-05-09,12.01882553100586,22.34749984741211,22.76763343811035,22.26704978942871,22.52627944946289,996420
2002-05-10,11.860172271728516,22.052513122558594,22.42795181274414,21.95418357849121,22.383256912231445,798971
2002-05-13,11.951519012451172,22.222354888916016,22.329622268676758,21.85585594177246,22.124025344848633,983108
2002-05-14,11.970754623413086,22.25811004638672,22.61566925048828,21.882671356201172,22.079330444335938,1467614
2002-05-15,11.99478530883789,22.302804946899414,22.61566925048828,22.10614776611328,22.302804946899414,1291979
2002-05-16,11.8217134475708,21.981000900268555,22.34749984741211,21.882671356201172,22.293865203857422,793601
2002-05-17,12.119787216186523,22.535219192504883,22.61566925048828,21.811159133911133,21.811159133911133,1399821
2002-05-20,12.042867660522461,22.392194747924805,22.535219192504883,22.132963180541992,22.481584548950195,1079875
2002-05-21,12.19189739227295,22.66930389404297,22.705059051513672,22.25811004638672,22.52627944946289,1137935
2002-05-22,12.095745086669922,22.490524291992188,22.83914566040039,22.302804946899414,22.785511016845703,865197
2002-05-23,12.105354309082031,22.50840187072754,22.535219192504883,21.989940643310547,22.392194747924805,708692
2002-05-24,12.033246040344238,22.374317169189453,22.660364151000977,22.34749984741211,22.392194747924805,540776
2002-05-28,11.797680854797363,21.93630599975586,22.481584548950195,21.909488677978516,22.374317169189453,1425998
2002-05-29,11.99959659576416,22.311744689941406,22.445829391479492,21.981000900268555,21.981000900268555,1036805
2002-05-30,12.004403114318848,22.320682525634766,22.651426315307617,22.079330444335938,22.36537742614746,1643249
2002-05-31,12.081313133239746,22.463706970214844,22.472646713256836,22.195537567138672,22.34749984741211,969795
2002-06-03,11.76402473449707,21.873733520507812,22.472646713256836,21.820098876953125,22.249170303344727,735765
2002-06-04,11.711141586303711,21.77540397644043,22.302804946899414,21.668136596679688,22.09720802307129,799866
2002-06-05,12.05247688293457,22.410072326660156,22.61566925048828,21.811159133911133,21.829038619995117,1386732
2002-06-06,12.114972114562988,22.52627944946289,23.062620162963867,22.392194747924805,22.535219192504883,917552
2002-06-07,12.2736177444458,22.821266174316406,23.017925262451172,22.401134490966797,22.52627944946289,773241
2002-06-10,12.321703910827637,22.91065788269043,23.107315063476562,22.705059051513672,22.92853546142578,2532498
2002-06-11,12.4611177444458,23.16988754272461,23.402301788330078,23.07155990600586,23.24139976501465,1816646
2002-06-12,12.42265796661377,23.09837532043457,23.536386489868164,22.92853546142578,23.16988754272461,1821233
2002-06-13,12.40343189239502,23.062620162963867,23.18776512145996,22.8302059173584,22.8302059173584,1168028
2002-06-14,12.31208324432373,22.892778396606445,23.035802841186523,22.401134490966797,22.92853546142578,1311332
2002-06-17,12.619767189025879,23.464874267578125,23.59002113342285,22.883840560913086,22.892778396606445,916881
2002-06-18,12.91783332824707,24.019092559814453,24.224689483642578,23.554264068603516,23.554264068603516,1602640
2002-06-19,13.172632217407227,24.492860794067383,24.975566864013672,23.777740478515625,23.840312957763672,2414364
2002-06-20,12.951484680175781,24.081666946411133,24.618005752563477,23.777740478515625,24.582250595092773,1606108
2002-06-21,12.081313133239746,22.463706970214844,23.688350677490234,22.213415145874023,23.464874267578125,3662714
2002-06-24,11.55730152130127,21.489355087280273,22.034635543823242,20.96195411682129,22.034635543823242,2924936
2002-06-25,11.264039993286133,20.944076538085938,21.989940643310547,20.515005111694336,21.578746795654297,2062311
2002-06-26,11.090970993041992,20.622272491455078,20.738479614257812,19.942909240722656,20.649089813232422,1649066
2002-06-27,11.903443336486816,22.132963180541992,22.132963180541992,21.471477508544922,21.85585594177246,2990939
2002-06-28,11.874595642089844,22.079330444335938,22.34749984741211,21.766464233398438,22.124025344848633,2714174
2002-07-01,11.302502632141113,21.015588760375977,22.034635543823242,20.944076538085938,21.94524574279785,1424320
2002-07-02,11.033286094665527,20.515005111694336,21.006650924682617,20.30940818786621,20.8725643157959,1492113
2002-07-03,10.441954612731934,19.415508270263672,20.827869415283203,19.1473388671875,20.693784713745117,2185144
2002-07-05,11.13905143737793,20.71166229248047,20.88150405883789,19.665800094604492,19.665800094604492,593467
2002-07-08,10.850592613220215,20.175323486328125,20.783174514770508,20.112749099731445,20.55970001220703,1189171
2002-07-09,10.417914390563965,19.370813369750977,20.908321380615234,19.183094024658203,20.336225509643555,1535295
2002-07-10,10.63906192779541,19.782007217407227,20.30940818786621,19.31717872619629,19.63898277282715,1569639
2002-07-11,10.470797538757324,19.46914291381836,19.755189895629883,18.91492462158203,19.48702049255371,1203938
2002-07-12,10.095809936523438,18.771900177001953,19.755189895629883,17.788610458374023,19.361873626708984,2780177
2002-07-15,9.951583862304688,18.50373077392578,18.90598487854004,17.20757484436035,18.81659507751465,3161987
2002-07-16,10.17753791809082,18.92386245727539,19.665800094604492,18.146169662475586,18.280254364013672,2773017
2002-07-17,10.129471778869629,18.83447265625,19.80882453918457,18.81659507751465,19.30824089050293,2196331
2002-07-18,10.215994834899902,18.99537467956543,19.55853271484375,18.861289978027344,18.861289978027344,1493344
2002-07-19,9.975622177124023,18.548425674438477,19.2635440826416,18.42327880859375,18.950679779052734,1901779
2002-07-22,9.52371883392334,17.708158493041992,18.682510375976562,17.341659545898438,18.459035873413086,1350039
2002-07-23,9.855435371398926,18.324949264526367,18.49479103088379,17.708158493041992,17.708158493041992,1687996
2002-07-24,10.600600242614746,19.710494995117188,20.246835708618164,17.878000259399414,18.324949264526367,2978633
2002-07-25,11.009243965148926,20.47031021118164,20.827869415283203,19.58534812927246,19.665800094604492,2731402
2002-07-26,10.643876075744629,19.790945053100586,20.246835708618164,19.31717872619629,20.246835708618164,1790245
2002-07-29,11.095784187316895,20.63121223449707,20.729541778564453,20.121688842773438,20.20214080810547,1524779
2002-07-30,11.105392456054688,20.649089813232422,20.95301628112793,20.371980667114258,20.55970001220703,1131782
2002-07-31,11.163087844848633,20.756357192993164,21.36421012878418,20.515005111694336,21.02452850341797,3012194
2002-08-01,10.831365585327148,20.13956642150879,21.096040725708008,20.13956642150879,20.693784713745117,1066003
2002-08-02,10.336187362670898,19.218849182128906,20.112749099731445,18.99537467956543,20.0501766204834,1351270
2002-08-05,10.331382751464844,19.209911346435547,20.112749099731445,19.1473388671875,19.17415428161621,951225
2002-08-06,10.374650001525879,19.290361404418945,19.799884796142578,19.218849182128906,19.218849182128906,1377335
2002-08-07,10.374650001525879,19.290361404418945,19.933969497680664,18.467973709106445,19.88927459716797,1428907
2002-08-08,10.63906192779541,19.782007217407227,19.835641860961914,18.780839920043945,19.32611846923828,1362009
2002-08-09,10.788097381591797,20.05911636352539,20.345163345336914,19.504898071289062,19.782007217407227,602193
2002-08-12,10.87944221496582,20.22895622253418,20.47031021118164,19.692617416381836,20.06805419921875,487974
2002-08-13,10.528485298156738,19.5764102935791,20.336225509643555,19.504898071289062,20.20214080810547,969572
2002-08-14,10.706367492675781,19.90715217590332,19.996543884277344,19.040069580078125,19.5764102935791,939814
2002-08-15,11.312111854553223,21.033466339111328,21.096040725708008,20.04123878479004,20.112749099731445,1002349
2002-08-16,11.211158752441406,20.845748901367188,21.096040725708008,20.523944854736328,20.854686737060547,883991
2002-08-19,11.711141586303711,21.77540397644043,21.77540397644043,20.845748901367188,20.8725643157959,955923
2002-08-20,11.235193252563477,20.890443801879883,21.408905029296875,20.80999183654785,21.408905029296875,1611030
2002-08-21,11.408268928527832,21.212247848510742,21.659196853637695,20.917259216308594,20.944076538085938,1285602
2002-08-22,11.58614444732666,21.54298973083496,21.721769332885742,20.944076538085938,21.096040725708008,1316255
2002-08-23,11.922676086425781,22.168720245361328,22.374317169189453,21.319515228271484,21.319515228271484,1837901
2002-08-26,12.023630142211914,22.3564395904541,22.3564395904541,21.480417251586914,22.168720245361328,1699407
2002-08-27,12.211119651794434,22.705059051513672,22.91065788269043,22.168720245361328,22.338560104370117,1573554
2002-08-28,12.369772911071777,23.00004768371582,23.143070220947266,22.124025344848633,22.490524291992188,2088377
2002-08-29,12.610154151916504,23.446996688842773,23.446996688842773,22.705059051513672,22.821266174316406,1915986
2002-08-30,12.321703910827637,22.91065788269043,23.375484466552734,22.821266174316406,23.375484466552734,886005
2002-09-03,11.696717262268066,21.748586654663086,22.481584548950195,21.605562210083008,22.481584548950195,1170713
2002-09-04,12.014018058776855,22.338560104370117,22.463706970214844,21.489355087280273,21.766464233398438,1183578
2002-09-05,11.77364444732666,21.891611099243164,22.25811004638672,21.560867309570312,22.25811004638672,949435
2002-09-06,11.965940475463867,22.249170303344727,22.302804946899414,21.677074432373047,22.302804946899414,741917
2002-09-09,12.042867660522461,22.392194747924805,22.50840187072754,21.837976455688477,22.177658081054688,825372
2002-09-10,11.634218215942383,21.63237953186035,22.302804946899414,21.507234573364258,22.302804946899414,1122161
2002-09-11,11.56210994720459,21.498294830322266,21.721769332885742,21.319515228271484,21.63237953186035,680054
2002-09-12,11.172698020935059,20.77423667907715,21.417844772338867,20.327285766601562,21.417844772338867,1843830
2002-09-13,11.278462409973145,20.97089385986328,20.988771438598633,20.282590866088867,20.604394912719727,905918
2002-09-16,11.29769515991211,21.006650924682617,21.212247848510742,20.63121223449707,21.051345825195312,699966
2002-09-17,10.889054298400879,20.246835708618164,21.096040725708008,20.13956642150879,21.006650924682617,949547
2002-09-18,11.321736335754395,21.051345825195312,21.239063262939453,19.710494995117188,20.06805419921875,2046873
2002-09-19,11.58614444732666,21.54298973083496,22.124025344848633,21.060283660888672,21.096040725708008,2747063
2002-09-20,11.244818687438965,20.908321380615234,21.54298973083496,20.738479614257812,21.426782608032227,1841034
2002-09-23,11.04770278930664,20.54182243347168,21.096040725708008,20.327285766601562,20.8725643157959,1373867
2002-09-24,11.081356048583984,20.604394912719727,20.72060203552246,19.951847076416016,20.54182243347168,1234143
2002-09-25,11.908248901367188,22.141902923583984,22.18659782409668,20.738479614257812,20.738479614257812,1753440
2002-09-26,12.239967346191406,22.75869369506836,23.00898551940918,21.95418357849121,22.20447540283203,1727710
2002-09-27,11.826523780822754,21.989940643310547,22.61566925048828,21.93630599975586,22.392194747924805,957154
2002-09-30,11.653451919555664,21.668136596679688,21.94524574279785,21.051345825195312,21.94524574279785,1461908
2002-10-01,11.600568771362305,21.569807052612305,21.85585594177246,21.248003005981445,21.712831497192383,2111981
2002-10-02,11.119816780090332,20.675907135009766,21.149673461914062,19.790945053100586,20.336225509643555,3436514
2002-10-03,11.04770278930664,20.54182243347168,20.738479614257812,20.29153060913086,20.506065368652344,1850543
2002-10-04,10.80251693725586,20.085933685302734,20.738479614257812,19.862457275390625,20.577577590942383,1388970
2002-10-07,10.615025520324707,19.73731231689453,20.479248046875,19.55853271484375,20.157445907592773,1473543
2002-10-08,11.13517951965332,20.666967391967773,20.827869415283203,19.844579696655273,20.336225509643555,1966327
2002-10-09,10.759513854980469,19.9697265625,20.479248046875,19.81776237487793,20.47031021118164,1007831
2002-10-10,10.566861152648926,19.612165451049805,20.06805419921875,17.699220657348633,19.2635440826416,3285379
2002-10-11,11.236322402954102,20.854686737060547,21.140735626220703,20.112749099731445,21.006650924682617,1873140
2002-10-14,11.486767768859863,21.319515228271484,21.721769332885742,20.63121223449707,20.747419357299805,967110
2002-10-15,11.583096504211426,21.498294830322266,22.570974349975586,21.02452850341797,22.34749984741211,1798747
2002-10-16,11.308560371398926,20.988771438598633,21.498294830322266,20.604394912719727,21.498294830322266,1206511
2002-10-17,11.08220100402832,20.568639755249023,21.54298973083496,20.3987979888916,21.54298973083496,2309095
2002-10-18,11.043669700622559,20.497127532958984,20.63121223449707,19.933969497680664,20.568639755249023,2514487
2002-10-21,11.337467193603516,21.04240608215332,21.12285614013672,19.88927459716797,20.497127532958984,1988142
2002-10-22,11.197794914245605,20.783174514770508,21.54298973083496,20.577577590942383,21.04240608215332,1520304
2002-10-23,11.33264446258545,21.033466339111328,21.212247848510742,20.47031021118164,20.515005111694336,1042063
2002-10-24,11.192975044250488,20.77423667907715,21.43572235107422,20.649089813232422,21.346332550048828,830854
2002-10-25,11.390448570251465,21.140735626220703,21.265880584716797,20.336225509643555,20.336225509643555,539770
2002-10-28,11.087018966674805,20.577577590942383,21.52511215209961,20.336225509643555,21.27482032775879,1184361
2002-10-29,11.03885555267334,20.488187789916992,20.586517333984375,19.826702117919922,20.577577590942383,1469516
2002-10-30,9.63732624053955,17.886938095092773,18.977497100830078,17.448928833007812,17.976329803466797,9448260
2002-10-31,9.141250610351562,16.966222763061523,18.19086456298828,16.62653923034668,17.92269515991211,6978969
2002-11-01,8.958234786987305,16.62653923034668,17.162879943847656,16.331552505493164,16.984100341796875,4128314
2002-11-04,8.91007137298584,16.53714942932129,17.180757522583008,16.38518714904785,16.85001564025879,3057165
2002-11-05,9.01602840423584,16.733808517456055,16.77850341796875,16.090200424194336,16.608661651611328,3862401
2002-11-06,9.430227279663086,17.502561569213867,17.842243194580078,16.724868774414062,16.93940544128418,3711153
2002-11-07,9.362799644470215,17.377416610717773,17.878000259399414,17.001977920532227,17.11818504333496,2111086
2002-11-08,9.174969673156738,17.02879524230957,17.654525756835938,16.85001564025879,16.93940544128418,1219040
2002-11-11,9.232760429382324,17.136062622070312,17.663463592529297,16.894710540771484,17.654525756835938,2062647
2002-11-12,9.237574577331543,17.145002365112305,17.341659545898438,16.86789321899414,17.20757484436035,1441996
2002-11-13,9.2086763381958,17.091367721557617,17.17181968688965,16.85001564025879,16.984100341796875,2305068
2002-11-14,9.536187171936035,17.699220657348633,17.878000259399414,17.305904388427734,17.431049346923828,1931424
2002-11-15,9.63250732421875,17.878000259399414,18.074657440185547,17.609830856323242,17.609830856323242,2720103
2002-11-18,9.63250732421875,17.878000259399414,18.056779861450195,17.743915557861328,17.878000259399414,1577470
2002-11-19,9.752918243408203,18.10147476196289,18.271316528320312,17.699220657348633,17.85118293762207,1265913
2002-11-20,9.921485900878906,18.414339065551758,18.700387954711914,17.797548294067383,18.10147476196289,1665399
2002-11-21,10.258622169494629,19.040069580078125,19.183094024658203,18.50373077392578,18.50373077392578,1796845
2002-11-22,10.273072242736816,19.06688690185547,19.522775650024414,19.01325225830078,19.022192001342773,1986576
2002-11-25,10.422377586364746,19.343996047973633,19.665800094604492,19.08476448059082,19.129459381103516,1483164
2002-11-26,10.277887344360352,19.07582664489746,19.388690948486328,19.049009323120117,19.218849182128906,1349927
2002-11-27,10.460904121398926,19.415508270263672,19.415508270263672,18.959619522094727,19.17415428161621,788455
2002-11-29,10.417558670043945,19.33505630493164,19.531715393066406,19.049009323120117,19.48702049255371,446806
2002-12-02,10.480167388916016,19.451263427734375,19.665800094604492,19.361873626708984,19.442325592041016,1062535
2002-12-03,9.921485900878906,18.414339065551758,18.700387954711914,18.324949264526367,18.324949264526367,2362792
2002-12-04,9.940751075744629,18.450096130371094,18.843412399291992,18.235559463500977,18.324949264526367,1116680
2002-12-05,9.960016250610352,18.485851287841797,18.682510375976562,18.208742141723633,18.67357063293457,793265
2002-12-06,10.00817584991455,18.575241088867188,18.682510375976562,18.324949264526367,18.369644165039062,722676
2002-12-09,9.974458694458008,18.51266860961914,18.727205276489258,18.110414505004883,18.4411563873291,677369
2002-12-10,9.945563316345215,18.459035873413086,18.548425674438477,18.056779861450195,18.459035873413086,826043
2002-12-11,9.82516098022461,18.235559463500977,18.33388900756836,18.09253692626953,18.19086456298828,997315
2002-12-12,9.878134727478027,18.33388900756836,18.58418083190918,18.235559463500977,18.316011428833008,965209
2002-12-13,9.820345878601074,18.226621627807617,18.432218551635742,18.226621627807617,18.307071685791016,1581385
2002-12-16,9.728836059570312,18.056779861450195,18.485851287841797,17.869060516357422,18.360706329345703,1583287
2002-12-17,9.44467830657959,17.52937889099121,17.878000259399414,16.984100341796875,17.797548294067383,2078532
2002-12-18,9.858878135681152,18.298133850097656,18.467973709106445,17.431049346923828,17.431049346923828,2536973
2002-12-19,9.767361640930176,18.128292083740234,18.432218551635742,17.949512481689453,18.19086456298828,1429914
2002-12-20,10.022621154785156,18.60205841064453,18.682510375976562,18.137231826782227,18.137231826782227,2516277
2002-12-23,10.037073135375977,18.628875732421875,18.879167556762695,18.414339065551758,18.593120574951172,1093523
2002-12-24,10.041891098022461,18.637815475463867,18.727205276489258,18.548425674438477,18.593120574951172,503188
2002-12-26,10.056341171264648,18.66463279724121,18.932802200317383,18.548425674438477,18.637815475463867,1164000
2002-12-27,9.854055404663086,18.289194107055664,18.593120574951172,18.217681884765625,18.369644165039062,853451
2002-12-30,9.791444778442383,18.17298698425293,18.530546188354492,18.0120849609375,18.19086456298828,1055823
2002-12-31,9.849238395690918,18.280254364013672,18.485851287841797,18.119352340698242,18.280254364013672,934109
2003-01-02,10.301966667175293,19.120521545410156,19.120521545410156,18.34282875061035,18.35176658630371,1477682
2003-01-03,10.566861152648926,19.612165451049805,20.157445907592773,19.272483825683594,19.88927459716797,2836895
2003-01-06,10.725799560546875,19.90715217590332,20.04123878479004,19.460203170776367,19.49595832824707,1249469
2003-01-07,10.807680130004883,20.05911636352539,20.29153060913086,19.5764102935791,19.665800094604492,1701644
2003-01-08,10.884736061096191,20.20214080810547,20.273651123046875,20.014421463012695,20.175323486328125,2165231
2003-01-09,11.01959228515625,20.45243263244629,20.568639755249023,20.04123878479004,20.175323486328125,2189171
2003-01-10,11.029227256774902,20.47031021118164,20.532882690429688,20.076993942260742,20.22895622253418,2330350
2003-01-13,10.78359317779541,20.014421463012695,20.3630428314209,19.98760414123535,20.175323486328125,1667301
2003-01-14,10.87028980255127,20.175323486328125,20.29153060913086,19.951847076416016,20.103811264038086,706679
2003-01-15,10.995512008666992,20.407737731933594,20.425615310668945,19.826702117919922,20.103811264038086,990044
2003-01-16,10.788412094116211,20.023359298706055,20.407737731933594,19.90715217590332,20.264713287353516,1407876
2003-01-17,10.663185119628906,19.790945053100586,19.996543884277344,19.710494995117188,19.88927459716797,609464
2003-01-21,10.533147811889648,19.549592971801758,19.916091918945312,19.531715393066406,19.73731231689453,1016892
2003-01-22,10.624658584594727,19.71943473815918,20.023359298706055,19.47808074951172,19.55853271484375,1123392
2003-01-23,10.4271879196167,19.352935791015625,19.710494995117188,19.120521545410156,19.701555252075195,1432039
2003-01-24,10.383846282958984,19.272483825683594,19.58534812927246,18.941741943359375,19.361873626708984,974270
2003-01-27,10.354948997497559,19.218849182128906,19.352935791015625,19.01325225830078,19.272483825683594,955923
2003-01-28,10.20082950592041,18.932802200317383,19.30824089050293,18.727205276489258,19.2635440826416,858821
2003-01-29,10.894363403320312,20.22001838684082,20.515005111694336,19.129459381103516,19.129459381103516,2334937
2003-01-30,10.547599792480469,19.5764102935791,20.345163345336914,19.531715393066406,20.336225509643555,1726479
2003-01-31,10.451264381408691,19.39763069152832,19.5764102935791,19.16521644592285,19.531715393066406,1781519
2003-02-03,10.759513854980469,19.9697265625,19.9697265625,19.40656852722168,19.522775650024414,768990
2003-02-04,10.5379638671875,19.55853271484375,19.790945053100586,19.2635440826416,19.790945053100586,926949
2003-02-05,10.321232795715332,19.15627670288086,19.64792251586914,19.15627670288086,19.55853271484375,682962
2003-02-06,10.133403778076172,18.807655334472656,19.2635440826416,18.771900177001953,19.022192001342773,675915
2003-02-07,10.032259941101074,18.619937896728516,19.17415428161621,18.459035873413086,18.950679779052734,705001
2003-02-10,10.152663230895996,18.843412399291992,18.843412399291992,18.387523651123047,18.709327697753906,466383
2003-02-11,10.20082950592041,18.932802200317383,19.343996047973633,18.843412399291992,18.843412399291992,685423
2003-02-12,10.041891098022461,18.637815475463867,18.92386245727539,18.548425674438477,18.92386245727539,549726
2003-02-13,9.704752922058105,18.0120849609375,18.637815475463867,17.654525756835938,18.637815475463867,1192527
2003-02-14,9.931120872497559,18.432218551635742,18.459035873413086,17.967390060424805,17.99420738220215,1027632
2003-02-18,8.264695167541504,15.339323997497559,18.4411563873291,14.749349594116211,18.4411563873291,8115002
2003-02-19,8.283956527709961,15.375080108642578,15.482348442077637,15.07115364074707,15.339323997497559,2660365
2003-02-20,8.173181533813477,15.169483184814453,15.500226020812988,15.124788284301758,15.375080108642578,1936794
2003-02-21,8.211713790893555,15.240995407104492,15.321446418762207,15.10690975189209,15.19629955291748,2102584
2003-02-24,8.283956527709961,15.375080108642578,15.375080108642578,15.03539752960205,15.240995407104492,1149122
2003-02-25,8.245429992675781,15.303567886352539,15.375080108642578,14.963886260986328,15.375080108642578,1624007
2003-02-26,8.09130859375,15.0175199508667,15.303567886352539,15.0175199508667,15.303567886352539,1634635
2003-02-27,8.597018241882324,15.956114768981934,16.090200424194336,15.500226020812988,15.535982131958008,2019353
2003-02-28,8.577750205993652,15.920358657836914,16.224285125732422,15.598554611206055,15.956114768981934,1733975
2003-03-03,8.457345008850098,15.696884155273438,16.054443359375,15.67900562286377,16.04550552368164,1526121
2003-03-04,8.288771629333496,15.384018898010254,15.687945365905762,15.339323997497559,15.661128044128418,1386844
2003-03-05,8.312856674194336,15.42871379852295,15.509164810180664,15.330385208129883,15.446592330932617,1427005
2003-03-06,8.38028335571289,15.55385971069336,15.786273956298828,15.419775009155273,15.42871379852295,1499497
2003-03-07,8.577750205993652,15.920358657836914,16.02762794494629,15.375080108642578,15.42871379852295,1217362
2003-03-10,8.510322570800781,15.795212745666504,15.875663757324219,15.643250465393066,15.875663757324219,1264124
2003-03-11,8.563302040100098,15.893542289733887,15.982932090759277,15.759456634521484,15.759456634521484,1428236
2003-03-12,8.587383270263672,15.938237190246582,16.000810623168945,15.741579055786133,15.866724967956543,1265913
2003-03-13,9.261655807495117,17.189697265625,17.26120948791504,16.268980026245117,16.313674926757812,2087034
2003-03-14,9.329081535339355,17.314842224121094,17.67240333557129,17.01091766357422,17.162879943847656,1181900
2003-03-17,9.574715614318848,17.770732879638672,17.967390060424805,16.95728302001953,17.001977920532227,1931648
2003-03-18,9.656586647033691,17.92269515991211,18.155109405517578,17.770732879638672,17.860122680664062,1688780
2003-03-19,9.63250732421875,17.878000259399414,18.003145217895508,17.52043914794922,17.9316349029541,1682850
2003-03-20,9.516918182373047,17.663463592529297,17.878000259399414,17.36847686767578,17.878000259399414,1769102
2003-03-21,9.271289825439453,17.20757484436035,17.288026809692383,16.322614669799805,16.52821159362793,4100011
2003-03-24,8.789665222167969,16.313674926757812,17.20757484436035,16.179590225219727,17.20757484436035,1950777
2003-03-25,9.030481338500977,16.7606258392334,16.7606258392334,16.14383316040039,16.322614669799805,1552970
2003-03-26,8.96304988861084,16.635478973388672,16.805320739746094,16.555028915405273,16.7606258392334,1129545
2003-03-27,8.885993003845215,16.492454528808594,16.751686096191406,16.492454528808594,16.644418716430664,996644
2003-03-28,8.81374740600586,16.358369827270508,16.62653923034668,16.358369827270508,16.4477596282959,1369169
2003-03-31,8.597018241882324,15.956114768981934,16.313674926757812,15.732640266418457,15.830968856811523,1915091
2003-04-01,8.49587631225586,15.768396377563477,16.000810623168945,15.705822944641113,15.938237190246582,1412686
2003-04-02,8.746316909790039,16.233224868774414,16.242162704467773,15.884602546691895,15.884602546691895,2119924
2003-04-03,8.669258117675781,16.090200424194336,16.358369827270508,16.04550552368164,16.358369827270508,1384607
2003-04-04,8.649993896484375,16.054443359375,16.268980026245117,15.795212745666504,16.260040283203125,1563262
2003-04-07,8.842643737792969,16.412004470825195,16.77850341796875,16.322614669799805,16.53714942932129,1245553
2003-04-08,8.944005012512207,16.563966751098633,16.68911361694336,16.108078002929688,16.152772903442383,1553641
2003-04-09,8.750938415527344,16.20640754699707,16.715930938720703,16.20640754699707,16.62653923034668,1322631
2003-04-10,8.842643737792969,16.37624740600586,16.38518714904785,16.161712646484375,16.313674926757812,1213559
2003-04-11,8.905393600463867,16.492454528808594,16.769563674926758,16.474576950073242,16.7606258392334,983108
2003-04-14,9.185342788696289,17.01091766357422,17.02879524230957,16.412004470825195,16.483516693115234,794049
2003-04-15,9.223958969116211,17.082429885864258,17.162879943847656,16.841075897216797,16.85895347595215,1248686
2003-04-16,9.161211967468262,16.966222763061523,17.11818504333496,16.903648376464844,17.10924530029297,1061864
2003-04-17,9.354281425476074,17.323781967163086,17.51150131225586,16.912588119506836,16.975160598754883,1006153
2003-04-21,9.359109878540039,17.332721710205078,17.5830135345459,17.19863510131836,17.502561569213867,922475
2003-04-22,9.629408836364746,17.83330535888672,17.83330535888672,17.332721710205078,17.52043914794922,1625126
2003-04-23,9.219133377075195,17.073490142822266,17.341659545898438,16.93940544128418,17.314842224121094,1463139
2003-04-24,9.330151557922363,17.27908706665039,17.431049346923828,17.073490142822266,17.073490142822266,1110751
2003-04-25,9.29636287689209,17.216514587402344,17.565134048461914,17.17181968688965,17.27908706665039,727710
2003-04-28,9.557003021240234,17.699220657348633,17.699220657348633,17.180757522583008,17.225452423095703,855241
2003-04-29,9.542525291442871,17.67240333557129,17.842243194580078,17.52043914794922,17.67240333557129,583399
2003-04-30,8.451677322387695,15.652189254760742,16.090200424194336,15.562799453735352,16.000810623168945,8758698
2003-05-01,8.43719482421875,15.625371932983398,15.652189254760742,15.384018898010254,15.652189254760742,2861729
2003-05-02,8.553038597106934,15.8399076461792,15.8399076461792,15.42871379852295,15.42871379852295,2024164
2003-05-05,8.82815933227539,16.349430084228516,16.38518714904785,15.80415153503418,15.830968856811523,3116792
2003-05-06,8.881258964538574,16.4477596282959,16.61760139465332,16.313674926757812,16.349430084228516,1251035
2003-05-07,8.808859825134277,16.313674926757812,16.394126892089844,16.179590225219727,16.358369827270508,1308200
2003-05-08,8.760588645935059,16.224285125732422,16.412004470825195,16.03656578063965,16.197467803955078,1057389
2003-05-09,9.021235466003418,16.70699119567871,16.7963809967041,16.090200424194336,16.429882049560547,1031323
2003-05-12,9.122598648071289,16.894710540771484,16.975160598754883,16.590784072875977,16.724868774414062,1450050
2003-05-13,9.098465919494629,16.85001564025879,16.984100341796875,16.7606258392334,16.903648376464844,1240072
2003-05-14,8.992274284362793,16.653356552124023,16.984100341796875,16.555028915405273,16.921527862548828,1779058
2003-05-15,9.074331283569336,16.805320739746094,16.8768310546875,16.62653923034668,16.671234130859375,1061193
2003-05-16,9.14673137664795,16.93940544128418,16.966222763061523,16.7606258392334,16.7606258392334,1746392
2003-05-19,8.842643737792969,16.37624740600586,16.86789321899414,16.349430084228516,16.86789321899414,1291979
2003-05-20,8.775070190429688,16.251102447509766,16.70699119567871,16.090200424194336,16.4477596282959,1423425
2003-05-21,8.760588645935059,16.224285125732422,16.483516693115234,16.090200424194336,16.340492248535156,1031547
2003-05-22,8.871604919433594,16.429882049560547,16.581844329833984,16.170650482177734,16.224285125732422,979304
2003-05-23,8.857123374938965,16.403064727783203,16.510332107543945,16.224285125732422,16.251102447509766,823918
2003-05-27,9.026062965393066,16.715930938720703,16.823198318481445,15.911419868469238,16.268980026245117,1610918
2003-05-28,9.194998741149902,17.02879524230957,17.10030746459961,16.7606258392334,16.805320739746094,1312115
2003-05-29,9.281881332397461,17.189697265625,17.386354446411133,16.814258575439453,16.814258575439453,1597830
2003-05-30,9.561829566955566,17.708158493041992,17.788610458374023,17.27908706665039,17.413171768188477,2813290
2003-06-02,9.605273246765137,17.788610458374023,18.137231826782227,17.609830856323242,17.708158493041992,2075624
2003-06-03,9.339802742004395,17.296964645385742,17.77967071533203,17.27908706665039,17.77967071533203,1283253
2003-06-04,9.378417015075684,17.36847686767578,17.493623733520508,17.2701473236084,17.296964645385742,1351270
2003-06-05,9.363936424255371,17.341659545898438,17.386354446411133,16.975160598754883,17.073490142822266,1976955
2003-06-06,9.344630241394043,17.305904388427734,17.743915557861328,17.20757484436035,17.386354446411133,1269158
2003-06-09,9.344630241394043,17.305904388427734,17.314842224121094,16.930465698242188,17.216514587402344,1052019
2003-06-10,9.523218154907227,17.636646270751953,17.636646270751953,17.162879943847656,17.377416610717773,1194541
2003-06-11,9.643888473510742,17.860122680664062,17.878000259399414,17.547256469726562,17.69028091430664,1145989
2003-06-12,9.629408836364746,17.83330535888672,18.19086456298828,17.717098236083984,17.967390060424805,1565723
2003-06-13,9.122598648071289,16.894710540771484,17.431049346923828,16.751686096191406,17.2701473236084,2328896
2003-06-16,9.233613967895508,17.10030746459961,17.20757484436035,16.966222763061523,17.055612564086914,1631726
2003-06-17,9.315669059753418,17.252269744873047,17.386354446411133,17.10924530029297,17.11818504333496,3255174
2003-06-18,9.243267059326172,17.11818504333496,17.243331909179688,17.073490142822266,17.20757484436035,1546594
2003-06-19,9.412202835083008,17.431049346923828,17.493623733520508,17.046672821044922,17.073490142822266,3080210
2003-06-20,9.223958969116211,17.082429885864258,17.252269744873047,16.7606258392334,16.85001564025879,4592013
2003-06-23,9.219133377075195,17.073490142822266,17.234392166137695,16.966222763061523,17.162879943847656,1369393
2003-06-24,9.204649925231934,17.046672821044922,17.314842224121094,16.95728302001953,16.993038177490234,806466
2003-06-25,9.122598648071289,16.894710540771484,17.162879943847656,16.894710540771484,16.93940544128418,2144535
2003-06-26,9.27222728729248,17.17181968688965,17.252269744873047,16.823198318481445,16.894710540771484,1560801
2003-06-27,9.151555061340332,16.94834327697754,17.136062622070312,16.93940544128418,17.082429885864258,1798411
2003-06-30,9.161211967468262,16.966222763061523,17.20757484436035,16.769563674926758,17.162879943847656,2324421
2003-07-01,9.050195693969727,16.7606258392334,16.921527862548828,16.69805145263672,16.841075897216797,2196443
2003-07-02,9.291532516479492,17.20757484436035,17.305904388427734,16.805320739746094,16.805320739746094,1982884
2003-07-03,9.161211967468262,16.966222763061523,17.153940200805664,16.903648376464844,17.082429885864258,720215
2003-07-07,9.122598648071289,16.894710540771484,17.055612564086914,16.814258575439453,16.894710540771484,1839244
2003-07-08,9.325318336486816,17.2701473236084,17.404233932495117,16.814258575439453,16.984100341796875,2954805
2003-07-09,9.320494651794434,17.26120948791504,17.42211151123047,17.153940200805664,17.26120948791504,1345564
2003-07-10,9.194998741149902,17.02879524230957,17.127124786376953,16.751686096191406,17.03773307800293,1802774
2003-07-11,9.58113956451416,17.743915557861328,17.83330535888672,17.2701473236084,17.386354446411133,2628706
2003-07-14,9.518391609191895,17.627708435058594,17.958450317382812,17.556196212768555,17.878000259399414,1442219
2003-07-15,9.156386375427246,16.95728302001953,17.654525756835938,16.95728302001953,17.627708435058594,1603647
2003-07-16,9.161211967468262,16.966222763061523,17.252269744873047,16.930465698242188,17.180757522583008,1443226
2003-07-17,9.074331283569336,16.805320739746094,16.903648376464844,16.671234130859375,16.894710540771484,1470858
2003-07-18,9.204649925231934,17.046672821044922,17.073490142822266,16.69805145263672,16.805320739746094,1269381
2003-07-21,9.050195693969727,16.7606258392334,17.127124786376953,16.715930938720703,17.046672821044922,1176865
2003-07-22,9.185342788696289,17.01091766357422,17.10924530029297,16.671234130859375,16.751686096191406,944960
2003-07-23,9.228781700134277,17.091367721557617,17.386354446411133,16.823198318481445,17.01091766357422,940933
2003-07-24,9.180513381958008,17.001977920532227,17.189697265625,16.903648376464844,17.091367721557617,1030988
2003-07-25,9.219133377075195,17.073490142822266,17.189697265625,16.832136154174805,17.02879524230957,1704553
2003-07-28,9.209477424621582,17.055612564086914,17.189697265625,16.823198318481445,17.001977920532227,1075736
2003-07-29,9.14673137664795,16.93940544128418,17.162879943847656,16.805320739746094,17.162879943847656,1220271
2003-07-30,9.122598648071289,16.894710540771484,17.10924530029297,16.814258575439453,17.02879524230957,1042063
2003-07-31,9.030887603759766,16.724868774414062,16.930465698242188,16.62653923034668,16.894710540771484,1370511
2003-08-01,9.09363842010498,16.841075897216797,16.885770797729492,16.581844329833984,16.69805145263672,883991
2003-08-04,9.103291511535645,16.85895347595215,17.019855499267578,16.62653923034668,16.841075897216797,870455
2003-08-05,9.503911018371582,17.60089111328125,17.770732879638672,17.073490142822266,17.073490142822266,3048663
2003-08-06,9.267398834228516,17.162879943847656,17.60089111328125,17.055612564086914,17.60089111328125,2260991
2003-08-07,9.484603881835938,17.565134048461914,17.60089111328125,17.127124786376953,17.162879943847656,1521423
2003-08-08,9.552178382873535,17.69028091430664,17.76179313659668,17.448928833007812,17.609830856323242,774024
2003-08-11,9.474949836730957,17.547256469726562,17.717098236083984,17.341659545898438,17.636646270751953,567961
2003-08-12,9.759730339050293,18.074657440185547,18.10147476196289,17.52043914794922,17.52043914794922,1085468
2003-08-13,10.116912841796875,18.736143112182617,18.780839920043945,18.003145217895508,18.10147476196289,2720550
2003-08-14,10.329288482666016,19.129459381103516,19.209911346435547,18.771900177001953,18.81659507751465,1831860
2003-08-15,10.314807891845703,19.102642059326172,19.129459381103516,18.771900177001953,19.129459381103516,390088
2003-08-18,10.314807891845703,19.102642059326172,19.32611846923828,18.843412399291992,19.32611846923828,1193534
2003-08-19,10.131386756896973,18.76296043395996,19.004314422607422,18.682510375976562,18.99537467956543,1176977
2003-08-20,10.1458740234375,18.789777755737305,18.861289978027344,18.628875732421875,18.771900177001953,983779
2003-08-21,10.1458740234375,18.789777755737305,18.92386245727539,18.700387954711914,18.798717498779297,618190
2003-08-22,10.015546798706055,18.548425674438477,18.83447265625,18.539485931396484,18.807655334472656,771003
2003-08-25,10.116912841796875,18.736143112182617,18.798717498779297,18.414339065551758,18.58418083190918,501398
2003-08-26,10.141046524047852,18.780839920043945,18.85235023498535,18.450096130371094,18.637815475463867,487638
2003-08-27,10.276190757751465,19.031131744384766,19.17415428161621,18.789777755737305,18.789777755737305,1075847
2003-08-28,10.40652084350586,19.272483825683594,19.272483825683594,18.932802200317383,19.093704223632812,790916
2003-08-29,10.522360801696777,19.48702049255371,19.48702049255371,19.138399124145508,19.209911346435547,536078
2003-09-02,10.845751762390137,20.085933685302734,20.282590866088867,19.71943473815918,19.755189895629883,1496252
2003-09-03,10.836097717285156,20.06805419921875,20.103811264038086,19.835641860961914,19.97866439819336,631279
2003-09-04,10.696125984191895,19.80882453918457,20.05911636352539,19.710494995117188,19.98760414123535,1411344
2003-09-05,10.734739303588867,19.88033676147461,20.014421463012695,19.5764102935791,19.81776237487793,869560
2003-09-08,10.60924243927002,19.64792251586914,20.094871520996094,19.531715393066406,19.862457275390625,1072268
2003-09-09,10.65750789642334,19.73731231689453,19.773067474365234,19.48702049255371,19.55853271484375,750531
2003-09-10,10.585107803344727,19.603227615356445,19.72837257385254,19.504898071289062,19.64792251586914,744267
2003-09-11,10.51753044128418,19.47808074951172,19.755189895629883,19.442325592041016,19.594287872314453,746504
2003-09-12,10.464439392089844,19.379751205444336,19.665800094604492,19.2277889251709,19.504898071289062,717530
2003-09-15,10.763702392578125,19.933969497680664,19.97866439819336,19.39763069152832,19.442325592041016,960958
2003-09-16,10.763702392578125,19.933969497680664,20.354103088378906,19.90715217590332,20.184261322021484,1122944
2003-09-17,10.705774307250977,19.826702117919922,20.0501766204834,19.594287872314453,19.826702117919922,1202931
2003-09-18,10.855413436889648,20.103811264038086,20.22001838684082,19.74625015258789,19.755189895629883,925159
2003-09-19,10.81196403503418,20.023359298706055,20.121688842773438,19.88927459716797,19.996543884277344,871462
2003-09-22,10.633377075195312,19.692617416381836,20.032299041748047,19.549592971801758,20.032299041748047,617631
2003-09-23,10.54649543762207,19.531715393066406,19.621105194091797,19.40656852722168,19.58534812927246,997763
2003-09-24,10.314807891845703,19.102642059326172,19.549592971801758,19.102642059326172,19.531715393066406,1255062
2003-09-25,9.050195693969727,16.7606258392334,17.323781967163086,16.313674926757812,17.323781967163086,9977962
2003-09-26,8.876431465148926,16.43882179260254,16.975160598754883,16.43882179260254,16.7606258392334,2382481
2003-09-29,9.040538787841797,16.742746353149414,16.805320739746094,16.3673095703125,16.492454528808594,1136481
2003-09-30,9.170865058898926,16.984100341796875,17.03773307800293,16.492454528808594,16.742746353149414,1902338
2003-10-01,9.267398834228516,17.162879943847656,17.252269744873047,17.01091766357422,17.02879524230957,2680054
2003-10-02,9.103291511535645,16.85895347595215,17.162879943847656,16.85895347595215,17.073490142822266,2329231
2003-10-03,9.248092651367188,17.127124786376953,17.216514587402344,16.975160598754883,17.073490142822266,2473767
2003-10-06,9.2625732421875,17.153940200805664,17.296964645385742,17.046672821044922,17.17181968688965,946750
2003-10-07,9.170865058898926,16.984100341796875,17.17181968688965,16.912588119506836,17.02879524230957,1997427
2003-10-08,9.272439956665039,17.136062622070312,17.243331909179688,16.93940544128418,17.02879524230957,1177760
2003-10-09,9.480427742004395,17.52043914794922,17.654525756835938,17.153940200805664,17.162879943847656,2017004
2003-10-10,9.349835395812988,17.27908706665039,17.52937889099121,17.234392166137695,17.431049346923828,1323974
2003-10-13,9.552983283996582,17.654525756835938,17.663463592529297,17.288026809692383,17.288026809692383,1387404
2003-10-14,9.678744316101074,17.886938095092773,17.985267639160156,17.502561569213867,17.654525756835938,2102920
2003-10-15,9.683582305908203,17.895877838134766,17.976329803466797,17.386354446411133,17.878000259399414,4607339
2003-10-16,9.973800659179688,18.432218551635742,18.432218551635742,17.886938095092773,17.895877838134766,2102137
2003-10-17,10.022165298461914,18.521608352661133,18.593120574951172,18.26237678527832,18.432218551635742,2425551
2003-10-20,10.051190376281738,18.575241088867188,18.67357063293457,18.33388900756836,18.521608352661133,1931312
2003-10-21,9.794833183288574,18.10147476196289,18.575241088867188,17.77967071533203,18.575241088867188,3044971
2003-10-22,9.577164649963379,17.699220657348633,18.10147476196289,17.627708435058594,18.10147476196289,1975277
2003-10-23,9.50461196899414,17.565134048461914,17.869060516357422,17.538318634033203,17.609830856323242,1635977
2003-10-24,9.678744316101074,17.886938095092773,17.94057273864746,17.538318634033203,17.565134048461914,997427
2003-10-27,9.698092460632324,17.92269515991211,18.047840118408203,17.752853393554688,17.878000259399414,668867
2003-10-28,9.886734962463379,18.271316528320312,18.307071685791016,17.92269515991211,18.038902282714844,793265
2003-10-29,10.027007102966309,18.530546188354492,18.539485931396484,18.110414505004883,18.164047241210938,788903
2003-10-30,10.147929191589355,18.7540225982666,18.879167556762695,18.530546188354492,18.530546188354492,1176418
2003-10-31,10.13341999053955,18.727205276489258,18.807655334472656,18.628875732421875,18.727205276489258,947757
2003-11-03,10.278528213500977,18.99537467956543,19.218849182128906,18.682510375976562,18.682510375976562,827497
2003-11-04,9.8818941116333,18.26237678527832,18.521608352661133,17.770732879638672,18.33388900756836,3773576
2003-11-05,9.814179420471191,18.137231826782227,18.33388900756836,17.958450317382812,18.271316528320312,1601074
2003-11-06,9.872222900390625,18.24449920654297,18.307071685791016,18.02996253967285,18.146169662475586,1191744
2003-11-07,9.843195915222168,18.19086456298828,18.76296043395996,18.164047241210938,18.396461486816406,925942
2003-11-10,9.72227954864502,17.967390060424805,18.199804306030273,17.949512481689453,18.19086456298828,1360555
2003-11-11,9.727115631103516,17.976329803466797,18.02996253967285,17.886938095092773,17.967390060424805,895402
2003-11-12,9.90608024597168,18.307071685791016,18.396461486816406,17.92269515991211,18.0120849609375,1194988
2003-11-13,9.973800659179688,18.432218551635742,18.467973709106445,18.164047241210938,18.316011428833008,699295
2003-11-14,9.915753364562988,18.324949264526367,18.467973709106445,18.181926727294922,18.35176658630371,863743
2003-11-17,9.794833183288574,18.10147476196289,18.33388900756836,17.77967071533203,18.33388900756836,700526
2003-11-18,9.63037109375,17.797548294067383,18.10147476196289,17.752853393554688,18.074657440185547,758138
2003-11-19,9.509451866149902,17.574073791503906,17.645586013793945,17.136062622070312,17.52937889099121,1935004
2003-11-20,9.38369083404541,17.341659545898438,17.51150131225586,17.314842224121094,17.475744247436523,995190
2003-11-21,9.596519470214844,17.734975814819336,17.734975814819336,17.26120948791504,17.475744247436523,1658239
2003-11-24,9.852873802185059,18.208742141723633,18.208742141723633,17.734975814819336,17.878000259399414,807249
2003-11-25,9.964122772216797,18.414339065551758,18.485851287841797,18.09253692626953,18.199804306030273,740239
2003-11-26,9.983469009399414,18.450096130371094,18.459035873413086,18.235559463500977,18.387523651123047,784763
2003-11-28,10.017329216003418,18.51266860961914,18.593120574951172,18.324949264526367,18.414339065551758,407428
2003-12-01,10.13341999053955,18.727205276489258,18.780839920043945,18.396461486816406,18.51266860961914,1087929
2003-12-02,9.90124797821045,18.298133850097656,18.646753311157227,18.217681884765625,18.637815475463867,1068800
2003-12-03,9.843195915222168,18.19086456298828,18.459035873413086,18.128292083740234,18.4054012298584,884439
2003-12-04,9.736785888671875,17.99420738220215,18.208742141723633,17.83330535888672,18.110414505004883,1376217
2003-12-05,9.698092460632324,17.92269515991211,18.128292083740234,17.752853393554688,18.003145217895508,818100
2003-12-08,9.712600708007812,17.949512481689453,18.074657440185547,17.76179313659668,17.85118293762207,1279450
2003-12-09,9.693251609802246,17.913755416870117,18.056779861450195,17.842243194580078,17.94057273864746,806914
2003-12-10,9.877057075500488,18.25343894958496,18.25343894958496,17.860122680664062,17.860122680664062,989932
2003-12-11,9.649723052978516,17.83330535888672,18.271316528320312,17.83330535888672,18.19086456298828,1068352
2003-12-12,9.470749855041504,17.502561569213867,17.904817581176758,17.466806411743164,17.842243194580078,1279897
2003-12-15,9.582001686096191,17.708158493041992,17.869060516357422,17.627708435058594,17.699220657348633,1342656
2003-12-16,9.436898231506348,17.43998908996582,17.770732879638672,17.35953712463379,17.6187686920166,950442
2003-12-17,9.378854751586914,17.332721710205078,17.493623733520508,17.27908706665039,17.475744247436523,1364023
2003-12-18,9.673909187316895,17.878000259399414,17.92269515991211,17.26120948791504,17.332721710205078,983891
2003-12-19,9.794833183288574,18.10147476196289,18.593120574951172,17.869060516357422,18.074657440185547,2798411
2003-12-22,9.862553596496582,18.226621627807617,18.280254364013672,17.860122680664062,18.10147476196289,1840586
2003-12-23,10.114070892333984,18.691448211669922,18.709327697753906,18.26237678527832,18.280254364013672,1062423
2003-12-24,9.94477653503418,18.378583908081055,18.691448211669922,18.235559463500977,18.691448211669922,655666
2003-12-26,9.915753364562988,18.324949264526367,18.575241088867188,18.19086456298828,18.24449920654297,434165
2003-12-29,10.041511535644531,18.557363510131836,18.66463279724121,18.17298698425293,18.280254364013672,849536
2003-12-30,10.1914644241333,18.83447265625,18.870229721069336,18.4411563873291,18.50373077392578,610695
2003-12-31,10.17695140838623,18.807655334472656,18.99537467956543,18.718265533447266,18.843412399291992,581497
2004-01-02,10.109230995178223,18.682510375976562,18.90598487854004,18.610998153686523,18.7540225982666,754447
2004-01-05,10.128576278686523,18.718265533447266,18.81659507751465,18.530546188354492,18.81659507751465,780736
2004-01-06,10.099555969238281,18.66463279724121,18.897045135498047,18.50373077392578,18.610998153686523,1205951
2004-01-07,9.19021224975586,16.984100341796875,17.10030746459961,16.519271850585938,16.733808517456055,11470299
2004-01-08,9.320812225341797,17.225452423095703,17.431049346923828,16.93940544128418,16.984100341796875,3755565
2004-01-09,9.296623229980469,17.180757522583008,17.466806411743164,17.073490142822266,17.11818504333496,3054928
2004-01-12,9.548151016235352,17.645586013793945,17.743915557861328,17.341659545898438,17.636646270751953,2290972
2004-01-13,9.519124984741211,17.591951370239258,17.6187686920166,17.448928833007812,17.52043914794922,1320618
2004-01-14,9.828689575195312,18.164047241210938,18.235559463500977,17.654525756835938,17.699220657348633,2412462
2004-01-15,9.794833183288574,18.10147476196289,18.25343894958496,17.904817581176758,18.119352340698242,1559682
2004-01-16,9.891570091247559,18.280254364013672,18.450096130371094,18.08359718322754,18.146169662475586,1982325
2004-01-20,9.765807151794434,18.047840118408203,18.280254364013672,17.913755416870117,18.217681884765625,665399
2004-01-21,9.877057075500488,18.25343894958496,18.25343894958496,17.9316349029541,17.967390060424805,1007160
2004-01-22,9.84803581237793,18.199804306030273,18.65569305419922,18.128292083740234,18.50373077392578,2173286
2004-01-23,9.90608024597168,18.307071685791016,18.360706329345703,17.92269515991211,18.280254364013672,1053250
2004-01-26,9.72227954864502,17.967390060424805,18.217681884765625,17.770732879638672,18.128292083740234,1469516
2004-01-27,9.669068336486816,17.869060516357422,18.065719604492188,17.842243194580078,17.85118293762207,885446
2004-01-28,9.62553882598877,17.788610458374023,17.967390060424805,17.699220657348633,17.967390060424805,710370
2004-01-29,9.765807151794434,18.047840118408203,18.119352340698242,17.788610458374023,17.788610458374023,914756
2004-01-30,9.673909187316895,17.878000259399414,18.003145217895508,17.842243194580078,17.967390060424805,906589
2004-02-02,10.041511535644531,18.557363510131836,18.861289978027344,18.19086456298828,18.280254364013672,2870343
2004-02-03,10.525211334228516,19.451263427734375,19.853519439697266,18.628875732421875,18.771900177001953,4888019
2004-02-04,10.592933654785156,19.5764102935791,19.782007217407227,18.99537467956543,19.451263427734375,2421188
2004-02-05,10.617111206054688,19.621105194091797,19.916091918945312,19.47808074951172,19.56747055053711,1595928
2004-02-06,10.617111206054688,19.621105194091797,19.790945053100586,19.352935791015625,19.665800094604492,1035798
2004-02-09,10.641300201416016,19.665800094604492,19.710494995117188,19.40656852722168,19.621105194091797,692359
2004-02-10,10.7186918258667,19.80882453918457,19.90715217590332,19.513837814331055,19.540653228759766,1049558
2004-02-11,10.665484428405762,19.710494995117188,19.942909240722656,19.58534812927246,19.755189895629883,1448372
2004-02-12,10.738037109375,19.844579696655273,19.916091918945312,19.665800094604492,19.755189895629883,1298020
2004-02-13,10.733200073242188,19.835641860961914,20.005481719970703,19.692617416381836,19.799884796142578,818772
2004-02-17,10.815425872802734,19.98760414123535,20.094871520996094,19.710494995117188,19.764129638671875,877839
2004-02-18,10.858959197998047,20.06805419921875,20.112749099731445,19.916091918945312,20.023359298706055,1025618
2004-02-19,10.665484428405762,19.710494995117188,20.103811264038086,19.674739837646484,20.06805419921875,1082336
2004-02-20,10.650970458984375,19.683677673339844,19.97866439819336,19.56747055053711,19.799884796142578,1197002
2004-02-23,10.694503784179688,19.764129638671875,19.871397018432617,19.58534812927246,19.683677673339844,685647
2004-02-24,10.539719581604004,19.47808074951172,19.844579696655273,19.33505630493164,19.773067474365234,805571
2004-02-25,10.709012031555176,19.790945053100586,19.835641860961914,19.433385848999023,19.48702049255371,1101913
2004-02-26,11.318470001220703,20.917259216308594,22.794450759887695,20.765296936035156,21.63237953186035,7033225
2004-02-27,11.802166938781738,21.811159133911133,22.052513122558594,21.096040725708008,21.20330810546875,4097214
2004-03-01,11.9037446975708,21.998878479003906,22.168720245361328,21.578746795654297,21.811159133911133,1638774
2004-03-02,12.000482559204102,22.177658081054688,22.311744689941406,21.94524574279785,22.061452865600586,2028415
2004-03-03,11.898904800415039,21.989940643310547,22.150842666625977,21.85585594177246,22.150842666625977,1382929
2004-03-04,12.058525085449219,22.284927368164062,22.481584548950195,22.079330444335938,22.213415145874023,2689674
2004-03-05,12.27135181427002,22.67824363708496,22.83914566040039,22.284927368164062,22.392194747924805,1949994
2004-03-08,12.174612998962402,22.499462127685547,22.883840560913086,22.4368896484375,22.59779167175293,1309431
2004-03-09,12.097225189208984,22.3564395904541,22.490524291992188,22.132963180541992,22.45476722717285,1096208
2004-03-10,11.787654876708984,21.784343719482422,22.401134490966797,21.766464233398438,22.36537742614746,1394451
2004-03-11,11.753799438476562,21.721769332885742,22.141902923583984,21.623441696166992,21.721769332885742,1626468
2004-03-12,11.87472152709961,21.94524574279785,21.972061157226562,21.444660186767578,21.70389175415039,1056270
2004-03-15,11.739286422729492,21.69495391845703,22.338560104370117,21.569807052612305,22.124025344848633,1638886
2004-03-16,11.768304824829102,21.748586654663086,21.829038619995117,21.462539672851562,21.70389175415039,1589440
2004-03-17,12.08754825592041,22.338560104370117,22.374317169189453,21.766464233398438,21.766464233398438,2994071
2004-03-18,11.729606628417969,21.677074432373047,22.68718147277832,21.060283660888672,22.68718147277832,2707350
2004-03-19,11.753799438476562,21.721769332885742,22.09720802307129,21.560867309570312,21.677074432373047,1157512
2004-03-22,11.81667709350586,21.837976455688477,22.213415145874023,21.480417251586914,21.730709075927734,2138382
2004-03-23,12.073038101196289,22.311744689941406,22.4368896484375,21.837976455688477,21.837976455688477,2167916
2004-03-24,11.869880676269531,21.93630599975586,22.34749984741211,21.900550842285156,22.311744689941406,1599172
2004-03-25,12.044018745422363,22.25811004638672,22.34749984741211,21.900550842285156,21.94524574279785,1259761
2004-03-26,11.865050315856934,21.927366256713867,22.329622268676758,21.811159133911133,22.25811004638672,1613603
2004-03-29,11.976300239562988,22.132963180541992,22.25811004638672,21.900550842285156,21.927366256713867,1128650
2004-03-30,12.000482559204102,22.177658081054688,22.240232467651367,21.927366256713867,22.132963180541992,1736771
2004-03-31,11.99080753326416,22.159780502319336,22.34749984741211,22.0435733795166,22.25811004638672,1382481
2004-04-01,11.65222454071045,21.5340518951416,21.94524574279785,21.310575485229492,21.721769332885742,2859716
2004-04-02,11.584501266479492,21.408905029296875,21.70389175415039,21.319515228271484,21.319515228271484,2008726
2004-04-05,11.608687400817871,21.45359992980957,21.54298973083496,21.328453063964844,21.45359992980957,1661931
2004-04-06,11.589305877685547,21.38208770751953,21.45359992980957,21.337392807006836,21.43572235107422,1286721
2004-04-07,11.671675682067871,21.5340518951416,21.757526397705078,21.373149871826172,21.45359992980957,1112764
2004-04-08,11.589305877685547,21.38208770751953,21.873733520507812,21.248003005981445,21.70389175415039,895962
2004-04-12,11.661982536315918,21.516172409057617,21.54298973083496,21.248003005981445,21.337392807006836,757691
2004-04-13,11.361597061157227,20.96195411682129,21.5340518951416,20.71166229248047,21.516172409057617,1651191
2004-04-14,11.269535064697266,20.7921142578125,20.827869415283203,20.38092041015625,20.738479614257812,1092963
2004-04-15,11.216245651245117,20.693784713745117,20.827869415283203,20.54182243347168,20.729541778564453,922475
2004-04-16,11.565082550048828,21.337392807006836,21.444660186767578,20.64015007019043,20.7921142578125,1023381
2004-04-19,11.526322364807129,21.265880584716797,21.265880584716797,20.7921142578125,21.230125427246094,740016
2004-04-20,11.395511627197266,21.02452850341797,21.399965286254883,20.988771438598633,21.265880584716797,1100123
2004-04-21,11.28407096862793,20.818931579589844,20.97089385986328,20.425615310668945,20.8725643157959,1151135
2004-04-22,11.55539608001709,21.319515228271484,21.444660186767578,20.55970001220703,20.818931579589844,1071932
2004-04-23,11.584468841552734,21.373149871826172,21.43572235107422,21.230125427246094,21.36421012878418,1226871
2004-04-26,11.230774879455566,20.72060203552246,21.38208770751953,20.416675567626953,21.38208770751953,2052019
2004-04-27,11.187167167663574,20.64015007019043,21.176490783691406,20.64015007019043,20.729541778564453,1215796
2004-04-28,11.1677885055542,20.604394912719727,20.80999183654785,20.46137046813965,20.532882690429688,1058731
2004-04-29,11.041826248168945,20.371980667114258,20.63121223449707,20.273651123046875,20.47031021118164,2105045
2004-04-30,10.978833198547363,20.255773544311523,20.497127532958984,20.121688842773438,20.3630428314209,904128
2004-05-03,10.925545692443848,20.157445907592773,20.506065368652344,19.916091918945312,20.237895965576172,1378454
2004-05-04,10.896475791931152,20.103811264038086,20.175323486328125,19.88033676147461,20.085933685302734,983667
2004-05-05,10.978833198547363,20.255773544311523,20.47031021118164,19.826702117919922,20.032299041748047,692024
2004-05-06,10.72204875946045,19.782007217407227,20.103811264038086,19.63004493713379,20.076993942260742,1518179
2004-05-07,10.639678001403809,19.63004493713379,19.933969497680664,19.594287872314453,19.710494995117188,1178655
2004-05-10,10.63483715057373,19.621105194091797,19.844579696655273,19.513837814331055,19.594287872314453,1022821
2004-05-11,10.794722557067871,19.916091918945312,20.20214080810547,19.773067474365234,19.88927459716797,1221725
2004-05-12,10.58638858795166,19.531715393066406,19.799884796142578,19.254606246948242,19.782007217407227,1096319
2004-05-13,10.499176025390625,19.370813369750977,19.540653228759766,19.129459381103516,19.48702049255371,1340418
2004-05-14,10.659064292907715,19.665800094604492,19.89821434020996,19.30824089050293,19.30824089050293,1034232
2004-05-17,10.48464298248291,19.343996047973633,19.64792251586914,19.2277889251709,19.594287872314453,755118
2004-05-18,10.504023551940918,19.379751205444336,19.531715393066406,19.272483825683594,19.361873626708984,736548
2004-05-19,10.48948860168457,19.352935791015625,19.665800094604492,19.30824089050293,19.55853271484375,780624
2004-05-20,10.600924491882324,19.55853271484375,20.103811264038086,19.192033767700195,19.88927459716797,1930082
2004-05-21,10.552478790283203,19.46914291381836,19.799884796142578,19.1473388671875,19.549592971801758,919790
2004-05-24,10.48948860168457,19.352935791015625,19.710494995117188,19.352935791015625,19.415508270263672,1037476
2004-05-25,10.581543922424316,19.522775650024414,19.594287872314453,19.138399124145508,19.39763069152832,1041727
2004-05-26,10.683289527893066,19.710494995117188,19.933969497680664,19.442325592041016,19.442325592041016,1554313
2004-05-27,10.63483715057373,19.621105194091797,19.853519439697266,19.531715393066406,19.710494995117188,904575
2004-05-28,10.901313781738281,20.112749099731445,20.3987979888916,19.665800094604492,19.665800094604492,921691
2004-06-01,10.838325500488281,19.996543884277344,20.211078643798828,19.701555252075195,19.90715217590332,659917
2004-06-02,10.668752670288086,19.683677673339844,19.925031661987305,19.5764102935791,19.710494995117188,1208860
2004-06-03,10.571852684020996,19.504898071289062,19.710494995117188,19.40656852722168,19.5764102935791,1150241
2004-06-04,10.470105171203613,19.31717872619629,19.72837257385254,19.30824089050293,19.5764102935791,1186598
2004-06-07,10.562161445617676,19.48702049255371,19.522775650024414,19.299301147460938,19.460203170776367,576351
2004-06-08,10.48948860168457,19.352935791015625,19.48702049255371,19.30824089050293,19.442325592041016,2900884
2004-06-09,10.36836051940918,19.129459381103516,19.55853271484375,19.111581802368164,19.352935791015625,1190849
2004-06-10,10.295685768127441,18.99537467956543,19.343996047973633,18.968557357788086,19.120521545410156,1645039
2004-06-14,10.198784828186035,18.81659507751465,19.129459381103516,18.81659507751465,18.90598487854004,805347
2004-06-15,10.295685768127441,18.99537467956543,19.031131744384766,18.798717498779297,18.950679779052734,1322967
2004-06-16,10.334449768066406,19.06688690185547,19.102642059326172,18.870229721069336,18.950679779052734,687885
2004-06-17,10.25692367553711,18.92386245727539,19.138399124145508,18.74508285522461,19.01325225830078,687661
2004-06-18,10.348981857299805,19.093704223632812,19.218849182128906,18.861289978027344,18.879167556762695,1309990
2004-06-21,10.48948860168457,19.352935791015625,19.451263427734375,19.102642059326172,19.17415428161621,1744602
2004-06-22,10.48948860168457,19.352935791015625,19.47808074951172,19.01325225830078,19.2635440826416,1508222
2004-06-23,10.27146053314209,18.950679779052734,19.531715393066406,18.870229721069336,19.08476448059082,2245889
2004-06-24,10.087349891662598,18.610998153686523,19.138399124145508,18.557363510131836,18.90598487854004,2070478
2004-06-25,9.98560619354248,18.42327880859375,18.700387954711914,18.33388900756836,18.637815475463867,2704777
2004-06-28,9.893548965454102,18.25343894958496,18.682510375976562,18.235559463500977,18.50373077392578,1060186
2004-06-29,9.85962963104248,18.19086456298828,18.476913452148438,18.146169662475586,18.280254364013672,1220830
2004-06-30,9.956531524658203,18.369644165039062,18.450096130371094,18.119352340698242,18.19086456298828,1627363
2004-07-01,9.912928581237793,18.289194107055664,18.593120574951172,18.235559463500977,18.459035873413086,1120707
2004-07-02,9.849943161010742,18.17298698425293,18.387523651123047,18.17298698425293,18.280254364013672,845844
2004-07-06,9.816027641296387,18.110414505004883,18.235559463500977,18.0120849609375,18.199804306030273,788008
2004-07-07,9.791804313659668,18.065719604492188,18.324949264526367,18.038902282714844,18.038902282714844,941716
2004-07-08,9.811185836791992,18.10147476196289,18.199804306030273,18.003145217895508,18.08359718322754,1133908
2004-07-09,9.956531524658203,18.369644165039062,18.637815475463867,18.235559463500977,18.459035873413086,1585524
2004-07-12,10.150336265563965,18.727205276489258,18.879167556762695,18.33388900756836,18.414339065551758,1198568
2004-07-13,10.174558639526367,18.771900177001953,18.941741943359375,18.718265533447266,18.798717498779297,1357199
2004-07-14,10.17940902709961,18.780839920043945,19.07582664489746,18.65569305419922,18.771900177001953,972145
2004-07-15,10.344139099121094,19.08476448059082,19.111581802368164,18.7540225982666,18.780839920043945,994183
2004-07-16,10.348981857299805,19.093704223632812,19.15627670288086,18.789777755737305,19.093704223632812,859828
2004-07-19,10.402277946472168,19.192033767700195,19.299301147460938,18.950679779052734,19.093704223632812,1086363
2004-07-20,10.479796409606934,19.33505630493164,19.33505630493164,19.08476448059082,19.183094024658203,1627475
2004-07-21,10.392586708068848,19.17415428161621,19.48702049255371,18.98643684387207,19.281423568725586,910616
2004-07-22,10.42650032043457,19.23672866821289,19.30824089050293,18.941741943359375,19.022192001342773,1156617
2004-07-23,10.421656608581543,19.2277889251709,19.24566650390625,18.99537467956543,19.183094024658203,888131
2004-07-26,10.455574989318848,19.290361404418945,19.32611846923828,19.15627670288086,19.17415428161621,743707
2004-07-27,10.387741088867188,19.16521644592285,19.370813369750977,19.129459381103516,19.23672866821289,1618973
2004-07-28,10.353827476501465,19.102642059326172,19.17415428161621,18.82553482055664,19.120521545410156,832196
2004-07-29,10.402277946472168,19.192033767700195,19.218849182128906,18.968557357788086,19.08476448059082,796398
2004-07-30,10.334449768066406,19.06688690185547,19.138399124145508,18.76296043395996,19.138399124145508,779058
2004-08-02,10.363520622253418,19.120521545410156,19.272483825683594,18.7540225982666,18.99537467956543,771115
2004-08-03,10.27146053314209,18.950679779052734,19.200971603393555,18.789777755737305,19.200971603393555,934109
2004-08-04,10.252081871032715,18.91492462158203,18.932802200317383,18.530546188354492,18.861289978027344,692807
2004-08-05,9.85962963104248,18.19086456298828,18.82553482055664,18.056779861450195,18.81659507751465,1899877
2004-08-06,9.743355751037598,17.976329803466797,18.074657440185547,17.824365615844727,18.056779861450195,1412686
2004-08-09,9.753043174743652,17.99420738220215,18.146169662475586,17.895877838134766,17.92269515991211,525338
2004-08-10,9.767578125,18.021024703979492,18.155109405517578,17.9316349029541,17.985267639160156,771339
2004-08-11,9.641607284545898,17.788610458374023,17.976329803466797,17.717098236083984,17.967390060424805,1053138
2004-08-12,9.3993558883667,17.341659545898438,17.574073791503906,17.252269744873047,17.565134048461914,1861506
2004-08-13,9.409043312072754,17.35953712463379,17.654525756835938,17.252269744873047,17.431049346923828,994630
2004-08-16,9.544706344604492,17.609830856323242,17.69028091430664,17.27908706665039,17.314842224121094,898311
2004-08-17,9.5253267288208,17.574073791503906,17.949512481689453,17.556196212768555,17.6187686920166,899989
2004-08-18,9.704595565795898,17.904817581176758,17.9316349029541,17.52043914794922,17.591951370239258,602976
2004-08-19,9.578619956970215,17.67240333557129,17.878000259399414,17.636646270751953,17.788610458374023,687661
2004-08-20,9.801495552062988,18.08359718322754,18.119352340698242,17.556196212768555,17.565134048461914,1293769
2004-08-23,9.874173164367676,18.217681884765625,18.26237678527832,18.02996253967285,18.02996253967285,1016445
2004-08-24,10.097040176391602,18.628875732421875,18.682510375976562,18.271316528320312,18.280254364013672,1393892
2004-08-25,10.281150817871094,18.968557357788086,19.057947158813477,18.33388900756836,18.566303253173828,1791140
2004-08-26,10.208479881286621,18.83447265625,18.959619522094727,18.727205276489258,18.950679779052734,1087817
2004-08-27,10.310224533081055,19.022192001342773,19.08476448059082,18.861289978027344,18.90598487854004,669650
2004-08-30,10.189093589782715,18.798717498779297,19.022192001342773,18.76296043395996,19.022192001342773,660588
2004-08-31,10.17940902709961,18.780839920043945,18.861289978027344,18.65569305419922,18.861289978027344,674460
2004-09-01,10.27146053314209,18.950679779052734,18.959619522094727,18.628875732421875,18.81659507751465,696498
2004-09-02,10.1358003616333,18.700387954711914,18.959619522094727,18.17298698425293,18.959619522094727,2502853
2004-09-03,10.276302337646484,18.959619522094727,19.06688690185547,18.65569305419922,18.727205276489258,575344
2004-09-07,10.319911003112793,19.040069580078125,19.040069580078125,18.879167556762695,18.959619522094727,659358
2004-09-08,10.310224533081055,19.022192001342773,19.192033767700195,18.950679779052734,18.977497100830078,481262
2004-09-09,10.315062522888184,19.031131744384766,19.32611846923828,18.968557357788086,19.129459381103516,665846
2004-09-10,10.174558639526367,18.771900177001953,18.98643684387207,18.682510375976562,18.968557357788086,1079427
2004-09-13,10.208479881286621,18.83447265625,18.83447265625,18.66463279724121,18.66463279724121,591677
2004-09-14,10.193942070007324,18.807655334472656,18.879167556762695,18.691448211669922,18.83447265625,483276
2004-09-15,10.1358003616333,18.700387954711914,18.861289978027344,18.67357063293457,18.861289978027344,542343
2004-09-16,10.261770248413086,18.932802200317383,18.99537467956543,18.736143112182617,18.74508285522461,391878
2004-09-17,10.193942070007324,18.807655334472656,19.049009323120117,18.771900177001953,18.99537467956543,657120
2004-09-20,10.169711112976074,18.76296043395996,18.90598487854004,18.593120574951172,18.709327697753906,587985
2004-09-21,10.4168119430542,19.218849182128906,19.218849182128906,18.691448211669922,18.74508285522461,845620
2004-09-22,10.261770248413086,18.932802200317383,19.218849182128906,18.897045135498047,19.218849182128906,1789909
2004-09-23,10.906160354614258,20.121688842773438,20.327285766601562,19.004314422607422,19.01325225830078,4015102
2004-09-24,11.206550598144531,20.675907135009766,20.845748901367188,20.166383743286133,20.211078643798828,2260879
2004-09-27,11.158102035522461,20.586517333984375,20.70272445678711,20.273651123046875,20.532882690429688,1402394
2004-09-28,11.138717651367188,20.55076026916504,20.63121223449707,19.97866439819336,20.523944854736328,1555879
2004-09-29,11.332528114318848,20.908321380615234,21.230125427246094,20.899381637573242,21.230125427246094,1730507
2004-09-30,11.298604011535645,20.845748901367188,20.97089385986328,20.675907135009766,20.96195411682129,1391207
2004-10-01,11.385818481445312,21.006650924682617,21.1854305267334,20.783174514770508,20.96195411682129,713055
2004-10-04,11.482720375061035,21.1854305267334,21.355270385742188,21.015588760375977,21.167552947998047,908826
2004-10-05,11.865479469299316,21.891611099243164,22.34749984741211,21.337392807006836,21.5340518951416,2955923
2004-10-06,12.020773887634277,22.141902923583984,22.293865203857422,21.837976455688477,21.94524574279785,1325987
2004-10-07,11.899442672729492,21.918428421020508,22.240232467651367,21.882671356201172,22.141902923583984,1291643
2004-10-08,11.865479469299316,21.85585594177246,22.34749984741211,21.829038619995117,21.873733520507812,836671
2004-10-11,11.67136001586914,21.498294830322266,21.989940643310547,21.444660186767578,21.86479377746582,605772
2004-10-12,11.77812385559082,21.69495391845703,21.69495391845703,21.391027450561523,21.498294830322266,1091845
2004-10-13,11.865479469299316,21.85585594177246,22.079330444335938,21.69495391845703,21.766464233398438,822463
2004-10-14,11.79753303527832,21.730709075927734,21.95418357849121,21.52511215209961,21.900550842285156,1041727
2004-10-15,11.909151077270508,21.93630599975586,22.02569580078125,21.77540397644043,21.85585594177246,573666
2004-10-18,11.860621452331543,21.84691619873047,21.85585594177246,21.498294830322266,21.85585594177246,932095
2004-10-19,11.76841926574707,21.677074432373047,21.981000900268555,21.659196853637695,21.84691619873047,450945
2004-10-20,11.79753303527832,21.730709075927734,21.802221298217773,21.29269790649414,21.677074432373047,1119700
2004-10-21,11.51606273651123,21.212247848510742,21.587684631347656,21.158613204956055,21.587684631347656,919007
2004-10-22,11.399592399597168,20.997711181640625,21.346332550048828,20.890443801879883,21.310575485229492,626692
2004-10-25,11.297680854797363,20.80999183654785,20.899381637573242,20.586517333984375,20.899381637573242,423425
2004-10-26,11.584006309509277,21.337392807006836,21.36421012878418,20.756357192993164,20.783174514770508,882985
2004-10-27,11.520919799804688,21.2211856842041,21.54298973083496,21.212247848510742,21.27482032775879,846963
2004-10-28,11.656801223754883,21.471477508544922,21.578746795654297,21.051345825195312,21.230125427246094,632621
2004-10-29,11.889739990234375,21.900550842285156,21.918428421020508,21.498294830322266,21.498294830322266,1304173
2004-11-01,12.127533912658691,22.338560104370117,22.3564395904541,21.641319274902344,21.900550842285156,1357311
2004-11-02,11.947976112365723,22.0078182220459,22.570974349975586,21.93630599975586,22.231292724609375,1227990
2004-11-03,12.083860397338867,22.25811004638672,22.34749984741211,22.10614776611328,22.10614776611328,711265
2004-11-04,12.884596824645996,23.73304557800293,23.786678314208984,22.311744689941406,22.311744689941406,2710818
2004-11-05,13.064153671264648,24.06378746032715,24.117422103881836,23.50956916809082,23.706228256225586,1348697
2004-11-08,12.860330581665039,23.688350677490234,24.117422103881836,23.688350677490234,23.99227523803711,829287
2004-11-09,12.986507415771484,23.920764923095703,24.090604782104492,23.50063133239746,23.688350677490234,1010404
2004-11-10,13.069005966186523,24.07272720336914,24.269384384155273,23.867130279541016,23.929702758789062,917664
2004-11-11,13.09327220916748,24.117422103881836,24.24256706237793,23.840312957763672,24.24256706237793,823582
2004-11-12,13.141802787780762,24.206811904907227,24.349836349487305,23.82243537902832,24.171056747436523,1378230
2004-11-15,13.088418006896973,24.108482360839844,24.385591506958008,24.0012149810791,24.224689483642578,866316
2004-11-16,12.899152755737305,23.759862899780273,24.081666946411133,23.74198341369629,24.05484962463379,638998
2004-11-17,12.981661796569824,23.91182518005371,24.197872161865234,23.786678314208984,23.813495635986328,1036917
2004-11-18,12.947689056396484,23.849252700805664,24.05484962463379,23.50063133239746,24.036970138549805,1166797
2004-11-19,12.607975006103516,23.223522186279297,23.82243537902832,23.223522186279297,23.80455780029297,805124
2004-11-22,13.001070976257324,23.947580337524414,23.9654598236084,23.24139976501465,23.24139976501465,1487974
2004-11-23,13.24856185913086,24.40346908569336,24.510738372802734,23.858190536499023,24.0012149810791,1882761
2004-11-24,13.34562873840332,24.582250595092773,24.752090454101562,24.39453125,24.39453125,869001
2004-11-26,13.30195426940918,24.501798629760742,24.761030197143555,24.40346908569336,24.492860794067383,153037
2004-11-29,13.238861083984375,24.385591506958008,24.582250595092773,24.07272720336914,24.510738372802734,650408
2004-11-30,13.229154586791992,24.367713928222656,24.519676208496094,24.126361846923828,24.269384384155273,1557669
2004-12-01,13.263123512268066,24.430286407470703,24.56437110900879,24.251506805419922,24.492860794067383,851885
2004-12-02,13.224300384521484,24.358774185180664,24.57331085205078,24.260446548461914,24.439226150512695,442555
2004-12-03,13.30195426940918,24.501798629760742,24.591188430786133,24.14423942565918,24.349836349487305,1558564
2004-12-06,13.335919380187988,24.56437110900879,24.64482307434082,24.14423942565918,24.501798629760742,1257411
2004-12-07,13.282538414001465,24.46604347229004,24.609067916870117,24.349836349487305,24.582250595092773,1257411
2004-12-08,13.442686080932617,24.761030197143555,24.89511489868164,24.41240882873535,24.448165893554688,924488
2004-12-09,13.447537422180176,24.769969940185547,24.769969940185547,24.439226150512695,24.761030197143555,863743
2004-12-10,13.641654014587402,25.12752914428711,25.1364688873291,24.62694549560547,24.769969940185547,1690569
2004-12-13,13.61253547668457,25.073894500732422,25.511905670166016,25.05601692199707,25.511905670166016,1180110
2004-12-14,13.597981452941895,25.047077178955078,25.172224044799805,24.993444442749023,25.073894500732422,863743
2004-12-15,13.61253547668457,25.073894500732422,25.2169189453125,25.029199600219727,25.073894500732422,928515
2004-12-16,13.539741516113281,24.939809799194336,25.163284301757812,24.80572509765625,25.1364688873291,1564605
2004-12-17,12.918570518493652,23.795618057250977,25.029199600219727,23.795618057250977,25.029199600219727,2476899
2004-12-20,13.214597702026367,24.340896606445312,24.358774185180664,23.938642501831055,24.135299682617188,1768207
2004-12-21,13.23401165008545,24.37665367126465,24.80572509765625,24.287263870239258,24.519676208496094,1312004
2004-12-22,13.408720016479492,24.698457717895508,24.993444442749023,24.421348571777344,24.55543327331543,1190066
2004-12-23,13.331067085266113,24.55543327331543,24.71633529663086,24.135299682617188,24.707395553588867,1172055
2004-12-27,13.039892196655273,24.019092559814453,24.662700653076172,24.019092559814453,24.62694549560547,757355
2004-12-28,13.418423652648926,24.71633529663086,24.71633529663086,24.108482360839844,24.135299682617188,636984
2004-12-29,13.394153594970703,24.671640396118164,24.868297576904297,24.55543327331543,24.71633529663086,373308
2004-12-30,13.510625839233398,24.88617515563965,24.939809799194336,24.546493530273438,24.680578231811523,725920
2004-12-31,13.462090492248535,24.796785354614258,24.993444442749023,24.761030197143555,24.939809799194336,405862
2005-01-03,13.209748268127441,24.331958770751953,24.859359741210938,24.135299682617188,24.796785354614258,1176082
2005-01-04,13.17577075958252,24.269384384155273,24.537555694580078,24.07272720336914,24.492860794067383,939143
2005-01-05,12.797249794006348,23.5721435546875,24.197872161865234,23.39336395263672,24.197872161865234,2119365
2005-01-06,13.282538414001465,24.46604347229004,24.618005752563477,23.50956916809082,23.50956916809082,1674684
2005-01-07,13.767834663391113,25.359943389892578,26.37005043029785,25.324186325073242,25.923099517822266,6374874
2005-01-10,13.704748153686523,25.243736267089844,25.502967834472656,24.957687377929688,25.422515869140625,1826603
2005-01-11,13.690195083618164,25.2169189453125,25.29737091064453,24.850419998168945,25.029199600219727,1350710
2005-01-12,14.025042533874512,25.833709716796875,25.842649459838867,25.225858688354492,25.225858688354492,2327665
2005-01-13,14.049304962158203,25.87840461730957,26.227025985717773,25.797954559326172,25.851587295532227,2483499
2005-01-14,13.94739055633545,25.690685272216797,25.9588565826416,25.690685272216797,25.833709716796875,2215684
2005-01-18,14.277399063110352,26.298538208007812,26.298538208007812,25.69962501525879,25.80689239501953,2468621
2005-01-19,14.07357406616211,25.923099517822266,26.325355529785156,25.896282196044922,26.298538208007812,2091621
2005-01-20,13.636802673339844,25.118589401245117,25.762197494506836,25.118589401245117,25.762197494506836,2198009
2005-01-21,13.452397346496582,24.778907775878906,25.359943389892578,24.72527313232422,25.172224044799805,1490883
2005-01-24,13.466949462890625,24.80572509765625,24.948749542236328,24.671640396118164,24.7878475189209,1453854
2005-01-25,13.699892044067383,25.23479652404785,25.342065811157227,24.769969940185547,24.850419998168945,1554984
2005-01-26,13.903715133666992,25.6102352142334,25.753259658813477,25.252674102783203,25.252674102783203,1368050
2005-01-27,14.10268783569336,25.976734161376953,26.012489318847656,25.520845413208008,25.601295471191406,1477794
2005-01-28,14.112394332885742,25.994611740112305,26.325355529785156,25.672807693481445,25.923099517822266,2053809
2005-01-31,14.3453369140625,26.423683166503906,26.486257553100586,26.253843307495117,26.37005043029785,1747735
2005-02-01,14.243420600891113,26.235965728759766,26.423683166503906,26.092941284179688,26.414745330810547,1318828
2005-02-02,14.190043449401855,26.137636184692383,26.325355529785156,25.86052703857422,26.316415786743164,1283365
2005-02-03,14.190043449401855,26.137636184692383,26.164453506469727,25.726442337036133,26.012489318847656,1220606
2005-02-04,13.680479049682617,25.19904136657715,25.529783248901367,25.073894500732422,25.520845413208008,2508446
2005-02-07,13.743570327758789,25.315248489379883,25.476150512695312,24.921932220458984,25.118589401245117,1614834
2005-02-08,13.811505317687988,25.440393447875977,25.45827293395996,25.172224044799805,25.315248489379883,1296118
2005-02-09,13.651361465454102,25.14540672302246,25.681747436523438,25.091772079467773,25.386760711669922,993400
2005-02-10,13.835777282714844,25.485088348388672,25.565540313720703,25.029199600219727,25.163284301757812,1118022
2005-02-11,13.961952209472656,25.71750259399414,25.78901481628418,25.118589401245117,25.494028091430664,1055823
2005-02-14,13.89400863647461,25.592357635498047,25.842649459838867,25.55660057067871,25.6102352142334,631055
2005-02-15,13.927985191345215,25.654930114746094,25.69962501525879,25.324186325073242,25.592357635498047,995973
2005-02-16,13.534891128540039,24.930870056152344,25.637052536010742,24.89511489868164,25.637052536010742,1256852
2005-02-17,13.457243919372559,24.7878475189209,24.921932220458984,24.56437110900879,24.89511489868164,1180669
2005-02-18,13.17092514038086,24.260446548461914,24.7878475189209,24.197872161865234,24.7878475189209,1580826
2005-02-22,13.098124504089355,24.126361846923828,24.591188430786133,24.028032302856445,24.260446548461914,1072044
2005-02-23,13.12724494934082,24.179994583129883,24.340896606445312,24.135299682617188,24.31407928466797,915762
2005-02-24,13.219449043273926,24.349836349487305,24.48392105102539,24.081666946411133,24.179994583129883,1037141
2005-02-25,13.340776443481445,24.57331085205078,24.57331085205078,24.15317726135254,24.40346908569336,1101465
2005-02-28,13.005924224853516,23.956520080566406,24.73421287536621,23.89394760131836,24.448165893554688,1792147
2005-03-01,13.360185623168945,24.609067916870117,24.778907775878906,24.081666946411133,24.090604782104492,1458217
2005-03-02,13.549447059631348,24.957687377929688,25.029199600219727,24.367713928222656,24.62694549560547,1360219
2005-03-03,13.641654014587402,25.12752914428711,25.190101623535156,24.71633529663086,24.98450469970703,999553
2005-03-04,13.8988618850708,25.601295471191406,25.78901481628418,24.841480255126953,25.29737091064453,1096208
2005-03-07,14.034744262695312,25.851587295532227,26.05718421936035,25.69962501525879,25.80689239501953,715516
2005-03-08,13.879453659057617,25.565540313720703,25.851587295532227,25.46721076965332,25.762197494506836,729388
2005-03-09,13.457243919372559,24.7878475189209,25.565540313720703,24.519676208496094,25.565540313720703,1277436
2005-03-10,13.340776443481445,24.57331085205078,24.7878475189209,24.278324127197266,24.7878475189209,1022709
2005-03-11,13.369894027709961,24.62694549560547,24.71633529663086,24.32301902770996,24.57331085205078,1035574
2005-03-14,13.30195426940918,24.501798629760742,24.88617515563965,24.439226150512695,24.743152618408203,1450386
2005-03-15,13.161216735839844,24.24256706237793,24.689517974853516,24.23362922668457,24.582250595092773,1497035
2005-03-16,12.739011764526367,23.464874267578125,24.179994583129883,23.044742584228516,24.179994583129883,2454413
2005-03-17,12.947689056396484,23.849252700805664,23.91182518005371,23.527448654174805,23.616838455200195,1566954
2005-03-18,13.122391700744629,24.171056747436523,24.269384384155273,23.83137321472168,23.91182518005371,2336727
2005-03-21,13.350483894348145,24.591188430786133,24.71633529663086,24.206811904907227,24.31407928466797,1457657
2005-03-22,13.369894027709961,24.62694549560547,25.207979202270508,24.528615951538086,24.537555694580078,1758138
2005-03-23,13.282538414001465,24.46604347229004,24.761030197143555,24.224689483642578,24.680578231811523,1427117
2005-03-24,14.558860778808594,26.816999435424805,27.156681060791016,26.182331085205078,26.28066062927246,8447701
2005-03-28,14.558860778808594,26.816999435424805,27.031536102294922,26.37898826599121,26.736549377441406,2921468
2005-03-29,14.757842063903809,27.18349838256836,27.317583084106445,26.459440231323242,26.638219833374023,2396129
2005-03-30,14.927691459655762,27.49636459350586,27.91649627685547,26.906389236450195,26.95108413696289,2712048
2005-03-31,14.888867378234863,27.42485237121582,27.621509552001953,27.201377868652344,27.380157470703125,2261551
2005-04-01,15.068432807922363,27.75559425354004,27.961191177368164,27.532119750976562,27.532119750976562,2695715
2005-04-04,15.039308547973633,27.701961517333984,28.381324768066406,27.532119750976562,28.381324768066406,1752321
2005-04-05,15.053868293762207,27.728778839111328,27.934375762939453,27.612571716308594,27.65726661682129,1587985
2005-04-06,15.068451881408691,27.719839096069336,27.862863540649414,27.648326873779297,27.728778839111328,1023604
2005-04-07,15.063584327697754,27.710899353027344,27.791351318359375,27.487424850463867,27.728778839111328,1569974
2005-04-08,14.971264839172363,27.541059494018555,27.74665641784668,27.398035049438477,27.621509552001953,1151247
2005-04-11,15.262813568115234,28.0773983001709,28.16678810119629,27.737716674804688,27.737716674804688,1916322
2005-04-12,15.189922332763672,27.943313598632812,28.113155364990234,27.648326873779297,27.934375762939453,1577470
2005-04-13,15.194787979125977,27.952253341674805,28.354507446289062,27.871801376342773,28.095277786254883,1925831
2005-04-14,14.985837936401367,27.5678768157959,27.934375762939453,27.5678768157959,27.934375762939453,1440765
2005-04-15,14.830350875854492,27.281827926635742,27.728778839111328,27.147743225097656,27.487424850463867,1825260
2005-04-18,14.898372650146484,27.40697479248047,27.51424217224121,26.93320655822754,27.281827926635742,1467054
2005-04-19,14.971264839172363,27.541059494018555,27.719839096069336,27.389095306396484,27.49636459350586,1512250
2005-04-20,14.689424514770508,27.02259635925293,27.710899353027344,26.968963623046875,27.648326873779297,1256181
2005-04-21,14.844919204711914,27.308645248413086,27.532119750976562,26.977901458740234,27.147743225097656,1124622
2005-04-22,14.791470527648926,27.210315704345703,27.478485107421875,27.120925903320312,27.317583084106445,1197449
2005-04-25,14.912948608398438,27.43379020690918,27.460607528686523,26.60246467590332,26.95108413696289,1881978
2005-04-26,14.694279670715332,27.031536102294922,27.6036319732666,27.01365852355957,27.43379020690918,1679271
2005-04-27,14.694279670715332,27.031536102294922,27.308645248413086,26.76336669921875,27.120925903320312,1271954
2005-04-28,14.485337257385254,26.647159576416016,27.08517074584961,26.593524932861328,26.84381675720215,1857702
2005-04-29,14.577655792236328,26.816999435424805,26.93320655822754,26.45050048828125,26.709732055664062,1320841
2005-05-02,14.616540908813477,26.888511657714844,26.968963623046875,26.70079231262207,26.968963623046875,1199239
2005-05-03,14.660268783569336,26.968963623046875,27.174560546875,26.736549377441406,26.8616943359375,1342656
2005-05-04,14.883797645568848,27.380157470703125,27.415912628173828,26.95108413696289,26.977901458740234,1113547
2005-05-05,15.204499244689941,27.970130920410156,28.041643142700195,27.469547271728516,27.710899353027344,1987135
2005-05-06,14.966401100158691,27.532119750976562,27.970130920410156,27.43379020690918,27.970130920410156,1611366
2005-05-09,14.806048393249512,27.237133026123047,27.442729949951172,27.120925903320312,27.43379020690918,1252153
2005-05-10,15.136473655700684,27.84498405456543,27.988008499145508,27.058353424072266,27.08517074584961,1663385
2005-05-11,15.214228630065918,27.988008499145508,28.041643142700195,27.782411575317383,27.782411575317383,1650073
2005-05-12,14.937248229980469,27.478485107421875,28.01482582092285,27.398035049438477,27.934375762939453,1887348
2005-05-13,14.592240333557129,26.84381675720215,27.451669692993164,26.718671798706055,27.442729949951172,1652086
2005-05-16,14.713723182678223,27.067291259765625,27.147743225097656,26.68291473388672,26.84381675720215,1208972
2005-05-17,14.738014221191406,27.11198616027832,27.219255447387695,26.816999435424805,27.040475845336914,1410225
2005-05-18,15.243372917175293,28.041643142700195,28.16678810119629,27.281827926635742,27.281827926635742,1767759
2005-05-19,15.340567588806152,28.220422744750977,28.506471633911133,28.01482582092285,28.220422744750977,2087817
2005-05-20,15.530070304870605,28.56904411315918,28.58692169189453,28.095277786254883,28.363447189331055,1783197
2005-05-23,15.811905860900879,29.087505340576172,29.194774627685547,28.595861434936523,28.595861434936523,1604654
2005-05-24,15.821625709533691,29.105384826660156,29.31098175048828,28.855091094970703,29.31098175048828,1142410
2005-05-25,15.748740196228027,28.971298217773438,29.185834884643555,28.765701293945312,29.105384826660156,1042287
2005-05-26,15.91395092010498,29.275224685668945,29.597028732299805,29.105384826660156,29.14113998413086,1366036
2005-05-27,15.938241958618164,29.31991958618164,29.328859329223633,29.06068992614746,29.203712463378906,824030
2005-05-31,15.782752990722656,29.033872604370117,29.346736907958984,29.024932861328125,29.346736907958984,1108849
2005-06-01,15.98198413848877,29.400371551513672,29.445066452026367,29.096445083618164,29.23052978515625,1918895
2005-06-02,16.01113510131836,29.454004287719727,29.46294403076172,29.22159194946289,29.275224685668945,1135026
2005-06-03,15.99169635772705,29.418249130249023,29.436126708984375,29.328859329223633,29.355676651000977,1391095
2005-06-06,15.938241958618164,29.31991958618164,29.31991958618164,28.72994613647461,29.033872604370117,2064213
2005-06-07,15.904232025146484,29.257347106933594,29.382492065429688,29.185834884643555,29.22159194946289,1190513
2005-06-08,15.943100929260254,29.328859329223633,29.400371551513672,29.15007972717285,29.284164428710938,1262893
2005-06-09,16.08887481689453,29.597028732299805,29.757930755615234,29.2484073638916,29.40930938720703,1626468
2005-06-10,16.249244689941406,29.89201545715332,29.918832778930664,29.507638931274414,29.543394088745117,1138159
2005-06-13,16.108322143554688,29.63278579711914,29.918832778930664,29.48082160949707,29.847320556640625,1105269
2005-06-14,16.08887481689453,29.597028732299805,29.766870498657227,29.427188873291016,29.543394088745117,1401163
2005-06-15,16.054868698120117,29.534456253051758,29.686418533325195,29.454004287719727,29.614906311035156,1625461
2005-06-16,16.108322143554688,29.63278579711914,29.740053176879883,29.427188873291016,29.534456253051758,1282246
2005-06-17,16.035425186157227,29.498699188232422,29.856260299682617,29.454004287719727,29.6417236328125,2176530
2005-06-20,16.210365295410156,29.82050323486328,30.106552124023438,29.507638931274414,29.507638931274414,2245889
2005-06-21,16.01113510131836,29.454004287719727,29.677480697631836,29.05175018310547,29.498699188232422,3223851
2005-06-22,16.108322143554688,29.63278579711914,29.748992919921875,29.445066452026367,29.63278579711914,2345117
2005-06-23,16.00141143798828,29.436126708984375,29.82050323486328,29.382492065429688,29.63278579711914,1404967
2005-06-24,15.889654159545898,29.23052978515625,29.597028732299805,29.176895141601562,29.436126708984375,1651080
2005-06-27,15.943100929260254,29.328859329223633,29.588090896606445,28.962360382080078,29.2126522064209,1206735
2005-06-28,15.870220184326172,29.194774627685547,29.48082160949707,29.123262405395508,29.48082160949707,1294999
2005-06-29,16.02570915222168,29.48082160949707,29.489761352539062,29.123262405395508,29.194774627685547,1653205
2005-06-30,16.02570915222168,29.48082160949707,29.72217559814453,29.400371551513672,29.498699188232422,1654436
2005-07-01,16.05000877380371,29.525516510009766,29.543394088745117,29.275224685668945,29.498699188232422,843495
2005-07-05,15.947962760925293,29.337797164916992,29.543394088745117,29.275224685668945,29.337797164916992,943059
2005-07-06,15.432892799377441,28.3902645111084,28.953420639038086,28.372386932373047,28.917665481567383,2191744
2005-07-07,15.447465896606445,28.417081832885742,28.4260196685791,27.97907066345215,28.08633804321289,1631950
2005-07-08,15.588382720947266,28.676311492919922,28.685251235961914,28.22936248779297,28.417081832885742,1202595
2005-07-11,15.787616729736328,29.042810440063477,29.05175018310547,28.452836990356445,28.58692169189453,1635306
2005-07-12,16.39501190185547,30.160186767578125,30.338966369628906,29.79368782043457,30.321088790893555,3479808
2005-07-13,16.390151977539062,30.151247024536133,30.347904205322266,29.945650100708008,30.178064346313477,2129657
2005-07-14,16.370716094970703,30.11549186706543,30.39259910583496,30.008222579956055,30.169124603271484,1329343
2005-07-15,16.569950103759766,30.481990814208984,30.660770416259766,29.999284744262695,30.11549186706543,1782079
2005-07-18,16.45818519592285,30.27639389038086,30.43729591369629,30.097612380981445,30.428356170654297,1172838
2005-07-19,16.51649284362793,30.3836612701416,30.508806228637695,30.04397964477539,30.39259910583496,998546
2005-07-20,16.608814239501953,30.55350112915039,30.562440872192383,30.14230728149414,30.240636825561523,943618
2005-07-21,16.550508499145508,30.44623374938965,30.660770416259766,30.12442970275879,30.52668571472168,1052690
2005-07-22,16.74973487854004,30.812732696533203,30.830610275268555,30.36578369140625,30.419416427612305,782750
2005-07-25,16.68170928955078,30.68758773803711,30.95575714111328,30.517745971679688,30.839550018310547,1221278
2005-07-26,16.86149787902832,31.018329620361328,31.080902099609375,30.607135772705078,30.678647994995117,862624
2005-07-27,16.603960037231445,30.54456329345703,31.02726936340332,30.338966369628906,31.018329620361328,1237163
2005-07-28,16.76917266845703,30.84848976135254,30.893184661865234,30.39259910583496,30.508806228637695,1113324
2005-07-29,16.86149787902832,31.018329620361328,31.152414321899414,30.61607551574707,30.84848976135254,1066339
2005-08-01,16.91495132446289,31.11665916442871,31.25968360900879,30.928939819335938,31.00939178466797,813738
2005-08-02,16.851781845092773,31.000452041625977,31.26862144470215,30.732282638549805,31.11665916442871,1409330
2005-08-03,16.691423416137695,30.70546531677246,30.911062240600586,30.607135772705078,30.911062240600586,583734
2005-08-04,16.7448787689209,30.803794860839844,30.928939819335938,30.490928649902344,30.70546531677246,921020
2005-08-05,16.079164505004883,29.579151153564453,30.562440872192383,29.436126708984375,30.55350112915039,1490883
2005-08-08,15.91395092010498,29.275224685668945,29.757930755615234,29.23052978515625,29.588090896606445,1570869
2005-08-09,16.040285110473633,29.507638931274414,29.516578674316406,29.284164428710938,29.39143180847168,1589663
2005-08-10,16.14719581604004,29.704296112060547,29.98140525817871,29.588090896606445,29.695358276367188,1109632
2005-08-11,16.414451599121094,30.195941925048828,30.21381950378418,29.73111343383789,29.82050323486328,1153597
2005-08-12,16.283254623413086,29.95458984375,30.0350399017334,29.677480697631836,29.97246742248535,1105381
2005-08-15,16.35614013671875,30.088674545288086,30.267454147338867,29.945650100708008,30.0350399017334,1079875
2005-08-16,15.666129112243652,28.8193359375,30.151247024536133,28.774641036987305,30.12442970275879,2235932
2005-08-17,15.695283889770508,28.872970581054688,29.123262405395508,28.765701293945312,28.783580780029297,1419622
2005-08-18,15.753593444824219,28.98023796081543,29.06962776184082,28.631616592407227,28.90872573852539,1480367
2005-08-19,15.753593444824219,28.98023796081543,29.266286849975586,28.90872573852539,29.14113998413086,1138494
2005-08-22,15.675846099853516,28.83721351623535,29.096445083618164,28.631616592407227,28.98023796081543,1303949
2005-08-23,15.753593444824219,28.98023796081543,29.15007972717285,28.721006393432617,28.765701293945312,1076742
2005-08-24,15.024711608886719,27.639387130737305,28.881908416748047,27.42485237121582,28.872970581054688,2964202
2005-08-25,15.306547164916992,28.15785026550293,28.381324768066406,26.95108413696289,27.639387130737305,3135362
2005-08-26,15.350276947021484,28.238300323486328,28.31875228881836,27.719839096069336,28.15785026550293,1742477
2005-08-29,15.306547164916992,28.15785026550293,28.31875228881836,27.853923797607422,28.01482582092285,1244546
2005-08-30,14.87407398223877,27.362279891967773,28.050582885742188,27.174560546875,28.041643142700195,2064213
2005-08-31,15.262813568115234,28.0773983001709,28.113155364990234,27.35334014892578,27.398035049438477,2425215
2005-09-01,14.616540908813477,26.888511657714844,28.0773983001709,26.504135131835938,28.0773983001709,2818212
2005-09-02,14.519349098205566,26.709732055664062,26.879573822021484,26.28959846496582,26.665037155151367,2529701
2005-09-06,14.893518447875977,27.398035049438477,27.478485107421875,26.68291473388672,26.816999435424805,2150688
2005-09-07,15.262813568115234,28.0773983001709,28.274057388305664,27.50530242919922,27.576814651489258,1928404
2005-09-08,15.199645042419434,27.961191177368164,28.06846046447754,27.710899353027344,27.97907066345215,769549
2005-09-09,15.364863395690918,28.265117645263672,28.345569610595703,27.853923797607422,27.97907066345215,1183913
2005-09-12,15.2482328414917,28.050582885742188,28.291934967041016,27.934375762939453,28.17572784423828,920125
2005-09-13,14.942108154296875,27.487424850463867,27.719839096069336,27.487424850463867,27.710899353027344,1361002
2005-09-14,14.587383270263672,26.83487892150879,27.558937072753906,26.816999435424805,27.549997329711914,1375545
2005-09-15,14.645689964294434,26.94214630126953,27.031536102294922,26.68291473388672,26.95108413696289,1731402
2005-09-16,14.893518447875977,27.398035049438477,27.5678768157959,27.076231002807617,27.09410858154297,1809375
2005-09-19,14.738014221191406,27.11198616027832,27.219255447387695,26.84381675720215,27.219255447387695,1090950
2005-09-20,14.242378234863281,26.20020866394043,27.129865646362305,26.02142906188965,27.076231002807617,1742924
2005-09-21,13.994559288024902,25.744319915771484,26.146575927734375,25.190101623535156,26.146575927734375,2182123
2005-09-22,14.12575626373291,25.985673904418945,26.21808624267578,25.190101623535156,25.744319915771484,2092740
2005-09-23,14.44160270690918,26.566707611083984,28.139972686767578,26.44156265258789,27.889680862426758,4317597
2005-09-26,14.854646682739258,27.326522827148438,27.40697479248047,26.718671798706055,27.08517074584961,2456427
2005-09-27,14.747740745544434,27.129865646362305,27.532119750976562,26.977901458740234,27.33546257019043,1365925
2005-09-28,14.35899829864502,26.414745330810547,27.33546257019043,26.396867752075195,27.210315704345703,1737555
2005-09-29,14.34928035736084,26.396867752075195,26.51307487487793,25.80689239501953,26.343233108520508,1336167
2005-09-30,14.757454872131348,27.147743225097656,27.174560546875,26.19127082824707,26.396867752075195,1528806
2005-10-03,14.718581199645996,27.076231002807617,27.281827926635742,26.808061599731445,26.968963623046875,1372860
2005-10-04,14.543645858764648,26.754426956176758,27.317583084106445,26.584585189819336,27.129865646362305,1389082
2005-10-05,14.626811027526855,26.727609634399414,27.201377868652344,26.37005043029785,26.566707611083984,1406198
2005-10-06,14.524086952209473,26.53989028930664,27.01365852355957,26.3521728515625,26.736549377441406,1246560
2005-10-07,14.597457885742188,26.67397689819336,26.968963623046875,26.423683166503906,26.504135131835938,1034568
2005-10-10,14.798032760620117,27.040475845336914,27.11198616027832,26.67397689819336,26.67397689819336,1216803
2005-10-11,14.793140411376953,27.031536102294922,27.415912628173828,26.968963623046875,27.2550106048584,1419622
2005-10-12,14.651267051696777,26.77230453491211,27.50530242919922,26.727609634399414,27.02259635925293,1379013
2005-10-13,14.856724739074707,27.147743225097656,27.219255447387695,26.44156265258789,26.638219833374023,1682179
2005-10-14,15.169815063476562,27.719839096069336,27.782411575317383,27.02259635925293,27.165620803833008,1712720
2005-10-17,14.895869255065918,27.219255447387695,27.612571716308594,26.85275650024414,27.612571716308594,1134579
2005-10-18,14.778462409973145,27.004718780517578,27.33546257019043,26.718671798706055,27.219255447387695,1192192
2005-10-19,15.150246620178223,27.684083938598633,27.81816864013672,26.77230453491211,27.004718780517578,1246336
2005-10-20,15.145355224609375,27.67514419555664,28.148910522460938,27.460607528686523,27.648326873779297,1355409
2005-10-21,15.257869720458984,27.880741119384766,28.15785026550293,27.451669692993164,27.809228897094727,1585077
2005-10-24,15.678574562072754,28.649494171142578,28.810396194458008,28.08633804321289,28.08633804321289,1437633
2005-10-25,15.585619926452637,28.47965431213379,29.22159194946289,28.050582885742188,28.676311492919922,1503524
2005-10-26,15.331246376037598,28.01482582092285,28.577983856201172,27.871801376342773,28.47965431213379,924264
2005-10-27,14.925219535827637,27.27288818359375,28.00588607788086,27.27288818359375,27.934375762939453,982772
2005-10-28,15.595415115356445,28.49753189086914,28.515409469604492,27.308645248413086,27.308645248413086,1307976
2005-10-31,15.859574317932129,28.98023796081543,29.382492065429688,28.604799270629883,28.604799270629883,1302159
2005-11-01,15.663897514343262,28.622678756713867,28.989177703857422,28.604799270629883,28.917665481567383,1107842
2005-11-02,15.923168182373047,29.096445083618164,29.15901756286621,28.604799270629883,28.622678756713867,726256
2005-11-03,16.025896072387695,29.284164428710938,29.6417236328125,29.078567504882812,29.2484073638916,1009845
2005-11-04,16.862415313720703,30.812732696533203,30.928939819335938,29.829442977905273,29.990345001220703,2326099
2005-11-07,16.901546478271484,30.884244918823242,31.19710922241211,30.607135772705078,30.803794860839844,1556997
2005-11-08,16.588470458984375,30.312149047851562,31.063024520874023,30.088674545288086,31.063024520874023,1607786
2005-11-09,16.720539093017578,30.55350112915039,30.642892837524414,30.222759246826172,30.410478591918945,878622
2005-11-10,16.789033889770508,30.678647994995117,30.768037796020508,30.240636825561523,30.52668571472168,1029422
2005-11-11,16.671632766723633,30.464111328125,30.678647994995117,30.106552124023438,30.660770416259766,692919
2005-11-14,16.80860137939453,30.71440315246582,31.125598907470703,30.481990814208984,30.59819793701172,1053474
2005-11-15,16.759679794311523,30.62501335144043,30.68758773803711,30.249576568603516,30.607135772705078,960398
2005-11-16,16.65205955505371,30.428356170654297,30.928939819335938,30.178064346313477,30.62501335144043,790245
2005-11-17,16.891769409179688,30.86636734008789,30.928939819335938,30.53562355041504,30.607135772705078,604094
2005-11-18,17.292903900146484,31.599365234375,31.67087745666504,30.79485511779785,31.089841842651367,1333035
2005-11-21,17.253768920898438,31.52785301208496,32.01949691772461,31.241804122924805,31.52785301208496,1871015
2005-11-22,17.605987548828125,32.17145919799805,32.305545806884766,31.35801124572754,31.35801124572754,1253943
2005-11-23,17.65001106262207,32.25191116333008,32.305545806884766,32.01055908203125,32.01949691772461,842488
2005-11-25,17.6549015045166,32.2608528137207,32.305545806884766,32.09101104736328,32.2608528137207,242645
2005-11-28,17.46901512145996,31.92116928100586,32.439632415771484,31.92116928100586,32.18933868408203,746392
2005-11-29,17.615772247314453,32.18933868408203,32.34130096435547,32.037376403808594,32.037376403808594,925719
2005-11-30,17.503252029418945,31.983741760253906,32.394935607910156,31.974803924560547,32.23403549194336,1304173
2005-12-01,17.742956161499023,32.4217529296875,32.448570251464844,32.09101104736328,32.09101104736328,1044971
2005-12-02,17.884822845458984,32.68098449707031,32.84188461303711,32.36811828613281,32.4217529296875,827833
2005-12-05,17.74785041809082,32.43069076538086,32.940216064453125,32.4217529296875,32.493263244628906,1235261
2005-12-06,17.757640838623047,32.448570251464844,32.91339874267578,32.4217529296875,32.51114273071289,1309654
2005-12-07,17.5913143157959,32.14464569091797,32.68992233276367,32.09994888305664,32.448570251464844,1481597
2005-12-08,17.082555770874023,31.214988708496094,32.082069396972656,31.214988708496094,32.082069396972656,2487750
2005-12-09,17.111900329589844,31.26862144470215,31.465280532836914,31.063024520874023,31.241804122924805,1472648
2005-12-12,17.131471633911133,31.304378509521484,31.635120391845703,31.19710922241211,31.554670333862305,966663
2005-12-13,16.593351364135742,30.321088790893555,31.000452041625977,30.249576568603516,30.481990814208984,2329231
2005-12-14,16.935789108276367,30.94681739807129,31.161354064941406,30.21381950378418,30.267454147338867,1176418
2005-12-15,17.023853302001953,31.10771942138672,31.43846321105957,30.812732696533203,30.928939819335938,1351158
2005-12-16,18.985509872436523,34.6922607421875,35.33586883544922,32.66310501098633,32.716739654541016,5713726
2005-12-19,18.69198226928711,34.15591812133789,34.63862609863281,33.97713851928711,34.28106689453125,1939702
2005-12-20,18.745800018310547,34.254249572753906,34.45984649658203,33.89668655395508,33.98607635498047,1575120
2005-12-21,18.682209014892578,34.13804244995117,34.8531608581543,33.89668655395508,34.52241897583008,1430249
2005-12-22,18.789823532104492,34.33469772338867,34.406211853027344,34.039710998535156,34.24530792236328,951001
2005-12-23,18.858312606811523,34.45984649658203,34.6922607421875,34.272125244140625,34.4151496887207,711601
2005-12-27,18.711545944213867,34.191673278808594,34.772708892822266,34.0307731628418,34.674381256103516,841146
2005-12-28,18.995285034179688,34.71013641357422,34.772708892822266,34.29000473022461,34.29000473022461,1000895
2005-12-29,19.146942138671875,34.987247467041016,35.228599548339844,34.71013641357422,34.808467864990234,1001342
2005-12-30,19.019742965698242,34.75483322143555,34.915733337402344,34.593929290771484,34.763771057128906,1048439
2006-01-03,18.82896614074707,34.406211853027344,35.26435470581055,33.95926284790039,35.26435470581055,3500503
2006-01-04,19.146942138671875,34.987247467041016,35.04981994628906,34.593929290771484,34.593929290771484,1532722
2006-01-05,18.68709945678711,34.14698028564453,35.174964904785156,33.89668655395508,35.11239242553711,2501175
2006-01-06,19.763322830200195,36.11355972290039,36.16719436645508,35.219661712646484,35.219661712646484,3498042
2006-01-09,20.022584915161133,36.58732604980469,36.819740295410156,35.66661071777344,35.78281784057617,2100906
2006-01-10,19.557857513427734,35.738121032714844,36.19401168823242,35.630855560302734,35.75600051879883,1972928
2006-01-11,19.582317352294922,35.78281784057617,35.93478012084961,35.52358627319336,35.74706268310547,1858373
2006-01-12,19.68994140625,35.97947311401367,36.28340148925781,35.7113037109375,35.77387619018555,1636425
2006-01-13,19.79266357421875,36.16719436645508,36.3370361328125,35.83645248413086,35.907962799072266,989149
2006-01-17,19.283910751342773,35.2375373840332,35.997352600097656,35.085575103759766,35.96159744262695,1359884
2006-01-18,19.35728645324707,35.37162399291992,35.53252410888672,34.8531608581543,35.01406478881836,1346683
2006-01-19,19.37196922302246,35.398441314697266,35.684486389160156,35.21072006225586,35.44313430786133,1168251
2006-01-20,19.014856338500977,34.74589157104492,35.35374450683594,34.71907424926758,35.2017822265625,1385837
2006-01-23,19.073551177978516,34.8531608581543,35.06769561767578,34.593929290771484,34.862098693847656,841481
2006-01-24,19.435558319091797,35.5146484375,35.56827926635742,34.862098693847656,35.094512939453125,1500727
2006-01-25,19.866037368774414,36.30127716064453,36.56945037841797,35.64873123168945,35.96159744262695,1676698
2006-01-26,19.822017669677734,36.220829010009766,36.649898529052734,35.952659606933594,36.560508728027344,1136481
2006-01-27,20.071500778198242,36.67671585083008,36.730350494384766,35.97947311401367,36.220829010009766,825931
2006-01-30,19.905189514160156,36.3727912902832,36.90913009643555,36.3727912902832,36.649898529052734,943506
2006-01-31,19.890506744384766,36.34597396850586,36.6856575012207,36.34597396850586,36.48899841308594,1142410
2006-02-01,19.856258392333984,36.28340148925781,36.51581573486328,36.024169921875,36.095680236816406,973263
2006-02-02,20.11064338684082,36.74822998046875,37.052154541015625,36.21188735961914,36.38172912597656,1258978
2006-02-03,20.223167419433594,36.953826904296875,37.07897186279297,36.319156646728516,36.78398513793945,2283813
2006-02-06,20.125324249267578,36.775047302246094,36.90019226074219,36.408546447753906,36.873374938964844,1053026
2006-02-07,20.159557342529297,36.83761978149414,37.230934143066406,36.649898529052734,36.649898529052734,1383264
2006-02-08,20.516677856445312,37.49016571044922,37.58849334716797,36.91807174682617,36.94488525390625,1752321
2006-02-09,20.48243522644043,37.42759323120117,37.72257995605469,37.3203239440918,37.49016571044922,1119365
2006-02-10,20.53624153137207,37.52592086791992,37.67788314819336,37.34714126586914,37.52592086791992,1329567
2006-02-13,20.286746978759766,37.07003402709961,37.42759323120117,36.819740295410156,37.31138610839844,1109296
2006-02-14,20.203594207763672,36.91807174682617,37.186241149902344,36.775047302246094,37.043216705322266,1205504
2006-02-15,20.25251007080078,37.00746154785156,37.08790969848633,36.4979362487793,36.560508728027344,1714509
2006-02-16,20.5460147857666,37.543800354003906,37.67788314819336,36.76610565185547,37.00746154785156,1277212
2006-02-17,20.272077560424805,37.043216705322266,37.49910354614258,36.99851989746094,37.49016571044922,628146
2006-02-21,20.413949966430664,37.30244827270508,37.48122787475586,36.8108024597168,36.83761978149414,1564716
2006-02-22,20.648754119873047,37.73151779174805,37.90135955810547,37.23987579345703,37.30244827270508,917217
2006-02-23,20.78083610534668,37.97287368774414,38.053321838378906,37.80303192138672,37.954994201660156,1634635
2006-02-24,20.912921905517578,38.21422576904297,38.25891876220703,37.83878707885742,37.97287368774414,1557333
2006-02-27,20.859098434448242,38.11589431762695,38.38406753540039,38.11589431762695,38.21422576904297,782973
2006-02-28,20.516677856445312,37.49016571044922,38.16952896118164,37.49016571044922,37.9460563659668,904016
2006-03-01,20.45796012878418,37.382896423339844,37.552738189697266,37.20411682128906,37.49910354614258,1347578
2006-03-02,20.24761962890625,36.99851989746094,37.17729949951172,36.8108024597168,37.159423828125,1224298
2006-03-03,20.369911193847656,37.22199630737305,37.51698303222656,36.74822998046875,36.74822998046875,1029310
2006-03-06,20.188922882080078,36.89125442504883,37.365020751953125,36.69459533691406,37.365020751953125,698960
2006-03-07,19.636125564575195,35.88114547729492,36.89125442504883,35.75600051879883,36.89125442504883,1580602
2006-03-08,19.777992248535156,36.140377044677734,36.220829010009766,35.47888946533203,35.80069351196289,1263005
2006-03-09,20.05193519592285,36.640960693359375,36.76610565185547,36.16719436645508,36.19401168823242,1329008
2006-03-10,19.973669052124023,36.4979362487793,36.69459533691406,36.095680236816406,36.53369140625,1216020
2006-03-13,19.963886260986328,36.48006057739258,36.90019226074219,36.35491180419922,36.560508728027344,545810
2006-03-14,20.007909774780273,36.560508728027344,36.560508728027344,36.050987243652344,36.38172912597656,930865
2006-03-15,20.09107208251953,36.71247482299805,36.721412658691406,36.363853454589844,36.560508728027344,898423
2006-03-16,20.159557342529297,36.83761978149414,36.90019226074219,36.43536376953125,36.828678131103516,1221166
2006-03-17,20.159557342529297,36.83761978149414,37.07003402709961,36.4979362487793,37.034278869628906,1087370
2006-03-20,20.10575294494629,36.739288330078125,36.8465576171875,36.48006057739258,36.8465576171875,996644
2006-03-21,20.198699951171875,36.90913009643555,36.92700958251953,36.53369140625,36.78398513793945,1465153
2006-03-22,20.11553192138672,36.75716781616211,36.775047302246094,35.9884147644043,36.640960693359375,2996644
2006-03-23,20.272077560424805,37.043216705322266,37.07003402709961,36.730350494384766,36.78398513793945,1085468
2006-03-24,20.340560913085938,37.16836166381836,37.472286224365234,37.08790969848633,37.365020751953125,1255957
2006-03-27,20.10575294494629,36.739288330078125,37.150482177734375,36.61414337158203,37.10578918457031,923034
2006-03-28,19.968782424926758,36.48899841308594,36.85549545288086,36.363853454589844,36.66777801513672,899429
2006-03-29,20.228044509887695,36.962764739990234,37.043216705322266,36.34597396850586,36.48899841308594,908043
2006-03-30,20.061731338500977,36.65884017944336,37.07897186279297,36.462181091308594,36.98958206176758,957490
2006-03-31,20.071500778198242,36.67671585083008,36.873374938964844,36.59626770019531,36.61414337158203,931983
2006-04-03,19.93453025817871,36.42642593383789,36.85549545288086,36.34597396850586,36.6856575012207,957490
2006-04-04,19.900293350219727,36.363853454589844,36.640960693359375,36.042049407958984,36.47111892700195,1614163
2006-04-05,19.822017669677734,36.220829010009766,36.38172912597656,35.952659606933594,36.3370361328125,903792
2006-04-06,19.88102149963379,36.149314880371094,36.19401168823242,35.586158752441406,36.024169921875,1110974
2006-04-07,19.817108154296875,36.03310775756836,36.560508728027344,35.729183197021484,36.15825653076172,1021703
2006-04-10,19.522130966186523,35.496768951416016,36.006290435791016,35.407379150390625,35.997352600097656,2326323
2006-04-11,19.29599380493164,35.085575103759766,35.43419647216797,34.915733337402344,35.3626823425293,2095536
2006-04-12,19.25666046142578,35.01406478881836,35.12133026123047,34.71907424926758,35.085575103759766,1452959
2006-04-13,19.472976684570312,35.407379150390625,35.487831115722656,34.96043014526367,35.076637268066406,1367938
2006-04-17,19.25174903869629,35.005123138427734,35.37162399291992,34.906795501708984,35.35374450683594,922922
2006-04-18,19.522130966186523,35.496768951416016,35.5504035949707,34.23637008666992,35.005123138427734,2313010
2006-04-19,19.22224235534668,34.95148849487305,35.729183197021484,34.897857666015625,35.62191390991211,1681620
2006-04-20,20.023582458496094,36.408546447753906,36.67671585083008,34.897857666015625,35.04981994628906,2591789
2006-04-21,19.999006271362305,36.363853454589844,36.92700958251953,36.140377044677734,36.408546447753906,1981206
2006-04-24,19.964588165283203,36.30127716064453,36.417484283447266,36.01523208618164,36.35491180419922,949099
2006-04-25,19.767946243286133,35.94371795654297,36.35491180419922,35.79175567626953,36.30127716064453,1283029
2006-04-26,19.33040428161621,35.14814758300781,35.96159744262695,35.11239242553711,35.952659606933594,1663833
2006-04-27,19.6253719329834,35.684486389160156,35.88114547729492,35.085575103759766,35.14814758300781,1206846
2006-04-28,19.468059539794922,35.398441314697266,35.76493835449219,35.35374450683594,35.62191390991211,1391655
2006-05-01,19.15342140197754,34.82634353637695,35.407379150390625,34.71907424926758,35.398441314697266,2145430
2006-05-02,19.005931854248047,34.55817413330078,34.83528137207031,34.28106689453125,34.82634353637695,1561360
2006-05-03,19.25666046142578,35.01406478881836,35.10345458984375,34.74589157104492,34.862098693847656,1723123
2006-05-04,19.32549285888672,35.13920974731445,35.496768951416016,35.03194046020508,35.04981994628906,1087594
2006-05-05,19.217329025268555,34.94255065917969,35.273292541503906,34.683319091796875,35.13920974731445,1813738
2006-05-08,19.2812442779541,35.05875778198242,35.183902740478516,33.87881088256836,34.191673278808594,2467949
2006-05-09,18.937108993530273,34.43302917480469,35.01406478881836,34.32575988769531,34.96936798095703,1330126
2006-05-10,18.981346130371094,34.51347732543945,34.602867126464844,33.15475082397461,33.88774871826172,2698848
2006-05-11,18.529064178466797,33.69108963012695,34.30788040161133,33.39610290527344,34.23637008666992,1576463
2006-05-12,18.0964412689209,32.90446090698242,33.60169982910156,32.7703742980957,33.60169982910156,2338964
2006-05-15,18.381576538085938,33.42292022705078,33.48549270629883,32.734619140625,32.92233657836914,1680277
2006-05-16,18.356998443603516,33.37822723388672,33.61064147949219,33.18156814575195,33.46761703491211,1420293
2006-05-17,17.88505744934082,32.52008056640625,33.37822723388672,32.493263244628906,33.15475082397461,1608457
2006-05-18,17.99811363220215,32.725677490234375,33.19050598144531,32.56477737426758,32.60053253173828,1380915
2006-05-19,17.821136474609375,32.403873443603516,32.98490905761719,32.36811828613281,32.850826263427734,2003020
2006-05-22,18.071863174438477,32.859764099121094,33.00278854370117,31.76920509338379,31.822839736938477,2028527
2006-05-23,17.550750732421875,31.912229537963867,33.06536102294922,31.858596801757812,33.01172637939453,1953015
2006-05-24,17.46717071533203,31.76026725769043,32.305545806884766,31.295438766479492,31.858596801757812,2164000
2006-05-25,17.865379333496094,32.48432540893555,33.16368865966797,32.16252136230469,33.16368865966797,2461014
2006-05-26,17.948955535888672,32.636287689208984,32.77931213378906,32.55583953857422,32.707801818847656,1012417
2006-05-30,17.762142181396484,32.296607971191406,32.64522933959961,32.18040084838867,32.64522933959961,838013
2006-05-31,17.408184051513672,31.652999877929688,32.296607971191406,31.384828567504883,32.296607971191406,2754559
2006-06-01,17.408184051513672,31.652999877929688,31.787084579467773,31.501035690307617,31.733449935913086,1933438
2006-06-02,17.45734214782715,31.742389678955078,32.117828369140625,31.35801124572754,31.697694778442383,1635642
2006-06-05,17.30986213684082,31.474218368530273,31.84965705871582,31.465280532836914,31.751327514648438,2308088
2006-06-06,17.33934783935547,31.52785301208496,31.706632614135742,31.18817138671875,31.51891326904297,1220942
2006-06-07,17.304933547973633,31.465280532836914,31.93904685974121,31.26862144470215,31.52785301208496,1611478
2006-06-08,17.46717071533203,31.76026725769043,31.822839736938477,31.152414321899414,31.492097854614258,1870232
2006-06-09,17.516334533691406,31.84965705871582,32.4575080871582,31.813901901245117,31.84965705871582,1351270
2006-06-12,17.157455444335938,31.19710922241211,32.135704040527344,31.02726936340332,31.840717315673828,1388298
2006-06-13,16.749414443969727,30.45517349243164,31.250743865966797,30.312149047851562,31.11665916442871,1689003
2006-06-14,17.26561164855957,31.393768310546875,31.411645889282227,30.258514404296875,30.39259910583496,1781519
2006-06-15,17.850627899169922,32.4575080871582,32.56477737426758,31.44740104675293,31.44740104675293,1411120
2006-06-16,17.722810745239258,32.225093841552734,32.60053253173828,31.92116928100586,32.403873443603516,1388970
2006-06-19,17.531082153320312,31.876474380493164,32.41281509399414,31.751327514648438,32.225093841552734,1092740
2006-06-20,17.481918334960938,31.787084579467773,32.037376403808594,31.42058563232422,31.77814483642578,1829064
2006-06-21,18.33733558654785,33.34246826171875,33.93244552612305,32.850826263427734,32.850826263427734,4793154
2006-06-22,18.445484161376953,33.539127349853516,33.95926284790039,33.10111618041992,33.37822723388672,2646269
2006-06-23,18.26358985900879,33.2083854675293,33.548065185546875,33.127933502197266,33.48549270629883,1388075
2006-06-26,18.25868034362793,33.19944763183594,33.458675384521484,33.118995666503906,33.16368865966797,1057053
2006-06-27,18.28817367553711,33.25307846069336,33.38716506958008,32.9312744140625,33.11005783081055,1398814
2006-06-28,18.140689849853516,32.98490905761719,33.440799713134766,32.305545806884766,33.30671310424805,1724242
2006-06-29,19.02068328857422,34.584991455078125,34.665443420410156,33.16368865966797,33.5212516784668,2428683
2006-06-30,19.369731903076172,35.219661712646484,35.309051513671875,34.584991455078125,34.584991455078125,2123168
2006-07-03,19.30582046508789,35.10345458984375,35.35374450683594,34.79952621459961,35.33586883544922,753216
2006-07-05,19.197669982910156,34.906795501708984,34.93361282348633,34.593929290771484,34.906795501708984,1305963
2006-07-06,19.26649284362793,35.03194046020508,35.398441314697266,34.817405700683594,34.906795501708984,1100794
2006-07-07,18.651966094970703,33.91456604003906,34.888916015625,33.860931396484375,34.888916015625,1971361
2006-07-10,18.88302993774414,34.33469772338867,34.64756393432617,34.0307731628418,34.14698028564453,1439758
2006-07-11,18.283260345458984,33.244140625,33.89668655395508,32.707801818847656,33.88774871826172,3813514
2006-07-12,17.693315505981445,32.17145919799805,33.25307846069336,31.626182556152344,33.25307846069336,3642913
2006-07-13,17.319690704345703,31.492097854614258,32.135704040527344,31.34907341003418,32.126766204833984,2581049
2006-07-14,17.049306869506836,31.000452041625977,31.67087745666504,30.839550018310547,31.50997543334961,1742589
2006-07-17,17.019804000854492,30.94681739807129,31.10771942138672,30.71440315246582,31.063024520874023,1773353
2006-07-18,16.906728744506836,30.741220474243164,31.43846321105957,30.321088790893555,31.080902099609375,2449827
2006-07-19,17.32461166381836,31.501035690307617,31.956924438476562,30.481990814208984,30.803794860839844,2430138
2006-07-20,16.754331588745117,30.464111328125,31.635120391845703,30.464111328125,31.42058563232422,1953462
2006-07-21,16.365955352783203,29.757930755615234,30.473051071166992,29.72217559814453,30.473051071166992,2116232
2006-07-24,16.818235397338867,30.580318450927734,30.93787956237793,29.927772521972656,29.98140525817871,2120260
2006-07-25,16.97555160522461,30.86636734008789,31.34907341003418,30.499868392944336,30.499868392944336,2268039
2006-07-26,16.980472564697266,30.87530517578125,31.241804122924805,30.481990814208984,30.87530517578125,1982213
2006-07-27,16.395450592041016,29.811565399169922,30.893184661865234,29.740053176879883,30.884244918823242,2336391
2006-07-28,16.64125633239746,30.258514404296875,30.490928649902344,29.766870498657227,29.82050323486328,1177089
2006-07-31,16.61668586730957,30.21381950378418,30.508806228637695,29.909894943237305,30.178064346313477,902002
2006-08-01,16.449527740478516,29.909894943237305,30.23169708251953,29.650663375854492,30.04397964477539,1512921
2006-08-02,16.960803985595703,30.839550018310547,31.063024520874023,30.079734802246094,30.079734802246094,1648842
2006-08-03,17.157455444335938,31.19710922241211,31.304378509521484,29.418249130249023,30.079734802246094,1926054
2006-08-04,17.30986213684082,31.474218368530273,33.74472427368164,31.36695098876953,31.733449935913086,4210762
2006-08-07,17.201696395874023,31.27756118774414,31.733449935913086,30.884244918823242,31.644060134887695,1657792
2006-08-08,16.916555404663086,30.759098052978516,31.44740104675293,30.68758773803711,31.384828567504883,1092963
2006-08-09,16.646175384521484,30.267454147338867,31.134536743164062,30.13336944580078,31.080902099609375,1693925
2006-08-10,16.749414443969727,30.45517349243164,30.61607551574707,29.95458984375,30.23169708251953,1879181
2006-08-11,16.901809692382812,30.732282638549805,30.79485511779785,30.29427146911621,30.464111328125,865086
2006-08-14,16.872314453125,30.678647994995117,31.331195831298828,30.59819793701172,31.09878158569336,1263452
2006-08-15,17.32461166381836,31.501035690307617,31.67087745666504,30.839550018310547,30.973634719848633,1003356
2006-08-16,17.88996696472168,32.529022216796875,32.546897888183594,31.483158111572266,31.563608169555664,1292538
2006-08-17,18.00303077697754,32.734619140625,33.127933502197266,32.216156005859375,32.529022216796875,1240295
2006-08-18,18.189847946166992,33.07429885864258,33.07429885864258,32.32342529296875,32.83294677734375,1078420
2006-08-21,17.806394577026367,32.37705612182617,33.038543701171875,32.10888671875,33.029605865478516,986799
2006-08-22,17.64907455444336,32.09101104736328,32.448570251464844,32.028438568115234,32.25191116333008,1002685
2006-08-23,17.18203353881836,31.241804122924805,32.207218170166016,31.134536743164062,31.903291702270508,1424097
2006-08-24,17.314769744873047,31.483158111572266,31.644060134887695,30.93787956237793,31.27756118774414,1199799
2006-08-25,17.034549713134766,30.973634719848633,31.536792755126953,30.902122497558594,31.232866287231445,978633
2006-08-28,17.32461166381836,31.501035690307617,31.67087745666504,30.964696884155273,30.973634719848633,712720
2006-08-29,17.663820266723633,32.117828369140625,32.32342529296875,31.715572357177734,31.822839736938477,1656673
2006-08-30,17.472091674804688,31.76920509338379,32.28766632080078,31.733449935913086,32.225093841552734,1493456
2006-08-31,17.403263092041016,31.644060134887695,32.037376403808594,31.644060134887695,31.76920509338379,1069471
2006-09-01,17.678573608398438,32.14464569091797,32.50220489501953,31.77814483642578,31.822839736938477,933326
2006-09-05,17.732646942138672,32.24297332763672,32.394935607910156,32.037376403808594,32.33236312866211,1457769
2006-09-06,17.688398361206055,32.16252136230469,32.37705612182617,31.956924438476562,32.25191116333008,1404967
2006-09-07,17.403263092041016,31.644060134887695,32.09101104736328,31.44740104675293,32.09101104736328,1262557
2006-09-08,17.929290771484375,32.60053253173828,32.707801818847656,31.50997543334961,31.697694778442383,1205616
2006-09-11,18.58806037902832,33.79835891723633,33.91456604003906,32.493263244628906,32.493263244628906,2447477
2006-09-12,19.25666046142578,35.01406478881836,35.3626823425293,33.79835891723633,33.92350387573242,2363575
2006-09-13,19.241914749145508,34.987247467041016,35.094512939453125,34.62074661254883,35.02300262451172,2395122
2006-09-14,19.15342140197754,34.82634353637695,35.094512939453125,34.450904846191406,34.593929290771484,1657344
2006-09-15,19.0649356842041,34.665443420410156,35.02300262451172,34.4151496887207,34.888916015625,3142410
2006-09-18,18.71588134765625,34.0307731628418,34.665443420410156,33.89668655395508,34.665443420410156,2072044
2006-09-19,19.10426139831543,34.73695373535156,34.772708892822266,33.81623840332031,34.23637008666992,2141627
2006-09-20,20.402130126953125,37.09685134887695,37.32926559448242,35.89008331298828,36.20294952392578,5990155
2006-09-21,21.01665496826172,38.21422576904297,38.79526138305664,37.34714126586914,37.543800354003906,4299139
2006-09-22,20.834754943847656,37.88348388671875,38.07120132446289,37.472286224365234,37.99074935913086,2143416
2006-09-25,21.188720703125,38.5270881652832,38.5270881652832,37.445472717285156,37.99074935913086,1969348
2006-09-26,21.193632125854492,38.53602981567383,38.696929931640625,38.196346282958984,38.39300537109375,1923929
2006-09-27,21.026485443115234,38.23210144042969,38.8399543762207,38.187408447265625,38.43769836425781,2554313
2006-09-28,21.188720703125,38.5270881652832,38.777381896972656,38.205284118652344,38.30361557006836,2010851
2006-09-29,20.878997802734375,37.963932037353516,38.79526138305664,37.874542236328125,38.518150329589844,1616064
2006-10-02,20.9183292388916,38.03544616699219,38.679054260253906,37.52592086791992,37.963932037353516,1369504
2006-10-03,21.296875,38.72374725341797,38.875709533691406,38.04438400268555,38.098018646240234,2068576
2006-10-04,21.72458267211914,39.501441955566406,39.52825927734375,38.74162673950195,38.79526138305664,2052019
2006-10-05,21.675416946411133,39.412052154541016,39.71597671508789,39.233272552490234,39.4656867980957,1306298
2006-10-06,21.537763595581055,39.16175842285156,39.555076599121094,38.9650993347168,39.412052154541016,1556102
2006-10-09,21.636079788208008,39.340538024902344,39.43886947631836,38.85783386230469,39.242210388183594,1701644
2006-10-10,21.414867401123047,38.93828582763672,39.2779655456543,38.58072280883789,39.197513580322266,1872021
2006-10-11,21.085487365722656,38.33937072753906,38.93828582763672,38.23210144042969,38.93828582763672,1374203
2006-10-12,21.542682647705078,39.17069625854492,39.286903381347656,38.509212493896484,38.55390548706055,1575791
2006-10-13,21.405031204223633,38.920406341552734,39.2779655456543,38.75056457519531,39.018733978271484,1388075
2006-10-16,21.2624568939209,38.66117477416992,38.7684440612793,38.25891876220703,38.7684440612793,1514711
2006-10-17,20.883922576904297,37.97287368774414,38.48239517211914,37.61531066894531,38.48239517211914,1447254
2006-10-18,20.7020206451416,37.642127990722656,38.57178497314453,37.22199630737305,38.11589431762695,1920797
2006-10-19,20.397212982177734,37.08790969848633,37.6331901550293,36.971702575683594,37.62425231933594,1304396
2006-10-20,20.436546325683594,37.159423828125,37.31138610839844,36.61414337158203,37.230934143066406,1222732
2006-10-23,20.43162727355957,37.150482177734375,37.25775146484375,36.8108024597168,36.98064422607422,1542231
2006-10-24,20.569278717041016,37.40077590942383,38.12483596801758,37.141544342041016,37.32926559448242,1449379
2006-10-25,20.66269302368164,37.57061767578125,38.089080810546875,37.150482177734375,37.51698303222656,966104
2006-10-26,20.623353958129883,37.49910354614258,37.57061767578125,36.89125442504883,37.57061767578125,1016333
2006-10-27,20.156330108642578,36.649898529052734,37.49910354614258,36.60520553588867,37.49910354614258,856136
2006-10-30,20.667606353759766,37.57955551147461,37.58849334716797,36.43536376953125,36.52475357055664,1153261
2006-10-31,20.598773956298828,37.454410552978516,37.82090759277344,37.159423828125,37.57955551147461,1807697
2006-11-01,20.411964416503906,37.11472702026367,37.963932037353516,37.061092376708984,37.67788314819336,1145989
2006-11-02,20.446369171142578,37.17729949951172,37.275630950927734,36.453243255615234,37.00746154785156,1215684
2006-11-03,19.620450973510742,35.6755485534668,37.186241149902344,35.5146484375,37.186241149902344,2591565
2006-11-06,20.121906280517578,36.58732604980469,37.49016571044922,36.01523208618164,36.03310775756836,2270836
2006-11-07,20.067832946777344,36.48899841308594,36.78398513793945,36.319156646728516,36.50687789916992,889473
2006-11-08,20.397212982177734,37.08790969848633,37.16836166381836,36.06886672973633,36.4979362487793,1581273
2006-11-09,19.91542625427246,36.21188735961914,37.061092376708984,36.140377044677734,37.061092376708984,1631167
2006-11-10,20.11698341369629,36.57838821411133,36.58732604980469,36.21188735961914,36.47111892700195,1104933
2006-11-13,20.121906280517578,36.58732604980469,36.76610565185547,36.11355972290039,36.408546447753906,1099787
2006-11-14,20.04816246032715,36.453243255615234,36.67671585083008,36.10462188720703,36.640960693359375,1922251
2006-11-15,20.053081512451172,36.462181091308594,36.739288330078125,36.29233932495117,36.29233932495117,1784987
2006-11-16,20.180906295776367,36.69459533691406,36.721412658691406,36.44430160522461,36.62308120727539,1383376
2006-11-17,20.04816246032715,36.453243255615234,36.59626770019531,36.3370361328125,36.52475357055664,1360890
2006-11-20,20.274311065673828,36.864437103271484,37.07897186279297,36.67671585083008,36.69459533691406,2111422
2006-11-21,20.2890625,36.89125442504883,37.061092376708984,36.649898529052734,36.873374938964844,1537308
2006-11-22,20.382463455200195,37.061092376708984,37.09685134887695,36.6856575012207,36.78398513793945,1267815
2006-11-24,19.78761100769043,35.97947311401367,36.873374938964844,35.899024963378906,36.75716781616211,1051460
2006-11-27,19.763015747070312,35.93478012084961,36.50687789916992,35.809635162353516,35.97947311401367,2811276
2006-11-28,19.75812339782715,35.92584228515625,36.363853454589844,35.44313430786133,35.729183197021484,1951113
2006-11-29,19.74336051940918,35.899024963378906,36.26552200317383,35.586158752441406,35.9884147644043,1466831
2006-11-30,19.738439559936523,35.89008331298828,35.97053527832031,35.407379150390625,35.84539031982422,1500615
2006-12-01,19.694196701049805,35.809635162353516,36.17613220214844,35.398441314697266,35.76493835449219,1465936
2006-12-04,20.185815811157227,36.70353317260742,36.8108024597168,35.75600051879883,35.818572998046875,1237834
2006-12-05,19.91542625427246,36.21188735961914,36.721412658691406,36.006290435791016,36.70353317260742,1273856
2006-12-06,19.88102149963379,36.149314880371094,36.328094482421875,35.96159744262695,36.27446365356445,1055599
2006-12-07,19.63028907775879,35.69342803955078,36.363853454589844,35.62191390991211,36.01523208618164,1517508
2006-12-08,19.763015747070312,35.93478012084961,36.17613220214844,35.38949966430664,35.66661071777344,1753887
2006-12-11,20.08258056640625,36.51581573486328,36.57838821411133,35.93478012084961,36.024169921875,1268822
2006-12-12,19.620450973510742,35.6755485534668,36.11355972290039,35.46995162963867,36.11355972290039,1941828
2006-12-13,20.244810104370117,36.8108024597168,36.83761978149414,35.6755485534668,35.6755485534668,2836000
2006-12-14,20.284141540527344,36.8823127746582,37.186241149902344,36.65884017944336,36.971702575683594,1620315
2006-12-15,19.88102149963379,36.149314880371094,37.20411682128906,35.9884147644043,36.971702575683594,2377000
2006-12-18,19.81218910217285,36.024169921875,36.632022857666016,35.89008331298828,36.29233932495117,1538315
2006-12-19,19.95475196838379,36.28340148925781,36.28340148925781,35.630855560302734,35.80069351196289,2290077
2006-12-20,19.66961669921875,35.76493835449219,36.819740295410156,35.317989349365234,36.3727912902832,3299810
2006-12-21,19.64995765686035,35.729183197021484,36.238704681396484,35.69342803955078,35.97947311401367,1632397
2006-12-22,19.871179580688477,36.131439208984375,36.26552200317383,35.720245361328125,35.818572998046875,1046538
2006-12-26,19.964588165283203,36.30127716064453,36.408546447753906,36.08674240112305,36.140377044677734,745609
2006-12-27,19.9105167388916,36.20294952392578,36.551570892333984,35.899024963378906,36.328094482421875,949771
2006-12-28,19.98917007446289,36.34597396850586,36.48006057739258,36.0599250793457,36.06886672973633,745833
2006-12-29,19.748279571533203,35.907962799072266,36.39067077636719,35.80069351196289,36.28340148925781,900101
2007-01-03,19.822021484375,36.042049407958984,36.363853454589844,35.69342803955078,35.907962799072266,1729947
2007-01-04,19.640117645263672,35.7113037109375,36.024169921875,35.398441314697266,36.024169921875,2117798
2007-01-05,19.23699188232422,34.97830581665039,35.52358627319336,34.87997817993164,35.309051513671875,2299810
2007-01-08,19.03544044494629,34.61180877685547,34.915733337402344,34.42408752441406,34.915733337402344,1997651
2007-01-09,19.099336624145508,34.7280158996582,35.02300262451172,34.45984649658203,34.772708892822266,1825819
2007-01-10,19.05018424987793,34.63862609863281,34.78165054321289,34.361515045166016,34.5402946472168,1919902
2007-01-11,19.45330238342285,35.37162399291992,35.44313430786133,34.8531608581543,34.8531608581543,1900213
2007-01-12,19.38448143005371,35.24647521972656,35.586158752441406,35.174964904785156,35.38056182861328,1571205
2007-01-16,19.694196701049805,35.809635162353516,36.024169921875,35.6755485534668,36.024169921875,1916545
2007-01-17,19.753189086914062,35.916900634765625,36.29233932495117,35.79175567626953,36.29233932495117,2107395
2007-01-18,19.70894432067871,35.83645248413086,36.006290435791016,35.684486389160156,35.899024963378906,1994742
2007-01-19,19.620450973510742,35.6755485534668,35.97947311401367,35.487831115722656,35.85432815551758,1495357
2007-01-22,19.340232849121094,35.1660270690918,35.7113037109375,34.95148849487305,35.66661071777344,1810493
2007-01-23,19.286155700683594,35.06769561767578,35.38949966430664,34.906795501708984,35.15708541870117,1358653
2007-01-24,19.340232849121094,35.1660270690918,35.309051513671875,35.04087829589844,35.085575103759766,1976731
2007-01-25,19.06984519958496,34.674381256103516,35.219661712646484,34.61180877685547,35.05875778198242,1210091
2007-01-26,18.838794708251953,34.254249572753906,34.79058837890625,34.1022834777832,34.64756393432617,1276653
2007-01-29,18.981346130371094,34.51347732543945,34.772708892822266,34.31682205200195,34.504539489746094,1269941
2007-01-30,19.01577377319336,34.576053619384766,34.665443420410156,34.23637008666992,34.53135681152344,1152142
2007-01-31,19.241914749145508,34.987247467041016,35.14814758300781,34.51347732543945,34.576053619384766,2176865
2007-02-01,19.4434814453125,35.35374450683594,35.416316986083984,34.84422302246094,34.996185302734375,1714509
2007-02-02,19.802352905273438,36.006290435791016,36.28340148925781,35.57722091674805,35.97947311401367,2570757
2007-02-05,19.71385955810547,35.84539031982422,36.39067077636719,35.729183197021484,36.01523208618164,1930977
2007-02-06,19.86627197265625,36.12249755859375,36.20294952392578,35.75600051879883,35.809635162353516,1968565
2007-02-07,20.397212982177734,37.08790969848633,37.08790969848633,35.9884147644043,36.024169921875,2983331
2007-02-08,20.529945373535156,37.32926559448242,37.43653106689453,37.02533721923828,37.1236686706543,2582280
2007-02-09,20.34313201904297,36.98958206176758,37.463348388671875,36.962764739990234,37.275630950927734,2151807
2007-02-12,20.27923011779785,36.873374938964844,37.043216705322266,36.649898529052734,36.98064422607422,1260432
2007-02-13,20.962570190429688,38.11589431762695,38.410884857177734,37.454410552978516,37.463348388671875,2994854
2007-02-14,20.9183292388916,38.03544616699219,38.34830856323242,37.9460563659668,38.11589431762695,1384495
2007-02-15,20.95765495300293,38.106956481933594,38.16059112548828,37.84772491455078,38.08013916015625,1452959
2007-02-16,20.996992111206055,38.178470611572266,38.64329528808594,37.89242172241211,37.92817687988281,2182683
2007-02-20,20.992069244384766,38.16952896118164,38.44664001464844,37.91029739379883,38.03544616699219,1276653
2007-02-21,20.97240447998047,38.13377380371094,38.43769836425781,37.84772491455078,38.106956481933594,1575344
2007-02-22,20.95273780822754,38.098018646240234,38.43769836425781,37.88348388671875,38.16952896118164,1318268
2007-02-23,20.97240447998047,38.13377380371094,38.25891876220703,37.90135955810547,37.9460563659668,1342096
2007-02-26,20.657773971557617,37.56167984008789,38.16059112548828,37.48122787475586,38.08013916015625,1110079
2007-02-27,20.03341293334961,36.42642593383789,37.3203239440918,36.21188735961914,37.3203239440918,1526905
2007-02-28,20.15140724182129,36.640960693359375,36.873374938964844,36.16719436645508,36.649898529052734,1353283
2007-03-01,19.9105167388916,36.20294952392578,36.560508728027344,35.76493835449219,35.87220764160156,1872916
2007-03-02,19.56147003173828,35.56827926635742,36.238704681396484,35.5504035949707,36.024169921875,1737666
2007-03-05,19.212411880493164,34.93361282348633,35.487831115722656,34.93361282348633,35.317989349365234,1373308
2007-03-06,19.438562393188477,35.34480667114258,35.541465759277344,35.03194046020508,35.43419647216797,1397919
2007-03-07,19.310745239257812,35.11239242553711,35.57722091674805,35.094512939453125,35.35374450683594,1266696
2007-03-08,19.600786209106445,35.639793395996094,35.9884147644043,35.34480667114258,35.44313430786133,1161092
2007-03-09,19.566383361816406,35.57722091674805,35.84539031982422,35.38056182861328,35.84539031982422,1054816
2007-03-12,19.66961669921875,35.76493835449219,35.87220764160156,35.45207214355469,35.57722091674805,1004363
2007-03-13,19.286155700683594,35.06769561767578,35.75600051879883,35.04087829589844,35.53252410888672,1099004
2007-03-14,19.472976684570312,35.407379150390625,35.69342803955078,34.808467864990234,35.19284439086914,2093747
2007-03-15,19.472976684570312,35.407379150390625,35.827510833740234,35.28223419189453,35.35374450683594,1249357
2007-03-16,19.38448143005371,35.24647521972656,36.149314880371094,35.094512939453125,35.43419647216797,1170713
2007-03-19,19.994083404541016,36.35491180419922,36.640960693359375,35.916900634765625,35.97947311401367,2095872
2007-03-20,20.31855583190918,36.94488525390625,37.09685134887695,36.140377044677734,36.19401168823242,1805907
2007-03-21,19.94491958618164,36.26552200317383,36.6856575012207,35.69342803955078,36.6856575012207,3586531
2007-03-22,20.038333892822266,36.43536376953125,36.542633056640625,35.97947311401367,36.131439208984375,1949771
2007-03-23,20.313642501831055,36.93594741821289,37.02533721923828,36.462181091308594,36.52475357055664,1421971
2007-03-26,20.264482498168945,36.8465576171875,36.92700958251953,36.560508728027344,36.85549545288086,1206735
2007-03-27,20.33822250366211,36.98064422607422,37.052154541015625,36.65884017944336,36.819740295410156,1364470
2007-03-28,20.27923011779785,36.873374938964844,37.034278869628906,36.65884017944336,36.98958206176758,1196554
2007-03-29,20.475872039794922,37.230934143066406,37.3203239440918,36.76610565185547,37.275630950927734,1941828
2007-03-30,20.249727249145508,36.819740295410156,37.275630950927734,36.542633056640625,36.542633056640625,1585412
2007-04-02,20.156330108642578,36.649898529052734,36.953826904296875,36.60520553588867,36.78398513793945,2171048
2007-04-03,20.4512939453125,37.186241149902344,37.40971374511719,36.69459533691406,36.828678131103516,1568744
2007-04-04,20.574201583862305,37.40971374511719,37.5080451965332,36.89125442504883,37.24881362915039,1925383
2007-04-05,20.806529998779297,37.62425231933594,37.82984924316406,37.02533721923828,37.02533721923828,1380244
2007-04-09,20.68294334411621,37.40077590942383,37.60637283325195,37.31138610839844,37.597434997558594,844837
2007-04-10,20.41106414794922,36.90913009643555,37.3203239440918,36.8823127746582,37.3203239440918,945743
2007-04-11,20.228160858154297,36.57838821411133,37.034278869628906,36.53369140625,36.953826904296875,1042175
2007-04-12,20.139177322387695,36.417484283447266,36.61414337158203,36.149314880371094,36.57838821411133,1213223
2007-04-13,20.163898468017578,36.462181091308594,37.17729949951172,36.34597396850586,37.17729949951172,1122497
2007-04-16,20.336923599243164,36.775047302246094,36.775047302246094,36.229766845703125,36.51581573486328,1479472
2007-04-17,20.48521614074707,37.043216705322266,37.21305847167969,36.58732604980469,36.739288330078125,1622217
2007-04-18,20.50004005432129,37.07003402709961,37.17729949951172,36.739288330078125,37.00746154785156,1161204
2007-04-19,20.203449249267578,36.53369140625,37.07897186279297,36.462181091308594,37.07897186279297,1355409
2007-04-20,20.39129638671875,36.873374938964844,36.90913009643555,36.51581573486328,36.53369140625,1362457
2007-04-23,20.14412498474121,36.42642593383789,36.99851989746094,36.39960861206055,36.953826904296875,750643
2007-04-24,20.149072647094727,36.43536376953125,36.57838821411133,36.07780456542969,36.42642593383789,999105
2007-04-25,20.539592742919922,37.141544342041016,37.21305847167969,36.8108024597168,36.91807174682617,1248462
2007-04-26,20.762041091918945,37.543800354003906,37.93711471557617,37.41865539550781,37.41865539550781,1905470
2007-04-27,20.92023468017578,37.82984924316406,37.9818115234375,37.186241149902344,37.543800354003906,1637767
2007-04-30,20.50498390197754,37.07897186279297,37.9460563659668,37.07003402709961,37.91923904418945,1329120
2007-05-01,20.791698455810547,37.597434997558594,37.74045944213867,36.75716781616211,37.08790969848633,1324980
2007-05-02,20.92517852783203,37.83878707885742,38.40194320678711,37.686824798583984,37.686824798583984,1217250
2007-05-03,21.088306427001953,38.13377380371094,38.1427116394043,37.65106964111328,37.84772491455078,1347131
2007-05-04,21.365137100219727,38.63435745239258,39.099185943603516,38.375125885009766,39.08130645751953,1364247
2007-05-07,22.497154235839844,40.68138885498047,41.64680099487305,40.22549819946289,40.234439849853516,4451393
2007-05-08,22.556480407714844,40.788658142089844,40.985313415527344,40.422157287597656,40.67245101928711,2050006
2007-05-09,22.680063247680664,41.01213073730469,41.11940002441406,40.44003677368164,40.53836441040039,1352277
2007-05-10,22.43290138244629,40.565181732177734,41.065765380859375,40.36852264404297,40.69032669067383,1685312
2007-05-11,22.6405086517334,40.94062042236328,40.967437744140625,40.50260925292969,40.743961334228516,896856
2007-05-14,22.41806411743164,40.53836441040039,40.967437744140625,40.27019500732422,40.788658142089844,1040832
2007-05-15,22.076976776123047,39.921573638916016,40.53836441040039,39.80536651611328,40.2880744934082,1669650
2007-05-16,22.35873794555664,40.431095123291016,40.59199905395508,40.10929489135742,40.1361083984375,832308
2007-05-17,22.294490814208984,40.31489181518555,40.52048873901367,40.04671859741211,40.243377685546875,969683
2007-05-18,22.413116455078125,40.52942657470703,40.60093688964844,39.939453125,40.49367141723633,918671
2007-05-21,22.57625389099121,40.82441329956055,40.878047943115234,40.40428161621094,40.40428161621094,1481597
2007-05-22,22.462553024291992,40.61881637573242,40.878047943115234,40.4132194519043,40.82441329956055,987918
2007-05-23,22.2104434967041,40.162925720214844,40.645633697509766,40.153987884521484,40.60987854003906,1038371
2007-05-24,22.195621490478516,40.1361083984375,40.985313415527344,39.99308776855469,40.35958480834961,1173286
2007-05-25,22.403236389160156,40.51154708862305,40.68138885498047,39.90369415283203,40.145050048828125,1055599
2007-05-29,22.338972091674805,40.39533996582031,40.645633697509766,39.98414611816406,40.448974609375,961741
2007-05-30,22.368637084960938,40.448974609375,40.60987854003906,40.00202560424805,40.1361083984375,1294776
2007-05-31,22.52681541442871,40.735023498535156,40.77077865600586,40.21656036376953,40.574119567871094,1126300
2007-06-01,22.6405086517334,40.94062042236328,41.11940002441406,40.565181732177734,40.735023498535156,1573330
2007-06-04,23.09035873413086,41.75407028198242,41.83451843261719,40.77971649169922,40.91380310058594,1426110
2007-06-05,23.139787673950195,41.84346008300781,41.91497039794922,41.34287643432617,41.557411193847656,1569079
2007-06-06,22.63557243347168,40.93168258666992,41.85239791870117,40.77971649169922,41.85239791870117,1816870
2007-06-07,22.05720329284668,39.88581848144531,40.94955825805664,39.742794036865234,40.93168258666992,2011970
2007-06-08,22.353792190551758,40.422157287597656,40.448974609375,39.08130645751953,39.08130645751953,1255957
2007-06-11,22.41806411743164,40.53836441040039,40.77077865600586,40.02884292602539,40.45791244506836,1424097
2007-06-12,22.437843322753906,40.574119567871094,40.976375579833984,40.475791931152344,40.54730224609375,2068017
2007-06-13,23.05575180053711,41.691497802734375,41.700435638427734,40.788658142089844,40.86016845703125,1664056
2007-06-14,23.11507797241211,41.798763275146484,41.92390823364258,41.611045837402344,41.691497802734375,1362680
2007-06-15,23.16451644897461,41.888153076171875,42.27252960205078,41.76300811767578,42.00436019897461,1628929
2007-06-18,23.273258209228516,42.08481216430664,42.54964065551758,41.870277404785156,42.54964065551758,1369057
2007-06-19,23.159574508666992,41.879215240478516,42.335105895996094,41.566349029541016,42.15632247924805,2113436
2007-06-20,21.473888397216797,38.831016540527344,41.065765380859375,38.696929931640625,40.53836441040039,5862848
2007-06-21,21.454099655151367,38.79526138305664,39.13494110107422,38.31255340576172,38.375125885009766,3715069
2007-06-22,21.221773147583008,38.375125885009766,38.79526138305664,38.366188049316406,38.786319732666016,1916657
2007-06-25,21.33053207397461,38.57178497314453,38.7684440612793,37.99074935913086,38.11589431762695,2001678
2007-06-26,21.434335708618164,38.75950241088867,39.242210388183594,38.607540130615234,38.61648178100586,2367715
2007-06-27,21.597471237182617,39.05448913574219,39.143882751464844,38.285736083984375,38.40194320678711,1741022
2007-06-28,21.503551483154297,38.88465118408203,39.340538024902344,38.777381896972656,38.89358901977539,1056494
2007-06-29,21.74576187133789,39.322662353515625,39.47462463378906,38.929344177246094,38.93828582763672,1715069
2007-07-02,21.819917678833008,39.45674514770508,39.6623420715332,39.233272552490234,39.56401443481445,1300034
2007-07-03,22.170894622802734,40.09141540527344,40.12717056274414,39.56401443481445,39.61764907836914,659022
2007-07-05,22.032480239868164,39.841121673583984,40.1361083984375,39.555076599121094,40.09141540527344,1323302
2007-07-06,22.04241371154785,39.698097229003906,39.71597671508789,39.25114822387695,39.420989990234375,1142745
2007-07-09,21.98781967163086,39.599769592285156,39.95732879638672,39.17069625854492,39.86793899536133,1541000
2007-07-10,22.285621643066406,40.1361083984375,40.565181732177734,39.841121673583984,40.44003677368164,1948988
2007-07-11,22.508974075317383,40.53836441040039,40.967437744140625,40.1361083984375,40.29701232910156,1193981
2007-07-12,22.285621643066406,40.1361083984375,40.54730224609375,39.698097229003906,40.4132194519043,1651191
2007-07-13,22.25584602355957,40.08247756958008,40.26125717163086,39.63552474975586,40.22549819946289,996644
2007-07-16,22.097002029418945,39.79642868041992,40.1003532409668,39.4656867980957,40.1003532409668,1082895
2007-07-17,22.087066650390625,39.77854919433594,40.21656036376953,39.68022155761719,39.95732879638672,906030
2007-07-18,21.833938598632812,39.322662353515625,39.921573638916016,39.099185943603516,39.54613494873047,1506992
2007-07-19,21.903432846069336,39.44780731201172,39.67128372192383,39.17069625854492,39.412052154541016,1526010
2007-07-20,21.605627059936523,38.911468505859375,39.6265869140625,38.8399543762207,39.22433090209961,1451281
2007-07-23,21.833938598632812,39.322662353515625,39.555076599121094,38.911468505859375,39.03661346435547,1238953
2007-07-24,21.41205596923828,38.56284713745117,39.30478286743164,38.4913330078125,39.009796142578125,914756
2007-07-25,21.183740615844727,38.15165328979492,38.62541961669922,37.91029739379883,38.06226348876953,1680277
2007-07-26,20.87104606628418,37.58849334716797,38.294677734375,37.3203239440918,37.83878707885742,3055263
2007-07-27,20.851198196411133,37.552738189697266,38.04438400268555,36.3727912902832,37.29350662231445,3185703
2007-07-30,21.134103775024414,38.06226348876953,38.15165328979492,37.51698303222656,37.72257995605469,1834433
2007-07-31,21.129138946533203,38.053321838378906,38.7684440612793,37.9818115234375,38.294677734375,2136704
2007-08-01,21.029870986938477,37.874542236328125,38.04438400268555,37.454410552978516,37.856666564941406,2426110
2007-08-02,20.87104606628418,37.58849334716797,37.954994201660156,37.49910354614258,37.874542236328125,1766976
2007-08-03,22.116851806640625,39.832183837890625,40.636695861816406,38.88465118408203,39.090248107910156,3312004
2007-08-06,22.191314697265625,39.966270446777344,40.12717056274414,39.20645523071289,39.99308776855469,2506432
2007-08-07,22.002704620361328,39.6265869140625,40.54730224609375,39.242210388183594,39.832183837890625,2361114
2007-08-08,21.436878204345703,38.607540130615234,40.26125717163086,38.1427116394043,39.608707427978516,2936682
2007-08-09,20.245664596557617,36.462181091308594,38.5270881652832,36.220829010009766,38.43769836425781,4335496
2007-08-10,21.312793731689453,38.38406753540039,38.95616149902344,35.25541687011719,36.140377044677734,3378118
2007-08-13,20.806520462036133,37.472286224365234,38.875709533691406,37.382896423339844,38.607540130615234,1855912
2007-08-14,19.98756217956543,35.997352600097656,37.776214599609375,35.89008331298828,37.463348388671875,1808703
2007-08-15,19.754291534423828,35.57722091674805,36.775047302246094,35.52358627319336,35.93478012084961,1837454
2007-08-16,19.833698272705078,35.720245361328125,36.220829010009766,34.37045669555664,35.33586883544922,2480143
2007-08-17,19.322467803955078,34.79952621459961,37.49910354614258,34.0665283203125,37.49910354614258,5031212
2007-08-20,20.002458572387695,36.024169921875,36.328094482421875,34.96043014526367,35.407379150390625,2282918
2007-08-21,20.5434627532959,36.99851989746094,37.132606506347656,36.39067077636719,36.67671585083008,2050006
2007-08-22,20.563323974609375,37.034278869628906,37.30244827270508,36.739288330078125,37.150482177734375,1542007
2007-08-23,20.533540725708008,36.98064422607422,37.61531066894531,36.78398513793945,37.20411682128906,1177984
2007-08-24,21.010025024414062,37.83878707885742,37.99968719482422,36.775047302246094,36.99851989746094,1046314
2007-08-27,20.69733428955078,37.275630950927734,37.954994201660156,37.26668930053711,37.83878707885742,827945
2007-08-28,19.92799949645996,35.89008331298828,37.3203239440918,35.827510833740234,37.132606506347656,2829176
2007-08-29,20.3250789642334,36.60520553588867,36.76610565185547,35.416316986083984,36.10462188720703,5067681
2007-08-30,20.126541137695312,36.24764633178711,36.730350494384766,36.0599250793457,36.229766845703125,1096655
2007-08-31,20.64769744873047,37.186241149902344,37.543800354003906,36.42642593383789,36.74822998046875,1302271
2007-09-04,21.044769287109375,37.90135955810547,38.04438400268555,37.186241149902344,37.22199630737305,1353395
2007-09-05,20.702301025390625,37.284568786621094,37.71364212036133,36.76610565185547,36.76610565185547,1308200
2007-09-06,20.64769744873047,37.186241149902344,37.51698303222656,36.90019226074219,37.454410552978516,699519
2007-09-07,20.285367965698242,36.53369140625,36.873374938964844,36.35491180419922,36.80186462402344,853787
2007-09-10,20.106687545776367,36.21188735961914,36.89125442504883,35.684486389160156,36.71247482299805,1096991
2007-09-11,20.469013214111328,36.864437103271484,36.864437103271484,36.310218811035156,36.38172912597656,1165790
2007-09-12,20.300256729125977,36.560508728027344,36.98958206176758,36.28340148925781,36.8108024597168,1609129
2007-09-13,20.464059829711914,36.85549545288086,37.052154541015625,36.229766845703125,36.66777801513672,1277548
2007-09-14,21.06462860107422,37.93711471557617,38.008628845214844,36.69459533691406,36.819740295410156,1315807
2007-09-17,21.019947052001953,37.856666564941406,38.16059112548828,37.51698303222656,37.90135955810547,1534288
2007-09-18,21.759492874145508,39.188575744628906,39.188575744628906,37.90135955810547,38.04438400268555,1937913
2007-09-19,22.16152572631836,39.912635803222656,40.448974609375,39.38523483276367,39.742794036865234,3118805
2007-09-20,21.54110336303711,38.79526138305664,40.00202560424805,38.75950241088867,39.80536651611328,2332699
2007-09-21,21.74956512451172,39.17069625854492,39.599769592285156,38.75950241088867,39.233272552490234,1893165
2007-09-24,21.382274627685547,38.509212493896484,39.13494110107422,38.410884857177734,39.04555130004883,1566954
2007-09-25,20.965351104736328,37.75833511352539,38.3304328918457,37.454410552978516,38.187408447265625,1640228
2007-09-26,21.32769012451172,38.410884857177734,38.55390548706055,37.67788314819336,37.73151779174805,1246784
2007-09-27,21.34256935119629,38.43769836425781,38.875709533691406,38.23210144042969,38.63435745239258,1597830
2007-09-28,20.776742935180664,37.41865539550781,38.34830856323242,37.33820343017578,38.23210144042969,1303166
2007-10-01,21.34256935119629,38.43769836425781,38.80419921875,37.3203239440918,37.49016571044922,2043629
2007-10-02,21.650299072265625,38.99191665649414,39.018733978271484,38.276798248291016,38.32149124145508,1421859
2007-10-03,21.610593795776367,38.920406341552734,38.97404098510742,38.38406753540039,38.57178497314453,1664728
2007-10-04,21.5659236907959,38.8399543762207,39.29584503173828,38.64329528808594,38.9650993347168,1336950
2007-10-05,21.959671020507812,39.38523483276367,39.751731872558594,38.8399543762207,38.94722366333008,1133796
2007-10-08,22.198890686035156,39.81430435180664,39.99308776855469,39.420989990234375,39.58189010620117,1166462
2007-10-09,22.318525314331055,40.02884292602539,40.12717056274414,39.52825927734375,39.95732879638672,1353507
2007-10-10,22.17894744873047,39.77854919433594,40.1003532409668,39.57295227050781,40.02884292602539,1191297
2007-10-11,21.690523147583008,38.90252685546875,40.09141540527344,38.687992095947266,39.86793899536133,1588768
2007-10-12,21.565919876098633,38.679054260253906,38.98297882080078,38.509212493896484,38.88465118408203,943953
2007-10-15,21.23199462890625,38.08013916015625,38.65223693847656,37.62425231933594,38.500274658203125,1551068
2007-10-16,21.341644287109375,38.276798248291016,38.500274658203125,37.93711471557617,37.9818115234375,1785770
2007-10-17,21.70050048828125,38.920406341552734,39.313720703125,38.53602981567383,38.75056457519531,2284484
2007-10-18,21.665605545043945,38.85783386230469,39.05448913574219,38.25891876220703,38.920406341552734,1374762
2007-10-19,21.481191635131836,38.5270881652832,39.26902770996094,38.5270881652832,38.65223693847656,1610918
2007-10-22,21.904834747314453,39.286903381347656,39.555076599121094,38.25891876220703,38.375125885009766,1714062
2007-10-23,22.054351806640625,39.555076599121094,39.85900115966797,39.099185943603516,39.34947967529297,1659805
2007-10-24,21.570913314819336,38.687992095947266,39.48356246948242,37.88348388671875,39.233272552490234,1713838
2007-10-25,21.3914852142334,38.366188049316406,38.875709533691406,37.874542236328125,38.687992095947266,1257299
2007-10-26,21.386503219604492,38.35725021362305,38.63435745239258,37.91029739379883,38.63435745239258,934780
2007-10-29,21.14228630065918,37.91923904418945,38.44664001464844,37.58849334716797,38.43769836425781,1145654
2007-10-30,21.3316707611084,38.25891876220703,38.598602294921875,37.794090270996094,37.82984924316406,722452
2007-10-31,21.431354522705078,38.43769836425781,38.509212493896484,37.83878707885742,38.32149124145508,1241414
2007-11-01,20.56911849975586,36.89125442504883,38.32149124145508,36.864437103271484,38.053321838378906,1590111
2007-11-02,20.439531326293945,36.65884017944336,37.07897186279297,36.3370361328125,36.93594741821289,1134019
2007-11-05,20.46445083618164,36.70353317260742,36.92700958251953,36.20294952392578,36.42642593383789,1160085
2007-11-06,20.215248107910156,36.25658416748047,36.90019226074219,36.01523208618164,36.730350494384766,1314912
2007-11-07,20.240163803100586,36.30127716064453,36.85549545288086,35.80069351196289,36.25658416748047,1744490
2007-11-08,20.688720703125,37.10578918457031,37.275630950927734,35.9884147644043,36.328094482421875,2516724
2007-11-09,20.000940322875977,35.87220764160156,36.819740295410156,35.80069351196289,36.6856575012207,1451952
2007-11-12,19.622154235839844,35.19284439086914,36.3370361328125,35.19284439086914,35.75600051879883,1722117
2007-11-13,20.41959571838379,36.62308120727539,36.649898529052734,35.317989349365234,35.416316986083984,1608010
2007-11-14,19.990968704223633,35.85432815551758,37.07897186279297,35.57722091674805,36.775047302246094,1860723
2007-11-15,19.911218643188477,35.7113037109375,36.26552200317383,35.5146484375,35.85432815551758,1326099
2007-11-16,19.83147621154785,35.56827926635742,36.19401168823242,35.183902740478516,36.024169921875,1256852
2007-11-19,19.66202163696289,35.26435470581055,35.53252410888672,34.64756393432617,35.53252410888672,1324533
2007-11-20,19.45269012451172,34.888916015625,35.53252410888672,34.272125244140625,35.46995162963867,1954357
2007-11-21,19.40285301208496,34.79952621459961,35.2375373840332,34.21849060058594,34.674381256103516,1421524
2007-11-23,19.637100219726562,35.219661712646484,35.219661712646484,34.78165054321289,35.005123138427734,430697
2007-11-26,19.577293395996094,35.11239242553711,35.52358627319336,34.82634353637695,35.085575103759766,1510684
2007-11-27,19.671998977661133,35.28223419189453,35.3626823425293,34.79058837890625,35.1660270690918,1317038
2007-11-28,20.160430908203125,36.15825653076172,36.30127716064453,35.183902740478516,35.47888946533203,1379013
2007-11-29,20.08566665649414,36.024169921875,36.131439208984375,35.639793395996094,35.818572998046875,725696
2007-11-30,19.83147621154785,35.56827926635742,36.873374938964844,35.47888946533203,36.51581573486328,1592796
2007-12-03,19.711870193481445,35.35374450683594,35.89008331298828,35.35374450683594,35.89008331298828,1115449
2007-12-04,19.627134323120117,35.2017822265625,35.684486389160156,35.14814758300781,35.21072006225586,1022038
2007-12-05,19.353008270263672,34.71013641357422,35.57722091674805,34.486663818359375,35.487831115722656,1486408
2007-12-06,19.123748779296875,34.29894256591797,35.005123138427734,34.13804244995117,34.70119857788086,2680837
2007-12-07,19.56732177734375,35.094512939453125,35.219661712646484,34.406211853027344,34.576053619384766,1713279
2007-12-10,19.68195343017578,35.30010986328125,35.487831115722656,34.915733337402344,35.219661712646484,1501063
2007-12-11,19.168601989746094,34.37939453125,35.42525863647461,34.3436393737793,35.42525863647461,1272178
2007-12-12,18.794801712036133,33.70896911621094,35.309051513671875,33.34246826171875,35.06769561767578,1957602
2007-12-13,18.49077033996582,33.16368865966797,33.69108963012695,32.74355697631836,33.61064147949219,1864079
2007-12-14,17.837865829467773,31.9926815032959,32.9312744140625,31.787084579467773,32.86870193481445,2084461
2007-12-17,17.88770294189453,32.082069396972656,32.60053253173828,31.661937713623047,32.135704040527344,2064213
2007-12-18,18.111988067626953,32.48432540893555,32.850826263427734,31.563608169555664,32.493263244628906,2282694
2007-12-19,14.254345893859863,25.565540313720703,28.470714569091797,25.29737091064453,28.354507446289062,15435395
2007-12-20,13.701116561889648,24.57331085205078,26.003551483154297,24.045909881591797,25.94991683959961,7898087
2007-12-21,13.711082458496094,24.591188430786133,25.100711822509766,24.188934326171875,24.814664840698242,4414140
2007-12-24,13.760920524597168,24.680578231811523,25.386760711669922,24.537555694580078,24.582250595092773,2264459
2007-12-26,13.611400604248047,24.41240882873535,24.96662712097168,24.188934326171875,24.96662712097168,2031995
2007-12-27,13.696133613586426,24.56437110900879,24.87723731994629,24.188934326171875,24.197872161865234,3433158
2007-12-28,13.765908241271973,24.689517974853516,25.029199600219727,24.448165893554688,24.448165893554688,2988477
2007-12-31,13.81075668334961,24.769969940185547,25.2169189453125,24.64482307434082,24.904054641723633,3282023
2008-01-02,13.282450675964355,23.82243537902832,25.020261764526367,23.697288513183594,25.020261764526367,3358094
2008-01-03,13.013318061828613,23.33972930908203,24.010154724121094,22.991107940673828,23.91182518005371,4232800
2008-01-04,12.754151344299316,22.874900817871094,23.295034408569336,22.553096771240234,23.09837532043457,3246448
2008-01-07,12.185972213745117,21.85585594177246,22.883840560913086,21.560867309570312,22.883840560913086,4785882
2008-01-08,11.869647979736328,21.13179588317871,22.0078182220459,21.087100982666016,21.85585594177246,3852332
2008-01-09,11.488054275512695,20.45243263244629,21.194368362426758,19.80882453918457,21.194368362426758,5456427
2008-01-10,11.774245262145996,20.96195411682129,21.176490783691406,20.255773544311523,20.264713287353516,3840922
2008-01-11,11.141603469848633,19.835641860961914,20.890443801879883,19.80882453918457,20.61333465576172,3324533
2008-01-14,10.945779800415039,19.48702049255371,20.0501766204834,19.200971603393555,19.933969497680664,4109632
2008-01-15,10.749963760375977,19.138399124145508,19.513837814331055,18.959619522094727,19.08476448059082,3170489
2008-01-16,10.539082527160645,18.76296043395996,19.39763069152832,18.67357063293457,19.120521545410156,4844502
2008-01-17,10.569204330444336,18.81659507751465,19.209911346435547,18.67357063293457,18.789777755737305,4060633
2008-01-18,11.141603469848633,19.835641860961914,20.157445907592773,18.98643684387207,18.98643684387207,4911847
2008-01-22,11.483028411865234,20.443492889404297,20.747419357299805,18.771900177001953,18.771900177001953,5268822
2008-01-23,13.054597854614258,23.24139976501465,23.446996688842773,19.379751205444336,19.80882453918457,8873252
2008-01-24,13.787663459777832,24.546493530273438,24.662700653076172,23.07155990600586,23.196704864501953,8547824
2008-01-25,13.160042762756348,23.429119110107422,25.163284301757812,23.143070220947266,24.743152618408203,4787225
2008-01-28,13.792684555053711,24.55543327331543,24.62694549560547,22.803388595581055,23.312911987304688,5194765
2008-01-29,13.632023811340332,24.269384384155273,24.939809799194336,24.126361846923828,24.761030197143555,4353955
2008-01-30,13.436202049255371,23.920764923095703,24.88617515563965,23.83137321472168,24.358774185180664,3647500
2008-01-31,14.224491119384766,25.324186325073242,25.726442337036133,23.152009963989258,23.697288513183594,3552187
2008-02-01,14.480562210083008,25.780075073242188,25.896282196044922,24.48392105102539,25.55660057067871,3150688
2008-02-04,13.873026847839355,24.698457717895508,25.976734161376953,24.618005752563477,25.976734161376953,2179662
2008-02-05,13.486407279968262,24.010154724121094,24.8236026763916,23.90288543701172,24.30514144897461,2242868
2008-02-06,13.26046085357666,23.607898712158203,24.251506805419922,23.536386489868164,24.126361846923828,2799978
2008-02-07,13.501469612121582,24.036970138549805,24.251506805419922,23.429119110107422,23.429119110107422,2464929
2008-02-08,13.486407279968262,24.010154724121094,24.537555694580078,23.697288513183594,23.9654598236084,1855241
2008-02-11,14.565917015075684,25.932039260864258,26.307477951049805,25.476150512695312,25.86052703857422,6896633
2008-02-12,15.238739967346191,27.129865646362305,28.15785026550293,26.146575927734375,26.37005043029785,5653764
2008-02-13,15.725773811340332,27.9969482421875,28.363447189331055,27.067291259765625,27.067291259765625,4620763
2008-02-14,15.238739967346191,27.129865646362305,28.15785026550293,27.040475845336914,27.773473739624023,2838573
2008-02-15,15.334138870239258,27.299705505371094,27.398035049438477,26.647159576416016,26.960023880004883,2256740
2008-02-19,15.31906795501709,27.27288818359375,27.97907066345215,27.067291259765625,27.800289154052734,1550509
2008-02-20,15.871390342712402,28.256179809570312,28.381324768066406,26.897451400756836,27.10304832458496,2533952
2008-02-21,15.60527229309082,27.782411575317383,28.604799270629883,27.684083938598633,28.32769012451172,1616176
2008-02-22,15.755900382995605,28.050582885742188,28.148910522460938,27.371217727661133,27.952253341674805,1284819
2008-02-25,16.167619705200195,28.783580780029297,28.792518615722656,27.49636459350586,27.970130920410156,1733975
2008-02-26,16.679759979248047,29.695358276367188,29.97246742248535,28.65843391418457,28.756763458251953,3039714
2008-02-27,16.142518997192383,28.7388858795166,29.614906311035156,28.64055633544922,29.31991958618164,1949211
2008-02-28,15.635396003723145,27.83604621887207,28.7388858795166,27.728778839111328,28.7388858795166,1768878
2008-02-29,15.479743957519531,27.558937072753906,28.461776733398438,27.415912628173828,27.558937072753906,2312339
2008-03-03,15.645438194274902,27.853923797607422,28.595861434936523,27.49636459350586,28.595861434936523,2745609
2008-03-04,15.635396003723145,27.83604621887207,28.032703399658203,27.281827926635742,27.65726661682129,2381586
2008-03-05,15.379324913024902,27.380157470703125,28.372386932373047,27.281827926635742,27.943313598632812,2741246
2008-03-06,14.560900688171387,25.923099517822266,27.219255447387695,25.815832138061523,27.147743225097656,2726256
2008-03-07,14.18432903289795,25.252674102783203,25.753259658813477,24.87723731994629,25.690685272216797,3418503
2008-03-10,14.159221649169922,25.207979202270508,26.182331085205078,25.163284301757812,25.422515869140625,1782302
2008-03-11,14.651275634765625,26.084001541137695,26.092941284179688,24.850419998168945,25.824771881103516,3401835
2008-03-12,14.897306442260742,26.52201271057129,27.380157470703125,25.887344360351562,26.182331085205078,2677928
2008-03-13,14.776805877685547,26.307477951049805,26.343233108520508,24.868297576904297,26.101879119873047,3822575
2008-03-14,14.70148754119873,26.173391342163086,26.61140251159668,25.252674102783203,26.548830032348633,2801656
2008-03-17,14.791868209838867,26.334293365478516,26.69185447692871,25.154346466064453,25.565540313720703,3507775
2008-03-18,14.992709159851074,26.69185447692871,27.943313598632812,26.3521728515625,26.405805587768555,5058955
2008-03-19,15.981842041015625,28.452836990356445,29.373554229736328,27.389095306396484,27.701961517333984,6339859
2008-03-20,17.247135162353516,30.70546531677246,30.78591537475586,28.89084815979004,28.89084815979004,5632733
2008-03-24,17.11659049987793,30.473051071166992,31.554670333862305,30.3836612701416,30.768037796020508,3227207
2008-03-25,17.17684555053711,30.580318450927734,31.000452041625977,29.97246742248535,30.928939819335938,2640452
2008-03-26,16.70989227294922,29.748992919921875,30.61607551574707,29.525516510009766,30.481990814208984,2850878
2008-03-27,16.167619705200195,28.783580780029297,29.775808334350586,28.774641036987305,29.748992919921875,2639333
2008-03-28,15.911545753479004,28.32769012451172,29.445066452026367,28.041643142700195,28.864030838012695,2269941
2008-03-31,16.343351364135742,29.096445083618164,29.293102264404297,28.16678810119629,28.265117645263672,2036134
2008-04-01,17.24212074279785,30.69652557373047,30.71440315246582,29.105384826660156,29.132200241088867,2908938
2008-04-02,17.508222579956055,31.1702938079834,31.241804122924805,30.410478591918945,30.70546531677246,2653653
2008-04-03,17.54839515686035,31.241804122924805,31.322256088256836,30.607135772705078,30.920000076293945,3013201
2008-04-04,17.27726173400879,30.759098052978516,31.804962158203125,30.36578369140625,31.402706146240234,2816982
2008-04-07,17.523290634155273,31.19710922241211,31.402706146240234,30.62501335144043,30.86636734008789,2424432
2008-04-08,17.159900665283203,30.39259910583496,31.152414321899414,30.151247024536133,30.964696884155273,1653876
2008-04-09,16.81670379638672,29.784748077392578,30.759098052978516,29.436126708984375,30.330026626586914,1922027
2008-04-10,17.351696014404297,30.732282638549805,30.902122497558594,29.498699188232422,29.498699188232422,1876161
2008-04-11,17.134674072265625,30.347904205322266,31.241804122924805,30.187002182006836,30.53562355041504,1422083
2008-04-14,16.796518325805664,29.748992919921875,30.347904205322266,29.516578674316406,30.11549186706543,1659358
2008-04-15,17.38197135925293,30.78591537475586,30.928939819335938,29.71323585510254,29.88307762145996,2386956
2008-04-16,17.614139556884766,31.19710922241211,31.429523468017578,30.78591537475586,30.884244918823242,1715516
2008-04-17,17.841259002685547,31.599365234375,31.67087745666504,31.02726936340332,31.161354064941406,1862624
2008-04-18,18.02798843383789,31.93010711669922,32.37705612182617,31.661937713623047,31.867534637451172,1639669
2008-04-21,17.927053451538086,31.751327514648438,32.028438568115234,31.313316345214844,31.68875503540039,954022
2008-04-22,17.45263671875,30.911062240600586,31.76026725769043,30.28533172607422,31.43846321105957,1993847
2008-04-23,17.376930236816406,30.7769775390625,31.6798152923584,30.678647994995117,31.11665916442871,1989149
2008-04-24,17.412254333496094,30.839550018310547,31.2060489654541,29.98140525817871,30.026100158691406,1499497
2008-04-25,18.038087844848633,31.947986602783203,32.10888671875,30.464111328125,30.70546531677246,2442108
2008-04-28,17.704986572265625,31.35801124572754,32.18040084838867,31.143476486206055,31.956924438476562,2956259
2008-04-29,17.836204528808594,31.590425491333008,31.697694778442383,31.19710922241211,31.286500930786133,1268039
2008-04-30,17.95733642578125,31.804962158203125,33.10111618041992,31.697694778442383,31.84965705871582,3640004
2008-05-01,18.658878326416016,33.047481536865234,33.10111618041992,31.599365234375,31.93010711669922,2500056
2008-05-02,18.43680763244629,32.65416717529297,33.72684860229492,32.394935607910156,33.29777526855469,2589551
2008-05-05,18.679065704345703,33.0832405090332,33.50337219238281,32.082069396972656,32.60053253173828,2388075
2008-05-06,18.628585815429688,32.99385070800781,33.07429885864258,32.350242614746094,32.69886016845703,1313234
2008-05-07,18.421669006347656,32.627349853515625,33.673213958740234,32.4575080871582,33.05642318725586,2124846
2008-05-08,18.547842025756836,32.850826263427734,33.07429885864258,32.216156005859375,32.68992233276367,3480367
2008-05-09,18.0532283782959,31.974803924560547,33.172630310058594,31.813901901245117,32.60947036743164,2242756
2008-05-12,18.628585815429688,32.99385070800781,33.05642318725586,32.00162124633789,32.00162124633789,1271507
2008-05-13,18.684110641479492,33.09217834472656,33.18156814575195,32.51114273071289,33.09217834472656,1248797
2008-05-14,18.764862060546875,33.23520278930664,33.682151794433594,33.09217834472656,33.30671310424805,1551292
2008-05-15,18.9011287689209,33.47655487060547,33.64639663696289,32.69886016845703,33.05642318725586,1229332
2008-05-16,18.17940902709961,32.19827651977539,33.60169982910156,31.84965705871582,33.60169982910156,2463587
2008-05-19,18.260154724121094,32.34130096435547,32.88658142089844,32.10888671875,32.36811828613281,1814185
2008-05-20,17.39711570739746,30.812732696533203,32.34130096435547,30.562440872192383,32.09101104736328,2626356
2008-05-21,16.63501739501953,29.46294403076172,31.03620719909668,28.99811553955078,30.86636734008789,3613268
2008-05-22,16.761194229125977,29.686418533325195,29.927772521972656,29.275224685668945,29.40930938720703,2093187
2008-05-23,16.0192813873291,28.372386932373047,29.427188873291016,28.08633804321289,29.266286849975586,3087594
2008-05-27,16.746049880981445,29.65960121154785,30.356843948364258,29.194774627685547,29.257347106933594,3703658
2008-05-28,17.164955139160156,30.401538848876953,30.52668571472168,29.784748077392578,29.936710357666016,2624790
2008-05-29,17.43748664855957,30.884244918823242,31.134536743164062,30.13336944580078,30.678647994995117,2528471
2008-05-30,17.286088943481445,30.61607551574707,31.071964263916016,30.079734802246094,31.071964263916016,2038147
2008-06-02,17.0589656829834,30.21381950378418,30.7769775390625,29.757930755615234,30.62501335144043,2777939
2008-06-03,16.937833786010742,29.999284744262695,30.741220474243164,29.695358276367188,30.267454147338867,3080546
2008-06-04,17.129621505737305,30.338966369628906,30.69652557373047,29.39143180847168,29.65960121154785,2736771
2008-06-05,17.07915496826172,30.249576568603516,30.830610275268555,29.865198135375977,30.21381950378418,2071037
2008-06-06,16.231252670288086,28.74782371520996,30.240636825561523,28.58692169189453,30.240636825561523,4064660
2008-06-09,16.155542373657227,28.613739013671875,29.498699188232422,28.32769012451172,29.024932861328125,2344669
2008-06-10,16.195919036865234,28.685251235961914,28.989177703857422,27.809228897094727,28.354507446289062,4611030
2008-06-11,15.51457405090332,27.478485107421875,28.712068557739258,27.290767669677734,28.399202346801758,3431256
2008-06-12,15.893098831176758,28.148910522460938,28.792518615722656,27.460607528686523,27.460607528686523,3051236
2008-06-13,16.38770866394043,29.024932861328125,29.677480697631836,28.58692169189453,28.80145835876465,2564269
2008-06-16,16.720813751220703,29.614906311035156,29.766870498657227,28.31875228881836,28.783580780029297,2555655
2008-06-17,16.155542373657227,28.613739013671875,29.614906311035156,28.452836990356445,29.55233383178711,2572883
2008-06-18,15.847672462463379,28.06846046447754,28.89084815979004,27.719839096069336,28.104215621948242,2086475
2008-06-19,16.22115135192871,28.72994613647461,28.926603317260742,27.719839096069336,28.15785026550293,2224969
2008-06-20,15.968809127807617,28.282995223999023,29.185834884643555,27.728778839111328,28.595861434936523,2808592
2008-06-23,15.469152450561523,27.398035049438477,28.917665481567383,27.290767669677734,28.721006393432617,2598277
2008-06-24,15.948616027832031,28.24724006652832,28.604799270629883,26.816999435424805,27.24607276916504,5382258
2008-06-25,17.038774490356445,30.178064346313477,30.508806228637695,29.114322662353516,29.275224685668945,7347242
2008-06-26,16.468463897705078,29.167957305908203,29.95458984375,29.078567504882812,29.900955200195312,3469851
2008-06-27,16.281723022460938,28.83721351623535,29.597028732299805,28.122093200683594,29.132200241088867,3276429
2008-06-30,16.120222091674805,28.551166534423828,29.427188873291016,28.22936248779297,28.792518615722656,2433046
2008-07-01,16.17068862915039,28.64055633544922,28.962360382080078,27.59469223022461,27.934375762939453,3450945
2008-07-02,15.504476547241211,27.460607528686523,29.185834884643555,27.415912628173828,28.89084815979004,2813738
2008-07-03,15.872918128967285,28.113155364990234,28.274057388305664,27.523181915283203,27.639387130737305,1725696
2008-07-07,15.822439193725586,28.023765563964844,28.783580780029297,27.65726661682129,28.417081832885742,2454637
2008-07-08,16.741817474365234,29.46294403076172,29.46294403076172,27.898618698120117,27.90755844116211,2814633
2008-07-09,15.949426651000977,28.06846046447754,29.400371551513672,28.06846046447754,29.293102264404297,2826267
2008-07-10,15.339898109436035,26.99578094482422,28.095277786254883,26.77230453491211,28.095277786254883,4674236
2008-07-11,14.837027549743652,26.11081886291504,26.77230453491211,25.663869857788086,26.53095245361328,4210762
2008-07-14,14.923385620117188,26.262781143188477,27.08517074584961,26.137636184692383,26.52201271057129,2469627
2008-07-15,14.750688552856445,25.9588565826416,26.638219833374023,24.653762817382812,25.80689239501953,4418168
2008-07-16,15.446558952331543,27.18349838256836,27.26395034790039,25.574478149414062,25.96779441833496,2909945
2008-07-17,16.10689353942871,28.345569610595703,28.443897247314453,26.11975860595703,26.593524932861328,3784204
2008-07-18,16.01038360595703,28.17572784423828,28.83721351623535,27.558937072753906,28.461776733398438,2891151
2008-07-21,15.502433776855469,27.281827926635742,28.551166534423828,27.19243812561035,28.17572784423828,2095872
2008-07-22,16.18307876586914,28.47965431213379,28.533287048339844,26.736549377441406,27.02259635925293,2762166
2008-07-23,16.98563003540039,29.89201545715332,30.347904205322266,28.023765563964844,28.58692169189453,5687437
2008-07-24,16.15769386291504,28.434959411621094,30.21381950378418,28.31875228881836,29.775808334350586,4345676
2008-07-25,15.797045707702637,27.800289154052734,29.033872604370117,27.782411575317383,28.622678756713867,2234702
2008-07-28,15.797045707702637,27.800289154052734,28.74782371520996,27.451669692993164,27.701961517333984,2678040
2008-07-29,16.508169174194336,29.05175018310547,29.123262405395508,27.004718780517578,27.27288818359375,4221166
2008-07-30,16.96023178100586,29.847320556640625,30.05291748046875,28.765701293945312,29.203712463378906,3657568
2008-07-31,16.543716430664062,29.114322662353516,30.11549186706543,28.828275680541992,29.5612735748291,3224745
2008-08-01,16.289749145507812,28.667373657226562,29.47188377380371,28.202545166015625,29.257347106933594,2517843
2008-08-04,16.345619201660156,28.765701293945312,29.105384826660156,28.202545166015625,28.58692169189453,2402506
2008-08-05,17.676443099975586,31.10771942138672,31.223926544189453,29.132200241088867,29.132200241088867,4271954
2008-08-06,17.610401153564453,30.991512298583984,31.125598907470703,30.151247024536133,31.125598907470703,2552970
2008-08-07,17.0161075592041,29.945650100708008,30.71440315246582,29.88307762145996,30.53562355041504,2469068
2008-08-08,18.108182907104492,31.867534637451172,32.09101104736328,29.516578674316406,29.79368782043457,3961293
2008-08-11,18.798999786376953,33.0832405090332,33.81623840332031,31.125598907470703,31.858596801757812,3743036
2008-08-12,18.128511428833008,31.903291702270508,32.90446090698242,31.733449935913086,32.60053253173828,2248014
2008-08-13,17.625642776489258,31.018329620361328,31.894351959228516,30.36578369140625,31.733449935913086,2243092
2008-08-14,18.148815155029297,31.93904685974121,32.36811828613281,30.39259910583496,30.651830673217773,1491442
2008-08-15,18.306289672851562,32.216156005859375,32.57371520996094,31.813901901245117,32.15358352661133,1780177
2008-08-18,17.762788772583008,31.25968360900879,32.493263244628906,31.03620719909668,32.394935607910156,2278667
2008-08-19,16.7672119140625,29.507638931274414,30.30320930480957,29.328859329223633,30.30320930480957,3424992
2008-08-20,16.513246536254883,29.06068992614746,29.80262565612793,28.828275680541992,29.400371551513672,2751091
2008-08-21,16.41165542602539,28.881908416748047,29.14113998413086,28.40814208984375,29.06068992614746,1792594
2008-08-22,17.051668167114258,30.008222579956055,30.106552124023438,29.015993118286133,29.328859329223633,1853339
2008-08-25,16.386259078979492,28.83721351623535,29.605968475341797,28.72994613647461,29.328859329223633,1519633
2008-08-26,14.349408149719238,25.252674102783203,25.762197494506836,24.367713928222656,25.261613845825195,15879629
2008-08-27,14.283374786376953,25.1364688873291,25.735380172729492,24.814664840698242,25.735380172729492,3423761
2008-08-28,14.608458518981934,25.70856475830078,25.797954559326172,24.904054641723633,25.243736267089844,3064213
2008-08-29,14.877667427062988,26.182331085205078,26.253843307495117,25.476150512695312,25.601295471191406,3154603
2008-09-02,15.126558303833008,26.620342254638672,28.515409469604492,26.325355529785156,26.593524932861328,5700526
2008-09-03,14.897981643676758,26.21808624267578,26.8616943359375,26.012489318847656,26.61140251159668,3566954
2008-09-04,14.877667427062988,26.182331085205078,26.36111068725586,25.207979202270508,25.976734161376953,5514599
2008-09-05,15.11132526397705,26.593524932861328,26.62928009033203,25.726442337036133,25.735380172729492,3438640
2008-09-08,15.609108924865723,27.469547271728516,28.202545166015625,26.3521728515625,27.362279891967773,5246224
2008-09-09,14.99449348449707,26.387928009033203,27.97907066345215,26.387928009033203,27.701961517333984,4041168
2008-09-10,15.502433776855469,27.281827926635742,27.710899353027344,26.334293365478516,26.557769775390625,3784987
2008-09-11,15.771651268005371,27.75559425354004,27.862863540649414,26.816999435424805,27.120925903320312,3600962
2008-09-12,15.456711769104004,27.201377868652344,27.487424850463867,26.548830032348633,27.210315704345703,3811388
2008-09-15,14.99449348449707,26.387928009033203,27.398035049438477,25.86946678161621,26.36111068725586,2985010
2008-09-16,15.182429313659668,26.718671798706055,26.825939178466797,25.94991683959961,26.244903564453125,3044524
2008-09-17,14.638931274414062,25.762197494506836,27.326522827148438,25.485088348388672,27.02259635925293,5218705
2008-09-18,14.953861236572266,26.316415786743164,26.548830032348633,24.88617515563965,26.146575927734375,6095425
2008-09-19,16.111968994140625,28.354507446289062,28.872970581054688,26.825939178466797,27.84498405456543,6777268
2008-09-22,15.162113189697266,26.68291473388672,28.023765563964844,26.28959846496582,27.90755844116211,2489540
2008-09-23,14.501790046691895,25.520845413208008,27.281827926635742,25.39569854736328,26.709732055664062,2928068
2008-09-24,14.237661361694336,25.05601692199707,25.681747436523438,24.96662712097168,25.681747436523438,2257747
2008-09-25,14.278294563293457,25.12752914428711,25.494028091430664,24.930870056152344,25.279491424560547,2398479
2008-09-26,14.506869316101074,25.529783248901367,25.574478149414062,24.582250595092773,24.582250595092773,2712943
2008-09-29,13.851624488830566,24.37665367126465,25.37782096862793,23.91182518005371,25.109651565551758,3601969
2008-09-30,14.542431831359863,25.592357635498047,25.87840461730957,23.876068115234375,24.859359741210938,3186598
2008-10-01,14.659256935119629,25.797954559326172,26.19127082824707,25.082834243774414,25.29737091064453,3064996
2008-10-02,14.51194953918457,25.53872299194336,25.753259658813477,25.047077178955078,25.6102352142334,2617071
2008-10-03,13.943048477172852,24.537555694580078,26.11081886291504,24.260446548461914,25.994611740112305,3226871
2008-10-06,13.140499114990234,23.125192642211914,24.135299682617188,21.95418357849121,23.357606887817383,4125294
2008-10-07,12.886531829833984,22.67824363708496,23.598960876464844,22.320682525634766,23.116254806518555,3055599
2008-10-08,12.323348045349121,21.516172409057617,22.93747329711914,21.462539672851562,21.462539672851562,4944401
2008-10-09,10.874452590942383,18.98643684387207,21.77540397644043,18.98643684387207,21.52511215209961,5408547
2008-10-10,10.971722602844238,19.15627670288086,20.094871520996094,15.911419868469238,17.645586013793945,7248574
2008-10-13,11.918886184692383,20.80999183654785,20.80999183654785,19.853519439697266,20.318347930908203,2404967
2008-10-14,11.401782035827637,19.90715217590332,22.141902923583984,19.39763069152832,21.650257110595703,3938472
2008-10-15,10.46998119354248,18.280254364013672,19.63004493713379,18.280254364013672,19.504898071289062,3582280
2008-10-16,10.751572608947754,18.771900177001953,18.771900177001953,17.609830856323242,18.038902282714844,3659246
2008-10-17,10.859088897705078,18.959619522094727,19.379751205444336,18.021024703979492,18.280254364013672,3270724
2008-10-20,11.08948040008545,19.361873626708984,19.72837257385254,18.950679779052734,19.209911346435547,2657232
2008-10-21,10.751572608947754,18.771900177001953,19.773067474365234,18.67357063293457,19.040069580078125,2637991
2008-10-22,10.050158500671387,17.547256469726562,18.467973709106445,17.10030746459961,18.324949264526367,3965880
2008-10-23,9.840248107910156,17.180757522583008,17.9316349029541,16.412004470825195,17.627708435058594,2956483
2008-10-24,9.579139709472656,16.724868774414062,17.252269744873047,15.920358657836914,16.072322845458984,2405862
2008-10-27,9.256595611572266,16.161712646484375,17.252269744873047,16.161712646484375,16.45669937133789,1851661
2008-10-28,10.08599853515625,17.609830856323242,17.609830856323242,15.258872985839844,16.62653923034668,3302159
2008-10-29,10.219115257263184,17.842243194580078,18.646753311157227,17.252269744873047,17.377416610717773,2431816
2008-10-30,10.597978591918945,18.50373077392578,18.932802200317383,18.065719604492188,18.34282875061035,2086587
2008-10-31,11.350592613220215,19.81776237487793,19.98760414123535,18.307071685791016,18.42327880859375,3212216
2008-11-03,11.145797729492188,19.460203170776367,20.488187789916992,19.23672866821289,19.74625015258789,2008950
2008-11-04,11.719215393066406,20.46137046813965,20.488187789916992,19.63004493713379,19.951847076416016,1833650
2008-11-05,10.73108959197998,18.736143112182617,20.166383743286133,18.65569305419922,20.14850616455078,2353731
2008-11-06,10.418785095214844,18.19086456298828,19.093704223632812,17.743915557861328,18.76296043395996,2653876
2008-11-07,10.029681205749512,17.51150131225586,18.557363510131836,17.046672821044922,18.378583908081055,3183913
2008-11-10,9.533061981201172,16.644418716430664,18.19086456298828,16.46563720703125,17.654525756835938,1736212
2008-11-11,9.364106178283691,16.349430084228516,16.814258575439453,15.956114768981934,16.188528060913086,2063766
2008-11-12,8.959643363952637,15.643250465393066,16.268980026245117,15.455531120300293,16.04550552368164,3084461
2008-11-13,9.410185813903809,16.429882049560547,16.62653923034668,14.615264892578125,15.482348442077637,4814073
2008-11-14,8.887967109680176,15.51810359954834,16.662296295166016,15.509164810180664,16.12595558166504,2466048
2008-11-17,8.575663566589355,14.972825050354004,15.687945365905762,14.937068939208984,15.240995407104492,2050229
2008-11-18,8.46302604675293,14.776166915893555,15.330385208129883,14.302399635314941,14.60632610321045,2383936
2008-11-19,7.648977279663086,13.354866027832031,14.874496459960938,13.310171127319336,14.749349594116211,2897416
2008-11-20,6.932204723358154,12.103405952453613,13.569401741027832,12.040833473205566,13.256537437438965,3286721
2008-11-21,7.3213090896606445,12.782770156860352,12.818526268005371,11.808419227600098,12.398392677307129,3314353
2008-11-24,8.017600059509277,13.99847412109375,14.400729179382324,12.586112022399902,12.755952835083008,2756796
2008-11-25,8.488622665405273,14.82086181640625,14.937068939208984,13.891205787658691,14.6242036819458,2111534
2008-11-26,9.282191276550293,16.20640754699707,16.30473518371582,14.311339378356934,14.53481388092041,2825372
2008-11-28,9.364106178283691,16.349430084228516,16.394126892089844,15.875663757324219,16.152772903442383,791364
2008-12-01,8.335027694702148,14.552692413330078,15.991870880126953,14.49905776977539,15.982932090759277,2683298
2008-12-02,8.72413444519043,15.2320556640625,15.26781177520752,14.096802711486816,14.73147201538086,2816870
2008-12-03,9.287311553955078,16.21534538269043,16.29579734802246,14.990702629089355,15.14266586303711,3599955
2008-12-04,9.655939102172852,16.85895347595215,17.341659545898438,15.991870880126953,16.224285125732422,3338740
2008-12-05,10.495580673217773,18.324949264526367,18.476913452148438,16.394126892089844,16.394126892089844,5425998
2008-12-08,11.278913497924805,19.692617416381836,20.577577590942383,18.771900177001953,18.771900177001953,5354290
2008-12-09,10.7413330078125,18.7540225982666,19.826702117919922,18.467973709106445,19.55853271484375,3686318
2008-12-10,11.145797729492188,19.460203170776367,20.005481719970703,18.941741943359375,19.057947158813477,3072939
2008-12-11,10.244710922241211,17.886938095092773,19.442325592041016,17.6187686920166,19.42444610595703,3363352
2008-12-12,11.263551712036133,19.665800094604492,20.184261322021484,15.687945365905762,16.492454528808594,5829623
2008-12-15,10.992205619812012,19.192033767700195,20.13062858581543,18.83447265625,19.782007217407227,3107954
2008-12-16,11.74992847442627,20.515005111694336,20.61333465576172,19.06688690185547,19.290361404418945,3150800
2008-12-17,12.354069709777832,21.569807052612305,21.86479377746582,19.916091918945312,20.282590866088867,4253608
2008-12-18,12.277276039123535,21.43572235107422,21.77540397644043,20.622272491455078,21.77540397644043,4821904
2008-12-19,14.617015838623047,25.520845413208008,25.94991683959961,23.25927734375,24.010154724121094,14545027
2008-12-22,14.535101890563965,25.37782096862793,25.476150512695312,24.028032302856445,24.96662712097168,5856248
2008-12-23,14.20743465423584,24.80572509765625,25.69962501525879,24.55543327331543,25.37782096862793,3250587
2008-12-24,14.514623641967773,25.342065811157227,25.422515869140625,24.912992477416992,24.948749542236328,1026737
2008-12-26,14.591425895690918,25.476150512695312,25.735380172729492,24.87723731994629,25.279491424560547,980199
2008-12-29,14.089681625366211,24.600128173828125,25.583417892456055,24.126361846923828,25.44933319091797,1678264
2008-12-30,14.345671653747559,25.047077178955078,25.073894500732422,24.537555694580078,24.957687377929688,2456539
2008-12-31,14.427587509155273,25.190101623535156,25.404638290405273,24.859359741210938,25.047077178955078,2433941
2009-01-02,15.123883247375488,26.405805587768555,26.60246467590332,24.87723731994629,25.46721076965332,2874594
2009-01-05,14.7142972946167,25.690685272216797,26.423683166503906,25.386760711669922,26.155513763427734,3064996
2009-01-06,14.816691398620605,25.86946678161621,26.227025985717773,25.073894500732422,26.003551483154297,3595816
2009-01-07,14.156793594360352,24.546493530273438,25.565540313720703,24.40346908569336,25.252674102783203,3795167
2009-01-08,14.244436264038086,24.698457717895508,25.19904136657715,23.74198341369629,24.367713928222656,3696387
2009-01-09,13.754667282104492,23.849252700805664,24.752090454101562,23.795618057250977,24.662700653076172,1927509
2009-01-12,13.254595756530762,22.982168197631836,24.036970138549805,22.544158935546875,23.688350677490234,3538763
2009-01-13,13.228824615478516,22.93747329711914,23.83137321472168,22.553096771240234,23.41124153137207,2487527
2009-01-14,12.57923412322998,21.811159133911133,22.3564395904541,21.516172409057617,22.177658081054688,3294776
2009-01-15,12.960735321044922,22.472646713256836,22.982168197631836,21.12285614013672,21.891611099243164,3195212
2009-01-16,13.388642311096191,23.214582443237305,23.33078956604004,22.293865203857422,22.901718139648438,3042175
2009-01-20,12.141026496887207,21.051345825195312,23.25033950805664,20.845748901367188,23.07155990600586,3286050
2009-01-21,12.837010383605957,22.25811004638672,22.36537742614746,21.069223403930664,21.20330810546875,3431144
2009-01-22,13.919649124145508,24.135299682617188,24.859359741210938,21.95418357849121,22.61566925048828,5063206
2009-01-23,13.728899955749512,23.80455780029297,24.16211700439453,23.23246192932129,23.464874267578125,2860051
2009-01-26,13.996977806091309,24.269384384155273,24.96662712097168,23.74198341369629,23.974397659301758,2472984
2009-01-27,14.280523300170898,24.761030197143555,25.029199600219727,24.099544525146484,24.46604347229004,2419510
2009-01-28,14.497053146362305,25.1364688873291,25.55660057067871,24.769969940185547,25.23479652404785,3239624
2009-01-29,14.11040210723877,24.46604347229004,24.993444442749023,24.224689483642578,24.41240882873535,2715964
2009-01-30,13.517518997192383,23.438058853149414,24.546493530273438,23.1788272857666,24.37665367126465,2485065
2009-02-02,13.496905326843262,23.402301788330078,23.679410934448242,22.713998794555664,22.794450759887695,2219376
2009-02-03,13.935118675231934,24.16211700439453,24.439226150512695,22.740816116333008,23.41124153137207,2584294
2009-02-04,14.378479957580566,24.930870056152344,25.422515869140625,23.768800735473633,24.16211700439453,5641906
2009-02-05,14.667190551757812,25.431455612182617,25.520845413208008,24.689517974853516,24.868297576904297,2680949
2009-02-06,14.790915489196777,25.6459903717041,26.173391342163086,25.225858688354492,25.46721076965332,2867323
2009-02-09,14.744513511657715,25.565540313720703,25.672807693481445,24.8236026763916,25.6102352142334,2102137
2009-02-10,14.043379783630371,24.349836349487305,25.565540313720703,24.135299682617188,25.28843116760254,3713167
2009-02-11,14.527989387512207,25.190101623535156,25.37782096862793,24.48392105102539,24.62694549560547,3804452
2009-02-12,15.08992862701416,26.164453506469727,26.262781143188477,24.582250595092773,24.582250595092773,5790804
2009-02-13,15.11570930480957,26.209148406982422,26.53989028930664,25.55660057067871,25.914161682128906,4875825
2009-02-17,14.424880981445312,25.011322021484375,25.502967834472656,24.680578231811523,25.30630874633789,5175076
2009-02-18,14.228968620300293,24.671640396118164,25.440393447875977,24.39453125,25.109651565551758,4591789
2009-02-19,14.043379783630371,24.349836349487305,25.70856475830078,24.251506805419922,25.011322021484375,3200358
2009-02-20,14.55376148223877,25.23479652404785,25.502967834472656,23.89394760131836,23.9654598236084,6426334
2009-02-23,14.120711326599121,24.48392105102539,25.923099517822266,24.430286407470703,25.494028091430664,4891599
2009-02-24,14.625943183898926,25.359943389892578,25.46721076965332,24.48392105102539,24.62694549560547,5240743
2009-02-25,14.491901397705078,25.12752914428711,25.69962501525879,24.707395553588867,25.181163787841797,4673789
2009-02-26,13.579391479492188,23.545326232910156,25.520845413208008,23.24139976501465,25.520845413208008,7063766
2009-02-27,13.991823196411133,24.260446548461914,24.528615951538086,23.08049774169922,23.23246192932129,5522542
2009-03-02,13.25975513458252,22.991107940673828,24.135299682617188,22.785511016845703,23.82243537902832,4859157
2009-03-03,13.012292861938477,22.562036514282227,23.6525936126709,22.177658081054688,23.134132385253906,4256516
2009-03-04,13.141180992126465,22.785511016845703,23.464874267578125,22.59779167175293,23.062620162963867,4414588
2009-03-05,12.749367713928223,22.10614776611328,23.00898551940918,21.68601417541504,22.338560104370117,5147668
2009-03-06,12.816391944885254,22.222354888916016,22.91065788269043,21.551929473876953,22.302804946899414,4477458
2009-03-09,12.53799057006836,21.739648818969727,22.50840187072754,21.650257110595703,21.837976455688477,2862177
2009-03-10,13.90418529510498,24.108482360839844,24.31407928466797,21.909488677978516,22.150842666625977,5182123
2009-03-11,13.811382293701172,23.947580337524414,24.430286407470703,23.16988754272461,23.16988754272461,4643808
2009-03-12,14.497053146362305,25.1364688873291,25.529783248901367,23.91182518005371,23.929702758789062,5358429
2009-03-13,14.744513511657715,25.565540313720703,25.815832138061523,24.689517974853516,25.2169189453125,3989149
2009-03-16,14.837310791015625,25.726442337036133,26.799121856689453,25.637052536010742,25.833709716796875,5783421
2009-03-17,15.414719581604004,26.727609634399414,26.727609634399414,25.342065811157227,25.672807693481445,5768654
2009-03-18,18.49251365661621,32.06419372558594,32.24297332763672,29.605968475341797,29.96352767944336,19930305
2009-03-19,18.0130558013916,31.232866287231445,32.350242614746094,30.69652557373047,31.885412216186523,6722005
2009-03-20,17.466575622558594,30.28533172607422,31.232866287231445,29.686418533325195,31.232866287231445,5855689
2009-03-23,18.642017364501953,32.32342529296875,32.32342529296875,30.21381950378418,30.732282638549805,5568744
2009-03-24,17.734663009643555,30.750160217285156,32.69886016845703,30.71440315246582,31.813901901245117,5153708
2009-03-25,18.131633758544922,31.43846321105957,31.912229537963867,30.222759246826172,31.25968360900879,5039602
2009-03-26,19.08023452758789,33.0832405090332,33.60169982910156,31.572547912597656,31.706632614135742,5459224
2009-03-27,18.25536346435547,31.652999877929688,32.58265686035156,31.572547912597656,32.27872848510742,3900884
2009-03-30,18.01820945739746,31.241804122924805,31.313316345214844,30.669708251953125,31.232866287231445,3903792
2009-03-31,17.6624813079834,30.62501335144043,31.876474380493164,29.96352767944336,31.501035690307617,3720774
2009-04-01,17.992431640625,31.19710922241211,31.492097854614258,30.05291748046875,30.401538848876953,3733639
2009-04-02,18.703880310058594,32.43069076538086,33.01172637939453,31.456340789794922,31.965864181518555,3274639
2009-04-03,18.812149047851562,32.618412017822266,32.618412017822266,31.706632614135742,32.15358352661133,3120931
2009-04-06,18.471887588500977,32.028438568115234,32.57371520996094,31.706632614135742,32.296607971191406,3168140
2009-04-07,17.766822814941406,30.633953094482422,32.26979064941406,30.59819793701172,32.09994888305664,4493456
2009-04-08,18.57557487487793,32.028438568115234,32.082069396972656,30.70546531677246,30.70546531677246,3295559
2009-04-09,19.202880859375,33.11005783081055,33.57488250732422,32.24297332763672,32.82400894165039,3058620
2009-04-13,19.68502426147461,33.941383361816406,34.263187408447266,32.67204666137695,32.84188461303711,4255621
2009-04-14,19.073272705078125,32.88658142089844,33.61064147949219,32.50220489501953,33.61064147949219,5164672
2009-04-15,19.005882263183594,32.7703742980957,32.87764358520508,31.77814483642578,32.350242614746094,3755230
2009-04-16,19.980545043945312,34.450904846191406,34.96043014526367,32.64522933959961,32.64522933959961,4378678
2009-04-17,20.49378776550293,35.33586883544922,35.53252410888672,34.1022834777832,34.62968444824219,3989037
2009-04-20,20.208654403686523,34.84422302246094,35.11239242553711,34.43302917480469,35.076637268066406,4257411
2009-04-21,20.281230926513672,34.96936798095703,35.085575103759766,33.98607635498047,33.98607635498047,4932767
2009-04-22,20.872251510620117,35.9884147644043,36.83761978149414,34.53135681152344,34.5402946472168,6085468
2009-04-23,20.835966110229492,35.92584228515625,36.649898529052734,34.987247467041016,36.21188735961914,3560577
2009-04-24,20.592296600341797,35.505706787109375,36.59626770019531,35.326927185058594,36.21188735961914,4594250
2009-04-27,19.975360870361328,34.44196701049805,35.35374450683594,33.81623840332031,34.996185302734375,3618414
2009-04-28,19.757604598999023,34.0665283203125,35.219661712646484,33.995018005371094,34.29894256591797,2618637
2009-04-29,19.047351837158203,32.84188461303711,34.31682205200195,32.716739654541016,34.263187408447266,3944177
2009-04-30,19.166589736938477,33.047481536865234,34.42408752441406,32.940216064453125,33.40504455566406,4059403
2009-05-01,18.725919723510742,32.28766632080078,33.33353042602539,32.01949691772461,33.28883743286133,2933438
2009-05-04,19.949426651000977,34.39727020263672,34.772708892822266,32.32342529296875,32.32342529296875,3129433
2009-05-05,20.187911987304688,34.808467864990234,35.309051513671875,33.771541595458984,34.00395584106445,2581049
2009-05-06,19.607263565063477,33.80729675292969,35.38949966430664,33.41398239135742,35.174964904785156,2925831
2009-05-07,19.21324920654297,33.127933502197266,34.75483322143555,32.96703338623047,34.20955276489258,3700414
2009-05-08,18.67407989501953,32.19827651977539,33.88774871826172,31.947986602783203,33.51231002807617,3605661
2009-05-11,18.632604598999023,32.126766204833984,32.529022216796875,31.232866287231445,31.84965705871582,3501398
2009-05-12,18.08824348449707,31.18817138671875,32.51114273071289,30.732282638549805,32.2608528137207,3322184
2009-05-13,17.305404663085938,29.838382720947266,30.839550018310547,29.427188873291016,30.61607551574707,3424544
2009-05-14,17.78236961364746,30.660770416259766,31.223926544189453,29.847320556640625,29.847320556640625,2649961
2009-05-15,17.67868423461914,30.481990814208984,31.250743865966797,30.30320930480957,30.589258193969727,2054480
2009-05-18,18.50299644470215,31.903291702270508,31.92116928100586,30.55350112915039,30.7769775390625,2006712
2009-05-19,18.3215389251709,31.590425491333008,32.46644973754883,31.161354064941406,32.01055908203125,2769437
2009-05-20,18.036399841308594,31.09878158569336,32.67204666137695,31.018329620361328,31.947986602783203,2599508
2009-05-21,17.331327438354492,29.88307762145996,31.286500930786133,29.6417236328125,30.660770416259766,2586083
2009-05-22,17.129140853881836,29.534456253051758,30.026100158691406,28.881908416748047,29.945650100708008,3053250
2009-05-26,18.47707176208496,31.858596801757812,32.14464569091797,29.06068992614746,29.2484073638916,3898311
2009-05-27,18.38894271850586,31.706632614135742,32.806129455566406,31.223926544189453,31.867534637451172,3856807
2009-05-28,18.34746551513672,31.635120391845703,32.59159469604492,30.973634719848633,32.01949691772461,2626356
2009-05-29,18.75184440612793,32.33236312866211,32.394935607910156,31.143476486206055,31.76026725769043,2739792
2009-06-01,19.48802375793457,33.60169982910156,34.05759048461914,32.74355697631836,32.86870193481445,2658351
2009-06-02,19.145858764648438,33.01172637939453,33.5212516784668,32.59159469604492,33.5212516784668,2362680
2009-06-03,18.808868408203125,32.43069076538086,32.958091735839844,31.894351959228516,32.59159469604492,2793489
2009-06-04,18.166013717651367,31.322256088256836,32.7703742980957,30.93787956237793,32.66310501098633,3216579
2009-06-05,18.10898208618164,31.223926544189453,32.028438568115234,31.02726936340332,31.822839736938477,1808032
2009-06-08,17.70978355407715,30.53562355041504,31.179231643676758,30.178064346313477,31.161354064941406,3993400
2009-06-09,17.93271255493164,30.920000076293945,31.241804122924805,30.499868392944336,30.642892837524414,2018235
2009-06-10,17.549070358276367,30.258514404296875,31.474218368530273,29.945650100708008,31.43846321105957,2080098
2009-06-11,17.092844009399414,29.47188377380371,30.59819793701172,29.31098175048828,30.30320930480957,2990939
2009-06-12,17.523157119750977,30.21381950378418,30.240636825561523,29.203712463378906,29.355676651000977,2265354
2009-06-15,17.559444427490234,30.27639389038086,30.356843948364258,29.30204200744629,29.784748077392578,2963307
2009-06-16,17.144697189331055,29.5612735748291,30.499868392944336,29.46294403076172,30.428356170654297,2582280
2009-06-17,17.160247802734375,29.588090896606445,30.187002182006836,28.89084815979004,29.516578674316406,2704553
2009-06-18,17.388351440429688,29.98140525817871,30.419416427612305,28.828275680541992,29.588090896606445,2757355
2009-06-19,17.989744186401367,31.018329620361328,31.304378509521484,30.267454147338867,30.428356170654297,3298356
2009-06-22,17.751256942749023,30.607135772705078,31.42058563232422,30.12442970275879,30.53562355041504,5075847
2009-06-23,17.108402252197266,29.498699188232422,31.03620719909668,29.382492065429688,30.69652557373047,5687101
2009-06-24,16.558860778808594,28.551166534423828,29.73111343383789,28.33662986755371,28.74782371520996,10422419
2009-06-25,16.994348526000977,29.30204200744629,29.79368782043457,28.32769012451172,28.32769012451172,5782638
2009-06-26,16.698835372924805,28.792518615722656,29.39143180847168,28.649494171142578,29.024932861328125,3989596
2009-06-29,17.512779235839844,30.195941925048828,30.338966369628906,28.864030838012695,28.971298217773438,3590111
2009-06-30,17.09803009033203,29.48082160949707,30.54456329345703,29.30204200744629,30.195941925048828,3456539
2009-07-01,17.663124084472656,30.45517349243164,30.68758773803711,29.516578674316406,29.80262565612793,2689339
2009-07-02,17.139507293701172,29.55233383178711,30.0707950592041,29.516578674316406,29.95458984375,1947981
2009-07-06,17.222454071044922,29.695358276367188,29.82050323486328,29.042810440063477,29.46294403076172,2919566
2009-07-07,16.667726516723633,28.7388858795166,29.847320556640625,28.685251235961914,29.847320556640625,2530484
2009-07-08,16.908077239990234,28.926603317260742,29.266286849975586,28.4260196685791,28.676311492919922,2671328
2009-07-09,16.960329055786133,29.015993118286133,29.257347106933594,28.452836990356445,29.105384826660156,2134803
2009-07-10,16.908077239990234,28.926603317260742,29.57021141052246,28.560104370117188,28.74782371520996,2048887
2009-07-13,17.08050537109375,29.22159194946289,29.31991958618164,28.33662986755371,28.917665481567383,2370064
2009-07-14,17.603004455566406,30.11549186706543,30.178064346313477,28.855091094970703,29.328859329223633,3749636
2009-07-15,17.409677505493164,29.784748077392578,30.39259910583496,29.48082160949707,30.39259910583496,3419846
2009-07-16,17.691831588745117,30.267454147338867,30.401538848876953,29.445066452026367,29.775808334350586,2314688
2009-07-17,17.613454818725586,30.13336944580078,30.517745971679688,29.766870498657227,30.517745971679688,2073722
2009-07-20,17.754528045654297,30.37472152709961,30.589258193969727,29.927772521972656,30.3836612701416,2044300
2009-07-21,17.56643295288086,30.05291748046875,30.71440315246582,29.516578674316406,30.71440315246582,2707238
2009-07-22,17.822450637817383,30.490928649902344,31.09878158569336,29.990345001220703,30.258514404296875,2661931
2009-07-23,17.864246368408203,30.562440872192383,31.045146942138672,29.936710357666016,30.464111328125,3243092
2009-07-24,17.51418113708496,29.96352767944336,30.660770416259766,29.597028732299805,30.3836612701416,2839803
2009-07-27,17.582101821899414,30.079734802246094,30.267454147338867,29.47188377380371,29.89201545715332,2372077
2009-07-28,17.508953094482422,29.95458984375,30.0707950592041,29.507638931274414,29.97246742248535,1765410
2009-07-29,17.007352828979492,29.096445083618164,30.05291748046875,28.989177703857422,29.856260299682617,2435619
2009-07-30,17.169328689575195,29.373554229736328,29.82050323486328,29.194774627685547,29.40930938720703,2002685
2009-07-31,16.923751831054688,28.953420639038086,29.57021141052246,28.828275680541992,29.445066452026367,2678488
2009-08-03,17.394010543823242,29.757930755615234,29.829442977905273,29.132200241088867,29.436126708984375,2389865
2009-08-04,17.639575958251953,30.178064346313477,30.580318450927734,29.534456253051758,29.72217559814453,2722228
2009-08-05,17.78064727783203,30.419416427612305,30.59819793701172,29.909894943237305,30.169124603271484,1842600
2009-08-06,16.772226333618164,28.694189071655273,29.588090896606445,28.604799270629883,29.185834884643555,4248797
2009-08-07,16.67818260192871,28.533287048339844,29.445066452026367,28.4260196685791,28.90872573852539,3371854
2009-08-10,17.038705825805664,29.15007972717285,29.22159194946289,28.542226791381836,28.542226791381836,3197226
2009-08-11,16.589351654052734,28.381324768066406,29.266286849975586,28.345569610595703,29.167957305908203,2397360
2009-08-12,16.307205200195312,27.898618698120117,28.649494171142578,27.75559425354004,28.33662986755371,4630607
2009-08-13,16.2967472076416,27.880741119384766,28.461776733398438,27.558937072753906,28.15785026550293,3946974
2009-08-14,16.568458557128906,28.345569610595703,28.399202346801758,27.684083938598633,27.988008499145508,4287392
2009-08-17,16.307205200195312,27.898618698120117,28.24724006652832,27.523181915283203,27.889680862426758,3560354
2009-08-18,16.510976791381836,28.24724006652832,28.31875228881836,27.639387130737305,27.961191177368164,3094194
2009-08-19,16.68863296508789,28.551166534423828,28.613739013671875,27.710899353027344,27.800289154052734,3216020
2009-08-20,17.033472061157227,29.14113998413086,29.266286849975586,28.533287048339844,28.551166534423828,2241078
2009-08-21,17.383556365966797,29.740053176879883,29.829442977905273,29.105384826660156,29.40930938720703,3030428
2009-08-24,17.37310218811035,29.72217559814453,30.106552124023438,29.534456253051758,29.900955200195312,3357311
2009-08-25,17.55597686767578,30.0350399017334,30.37472152709961,29.73111343383789,29.900955200195312,2428012
2009-08-26,17.655256271362305,30.20488166809082,30.356843948364258,29.79368782043457,29.927772521972656,1871686
2009-08-27,17.6239013671875,30.151247024536133,30.258514404296875,29.427188873291016,30.008222579956055,2266249
2009-08-28,17.51418113708496,29.96352767944336,30.330026626586914,29.748992919921875,30.312149047851562,2431816
2009-08-31,17.20590591430664,29.436126708984375,29.927772521972656,29.275224685668945,29.704296112060547,2572435
2009-09-01,17.221580505371094,29.46294403076172,30.21381950378418,29.22159194946289,29.489761352539062,2665063
2009-09-02,17.247692108154297,29.507638931274414,29.865198135375977,29.266286849975586,29.30204200744629,1552970
2009-09-03,17.59255027770996,30.097612380981445,30.13336944580078,29.400371551513672,29.63278579711914,2032666
2009-09-04,17.97920036315918,30.759098052978516,30.79485511779785,30.0350399017334,30.267454147338867,1443674
2009-09-08,17.843360900878906,30.52668571472168,31.286500930786133,30.3836612701416,31.125598907470703,3402282
2009-09-09,18.130727767944336,31.018329620361328,31.02726936340332,30.12442970275879,30.499868392944336,2245106
2009-09-10,18.130727767944336,31.018329620361328,31.25968360900879,30.55350112915039,31.00939178466797,2678040
2009-09-11,18.052345275878906,30.884244918823242,31.26862144470215,30.589258193969727,31.125598907470703,2255062
2009-09-14,18.235227584838867,31.19710922241211,31.402706146240234,30.61607551574707,30.678647994995117,1927397
2009-09-15,18.261348724365234,31.241804122924805,31.402706146240234,31.00939178466797,31.161354064941406,3300481
2009-09-16,18.998077392578125,32.50220489501953,32.636287689208984,31.27756118774414,31.27756118774414,4087482
2009-09-17,19.144376754760742,32.75249481201172,33.06536102294922,32.17145919799805,32.47538757324219,2443898
2009-09-18,19.395177841186523,33.18156814575195,33.351409912109375,32.546897888183594,32.96703338623047,2733080
2009-09-21,19.18617820739746,32.82400894165039,33.0832405090332,32.537960052490234,32.84188461303711,3152478
2009-09-22,19.217525482177734,32.87764358520508,33.07429885864258,32.57371520996094,32.96703338623047,3621994
2009-09-23,18.32927703857422,31.35801124572754,32.87764358520508,31.340133666992188,32.859764099121094,4669426
2009-09-24,18.517375946044922,31.6798152923584,31.840717315673828,30.95575714111328,31.60830307006836,3928851
2009-09-25,18.600976943969727,31.822839736938477,32.05525588989258,31.393768310546875,31.599365234375,3409666
2009-09-28,18.883121490478516,32.305545806884766,32.84188461303711,31.733449935913086,31.885412216186523,4293098
2009-09-29,18.88835334777832,32.314483642578125,32.92233657836914,32.06419372558594,32.46644973754883,3594250
2009-09-30,17.832901000976562,30.508806228637695,30.562440872192383,29.06068992614746,29.97246742248535,14262893
2009-10-01,17.320852279663086,29.63278579711914,30.473051071166992,29.543394088745117,30.29427146911621,5807473
2009-10-02,17.346981048583984,29.677480697631836,29.98140525817871,29.15901756286621,29.373554229736328,3154492
2009-10-05,17.60822868347168,30.12442970275879,30.258514404296875,29.605968475341797,29.63278579711914,2715404
2009-10-06,17.47759437561035,29.900955200195312,30.44623374938965,29.579151153564453,30.44623374938965,4778834
2009-10-07,17.314407348632812,29.400371551513672,29.88307762145996,29.23052978515625,29.677480697631836,3250587
2009-10-08,17.335466384887695,29.436126708984375,30.097612380981445,29.400371551513672,29.63278579711914,4364806
2009-10-09,17.367050170898438,29.489761352539062,29.740053176879883,29.123262405395508,29.328859329223633,2656561
2009-10-12,17.530242919921875,29.766870498657227,29.927772521972656,29.605968475341797,29.847320556640625,2607115
2009-10-13,17.361785888671875,29.48082160949707,29.79368782043457,29.400371551513672,29.72217559814453,2245777
2009-10-14,17.24071502685547,29.275224685668945,29.945650100708008,29.194774627685547,29.748992919921875,2756013
2009-10-15,17.56709098815918,29.829442977905273,29.89201545715332,29.176895141601562,29.176895141601562,2557445
2009-10-16,17.48287010192871,29.686418533325195,29.909894943237305,29.445066452026367,29.55233383178711,2523101
2009-10-19,17.661853790283203,29.990345001220703,30.008222579956055,29.22159194946289,29.900955200195312,2669650
2009-10-20,17.161739349365234,29.14113998413086,30.13336944580078,28.16678810119629,30.097612380981445,5677593
2009-10-21,16.408945083618164,27.862863540649414,29.337797164916992,27.827106475830078,28.944482803344727,6530484
2009-10-22,16.787979125976562,28.506471633911133,28.74782371520996,27.84498405456543,27.9969482421875,3892494
2009-10-23,16.472118377685547,27.970130920410156,28.65843391418457,27.84498405456543,28.65843391418457,4164336
2009-10-26,16.524761199951172,28.059520721435547,28.274057388305664,27.76453399658203,27.988008499145508,3857367
2009-10-27,16.37735939025879,27.809228897094727,28.148910522460938,27.281827926635742,28.041643142700195,3151919
2009-10-28,16.251008987426758,27.59469223022461,28.265117645263672,27.549997329711914,27.684083938598633,2718649
2009-10-29,16.47737693786621,27.97907066345215,28.17572784423828,27.693021774291992,27.898618698120117,1854570
2009-10-30,15.956204414367676,27.09410858154297,28.238300323486328,27.076231002807617,27.943313598632812,2994407
2009-11-02,16.008846282958984,27.18349838256836,27.487424850463867,26.76336669921875,27.138803482055664,2564045
2009-11-03,16.314184188842773,27.701961517333984,27.701961517333984,26.85275650024414,27.120925903320312,2826043
2009-11-04,16.7827091217041,28.49753189086914,28.792518615722656,27.81816864013672,27.862863540649414,4018570
2009-11-05,17.256502151489258,29.30204200744629,29.5612735748291,28.667373657226562,28.765701293945312,3092740
2009-11-06,17.18805694580078,29.185834884643555,29.856260299682617,28.89978790283203,29.2484073638916,2271731
2009-11-09,17.19332504272461,29.194774627685547,29.579151153564453,29.015993118286133,29.489761352539062,3422083
2009-11-10,17.14068031311035,29.105384826660156,29.55233383178711,28.864030838012695,28.98023796081543,2947981
2009-11-11,17.172271728515625,29.15901756286621,29.436126708984375,28.864030838012695,29.400371551513672,2279897
2009-11-12,16.7827091217041,28.49753189086914,29.31098175048828,28.40814208984375,29.167957305908203,3598837
2009-11-13,16.89852523803711,28.694189071655273,28.83721351623535,28.345569610595703,28.48859214782715,1805347
2009-11-16,17.256502151489258,29.30204200744629,29.30204200744629,28.8193359375,28.944482803344727,2531379
2009-11-17,17.09856605529785,29.033872604370117,29.40930938720703,28.917665481567383,29.30204200744629,1975612
2009-11-18,17.119630813598633,29.06962776184082,29.194774627685547,28.676311492919922,28.98023796081543,1926166
2009-11-19,16.687950134277344,28.33662986755371,29.007055282592773,28.22936248779297,29.007055282592773,2046090
2009-11-20,16.551088333129883,28.104215621948242,28.443897247314453,27.76453399658203,28.06846046447754,2348809
2009-11-23,16.740598678588867,28.4260196685791,28.721006393432617,28.282995223999023,28.381324768066406,1577470
2009-11-24,16.514230728149414,28.041643142700195,28.533287048339844,27.81816864013672,28.533287048339844,2562591
2009-11-25,16.37735939025879,27.809228897094727,28.095277786254883,27.532119750976562,28.00588607788086,3152030
2009-11-27,16.398418426513672,27.84498405456543,28.032703399658203,27.120925903320312,27.228193283081055,901891
2009-11-30,16.545808792114258,28.095277786254883,28.15785026550293,27.66620445251465,27.809228897094727,2140620
2009-12-01,16.756383895874023,28.452836990356445,28.694189071655273,28.00588607788086,28.399202346801758,1875378
2009-12-02,17.009077072143555,28.881908416748047,29.015993118286133,28.32769012451172,28.372386932373047,2330909
2009-12-03,16.65636444091797,28.282995223999023,28.872970581054688,28.220422744750977,28.74782371520996,2056382
2009-12-04,16.956430435180664,28.792518615722656,29.05175018310547,28.202545166015625,28.72994613647461,2196107
2009-12-07,16.924842834472656,28.7388858795166,28.989177703857422,28.649494171142578,28.8193359375,1101577
2009-12-08,16.798494338989258,28.524349212646484,28.828275680541992,28.345569610595703,28.461776733398438,1641011
2009-12-09,16.814300537109375,28.551166534423828,28.783580780029297,28.363447189331055,28.542226791381836,1602976
2009-12-10,16.914321899414062,28.721006393432617,29.123262405395508,28.667373657226562,28.783580780029297,2296118
2009-12-11,17.08277702331543,29.007055282592773,29.15901756286621,28.846153259277344,29.042810440063477,2613380
2009-12-14,17.01434326171875,28.89084815979004,29.185834884643555,28.83721351623535,29.167957305908203,3199463
2009-12-15,17.14068031311035,29.105384826660156,29.445066452026367,28.703128814697266,28.926603317260742,2460342
2009-12-16,17.56183624267578,29.82050323486328,30.312149047851562,29.543394088745117,29.945650100708008,3690010
2009-12-17,17.24071502685547,29.275224685668945,29.72217559814453,29.203712463378906,29.534456253051758,2546929
2009-12-18,18.493623733520508,31.402706146240234,31.44740104675293,29.498699188232422,29.507638931274414,6899206
2009-12-21,18.767362594604492,31.867534637451172,32.10888671875,31.250743865966797,31.36695098876953,2772905
2009-12-22,18.909503936767578,32.10888671875,32.26979064941406,31.751327514648438,31.822839736938477,2510460
2009-12-23,18.92003059387207,32.126766204833984,32.28766632080078,31.742389678955078,32.28766632080078,1679830
2009-12-24,18.914770126342773,32.117828369140625,32.14464569091797,31.76920509338379,32.05525588989258,688780
2009-12-28,18.65681266784668,31.6798152923584,32.117828369140625,31.42058563232422,32.04631423950195,2168251
2009-12-29,18.698936462402344,31.751327514648438,32.14464569091797,31.68875503540039,31.83177947998047,1199127
2009-12-30,18.546262741088867,31.492097854614258,31.796022415161133,31.375890731811523,31.733449935913086,1560689
2009-12-31,18.462034225463867,31.34907341003418,31.724510192871094,31.322256088256836,31.50997543334961,1314688
2010-01-04,18.425186157226562,31.286500930786133,31.6798152923584,31.02726936340332,31.6798152923584,2492561
2010-01-05,18.346221923828125,31.152414321899414,31.34907341003418,30.580318450927734,31.340133666992188,3059850
2010-01-06,18.23487091064453,30.741220474243164,31.080902099609375,30.723342895507812,31.080902099609375,3461797
2010-01-07,18.404542922973633,31.02726936340332,31.313316345214844,30.571380615234375,30.803794860839844,2782414
2010-01-08,18.09700584411621,30.508806228637695,31.054086685180664,30.473051071166992,30.86636734008789,2537420
2010-01-11,18.049278259277344,30.428356170654297,30.768037796020508,30.249576568603516,30.768037796020508,1654436
2010-01-12,17.96444320678711,30.28533172607422,30.642892837524414,30.14230728149414,30.20488166809082,1600179
2010-01-13,18.086400985717773,30.490928649902344,30.55350112915039,30.169124603271484,30.321088790893555,1185479
2010-01-14,18.966594696044922,31.974803924560547,32.135704040527344,30.37472152709961,30.410478591918945,4078309
2010-01-15,18.717384338378906,31.554670333862305,32.05525588989258,31.34907341003418,32.05525588989258,2652646
2010-01-19,19.003713607788086,32.037376403808594,32.082069396972656,31.50997543334961,31.599365234375,1836671
2010-01-20,19.36957550048828,32.65416717529297,33.843055725097656,32.403873443603516,32.68098449707031,4011411
2010-01-21,19.380186080932617,32.67204666137695,33.29777526855469,32.60053253173828,32.716739654541016,2898087
2010-01-22,19.17339324951172,32.32342529296875,32.9312744140625,32.25191116333008,32.529022216796875,2751538
2010-01-25,19.093852996826172,32.18933868408203,32.57371520996094,32.05525588989258,32.55583953857422,2147556
2010-01-26,19.343067169189453,32.60947036743164,33.029605865478516,32.117828369140625,32.15358352661133,3146325
2010-01-27,19.417301177978516,32.734619140625,32.859764099121094,32.403873443603516,32.60947036743164,2624343
2010-01-28,19.857397079467773,33.47655487060547,33.60169982910156,32.79719161987305,32.850826263427734,4326994
2010-01-29,19.597585678100586,33.038543701171875,33.74472427368164,32.92233657836914,33.47655487060547,3956035
2010-02-01,20.069488525390625,33.83411407470703,33.89668655395508,33.10111618041992,33.2083854675293,3153485
2010-02-02,20.302797317504883,34.22743225097656,34.5402946472168,33.64639663696289,33.851993560791016,2631167
2010-02-03,20.159626007080078,33.98607635498047,34.4151496887207,33.860931396484375,34.29894256591797,1790021
2010-02-04,19.83088493347168,33.431861877441406,34.0307731628418,33.39610290527344,33.70896911621094,3721445
2010-02-05,19.931631088256836,33.60169982910156,33.96820068359375,33.07429885864258,33.50337219238281,2943618
2010-02-08,19.899805068969727,33.548065185546875,34.0307731628418,33.530189514160156,33.66427230834961,1930753
2010-02-09,20.366418838500977,34.33469772338867,34.495601654052734,33.70896911621094,33.869869232177734,2071932
2010-02-10,20.175535202026367,34.01289367675781,34.39727020263672,33.93244552612305,34.29000473022461,2282470
2010-02-11,20.552011489868164,34.64756393432617,34.64756393432617,33.64639663696289,33.88774871826172,2612708
2010-02-12,20.673959732055664,34.8531608581543,34.906795501708984,34.04865264892578,34.263187408447266,2315136
2010-02-16,21.426902770996094,36.12249755859375,36.53369140625,35.79175567626953,35.8632698059082,5072715
2010-02-17,21.5223388671875,36.28340148925781,36.640960693359375,36.18507385253906,36.39067077636719,2214677
2010-02-18,21.48522186279297,36.220829010009766,36.42642593383789,36.050987243652344,36.20294952392578,1678823
2010-02-19,21.766254425048828,36.69459533691406,36.70353317260742,36.19401168823242,36.20294952392578,1837678
2010-02-22,21.766254425048828,36.69459533691406,36.828678131103516,36.408546447753906,36.8108024597168,1611590
2010-02-23,21.538246154785156,36.310218811035156,36.953826904296875,36.11355972290039,36.60520553588867,2306186
2010-02-24,21.73443031311035,36.640960693359375,36.649898529052734,36.319156646728516,36.4979362487793,1536637
2010-02-25,21.384475708007812,36.050987243652344,36.29233932495117,35.66661071777344,36.238704681396484,3413469
2010-02-26,21.501131057739258,36.24764633178711,36.39960861206055,36.050987243652344,36.11355972290039,1418951
2010-03-01,21.81928062438965,36.78398513793945,36.90019226074219,36.024169921875,36.35491180419922,1804900
2010-03-02,21.479923248291016,36.21188735961914,36.99851989746094,36.15825653076172,36.70353317260742,3223627
2010-03-03,21.5223388671875,36.28340148925781,36.649898529052734,36.19401168823242,36.39960861206055,1844502
2010-03-04,21.448110580444336,36.15825653076172,36.453243255615234,35.97947311401367,36.328094482421875,2225193
2010-03-05,21.729127883911133,36.632022857666016,36.649898529052734,36.25658416748047,36.29233932495117,2285267
2010-03-08,22.264677047729492,37.53486251831055,37.776214599609375,36.649898529052734,36.70353317260742,2433494
2010-03-09,22.285886764526367,37.57061767578125,38.06226348876953,37.34714126586914,37.39183807373047,2323526
2010-03-10,22.40253257751465,37.767276763916016,37.794090270996094,37.17729949951172,37.49016571044922,1583510
2010-03-11,22.418441772460938,37.794090270996094,38.12483596801758,37.52592086791992,37.52592086791992,1773017
2010-03-12,22.28057861328125,37.56167984008789,37.97287368774414,37.275630950927734,37.874542236328125,2940374
2010-03-15,22.503286361694336,37.93711471557617,38.07120132446289,37.48122787475586,37.543800354003906,2566730
2010-03-16,22.588119506835938,38.08013916015625,38.3304328918457,37.71364212036133,37.963932037353516,2823694
2010-03-17,23.060029983520508,38.875709533691406,38.95616149902344,38.187408447265625,38.35725021362305,2100235
2010-03-18,23.060029983520508,38.875709533691406,39.313720703125,38.72374725341797,38.98297882080078,1930082
2010-03-19,23.144872665405273,39.018733978271484,39.26902770996094,38.929344177246094,39.018733978271484,2095313
2010-03-22,23.399377822875977,39.44780731201172,39.501441955566406,38.70587158203125,38.85783386230469,2019577
2010-03-23,23.28272819519043,39.25114822387695,39.47462463378906,38.509212493896484,39.429927825927734,3382593
2010-03-24,23.81297492980957,40.145050048828125,40.2880744934082,38.35725021362305,39.03661346435547,6203714
2010-03-25,23.696317672729492,39.94839096069336,40.475791931152344,39.823246002197266,40.475791931152344,2953127
2010-03-26,23.484224319458008,39.5908317565918,39.99308776855469,39.322662353515625,39.644466400146484,3088824
2010-03-29,23.84477996826172,40.19868469238281,40.22549819946289,39.58189010620117,39.61764907836914,2258194
2010-03-30,23.754634857177734,40.04671859741211,40.4847297668457,39.823246002197266,40.08247756958008,1718425
2010-03-31,23.616769790649414,39.81430435180664,40.08247756958008,39.49250030517578,39.86793899536133,1841929
2010-04-01,23.595569610595703,39.77854919433594,40.234439849853516,39.36735534667969,40.04671859741211,1921356
2010-04-05,24.131107330322266,40.68138885498047,40.68138885498047,39.77854919433594,39.77854919433594,1575680
2010-04-06,23.998552322387695,40.45791244506836,40.62775421142578,40.18974304199219,40.61881637573242,1989149
2010-04-07,24.734346389770508,41.468021392822266,41.611045837402344,40.67245101928711,40.93168258666992,5556774
2010-04-08,24.729013442993164,41.459083557128906,41.700435638427734,41.1104621887207,41.44120407104492,2640452
2010-04-09,24.952939987182617,41.83451843261719,41.83451843261719,41.08364486694336,41.45014190673828,2109296
2010-04-12,25.000926971435547,41.91497039794922,42.0579948425293,41.709373474121094,41.75407028198242,1669650
2010-04-13,25.059593200683594,42.013301849365234,42.0579948425293,41.62892150878906,41.90603256225586,1704553
2010-04-14,25.25686264038086,42.34404373168945,42.34404373168945,41.977542877197266,42.022239685058594,2412910
2010-04-15,25.016931533813477,41.94178771972656,42.388736724853516,41.81664276123047,42.21889877319336,2241750
2010-04-16,24.98493003845215,41.888153076171875,42.18313980102539,41.655738830566406,41.7451286315918,3338628
2010-04-19,25.171552658081055,42.201019287109375,42.22783660888672,41.566349029541016,41.879215240478516,3037029
2010-04-20,25.123559951782227,42.120567321777344,42.21889877319336,41.63786315917969,42.066932678222656,2577470
2010-04-21,25.272851943969727,42.3708610534668,42.424495697021484,41.90603256225586,42.1295051574707,1651191
2010-04-22,25.944660186767578,43.49717330932617,43.68489456176758,42.22783660888672,42.22783660888672,2514375
2010-04-23,25.955333709716797,43.515052795410156,43.81003952026367,43.18430709838867,43.64019775390625,1469739
2010-04-26,25.598094940185547,42.9161376953125,43.532928466796875,42.835689544677734,43.49717330932617,1934221
2010-04-27,25.064918518066406,42.022239685058594,43.246883392333984,41.977542877197266,42.746299743652344,2015774
2010-04-28,24.409101486206055,40.9227409362793,42.013301849365234,40.82441329956055,41.709373474121094,2985681
2010-04-29,24.57971954345703,41.20878982543945,41.62892150878906,40.886985778808594,41.199851989746094,3113995
2010-04-30,23.85991859436035,40.00202560424805,41.51271438598633,40.00202560424805,41.22666931152344,2648395
2010-05-03,24.238479614257812,40.636695861816406,40.886985778808594,40.00202560424805,40.22549819946289,1993176
2010-05-04,23.37472915649414,39.188575744628906,40.252315521240234,39.03661346435547,40.252315521240234,2544021
2010-05-05,23.284093856811523,39.03661346435547,40.40428161621094,38.57178497314453,38.71480941772461,3115897
2010-05-06,22.86820411682129,38.33937072753906,39.5908317565918,36.60520553588867,39.018733978271484,3361785
2010-05-07,22.71891212463379,38.089080810546875,38.9650993347168,37.41865539550781,38.366188049316406,3285155
2010-05-10,23.662643432617188,39.67128372192383,39.939453125,38.99191665649414,39.420989990234375,2193534
2010-05-11,23.849258422851562,39.98414611816406,40.788658142089844,39.21539306640625,39.29584503173828,2195100
2010-05-12,24.05719757080078,40.332767486572266,40.4132194519043,39.930511474609375,40.162925720214844,1395682
2010-05-13,23.566673278808594,39.510379791259766,40.30595016479492,39.49250030517578,40.162925720214844,1715516
2010-05-14,23.17745018005371,38.85783386230469,39.38523483276367,38.5270881652832,39.322662353515625,1542566
2010-05-17,23.444040298461914,39.30478286743164,39.40311050415039,38.098018646240234,38.85783386230469,2406533
2010-05-18,23.316083908081055,39.090248107910156,40.07353591918945,39.08130645751953,39.644466400146484,1613491
2010-05-19,23.24142837524414,38.9650993347168,39.197513580322266,38.178470611572266,38.875709533691406,1963195
2010-05-20,22.356340408325195,37.48122787475586,38.44664001464844,37.472286224365234,38.22316360473633,2148898
2010-05-21,22.180404663085938,37.186241149902344,37.48122787475586,36.095680236816406,36.319156646728516,3786665
2010-05-24,22.036439895629883,36.94488525390625,37.40971374511719,36.83761978149414,37.17729949951172,2157512
2010-05-25,22.201732635498047,37.22199630737305,37.29350662231445,35.56827926635742,36.16719436645508,2225864
2010-05-26,22.4256534576416,37.597434997558594,38.196346282958984,37.40971374511719,37.445472717285156,2594921
2010-05-27,23.3214111328125,39.099185943603516,39.143882751464844,38.106956481933594,38.13377380371094,1695268
2010-05-28,22.87354278564453,38.34830856323242,39.242210388183594,38.285736083984375,38.94722366333008,2396912
2010-06-01,22.985504150390625,38.53602981567383,39.03661346435547,37.767276763916016,38.16059112548828,2937353
2010-06-02,23.518680572509766,39.429927825927734,39.48356246948242,38.39300537109375,38.64329528808594,2250028
2010-06-03,23.35873031616211,39.16175842285156,39.77854919433594,38.85783386230469,39.38523483276367,2899541
2010-06-04,22.537622451782227,37.785152435302734,38.71480941772461,37.57061767578125,38.34830856323242,2567178
2010-06-07,21.940475463867188,36.78398513793945,38.02650451660156,36.649898529052734,37.91029739379883,3178208
2010-06-08,22.0950870513916,37.043216705322266,37.141544342041016,36.17613220214844,36.90019226074219,1896409
2010-06-09,22.319021224975586,37.41865539550781,38.267860412597656,37.141544342041016,37.34714126586914,2169146
2010-06-10,22.82021141052246,38.25891876220703,38.39300537109375,37.6331901550293,37.6331901550293,1298020
2010-06-11,23.081470489501953,38.696929931640625,38.71480941772461,37.82090759277344,37.88348388671875,1141850
2010-06-14,23.3533992767334,39.1528205871582,39.501441955566406,38.88465118408203,39.000858306884766,1826043
2010-06-15,23.603994369506836,39.57295227050781,39.6623420715332,39.188575744628906,39.313720703125,1564940
2010-06-16,23.811935424804688,39.921573638916016,40.162925720214844,39.36735534667969,39.45674514770508,1848641
2010-06-17,23.747949600219727,39.81430435180664,40.19868469238281,39.501441955566406,40.1361083984375,1979752
2010-06-18,23.71596908569336,39.76067352294922,40.26125717163086,39.6265869140625,40.03778076171875,2247791
2010-06-21,22.88419532775879,38.366188049316406,40.1361083984375,38.08013916015625,40.07353591918945,4094082
2010-06-22,22.601613998413086,37.89242172241211,39.08130645751953,37.84772491455078,38.25891876220703,2963866
2010-06-23,22.340347290039062,37.454410552978516,37.963932037353516,36.66777801513672,37.963932037353516,4098669
2010-06-24,21.039384841918945,35.273292541503906,37.09685134887695,35.094512939453125,36.70353317260742,7398367
2010-06-25,20.79413414001465,34.862098693847656,35.827510833740234,34.65650177001953,35.317989349365234,4718201
2010-06-28,21.15135955810547,35.46101379394531,35.66661071777344,34.888916015625,35.12133026123047,3096543
2010-06-29,20.783458709716797,34.84422302246094,35.326927185058594,34.65650177001953,35.10345458984375,3988366
2010-06-30,20.714143753051758,34.7280158996582,35.44313430786133,34.674381256103516,34.862098693847656,2627251
2010-07-01,20.906091690063477,35.04981994628906,35.13026809692383,33.780479431152344,34.64756393432617,3503300
2010-07-02,20.516868591308594,34.39727020263672,35.273292541503906,34.361515045166016,35.085575103759766,2081553
2010-07-06,20.052995681762695,33.61957931518555,35.02300262451172,33.38716506958008,34.95148849487305,3021143
2010-07-07,20.590763092041016,34.22743225097656,34.23637008666992,33.14581298828125,33.2798957824707,3399038
2010-07-08,20.698314666748047,34.406211853027344,34.84422302246094,34.12016296386719,34.42408752441406,3337734
2010-07-09,21.203798294067383,35.24647521972656,35.28223419189453,34.254249572753906,34.45984649658203,2636648
2010-07-12,21.33823585510254,35.46995162963867,35.487831115722656,34.82634353637695,35.1660270690918,2040720
2010-07-13,22.155637741088867,36.828678131103516,37.043216705322266,35.916900634765625,35.916900634765625,3382258
2010-07-14,21.972801208496094,36.52475357055664,36.8823127746582,36.238704681396484,36.66777801513672,2058396
2010-07-15,22.107234954833984,36.74822998046875,36.80186462402344,36.01523208618164,36.48006057739258,1721110
2010-07-16,21.381261825561523,35.541465759277344,36.56945037841797,35.43419647216797,36.52475357055664,1844054
2010-07-19,21.354366302490234,35.496768951416016,35.77387619018555,35.14814758300781,35.586158752441406,1755006
2010-07-20,21.95128631591797,36.48899841308594,36.53369140625,35.085575103759766,35.21072006225586,2729388
2010-07-21,21.87599754333496,36.363853454589844,36.8823127746582,36.0599250793457,36.52475357055664,3264124
2010-07-22,22.892353057861328,38.053321838378906,38.16952896118164,36.70353317260742,36.71247482299805,3516613
2010-07-23,22.892353057861328,38.053321838378906,38.42876052856445,37.686824798583984,37.71364212036133,2382593
2010-07-26,23.3763427734375,38.85783386230469,38.93828582763672,37.9460563659668,38.0175666809082,1914084
2010-07-27,23.220394134521484,38.598602294921875,39.2779655456543,38.48239517211914,39.12600326538086,1867770
2010-07-28,22.897733688354492,38.06226348876953,38.831016540527344,37.865604400634766,38.57178497314453,1859940
2010-07-29,22.56970977783203,37.51698303222656,38.43769836425781,37.26668930053711,38.34830856323242,2520192
2010-07-30,22.526695251464844,37.445472717285156,37.642127990722656,36.873374938964844,37.26668930053711,1447254
2010-08-02,22.74716567993164,37.81196975708008,38.16952896118164,37.1236686706543,37.97287368774414,3046650
2010-08-03,22.682636260986328,37.7047004699707,37.84772491455078,37.1951789855957,37.84772491455078,2543237
2010-08-04,22.75255012512207,37.82090759277344,38.106956481933594,37.543800354003906,37.88348388671875,1625685
2010-08-05,22.655746459960938,37.66000747680664,37.74045944213867,37.230934143066406,37.62425231933594,1336055
2010-08-06,22.48904037475586,37.382896423339844,37.445472717285156,36.75716781616211,37.3203239440918,1629153
2010-08-09,22.92463493347168,38.106956481933594,38.32149124145508,37.472286224365234,37.472286224365234,1421971
2010-08-10,22.714900970458984,37.75833511352539,38.08013916015625,37.56167984008789,37.865604400634766,1625685
2010-08-11,21.687780380249023,36.050987243652344,37.1236686706543,35.997352600097656,37.1236686706543,2243540
2010-08-12,21.757694244384766,36.16719436645508,36.48006057739258,35.60403823852539,35.60403823852539,2381586
2010-08-13,21.32210922241211,35.44313430786133,36.06886672973633,35.42525863647461,35.997352600097656,1592907
2010-08-16,21.62325096130371,35.94371795654297,36.24764633178711,35.183902740478516,35.29117202758789,1284484
2010-08-17,22.031957626342773,36.62308120727539,37.10578918457031,36.0599250793457,36.29233932495117,1939031
2010-08-18,22.349225997924805,37.150482177734375,37.57955551147461,36.408546447753906,36.67671585083008,2036246
2010-08-19,22.080350875854492,36.70353317260742,37.20411682128906,36.42642593383789,36.93594741821289,1232017
2010-08-20,22.193281173706055,36.89125442504883,36.98064422607422,36.4979362487793,36.560508728027344,1442443
2010-08-23,22.1663875579834,36.8465576171875,37.53486251831055,36.8108024597168,37.08790969848633,875042
2010-08-24,21.730806350708008,36.12249755859375,36.51581573486328,35.80069351196289,36.43536376953125,1132341
2010-08-25,21.9620418548584,36.50687789916992,36.67671585083008,35.80069351196289,35.8632698059082,2117910
2010-08-26,22.316957473754883,37.09685134887695,37.30244827270508,36.59626770019531,36.60520553588867,1956035
2010-08-27,22.849340438842773,37.9818115234375,38.08013916015625,36.864437103271484,37.33820343017578,1627028
2010-08-30,22.2524356842041,36.98958206176758,38.3304328918457,36.98958206176758,37.89242172241211,1741134
2010-08-31,22.187894821166992,36.8823127746582,37.21305847167969,36.67671585083008,36.83761978149414,1541783
2010-09-01,22.973024368286133,38.187408447265625,38.34830856323242,37.26668930053711,37.26668930053711,1925831
2010-09-02,23.779653549194336,39.52825927734375,39.751731872558594,38.11589431762695,38.11589431762695,2525450
2010-09-03,23.96249771118164,39.832183837890625,40.466854095458984,39.56401443481445,39.77854919433594,1409330
2010-09-07,23.865703582763672,39.67128372192383,40.466854095458984,39.5908317565918,39.98414611816406,1565835
2010-09-08,23.860326766967773,39.6623420715332,40.08247756958008,39.420989990234375,40.00202560424805,2081329
2010-09-09,23.602197647094727,39.233272552490234,39.6623420715332,39.108123779296875,39.61764907836914,1784540
2010-09-10,24.064666748046875,40.00202560424805,40.21656036376953,39.25114822387695,39.29584503173828,1729612
2010-09-13,24.478744506835938,40.69032669067383,40.7618408203125,39.79642868041992,40.22549819946289,2394004
2010-09-14,24.532529830932617,40.77971649169922,41.289241790771484,40.40428161621094,40.654571533203125,1356080
2010-09-15,24.559412002563477,40.82441329956055,40.91380310058594,40.377464294433594,40.67245101928711,1295671
2010-09-16,24.19911003112793,40.22549819946289,40.7260856628418,39.841121673583984,40.574119567871094,2040049
2010-09-17,24.05392074584961,39.98414611816406,40.7260856628418,39.86793899536133,40.645633697509766,2351717
2010-09-20,24.215246200561523,40.252315521240234,40.49367141723633,40.00202560424805,40.234439849853516,2093523
2010-09-21,23.6721134185791,39.34947967529297,40.31489181518555,39.30478286743164,40.22549819946289,3447477
2010-09-22,23.354827880859375,38.822078704833984,38.911468505859375,38.07120132446289,38.43769836425781,4562479
2010-09-23,23.1719970703125,38.518150329589844,39.1170654296875,38.38406753540039,38.4913330078125,2158854
2010-09-24,23.451637268066406,38.98297882080078,39.501441955566406,38.66117477416992,39.03661346435547,2656897
2010-09-27,23.322572708129883,38.7684440612793,39.197513580322266,38.687992095947266,38.822078704833984,2356080
2010-09-28,23.456998825073242,38.99191665649414,39.03661346435547,38.187408447265625,38.71480941772461,1678040
2010-09-29,23.15586280822754,38.4913330078125,39.000858306884766,38.34830856323242,38.79526138305664,2720103
2010-09-30,23.005287170410156,38.24104309082031,38.93828582763672,37.874542236328125,38.63435745239258,3914084
2010-10-01,23.118223190307617,38.42876052856445,38.74162673950195,37.99074935913086,38.589664459228516,2074841
2010-10-04,23.12358856201172,38.43769836425781,38.589664459228516,38.03544616699219,38.38406753540039,1657120
2010-10-05,23.666732788085938,39.340538024902344,39.555076599121094,38.74162673950195,38.8399543762207,1898087
2010-10-06,23.628807067871094,38.99191665649414,39.34947967529297,38.75056457519531,39.05448913574219,2003132
2010-10-07,24.00258445739746,39.608707427978516,39.608707427978516,38.911468505859375,39.07236862182617,2380579
2010-10-08,23.899660110473633,39.43886947631836,39.644466400146484,39.108123779296875,39.644466400146484,1741246
2010-10-11,23.926740646362305,39.48356246948242,39.72491455078125,39.20645523071289,39.43886947631836,1288287
2010-10-12,23.84007453918457,39.340538024902344,39.48356246948242,39.05448913574219,39.40311050415039,1160532
2010-10-13,23.905073165893555,39.44780731201172,39.599769592285156,38.4555778503418,39.52825927734375,2818212
2010-10-14,24.284273147583008,40.07353591918945,40.1003532409668,39.37629318237305,39.43886947631836,2193422
2010-10-15,24.235517501831055,39.99308776855469,40.448974609375,39.76961135864258,40.448974609375,2333147
2010-10-18,24.083843231201172,39.742794036865234,40.21656036376953,39.49250030517578,40.1361083984375,1261215
2010-10-19,23.74799156188965,39.188575744628906,39.85006332397461,39.04555130004883,39.26902770996094,1267591
2010-10-20,24.230098724365234,39.98414611816406,40.08247756958008,39.17963790893555,39.38523483276367,1917105
2010-10-21,24.13259506225586,39.823246002197266,40.431095123291016,39.67128372192383,40.243377685546875,1848193
2010-10-22,25.389331817626953,41.8970947265625,41.99542236328125,39.6265869140625,39.930511474609375,3543685
2010-10-25,25.270156860351562,41.700435638427734,42.35298156738281,41.48590087890625,42.0579948425293,2143864
2010-10-26,25.14015007019043,41.48590087890625,41.84346008300781,41.32499694824219,41.6199836730957,1532722
2010-10-27,24.446773529052734,40.341705322265625,40.86016845703125,39.921573638916016,40.86016845703125,2438640
2010-10-28,24.614704132080078,40.61881637573242,40.85123062133789,40.11823272705078,40.654571533203125,1093075
2010-10-29,24.760961532592773,40.86016845703125,40.967437744140625,40.341705322265625,40.52048873901367,1188500
2010-11-01,24.934301376342773,41.146217346191406,41.557411193847656,40.90486526489258,41.13727951049805,1985793
2010-11-02,25.010133743286133,41.2713623046875,41.780887603759766,41.199851989746094,41.378631591796875,992952
2010-11-03,25.340578079223633,41.81664276123047,41.92390823364258,41.2713623046875,41.2713623046875,1304285
2010-11-04,25.93102264404297,42.790992736816406,42.85356521606445,42.13844680786133,42.281471252441406,1526345
2010-11-05,26.104366302490234,43.07704162597656,43.22006607055664,42.844627380371094,42.889320373535156,1383488
2010-11-08,26.0177059173584,42.934017181396484,43.36309051513672,42.746299743652344,42.8803825378418,1072156
2010-11-09,25.66017723083496,42.34404373168945,43.0681037902832,42.14738464355469,43.0681037902832,664951
2010-11-10,26.12061882019043,43.103858947753906,43.121734619140625,41.9328498840332,42.120567321777344,1507775
2010-11-11,26.71107292175293,44.078208923339844,44.23017120361328,42.603275299072266,42.81781005859375,2067457
2010-11-12,26.353544235229492,43.48823547363281,43.79216003417969,43.05022430419922,43.60444259643555,2397695
2010-11-15,26.564807891845703,43.836856842041016,44.346378326416016,43.78322219848633,43.78322219848633,1733192
2010-11-16,25.768512725830078,42.522823333740234,44.00669860839844,42.3708610534668,43.5418701171875,2206511
2010-11-17,26.553972244262695,43.81897735595703,43.90836715698242,42.612213134765625,42.67478561401367,2213670
2010-11-18,26.46729850769043,43.67595291137695,44.37319564819336,43.55080795288086,44.10502624511719,1428571
2010-11-19,26.564807891845703,43.836856842041016,44.033512115478516,43.55974578857422,43.667015075683594,1288958
2010-11-22,26.6514835357666,43.979881286621094,44.14078140258789,43.55974578857422,43.756404876708984,1734087
2010-11-23,26.624401092529297,43.935184478759766,44.248050689697266,43.354148864746094,43.5418701171875,2682067
2010-11-24,26.9114990234375,44.40895080566406,44.68606185913086,44.20335388183594,44.30168533325195,1314688
2010-11-26,26.80857276916504,44.239112854003906,44.569854736328125,43.935184478759766,44.167598724365234,381698
2010-11-29,26.683984756469727,44.033512115478516,44.20335388183594,43.50611114501953,43.854732513427734,1471417
2010-11-30,26.516054153442383,43.756404876708984,44.14971923828125,43.515052795410156,43.69383239746094,1521087
2010-12-01,26.716493606567383,44.0871467590332,44.9095344543457,44.069271087646484,44.489402770996094,2586978
2010-12-02,27.095674514770508,44.7128791809082,44.95423126220703,43.91730880737305,44.078208923339844,1711042
2010-12-03,27.2581787109375,44.981048583984375,45.01680374145508,44.4000129699707,44.578792572021484,1146996
2010-12-06,27.144426345825195,44.79332733154297,44.91847610473633,44.480464935302734,44.88271713256836,629489
2010-12-07,27.24734878540039,44.96316909790039,45.44587707519531,44.93635177612305,45.11513137817383,1355744
2010-12-08,26.868162155151367,44.337440490722656,45.11513137817383,44.248050689697266,44.900596618652344,1487638
2010-12-09,26.884410858154297,44.3642578125,44.85590362548828,44.239112854003906,44.62348937988281,1094865
2010-12-10,26.80316162109375,44.23017120361328,44.53409957885742,44.00669860839844,44.50728225708008,1211321
2010-12-13,26.293956756591797,43.38990783691406,44.44470977783203,43.354148864746094,44.346378326416016,1805235
2010-12-14,26.1910457611084,43.22006607055664,43.60444259643555,42.612213134765625,43.45248031616211,2249469
2010-12-15,26.537723541259766,43.79216003417969,44.0156364440918,43.13067626953125,43.14855194091797,4001007
2010-12-16,26.927743911743164,44.435768127441406,44.55197525024414,43.613380432128906,43.979881286621094,1743819
2010-12-17,27.025245666503906,44.59667205810547,44.69499969482422,44.04245376586914,44.435768127441406,1935004
2010-12-20,27.31776237487793,45.079376220703125,45.293914794921875,44.55197525024414,44.846961975097656,2762613
2010-12-21,25.75226402282715,42.49600601196289,44.0513916015625,41.83451843261719,43.81897735595703,7879293
2010-12-22,25.56809425354004,42.192081451416016,42.710540771484375,42.04011535644531,42.433433532714844,2372413
2010-12-23,25.324321746826172,41.789825439453125,42.46025085449219,41.709373474121094,42.22783660888672,1436850
2010-12-27,25.394746780395508,41.90603256225586,41.98648452758789,41.36075210571289,41.7451286315918,1217474
2010-12-28,25.232242584228516,41.63786315917969,42.24571228027344,41.44120407104492,41.8970947265625,1613156
2010-12-29,25.43807601928711,41.977542877197266,42.25465393066406,41.71831130981445,41.798763275146484,1104822
2010-12-30,25.37849998474121,41.879215240478516,42.102691650390625,41.798763275146484,41.85239791870117,1012082
2010-12-31,25.156404495239258,41.51271438598633,41.95072555541992,41.48590087890625,41.780887603759766,948316
2011-01-03,25.291826248168945,41.73619079589844,42.111629486083984,41.63786315917969,41.76300811767578,1994407
2011-01-04,25.297231674194336,41.7451286315918,41.92390823364258,41.11940002441406,41.91497039794922,2623783
2011-01-05,25.004728317260742,41.26242446899414,41.789825439453125,40.99425506591797,41.691497802734375,2413245
2011-01-06,25.326562881469727,41.50377655029297,41.77194595336914,41.074703216552734,41.1104621887207,2219152
2011-01-07,25.370197296142578,41.57529067993164,42.111629486083984,41.10152053833008,41.5484733581543,1617854
2011-01-10,25.23383140563965,41.35181427001953,41.51271438598633,40.967437744140625,41.33393478393555,1694932
2011-01-11,24.857440948486328,40.735023498535156,41.53059387207031,40.68138885498047,41.53059387207031,2149905
2011-01-12,25.091995239257812,41.11940002441406,41.18197250366211,40.77077865600586,41.00319290161133,1855465
2011-01-13,25.146547317504883,41.20878982543945,41.26242446899414,40.94062042236328,41.02107238769531,1847075
2011-01-14,25.173828125,41.25348663330078,41.396507263183594,40.99425506591797,41.1104621887207,1106164
2011-01-18,24.928356170654297,40.85123062133789,41.34287643432617,40.60987854003906,41.34287643432617,1762278
2011-01-19,25.053815841674805,41.056827545166016,41.10152053833008,40.58306121826172,40.86910629272461,2159302
2011-01-20,25.33201789855957,41.51271438598633,42.04011535644531,40.90486526489258,40.90486526489258,2203602
2011-01-21,25.310197830200195,41.476959228515625,41.76300811767578,41.11940002441406,41.75407028198242,1589104
2011-01-24,25.2774600982666,41.42332458496094,41.59316635131836,40.91380310058594,41.387569427490234,1768542
2011-01-25,25.81749153137207,42.30828857421875,42.31722640991211,41.36075210571289,41.36075210571289,2250923
2011-01-26,24.955629348754883,40.89592361450195,41.977542877197266,40.332767486572266,41.66468048095703,4571093
2011-01-27,25.05926513671875,41.065765380859375,41.16409683227539,40.51154708862305,40.7975959777832,2124287
2011-01-28,24.64471435546875,40.38640213012695,41.199851989746094,40.2880744934082,41.12833786010742,1493903
2011-01-31,25.697477340698242,42.111629486083984,42.120567321777344,40.985313415527344,41.7451286315918,3988142
2011-02-01,26.36842155456543,43.211124420166016,43.68489456176758,42.23677444458008,42.23677444458008,2953574
2011-02-02,26.510242462158203,43.443538665771484,43.82791519165039,43.04128646850586,43.13961410522461,2707574
2011-02-03,26.892080307006836,44.069271087646484,44.23017120361328,43.38096618652344,43.49717330932617,1929522
2011-02-04,26.722976684570312,43.79216003417969,44.176536560058594,43.443538665771484,43.96200180053711,1677145
2011-02-07,26.30842399597168,43.112796783447266,44.10502624511719,43.08597946166992,43.80110168457031,1642689
2011-02-08,26.57024574279785,43.5418701171875,43.69383239746094,43.08597946166992,43.22006607055664,1643808
2011-02-09,26.70661163330078,43.765342712402344,44.19441604614258,43.434600830078125,43.523990631103516,1730171
2011-02-10,26.66843605041504,43.7027702331543,43.81003952026367,43.47035598754883,43.64019775390625,1213782
2011-02-11,26.99571990966797,44.239112854003906,44.337440490722656,43.40778350830078,43.64913558959961,1816646
2011-02-14,26.96299171447754,44.18547821044922,44.21229553222656,43.72958755493164,44.11396408081055,935340
2011-02-15,26.902996063232422,44.0871467590332,44.19441604614258,43.69383239746094,44.04245376586914,846739
2011-02-16,27.08300018310547,44.38213348388672,44.95423126220703,44.158660888671875,44.248050689697266,1334713
2011-02-17,27.241180419921875,44.64136505126953,44.70393753051758,44.13184356689453,44.20335388183594,1373308
2011-02-18,27.328458786010742,44.78438949584961,44.91847610473633,44.29274368286133,44.64136505126953,1531044
2011-02-22,26.461149215698242,43.36309051513672,44.50728225708008,43.23794174194336,44.38213348388672,2097998
2011-02-23,25.75748634338379,42.209957122802734,43.30945587158203,41.50377655029297,43.246883392333984,2723235
2011-02-24,25.539289474487305,41.85239791870117,42.21889877319336,41.01213073730469,42.102691650390625,2706007
2011-02-25,25.790206909179688,42.26359176635742,42.89826202392578,41.94178771972656,42.08481216430664,1135586
2011-02-28,25.708391189575195,42.1295051574707,42.73735809326172,41.77194595336914,42.48706817626953,2024947
2011-03-01,25.5556583404541,41.879215240478516,42.5675163269043,41.67361831665039,42.209957122802734,1866652
2011-03-02,25.33201789855957,41.51271438598633,42.022239685058594,40.70820617675781,41.77194595336914,1863967
2011-03-03,25.681123733520508,42.08481216430664,42.66584777832031,41.95072555541992,41.968605041503906,1638886
2011-03-04,25.266551971435547,41.40544891357422,42.30828857421875,41.21772766113281,41.98648452758789,2427229
2011-03-07,25.288368225097656,41.44120407104492,42.835689544677734,41.34287643432617,41.691497802734375,2664392
2011-03-08,25.2774600982666,41.42332458496094,41.977542877197266,41.17303466796875,41.75407028198242,2742589
2011-03-09,25.741113662719727,42.18313980102539,42.27252960205078,41.21772766113281,41.44120407104492,2669874
2011-03-10,25.610210418701172,41.968605041503906,42.31722640991211,41.57529067993164,41.700435638427734,1775143
2011-03-11,25.632030487060547,42.00436019897461,42.26359176635742,41.49483871459961,41.611045837402344,1878174
2011-03-14,25.52837371826172,41.83451843261719,42.281471252441406,41.584228515625,41.655738830566406,1799866
2011-03-15,25.33201789855957,41.51271438598633,41.75407028198242,40.84229278564453,40.9227409362793,3923705
2011-03-16,25.04836654663086,41.047889709472656,41.77194595336914,40.976375579833984,41.387569427490234,1654324
2011-03-17,25.124738693237305,41.17303466796875,41.86133575439453,41.09258270263672,41.64680099487305,1301264
2011-03-18,25.19563865661621,41.289241790771484,41.71831130981445,41.17303466796875,41.53953170776367,1444569
2011-03-21,25.386560440063477,41.60210418701172,41.95966720581055,41.476959228515625,41.77194595336914,1203714
2011-03-22,25.495656967163086,41.780887603759766,42.18313980102539,41.6199836730957,41.73619079589844,1553418
2011-03-23,25.784759521484375,42.25465393066406,42.30828857421875,41.19091033935547,41.63786315917969,1446135
2011-03-24,26.18840789794922,42.9161376953125,43.103858947753906,42.35298156738281,42.522823333740234,2238617
2011-03-25,24.890174865722656,40.788658142089844,42.603275299072266,40.68138885498047,42.379798889160156,5374427
2011-03-28,25.173828125,41.25348663330078,41.60210418701172,40.93168258666992,41.074703216552734,3159414
2011-03-29,25.84476089477539,42.35298156738281,42.58539581298828,41.42332458496094,41.75407028198242,2629153
2011-03-30,26.466625213623047,43.37202835083008,43.40778350830078,42.5675163269043,42.692665100097656,2269493
2011-03-31,26.799352645874023,43.91730880737305,43.95306396484375,42.934017181396484,43.255821228027344,3023157
2011-04-01,26.53751564025879,43.48823547363281,44.078208923339844,43.40778350830078,43.82791519165039,1922475
2011-04-04,26.510242462158203,43.443538665771484,44.0513916015625,43.2647590637207,43.667015075683594,1221501
2011-04-05,26.417512893676758,43.29157638549805,43.79216003417969,43.17536926269531,43.41672134399414,1452735
2011-04-06,26.395540237426758,42.96977233886719,43.345211029052734,42.790992736816406,43.22006607055664,1350039
2011-04-07,26.060606002807617,42.424495697021484,43.112796783447266,42.32616424560547,42.790992736816406,2946750
2011-04-08,25.747600555419922,41.91497039794922,42.63009262084961,41.67361831665039,42.59433364868164,1658463
2011-04-11,25.63778305053711,41.73619079589844,42.192081451416016,41.51271438598633,41.90603256225586,1264571
2011-04-12,25.731124877929688,41.888153076171875,42.424495697021484,41.566349029541016,41.566349029541016,1764068
2011-04-13,25.555416107177734,41.60210418701172,42.26359176635742,41.48590087890625,42.00436019897461,1857702
2011-04-14,26.016666412353516,42.35298156738281,42.36191940307617,41.35181427001953,41.48590087890625,1773017
2011-04-15,26.1868953704834,42.63009262084961,42.72842025756836,42.24571228027344,42.478126525878906,1232912
2011-04-18,25.934301376342773,42.21889877319336,42.45130920410156,41.879215240478516,42.192081451416016,1256964
2011-04-19,26.1704158782959,42.603275299072266,42.889320373535156,42.22783660888672,42.335105895996094,1972368
2011-04-20,26.609710693359375,43.31839370727539,43.39884567260742,42.90719985961914,42.99658966064453,1625126
2011-04-21,26.368085861206055,42.925079345703125,43.36309051513672,42.87144470214844,43.36309051513672,1511355
2011-04-25,26.373594284057617,42.934017181396484,42.98765182495117,42.522823333740234,42.942955017089844,1038259
2011-04-26,26.30220603942871,42.81781005859375,43.157493591308594,42.54070281982422,42.96083450317383,1230563
2011-04-27,26.02216148376465,42.36191940307617,43.211124420166016,41.99542236328125,42.90719985961914,2234814
2011-04-28,26.033138275146484,42.379798889160156,42.692665100097656,42.022239685058594,42.26359176635742,1274975
2011-04-29,25.79153060913086,41.98648452758789,42.3708610534668,41.780887603759766,42.3708610534668,1521423
2011-05-02,25.884883880615234,42.13844680786133,42.335105895996094,41.85239791870117,42.16526412963867,1151135
2011-05-03,25.747600555419922,41.91497039794922,42.424495697021484,41.655738830566406,42.1295051574707,3099004
2011-05-04,26.466930389404297,43.08597946166992,43.27370071411133,41.71831130981445,42.022239685058594,2681844
2011-05-05,26.867774963378906,43.738525390625,44.435768127441406,42.90719985961914,42.95189666748047,2129209
2011-05-06,26.593225479125977,43.29157638549805,44.46258544921875,43.13961410522461,44.12290573120117,1700078
2011-05-09,26.488893508911133,43.121734619140625,43.622318267822266,43.014469146728516,43.1932487487793,1113883
2011-05-10,26.681087493896484,43.434600830078125,43.854732513427734,43.22900390625,43.22900390625,1360331
2011-05-11,26.840322494506836,43.69383239746094,43.97093963623047,43.32733154296875,43.345211029052734,1511019
2011-05-12,27.41689109802246,44.63242721557617,44.69499969482422,43.55974578857422,43.613380432128906,2139501
2011-05-13,27.625547409057617,44.972110748291016,45.24028015136719,44.49834060668945,44.59667205810547,1756125
2011-05-16,27.554162979125977,44.85590362548828,45.05255889892578,44.54303741455078,44.802268981933594,1982548
2011-05-17,27.50473976135254,44.77545166015625,44.998924255371094,44.033512115478516,44.51622009277344,2096319
2011-05-18,27.91107940673828,45.43693542480469,45.490570068359375,44.79332733154297,44.95423126220703,1879740
2011-05-19,28.57001304626465,46.50961685180664,46.59006881713867,45.481632232666016,45.579959869384766,2376217
2011-05-20,28.289968490600586,46.05372619628906,46.527496337890625,45.52632522583008,46.527496337890625,2084797
2011-05-23,28.262502670288086,46.009033203125,46.545372009277344,45.5352668762207,45.65147399902344,1381474
2011-05-24,28.218576431274414,45.937522888183594,46.1699333190918,45.58890151977539,46.1699333190918,1604318
2011-05-25,27.993444442749023,45.571022033691406,45.9732780456543,45.41905975341797,45.95539855957031,1415818
2011-05-26,28.059343338012695,45.67829132080078,45.76768112182617,45.03468322753906,45.410118103027344,2330238
2011-05-27,27.960494995117188,45.51738739013672,45.84812927246094,45.12407302856445,45.82131576538086,1615505
2011-05-31,27.81224822998047,45.27603530883789,45.92858123779297,45.08831787109375,45.74980163574219,1898423
2011-06-01,27.4553165435791,44.69499969482422,45.13301086425781,44.64136505126953,44.96316909790039,3574561
2011-06-02,26.900724411010742,43.79216003417969,44.757572174072266,43.78322219848633,44.61454772949219,2109520
2011-06-03,26.401046752929688,42.97871017456055,43.38990783691406,42.710540771484375,43.37202835083008,3782190
2011-06-06,26.148447036743164,42.5675163269043,43.845794677734375,42.54964065551758,43.04128646850586,2422530
2011-06-07,26.28572654724121,42.790992736816406,43.18430709838867,42.59433364868164,42.701602935791016,1907260
2011-06-08,25.972736358642578,42.281471252441406,43.023406982421875,42.21889877319336,42.64796829223633,2096208
2011-06-09,26.126482009887695,42.531761169433594,42.68372344970703,42.066932678222656,42.41555404663086,1642242
2011-06-10,25.786035537719727,41.977542877197266,42.63009262084961,41.84346008300781,42.26359176635742,1702204
2011-06-13,25.753095626831055,41.92390823364258,42.41555404663086,41.59316635131836,41.98648452758789,1535519
2011-06-14,26.110015869140625,42.50494384765625,42.710540771484375,42.26359176635742,42.335105895996094,1374986
2011-06-15,25.813499450683594,42.022239685058594,42.281471252441406,41.691497802734375,42.03117752075195,2304396
2011-06-16,25.731124877929688,41.888153076171875,42.21889877319336,41.63786315917969,42.0579948425293,2327218
2011-06-17,25.873899459838867,42.120567321777344,42.65690612792969,41.95072555541992,42.18313980102539,2237275
2011-06-20,25.895856857299805,42.15632247924805,42.335105895996094,41.73619079589844,41.83451843261719,1860723
2011-06-21,26.626171112060547,43.345211029052734,43.48823547363281,42.27252960205078,42.41555404663086,2226759
2011-06-22,26.4998722076416,43.13961410522461,43.81897735595703,43.09491729736328,43.211124420166016,1761159
2011-06-23,26.73051643371582,43.515052795410156,43.5776252746582,42.63009262084961,42.76417541503906,1763508
2011-06-24,26.637155532836914,43.36309051513672,43.926246643066406,43.23794174194336,43.55080795288086,1474662
2011-06-27,26.47791862487793,43.103858947753906,43.39884567260742,42.9161376953125,43.18430709838867,2261551
2011-06-28,27.043495178222656,44.024574279785156,44.12290573120117,43.48823547363281,43.59550476074219,1928963
2011-06-29,27.070947647094727,44.069271087646484,44.650306701660156,43.67595291137695,44.20335388183594,2448932
2011-06-30,27.323543548583984,44.480464935302734,44.650306701660156,44.069271087646484,44.46258544921875,3385725
2011-07-01,28.987346649169922,47.18898010253906,47.939857482910156,44.18547821044922,44.53409957885742,6968341
2011-07-05,29.3662166595459,47.80577087402344,48.0024299621582,46.84035873413086,47.546539306640625,3269941
2011-07-06,29.23992347717285,47.60017395019531,47.635929107666016,47.05489730834961,47.48396682739258,2547153
2011-07-07,29.68831443786621,47.939857482910156,48.038185119628906,47.439273834228516,47.65380859375,2682291
2011-07-08,29.46135711669922,47.57335662841797,47.72532272338867,47.09959030151367,47.457149505615234,2979192
2011-07-11,28.885629653930664,46.64370346069336,47.546539306640625,46.50067901611328,47.00126266479492,2729836
2011-07-12,29.079381942749023,46.956565856933594,47.367759704589844,46.5185546875,46.69733428955078,2091509
2011-07-13,29.206714630126953,47.16216278076172,47.671688079833984,47.01913833618164,47.18898010253906,1969683
2011-07-14,29.035091400146484,46.88505554199219,47.671688079833984,46.706275939941406,47.367759704589844,2076630
2011-07-15,29.118122100830078,47.01913833618164,47.29624938964844,46.57218933105469,46.98338317871094,2055711
2011-07-18,29.073848724365234,46.947628021240234,47.358821868896484,46.64370346069336,46.813541412353516,1565276
2011-07-19,29.67725372314453,47.92197799682617,47.957733154296875,47.15322494506836,47.269432067871094,1673118
2011-07-20,29.378305435180664,47.439273834228516,47.91304016113281,47.171104431152344,47.91304016113281,1317485
2011-07-21,29.644041061401367,47.868343353271484,47.88622283935547,47.19792175292969,47.6180534362793,2464817
2011-07-22,29.49456024169922,47.626991271972656,48.10075759887695,47.55548095703125,47.939857482910156,1150017
2011-07-25,29.40045928955078,47.47502899169922,47.626991271972656,46.92974853515625,47.19792175292969,1158966
2011-07-26,29.334028244018555,47.367759704589844,47.79683303833008,47.260494232177734,47.57335662841797,897640
2011-07-27,28.3763427734375,45.82131576538086,47.09065246582031,45.75873947143555,47.09065246582031,1882985
2011-07-28,28.03866958618164,45.27603530883789,46.28614044189453,45.26709747314453,45.96433639526367,1649849
2011-07-29,28.121681213378906,45.410118103027344,45.92858123779297,44.51622009277344,44.85590362548828,1482940
2011-08-01,27.750797271728516,44.81120681762695,45.812374114990234,44.31956100463867,45.812374114990234,2084573
2011-08-02,26.7266788482666,43.157493591308594,44.587730407714844,43.103858947753906,44.489402770996094,2335944
2011-08-03,27.280258178710938,44.0513916015625,44.069271087646484,42.424495697021484,43.16643142700195,2008166
2011-08-04,26.26168441772461,42.4066162109375,44.0871467590332,42.34404373168945,43.434600830078125,2984003
2011-08-05,26.549541473388672,42.87144470214844,43.81897735595703,41.870277404785156,42.77311325073242,4150352
2011-08-08,24.944162368774414,40.27913284301758,42.68372344970703,40.18974304199219,41.879215240478516,5983220
2011-08-09,25.530956268310547,41.22666931152344,41.43226623535156,39.197513580322266,40.743961334228516,6046985
2011-08-10,24.938627243041992,40.27019500732422,41.86133575439453,40.17186737060547,40.574119567871094,4354066
2011-08-11,26.81525230407715,43.300514221191406,44.00669860839844,40.90486526489258,41.44120407104492,4119365
2011-08-12,26.95918083190918,43.532928466796875,44.0156364440918,42.719482421875,43.81897735595703,2705672
2011-08-15,27.103113174438477,43.765342712402344,44.10502624511719,43.04128646850586,43.80110168457031,1950889
2011-08-16,26.865074157714844,43.38096618652344,43.72064971923828,42.934017181396484,43.300514221191406,1799866
2011-08-17,26.826324462890625,43.31839370727539,43.97093963623047,42.701602935791016,43.622318267822266,1852444
2011-08-18,25.110231399536133,40.54730224609375,42.54964065551758,40.1003532409668,42.25465393066406,3415147
2011-08-19,24.883277893066406,40.18080520629883,41.289241790771484,39.9752082824707,40.1003532409668,2315248
2011-08-22,25.276308059692383,40.81547546386719,41.41438674926758,40.69032669067383,41.16409683227539,2051348
2011-08-23,26.22846031188965,42.35298156738281,42.36191940307617,40.84229278564453,41.01213073730469,1871686
2011-08-24,26.272754669189453,42.424495697021484,42.719482421875,41.60210418701172,42.25465393066406,1863408
2011-08-25,25.054882049560547,40.45791244506836,42.4423713684082,40.39533996582031,42.424495697021484,2778163
2011-08-26,25.37594985961914,40.976375579833984,41.3071174621582,39.57295227050781,40.22549819946289,2618190
2011-08-29,26.388996124267578,42.612213134765625,42.63009262084961,41.49483871459961,41.51271438598633,1532274
2011-08-30,26.776504516601562,43.23794174194336,43.45248031616211,42.424495697021484,42.424495697021484,2404296
2011-08-31,26.627042770385742,42.99658966064453,43.979881286621094,42.66584777832031,43.64019775390625,2241638
2011-09-01,26.294897079467773,42.46025085449219,43.255821228027344,42.281471252441406,43.014469146728516,1685759
2011-09-02,25.702571868896484,41.50377655029297,42.102691650390625,41.387569427490234,41.611045837402344,1514487
2011-09-06,25.564172744750977,41.28030014038086,41.50377655029297,40.35064697265625,40.54730224609375,1939367
2011-09-07,24.65629768371582,39.81430435180664,40.1361083984375,38.97404098510742,39.331600189208984,6587538
2011-09-08,24.551122665405273,39.644466400146484,40.332767486572266,39.43886947631836,39.85006332397461,3717306
2011-09-09,24.008621215820312,38.7684440612793,39.49250030517578,38.40194320678711,39.34947967529297,4316255
2011-09-12,24.030763626098633,38.80419921875,39.242210388183594,38.178470611572266,38.39300537109375,4318828
2011-09-13,24.202369689941406,39.08130645751953,39.68915939331055,38.48239517211914,38.81313705444336,3697058
2011-09-14,24.87773895263672,40.17186737060547,40.70820617675781,39.1170654296875,39.501441955566406,2957266
2011-09-15,25.021669387817383,40.40428161621094,40.654571533203125,39.966270446777344,40.54730224609375,1643808
2011-09-16,25.24863624572754,40.77077865600586,41.047889709472656,40.4132194519043,40.565181732177734,2290525
2011-09-19,25.580780029296875,41.3071174621582,41.50377655029297,39.99308776855469,40.12717056274414,2046426
2011-09-20,24.81684684753418,40.07353591918945,41.459083557128906,40.019901275634766,41.35181427001953,2251259
2011-09-21,24.290945053100586,39.22433090209961,40.431095123291016,39.17069625854492,40.1003532409668,2269158
2011-09-22,24.667377471923828,39.832183837890625,40.11823272705078,38.12483596801758,38.35725021362305,3857814
2011-09-23,25.497743606567383,41.17303466796875,41.76300811767578,39.313720703125,39.72491455078125,3813738
2011-09-26,26.483108520507812,42.76417541503906,42.81781005859375,40.84229278564453,41.584228515625,3343774
2011-09-27,26.007036209106445,41.99542236328125,43.443538665771484,41.77194595336914,43.336273193359375,3238394
2011-09-28,24.523441314697266,39.599769592285156,40.94955825805664,38.687992095947266,40.35958480834961,6197897
2011-09-29,24.07504653930664,38.875709533691406,40.39533996582031,38.03544616699219,39.9752082824707,6121826
2011-09-30,23.6654052734375,38.21422576904297,39.832183837890625,38.106956481933594,38.31255340576172,3804341
2011-10-03,22.99003028869629,37.1236686706543,39.17069625854492,37.07003402709961,38.008628845214844,4195771
2011-10-04,23.26129150390625,37.56167984008789,37.58849334716797,36.3727912902832,36.551570892333984,4586643
2011-10-05,23.953256607055664,38.679054260253906,38.929344177246094,37.463348388671875,37.66000747680664,3877167
2011-10-06,24.216047286987305,38.71480941772461,39.26008987426758,37.874542236328125,37.874542236328125,2561808
2011-10-07,24.6689510345459,39.43886947631836,39.98414611816406,38.86677169799805,39.04555130004883,3027520
2011-10-10,25.36227035522461,40.54730224609375,40.58306121826172,39.751731872558594,39.98414611816406,2244323
2011-10-11,25.669790267944336,41.03894805908203,41.17303466796875,40.341705322265625,40.36852264404297,2168699
2011-10-12,25.90464210510254,41.41438674926758,42.424495697021484,40.93168258666992,41.468021392822266,3114554
2011-10-13,26.10033416748047,41.72725296020508,42.290409088134766,41.244544982910156,41.244544982910156,2563262
2011-10-14,26.089149475097656,41.709373474121094,42.16526412963867,40.91380310058594,42.102691650390625,1781967
2011-10-17,25.45733642578125,40.69926834106445,41.68255615234375,40.60093688964844,41.45014190673828,1510684
2011-10-18,26.14507484436035,41.798763275146484,42.09375,40.055660247802734,40.67245101928711,1757579
2011-10-19,25.776037216186523,41.20878982543945,42.04905700683594,41.056827545166016,41.77194595336914,1644032
2011-10-20,25.74808120727539,41.16409683227539,41.459083557128906,40.7618408203125,41.2356071472168,1631838
2011-10-21,26.374305725097656,42.16526412963867,42.388736724853516,41.59316635131836,42.09375,2527016
2011-10-24,26.670652389526367,42.63903045654297,42.98765182495117,42.15632247924805,42.3708610534668,2522542
2011-10-25,26.329574584960938,42.09375,43.023406982421875,42.013301849365234,42.790992736816406,2411120
2011-10-26,26.150651931762695,41.807701110839844,43.023406982421875,41.10152053833008,43.023406982421875,2157065
2011-10-27,27.363971710205078,43.747467041015625,43.944122314453125,42.30828857421875,42.90719985961914,2630607
2011-10-28,27.11795997619629,43.354148864746094,43.79216003417969,42.90719985961914,43.47929763793945,2815639
2011-10-31,26.771297454833984,42.799930572509766,43.667015075683594,42.799930572509766,42.89826202392578,2371742
2011-11-01,26.446996688842773,42.281471252441406,43.05022430419922,41.888153076171875,41.888153076171875,2838237
2011-11-02,26.3575382232666,42.13844680786133,42.99658966064453,41.85239791870117,42.89826202392578,1590782
2011-11-03,26.575597763061523,42.48706817626953,42.57645797729492,41.41438674926758,41.807701110839844,2063094
2011-11-04,26.480548858642578,42.335105895996094,42.66584777832031,41.879215240478516,42.209957122802734,1604989
2011-11-07,26.45818519592285,42.299346923828125,42.692665100097656,41.85239791870117,42.65690612792969,1257523
2011-11-08,26.609146118164062,42.54070281982422,42.67478561401367,41.8970947265625,42.45130920410156,1530261
2011-11-09,25.977323532104492,41.53059387207031,42.25465393066406,41.459083557128906,41.780887603759766,1387627
2011-11-10,26.016469955444336,41.59316635131836,42.022239685058594,41.28030014038086,41.879215240478516,1362904
2011-11-11,26.508501052856445,42.379798889160156,42.67478561401367,41.888153076171875,42.16526412963867,1157288
2011-11-14,26.419038772583008,42.23677444458008,42.889320373535156,42.07587432861328,42.72842025756836,2519409
2011-11-15,26.888710021972656,42.98765182495117,43.202186584472656,41.8970947265625,41.99542236328125,1829399
2011-11-16,26.323999404907227,42.08481216430664,42.9161376953125,41.83451843261719,42.7552375793457,2060969
2011-11-17,26.21774673461914,41.91497039794922,42.4066162109375,41.459083557128906,41.968605041503906,2721445
2011-11-18,25.982921600341797,41.53953170776367,41.68255615234375,41.12833786010742,41.387569427490234,2295223
2011-11-21,25.323148727416992,40.4847297668457,41.10152053833008,40.18080520629883,41.10152053833008,2332476
2011-11-22,25.18894386291504,40.27019500732422,40.84229278564453,39.930511474609375,40.466854095458984,2110303
2011-11-23,24.976484298706055,39.930511474609375,40.53836441040039,39.841121673583984,40.00202560424805,1977962
2011-11-25,24.937335968017578,39.86793899536133,40.2880744934082,39.80536651611328,39.930511474609375,583622
2011-11-28,25.74248695373535,41.155155181884766,41.40544891357422,40.49367141723633,40.735023498535156,1414700
2011-11-29,25.94378662109375,41.476959228515625,41.85239791870117,41.20878982543945,41.20878982543945,1501286
2011-11-30,26.676231384277344,42.64796829223633,42.64796829223633,42.1295051574707,42.46025085449219,2084797
2011-12-01,26.530868530273438,42.41555404663086,42.77311325073242,42.0579948425293,42.54964065551758,1652534
2011-12-02,26.575597763061523,42.48706817626953,43.08597946166992,42.41555404663086,42.86250686645508,1764627
2011-12-05,26.68742561340332,42.66584777832031,43.112796783447266,42.49600601196289,43.07704162597656,1772682
2011-12-06,23.382944107055664,37.382896423339844,39.17963790893555,37.31138610839844,38.410884857177734,17811948
2011-12-07,24.28314971923828,38.822078704833984,39.02767562866211,37.230934143066406,37.29350662231445,7694820
2011-12-08,24.08745002746582,38.509212493896484,39.108123779296875,38.32149124145508,38.607540130615234,3369057
2011-12-09,24.160144805908203,38.62541961669922,39.197513580322266,38.4555778503418,38.687992095947266,3108178
2011-12-12,24.462072372436523,39.108123779296875,39.13494110107422,38.276798248291016,38.47345733642578,2885893
2011-12-13,24.28314971923828,38.822078704833984,39.420989990234375,38.67011260986328,39.22433090209961,2567066
2011-12-14,24.11540985107422,38.55390548706055,39.02767562866211,38.205284118652344,38.81313705444336,2987135
2011-12-15,24.456478118896484,39.099185943603516,39.322662353515625,38.509212493896484,38.8399543762207,3390536
2011-12-16,24.422927856445312,39.04555130004883,39.71597671508789,38.187408447265625,39.090248107910156,7285714
2011-12-19,24.11540985107422,38.55390548706055,39.58189010620117,38.4913330078125,39.242210388183594,2746392
2011-12-20,24.562725067138672,39.26902770996094,39.501441955566406,38.93828582763672,39.108123779296875,2752433
2011-12-21,24.99325180053711,39.95732879638672,39.99308776855469,39.090248107910156,39.25114822387695,2154603
2011-12-22,25.14422607421875,40.19868469238281,40.323829650878906,39.70703887939453,39.912635803222656,2027744
2011-12-23,25.552383422851562,40.85123062133789,41.03001022338867,40.31489181518555,40.52048873901367,1691912
2011-12-27,25.887868881225586,41.387569427490234,41.557411193847656,40.51154708862305,40.85123062133789,1613827
2011-12-28,25.278411865234375,40.4132194519043,41.41438674926758,40.27019500732422,41.41438674926758,1340083
2011-12-29,25.569162368774414,40.878047943115234,40.976375579833984,40.52942657470703,40.636695861816406,926390
2011-12-30,25.485292434692383,40.743961334228516,40.99425506591797,40.49367141723633,40.7975959777832,837789
2012-01-03,24.96529197692871,39.912635803222656,41.387569427490234,39.70703887939453,41.20878982543945,2387292
2012-01-04,25.138626098632812,40.18974304199219,40.36852264404297,39.85006332397461,39.86793899536133,2113547
2012-01-05,25.40700912475586,40.61881637573242,40.752899169921875,39.68915939331055,40.00202560424805,2082336
2012-01-06,25.02880859375,39.63552474975586,40.20762252807617,39.34947967529297,40.1361083984375,3054480
2012-01-09,24.848186492919922,39.34947967529297,39.89475631713867,39.1528205871582,39.841121673583984,2358429
2012-01-10,25.051393508911133,39.67128372192383,39.98414611816406,39.412052154541016,39.71597671508789,1772010
2012-01-11,25.141700744628906,39.81430435180664,40.055660247802734,39.555076599121094,39.644466400146484,1383936
2012-01-12,25.203798294067383,39.912635803222656,40.11823272705078,39.6265869140625,39.79642868041992,1891487
2012-01-13,25.152999877929688,39.832183837890625,39.98414611816406,39.510379791259766,39.6623420715332,1754447
2012-01-17,25.34491729736328,40.1361083984375,41.03001022338867,40.055660247802734,40.17186737060547,2984003
2012-01-18,25.86988067626953,40.967437744140625,41.074703216552734,40.18974304199219,40.252315521240234,2153037
2012-01-19,26.027925491333008,41.21772766113281,41.5484733581543,40.645633697509766,41.26242446899414,1741582
2012-01-20,26.389196395874023,41.789825439453125,42.24571228027344,41.18197250366211,41.2356071472168,2334042
2012-01-23,26.242431640625,41.557411193847656,41.879215240478516,41.074703216552734,41.691497802734375,1652310
2012-01-24,26.01099395751953,41.19091033935547,41.41438674926758,40.833351135253906,41.11940002441406,3075512
2012-01-25,26.383546829223633,41.780887603759766,41.90603256225586,41.155155181884766,41.26242446899414,1440094
2012-01-26,26.338388442993164,41.709373474121094,42.013301849365234,41.2356071472168,42.013301849365234,1409218
2012-01-27,26.039222717285156,41.2356071472168,41.51271438598633,41.1104621887207,41.51271438598633,1461573
2012-01-30,26.10696029663086,41.34287643432617,41.45014190673828,40.833351135253906,40.90486526489258,1479472
2012-01-31,25.89244842529297,41.00319290161133,41.468021392822266,40.7618408203125,41.459083557128906,1860611
2012-02-01,26.479516983032227,41.9328498840332,42.15632247924805,41.074703216552734,41.3071174621582,1613939
2012-02-02,26.496444702148438,41.95966720581055,42.27252960205078,41.566349029541016,42.192081451416016,1056718
2012-02-03,27.388320922851562,43.37202835083008,43.38096618652344,42.36191940307617,42.46025085449219,2401275
2012-02-06,27.286712646484375,43.211124420166016,43.80110168457031,43.05916213989258,43.112796783447266,2267815
2012-02-07,27.743932723999023,43.935184478759766,44.14971923828125,43.13067626953125,43.255821228027344,1790357
2012-02-08,27.73265266418457,43.91730880737305,44.435768127441406,43.523990631103516,44.0156364440918,1763620
2012-02-09,27.896347045898438,44.176536560058594,44.248050689697266,43.747467041015625,44.239112854003906,1782750
2012-02-10,27.91327476501465,44.20335388183594,44.578792572021484,43.72064971923828,43.78322219848633,2548607
2012-02-13,27.822969436645508,44.06032943725586,44.4000129699707,43.935184478759766,44.4000129699707,1530596
2012-02-14,27.619749069213867,43.738525390625,44.0513916015625,43.27370071411133,43.944122314453125,1604430
2012-02-15,27.78345489501953,43.99775695800781,44.55197525024414,43.90836715698242,43.95306396484375,1752098
2012-02-16,28.5285587310791,45.17770767211914,45.86600875854492,44.14971923828125,44.14971923828125,3624119
2012-02-17,28.73176383972168,45.49951171875,45.812374114990234,45.11513137817383,45.36542510986328,1799306
2012-02-21,28.748687744140625,45.52632522583008,46.393409729003906,45.43693542480469,45.812374114990234,2513928
2012-02-22,28.291473388671875,44.802268981933594,45.51738739013672,44.668182373046875,45.45481491088867,2312115
2012-02-23,28.1108455657959,44.51622009277344,45.24921798706055,44.3285026550293,45.24921798706055,3359884
2012-02-24,27.766521453857422,43.97093963623047,44.86484146118164,43.756404876708984,44.7128791809082,3647500
2012-02-27,27.727006912231445,43.90836715698242,44.49834060668945,43.37202835083008,43.95306396484375,2731402
2012-02-28,28.816434860229492,45.63359451293945,45.7319221496582,44.033512115478516,44.033512115478516,2534288
2012-02-29,28.782569885253906,45.579959869384766,46.116302490234375,45.2224006652832,45.624656677246094,2683410
2012-03-01,28.30276107788086,44.82014465332031,45.76768112182617,44.802268981933594,45.75873947143555,2104710
2012-03-02,28.08827018737793,44.480464935302734,44.93635177612305,44.30168533325195,44.748634338378906,1460230
2012-03-05,28.67530632019043,45.410118103027344,45.615718841552734,44.73969650268555,44.891658782958984,2160644
2012-03-06,27.958438873291016,44.27486801147461,44.85590362548828,44.14078140258789,44.7128791809082,1900436
2012-03-07,28.551130294799805,45.213462829589844,45.35648727416992,44.62348937988281,44.7128791809082,1748741
2012-03-08,29.00836181640625,45.937522888183594,46.01797103881836,45.12407302856445,45.24028015136719,1550509
2012-03-09,29.047874450683594,46.00009536743164,46.19675064086914,45.803436279296875,46.09842300415039,1328337
2012-03-12,29.09303092956543,46.07160568237305,46.38447189331055,45.83025360107422,45.991153717041016,1367043
2012-03-13,29.719585418701172,47.06383514404297,47.08171463012695,46.06266784667969,46.07160568237305,1633069
2012-03-14,29.640579223632812,46.938690185546875,47.55548095703125,46.75096893310547,47.00126266479492,2433158
2012-03-15,29.93408203125,47.40351867675781,47.439273834228516,46.65264129638672,46.902931213378906,1565052
2012-03-16,29.640579223632812,46.938690185546875,47.528663635253906,46.8314208984375,47.457149505615234,2262110
2012-03-19,29.657514572143555,46.96550750732422,47.16216278076172,46.23250961303711,46.97444534301758,1908155
2012-03-20,29.708311080932617,47.045955657958984,47.09065246582031,46.527496337890625,46.59006881713867,1460342
2012-03-21,29.538963317871094,46.77778625488281,47.37670135498047,46.69733428955078,47.171104431152344,1442219
2012-03-22,29.256731033325195,46.33083724975586,46.74203109741211,45.892826080322266,46.527496337890625,2885893
2012-03-23,28.74304962158203,45.51738739013672,45.77661895751953,44.54303741455078,45.579959869384766,5042175
2012-03-26,29.318822860717773,46.42916488647461,46.616886138916016,45.74086380004883,46.16099548339844,2260320
2012-03-27,28.686607360839844,45.42799758911133,46.42916488647461,45.32966995239258,46.312957763671875,3182571
2012-03-28,28.34227752685547,44.88271713256836,45.803436279296875,44.76651382446289,45.46375274658203,2748182
2012-03-29,28.618864059448242,45.32072830200195,45.44587707519531,44.4000129699707,44.8380241394043,2747735
2012-03-30,28.878520965576172,45.7319221496582,45.85707092285156,45.159828186035156,45.624656677246094,3208189
2012-04-02,28.934972763061523,45.82131576538086,46.1699333190918,44.82908630371094,45.079376220703125,3025506
2012-04-03,28.709178924560547,45.46375274658203,45.9732780456543,45.3475456237793,45.83025360107422,2144311
2012-04-04,28.285823822021484,44.79332733154297,45.04362106323242,44.569854736328125,45.01680374145508,2984226
2012-04-05,28.468029022216797,44.69499969482422,44.748634338378906,44.069271087646484,44.41789245605469,2351270
2012-04-09,28.05808448791504,44.0513916015625,44.23017120361328,43.63125991821289,44.069271087646484,1929410
2012-04-10,27.76201629638672,43.58656311035156,44.31956100463867,43.345211029052734,44.06032943725586,2654212
2012-04-11,28.38262367248535,44.560916900634766,44.85590362548828,43.738525390625,44.0513916015625,2190737
2012-04-12,28.34846305847168,44.50728225708008,44.70393753051758,44.21229553222656,44.59667205810547,2119924
2012-04-13,28.6274471282959,44.94529342651367,45.1508903503418,44.355316162109375,44.435768127441406,1920461
2012-04-16,28.58759117126465,44.88271713256836,45.35648727416992,44.31956100463867,45.14194869995117,1888019
2012-04-17,28.35984230041504,44.5251579284668,45.01680374145508,44.31062316894531,45.01680374145508,2803781
2012-04-18,28.598979949951172,44.900596618652344,45.070438385009766,44.337440490722656,44.480464935302734,1922810
2012-04-19,28.302913665771484,44.435768127441406,45.17770767211914,44.18547821044922,44.93635177612305,1913525
2012-04-20,28.428173065185547,44.63242721557617,44.989986419677734,44.435768127441406,44.50728225708008,1799642
2012-04-23,28.439563751220703,44.650306701660156,45.08831787109375,43.756404876708984,44.44470977783203,2580378
2012-04-24,28.690082550048828,45.04362106323242,45.401180267333984,44.20335388183594,44.7128791809082,2758250
2012-04-25,28.92350196838379,45.410118103027344,45.58890151977539,44.59667205810547,45.08831787109375,2798188
2012-04-26,28.957674026489258,45.46375274658203,45.74980163574219,45.14194869995117,45.35648727416992,1546705
2012-04-27,28.718557357788086,45.08831787109375,45.50844955444336,44.64136505126953,45.50844955444336,2658351
2012-04-30,28.513580322265625,44.76651382446289,45.1866455078125,44.64136505126953,44.989986419677734,1449827
2012-05-01,29.253738403320312,45.92858123779297,46.348716735839844,45.14194869995117,45.32072830200195,3326435
2012-05-02,29.02599334716797,45.571022033691406,46.10736083984375,45.27603530883789,45.812374114990234,2610023
2012-05-03,28.75270652770996,45.14194869995117,45.65147399902344,45.05255889892578,45.65147399902344,1517172
2012-05-04,28.82103729248047,45.24921798706055,45.58890151977539,44.69499969482422,45.061500549316406,2575456
2012-05-07,28.718557357788086,45.08831787109375,45.35648727416992,44.82908630371094,45.02574157714844,1699183
2012-05-08,28.553428649902344,44.82908630371094,44.91847610473633,44.346378326416016,44.91847610473633,2625909
2012-05-09,28.570507049560547,44.85590362548828,45.13301086425781,44.4000129699707,44.40895080566406,1869337
2012-05-10,28.974763870239258,45.490570068359375,45.6604118347168,44.998924255371094,45.23133850097656,1760823
2012-05-11,28.82671546936035,45.258155822753906,46.07160568237305,45.17770767211914,45.311790466308594,2040497
2012-05-14,28.712839126586914,45.079376220703125,45.26709747314453,44.480464935302734,44.82014465332031,2100571
2012-05-15,29.327756881713867,46.0447883605957,46.393409729003906,45.10619354248047,45.168766021728516,3116792
2012-05-16,30.386777877807617,47.70744323730469,49.915374755859375,46.08948516845703,46.37553024291992,10078085
2012-05-17,29.453022003173828,46.24144744873047,47.57335662841797,46.214630126953125,47.57335662841797,3308200
2012-05-18,29.11139488220215,45.705108642578125,46.66157913208008,45.59783935546875,46.3218994140625,1699519
2012-05-21,29.692148208618164,46.616886138916016,46.715213775634766,45.401180267333984,45.77661895751953,1768430
2012-05-22,29.823108673095703,46.82248306274414,47.16216278076172,46.57218933105469,46.849300384521484,1669985
2012-05-23,30.36398696899414,47.671688079833984,47.73426055908203,46.295082092285156,46.545372009277344,1678040
2012-05-24,30.312767028808594,47.59123611450195,48.4404411315918,47.27836990356445,47.73426055908203,2249021
2012-05-25,30.210262298583984,47.43033218383789,47.778953552246094,47.25155258178711,47.3409423828125,1765522
2012-05-29,30.603124618530273,48.04712677001953,48.11863708496094,47.37670135498047,47.680625915527344,1368945
2012-05-30,29.413158416748047,46.17887496948242,46.956565856933594,45.96433639526367,46.956565856933594,3231010
2012-05-31,29.453022003173828,46.24144744873047,46.527496337890625,45.91964340209961,46.25932312011719,2183913
2012-06-01,28.394004821777344,44.578792572021484,45.571022033691406,44.248050689697266,45.1508903503418,2514263
2012-06-04,27.995450973510742,43.95306396484375,44.53409957885742,43.354148864746094,44.14078140258789,3090279
2012-06-05,28.035306930541992,44.0156364440918,44.20335388183594,43.255821228027344,43.63125991821289,2847522
2012-06-06,28.35984230041504,44.5251579284668,45.03468322753906,44.20335388183594,44.51622009277344,2602305
2012-06-07,28.018234252929688,43.98881912231445,45.32072830200195,43.854732513427734,45.24921798706055,2676698
2012-06-08,28.47941780090332,44.7128791809082,44.78438949584961,43.63125991821289,43.738525390625,1620539
2012-06-11,28.177654266357422,44.239112854003906,45.14194869995117,44.239112854003906,44.981048583984375,2248574
2012-06-12,28.234586715698242,44.3285026550293,44.587730407714844,43.68489456176758,44.391075134277344,2714621
2012-06-13,28.05808448791504,44.0513916015625,44.82908630371094,43.8904914855957,44.14078140258789,1561360
2012-06-14,28.542041778564453,44.81120681762695,45.311790466308594,43.71171188354492,43.71171188354492,2395682
2012-06-15,29.299304962158203,46.00009536743164,46.536434173583984,45.08831787109375,45.27603530883789,4036246
2012-06-18,29.384700775146484,46.134178161621094,46.25038528442383,45.213462829589844,45.77661895751953,1956707
2012-06-19,29.316383361816406,46.026912689208984,46.27720260620117,45.63359451293945,45.991153717041016,2475109
2012-06-20,29.293582916259766,45.991153717041016,46.37553024291992,45.54420471191406,46.18781280517578,2029422
2012-06-21,28.690082550048828,45.04362106323242,46.46492385864258,44.82014465332031,46.035850524902344,3269269
2012-06-22,28.49079704284668,44.73075485229492,44.981048583984375,43.747467041015625,44.337440490722656,5211545
2012-06-25,28.206111907958984,44.28380584716797,44.435768127441406,43.5418701171875,44.033512115478516,2820562
2012-06-26,28.485107421875,44.72181701660156,44.91847610473633,43.98881912231445,44.31062316894531,2748182
2012-06-27,28.177654266357422,44.239112854003906,45.05255889892578,43.979881286621094,44.900596618652344,2669985
2012-06-28,28.012540817260742,43.979881286621094,44.47152328491211,43.60444259643555,44.47152328491211,2676250
2012-06-29,28.82671546936035,45.258155822753906,45.302852630615234,44.23017120361328,44.88271713256836,2100682
2012-07-02,28.872264862060547,45.32966995239258,45.83025360107422,45.079376220703125,45.46375274658203,1682627
2012-07-03,29.1854190826416,45.82131576538086,45.91964340209961,45.070438385009766,45.42799758911133,915762
2012-07-05,29.538429260253906,46.37553024291992,46.849300384521484,45.669349670410156,45.669349670410156,2152925
2012-07-06,29.199228286743164,45.401180267333984,45.59783935546875,45.168766021728516,45.410118103027344,1330686
2012-07-09,29.279720306396484,45.52632522583008,45.84812927246094,45.20452117919922,45.410118103027344,1256181
2012-07-10,29.124488830566406,45.28497314453125,46.01797103881836,44.981048583984375,45.722984313964844,1491666
2012-07-11,28.963523864746094,45.03468322753906,45.64253234863281,44.76651382446289,45.383304595947266,1076407
2012-07-12,28.860048294067383,44.873779296875,45.24028015136719,44.346378326416016,44.82908630371094,2283029
2012-07-13,28.871540069580078,44.891658782958984,45.311790466308594,44.27486801147461,44.37319564819336,2263676
2012-07-16,28.929035186767578,44.981048583984375,45.571022033691406,44.85590362548828,44.891658782958984,1242309
2012-07-17,29.486679077148438,45.84812927246094,45.892826080322266,45.079376220703125,45.14194869995117,1350263
2012-07-18,29.595918655395508,46.01797103881836,46.304019927978516,45.383304595947266,45.67829132080078,1387851
2012-07-19,29.946605682373047,46.56325149536133,46.938690185546875,45.86600875854492,45.901763916015625,1407652
2012-07-20,29.377450942993164,45.67829132080078,45.78555679321289,45.159828186035156,45.6604118347168,1543349
2012-07-23,28.687564849853516,44.60560989379883,45.213462829589844,44.29274368286133,45.061500549316406,1798188
2012-07-24,28.28513526916504,43.979881286621094,44.93635177612305,43.72958755493164,44.73969650268555,2039825
2012-07-25,28.198902130126953,43.845794677734375,44.50728225708008,43.60444259643555,44.50728225708008,1033113
2012-07-26,29.314212799072266,45.579959869384766,45.705108642578125,44.569854736328125,44.569854736328125,2405414
2012-07-27,29.88912582397461,46.47386169433594,46.75096893310547,45.67829132080078,45.67829132080078,2313234
2012-07-30,29.80862808227539,46.348716735839844,46.625823974609375,45.74980163574219,46.47386169433594,1599955
2012-07-31,29.423446655273438,45.74980163574219,46.438106536865234,45.59783935546875,46.24144744873047,1322072
2012-08-01,29.486679077148438,45.84812927246094,46.125240325927734,45.60677719116211,46.00009536743164,1617071
2012-08-02,29.43494415283203,45.76768112182617,45.9732780456543,45.302852630615234,45.58890151977539,1401387
2012-08-03,30.153564453125,46.88505554199219,47.32306671142578,46.17887496948242,46.4827995300293,1229332
2012-08-06,30.372026443481445,47.224735260009766,47.6180534362793,46.902931213378906,46.91187286376953,1371182
2012-08-07,30.53299903869629,47.47502899169922,48.14545440673828,47.40351867675781,47.546539306640625,1542790
2012-08-08,30.73996925354004,47.79683303833008,47.859405517578125,46.89399337768555,47.15322494506836,1274304
2012-08-09,30.53299903869629,47.47502899169922,48.07394027709961,47.439273834228516,47.92197799682617,1200246
2012-08-10,30.383520126342773,47.24261474609375,47.439273834228516,46.8314208984375,47.224735260009766,1633516
2012-08-13,30.39503288269043,47.260494232177734,47.3051872253418,46.8671760559082,47.25155258178711,1144759
2012-08-14,30.69972038269043,47.73426055908203,48.15439224243164,47.40351867675781,47.51972579956055,1571317
2012-08-15,30.67674446105957,47.69850540161133,48.351051330566406,47.528663635253906,47.82365036010742,1398702
2012-08-16,30.952686309814453,48.1275749206543,48.22590637207031,47.70744323730469,47.72532272338867,1351046
2012-08-17,30.969928741455078,48.15439224243164,48.190147399902344,47.92197799682617,48.10075759887695,1075400
2012-08-20,30.734210968017578,47.78789520263672,48.11863708496094,47.51972579956055,48.038185119628906,1157960
2012-08-21,30.555994033813477,47.51078414916992,48.02924728393555,47.31412887573242,47.761077880859375,1363575
2012-08-22,30.383520126342773,47.24261474609375,47.66274642944336,46.91187286376953,47.51972579956055,1026737
2012-08-23,29.578664779663086,45.991153717041016,46.759910583496094,45.96433639526367,46.759910583496094,2213223
2012-08-24,30.0960750579834,46.7956657409668,46.8314208984375,45.84812927246094,46.026912689208984,1242868
2012-08-27,29.992605209350586,46.634761810302734,47.045955657958984,46.60794448852539,46.97444534301758,1156953
2012-08-28,29.946605682373047,46.56325149536133,46.99232482910156,46.45598220825195,46.65264129638672,1021367
2012-08-29,30.170825958251953,46.91187286376953,47.16216278076172,46.68839645385742,46.68839645385742,935004
2012-08-30,30.00984764099121,46.66157913208008,47.15322494506836,46.58112716674805,46.88505554199219,1269046
2012-08-31,29.866113662719727,46.438106536865234,47.06383514404297,46.3576545715332,47.028079986572266,1049782
2012-09-04,29.756881713867188,46.26826477050781,46.58112716674805,45.85707092285156,46.3218994140625,1395906
2012-09-05,29.935108184814453,46.545372009277344,46.82248306274414,46.14311981201172,46.348716735839844,1147220
2012-09-06,30.768712997436523,47.841529846191406,47.9309196472168,46.77778625488281,46.938690185546875,1260656
2012-09-07,30.75146484375,47.81471252441406,48.082881927490234,47.626991271972656,47.82365036010742,1097662
2012-09-10,31.01018714904785,48.21696472167969,48.494075775146484,47.72532272338867,47.72532272338867,1099004
2012-09-11,30.975671768188477,48.163333892822266,48.64603805541992,47.993492126464844,48.190147399902344,1575568
2012-09-12,31.378103256225586,48.7890625,49.12874221801758,48.34211349487305,48.46725845336914,1725025
2012-09-13,31.521833419799805,49.012535095214844,49.16450119018555,47.98455047607422,48.359989166259766,2140060
2012-09-14,31.067659378051758,48.30635452270508,49.28070831298828,48.279537200927734,49.075111389160156,2052019
2012-09-17,31.32061767578125,48.69967269897461,48.73542785644531,48.163333892822266,48.32423400878906,2077749
2012-09-18,31.533340454101562,49.03041458129883,49.1376838684082,48.38680648803711,48.52983093261719,1502405
2012-09-19,31.792041778564453,49.43267059326172,49.682960510253906,48.48513412475586,49.012535095214844,1857031
2012-09-20,31.45859146118164,48.914207458496094,49.20025634765625,48.61028289794922,49.16450119018555,2537980
2012-09-21,32.89009475708008,51.140018463134766,51.783626556396484,50.66625213623047,50.827152252197266,4125182
2012-09-24,32.5566520690918,50.62155532836914,51.01487350463867,50.094154357910156,50.308692932128906,1811500
2012-09-25,32.108238220214844,49.92431640625,50.80927658081055,49.915374755859375,50.80927658081055,2111310
2012-09-26,32.06224060058594,49.85280227661133,50.21036148071289,49.6472053527832,50.01370620727539,1110974
2012-09-27,32.1312255859375,49.9600715637207,50.362327575683594,49.84386444091797,50.049461364746094,1260767
2012-09-28,32.05073165893555,49.83492660522461,49.915374755859375,49.182376861572266,49.682960510253906,1566506
2012-10-01,31.97025489807129,49.70977783203125,50.219303131103516,49.56675338745117,49.9600715637207,1434053
2012-10-02,31.8897705078125,49.584632873535156,50.004764556884766,49.396915435791016,49.97794723510742,1383488
2012-10-03,32.010498046875,49.7723503112793,50.10309600830078,49.45054626464844,49.70977783203125,1429466
2012-10-04,32.217472076416016,50.094154357910156,50.18354415893555,49.629329681396484,50.05839920043945,1267480
2012-10-05,31.95643424987793,49.24494934082031,49.96900939941406,48.97677993774414,49.93325424194336,1446359
2012-10-08,31.962236404418945,49.25389099121094,49.5756950378418,48.994659423828125,49.173439025878906,1163777
2012-10-09,31.753402709960938,48.93208694458008,49.495243072509766,48.78012466430664,49.325401306152344,1366372
2012-10-10,31.718597412109375,48.87845230102539,49.6114501953125,48.815879821777344,49.25389099121094,860499
2012-10-11,31.579381942749023,48.663917541503906,48.985721588134766,48.52089309692383,48.985721588134766,1121490
2012-10-12,31.527164459228516,48.583465576171875,49.06616973876953,48.52983093261719,48.80693817138672,781407
2012-10-15,31.428552627563477,48.43150329589844,48.85163497924805,48.23484420776367,48.73542785644531,1412686
2012-10-16,32.049232482910156,49.38797378540039,49.504180908203125,48.681793212890625,48.83375549316406,1203602
2012-10-17,31.962236404418945,49.25389099121094,49.96900939941406,49.23601150512695,49.54887771606445,909386
2012-10-18,32.026039123535156,49.35221862792969,49.43267059326172,48.92314529418945,49.075111389160156,918447
2012-10-19,31.225534439086914,48.11863708496094,49.084049224853516,47.6895637512207,49.084049224853516,1932431
2012-10-22,31.126922607421875,47.9666748046875,48.15439224243164,47.4929084777832,48.10969924926758,1091509
2012-10-23,31.00510597229004,47.778953552246094,47.91304016113281,47.15322494506836,47.31412887573242,1104262
2012-10-24,30.26840591430664,46.64370346069336,47.948795318603516,46.295082092285156,47.948795318603516,2464929
2012-10-25,30.546838760375977,47.07277297973633,47.3409423828125,46.42916488647461,46.98338317871094,1201700
2012-10-26,30.47722816467285,46.96550750732422,47.144287109375,46.68839645385742,47.144287109375,1271731
2012-10-31,30.523651123046875,47.037017822265625,47.50184631347656,46.59006881713867,47.28731155395508,895626
2012-11-01,30.86008644104004,47.55548095703125,47.778953552246094,47.09065246582031,47.31412887573242,1067233
2012-11-02,30.52943992614746,47.045955657958984,47.9309196472168,46.98338317871094,47.79683303833008,1856136
2012-11-05,30.74987030029297,47.38563919067383,47.41245651245117,46.50961685180664,46.88505554199219,1577358
2012-11-06,31.36473846435547,48.33317184448242,48.45832061767578,47.42139434814453,47.59123611450195,1433606
2012-11-07,30.59324073791504,47.144287109375,48.038185119628906,47.06383514404297,47.9666748046875,1895626
2012-11-08,29.78693199157715,45.901763916015625,47.15322494506836,45.722984313964844,47.028079986572266,1565052
2012-11-09,29.937763214111328,46.134178161621094,46.295082092285156,45.54420471191406,45.84812927246094,1055487
2012-11-12,29.798547744750977,45.91964340209961,46.223567962646484,45.59783935546875,46.223567962646484,911623
2012-11-13,29.72893714904785,45.812374114990234,46.304019927978516,45.45481491088867,45.705108642578125,643472
2012-11-14,29.201066970825195,44.998924255371094,46.1699333190918,44.91847610473633,45.91964340209961,902338
2012-11-15,29.28226661682129,45.12407302856445,45.624656677246094,44.873779296875,44.91847610473633,1412127
2012-11-16,29.537508010864258,45.51738739013672,45.571022033691406,44.69499969482422,45.2224006652832,1110191
2012-11-19,30.105987548828125,46.393409729003906,46.491737365722656,45.722984313964844,45.937522888183594,1097886
2012-11-20,30.448230743408203,46.92081069946289,47.135345458984375,46.33977508544922,46.402347564697266,1512809
2012-11-21,30.494646072387695,46.99232482910156,47.27836990356445,46.706275939941406,46.92974853515625,816870
2012-11-23,31.051515579223633,47.850467681884766,47.9309196472168,47.16216278076172,47.16216278076172,512809
2012-11-26,30.883285522460938,47.59123611450195,47.778953552246094,47.028079986572266,47.59123611450195,1019577
2012-11-27,30.715055465698242,47.33200454711914,47.80577087402344,47.19792175292969,47.6180534362793,915203
2012-11-28,31.23713493347168,48.13651657104492,48.13651657104492,46.57218933105469,47.269432067871094,1342096
2012-11-29,31.121110916137695,47.957733154296875,48.4404411315918,47.841529846191406,48.22590637207031,998322
2012-11-30,30.674453735351562,47.269432067871094,47.66274642944336,47.09065246582031,47.6180534362793,1666741
2012-12-03,30.407625198364258,46.858238220214844,47.66274642944336,46.813541412353516,47.50184631347656,1263340
2012-12-04,27.49564552307129,42.3708610534668,43.425662994384766,41.63786315917969,42.90719985961914,11776709
2012-12-05,27.37961769104004,42.192081451416016,42.32616424560547,41.700435638427734,42.04905700683594,2621546
2012-12-06,27.28680992126465,42.04905700683594,42.32616424560547,41.780887603759766,42.013301849365234,2181228
2012-12-07,27.066383361816406,41.709373474121094,42.290409088134766,41.459083557128906,42.1295051574707,1940709
2012-12-10,27.153385162353516,41.84346008300781,42.13844680786133,41.6199836730957,41.71831130981445,2111757
2012-12-11,26.863357543945312,41.396507263183594,42.07587432861328,41.19091033935547,42.013301849365234,2449715
2012-12-12,26.56751251220703,40.94062042236328,41.64680099487305,40.59199905395508,41.64680099487305,3905247
2012-12-13,26.637126922607422,41.047889709472656,41.21772766113281,40.45791244506836,40.654571533203125,3000671
2012-12-14,26.95036506652832,41.53059387207031,41.64680099487305,40.86910629272461,41.056827545166016,2279561
2012-12-17,27.193994522094727,41.90603256225586,42.13844680786133,41.32499694824219,41.53953170776367,1811836
2012-12-18,27.397029876708984,42.21889877319336,42.4423713684082,41.807701110839844,42.04905700683594,2850766
2012-12-19,27.153385162353516,41.84346008300781,42.4066162109375,41.84346008300781,42.4066162109375,1650856
2012-12-20,26.3760986328125,40.645633697509766,41.92390823364258,40.448974609375,41.75407028198242,3405526
2012-12-21,26.17885971069336,40.341705322265625,40.61881637573242,39.81430435180664,40.2880744934082,3404743
2012-12-24,26.02224349975586,40.1003532409668,40.39533996582031,39.89475631713867,40.39533996582031,745274
2012-12-26,25.825021743774414,39.79642868041992,40.21656036376953,39.653404235839844,40.21656036376953,1126636
2012-12-27,25.900436401367188,39.912635803222656,40.010963439941406,39.43886947631836,39.841121673583984,1669426
2012-12-28,25.778608322143555,39.72491455078125,39.95732879638672,39.510379791259766,39.57295227050781,2129097
2012-12-31,26.144058227539062,40.2880744934082,40.30595016479492,39.47462463378906,39.555076599121094,1886229
2013-01-02,26.335487365722656,40.58306121826172,41.03001022338867,40.07353591918945,40.833351135253906,1950777
2013-01-03,26.010650634765625,40.08247756958008,40.45791244506836,39.94839096069336,40.30595016479492,2025730
2013-01-04,26.95036506652832,41.53059387207031,41.63786315917969,40.20762252807617,40.20762252807617,2979864
2013-01-07,26.706735610961914,41.155155181884766,41.557411193847656,40.89592361450195,41.557411193847656,2029757
2013-01-08,26.571847915649414,40.50260925292969,40.60987854003906,40.145050048828125,40.44003677368164,2035910
2013-01-09,26.859207153320312,40.94062042236328,40.95849609375,40.51154708862305,40.58306121826172,2043517
2013-01-10,26.530797958374023,40.44003677368164,41.11940002441406,40.18080520629883,41.11940002441406,1805459
2013-01-11,26.343135833740234,40.153987884521484,40.52942657470703,39.742794036865234,40.448974609375,2302942
2013-01-14,26.178936004638672,39.90369415283203,40.27913284301758,39.85006332397461,40.18080520629883,1699071
2013-01-15,26.58358383178711,40.52048873901367,40.60093688964844,39.912635803222656,39.921573638916016,1654771
2013-01-16,26.60116958618164,40.54730224609375,40.59199905395508,40.055660247802734,40.466854095458984,1491554
2013-01-17,26.618770599365234,40.574119567871094,40.9227409362793,40.323829650878906,40.735023498535156,1525338
2013-01-18,26.612899780273438,40.565181732177734,40.77077865600586,40.466854095458984,40.565181732177734,1388970
2013-01-22,26.9002628326416,41.00319290161133,41.19091033935547,39.98414611816406,40.2880744934082,2023828
2013-01-23,26.68328285217285,40.67245101928711,41.199851989746094,40.67245101928711,40.9227409362793,1174069
2013-01-24,26.865070343017578,40.94955825805664,41.244544982910156,40.70820617675781,40.77077865600586,2399597
2013-01-25,26.9002628326416,41.00319290161133,41.17303466796875,40.636695861816406,41.146217346191406,1963419
2013-01-28,26.9178466796875,41.03001022338867,41.22666931152344,40.886985778808594,40.99425506591797,1701533
2013-01-29,26.97063446044922,41.1104621887207,41.22666931152344,40.7975959777832,41.03001022338867,1145878
2013-01-30,27.322507858276367,41.64680099487305,41.8970947265625,40.94062042236328,41.03001022338867,2412462
2013-01-31,27.269718170166016,41.566349029541016,41.66468048095703,41.21772766113281,41.566349029541016,2011299
2013-02-01,27.4691104888916,41.870277404785156,42.17420196533203,41.387569427490234,41.611045837402344,2905470
2013-02-04,27.52189064025879,41.95072555541992,42.3708610534668,41.57529067993164,41.789825439453125,3794049
2013-02-05,27.4691104888916,41.870277404785156,42.290409088134766,41.81664276123047,42.04905700683594,2454861
2013-02-06,27.750600814819336,42.299346923828125,42.32616424560547,41.655738830566406,41.82558059692383,2356863
2013-02-07,27.744741439819336,42.290409088134766,42.746299743652344,42.08481216430664,42.335105895996094,2391431
2013-02-08,27.774059295654297,42.335105895996094,42.379798889160156,41.99542236328125,42.379798889160156,1586307
2013-02-11,27.6098575592041,42.08481216430664,42.46025085449219,41.98648452758789,42.290409088134766,1527800
2013-02-12,27.451509475708008,41.84346008300781,42.04011535644531,41.53953170776367,42.013301849365234,1488533
2013-02-13,26.89440155029297,40.99425506591797,41.476959228515625,40.71714401245117,41.41438674926758,2974829
2013-02-14,26.695005416870117,40.69032669067383,41.03894805908203,40.556243896484375,40.9227409362793,1748294
2013-02-15,26.478017807006836,40.35958480834961,41.10152053833008,40.27913284301758,40.67245101928711,2196443
2013-02-19,26.536666870117188,40.448974609375,40.985313415527344,40.27019500732422,40.49367141723633,2402170
2013-02-20,26.302085876464844,40.09141540527344,40.878047943115234,40.04671859741211,40.51154708862305,2457098
2013-02-21,26.237573623657227,39.99308776855469,40.49367141723633,39.429927825927734,40.07353591918945,4378118
2013-02-22,27.111387252807617,41.32499694824219,41.700435638427734,40.27913284301758,40.341705322265625,8571093
2013-02-25,26.536666870117188,40.448974609375,41.611045837402344,40.431095123291016,41.3071174621582,3829623
2013-02-26,26.853349685668945,40.93168258666992,41.11940002441406,40.055660247802734,40.12717056274414,3089719
2013-02-27,27.463245391845703,41.86133575439453,42.120567321777344,41.19091033935547,41.3071174621582,2519633
2013-02-28,27.13483238220215,41.36075210571289,41.870277404785156,41.2713623046875,41.86133575439453,2368162
2013-03-01,27.082056045532227,41.28030014038086,41.3071174621582,40.60987854003906,41.065765380859375,3774583
2013-03-04,27.13483238220215,41.36075210571289,41.700435638427734,41.26242446899414,41.28030014038086,2064437
2013-03-05,27.340097427368164,41.67361831665039,41.798763275146484,41.42332458496094,41.566349029541016,1290860
2013-03-06,27.71542739868164,42.24571228027344,42.424495697021484,41.700435638427734,41.700435638427734,2281799
2013-03-07,27.844438552856445,42.4423713684082,42.49600601196289,41.8970947265625,42.24571228027344,1916434
2013-03-08,27.756471633911133,42.30828857421875,42.63903045654297,41.95072555541992,42.63009262084961,1531267
2013-03-11,27.90895652770996,42.54070281982422,42.612213134765625,42.066932678222656,42.17420196533203,1395906
2013-03-12,28.10834503173828,42.844627380371094,42.8803825378418,42.50494384765625,42.57645797729492,1626692
2013-03-13,28.741708755493164,43.81003952026367,43.95306396484375,42.82674789428711,42.82674789428711,2900436
2013-03-14,28.665464401245117,43.69383239746094,43.91730880737305,43.48823547363281,43.81897735595703,1250364
2013-03-15,28.95282554626465,44.13184356689453,44.27486801147461,43.47035598754883,43.47929763793945,2324309
2013-03-18,28.665464401245117,43.69383239746094,43.90836715698242,43.38990783691406,43.756404876708984,1349592
2013-03-19,28.53644561767578,43.49717330932617,43.80110168457031,43.29157638549805,43.71171188354492,1075959
2013-03-20,28.583358764648438,43.568687438964844,43.95306396484375,43.30945587158203,43.59550476074219,1559235
2013-03-21,28.71236801147461,43.765342712402344,43.836856842041016,43.1932487487793,43.40778350830078,2289070
2013-03-22,29.09943199157715,44.355316162109375,44.578792572021484,43.49717330932617,43.622318267822266,2631502
2013-03-25,29.54512596130371,45.03468322753906,45.50844955444336,44.60560989379883,44.88271713256836,2951784
2013-03-26,29.72692108154297,45.311790466308594,45.311790466308594,44.70393753051758,45.10619354248047,1851885
2013-03-27,29.70933723449707,45.28497314453125,45.33860778808594,44.802268981933594,45.14194869995117,974270
2013-03-28,30.307506561279297,46.19675064086914,46.3576545715332,45.1866455078125,45.2224006652832,2289742
2013-04-01,29.850093841552734,45.49951171875,46.25038528442383,45.44587707519531,46.25038528442383,1882313
2013-04-02,30.102264404296875,45.883888244628906,46.035850524902344,45.68722915649414,45.74086380004883,1868442
2013-04-03,29.68001365661621,45.24028015136719,46.4827995300293,45.14194869995117,46.05372619628906,1895514
2013-04-04,29.955638885498047,45.6604118347168,45.91070556640625,45.41905975341797,45.42799758911133,3975836
2013-04-05,29.63896369934082,45.17770767211914,45.32072830200195,44.63242721557617,45.20452117919922,3740128
2013-04-08,29.556041717529297,44.60560989379883,44.91847610473633,44.239112854003906,44.68606185913086,1575791
2013-04-09,29.082197189331055,43.8904914855957,44.88271713256836,43.49717330932617,44.63242721557617,4167133
2013-04-10,29.715959548950195,44.846961975097656,45.01680374145508,44.0156364440918,44.10502624511719,2254167
2013-04-11,29.514589309692383,44.54303741455078,45.1866455078125,44.3642578125,44.77545166015625,2452735
2013-04-12,29.769268035888672,44.92741394042969,45.04362106323242,44.41789245605469,44.45364761352539,1639221
2013-04-15,28.910423278808594,43.63125991821289,45.11513137817383,43.515052795410156,44.802268981933594,1781184
2013-04-16,29.283578872680664,44.19441604614258,44.31062316894531,43.58656311035156,43.99775695800781,1816534
2013-04-17,28.886741638183594,43.59550476074219,44.0156364440918,43.23794174194336,43.8904914855957,1243092
2013-04-18,28.922277450561523,43.64913558959961,43.82791519165039,43.13067626953125,43.67595291137695,1454861
2013-04-19,28.957809448242188,43.7027702331543,43.95306396484375,43.515052795410156,43.87261199951172,929299
2013-04-22,29.05850601196289,43.854732513427734,43.96200180053711,43.336273193359375,43.80110168457031,1207853
2013-04-23,29.544198989868164,44.587730407714844,44.88271713256836,43.86367416381836,44.00669860839844,2293545
2013-04-24,29.82257843017578,45.00786590576172,45.32072830200195,44.650306701660156,44.73969650268555,2347802
2013-04-25,30.189815521240234,45.56208419799805,45.94646072387695,45.27603530883789,45.392242431640625,1948316
2013-04-26,30.201662063598633,45.579959869384766,45.892826080322266,45.3475456237793,45.42799758911133,1179886
2013-04-29,30.13650131225586,45.481632232666016,45.722984313964844,45.32072830200195,45.722984313964844,1141627
2013-04-30,30.580732345581055,46.15205764770508,46.15205764770508,45.59783935546875,45.85707092285156,2127643
2013-05-01,30.616273880004883,46.205692291259766,46.447044372558594,45.92858123779297,45.9732780456543,1884663
2013-05-02,30.995351791381836,46.77778625488281,46.92081069946289,46.009033203125,46.205692291259766,1960175
2013-05-03,31.28557777404785,47.215797424316406,47.64487075805664,46.849300384521484,46.92974853515625,1808368
2013-05-06,31.338884353637695,47.29624938964844,47.55548095703125,47.07277297973633,47.15322494506836,808032
2013-05-07,31.486961364746094,47.51972579956055,47.6180534362793,47.09959030151367,47.40351867675781,822351
2013-05-08,31.575815200805664,47.65380859375,47.65380859375,47.144287109375,47.37670135498047,1016221
2013-05-09,31.386262893676758,47.367759704589844,47.761077880859375,47.09065246582031,47.74319839477539,793489
2013-05-10,31.723878860473633,47.87728500366211,48.01136779785156,47.41245651245117,47.41245651245117,763173
2013-05-13,31.486961364746094,47.51972579956055,48.038185119628906,47.439273834228516,47.80577087402344,1050006
2013-05-14,31.842329025268555,48.05606460571289,48.091819763183594,47.24261474609375,47.582298278808594,1007831
2013-05-15,31.931182861328125,48.190147399902344,48.45832061767578,47.92197799682617,47.948795318603516,1114666
2013-05-16,31.261882781982422,47.1800422668457,48.04712677001953,47.16216278076172,48.04712677001953,1644367
2013-05-17,31.646879196166992,47.761077880859375,47.761077880859375,47.117469787597656,47.224735260009766,1254167
2013-05-20,31.658727645874023,47.778953552246094,48.04712677001953,47.4929084777832,47.770015716552734,673453
2013-05-21,31.777175903320312,47.957733154296875,48.038185119628906,47.6895637512207,47.87728500366211,926726
2013-05-22,31.167123794555664,47.037017822265625,48.06500244140625,46.92081069946289,47.88622283935547,1349592
2013-05-23,31.52249526977539,47.57335662841797,47.59123611450195,46.545372009277344,46.706275939941406,794272
2013-05-24,31.29149627685547,47.224735260009766,47.37670135498047,46.92974853515625,47.126407623291016,1120595
2013-05-28,31.587648391723633,47.671688079833984,47.91304016113281,47.38563919067383,47.60017395019531,833091
2013-05-29,31.338884353637695,47.29624938964844,47.66274642944336,47.20685958862305,47.40351867675781,1044300
2013-05-30,31.08419418334961,46.91187286376953,47.57335662841797,46.84035873413086,47.439273834228516,844613
2013-05-31,30.68143081665039,46.304019927978516,47.260494232177734,46.295082092285156,46.87611770629883,1101130
2013-06-03,31.131576538085938,46.98338317871094,47.028079986572266,46.393409729003906,46.402347564697266,983667
2013-06-04,31.558040618896484,47.626991271972656,48.190147399902344,47.135345458984375,47.135345458984375,1660812
2013-06-05,31.238182067871094,47.144287109375,47.546539306640625,46.88505554199219,47.546539306640625,1196778
2013-06-06,31.575815200805664,47.65380859375,47.6895637512207,47.00126266479492,47.126407623291016,1039154
2013-06-07,32.120723724365234,48.4761962890625,48.56558609008789,47.72532272338867,47.859405517578125,1031995
2013-06-10,32.37541961669922,48.860572814941406,49.38797378540039,48.45832061767578,48.771183013916016,997091
2013-06-11,32.120723724365234,48.4761962890625,48.994659423828125,48.32423400878906,48.52983093261719,1080882
2013-06-12,31.19674301147461,47.08171463012695,48.52983093261719,46.55431365966797,48.5119514465332,2987918
2013-06-13,31.558040618896484,47.626991271972656,47.81471252441406,46.87611770629883,47.117469787597656,1437297
2013-06-14,31.119735717773438,46.96550750732422,47.69850540161133,46.902931213378906,47.56441879272461,978745
2013-06-17,31.255956649780273,47.171104431152344,47.51078414916992,46.902931213378906,47.32306671142578,1435060
2013-06-18,31.46918296813965,47.4929084777832,47.66274642944336,47.037017822265625,47.15322494506836,1761383
2013-06-19,31.167123794555664,47.037017822265625,47.957733154296875,46.98338317871094,47.6180534362793,1781519
2013-06-20,30.343812942504883,45.794498443603516,47.05489730834961,45.571022033691406,46.849300384521484,2728158
2013-06-21,29.68636131286621,44.802268981933594,45.58890151977539,43.60444259643555,45.5352668762207,6415706
2013-06-24,29.040733337402344,43.82791519165039,44.30168533325195,43.29157638549805,44.23017120361328,3799978
2013-06-25,29.064424514770508,43.86367416381836,44.28380584716797,43.532928466796875,44.23017120361328,3381027
2013-06-26,29.34873390197754,44.29274368286133,44.63242721557617,43.98881912231445,44.158660888671875,1404296
2013-06-27,29.265806198120117,44.167598724365234,44.95423126220703,44.0871467590332,44.63242721557617,1766864
2013-06-28,29.899578094482422,45.12407302856445,45.3475456237793,43.89942932128906,44.158660888671875,3890480
2013-07-01,29.99434471130371,45.26709747314453,45.83919143676758,45.1508903503418,45.3475456237793,1842488
2013-07-02,30.154273986816406,45.50844955444336,45.75873947143555,45.168766021728516,45.258155822753906,1575568
2013-07-03,30.183883666992188,45.55314254760742,45.67829132080078,44.998924255371094,45.258155822753906,751538
2013-07-05,30.403030395507812,45.883888244628906,46.00009536743164,45.44587707519531,45.892826080322266,726144
2013-07-08,30.96584701538086,46.23250961303711,46.393409729003906,45.67829132080078,45.67829132080078,1576015
2013-07-09,31.067628860473633,46.38447189331055,46.69733428955078,46.25932312011719,46.491737365722656,923929
2013-07-10,30.504817962646484,45.54420471191406,46.38447189331055,45.168766021728516,46.312957763671875,1795391
2013-07-11,30.265331268310547,45.1866455078125,46.035850524902344,44.96316909790039,45.91964340209961,1737666
2013-07-12,30.193483352661133,45.079376220703125,45.46375274658203,44.981048583984375,45.2224006652832,1703994
2013-07-15,30.624576568603516,45.722984313964844,45.74980163574219,44.96316909790039,44.96316909790039,1781295
2013-07-16,30.139602661132812,44.998924255371094,45.6604118347168,44.76651382446289,45.36542510986328,1171496
2013-07-17,29.672607421875,44.30168533325195,45.213462829589844,44.14971923828125,45.05255889892578,1390200
2013-07-18,29.97795295715332,44.757572174072266,44.79332733154297,44.51622009277344,44.51622009277344,1510124
2013-07-19,29.630693435668945,44.239112854003906,44.86484146118164,44.20335388183594,44.82908630371094,1232688
2013-07-22,29.46903419494629,43.99775695800781,44.41789245605469,43.926246643066406,44.21229553222656,1314577
2013-07-23,29.463045120239258,43.98881912231445,44.248050689697266,43.854732513427734,44.19441604614258,1284819
2013-07-24,28.966114044189453,43.246883392333984,44.0871467590332,43.04128646850586,43.98881912231445,1553865
2013-07-25,28.97209358215332,43.255821228027344,43.27370071411133,42.692665100097656,43.04128646850586,1558340
2013-07-26,29.295400619506836,43.738525390625,43.756404876708984,43.05022430419922,43.07704162597656,1939255
2013-07-29,29.34929656982422,43.81897735595703,44.09608840942383,43.63125991821289,43.80110168457031,1112652
2013-07-30,29.34929656982422,43.81897735595703,44.10502624511719,43.7027702331543,43.91730880737305,1149681
2013-07-31,29.36725425720215,43.845794677734375,44.355316162109375,43.77428436279297,43.81897735595703,1476787
2013-08-01,29.672607421875,44.30168533325195,44.64136505126953,44.0871467590332,44.14078140258789,1543909
2013-08-02,29.864194869995117,44.587730407714844,44.668182373046875,44.10502624511719,44.42683029174805,1193758
2013-08-05,29.708534240722656,44.355316162109375,44.54303741455078,43.89942932128906,44.42683029174805,1116568
2013-08-06,29.48700714111328,44.024574279785156,44.82908630371094,43.97093963623047,44.37319564819336,1602752
2013-08-07,29.744441986083984,44.40895080566406,44.68606185913086,43.935184478759766,44.00669860839844,1019018
2013-08-08,29.66063117980957,44.28380584716797,44.677120208740234,44.22123336791992,44.569854736328125,820114
2013-08-09,29.672607421875,44.30168533325195,44.668182373046875,44.176536560058594,44.29274368286133,985681
2013-08-12,29.492977142333984,44.033512115478516,44.29274368286133,43.854732513427734,44.14078140258789,1206287
2013-08-13,29.421142578125,43.926246643066406,43.99775695800781,43.5418701171875,43.96200180053711,955923
2013-08-14,29.193626403808594,43.58656311035156,43.845794677734375,43.39884567260742,43.79216003417969,1225529
2013-08-15,28.64279556274414,42.76417541503906,43.336273193359375,42.612213134765625,43.2647590637207,1712943
2013-08-16,28.684703826904297,42.82674789428711,42.99658966064453,42.54964065551758,42.73735809326172,1199687
2013-08-19,28.529035568237305,42.59433364868164,42.95189666748047,42.46918869018555,42.835689544677734,1195995
2013-08-20,28.64279556274414,42.76417541503906,43.32733154296875,42.54964065551758,42.65690612792969,2889249
2013-08-21,28.09796142578125,41.95072555541992,42.87144470214844,41.73619079589844,42.46025085449219,2160532
2013-08-22,28.301536560058594,42.25465393066406,42.57645797729492,42.0579948425293,42.15632247924805,1423985
2013-08-23,28.145870208740234,42.022239685058594,42.4423713684082,41.67361831665039,42.23677444458008,2104486
2013-08-26,28.09796142578125,41.95072555541992,42.35298156738281,41.888153076171875,42.15632247924805,973934
2013-08-27,27.816558837890625,41.53059387207031,41.8970947265625,41.396507263183594,41.62892150878906,1556662
2013-08-28,27.75668716430664,41.44120407104492,41.879215240478516,41.21772766113281,41.43226623535156,1203267
2013-08-29,27.87045669555664,41.611045837402344,41.807701110839844,41.41438674926758,41.468021392822266,883768
2013-08-30,27.666893005371094,41.3071174621582,41.52165603637695,41.11940002441406,41.35181427001953,1200582
2013-09-03,27.666893005371094,41.3071174621582,41.91497039794922,40.86016845703125,41.780887603759766,1696275
2013-09-04,28.002172470092773,41.807701110839844,41.9328498840332,41.146217346191406,41.289241790771484,1540217
2013-09-05,28.056062698364258,41.888153076171875,42.18313980102539,41.75407028198242,41.76300811767578,1189730
2013-09-06,28.4093017578125,42.41555404663086,42.81781005859375,41.9328498840332,42.35298156738281,1924376
2013-09-09,28.529035568237305,42.59433364868164,42.835689544677734,42.46918869018555,42.46918869018555,1115225
2013-09-10,28.654775619506836,42.78205490112305,42.97871017456055,42.621150970458984,42.77311325073242,934221
2013-09-11,28.996051788330078,43.29157638549805,43.29157638549805,42.73735809326172,42.85356521606445,745721
2013-09-12,28.86433219909668,43.09491729736328,43.613380432128906,42.95189666748047,43.255821228027344,1078868
2013-09-13,28.960121154785156,43.23794174194336,43.39884567260742,42.710540771484375,43.18430709838867,1168363
2013-09-16,29.24750328063965,43.667015075683594,44.033512115478516,43.532928466796875,43.63125991821289,2172838
2013-09-17,29.684585571289062,44.31956100463867,44.560916900634766,43.58656311035156,43.613380432128906,1716635
2013-09-18,29.822290420532227,44.5251579284668,44.5251579284668,43.935184478759766,44.248050689697266,1244099
2013-09-19,29.516925811767578,44.069271087646484,44.51622009277344,43.72958755493164,44.49834060668945,2070813
2013-09-20,27.4094295501709,40.9227409362793,42.7552375793457,40.86910629272461,42.433433532714844,7097438
2013-09-23,27.696821212768555,41.35181427001953,41.396507263183594,40.02884292602539,40.94955825805664,4137823
2013-09-24,27.792619705200195,41.49483871459961,41.63786315917969,41.16409683227539,41.44120407104492,2374986
2013-09-25,27.541149139404297,41.11940002441406,41.52165603637695,41.10152053833008,41.48590087890625,2187940
2013-09-26,27.80459213256836,41.51271438598633,41.51271438598633,40.90486526489258,41.20878982543945,1880300
2013-09-27,27.960254669189453,41.7451286315918,41.789825439453125,41.2713623046875,41.3071174621582,1575008
2013-09-30,27.714780807495117,41.378631591796875,41.63786315917969,41.16409683227539,41.387569427490234,1494351
2013-10-01,28.056062698364258,41.888153076171875,41.92390823364258,41.396507263183594,41.40544891357422,1550956
2013-10-02,27.882413864135742,41.62892150878906,41.67361831665039,41.2356071472168,41.51271438598633,1401611
2013-10-03,27.51121711730957,41.074703216552734,41.52165603637695,40.60987854003906,41.468021392822266,2387851
2013-10-04,27.972232818603516,41.76300811767578,41.76300811767578,41.056827545166016,41.12833786010742,5446806
2013-10-07,27.47528839111328,41.02107238769531,41.557411193847656,40.99425506591797,41.45014190673828,4451728
2013-10-08,28.0449275970459,41.369693756103516,41.92390823364258,41.09258270263672,41.378631591796875,3046761
2013-10-09,30.038604736328125,44.31062316894531,45.74086380004883,40.833351135253906,41.34287643432617,14076295
2013-10-10,30.165863037109375,44.49834060668945,44.59667205810547,43.60444259643555,44.23017120361328,3841929
2013-10-11,30.60216522216797,45.14194869995117,45.1508903503418,44.033512115478516,44.3285026550293,3179103
2013-10-14,30.88092041015625,45.55314254760742,45.63359451293945,44.70393753051758,44.85590362548828,2808032
2013-10-15,30.91122817993164,45.59783935546875,45.9732780456543,45.213462829589844,45.392242431640625,5281799
2013-10-16,30.699125289916992,45.28497314453125,45.86600875854492,45.11513137817383,45.803436279296875,4003692
2013-10-17,31.38995361328125,46.304019927978516,47.144287109375,44.40895080566406,45.1866455078125,6165119
2013-10-18,31.553571701049805,46.545372009277344,46.76884841918945,46.3218994140625,46.545372009277344,2020472
2013-10-21,31.553571701049805,46.545372009277344,46.57218933105469,46.28614044189453,46.45598220825195,1349032
2013-10-22,31.480836868286133,46.438106536865234,46.68839645385742,46.36659240722656,46.57218933105469,1156729
2013-10-23,30.929401397705078,45.624656677246094,46.37553024291992,45.50844955444336,46.18781280517578,1933550
2013-10-24,31.20209503173828,46.026912689208984,46.080543518066406,45.45481491088867,45.59783935546875,1308200
2013-10-25,31.32935333251953,46.214630126953125,46.25038528442383,45.722984313964844,46.14311981201172,1054704
2013-10-28,31.226329803466797,46.06266784667969,46.295082092285156,45.82131576538086,46.295082092285156,1292986
2013-10-29,31.874731063842773,47.01913833618164,47.045955657958984,46.25038528442383,46.3576545715332,1827497
2013-10-30,31.650529861450195,46.68839645385742,47.10852813720703,46.5185546875,47.08171463012695,825931
2013-10-31,31.226329803466797,46.06266784667969,46.616886138916016,45.937522888183594,46.59006881713867,1101801
2013-11-01,31.196029663085938,46.01797103881836,46.25038528442383,45.705108642578125,46.16099548339844,1042287
2013-11-04,31.505084991455078,46.47386169433594,46.50067901611328,46.05372619628906,46.09842300415039,1055935
2013-11-05,32.092891693115234,47.3409423828125,47.349884033203125,46.27720260620117,46.45598220825195,1646269
2013-11-06,32.15348434448242,47.43033218383789,47.57335662841797,47.09959030151367,47.37670135498047,1067345
2013-11-07,31.59598731994629,46.60794448852539,47.4929084777832,46.491737365722656,47.38563919067383,1325652
2013-11-08,31.608091354370117,46.625823974609375,46.76884841918945,46.402347564697266,46.60794448852539,929746
2013-11-11,31.6020450592041,46.616886138916016,46.92974853515625,46.33977508544922,46.59006881713867,1133796
2013-11-12,31.462665557861328,46.41128921508789,46.616886138916016,46.18781280517578,46.3576545715332,1306969
2013-11-13,31.638404846191406,46.6705207824707,46.77778625488281,45.9732780456543,46.05372619628906,1087706
2013-11-14,31.911083221435547,47.07277297973633,47.16216278076172,46.59006881713867,46.65264129638672,804117
2013-11-15,32.42011642456055,47.82365036010742,48.163333892822266,46.96550750732422,47.09065246582031,1797628
2013-11-18,32.208030700683594,47.51078414916992,47.993492126464844,47.28731155395508,47.841529846191406,1193310
2013-11-19,31.971683502197266,47.16216278076172,47.546539306640625,46.8314208984375,47.367759704589844,1592124
2013-11-20,32.092891693115234,47.3409423828125,47.75213623046875,47.117469787597656,47.18898010253906,1440318
2013-11-21,32.46253967285156,47.88622283935547,48.082881927490234,47.117469787597656,47.60017395019531,1272849
2013-11-22,32.644325256347656,48.15439224243164,48.261661529541016,47.66274642944336,47.82365036010742,889361
2013-11-25,32.43223190307617,47.841529846191406,48.34211349487305,47.82365036010742,48.32423400878906,701421
2013-11-26,32.25651168823242,47.582298278808594,47.97561264038086,47.537601470947266,47.75213623046875,1124622
2013-11-27,32.41405487060547,47.81471252441406,48.02030944824219,47.43033218383789,47.537601470947266,1234366
2013-11-29,32.317108154296875,47.671688079833984,47.939857482910156,47.448211669921875,47.88622283935547,510012
2013-12-02,32.062599182128906,47.29624938964844,47.75213623046875,47.00126266479492,47.546539306640625,1866987
2013-12-03,31.632335662841797,46.66157913208008,47.126407623291016,46.312957763671875,46.98338317871094,1278107
2013-12-04,31.64446449279785,46.67945861816406,46.91187286376953,46.348716735839844,46.56325149536133,1537197
2013-12-05,31.547496795654297,46.536434173583984,46.92081069946289,46.42916488647461,46.69733428955078,822016
2013-12-06,31.80202865600586,46.91187286376953,47.15322494506836,46.82248306274414,46.88505554199219,1151583
2013-12-09,31.680824279785156,46.73309326171875,47.09065246582031,46.55431365966797,46.8671760559082,1252153
2013-12-10,31.408123016357422,46.33083724975586,46.82248306274414,46.23250961303711,46.6705207824707,1112429
2013-12-11,31.189977645874023,46.009033203125,46.46492385864258,45.7319221496582,46.26826477050781,2403065
2013-12-12,31.135427474975586,45.92858123779297,46.18781280517578,45.311790466308594,46.0447883605957,1205951
2013-12-13,31.286924362182617,46.15205764770508,46.23250961303711,45.87494659423828,46.10736083984375,1213111
2013-12-16,31.686874389648438,46.74203109741211,47.15322494506836,46.214630126953125,46.25038528442383,2142857
2013-12-17,31.71112823486328,46.77778625488281,47.37670135498047,46.447044372558594,46.706275939941406,1829847
2013-12-18,32.06864929199219,47.3051872253418,47.31412887573242,46.60794448852539,46.89399337768555,2279673
2013-12-19,30.917282104492188,45.60677719116211,46.3218994140625,44.11396408081055,46.295082092285156,16620092
2013-12-20,30.959684371948242,45.669349670410156,45.669349670410156,45.168766021728516,45.56208419799805,4815975
2013-12-23,32.93519973754883,48.583465576171875,49.06616973876953,45.991153717041016,46.4827995300293,6276317
2013-12-24,32.72917556762695,48.279537200927734,48.69073486328125,48.261661529541016,48.494075775146484,1428907
2013-12-26,32.917022705078125,48.55664825439453,48.63710021972656,48.19908905029297,48.28847885131836,1000447
2013-12-27,32.923099517822266,48.56558609008789,49.03041458129883,48.41362380981445,48.85163497924805,845397
2013-12-30,33.007930755615234,48.69073486328125,49.012535095214844,48.34211349487305,48.52089309692383,1081888
2013-12-31,32.947322845458984,48.601341247558594,48.896331787109375,48.41362380981445,48.681793212890625,804900
2014-01-02,32.31104278564453,47.66274642944336,48.574527740478516,47.64487075805664,48.43150329589844,1994295
2014-01-03,32.12319564819336,47.38563919067383,47.82365036010742,47.224735260009766,47.582298278808594,2041168
2014-01-06,31.517200469970703,46.491737365722656,47.09065246582031,46.17887496948242,46.99232482910156,2511243
2014-01-07,31.862613677978516,47.00126266479492,47.24261474609375,46.74203109741211,46.74203109741211,1656002
2014-01-08,31.60542106628418,46.134178161621094,46.527496337890625,45.85707092285156,46.10736083984375,2089160
2014-01-09,31.440067291259766,45.892826080322266,46.27720260620117,45.74980163574219,46.080543518066406,901667
2014-01-10,31.917726516723633,46.59006881713867,46.7956657409668,46.05372619628906,46.116302490234375,1486967
2014-01-13,31.127744674682617,45.43693542480469,46.59006881713867,45.33860778808594,46.527496337890625,1249133
2014-01-14,31.32982635498047,45.7319221496582,45.87494659423828,45.35648727416992,45.5352668762207,1022821
2014-01-15,31.764631271362305,46.36659240722656,46.402347564697266,45.6604118347168,45.87494659423828,1280009
2014-01-16,31.991207122802734,46.69733428955078,47.19792175292969,46.25932312011719,46.41128921508789,2226088
2014-01-17,31.207355499267578,45.55314254760742,46.42916488647461,45.46375274658203,46.393409729003906,1230898
2014-01-21,31.09101104736328,45.383304595947266,46.214630126953125,45.11513137817383,45.91964340209961,1323079
2014-01-22,31.158374786376953,45.481632232666016,46.026912689208984,45.24028015136719,45.82131576538086,985793
2014-01-23,31.286954879760742,45.669349670410156,45.74980163574219,44.757572174072266,45.13301086425781,1434948
2014-01-24,30.680707931518555,44.78438949584961,45.68722915649414,44.78438949584961,45.24921798706055,1168923
2014-01-27,30.76030921936035,44.900596618652344,45.33860778808594,44.668182373046875,44.91847610473633,1127307
2014-01-28,30.71744728088379,44.8380241394043,45.49951171875,44.802268981933594,44.900596618652344,1256069
2014-01-29,30.111186981201172,43.95306396484375,44.77545166015625,43.69383239746094,44.60560989379883,1903345
2014-01-30,30.313274383544922,44.248050689697266,44.42683029174805,43.89942932128906,44.265926361083984,1648507
2014-01-31,30.276533126831055,44.19441604614258,44.569854736328125,43.58656311035156,43.854732513427734,1326435
2014-02-03,28.978260040283203,42.299346923828125,44.346378326416016,42.23677444458008,44.23017120361328,1820673
2014-02-04,29.21710205078125,42.64796829223633,42.925079345703125,42.424495697021484,42.72842025756836,1712048
2014-02-05,28.978260040283203,42.299346923828125,42.531761169433594,42.0579948425293,42.39767837524414,1560130
2014-02-06,29.284454345703125,42.746299743652344,43.07704162597656,42.36191940307617,42.3708610534668,955700
2014-02-07,29.55391502380371,43.13961410522461,43.17536926269531,42.54964065551758,43.032344818115234,1076295
2014-02-10,29.64577293395996,43.27370071411133,43.738525390625,42.90719985961914,43.0681037902832,1650073
2014-02-11,29.902963638305664,43.64913558959961,43.90836715698242,43.202186584472656,43.27370071411133,1147891
2014-02-12,29.69475555419922,43.345211029052734,43.90836715698242,43.29157638549805,43.63125991821289,866540
2014-02-13,29.4987850189209,43.05916213989258,43.32733154296875,42.9161376953125,43.032344818115234,1294440
2014-02-14,29.62740135192871,43.246883392333984,43.39884567260742,42.95189666748047,43.04128646850586,804341
2014-02-18,30.01320457458496,43.81003952026367,43.935184478759766,43.38990783691406,43.87261199951172,1834322
2014-02-19,29.98257827758789,43.765342712402344,44.29274368286133,43.50611114501953,43.67595291137695,1359884
2014-02-20,30.925655364990234,45.14194869995117,45.26709747314453,43.81003952026367,43.90836715698242,2441548
2014-02-21,31.237987518310547,45.59783935546875,45.803436279296875,45.00786590576172,45.23133850097656,2285826
2014-02-24,31.237987518310547,45.59783935546875,45.77661895751953,45.14194869995117,45.63359451293945,1430249
2014-02-25,30.98077392578125,45.2224006652832,45.812374114990234,45.1866455078125,45.705108642578125,1158183
2014-02-26,30.619468688964844,44.69499969482422,45.59783935546875,44.62348937988281,45.401180267333984,2432151
2014-02-27,30.49698257446289,44.51622009277344,44.748634338378906,44.31956100463867,44.62348937988281,2265578
2014-02-28,31.26858901977539,45.64253234863281,45.6961669921875,44.37319564819336,44.61454772949219,1723795
2014-03-03,29.59678077697754,43.202186584472656,44.248050689697266,42.96977233886719,43.96200180053711,4232129
2014-03-04,29.774375915527344,43.46141815185547,43.5776252746582,42.89826202392578,43.5776252746582,2758138
2014-03-05,29.357934951782227,42.85356521606445,43.60444259643555,42.81781005859375,43.60444259643555,2272402
2014-03-06,29.951969146728516,43.72064971923828,43.95306396484375,43.00552749633789,43.09491729736328,2641794
2014-03-07,30.58884048461914,44.650306701660156,44.7128791809082,43.738525390625,43.926246643066406,2318828
2014-03-10,30.668466567993164,44.76651382446289,45.12407302856445,44.51622009277344,44.659244537353516,1456874
2014-03-11,30.71133041381836,44.82908630371094,45.159828186035156,44.69499969482422,44.9095344543457,1193646
2014-03-12,30.82154655456543,44.989986419677734,45.079376220703125,44.265926361083984,44.578792572021484,1292874
2014-03-13,30.01320457458496,43.81003952026367,45.293914794921875,43.434600830078125,45.168766021728516,3150800
2014-03-14,30.141803741455078,43.99775695800781,44.346378326416016,43.71171188354492,43.71171188354492,1379685
2014-03-17,30.435741424560547,44.42683029174805,44.78438949584961,44.0513916015625,44.27486801147461,1108961
2014-03-18,30.294904708862305,44.22123336791992,44.560916900634766,44.176536560058594,44.42683029174805,780848
2014-03-19,30.056066513061523,43.87261199951172,44.480464935302734,43.58656311035156,44.23017120361328,1083119
2014-03-20,30.190799713134766,44.069271087646484,44.391075134277344,43.68489456176758,43.845794677734375,1492673
2014-03-21,31.023639678955078,45.28497314453125,45.5352668762207,44.265926361083984,44.69499969482422,3197561
2014-03-24,31.035884857177734,45.302852630615234,45.490570068359375,44.44470977783203,45.36542510986328,2699631
2014-03-25,31.054264068603516,45.32966995239258,45.54420471191406,44.95423126220703,45.51738739013672,1647835
2014-03-26,31.115503311157227,45.41905975341797,45.579959869384766,45.302852630615234,45.36542510986328,1319723
2014-03-27,30.73581886291504,44.86484146118164,45.51738739013672,44.69499969482422,45.43693542480469,1291420
2014-03-28,30.999155044555664,45.24921798706055,45.43693542480469,44.79332733154297,44.981048583984375,829176
2014-03-31,31.08488655090332,45.37436294555664,45.579959869384766,45.258155822753906,45.50844955444336,967670
2014-04-01,31.52579689025879,46.01797103881836,46.42916488647461,45.410118103027344,45.54420471191406,2063989
2014-04-02,31.89936065673828,46.56325149536133,46.59900665283203,45.95539855957031,46.08948516845703,1139165
2014-04-03,31.825883865356445,46.45598220825195,46.66157913208008,46.17887496948242,46.59900665283203,854346
2014-04-04,31.378829956054688,45.803436279296875,46.92974853515625,45.74980163574219,46.4827995300293,1036469
2014-04-07,30.90728759765625,45.11513137817383,45.84812927246094,45.02574157714844,45.6961669921875,1139389
2014-04-08,30.752511978149414,44.4000129699707,44.79332733154297,44.256988525390625,44.59667205810547,1224410
2014-04-09,31.136369705200195,44.95423126220703,44.96316909790039,44.265926361083984,44.49834060668945,819107
2014-04-10,30.60390853881836,44.18547821044922,45.65147399902344,44.18547821044922,44.96316909790039,1288064
2014-04-11,30.00334930419922,43.31839370727539,44.22123336791992,43.300514221191406,43.979881286621094,1530261
2014-04-14,30.535810470581055,44.0871467590332,44.38213348388672,43.41672134399414,43.49717330932617,1486632
2014-04-15,29.966201782226562,43.2647590637207,44.31062316894531,43.1932487487793,44.0871467590332,1970355
2014-04-16,30.42435646057129,43.926246643066406,43.935184478759766,43.14855194091797,43.7027702331543,1440541
2014-04-17,30.009536743164062,43.32733154296875,44.12290573120117,43.13067626953125,44.0156364440918,1645822
2014-04-21,29.836181640625,43.07704162597656,43.32733154296875,42.7552375793457,43.32733154296875,1153820
2014-04-22,30.876331329345703,44.578792572021484,44.82014465332031,43.014469146728516,43.1932487487793,3067122
2014-04-23,31.142562866210938,44.96316909790039,45.45481491088867,44.14971923828125,44.355316162109375,1952567
2014-04-24,31.02492332458496,44.79332733154297,45.19558334350586,44.677120208740234,45.1866455078125,987918
2014-04-25,30.907291412353516,44.62348937988281,44.757572174072266,44.28380584716797,44.587730407714844,952567
2014-04-28,30.87014389038086,44.569854736328125,45.08831787109375,44.13184356689453,44.846961975097656,759593
2014-04-29,31.086843490600586,44.88271713256836,44.92741394042969,44.435768127441406,44.846961975097656,976731
2014-04-30,30.77727699279785,44.435768127441406,44.73969650268555,44.30168533325195,44.68606185913086,1116680
2014-05-01,30.727731704711914,44.3642578125,44.5251579284668,44.21229553222656,44.44470977783203,814633
2014-05-02,30.752511978149414,44.4000129699707,44.9095344543457,44.346378326416016,44.49834060668945,830070
2014-05-05,30.405776977539062,43.89942932128906,44.37319564819336,43.72064971923828,44.14078140258789,835216
2014-05-06,30.480091094970703,44.00669860839844,44.239112854003906,43.765342712402344,43.82791519165039,792371
2014-05-07,30.461505889892578,43.979881286621094,44.176536560058594,43.836856842041016,44.14078140258789,1489876
2014-05-08,30.572959899902344,44.14078140258789,44.47152328491211,43.97093963623047,43.99775695800781,885558
2014-05-09,30.789661407470703,44.45364761352539,44.53409957885742,44.0156364440918,44.14078140258789,1221949
2014-05-12,31.32831382751465,45.23133850097656,45.311790466308594,44.68606185913086,44.7128791809082,1173621
2014-05-13,31.489280700683594,45.46375274658203,45.58890151977539,45.1866455078125,45.24921798706055,1097214
2014-05-14,31.24781036376953,45.11513137817383,45.579959869384766,44.846961975097656,45.410118103027344,977626
2014-05-15,31.384023666381836,45.311790466308594,45.410118103027344,44.677120208740234,44.96316909790039,2392885
2014-05-16,30.021923065185547,43.345211029052734,44.346378326416016,43.157493591308594,44.176536560058594,5299362
2014-05-19,30.32529067993164,43.78322219848633,43.86367416381836,43.00552749633789,43.246883392333984,2773912
2014-05-20,29.706157684326172,42.889320373535156,43.80110168457031,42.835689544677734,43.515052795410156,2359436
2014-05-21,30.145755767822266,43.523990631103516,43.64913558959961,42.90719985961914,42.98765182495117,1549614
2014-05-22,30.653438568115234,44.256988525390625,44.435768127441406,43.27370071411133,43.48823547363281,1211545
2014-05-23,30.67820930480957,44.29274368286133,44.51622009277344,44.14078140258789,44.19441604614258,1036246
2014-05-27,30.802038192749023,44.47152328491211,44.73075485229492,44.31956100463867,44.435768127441406,1293210
2014-05-28,31.068273544311523,44.85590362548828,45.09725570678711,44.391075134277344,44.489402770996094,728829
2014-05-29,30.882524490356445,44.587730407714844,45.10619354248047,44.489402770996094,45.10619354248047,759033
2014-05-30,31.031116485595703,44.802268981933594,44.8380241394043,44.337440490722656,44.51622009277344,960958
2014-06-02,31.353065490722656,45.26709747314453,45.311790466308594,44.62348937988281,44.8380241394043,1015102
2014-06-03,31.10541343688965,44.9095344543457,45.08831787109375,44.480464935302734,45.08831787109375,1163665
2014-06-04,31.012529373168945,44.77545166015625,44.873779296875,44.50728225708008,44.802268981933594,934445
2014-06-05,31.396408081054688,45.32966995239258,45.5352668762207,44.61454772949219,44.846961975097656,783421
2014-06-06,31.631668090820312,45.669349670410156,45.76768112182617,45.27603530883789,45.410118103027344,745050
2014-06-09,31.520235061645508,45.50844955444336,45.77661895751953,45.41905975341797,45.64253234863281,858597
2014-06-10,31.179706573486328,45.01680374145508,45.50844955444336,44.61454772949219,45.401180267333984,1107506
2014-06-11,31.19828987121582,45.04362106323242,45.13301086425781,44.78438949584961,44.95423126220703,631614
2014-06-12,30.54199981689453,44.09608840942383,44.998924255371094,43.80110168457031,44.873779296875,1443674
2014-06-13,30.758697509765625,44.40895080566406,44.50728225708008,43.926246643066406,44.09608840942383,801879
2014-06-16,30.93205451965332,44.659244537353516,44.82014465332031,44.22123336791992,44.28380584716797,856695
2014-06-17,30.702978134155273,44.3285026550293,44.64136505126953,44.158660888671875,44.560916900634766,858485
2014-06-18,30.7834529876709,44.44470977783203,44.489402770996094,43.86367416381836,44.11396408081055,824365
2014-06-19,30.659643173217773,44.265926361083984,44.846961975097656,44.06032943725586,44.59667205810547,1619309
2014-06-20,29.45851707458496,42.531761169433594,43.38096618652344,42.26359176635742,42.48706817626953,6297796
2014-06-23,29.56995964050293,42.692665100097656,42.710540771484375,41.59316635131836,42.3708610534668,2680277
2014-06-24,28.957014083862305,41.807701110839844,42.48706817626953,41.75407028198242,42.48706817626953,1622441
2014-06-25,28.83317756652832,41.62892150878906,41.75407028198242,41.53953170776367,41.73619079589844,2596264
2014-06-26,29.03130531311035,41.91497039794922,41.99542236328125,41.387569427490234,41.6199836730957,1781743
2014-06-27,28.88890266418457,41.709373474121094,41.95966720581055,41.584228515625,41.807701110839844,2558452
2014-06-30,28.647445678710938,41.36075210571289,41.807701110839844,41.21772766113281,41.691497802734375,1922922
2014-07-01,28.61649513244629,41.31605911254883,41.691497802734375,41.2713623046875,41.5484733581543,2289070
2014-07-02,28.641250610351562,41.35181427001953,41.43226623535156,41.16409683227539,41.20878982543945,1347914
2014-07-03,28.678403854370117,41.40544891357422,41.557411193847656,41.36075210571289,41.387569427490234,591006
2014-07-07,28.548381805419922,41.21772766113281,41.40544891357422,40.94062042236328,41.36075210571289,1911735
2014-07-08,28.416793823242188,40.53836441040039,40.743961334228516,40.4132194519043,40.67245101928711,1843047
2014-07-09,28.592243194580078,40.788658142089844,40.94955825805664,40.51154708862305,40.61881637573242,2441436
2014-07-10,28.047086715698242,40.010963439941406,40.53836441040039,39.921573638916016,40.36852264404297,2207741
2014-07-11,27.846576690673828,39.72491455078125,39.98414611816406,39.510379791259766,39.98414611816406,1998322
2014-07-14,27.802709579467773,39.6623420715332,39.930511474609375,39.56401443481445,39.85006332397461,1833874
2014-07-15,27.620981216430664,39.40311050415039,39.76067352294922,39.000858306884766,39.63552474975586,2757803
2014-07-16,27.501943588256836,39.233272552490234,39.56401443481445,39.143882751464844,39.44780731201172,1867882
2014-07-17,27.420480728149414,39.1170654296875,39.25114822387695,38.93828582763672,39.108123779296875,1836223
2014-07-18,27.808979034423828,39.67128372192383,39.88581848144531,39.108123779296875,39.13494110107422,1795279
2014-07-21,27.58340072631836,39.34947967529297,39.63552474975586,39.12600326538086,39.53719711303711,2029869
2014-07-22,27.70872688293457,39.52825927734375,39.733856201171875,39.38523483276367,39.58189010620117,1522989
2014-07-23,27.87790870666504,39.76961135864258,39.841121673583984,39.340538024902344,39.519317626953125,1937465
2014-07-24,28.379188537597656,40.4847297668457,40.59199905395508,39.555076599121094,39.742794036865234,2191744
2014-07-25,27.984432220458984,39.921573638916016,40.52048873901367,39.89475631713867,40.448974609375,1115449
2014-07-28,28.1473445892334,40.153987884521484,40.323829650878906,39.81430435180664,39.89475631713867,1471641
2014-07-29,29.375505447387695,41.90603256225586,42.00436019897461,41.244544982910156,41.396507263183594,4662378
2014-07-30,29.01833152770996,41.396507263183594,42.00436019897461,41.20878982543945,41.8970947265625,2143752
2014-07-31,29.29405403137207,41.789825439453125,41.92390823364258,41.396507263183594,41.780887603759766,3457546
2014-08-01,29.23764991760254,41.709373474121094,42.00436019897461,41.40544891357422,41.71831130981445,1840251
2014-08-04,29.98957633972168,42.78205490112305,42.85356521606445,41.71831130981445,41.780887603759766,3196219
2014-08-05,29.632413864135742,42.27252960205078,43.2647590637207,42.201019287109375,42.55857849121094,2073163
2014-08-06,29.400571823120117,41.94178771972656,42.379798889160156,41.888153076171875,41.8970947265625,1946079
2014-08-07,29.319120407104492,41.82558059692383,42.39767837524414,41.71831130981445,42.26359176635742,4234366
2014-08-08,29.58228874206543,42.201019287109375,42.299346923828125,41.75407028198242,41.75407028198242,1829511
2014-08-11,29.356704711914062,41.879215240478516,42.299346923828125,41.75407028198242,42.23677444458008,1956818
2014-08-12,29.049667358398438,41.44120407104492,41.72725296020508,41.199851989746094,41.41438674926758,1872021
2014-08-13,29.319120407104492,41.82558059692383,41.90603256225586,41.26242446899414,41.459083557128906,1516389
2014-08-14,29.50709342956543,42.09375,42.388736724853516,41.798763275146484,41.85239791870117,988701
2014-08-15,29.055931091308594,41.45014190673828,42.25465393066406,41.146217346191406,42.21889877319336,1465265
2014-08-18,29.58228874206543,42.201019287109375,42.24571228027344,41.71831130981445,41.73619079589844,1432822
2014-08-19,29.782791137695312,42.48706817626953,42.65690612792969,42.26359176635742,42.34404373168945,828952
2014-08-20,29.720142364501953,42.39767837524414,42.889320373535156,42.25465393066406,42.379798889160156,1884886
2014-08-21,29.732669830322266,42.41555404663086,42.58539581298828,42.335105895996094,42.46918869018555,1165231
2014-08-22,29.8078670501709,42.522823333740234,42.64796829223633,42.39767837524414,42.49600601196289,1643472
2014-08-25,29.795333862304688,42.50494384765625,42.82674789428711,42.335105895996094,42.701602935791016,960846
2014-08-26,29.832931518554688,42.55857849121094,42.7552375793457,42.35298156738281,42.388736724853516,1346459
2014-08-27,29.732669830322266,42.41555404663086,42.710540771484375,42.388736724853516,42.68372344970703,1236827
2014-08-28,29.544689178466797,42.14738464355469,42.49600601196289,41.9328498840332,42.1295051574707,1065667
2014-08-29,29.651214599609375,42.299346923828125,42.478126525878906,42.022239685058594,42.120567321777344,1481374
2014-09-02,29.92066192626953,42.68372344970703,43.738525390625,42.290409088134766,42.290409088134766,2546817
2014-09-03,29.82667350769043,42.54964065551758,42.90719985961914,42.3708610534668,42.87144470214844,959056
2014-09-04,29.970779418945312,42.7552375793457,42.98765182495117,42.45130920410156,42.46918869018555,1785994
2014-09-05,30.12116241455078,42.96977233886719,42.97871017456055,42.54070281982422,42.73735809326172,1253272
2014-09-08,30.096107482910156,42.934017181396484,43.47929763793945,42.73735809326172,42.77311325073242,2708692
2014-09-09,29.939456939697266,42.710540771484375,43.032344818115234,42.55857849121094,42.934017181396484,1198904
2014-09-10,29.933195114135742,42.701602935791016,42.799930572509766,42.30828857421875,42.65690612792969,1157065
2014-09-11,30.25901985168457,43.16643142700195,43.22900390625,42.50494384765625,42.701602935791016,2123839
2014-09-12,29.814138412475586,42.531761169433594,44.18547821044922,42.26359176635742,43.765342712402344,4020248
2014-09-15,31.292936325073242,44.64136505126953,44.650306701660156,42.746299743652344,42.96083450317383,4474885
2014-09-16,31.04229736328125,44.28380584716797,44.668182373046875,44.14971923828125,44.54303741455078,1957154
2014-09-17,31.198945999145508,44.50728225708008,44.68606185913086,44.248050689697266,44.256988525390625,1905694
2014-09-18,31.549840927124023,45.00786590576172,45.04362106323242,44.18547821044922,44.49834060668945,1838573
2014-09-19,32.07618713378906,45.75873947143555,45.901763916015625,45.3475456237793,45.37436294555664,2905918
2014-09-22,31.625036239624023,45.11513137817383,45.74086380004883,45.02574157714844,45.56208419799805,1534847
2014-09-23,31.549840927124023,45.00786590576172,45.24921798706055,44.73969650268555,45.17770767211914,2228437
2014-09-24,32.414581298828125,46.24144744873047,46.312957763671875,45.08831787109375,45.10619354248047,2863967
2014-09-25,32.132598876953125,45.83919143676758,46.23250961303711,45.77661895751953,46.080543518066406,1375657
2014-09-26,32.52109909057617,46.393409729003906,46.58112716674805,45.74086380004883,45.794498443603516,1786441
2014-09-29,32.58374786376953,46.4827995300293,46.58112716674805,45.982215881347656,46.134178161621094,1884886
2014-09-30,32.2453727722168,46.00009536743164,46.60794448852539,45.812374114990234,46.50961685180664,1917105
2014-10-01,31.925819396972656,45.54420471191406,45.982215881347656,45.293914794921875,45.87494659423828,2402953
2014-10-02,32.25791549682617,46.01797103881836,46.393409729003906,45.722984313964844,45.85707092285156,2060521
2014-10-03,32.32682418823242,46.116302490234375,46.47386169433594,46.10736083984375,46.37553024291992,1881419
2014-10-06,31.988460540771484,45.63359451293945,46.223567962646484,45.60677719116211,46.16099548339844,2049223
2014-10-07,31.3743896484375,44.757572174072266,45.5352668762207,44.73969650268555,45.32072830200195,2262445
2014-10-08,31.672168731689453,44.68606185913086,44.78438949584961,44.0156364440918,44.435768127441406,2381363
2014-10-09,31.215999603271484,44.04245376586914,44.95423126220703,43.95306396484375,44.355316162109375,2170041
2014-10-10,30.64579200744629,43.23794174194336,45.159828186035156,43.211124420166016,44.06032943725586,3188052
2014-10-13,29.828481674194336,42.08481216430664,42.925079345703125,42.066932678222656,42.925079345703125,3616512
2014-10-14,30.493732452392578,43.023406982421875,43.47035598754883,42.335105895996094,42.335105895996094,2349256
2014-10-15,30.563425064086914,43.121734619140625,43.345211029052734,41.7451286315918,42.15632247924805,2939814
2014-10-16,30.639453887939453,43.22900390625,43.55974578857422,42.48706817626953,42.5675163269043,2381922
2014-10-17,30.842201232910156,43.515052795410156,43.98881912231445,43.1932487487793,43.47035598754883,1911959
2014-10-20,31.114625930786133,43.89942932128906,43.90836715698242,43.28263854980469,43.45248031616211,1469068
2014-10-21,31.31103515625,44.176536560058594,44.337440490722656,43.47035598754883,43.82791519165039,1388522
2014-10-22,31.3743896484375,44.265926361083984,44.587730407714844,44.167598724365234,44.167598724365234,1316255
2014-10-23,31.868576049804688,44.96316909790039,45.23133850097656,44.5251579284668,44.69499969482422,2250475
2014-10-24,32.34375,45.63359451293945,45.6604118347168,44.93635177612305,44.95423126220703,1992952
2014-10-27,32.57817840576172,45.96433639526367,46.08948516845703,45.60677719116211,45.60677719116211,2633292
2014-10-28,32.96465301513672,46.50961685180664,46.956565856933594,46.09842300415039,46.09842300415039,2721333
2014-10-29,32.27406311035156,45.5352668762207,46.46492385864258,45.08831787109375,46.3576545715332,5176418
2014-10-30,32.426124572753906,45.74980163574219,45.94646072387695,43.72064971923828,45.35648727416992,1503524
2014-10-31,32.806270599365234,46.28614044189453,46.312957763671875,45.991153717041016,46.27720260620117,1561360
2014-11-03,32.932987213134766,46.46492385864258,46.56325149536133,46.035850524902344,46.312957763671875,1353171
2014-11-04,33.40815353393555,47.135345458984375,47.1800422668457,46.47386169433594,46.4827995300293,1407540
2014-11-05,33.3828010559082,47.09959030151367,47.51972579956055,46.97444534301758,47.33200454711914,1457546
2014-11-06,33.642581939697266,47.46609115600586,47.582298278808594,46.87611770629883,46.92974853515625,1419174
2014-11-07,33.89600372314453,47.82365036010742,48.10075759887695,47.46609115600586,47.73426055908203,1673565
2014-11-10,34.40919876098633,48.54771041870117,48.55664825439453,47.582298278808594,47.74319839477539,2144759
2014-11-11,35.30252456665039,49.808109283447266,49.915374755859375,49.03041458129883,49.03041458129883,4221278
2014-11-12,35.708011627197266,50.38020324707031,50.648372650146484,49.6472053527832,49.682960510253906,2678376
2014-11-13,35.670005798339844,50.326568603515625,50.818214416503906,50.07627868652344,50.52322769165039,2027855
2014-11-14,35.41658020019531,49.96900939941406,50.66625213623047,49.906436920166016,50.33551025390625,1559347
2014-11-17,35.11878967285156,49.54887771606445,50.03158187866211,49.54887771606445,49.93325424194336,1431368
2014-11-18,35.207489013671875,49.67402267456055,49.78129196166992,49.45054626464844,49.539939880371094,1756908
2014-11-19,35.232826232910156,49.70977783203125,49.96900939941406,49.52206039428711,49.53099822998047,1356304
2014-11-20,35.34687423706055,49.87068176269531,50.138851165771484,49.486305236816406,49.486305236816406,1339076
2014-11-21,35.38489532470703,49.92431640625,50.37126541137695,49.88855743408203,50.308692932128906,1197785
2014-11-24,35.708011627197266,50.38020324707031,50.42490005493164,49.915374755859375,50.05839920043945,1668307
2014-11-25,34.840023040771484,49.15555953979492,50.639434814453125,49.12874221801758,50.38914489746094,3375881
2014-11-26,35.3912239074707,49.93325424194336,49.96900939941406,49.15555953979492,49.227073669433594,1025059
2014-11-28,36.10716247558594,50.943359375,51.140018463134766,50.21036148071289,50.26399612426758,763844
2014-12-01,36.44295120239258,51.41712951660156,51.80150604248047,50.773521423339844,50.85396957397461,2227542
2014-12-02,36.44928741455078,51.42606735229492,52.06967544555664,51.363494873046875,51.65848159790039,1294440
2014-12-03,36.81675338745117,51.94453048706055,52.105430603027344,51.10426330566406,51.19365310668945,2035463
2014-12-04,36.65203857421875,51.71211624145508,52.15012741088867,51.61378479003906,51.98922348022461,1169035
2014-12-05,37.0765380859375,52.31102752685547,52.33784484863281,51.783626556396484,51.783626556396484,831972
2014-12-08,37.10819625854492,52.3557243347168,52.65071105957031,51.98028564453125,52.24845504760742,1437857
2014-12-09,36.683712005615234,51.75680923461914,52.105430603027344,51.43500518798828,51.765750885009766,1430809
2014-12-10,36.43027877807617,51.39925003051758,52.56132125854492,51.372432708740234,51.61378479003906,1413581
2014-12-11,36.63935089111328,51.694236755371094,52.16800308227539,51.595909118652344,51.7299919128418,1830854
2014-12-12,36.354251861572266,51.2919807434082,52.105430603027344,51.11320114135742,51.470760345458984,2037588
2014-12-15,36.240211486816406,51.131080627441406,52.62389373779297,51.02381134033203,51.98922348022461,2864526
2014-12-16,35.422908782958984,49.97794723510742,51.041690826416016,49.897499084472656,50.93442153930664,2522654
2014-12-17,36.16417694091797,51.02381134033203,52.15012741088867,50.01370620727539,51.7299919128418,5711377
2014-12-18,36.56966018676758,51.595909118652344,51.6048469543457,51.07744598388672,51.39925003051758,2157512
2014-12-19,36.347923278808594,51.283042907714844,51.83726119995117,51.21153259277344,51.70317459106445,3003132
2014-12-22,37.146217346191406,52.40935516357422,52.498748779296875,51.443946838378906,51.443946838378906,1336727
2014-12-23,37.0701904296875,52.30208969116211,52.73115921020508,52.24845504760742,52.53450393676758,680277
2014-12-24,37.01316452026367,52.22163772583008,52.5523796081543,52.15906524658203,52.3557243347168,354178
2014-12-26,37.00049591064453,52.203758239746094,52.677528381347656,52.06967544555664,52.24845504760742,482940
2014-12-29,37.28559494018555,52.606014251708984,52.7401008605957,51.9177131652832,52.06967544555664,687885
2014-12-30,37.24759292602539,52.5523796081543,52.96357345581055,52.418296813964844,52.462989807128906,676586
2014-12-31,37.146217346191406,52.40935516357422,53.26750183105469,52.38254165649414,52.84736633300781,848193
2015-01-02,37.01316452026367,52.22163772583008,53.15129470825195,51.962406158447266,52.7401008605957,1155946
2015-01-05,36.74073791503906,51.83726119995117,52.31102752685547,51.65848159790039,52.096492767333984,1046314
2015-01-06,36.86744689941406,52.01604080200195,52.98145294189453,51.443946838378906,52.686466217041016,1693142
2015-01-07,38.498470306396484,53.80384063720703,53.84853744506836,51.51545715332031,51.873016357421875,3014207
2015-01-08,39.10608673095703,54.653045654296875,54.6977424621582,54.009437561035156,54.331241607666016,2009956
2015-01-09,38.30659103393555,53.53567123413086,54.95697021484375,53.45521926879883,54.59047317504883,1727151
2015-01-12,38.27459716796875,53.49097442626953,53.99156188964844,53.2496223449707,53.696571350097656,1621882
2015-01-13,37.8972282409668,52.96357345581055,54.08095169067383,52.48086929321289,53.90216827392578,2081217
2015-01-14,37.916419982910156,52.99039077758789,53.097660064697266,52.40935516357422,53.02614974975586,1657009
2015-01-15,37.59661102294922,52.54344177246094,53.285377502441406,52.4272346496582,53.03508758544922,2003020
2015-01-16,37.8012809753418,52.829490661621094,52.97251510620117,51.855140686035156,52.418296813964844,2738673
2015-01-20,37.8972282409668,52.96357345581055,53.22280502319336,52.63283157348633,53.1781120300293,1390424
2015-01-21,38.14666748046875,53.31219482421875,53.34795379638672,52.704345703125,52.75797653198242,1249133
2015-01-22,38.97818374633789,54.474266052246094,54.53683853149414,53.39264678955078,53.61612319946289,1820673
2015-01-23,39.157291412353516,54.72455978393555,54.92121505737305,54.420631408691406,54.51896286010742,971026
2015-01-26,39.76490783691406,55.57376480102539,55.7167854309082,54.733497619628906,54.742435455322266,1577246
2015-01-27,39.27879333496094,54.8943977355957,55.62739562988281,54.79607009887695,55.1357536315918,1195771
2015-01-28,38.83745574951172,54.27760696411133,55.50225067138672,54.232913970947266,54.99272918701172,1091621
2015-01-29,39.79689025878906,55.61845779418945,55.62739562988281,53.928985595703125,54.5457763671875,1527128
2015-01-30,39.25960922241211,54.86758041381836,55.34135055541992,54.5100212097168,55.11787414550781,3425327
2015-02-02,38.38972854614258,53.651878356933594,54.858642578125,52.927818298339844,54.79607009887695,1808032
2015-02-03,38.8630485534668,54.31336212158203,54.36699676513672,53.27643966674805,53.76808547973633,1089048
2015-02-04,38.7990837097168,54.22397232055664,54.81394958496094,54.02731704711914,54.152462005615234,1654771
2015-02-05,39.003753662109375,54.5100212097168,54.876522064208984,54.17927932739258,54.45638656616211,757803
2015-02-06,38.79269790649414,54.21503448486328,54.84970474243164,54.009437561035156,54.50108337402344,633180
2015-02-09,38.485679626464844,53.78596115112305,54.12564468383789,53.53567123413086,53.77702331542969,981653
2015-02-10,39.04853439331055,54.572593688964844,54.742435455322266,53.11553955078125,54.143524169921875,871350
2015-02-11,38.89502716064453,54.35805892944336,54.858642578125,54.04519271850586,54.63516616821289,677033
2015-02-12,39.27879333496094,54.8943977355957,54.93015670776367,53.57142639160156,54.13458251953125,1204385
2015-02-13,39.477081298828125,55.1715087890625,55.2072639465332,54.250789642333984,54.68880081176758,750755
2015-02-17,39.30438995361328,54.93015670776367,55.198326110839844,54.6977424621582,54.983787536621094,1112652
2015-02-18,39.76490783691406,55.57376480102539,55.698909759521484,54.858642578125,54.93015670776367,1695604
2015-02-19,39.86083984375,55.707847595214844,56.00283432006836,55.43074035644531,55.57376480102539,1291420
2015-02-20,39.79049301147461,55.609519958496094,55.85980987548828,55.457557678222656,55.68996810913086,1115785
2015-02-23,40.03353500366211,55.94919967651367,56.03858947753906,55.62739562988281,55.779361724853516,789126
2015-02-24,40.634788513183594,56.789466857910156,56.923553466796875,55.707847595214844,56.101165771484375,1425103
2015-02-25,41.14007568359375,57.49564743041992,57.64760971069336,56.71795654296875,56.76264953613281,1143193
2015-02-26,41.17845153808594,57.54928207397461,57.656551361083984,57.254295349121094,57.567161560058594,987471
2015-02-27,40.935401916503906,57.209598541259766,57.70124435424805,57.14702606201172,57.59397888183594,1244546
2015-03-02,41.17845153808594,57.54928207397461,57.9872932434082,57.102333068847656,57.245357513427734,1042622
2015-03-03,40.86504364013672,57.111270904541016,57.45095443725586,56.789466857910156,57.40625762939453,621434
2015-03-04,40.22544479370117,56.21737289428711,56.95037078857422,56.18161392211914,56.71795654296875,1058731
2015-03-05,41.069725036621094,57.39731979370117,57.69230651855469,56.25312805175781,56.25312805175781,1216132
2015-03-06,40.110294342041016,56.05646896362305,57.209598541259766,55.91344451904297,57.06657409667969,1394228
2015-03-09,40.52604675292969,56.63750457763672,56.834163665771484,56.065406799316406,56.13692092895508,728605
2015-03-10,39.956790924072266,55.84193420410156,56.48554229736328,55.609519958496094,56.387210845947266,1361562
2015-03-11,39.477081298828125,55.1715087890625,55.967079162597656,55.144691467285156,55.84193420410156,1137487
2015-03-12,40.634788513183594,56.789466857910156,56.932491302490234,55.394981384277344,55.51118850708008,1535295
2015-03-13,40.35974884033203,56.40509033203125,57.200660705566406,56.17267608642578,56.86097717285156,1174628
2015-03-16,41.5174560546875,58.023048400878906,58.067745208740234,56.789466857910156,56.798404693603516,1960286
2015-03-17,41.907623291015625,58.568328857421875,58.63983917236328,57.68336868286133,58.023048400878906,1707462
2015-03-18,41.69654083251953,58.27334213256836,58.77392578125,57.763816833496094,58.568328857421875,2259201
2015-03-19,41.49187469482422,57.9872932434082,58.77392578125,57.978355407714844,58.27334213256836,2118246
2015-03-20,42.694332122802734,59.667823791503906,60.55278778076172,58.62196350097656,60.23098373413086,6909610
2015-03-23,44.27418518066406,61.87575912475586,62.573001861572266,60.32931137084961,60.56172561645508,4187381
2015-03-24,44.600399017333984,62.33164596557617,62.912681579589844,61.7506103515625,61.7506103515625,2532274
2015-03-25,43.947994232177734,61.41986846923828,62.573001861572266,61.38411331176758,62.38528060913086,2721222
2015-03-26,43.66016387939453,61.01761245727539,61.41093063354492,60.36506652832031,61.07124710083008,2009733
2015-03-27,44.16546630859375,61.72379684448242,61.97408676147461,60.86565017700195,61.17851638793945,1753664
2015-03-30,44.40212631225586,62.05453872680664,62.51042556762695,61.848941802978516,61.98302459716797,1280904
2015-03-31,44.3509407043457,61.98302459716797,62.78753662109375,61.956207275390625,62.07241439819336,2235597
2015-04-01,43.15485763549805,60.311431884765625,61.84000015258789,60.213104248046875,61.79530715942383,2044077
2015-04-02,43.14208221435547,60.293556213378906,60.803077697753906,60.1415901184082,60.69580841064453,2214901
2015-04-06,42.56641387939453,59.489044189453125,60.32931137084961,59.399654388427734,60.034324645996094,1523660
2015-04-07,42.38093185424805,59.22981262207031,59.65888595581055,59.00634002685547,59.623130798339844,2776373
2015-04-08,43.52899169921875,60.32931137084961,60.36506652832031,58.91695022583008,58.9348258972168,1804117
2015-04-09,43.329044342041016,60.05220031738281,60.347190856933594,59.41753387451172,60.08795928955078,2501398
2015-04-10,44.36098861694336,61.48244094848633,61.991966247558594,60.418701171875,60.436580657958984,2473319
2015-04-13,44.24489974975586,61.32154083251953,62.07241439819336,61.10700225830078,61.10700225830078,1461125
2015-04-14,43.793418884277344,60.69580841064453,61.33047866821289,60.58854293823242,61.223209381103516,1535295
2015-04-15,43.24518585205078,59.93599319458008,61.05337142944336,59.92705535888672,60.78519821166992,1325204
2015-04-16,42.84532165527344,59.381778717041016,60.19522476196289,59.211936950683594,59.900238037109375,1469180
2015-04-17,41.88431167602539,58.04986572265625,59.05103302001953,58.01411056518555,58.96164321899414,1869896
2015-04-20,42.06489562988281,58.3001594543457,58.54151153564453,58.1124382019043,58.38060760498047,1542231
2015-04-21,42.11004638671875,58.36273193359375,58.577266693115234,57.79063415527344,58.3001594543457,1515830
2015-04-22,42.051998138427734,58.28227996826172,58.46999740600586,57.96047592163086,58.36273193359375,1202148
2015-04-23,42.4454345703125,58.82756042480469,58.997398376464844,58.031986236572266,58.53257369995117,1953350
2015-04-24,43.21938705444336,59.900238037109375,60.06114196777344,58.648780822753906,59.059974670410156,1414588
2015-04-27,42.529273986816406,58.94376754760742,60.025386810302734,58.86331558227539,59.900238037109375,1366372
2015-04-28,42.806617736816406,59.32814407348633,59.33708190917969,58.55044937133789,58.800743103027344,1060186
2015-04-29,41.55537414550781,57.59397888183594,58.78286361694336,57.54928207397461,58.77392578125,1996868
2015-04-30,41.12969207763672,57.00400161743164,57.763816833496094,56.76264953613281,57.3258056640625,1651639
2015-05-01,41.27158737182617,57.200660705566406,57.638671875,57.09339141845703,57.36156463623047,1244882
2015-05-04,40.74916458129883,56.476600646972656,57.513526916503906,56.422969818115234,57.21854019165039,1262110
2015-05-05,39.82684326171875,55.198326110839844,56.4676628112793,55.1715087890625,56.431907653808594,1702428
2015-05-06,39.75591278076172,55.09999465942383,55.654212951660156,54.80500793457031,55.34135055541992,1551180
2015-05-07,40.67821502685547,56.378273010253906,56.64644241333008,55.11787414550781,55.26089859008789,1762166
2015-05-08,41.25224304199219,57.17384338378906,57.942596435546875,56.843101501464844,56.843101501464844,1343103
2015-05-11,41.381229400634766,57.352622985839844,57.79063415527344,57.030818939208984,57.05763626098633,1445911
2015-05-12,41.0716552734375,56.923553466796875,57.18278121948242,56.208431243896484,56.89673614501953,952567
2015-05-13,40.478275299072266,56.101165771484375,57.30792999267578,56.01177215576172,56.96824645996094,1639445
2015-05-14,40.884605407714844,56.66432189941406,56.798404693603516,55.92238235473633,56.431907653808594,1059291
2015-05-15,41.232879638671875,57.14702606201172,57.18278121948242,56.744773864746094,56.86991882324219,735541
2015-05-18,41.323184967041016,57.27217483520508,57.39731979370117,56.798404693603516,57.021881103515625,686430
2015-05-19,42.00685501098633,58.21970748901367,58.4610595703125,57.120208740234375,57.39731979370117,1316926
2015-05-20,41.52312088012695,57.54928207397461,58.13925552368164,57.45095443725586,58.13925552368164,815527
2015-05-21,41.64567565917969,57.71912384033203,57.80851364135742,57.26323318481445,57.352622985839844,910616
2015-05-22,41.76177215576172,57.88002395629883,58.023048400878906,57.54928207397461,57.844268798828125,821457
2015-05-26,41.39413070678711,57.37050247192383,57.9515380859375,57.030818939208984,57.835330963134766,893612
2015-05-27,41.87141418457031,58.031986236572266,58.55044937133789,57.72806167602539,57.79957580566406,1700973
2015-05-28,41.88431167602539,58.04986572265625,58.63983917236328,57.853206634521484,58.031986236572266,2224857
2015-05-29,42.27128601074219,58.586204528808594,58.78286361694336,57.79063415527344,58.3001594543457,4024499
2015-06-01,42.438987731933594,58.81861877441406,59.03315734863281,58.148193359375,58.586204528808594,868889
2015-06-02,41.961708068847656,58.157135009765625,58.86331558227539,58.1124382019043,58.68453598022461,1125517
2015-06-03,42.129398345947266,58.389549255371094,58.4968147277832,57.88002395629883,58.30909729003906,886453
2015-06-04,41.529571533203125,57.55821990966797,58.344852447509766,57.40625762939453,58.255462646484375,1444345
2015-06-05,41.81979751586914,57.96047592163086,57.99623107910156,56.923553466796875,57.39731979370117,782079
2015-06-08,42.187442779541016,58.46999740600586,58.586204528808594,57.68336868286133,57.942596435546875,978074
2015-06-09,41.92945098876953,58.1124382019043,58.434242248535156,57.88896560668945,58.27334213256836,1067010
2015-06-10,43.18069839477539,59.84660339355469,59.99856948852539,58.023048400878906,58.13031768798828,1673118
2015-06-11,43.24518585205078,59.93599319458008,60.436580657958984,59.74827575683594,59.97175216674805,1116232
2015-06-12,43.92885208129883,60.88352966308594,61.17851638793945,60.06114196777344,60.66899490356445,1709811
2015-06-15,43.9417610168457,60.901405334472656,60.96398162841797,59.73933792114258,60.490211486816406,1205056
2015-06-16,43.819217681884766,60.7315673828125,61.214271545410156,60.59748077392578,60.937164306640625,909162
2015-06-17,44.025604248046875,61.01761245727539,61.08912658691406,60.60641860961914,60.66899490356445,954357
2015-06-18,44.6060791015625,61.82212448120117,62.036659240722656,61.267906188964844,61.46456527709961,1104598
2015-06-19,44.41904067993164,61.56289291381836,62.04560089111328,61.33047866821289,61.670162200927734,1443338
2015-06-22,44.74796676635742,62.01878356933594,62.12604904174805,61.57183074951172,62.00090408325195,1712384
2015-06-23,44.75444030761719,62.0277214050293,65.61225891113281,62.00090408325195,65.29045867919922,8489652
2015-06-24,45.68962860107422,63.323875427246094,63.94066619873047,61.625465393066406,61.857879638671875,4105605
2015-06-25,45.941165924072266,63.6724967956543,64.43231201171875,63.61886215209961,63.949607849121094,1909274
2015-06-26,47.05696487426758,65.21894073486328,65.25469970703125,63.681434631347656,64.00324249267578,3429578
2015-06-29,45.92180633544922,63.64567947387695,64.81668853759766,63.60992431640625,64.46807098388672,2504083
2015-06-30,45.84442138671875,63.53841018676758,64.36080169677734,63.305999755859375,64.30716705322266,2020808
2015-07-01,45.28974914550781,62.769657135009766,64.1462631225586,62.62663269042969,64.08369445800781,2234702
2015-07-02,45.3477897644043,62.8501091003418,63.36857223510742,62.501487731933594,63.1629753112793,1633069
2015-07-06,45.592891693115234,63.18979263305664,63.225547790527344,62.492549896240234,62.77859878540039,1731737
2015-07-07,46.50229263305664,64.45018768310547,64.55745697021484,63.011009216308594,63.35069274902344,1869560
2015-07-08,46.04084396362305,63.323875427246094,63.895973205566406,63.12721633911133,63.52053451538086,1287169
2015-07-09,46.5087890625,63.96748352050781,65.13849639892578,63.895973205566406,64.53958129882812,2144088
2015-07-10,46.89875030517578,64.50382232666016,64.69154357910156,64.0211181640625,64.67366790771484,726368
2015-07-13,47.03523254394531,64.69154357910156,65.23682403564453,64.55745697021484,64.97759246826172,1445911
2015-07-14,47.0157356262207,64.66472625732422,64.82563018798828,64.24459075927734,64.70048522949219,1283253
2015-07-15,46.3983039855957,63.815521240234375,64.7719955444336,63.77976608276367,64.74517822265625,845285
2015-07-16,47.41218566894531,65.21000671386719,65.25469970703125,63.913848876953125,64.0926284790039,1538427
2015-07-17,47.17821502685547,64.88819885253906,65.2278823852539,64.6468505859375,65.18318939208984,843159
2015-07-20,47.41218566894531,65.21000671386719,65.89830780029297,64.89714050292969,64.97759246826172,1171048
2015-07-21,47.45119094848633,65.26364135742188,65.3440933227539,64.58427429199219,65.18318939208984,1131223
2015-07-22,48.47806930541992,66.6760025024414,67.14976501464844,65.27257537841797,65.36196899414062,2735429
2015-07-23,48.66004943847656,66.9262924194336,67.57884216308594,66.5597915649414,67.0425033569336,2104822
2015-07-24,47.490169525146484,65.31727600097656,67.16764831542969,65.1563720703125,67.16764831542969,1916322
2015-07-27,46.996238708496094,64.63790893554688,65.32621002197266,64.4054946899414,65.21000671386719,1348026
2015-07-28,47.07423400878906,64.74517822265625,64.79881286621094,64.16413879394531,64.63790893554688,1229780
2015-07-29,47.561668395996094,65.41560363769531,65.862548828125,64.76305389404297,65.14743041992188,1354850
2015-07-30,47.964630126953125,65.96981811523438,66.19329833984375,64.7183609008789,65.32621002197266,1224857
2015-07-31,47.938629150390625,65.93406677246094,66.62236785888672,65.54969024658203,66.13966369628906,1299810
2015-08-03,48.0361213684082,66.06814575195312,66.11284637451172,65.37984466552734,66.0502700805664,1168028
2015-08-04,48.08811569213867,66.13966369628906,66.1754150390625,65.67483520507812,66.06814575195312,1017563
2015-08-05,48.68605041503906,66.96205139160156,67.48051452636719,66.25586700439453,66.25586700439453,1296901
2015-08-06,46.01485061645508,63.28812026977539,66.88159942626953,62.77859878540039,66.45252227783203,3097774
2015-08-07,46.64527130126953,64.15520477294922,64.22671508789062,62.573001861572266,63.37751007080078,1601633
2015-08-10,46.2163200378418,63.56522750854492,64.87926483154297,63.47583770751953,64.51276397705078,843383
2015-08-11,46.12533187866211,63.44008255004883,63.735069274902344,62.859046936035156,63.12721633911133,1273744
2015-08-12,45.96284866333008,63.21660614013672,63.25236511230469,62.081356048583984,62.87692642211914,1403177
2015-08-13,46.76226806640625,64.31610870361328,64.95077514648438,63.20766830444336,63.2344856262207,946079
2015-08-14,47.03523254394531,64.69154357910156,64.70941925048828,64.06581115722656,64.38761901855469,966215
2015-08-17,47.16521453857422,64.87032318115234,65.09379577636719,64.18202209472656,64.35186004638672,944625
2015-08-18,46.541282653808594,64.01217651367188,65.37091064453125,64.00324249267578,64.97759246826172,1212328
2015-08-19,46.97023391723633,64.6021499633789,65.07592010498047,63.65461730957031,63.77082443237305,1501734
2015-08-20,46.541282653808594,64.01217651367188,65.16531372070312,63.95854568481445,64.42337036132812,1574337
2015-08-21,45.61188507080078,62.73390197753906,63.85127639770508,62.4120979309082,63.52947235107422,1624231
2015-08-24,43.3956413269043,59.68570327758789,62.93949890136719,58.9348258972168,59.93599319458008,3257971
2015-08-25,43.42811965942383,59.73039627075195,61.82212448120117,59.68570327758789,60.78519821166992,2025842
2015-08-26,44.29903793334961,60.92822265625,61.258968353271484,59.399654388427734,61.00867462158203,1841705
2015-08-27,44.74748992919922,61.545013427734375,62.30482864379883,60.722625732421875,61.2410888671875,1934333
2015-08-28,44.877471923828125,61.72379684448242,62.179683685302734,60.97291946411133,61.446685791015625,1246784
2015-08-31,44.20155334472656,60.79413986206055,61.68803787231445,60.758384704589844,61.61652755737305,1024388
2015-09-01,43.59061813354492,59.95387268066406,60.534908294677734,59.61418914794922,59.81978988647461,1798076
2015-09-02,44.818973541259766,61.64334487915039,61.64334487915039,60.525970458984375,60.82095718383789,1883097
2015-09-03,44.9814453125,61.866817474365234,62.260135650634766,61.69697952270508,61.848941802978516,1904128
2015-09-04,44.701988220214844,61.48244094848633,61.938331604003906,60.91034698486328,61.2410888671875,1654100
2015-09-08,45.76786804199219,62.94843673706055,63.01995086669922,61.89363479614258,62.590877532958984,1690122
2015-09-09,44.818973541259766,61.64334487915039,63.484779357910156,61.51819610595703,63.484779357910156,1379125
2015-09-10,45.28044128417969,62.278011322021484,62.599815368652344,61.50032043457031,61.7506103515625,1257971
2015-09-11,45.6508903503418,62.78753662109375,62.814353942871094,61.69697952270508,62.179683685302734,1447477
2015-09-14,45.62489700317383,62.75178146362305,63.38644790649414,62.54618453979492,62.984195709228516,1693254
2015-09-15,45.520896911621094,62.60875701904297,63.1629753112793,62.00984191894531,62.89480209350586,2337062
2015-09-16,45.0594596862793,61.97408676147461,62.814353942871094,60.937164306640625,62.689205169677734,2659358
2015-09-17,45.676883697509766,62.82329177856445,63.806583404541016,61.759552001953125,61.947269439697266,3103815
2015-09-18,45.14394760131836,62.090293884277344,63.002071380615234,61.74167251586914,62.24225616455078,4541112
2015-09-21,45.670387268066406,62.814353942871094,63.10934066772461,62.30482864379883,62.42103576660156,2263452
2015-09-22,45.293426513671875,62.29589080810547,62.349525451660156,60.15053176879883,61.866817474365234,3397584
2015-09-23,46.2163200378418,63.56522750854492,63.86915588378906,62.29589080810547,62.501487731933594,2921244
2015-09-24,46.44379425048828,63.87809371948242,64.06581115722656,62.51936721801758,63.270240783691406,1872693
2015-09-25,45.98884201049805,63.25236511230469,64.4591293334961,62.9216194152832,64.06581115722656,2955364
2015-09-28,44.26652908325195,60.88352966308594,63.19873046875,60.722625732421875,63.14509582519531,2342991
2015-09-29,44.12355422973633,60.68687057495117,61.37517547607422,60.08795928955078,61.044429779052734,2249357
2015-09-30,44.54601287841797,61.267906188964844,61.9025764465332,60.49915313720703,61.28578567504883,2029086
2015-10-01,44.468017578125,61.16063690185547,61.679100036621094,60.51702880859375,61.267906188964844,1694149
2015-10-02,44.53300476074219,61.25002670288086,61.25002670288086,59.93599319458008,60.51702880859375,1444457
2015-10-05,44.50050354003906,61.2053337097168,61.65228271484375,60.77626037597656,61.61652755737305,1796845
2015-10-06,44.15604782104492,60.7315673828125,61.527137756347656,60.56172561645508,61.07124710083008,2389305
2015-10-07,43.527034759521484,59.381778717041016,60.40976333618164,58.96164321899414,60.1058349609375,2295111
2015-10-08,43.74325180053711,59.67676544189453,60.04326248168945,58.36273193359375,58.86331558227539,2910728
2015-10-09,43.69084548950195,59.60525131225586,60.0700798034668,59.22087478637695,59.53374099731445,1659246
2015-10-12,43.409095764160156,59.22087478637695,59.83766555786133,59.068912506103516,59.32814407348633,1860723
2015-10-13,43.52048110961914,59.37283706665039,60.01644515991211,58.997398376464844,59.03315734863281,1358094
2015-10-14,41.777565002441406,56.99506378173828,59.623130798339844,56.71795654296875,59.408592224121094,2676474
2015-10-15,41.80377197265625,57.030818939208984,57.22747802734375,55.94026184082031,57.021881103515625,2364694
2015-10-16,42.681785583496094,58.22864532470703,58.335914611816406,57.012943267822266,57.19172286987305,2367715
2015-10-19,43.048709869384766,58.72922897338867,59.17618179321289,58.23758316040039,58.60408401489258,1722340
2015-10-20,41.75791549682617,56.96824645996094,58.648780822753906,56.941429138183594,58.478939056396484,2043293
2015-10-21,41.148529052734375,56.13692092895508,57.39731979370117,55.779361724853516,57.03976058959961,1950889
2015-10-22,41.99379348754883,57.2900505065918,57.31686782836914,55.84193420410156,56.67325973510742,1655107
2015-10-23,41.875850677490234,57.129150390625,57.80851364135742,56.45872497558594,57.62973403930664,1342880
2015-10-26,42.40003204345703,57.844268798828125,57.91577911376953,57.08445358276367,57.19172286987305,1722564
2015-10-27,41.423736572265625,56.512359619140625,57.91577911376953,56.32463836669922,57.2900505065918,1723683
2015-10-28,42.49176025390625,57.96941375732422,58.00517272949219,56.530235290527344,56.73583221435547,888354
2015-10-29,40.90610122680664,55.806175231933594,57.55821990966797,55.52906799316406,57.55821990966797,2292650
2015-10-30,40.552268981933594,55.32347106933594,56.199493408203125,55.287715911865234,55.9581413269043,1929410
2015-11-02,41.05681228637695,56.01177215576172,56.21737289428711,55.2072639465332,55.42179870605469,1803893
2015-11-03,40.984745025634766,55.91344451904297,55.976016998291016,55.59164047241211,55.67209243774414,1197226
2015-11-04,40.24431610107422,54.90333938598633,56.17267608642578,54.232913970947266,55.976016998291016,2442667
2015-11-05,40.480201721191406,55.22514343261719,55.26089859008789,54.53683853149414,54.93015670776367,1125741
2015-11-06,40.434329986572266,55.162567138671875,55.2072639465332,54.3848762512207,55.01060485839844,1175970
2015-11-09,40.20500183105469,54.84970474243164,55.10893630981445,53.44628143310547,54.93909454345703,2427453
2015-11-10,40.08061218261719,54.68000030517578,55.189998626708984,53.380001068115234,55.189998626708984,2861300
2015-11-11,40.68900680541992,55.5099983215332,55.9900016784668,54.45000076293945,55.02000045776367,2004700
2015-11-12,40.41046142578125,55.130001068115234,58.650001525878906,55.040000915527344,56.119998931884766,2045400
2015-11-13,39.831398010253906,54.34000015258789,55.400001525878906,54.25,55.09000015258789,1258200
2015-11-16,39.5601806640625,53.970001220703125,54.33000183105469,53.5099983215332,54.16999816894531,1541500
2015-11-17,39.530853271484375,53.93000030517578,55.31999969482422,53.83000183105469,54.099998474121094,1463600
2015-11-18,39.5748405456543,53.9900016784668,54.2400016784668,53.52000045776367,53.79999923706055,2232800
2015-11-19,39.890045166015625,54.41999816894531,54.83000183105469,53.88999938964844,54.2400016784668,1271400
2015-11-20,40.41046142578125,55.130001068115234,55.31999969482422,54.56999969482422,54.630001068115234,1397800
2015-11-23,41.30471420288086,56.349998474121094,56.56999969482422,55.099998474121094,55.099998474121094,1509800
2015-11-24,41.290069580078125,56.33000183105469,56.34000015258789,54.88999938964844,55.56999969482422,2281300
2015-11-25,41.67123031616211,56.849998474121094,57.209999084472656,56.209999084472656,56.34000015258789,1799500
2015-11-27,41.81782913208008,57.04999923706055,57.279998779296875,56.7599983215332,57.150001525878906,487100
2015-11-30,41.172786712646484,56.16999816894531,57.060001373291016,56.02000045776367,56.88999938964844,1586200
2015-12-01,41.5759391784668,56.720001220703125,56.7599983215332,56.130001068115234,56.599998474121094,1711600
2015-12-02,41.26808166503906,56.29999923706055,56.7599983215332,56.060001373291016,56.4900016784668,1261000
2015-12-03,40.46177291870117,55.20000076293945,56.970001220703125,55.0099983215332,56.41999816894531,1632800
2015-12-04,42.096370697021484,57.43000030517578,57.61000061035156,55.36000061035156,55.529998779296875,1607000
2015-12-07,43.18854522705078,58.91999816894531,59.130001068115234,57.5,57.5,2009700
2015-12-08,43.37913131713867,59.18000030517578,59.720001220703125,58.2400016784668,58.459999084472656,2470600
2015-12-09,42.58015823364258,58.09000015258789,59.7400016784668,57.9900016784668,58.59000015258789,1442400
2015-12-10,42.33091735839844,57.75,58.70000076293945,57.58000183105469,58.220001220703125,1715300
2015-12-11,42.3455924987793,57.77000045776367,57.88999938964844,56.970001220703125,57.06999969482422,1269400
2015-12-14,42.946651458740234,58.59000015258789,59.189998626708984,57.63999938964844,57.880001068115234,1653600
2015-12-15,43.2471809387207,59.0,59.599998474121094,58.33000183105469,58.959999084472656,2516000
2015-12-16,43.45975875854492,59.290000915527344,60.13999938964844,58.209999084472656,59.4900016784668,2465100
2015-12-17,42.8000602722168,58.38999938964844,60.04999923706055,58.38999938964844,59.400001525878906,2216300
2015-12-18,45.81269836425781,62.5,63.040000915527344,59.47999954223633,59.630001068115234,8070300
2015-12-21,46.69230270385742,63.70000076293945,63.97999954223633,62.709999084472656,62.90999984741211,2557000
2015-12-22,46.9708366394043,64.08000183105469,64.37999725341797,63.2599983215332,64.11000061035156,2276200
2015-12-23,47.2786979675293,64.5,64.9000015258789,64.13999938964844,64.3499984741211,1450900
2015-12-24,47.32268524169922,64.55999755859375,64.83999633789062,64.30000305175781,64.44999694824219,623100
2015-12-28,47.132110595703125,64.30000305175781,64.72000122070312,63.54999923706055,64.55999755859375,1292600
2015-12-29,47.24205017089844,64.44999694824219,64.87999725341797,64.37000274658203,64.66999816894531,1221800
2015-12-30,47.124778747558594,64.29000091552734,64.86000061035156,64.22000122070312,64.55000305175781,768600
2015-12-31,46.6483268737793,63.63999938964844,64.23999786376953,63.58000183105469,64.12999725341797,857000
2016-01-04,45.99594497680664,62.75,63.06999969482422,62.33000183105469,62.880001068115234,1891200
2016-01-05,46.831565856933594,63.88999938964844,63.88999938964844,62.709999084472656,63.4900016784668,2077500
2016-01-06,46.48433303833008,62.91999816894531,63.61000061035156,62.560001373291016,62.83000183105469,2001100
2016-01-07,46.15927505493164,62.47999954223633,63.15999984741211,62.06999969482422,62.279998779296875,2587000
2016-01-08,45.812049865722656,62.0099983215332,63.38999938964844,61.880001068115234,62.650001525878906,1958100
2016-01-11,45.77511978149414,61.959999084472656,62.65999984741211,61.59000015258789,62.38999938964844,2096500
2016-01-12,46.18144226074219,62.5099983215332,62.599998474121094,61.400001525878906,62.31999969482422,2116600
2016-01-13,45.70122528076172,61.86000061035156,63.18000030517578,61.83000183105469,62.47999954223633,2867800
2016-01-14,45.56086349487305,61.66999816894531,62.0099983215332,60.20000076293945,61.849998474121094,2592900
2016-01-15,44.497013092041016,60.22999954223633,60.939998626708984,58.970001220703125,60.58000183105469,1693200
2016-01-19,44.940284729003906,60.83000183105469,61.5099983215332,60.349998474121094,61.02000045776367,1763000
2016-01-20,44.083290100097656,59.66999816894531,60.33000183105469,57.95000076293945,59.91999816894531,2160700
2016-01-21,44.563507080078125,60.31999969482422,60.7400016784668,58.88999938964844,59.5,2696500
2016-01-22,45.75294876098633,61.93000030517578,62.22999954223633,60.77000045776367,60.900001525878906,1839700
2016-01-25,45.413108825683594,61.470001220703125,62.59000015258789,61.310001373291016,62.099998474121094,2437100
2016-01-26,46.292259216308594,62.65999984741211,62.689998626708984,60.90999984741211,61.20000076293945,2065200
2016-01-27,46.24055099487305,62.59000015258789,63.15999984741211,61.810001373291016,62.25,2724000
2016-01-28,46.735511779785156,63.2599983215332,63.97999954223633,62.2599983215332,62.560001373291016,2442100
2016-01-29,46.5877799987793,63.060001373291016,63.2400016784668,61.59000015258789,62.70000076293945,2597000
2016-02-01,46.78724670410156,63.33000183105469,63.880001068115234,62.060001373291016,62.84000015258789,1985000
2016-02-02,45.91547775268555,62.150001525878906,63.380001068115234,61.689998626708984,62.650001525878906,2380000
2016-02-03,45.75294876098633,61.93000030517578,62.5099983215332,60.540000915527344,62.349998474121094,1679000
2016-02-04,45.450042724609375,61.52000045776367,62.09000015258789,61.0,61.650001525878906,1706400
2016-02-05,43.5809211730957,58.9900016784668,61.45000076293945,58.810001373291016,61.20000076293945,2432100
2016-02-08,43.98724365234375,59.540000915527344,59.810001373291016,58.220001220703125,58.70000076293945,2181000
2016-02-09,43.20414352416992,58.47999954223633,59.150001525878906,57.97999954223633,58.70000076293945,3542900
2016-02-10,42.546627044677734,57.59000015258789,59.08000183105469,57.58000183105469,59.0,2556100
2016-02-11,42.21416091918945,57.13999938964844,57.95000076293945,55.77000045776367,57.08000183105469,3807200
2016-02-12,43.34450912475586,58.66999816894531,59.040000915527344,57.189998626708984,57.630001068115234,1366000
2016-02-16,43.98724365234375,59.540000915527344,59.9900016784668,58.65999984741211,58.810001373291016,1352000
2016-02-17,45.464820861816406,61.540000915527344,61.650001525878906,59.400001525878906,59.63999938964844,2362800
2016-02-18,45.450042724609375,61.52000045776367,61.86000061035156,60.619998931884766,61.220001220703125,1630800
2016-02-19,45.20624542236328,61.189998626708984,61.83000183105469,60.2599983215332,61.529998779296875,1514700
2016-02-22,45.90808868408203,62.13999938964844,62.45000076293945,61.34000015258789,61.56999969482422,1229800
2016-02-23,46.44001770019531,62.86000061035156,63.86000061035156,62.0099983215332,62.369998931884766,2170000
2016-02-24,46.77985382080078,63.31999969482422,63.470001220703125,61.45000076293945,62.41999816894531,2040500
2016-02-25,47.09014129638672,63.7400016784668,63.880001068115234,62.86000061035156,63.369998931884766,884400
2016-02-26,47.09014129638672,63.7400016784668,64.36000061035156,63.45000076293945,63.689998626708984,1597400
2016-02-29,47.19358825683594,63.880001068115234,64.2300033569336,63.189998626708984,63.470001220703125,1136000
2016-03-01,47.4669303894043,64.25,64.66000366210938,63.939998626708984,64.30999755859375,1241300
2016-03-02,47.784603118896484,64.68000030517578,64.7300033569336,63.93000030517578,63.959999084472656,1233500
2016-03-03,47.88802719116211,64.81999969482422,65.0,63.52000045776367,64.51000213623047,1651700
2016-03-04,47.96929931640625,64.93000030517578,64.94999694824219,64.16000366210938,64.51000213623047,1004900
2016-03-07,48.13184356689453,65.1500015258789,65.33999633789062,64.5,64.76000213623047,1142100
2016-03-08,47.710723876953125,64.58000183105469,65.22000122070312,64.45999908447266,64.79000091552734,1167200
2016-03-09,49.44687271118164,66.93000030517578,68.0,66.01000213623047,67.0,4647900
2016-03-10,49.58725357055664,67.12000274658203,67.4000015258789,66.41000366210938,67.06999969482422,1907200
2016-03-11,49.91969299316406,67.56999969482422,68.26000213623047,67.22000122070312,67.44000244140625,2054000
2016-03-14,50.074832916259766,67.77999877929688,68.01000213623047,67.12999725341797,67.5,1124100
2016-03-15,49.38038635253906,66.83999633789062,67.7699966430664,66.66999816894531,67.5,1261800
2016-03-16,49.912296295166016,67.55999755859375,67.94999694824219,66.19000244140625,66.87000274658203,1077300
2016-03-17,49.927093505859375,67.58000183105469,67.98999786376953,66.80999755859375,67.36000061035156,1451400
2016-03-18,49.712825775146484,67.29000091552734,68.1500015258789,67.18000030517578,67.55000305175781,2537600
2016-03-21,49.66112518310547,67.22000122070312,67.5,66.94999694824219,67.29000091552734,1057500
2016-03-22,49.24000930786133,66.6500015258789,67.36000061035156,66.41999816894531,67.19000244140625,1040100
2016-03-23,49.14397048950195,66.5199966430664,67.19000244140625,66.30000305175781,66.77999877929688,959100
2016-03-24,48.58987808227539,65.7699966430664,66.47000122070312,65.29000091552734,66.47000122070312,1302000
2016-03-28,49.10703659057617,66.47000122070312,66.97000122070312,65.94000244140625,66.08999633789062,1022100
2016-03-29,49.225215911865234,66.62999725341797,66.81999969482422,66.12000274658203,66.47000122070312,1248800
2016-03-30,49.18830108642578,66.58000183105469,67.20999908447266,65.94000244140625,67.13999938964844,1431000
2016-03-31,48.981441497802734,66.30000305175781,66.76000213623047,65.58999633789062,66.37999725341797,1946100
2016-04-01,49.52813720703125,67.04000091552734,67.36000061035156,66.16000366210938,66.16000366210938,1721200
2016-04-04,49.74977493286133,67.33999633789062,68.62000274658203,66.48999786376953,67.41000366210938,3303400
2016-04-05,47.873260498046875,64.80000305175781,66.62000274658203,64.33999633789062,66.62000274658203,3905200
2016-04-06,48.01363754272461,64.98999786376953,66.38999938964844,64.9000015258789,65.25,3460400
2016-04-07,48.15508270263672,64.68000030517578,66.43000030517578,64.33000183105469,64.8499984741211,2975000
2016-04-08,48.23698425292969,64.79000091552734,65.01000213623047,64.0,65.01000213623047,2309700
2016-04-11,48.199764251708984,64.73999786376953,66.0999984741211,64.7300033569336,65.25,3573600
2016-04-12,49.048492431640625,65.87999725341797,66.11000061035156,64.80000305175781,64.80000305175781,2567100
2016-04-13,48.82514190673828,65.58000183105469,66.38999938964844,65.25,66.0,1726700
2016-04-14,48.281646728515625,64.8499984741211,65.66000366210938,64.55000305175781,65.4800033569336,2124000
2016-04-15,47.7977180480957,64.19999694824219,65.1500015258789,64.0999984741211,64.9800033569336,2723600
2016-04-18,48.23698425292969,64.79000091552734,64.95999908447266,64.30999755859375,64.5,1511300
2016-04-19,47.045753479003906,63.189998626708984,63.900001525878906,62.75,63.720001220703125,2581600
2016-04-20,47.00853729248047,63.13999938964844,63.88999938964844,63.06999969482422,63.279998779296875,1909000
2016-04-21,46.74796676635742,62.790000915527344,64.1500015258789,62.790000915527344,63.45000076293945,1989700
2016-04-22,47.12764358520508,63.29999923706055,63.40999984741211,62.5099983215332,62.75,1713400
2016-04-25,47.24678421020508,63.459999084472656,63.599998474121094,63.029998779296875,63.13999938964844,832200
2016-04-26,47.544593811035156,63.86000061035156,64.0199966430664,63.41999816894531,63.470001220703125,1367100
2016-04-27,47.380794525146484,63.63999938964844,63.97999954223633,63.20000076293945,63.689998626708984,1599100
2016-04-28,47.01598358154297,63.150001525878906,63.630001068115234,62.11000061035156,63.040000915527344,1703500
2016-04-29,46.34592819213867,62.25,63.36000061035156,61.9900016784668,63.06999969482422,1421900
2016-05-02,47.358455657958984,63.61000061035156,63.650001525878906,62.27000045776367,62.40999984741211,1787900
2016-05-03,47.261680603027344,63.47999954223633,64.0999984741211,63.150001525878906,63.290000915527344,1480300
2016-05-04,47.59670639038086,63.93000030517578,64.0999984741211,63.15999984741211,63.189998626708984,888500
2016-05-05,46.88196563720703,62.970001220703125,64.0199966430664,62.81999969482422,63.529998779296875,1300200
2016-05-06,46.52459716796875,62.4900016784668,63.09000015258789,61.900001525878906,62.880001068115234,1817700
2016-05-09,47.98384094238281,64.44999694824219,64.6500015258789,62.459999084472656,62.4900016784668,1311700
2016-05-10,48.140201568603516,64.66000366210938,64.69999694824219,63.790000915527344,64.47000122070312,1261700
2016-05-11,46.9936408996582,63.119998931884766,64.6500015258789,62.9900016784668,64.43000030517578,1420300
2016-05-12,47.507362365722656,63.810001373291016,64.1500015258789,62.959999084472656,63.36000061035156,1381900
2016-05-13,47.135101318359375,63.310001373291016,64.05999755859375,62.869998931884766,63.54999923706055,1502600
2016-05-16,47.11276626586914,63.279998779296875,63.43000030517578,62.7400016784668,63.119998931884766,1529900
2016-05-17,47.57438278198242,63.900001525878906,64.7300033569336,63.45000076293945,63.900001525878906,2678200
2016-05-18,46.93408966064453,63.040000915527344,64.08000183105469,62.29999923706055,63.5099983215332,2792100
2016-05-19,49.06338882446289,65.9000015258789,65.91000366210938,62.88999938964844,62.88999938964844,3373400
2016-05-20,49.24951934814453,66.1500015258789,66.43000030517578,65.45999908447266,66.0,2047000
2016-05-23,48.39331817626953,65.0,66.20999908447266,64.95999908447266,66.16999816894531,2990400
2016-05-24,48.98893356323242,65.80000305175781,66.04000091552734,64.94999694824219,65.0999984741211,1260100
2016-05-25,49.323970794677734,66.25,66.54000091552734,65.30000305175781,65.87000274658203,1348500
2016-05-26,50.0908203125,67.27999877929688,67.66000366210938,66.54000091552734,66.69999694824219,1976400
2016-05-27,50.239715576171875,67.4800033569336,67.97000122070312,67.2699966430664,67.48999786376953,1067000
2016-05-31,50.500301361083984,67.83000183105469,67.9000015258789,67.05999755859375,67.5999984741211,3095500
2016-06-01,50.202484130859375,67.43000030517578,68.26000213623047,67.33000183105469,67.55999755859375,1934400
2016-06-02,50.47795486450195,67.80000305175781,67.9800033569336,66.9800033569336,67.25,1278100
2016-06-03,50.44074249267578,67.75,67.87000274658203,67.19000244140625,67.47000122070312,1093200
2016-06-06,50.142948150634766,67.3499984741211,67.87999725341797,66.95999908447266,67.81999969482422,1526200
2016-06-07,50.21739196777344,67.44999694824219,67.79000091552734,67.22000122070312,67.58000183105469,1243400
2016-06-08,50.17271423339844,67.38999938964844,67.55999755859375,67.12000274658203,67.30999755859375,856800
2016-06-09,50.8725471496582,68.33000183105469,68.68000030517578,67.43000030517578,67.51000213623047,1589200
2016-06-10,50.48542022705078,67.80999755859375,68.16000366210938,67.55999755859375,67.94000244140625,837800
2016-06-13,50.42585754394531,67.7300033569336,68.1500015258789,67.5199966430664,67.52999877929688,1203000
2016-06-14,50.686439514160156,68.08000183105469,68.5,67.62999725341797,67.63999938964844,1435600
2016-06-15,50.2471809387207,67.48999786376953,68.12000274658203,66.81999969482422,67.2699966430664,1608200
2016-06-16,50.276947021484375,67.52999877929688,67.68000030517578,67.08000183105469,67.25,1083200
2016-06-17,50.23228454589844,67.47000122070312,67.63999938964844,66.87000274658203,67.37000274658203,1292900
2016-06-20,50.41095733642578,67.70999908447266,68.25,67.55999755859375,67.91999816894531,1059200
2016-06-21,50.0312614440918,67.19999694824219,67.70999908447266,67.0199966430664,67.58000183105469,1586200
2016-06-22,50.01637268066406,67.18000030517578,67.36000061035156,66.94999694824219,67.30999755859375,1333600
2016-06-23,50.61198043823242,67.9800033569336,67.98999786376953,67.41999816894531,67.66999816894531,1044300
2016-06-24,49.76322937011719,66.83999633789062,67.7300033569336,66.58000183105469,66.7300033569336,3753400
2016-06-27,48.348663330078125,64.94000244140625,66.54000091552734,64.51000213623047,66.3499984741211,4245900
2016-06-28,48.571998596191406,65.23999786376953,65.51000213623047,64.47000122070312,65.19999694824219,2236400
2016-06-29,49.108070373535156,65.95999908447266,66.44999694824219,65.3499984741211,65.79000091552734,4975900
2016-06-30,47.157447814941406,63.34000015258789,64.2699966430664,62.529998779296875,64.08999633789062,6361400
2016-07-01,46.904300689697266,63.0,63.810001373291016,62.529998779296875,63.16999816894531,5500900
2016-07-05,45.78009033203125,61.4900016784668,62.939998626708984,61.380001068115234,62.5,3875400
2016-07-06,46.323577880859375,62.220001220703125,62.58000183105469,61.52000045776367,61.599998474121094,2727500
2016-07-07,46.6316032409668,62.06999969482422,62.459999084472656,61.68000030517578,61.70000076293945,2174400
2016-07-08,46.60155487060547,62.029998779296875,62.689998626708984,61.849998474121094,62.16999816894531,2177000
2016-07-11,47.044803619384766,62.619998931884766,62.880001068115234,62.06999969482422,62.43000030517578,2877300
2016-07-12,47.18003845214844,62.79999923706055,62.970001220703125,62.400001525878906,62.970001220703125,2479700
2016-07-13,47.08988571166992,62.68000030517578,62.849998474121094,62.16999816894531,62.16999816894531,2205300
2016-07-14,47.4429817199707,63.150001525878906,63.869998931884766,62.849998474121094,63.16999816894531,3176400
2016-07-15,46.939632415771484,62.47999954223633,63.27000045776367,62.45000076293945,63.189998626708984,2218500
2016-07-18,46.81191635131836,62.310001373291016,62.66999816894531,62.209999084472656,62.47999954223633,1570600
2016-07-19,46.864501953125,62.380001068115234,62.61000061035156,62.2599983215332,62.439998626708984,1700800
2016-07-20,47.08988571166992,62.68000030517578,62.95000076293945,62.41999816894531,62.560001373291016,1449400
2016-07-21,46.571510314941406,61.9900016784668,62.77000045776367,61.81999969482422,62.540000915527344,2007000
2016-07-22,46.999732971191406,62.560001373291016,62.849998474121094,62.0,62.11000061035156,1794500
2016-07-25,47.43546676635742,63.13999938964844,63.209999084472656,62.47999954223633,62.68000030517578,1399100
2016-07-26,45.61737823486328,60.720001220703125,62.52000045776367,60.61000061035156,62.189998626708984,3072400
2016-07-27,44.8360710144043,59.68000030517578,60.91999816894531,59.66999816894531,60.650001525878906,3328300
2016-07-28,45.925411224365234,61.130001068115234,61.25,59.5,59.52000045776367,1984400
2016-07-29,46.24846267700195,61.560001373291016,61.720001220703125,60.81999969482422,61.08000183105469,2156900
2016-08-01,46.3536376953125,61.70000076293945,62.099998474121094,61.18000030517578,61.470001220703125,1822200
2016-08-02,45.271793365478516,60.2599983215332,61.63999938964844,60.2599983215332,61.380001068115234,1949300
2016-08-03,45.61737823486328,60.720001220703125,60.83000183105469,59.93000030517578,60.150001525878906,2086100
2016-08-04,45.86530685424805,61.04999923706055,61.599998474121094,60.81999969482422,60.95000076293945,1688100
2016-08-05,46.89454650878906,62.41999816894531,62.529998779296875,61.20000076293945,61.290000915527344,1938300
2016-08-08,46.706729888916016,62.16999816894531,62.75,61.88999938964844,62.75,1395600
2016-08-09,46.81191635131836,62.310001373291016,62.61000061035156,61.86000061035156,61.869998931884766,1659400
2016-08-10,46.23342514038086,61.540000915527344,62.27000045776367,61.439998626708984,62.150001525878906,1986600
2016-08-11,47.082374572753906,62.66999816894531,62.72999954223633,61.65999984741211,62.0,2314100
2016-08-12,47.1424674987793,62.75,63.16999816894531,62.459999084472656,62.52000045776367,1029100
2016-08-15,46.85698318481445,62.369998931884766,62.97999954223633,62.34000015258789,62.66999816894531,1242500
2016-08-16,46.7818603515625,62.27000045776367,62.619998931884766,61.970001220703125,62.22999954223633,1311200
2016-08-17,46.89454650878906,62.41999816894531,62.47999954223633,61.91999816894531,62.34000015258789,1381200
2016-08-18,47.044803619384766,62.619998931884766,62.7400016784668,62.119998931884766,62.279998779296875,1374800
2016-08-19,46.30104446411133,61.630001068115234,62.459999084472656,61.59000015258789,62.400001525878906,1293100
2016-08-22,46.1883430480957,61.47999954223633,61.779998779296875,61.22999954223633,61.630001068115234,1042100
2016-08-23,46.92460632324219,62.459999084472656,62.52000045776367,61.77000045776367,61.90999984741211,1040100
2016-08-24,47.30024719238281,62.959999084472656,63.220001220703125,62.5099983215332,62.630001068115234,1789700
2016-08-25,47.330291748046875,63.0,63.209999084472656,62.83000183105469,62.959999084472656,1371700
2016-08-26,45.970481872558594,61.189998626708984,63.150001525878906,60.90999984741211,62.709999084472656,1836600
2016-08-29,46.00804901123047,61.2400016784668,61.66999816894531,61.0099983215332,61.099998474121094,1239900
2016-08-30,45.73759078979492,60.880001068115234,61.349998474121094,60.83000183105469,61.31999969482422,1141800
2016-08-31,46.30855941772461,61.63999938964844,61.790000915527344,60.88999938964844,60.97999954223633,2317400
2016-09-01,46.496368408203125,61.88999938964844,61.900001525878906,61.15999984741211,61.650001525878906,1326300
2016-09-02,46.826942443847656,62.33000183105469,62.709999084472656,62.06999969482422,62.06999969482422,1252800
2016-09-06,47.007240295410156,62.56999969482422,62.86000061035156,62.04999923706055,62.540000915527344,1252500
2016-09-07,47.2776985168457,62.93000030517578,63.18000030517578,62.189998626708984,62.279998779296875,1167000
2016-09-08,46.89454650878906,62.41999816894531,63.119998931884766,62.40999984741211,62.939998626708984,1005600
2016-09-09,46.16580581665039,61.45000076293945,62.25,61.380001068115234,62.15999984741211,1115600
2016-09-12,47.37538146972656,63.060001373291016,63.13999938964844,61.54999923706055,61.560001373291016,2066000
2016-09-13,47.02977752685547,62.599998474121094,62.810001373291016,62.099998474121094,62.7400016784668,1312000
2016-09-14,46.331092834472656,61.66999816894531,62.31999969482422,61.33000183105469,62.290000915527344,1649600
2016-09-15,46.669166564941406,62.119998931884766,62.15999984741211,61.220001220703125,61.560001373291016,1576400
2016-09-16,46.541446685791016,61.95000076293945,62.25,61.84000015258789,62.15999984741211,2941000
2016-09-19,46.1207389831543,61.38999938964844,62.349998474121094,61.310001373291016,62.220001220703125,721100
2016-09-20,46.1883430480957,61.47999954223633,61.90999984741211,61.310001373291016,61.70000076293945,818100
2016-09-21,46.8494758605957,62.36000061035156,62.43000030517578,61.38999938964844,61.38999938964844,1121300
2016-09-22,46.571510314941406,61.9900016784668,62.81999969482422,61.91999816894531,62.4900016784668,1115700
2016-09-23,47.367855072021484,63.04999923706055,63.40999984741211,61.68000030517578,61.68000030517578,1704300
2016-09-26,46.93212127685547,62.470001220703125,63.09000015258789,62.41999816894531,62.79999923706055,1273700
2016-09-27,46.218406677246094,61.52000045776367,62.72999954223633,61.25,62.630001068115234,1587400
2016-09-28,45.93293762207031,61.13999938964844,61.61000061035156,60.5,61.380001068115234,2051500
2016-09-29,45.549766540527344,60.630001068115234,61.43000030517578,60.630001068115234,61.060001373291016,1125500
2016-09-30,46.06814193725586,61.31999969482422,61.5,60.61000061035156,60.61000061035156,2300300
2016-10-03,46.09819412231445,61.36000061035156,61.47999954223633,60.15999984741211,60.86000061035156,3757700
2016-10-04,46.36865997314453,61.720001220703125,63.900001525878906,61.290000915527344,63.599998474121094,6515000
2016-10-05,46.67192459106445,61.560001373291016,62.220001220703125,61.31999969482422,61.540000915527344,2613100
2016-10-06,46.209449768066406,60.95000076293945,61.599998474121094,60.689998626708984,61.400001525878906,1626800
2016-10-07,46.724998474121094,61.630001068115234,61.7599983215332,61.040000915527344,61.27000045776367,1607100
2016-10-10,47.278446197509766,62.36000061035156,62.56999969482422,61.65999984741211,61.81999969482422,1458700
2016-10-11,47.30877685546875,62.400001525878906,62.70000076293945,61.970001220703125,62.54999923706055,1744400
2016-10-12,47.612037658691406,62.79999923706055,63.15999984741211,62.18000030517578,62.529998779296875,1386300
2016-10-13,47.1419792175293,62.18000030517578,62.59000015258789,62.09000015258789,62.540000915527344,972400
2016-10-14,47.17988586425781,62.22999954223633,62.880001068115234,62.20000076293945,62.25,861600
2016-10-17,47.437644958496094,62.56999969482422,63.95000076293945,62.2599983215332,62.2599983215332,1814300
2016-10-18,47.78640365600586,63.029998779296875,63.61000061035156,62.75,63.40999984741211,1204600
2016-10-19,48.0441780090332,63.369998931884766,63.45000076293945,62.779998779296875,63.220001220703125,1131500
2016-10-20,47.67268753051758,62.880001068115234,63.34000015258789,62.560001373291016,63.06999969482422,2422300
2016-10-21,47.816734313964844,63.06999969482422,63.41999816894531,62.689998626708984,62.97999954223633,1104900
2016-10-24,47.998687744140625,63.310001373291016,63.439998626708984,63.02000045776367,63.27000045776367,1050800
2016-10-25,46.7932243347168,61.720001220703125,62.75,61.290000915527344,62.66999816894531,1801300
2016-10-26,46.368656158447266,61.15999984741211,61.9900016784668,60.970001220703125,61.400001525878906,1921900
2016-10-27,46.6416015625,61.52000045776367,61.91999816894531,61.290000915527344,61.33000183105469,679300
2016-10-28,47.467994689941406,62.61000061035156,62.84000015258789,61.4900016784668,61.66999816894531,947400
2016-10-31,49.12076187133789,64.79000091552734,64.87000274658203,62.939998626708984,62.970001220703125,2386600
2016-11-01,48.77959060668945,64.33999633789062,65.16999816894531,64.11000061035156,64.54000091552734,1943300
2016-11-02,48.991886138916016,64.62000274658203,65.2699966430664,64.13999938964844,64.26000213623047,1640500
2016-11-03,48.37018966674805,63.79999923706055,64.94000244140625,63.68000030517578,64.63999938964844,1897300
2016-11-04,48.41566848754883,63.86000061035156,64.45999908447266,63.2599983215332,63.689998626708984,1764800
2016-11-07,49.6590461730957,65.5,65.55999755859375,64.43000030517578,64.43000030517578,1405600
2016-11-08,49.74245071411133,65.61000061035156,65.81999969482422,65.0,65.30999755859375,1250300
2016-11-09,51.994163513183594,68.58000183105469,68.9000015258789,64.54000091552734,64.9000015258789,2978700
2016-11-10,52.54762268066406,69.30999755859375,70.0,68.51000213623047,68.5999984741211,2985600
2016-11-11,53.16171646118164,70.12000274658203,70.19000244140625,69.0,69.20999908447266,2293000
2016-11-14,54.973697662353516,72.51000213623047,72.56999969482422,70.33999633789062,70.44999694824219,2745500
2016-11-15,55.39826202392578,73.06999969482422,73.27999877929688,72.01000213623047,72.48999786376953,3026300
2016-11-16,54.28377914428711,71.5999984741211,72.80000305175781,71.55000305175781,72.75,2667200
2016-11-17,54.9433708190918,72.47000122070312,72.55999755859375,70.97000122070312,71.5199966430664,2041100
2016-11-18,55.22389602661133,72.83999633789062,72.8499984741211,71.91999816894531,72.44000244140625,1396000
2016-11-21,55.45134735107422,73.13999938964844,73.19000244140625,72.61000061035156,72.66000366210938,1312900
2016-11-22,56.10335159301758,74.0,74.47000122070312,73.16000366210938,73.16000366210938,2469500
2016-11-23,56.47484588623047,74.48999786376953,74.7300033569336,73.80999755859375,73.9800033569336,782100
2016-11-25,56.8235969543457,74.94999694824219,74.98999786376953,74.5,74.9000015258789,278700
2016-11-28,56.050262451171875,73.93000030517578,74.61000061035156,73.66999816894531,74.23999786376953,1084800
2016-11-29,55.25419998168945,72.87999725341797,73.02999877929688,72.26000213623047,73.0,2354400
2016-11-30,55.5726432800293,73.30000305175781,73.5,72.6500015258789,72.8499984741211,2509800
2016-12-01,57.46044158935547,75.79000091552734,75.83999633789062,73.55999755859375,73.86000061035156,1994900
2016-12-02,56.8918342590332,75.04000091552734,75.83000183105469,74.98999786376953,75.69999694824219,1666900
2016-12-05,58.15795135498047,76.70999908447266,76.7300033569336,75.44999694824219,75.5999984741211,1677900
2016-12-06,58.567344665527344,77.25,77.44999694824219,75.76000213623047,76.2699966430664,2109800
2016-12-07,59.58327865600586,78.58999633789062,78.6500015258789,76.86000061035156,77.30000305175781,1395300
2016-12-08,59.84861755371094,78.94000244140625,79.27999877929688,76.77999877929688,78.47000122070312,2863300
2016-12-09,59.59086608886719,78.5999984741211,79.43000030517578,78.3499984741211,79.19000244140625,1612000
2016-12-12,59.20418930053711,78.08999633789062,78.41999816894531,77.70999908447266,78.02999877929688,2191400
2016-12-13,58.271671295166016,76.86000061035156,78.18000030517578,76.38999938964844,78.01000213623047,2134800
2016-12-14,57.922916412353516,76.4000015258789,77.19000244140625,76.11000061035156,77.08000183105469,1808300
2016-12-15,57.43769454956055,75.76000213623047,76.80999755859375,75.55999755859375,76.66999816894531,1785900
2016-12-16,57.26331329345703,75.52999877929688,76.0,74.88999938964844,75.73999786376953,3316000
2016-12-19,57.377044677734375,75.68000030517578,76.36000061035156,74.76000213623047,75.30999755859375,2255100
2016-12-20,57.422542572021484,75.73999786376953,78.16000366210938,75.05000305175781,76.5,3105300
2016-12-21,57.422542572021484,75.73999786376953,76.2300033569336,75.20999908447266,75.69999694824219,1459900
2016-12-22,56.53548049926758,74.56999969482422,75.69999694824219,74.13999938964844,75.69999694824219,1098200
2016-12-23,56.467262268066406,74.4800033569336,74.66999816894531,73.7300033569336,74.41000366210938,633600
2016-12-27,56.38385009765625,74.37000274658203,75.22000122070312,74.31999969482422,74.7699966430664,641900
2016-12-28,55.86075210571289,73.68000030517578,74.87000274658203,73.3499984741211,74.27999877929688,954900
2016-12-29,55.93655014038086,73.77999877929688,74.23999786376953,73.56999969482422,73.76000213623047,540700
2016-12-30,55.13291549682617,72.72000122070312,73.73999786376953,72.02999877929688,73.56999969482422,1453100
2017-01-03,54.632537841796875,72.05999755859375,73.2300033569336,71.19000244140625,73.19999694824219,2143800
2017-01-04,54.65528869628906,72.08999633789062,72.76000213623047,71.81999969482422,72.1500015258789,1907500
2017-01-05,54.83723068237305,72.33000183105469,72.95999908447266,71.68000030517578,72.95999908447266,1840400
2017-01-06,54.66913986206055,71.55000305175781,72.36000061035156,71.33999633789062,72.08999633789062,2240000
2017-01-09,54.67677307128906,71.55999755859375,72.0,71.0199966430664,71.48999786376953,1466200
2017-01-10,55.20398712158203,72.25,72.62999725341797,71.55000305175781,71.66000366210938,2029500
2017-01-11,55.692996978759766,72.88999938964844,73.08999633789062,72.04000091552734,72.04000091552734,1952100
2017-01-12,56.39594268798828,73.80999755859375,74.05999755859375,72.68000030517578,72.87000274658203,2122200
2017-01-13,56.059749603271484,73.37000274658203,73.83000183105469,72.9000015258789,73.68000030517578,1410200
2017-01-17,55.68535614013672,72.87999725341797,74.05000305175781,72.7300033569336,73.13999938964844,1331300
2017-01-18,55.89931106567383,73.16000366210938,73.26000213623047,72.43000030517578,73.26000213623047,852400
2017-01-19,55.46376419067383,72.58999633789062,73.29000091552734,72.36000061035156,72.91999816894531,1140000
2017-01-20,56.11324691772461,73.44000244140625,73.66000366210938,72.62999725341797,72.73999786376953,1224500
2017-01-23,55.77703857421875,73.0,73.44000244140625,72.44000244140625,73.37999725341797,1436200
2017-01-24,56.28896713256836,73.66999816894531,73.81999969482422,73.05999755859375,73.22000122070312,1137900
2017-01-25,56.212547302246094,73.56999969482422,73.69999694824219,72.5,72.95999908447266,1435900
2017-01-26,56.19728088378906,73.55000305175781,74.45999908447266,73.4000015258789,73.76000213623047,749000
2017-01-27,56.20490264892578,73.55999755859375,73.81999969482422,72.69999694824219,73.68000030517578,1100700
2017-01-30,56.40358352661133,73.81999969482422,74.04000091552734,73.0199966430664,74.04000091552734,1139400
2017-01-31,55.990962982177734,73.27999877929688,74.08999633789062,72.79000091552734,73.95999908447266,1132500
2017-02-01,55.15052032470703,72.18000030517578,73.69000244140625,71.7300033569336,73.26000213623047,1898600
2017-02-02,54.73026657104492,71.62999725341797,72.3499984741211,71.43000030517578,72.08000183105469,1709000
2017-02-03,54.87544250488281,71.81999969482422,73.18000030517578,71.62999725341797,72.97000122070312,1681200
2017-02-06,55.265098571777344,72.33000183105469,72.95999908447266,71.68000030517578,71.80000305175781,2188300
2017-02-07,54.89836120605469,71.8499984741211,73.2300033569336,71.80999755859375,72.4000015258789,1263600
2017-02-08,56.11324691772461,73.44000244140625,73.51000213623047,71.69999694824219,71.69999694824219,982800
2017-02-09,57.35866165161133,75.06999969482422,75.22000122070312,73.18000030517578,73.45999908447266,1592900
2017-02-10,58.283180236816406,76.27999877929688,76.76000213623047,75.31999969482422,75.33000183105469,1690400
2017-02-13,58.13036346435547,76.08000183105469,76.70999908447266,76.0199966430664,76.41999816894531,1156000
2017-02-14,58.252628326416016,76.23999786376953,76.25,74.8499984741211,75.4000015258789,1057100
2017-02-15,57.870574951171875,75.73999786376953,76.30000305175781,75.2699966430664,76.05999755859375,1395100
2017-02-16,57.916419982910156,75.80000305175781,76.30000305175781,75.44000244140625,75.98999786376953,658400
2017-02-17,58.627037048339844,76.7300033569336,76.75,75.61000061035156,75.69999694824219,1195900
2017-02-21,58.604095458984375,76.69999694824219,77.11000061035156,76.44000244140625,76.54000091552734,1269500
2017-02-22,57.62607192993164,75.41999816894531,76.1500015258789,74.87999725341797,75.91999816894531,1471800
2017-02-23,57.65665054321289,75.45999908447266,76.05999755859375,75.20999908447266,75.51000213623047,1089000
2017-02-24,57.65665054321289,75.45999908447266,75.66000366210938,74.62000274658203,75.0199966430664,1160000
2017-02-27,56.94605255126953,74.52999877929688,75.6500015258789,74.30999755859375,75.51000213623047,1410700
2017-02-28,57.06065368652344,74.68000030517578,75.0199966430664,74.33999633789062,74.6500015258789,1602300
2017-03-01,57.22111129760742,74.88999938964844,75.4800033569336,74.7300033569336,75.43000030517578,929800
2017-03-02,57.66428756713867,75.47000122070312,75.55000305175781,74.61000061035156,74.8499984741211,1065700
2017-03-03,57.38924026489258,75.11000061035156,75.44000244140625,74.48999786376953,75.4000015258789,696600
2017-03-06,57.06065368652344,74.68000030517578,75.2300033569336,74.20999908447266,74.97000122070312,1118000
2017-03-07,56.9307975769043,74.51000213623047,74.79000091552734,74.11000061035156,74.79000091552734,1329800
2017-03-08,57.442718505859375,75.18000030517578,75.54000091552734,74.5199966430664,74.56999969482422,1218900
2017-03-09,57.4732780456543,75.22000122070312,75.58999633789062,74.87999725341797,75.06999969482422,778100
2017-03-10,56.66336441040039,74.16000366210938,75.80000305175781,73.83000183105469,75.16000366210938,2159700
2017-03-13,56.88494110107422,74.44999694824219,74.55000305175781,73.80999755859375,74.36000061035156,1863300
2017-03-14,57.00717544555664,74.61000061035156,74.75,74.01000213623047,74.58999633789062,1026400
2017-03-15,57.93935775756836,75.83000183105469,75.91999816894531,74.30999755859375,74.55000305175781,1400000
2017-03-16,57.61082458496094,75.4000015258789,76.12000274658203,75.23999786376953,75.83999633789062,956500
2017-03-17,58.57354736328125,76.66000366210938,77.06999969482422,75.54000091552734,75.7699966430664,2140500
2017-03-20,58.726356506347656,76.86000061035156,77.0999984741211,76.33999633789062,76.69000244140625,932300
2017-03-21,58.52766799926758,76.5999984741211,77.4000015258789,76.45999908447266,77.0,1381200
2017-03-22,58.83332443237305,77.0,77.16000366210938,76.30999755859375,76.54000091552734,1370100
2017-03-23,58.558250427246094,76.63999938964844,77.52999877929688,76.58000183105469,77.08000183105469,1221700
2017-03-24,58.61174392700195,76.70999908447266,77.16000366210938,76.45999908447266,76.66000366210938,1242600
2017-03-27,57.74833679199219,75.58000183105469,76.54000091552734,75.19999694824219,76.05999755859375,2614300
2017-03-28,63.12738800048828,82.62000274658203,82.81999969482422,78.91000366210938,78.9800033569336,10816000
2017-03-29,63.08917999267578,82.56999969482422,83.0999984741211,81.58000183105469,81.94999694824219,3739100
2017-03-30,63.2878303527832,82.83000183105469,83.02999877929688,82.02999877929688,82.30000305175781,1825300
2017-03-31,63.92965316772461,83.66999816894531,84.12999725341797,82.51000213623047,82.83000183105469,3256600
2017-04-03,63.578182220458984,83.20999908447266,83.79000091552734,82.8499984741211,83.63999938964844,2064700
2017-04-04,64.1665267944336,83.9800033569336,84.43000030517578,82.66999816894531,83.11000061035156,2184700
2017-04-05,63.32603454589844,82.87999725341797,84.55000305175781,82.69999694824219,84.1500015258789,1589200
2017-04-06,64.14144897460938,83.37999725341797,83.62999725341797,82.37999725341797,82.70999908447266,1616500
2017-04-07,63.72605514526367,82.83999633789062,83.47000122070312,82.68000030517578,83.20999908447266,1528700
2017-04-10,63.61835861206055,82.69999694824219,83.30000305175781,82.62999725341797,82.9800033569336,1048100
2017-04-11,63.80298614501953,82.94000244140625,83.01000213623047,82.36000061035156,82.79000091552734,1025600
2017-04-12,63.4567985534668,82.48999786376953,83.18000030517578,82.05999755859375,83.02999877929688,1601100
2017-04-13,63.056800842285156,81.97000122070312,82.83000183105469,81.87000274658203,82.41000366210938,951800
2017-04-17,63.57220458984375,82.63999938964844,82.6500015258789,82.05999755859375,82.4000015258789,1169500
2017-04-18,63.63372802734375,82.72000122070312,83.27999877929688,82.43000030517578,82.58000183105469,825300
2017-04-19,63.87993240356445,83.04000091552734,83.44999694824219,82.58000183105469,83.20999908447266,1037500
2017-04-20,64.6568832397461,84.05000305175781,84.06999969482422,82.91000366210938,83.36000061035156,1284100
2017-04-21,64.74148559570312,84.16000366210938,84.43000030517578,83.37999725341797,84.0999984741211,1182000
2017-04-24,65.52613830566406,85.18000030517578,85.76000213623047,84.47000122070312,84.94999694824219,1901400
2017-04-25,65.8107681274414,85.55000305175781,85.7300033569336,84.76000213623047,85.18000030517578,1809000
2017-04-26,66.1954116821289,86.05000305175781,86.44000244140625,85.2699966430664,85.52999877929688,2665000
2017-04-27,66.12615966796875,85.95999908447266,86.44000244140625,85.54000091552734,86.18000030517578,1813600
2017-04-28,65.53385162353516,85.19000244140625,85.98999786376953,85.04000091552734,85.98999786376953,1906600
2017-05-01,65.8723373413086,85.62999725341797,85.83000183105469,85.08999633789062,85.41999816894531,662800
2017-05-02,66.78772735595703,86.81999969482422,87.08000183105469,85.72000122070312,86.08999633789062,1369700
2017-05-03,67.24928283691406,87.41999816894531,87.62999725341797,86.54000091552734,86.54000091552734,836600
2017-05-04,67.1800765991211,87.33000183105469,87.5,86.44000244140625,87.19000244140625,1116600
2017-05-05,67.1800765991211,87.33000183105469,87.58000183105469,86.61000061035156,87.41999816894531,1244200
2017-05-08,66.9877700805664,87.08000183105469,87.55999755859375,86.94000244140625,87.30000305175781,803200
2017-05-09,67.1339111328125,87.2699966430664,87.58000183105469,86.91000366210938,87.3499984741211,728700
2017-05-10,67.41085815429688,87.62999725341797,87.83999633789062,86.80999755859375,87.33000183105469,743200
2017-05-11,67.8647232055664,88.22000122070312,88.51000213623047,86.61000061035156,87.37000274658203,1501700
2017-05-12,67.93394470214844,88.30999755859375,89.13999938964844,88.27999877929688,88.4000015258789,1347900
2017-05-15,68.0031967163086,88.4000015258789,88.83000183105469,88.0,88.33999633789062,1235100
2017-05-16,66.12615966796875,85.95999908447266,88.2300033569336,85.69000244140625,88.2300033569336,2655000
2017-05-17,65.79540252685547,85.52999877929688,86.19000244140625,85.2699966430664,85.95999908447266,1128200
2017-05-18,66.50309753417969,86.44999694824219,86.62999725341797,85.1500015258789,85.63999938964844,1042600
2017-05-19,66.89544677734375,86.95999908447266,87.22000122070312,86.4000015258789,86.48999786376953,815800
2017-05-22,67.23391723632812,87.4000015258789,87.75,87.0,87.27999877929688,965000
2017-05-23,66.64927673339844,86.63999938964844,87.55999755859375,86.1500015258789,87.55999755859375,819200
2017-05-24,67.0877456665039,87.20999908447266,87.36000061035156,86.5199966430664,86.9000015258789,1026700
2017-05-25,67.77240753173828,88.0999984741211,88.41999816894531,86.36000061035156,86.88999938964844,960100
2017-05-26,67.65699768066406,87.94999694824219,88.33999633789062,87.66000366210938,88.0999984741211,708400
2017-05-30,67.3031234741211,87.48999786376953,87.9000015258789,87.2699966430664,87.80000305175781,817700
2017-05-31,68.41092681884766,88.93000030517578,88.94999694824219,86.81999969482422,87.56999969482422,2050000
2017-06-01,69.3032455444336,90.08999633789062,90.08999633789062,88.62999725341797,89.0,1273500
2017-06-02,70.23406982421875,91.30000305175781,91.75,90.16000366210938,90.29000091552734,1104000
2017-06-05,70.63407897949219,91.81999969482422,92.29000091552734,90.95999908447266,91.0,1336300
2017-06-06,70.75715637207031,91.9800033569336,92.37000274658203,91.61000061035156,91.69000244140625,1241800
2017-06-07,70.81101989746094,92.05000305175781,93.0199966430664,92.0,92.0,1314300
2017-06-08,70.65714263916016,91.8499984741211,92.87999725341797,91.69999694824219,92.05000305175781,1072100
2017-06-09,70.86487579345703,92.12000274658203,92.79000091552734,91.58000183105469,92.12000274658203,1103000
2017-06-12,70.72638702392578,91.94000244140625,92.68000030517578,91.7699966430664,92.0199966430664,1224100
2017-06-13,69.24938201904297,90.0199966430664,91.26000213623047,89.83000183105469,91.06999969482422,2548000
2017-06-14,69.59557342529297,90.47000122070312,90.83000183105469,89.83999633789062,90.01000213623047,1607000
2017-06-15,69.08015441894531,89.80000305175781,90.68000030517578,89.2699966430664,90.26000213623047,1471800
2017-06-16,68.69551849365234,89.30000305175781,89.56999969482422,88.52999877929688,89.33000183105469,1829500
2017-06-19,69.6725082397461,90.56999969482422,90.68000030517578,89.38999938964844,89.5,1082300
2017-06-20,68.21856689453125,88.68000030517578,90.30999755859375,88.62999725341797,90.13999938964844,1141600
2017-06-21,67.91085815429688,88.27999877929688,89.31999969482422,88.02999877929688,88.7699966430664,1085000
2017-06-22,68.58782196044922,89.16000366210938,89.55000305175781,88.2699966430664,88.5199966430664,1116500
2017-06-23,68.25704193115234,88.7300033569336,89.41000366210938,88.52999877929688,89.18000030517578,1753100
2017-06-26,69.29557037353516,90.08000183105469,90.56999969482422,89.33000183105469,89.54000091552734,3427300
2017-06-27,71.3033218383789,92.69000244140625,95.22000122070312,92.29000091552734,93.01000213623047,6178200
2017-06-28,70.4340591430664,91.55999755859375,93.30000305175781,91.1500015258789,93.16000366210938,2209400
2017-06-29,70.58792114257812,91.76000213623047,91.94000244140625,90.9000015258789,91.58999633789062,2030700
2017-06-30,69.5724868774414,90.44000244140625,92.31999969482422,90.33000183105469,91.97000122070312,1693800
2017-07-03,70.26483154296875,91.33999633789062,91.56999969482422,90.51000213623047,90.69000244140625,842300
2017-07-05,69.33401489257812,90.12999725341797,91.43000030517578,89.29000091552734,91.33000183105469,1790500
2017-07-06,69.47344970703125,89.68000030517578,90.33000183105469,89.01000213623047,89.37999725341797,1534300
2017-07-07,69.85307312011719,90.16999816894531,90.45999908447266,89.33999633789062,89.88999938964844,1055700
2017-07-10,69.1403579711914,89.25,90.48999786376953,89.01000213623047,90.05000305175781,1234100
2017-07-11,69.1790771484375,89.30000305175781,89.9000015258789,88.83000183105469,89.55000305175781,1077400
2017-07-12,69.4192123413086,89.61000061035156,90.23999786376953,89.37999725341797,89.47000122070312,1460800
2017-07-13,68.61357116699219,88.56999969482422,90.0999984741211,88.19999694824219,89.62000274658203,1431200
2017-07-14,68.90795135498047,88.94999694824219,89.37000274658203,88.44000244140625,88.7300033569336,1181400
2017-07-17,69.45796966552734,89.66000366210938,90.01000213623047,88.9000015258789,88.9800033569336,1095000
2017-07-18,68.9776611328125,89.04000091552734,89.77999877929688,88.69000244140625,89.73999786376953,779800
2017-07-19,69.6129150390625,89.86000061035156,90.05000305175781,89.1500015258789,89.1500015258789,956700
2017-07-20,69.38824462890625,89.56999969482422,90.23999786376953,89.51000213623047,89.8499984741211,733900
2017-07-21,68.69878387451172,88.68000030517578,89.58999633789062,88.55999755859375,89.29000091552734,1142200
2017-07-24,67.11066436767578,86.62999725341797,88.58999633789062,86.55000305175781,88.5,2085500
2017-07-25,67.2811050415039,86.8499984741211,87.19000244140625,86.55000305175781,86.94999694824219,1710700
2017-07-26,66.49095153808594,85.83000183105469,87.2699966430664,85.4000015258789,87.19999694824219,1566100
2017-07-27,65.45286560058594,84.48999786376953,85.58000183105469,83.91999816894531,85.45999908447266,2883600
2017-07-28,64.95706939697266,83.8499984741211,84.1500015258789,82.62000274658203,83.86000061035156,2910300
2017-07-31,64.98030090332031,83.87999725341797,84.62999725341797,83.69000244140625,83.81999969482422,1492100
2017-08-01,65.69303894042969,84.80000305175781,85.2300033569336,83.69999694824219,84.19999694824219,1560800
2017-08-02,65.50708770751953,84.55999755859375,85.30000305175781,84.04000091552734,84.79000091552734,961700
2017-08-03,63.58588790893555,82.08000183105469,84.06999969482422,82.01000213623047,84.06999969482422,1950100
2017-08-04,64.41478729248047,83.1500015258789,83.31999969482422,81.62999725341797,82.20999908447266,1238100
2017-08-07,64.89506530761719,83.7699966430664,84.29000091552734,83.08000183105469,83.08000183105469,901600
2017-08-08,63.392189025878906,81.83000183105469,83.73999786376953,81.33000183105469,83.56999969482422,2403700
2017-08-09,62.966129302978516,81.27999877929688,82.0,80.9800033569336,81.62999725341797,2602000
2017-08-10,63.934471130371094,82.52999877929688,83.29000091552734,81.0,81.11000061035156,2315500
2017-08-11,64.56197357177734,83.33999633789062,83.4800033569336,82.41000366210938,82.77999877929688,1116200
2017-08-14,64.10491943359375,82.75,83.83999633789062,82.18000030517578,83.7300033569336,1373400
2017-08-15,64.67044067382812,83.4800033569336,83.77999877929688,82.44999694824219,83.12000274658203,2183700
2017-08-16,65.37540435791016,84.38999938964844,84.7300033569336,83.5,83.6500015258789,1276800
2017-08-17,65.1739730834961,84.12999725341797,85.29000091552734,83.93000030517578,84.31999969482422,1409000
2017-08-18,65.0655288696289,83.98999786376953,84.62000274658203,83.72000122070312,83.95999908447266,1658200
2017-08-21,65.46835327148438,84.51000213623047,84.94999694824219,84.0,84.12000274658203,1019600
2017-08-22,66.08036041259766,85.30000305175781,85.80999755859375,84.55000305175781,84.62999725341797,932800
2017-08-23,64.63944244384766,83.44000244140625,85.22000122070312,83.36000061035156,84.9800033569336,1226500
2017-08-24,63.81827163696289,82.37999725341797,83.88999938964844,82.36000061035156,83.66000366210938,1059000
2017-08-25,64.82536315917969,83.68000030517578,84.62000274658203,82.56999969482422,82.95999908447266,1783300
2017-08-28,65.72401428222656,84.83999633789062,85.2300033569336,83.2699966430664,83.6500015258789,2017600
2017-08-29,64.01969146728516,82.63999938964844,84.91000366210938,82.12000274658203,84.4000015258789,2381100
2017-08-30,64.20560455322266,82.87999725341797,83.37999725341797,82.54000091552734,82.63999938964844,1228200
2017-08-31,63.5936279296875,82.08999633789062,83.22000122070312,82.05999755859375,82.81999969482422,1625800
2017-09-01,63.4619140625,81.91999816894531,82.51000213623047,81.66999816894531,82.44999694824219,1427800
2017-09-05,62.896400451660156,81.19000244140625,81.86000061035156,80.5199966430664,81.47000122070312,1738900
2017-09-06,60.70405960083008,78.36000061035156,81.3499984741211,77.95999908447266,81.30000305175781,3265800
2017-09-07,59.68922805786133,77.05000305175781,78.58999633789062,76.72000122070312,78.37000274658203,3040000
2017-09-08,60.851261138916016,78.55000305175781,79.19999694824219,76.2699966430664,76.83999633789062,2261400
2017-09-11,61.77312088012695,79.73999786376953,81.75,79.30000305175781,79.30000305175781,2240100
2017-09-12,62.9196662902832,81.22000122070312,81.43000030517578,79.72000122070312,79.72000122070312,1501200
2017-09-13,64.77887725830078,83.62000274658203,84.62000274658203,81.43000030517578,81.43000030517578,2677800
2017-09-14,64.4535140991211,83.19999694824219,83.47000122070312,82.19000244140625,83.37000274658203,2059600
2017-09-15,64.96480560302734,83.86000061035156,84.47000122070312,83.19000244140625,83.27999877929688,2070700
2017-09-18,65.35990142822266,84.37000274658203,84.8499984741211,83.91000366210938,84.0199966430664,1715500
2017-09-19,64.53872680664062,83.30999755859375,84.38999938964844,82.81999969482422,84.36000061035156,2423100
2017-09-20,64.91832733154297,83.80000305175781,84.30999755859375,83.22000122070312,83.55000305175781,1429000
2017-09-21,64.3450698852539,83.05999755859375,83.88999938964844,82.66000366210938,83.77999877929688,1825400
2017-09-22,64.20560455322266,82.87999725341797,83.33999633789062,82.31999969482422,82.94000244140625,1898700
2017-09-25,64.40703582763672,83.13999938964844,83.86000061035156,81.91000366210938,83.04000091552734,2399800
2017-09-26,60.20051956176758,77.70999908447266,81.7300033569336,77.55000305175781,80.5199966430664,6191200
2017-09-27,61.31604766845703,79.1500015258789,80.38999938964844,78.87000274658203,79.19999694824219,3086200
2017-09-28,61.16886901855469,78.95999908447266,79.62999725341797,78.20999908447266,79.31999969482422,2289300
2017-09-29,61.0294303894043,78.77999877929688,78.94000244140625,78.13999938964844,78.87999725341797,2144800
2017-10-02,61.3315544128418,79.16999816894531,79.2300033569336,77.93000030517578,78.52999877929688,1535200
2017-10-03,62.059757232666016,80.11000061035156,80.13999938964844,79.2300033569336,79.77999877929688,1740700
2017-10-04,61.6646728515625,79.5999984741211,80.44000244140625,79.33000183105469,80.1500015258789,1203200
2017-10-05,61.75764846801758,79.72000122070312,79.94000244140625,78.77999877929688,79.69999694824219,1633200
2017-10-06,63.11631774902344,80.83000183105469,80.97000122070312,79.0,79.30999755859375,1927400
2017-10-09,62.265167236328125,79.73999786376953,80.87999725341797,79.5,80.77999877929688,1472400
2017-10-10,61.90598678588867,79.27999877929688,80.18000030517578,79.0999984741211,80.0199966430664,1052800
2017-10-11,61.95283508300781,79.33999633789062,79.86000061035156,79.25,79.54000091552734,2314300
2017-10-12,61.85133361816406,79.20999908447266,79.33000183105469,78.25,78.95999908447266,1799400
2017-10-13,62.01530075073242,79.41999816894531,79.45999908447266,78.83000183105469,79.12000274658203,988400
2017-10-16,62.62437057495117,80.19999694824219,80.37000274658203,79.2699966430664,79.68000030517578,1449600
2017-10-17,63.68632125854492,81.55999755859375,81.88999938964844,78.86000061035156,79.08000183105469,2245600
2017-10-18,63.99867630004883,81.95999908447266,82.25,81.23999786376953,81.5999984741211,1913600
2017-10-19,64.00648498535156,81.97000122070312,82.05000305175781,81.08000183105469,81.9000015258789,1638900
2017-10-20,64.63116455078125,82.7699966430664,83.55999755859375,82.1500015258789,82.37000274658203,1952300
2017-10-23,64.30320739746094,82.3499984741211,83.05000305175781,82.29000091552734,82.77999877929688,1873800
2017-10-24,64.52964782714844,82.63999938964844,82.9000015258789,82.25,82.37000274658203,906900
2017-10-25,63.881568908691406,81.80999755859375,82.9000015258789,81.36000061035156,82.54000091552734,1906400
2017-10-26,64.64679718017578,82.79000091552734,83.02999877929688,82.19999694824219,82.2699966430664,803100
2017-10-27,65.06846618652344,83.33000183105469,85.55999755859375,83.13999938964844,83.38999938964844,1585900
2017-10-30,64.63116455078125,82.7699966430664,83.26000213623047,82.0999984741211,83.06999969482422,1308800
2017-10-31,64.24073791503906,82.2699966430664,83.20999908447266,81.98999786376953,82.9800033569336,1103800
2017-11-01,64.09239196777344,82.08000183105469,82.70999908447266,81.73999786376953,82.37000274658203,1262300
2017-11-02,63.881568908691406,81.80999755859375,82.30999755859375,81.41999816894531,81.69000244140625,881700
2017-11-03,64.24854278564453,82.27999877929688,83.22000122070312,81.62999725341797,81.83000183105469,1017700
2017-11-06,64.34223937988281,82.4000015258789,82.56999969482422,81.80999755859375,82.25,582900
2017-11-07,63.75661849975586,81.6500015258789,82.97000122070312,81.33999633789062,82.30000305175781,1546000
2017-11-08,64.12360382080078,82.12000274658203,83.22000122070312,81.61000061035156,81.62000274658203,1348400
2017-11-09,64.13923645019531,82.13999938964844,82.27999877929688,81.2699966430664,81.62000274658203,1347700
2017-11-10,64.52964782714844,82.63999938964844,82.8499984741211,81.8499984741211,81.95999908447266,936400
2017-11-13,64.68582153320312,82.83999633789062,83.05000305175781,82.16000366210938,82.5199966430664,1845600
2017-11-14,64.6936264038086,82.8499984741211,83.5199966430664,82.66000366210938,82.94999694824219,1505600
2017-11-15,63.990882873535156,81.94999694824219,83.0,81.87999725341797,82.76000213623047,1559100
2017-11-16,64.28758239746094,82.33000183105469,82.70999908447266,81.9000015258789,81.98999786376953,1062100
2017-11-17,64.66238403320312,82.80999755859375,83.2300033569336,82.19999694824219,82.48999786376953,707900
2017-11-20,64.25633239746094,82.29000091552734,82.94999694824219,81.87999725341797,82.94999694824219,1376800
2017-11-21,62.72588348388672,80.33000183105469,82.72000122070312,80.13999938964844,82.72000122070312,3043500
2017-11-22,62.28081130981445,79.76000213623047,80.26000213623047,79.18000030517578,80.16000366210938,1554000
2017-11-24,62.65561294555664,80.23999786376953,80.54000091552734,79.55999755859375,79.97000122070312,510700
2017-11-27,62.686859130859375,80.27999877929688,80.55000305175781,79.87999725341797,80.1500015258789,1010500
2017-11-28,64.85762023925781,83.05999755859375,83.0999984741211,80.3499984741211,80.61000061035156,1109500
2017-11-29,66.2240982055664,84.80999755859375,85.05999755859375,83.05000305175781,83.25,1437400
2017-11-30,65.84149169921875,84.31999969482422,85.63999938964844,83.95999908447266,84.94000244140625,2064100
2017-12-01,66.40372467041016,85.04000091552734,85.5,83.7699966430664,84.72000122070312,1441600
2017-12-04,67.2001724243164,86.05999755859375,88.56999969482422,85.58999633789062,85.58999633789062,2369100
2017-12-05,67.26262664794922,86.13999938964844,86.62999725341797,84.69999694824219,86.52999877929688,2156100
2017-12-06,66.78631591796875,85.52999877929688,86.81999969482422,85.5,86.31999969482422,1299300
2017-12-07,66.59112548828125,85.27999877929688,86.3499984741211,85.06999969482422,85.56999969482422,1595500
2017-12-08,67.47347259521484,86.41000366210938,86.45999908447266,84.69000244140625,85.33999633789062,1583000
2017-12-11,67.58280181884766,86.55000305175781,86.73999786376953,85.87999725341797,86.29000091552734,2067200
2017-12-12,68.04350280761719,87.13999938964844,87.6500015258789,85.98999786376953,86.6500015258789,1803500
2017-12-13,68.40269470214844,87.5999984741211,87.91000366210938,86.83999633789062,87.05000305175781,1254300
2017-12-14,67.90293884277344,86.95999908447266,88.6500015258789,86.93000030517578,87.7300033569336,1480900
2017-12-15,69.03518676757812,88.41000366210938,89.19999694824219,87.5999984741211,87.5999984741211,3067100
2017-12-18,70.69839477539062,90.54000091552734,90.8499984741211,89.30000305175781,89.8499984741211,3056800
2017-12-19,75.5006332397461,96.69000244140625,96.73999786376953,92.55999755859375,93.80999755859375,4835100
2017-12-20,74.70414733886719,95.66999816894531,98.29000091552734,95.5,97.7300033569336,2719200
2017-12-21,74.22783660888672,95.05999755859375,97.0,94.86000061035156,96.79000091552734,1615800
2017-12-22,75.27418518066406,96.4000015258789,96.6500015258789,94.38999938964844,95.13999938964844,1384100
2017-12-26,75.85980987548828,97.1500015258789,97.70999908447266,96.16999816894531,96.31999969482422,1124400
2017-12-27,76.0628433227539,97.41000366210938,98.36000061035156,97.06999969482422,97.06999969482422,1025500
2017-12-28,76.13312530517578,97.5,97.87999725341797,97.05000305175781,97.58999633789062,670300
2017-12-29,74.97745513916016,96.0199966430664,97.80000305175781,96.0199966430664,97.80000305175781,1526400
2018-01-02,75.21171569824219,96.31999969482422,97.33999633789062,95.56999969482422,96.77999877929688,2015000
2018-01-03,76.9452133178711,98.54000091552734,98.68000030517578,96.5999984741211,96.7300033569336,1632400
2018-01-04,76.9295883178711,98.5199966430664,100.11000061035156,98.41000366210938,99.5199966430664,2156000
2018-01-05,77.54647827148438,99.30999755859375,99.31999969482422,97.87999725341797,98.83999633789062,1303100
2018-01-08,77.13262176513672,98.77999877929688,99.30999755859375,97.05000305175781,99.0,1857300
2018-01-09,76.61394500732422,97.48999786376953,98.54000091552734,97.19000244140625,98.4800033569336,1884900
2018-01-10,76.0638427734375,96.79000091552734,97.55999755859375,96.5999984741211,97.45999908447266,1353900
2018-01-11,76.70040130615234,97.5999984741211,97.94999694824219,96.86000061035156,97.05000305175781,1277400
2018-01-12,77.03044128417969,98.0199966430664,99.41000366210938,97.76000213623047,97.98999786376953,1076300
2018-01-16,76.02454376220703,96.73999786376953,98.86000061035156,96.30999755859375,98.69000244140625,1565600
2018-01-17,76.59036254882812,97.45999908447266,98.58000183105469,97.05999755859375,97.56999969482422,1212300
2018-01-18,76.51178741455078,97.36000061035156,97.80000305175781,96.80999755859375,97.1500015258789,913800
2018-01-19,77.83203125,99.04000091552734,99.11000061035156,97.68000030517578,97.7300033569336,1306200
2018-01-22,77.06188201904297,98.05999755859375,98.80000305175781,96.69000244140625,98.72000122070312,1200100
2018-01-23,76.61394500732422,97.48999786376953,98.58000183105469,97.44000244140625,97.70999908447266,818800
2018-01-24,76.6611328125,97.55000305175781,98.30999755859375,97.04000091552734,97.94999694824219,732300
2018-01-25,76.90473175048828,97.86000061035156,98.55000305175781,96.7699966430664,98.0,985500
2018-01-26,77.3998031616211,98.48999786376953,98.5999984741211,97.0999984741211,97.98999786376953,838900
2018-01-29,77.19549560546875,98.2300033569336,98.9800033569336,97.75,98.33999633789062,809600
2018-01-30,75.86737823486328,96.54000091552734,98.37999725341797,96.5199966430664,98.06999969482422,1273300
2018-01-31,75.32513427734375,95.8499984741211,97.13999938964844,95.33999633789062,96.58000183105469,1798300
2018-02-01,76.6296615600586,97.51000213623047,97.55000305175781,95.0199966430664,95.4000015258789,1561100
2018-02-02,75.47444915771484,96.04000091552734,97.41000366210938,95.98999786376953,97.16999816894531,1701900
2018-02-05,74.04418182373047,94.22000122070312,98.33000183105469,94.22000122070312,95.55999755859375,1687900
2018-02-06,74.16988372802734,94.37999725341797,94.93000030517578,91.1500015258789,92.58000183105469,2462000
2018-02-07,74.72000885009766,95.08000183105469,96.2300033569336,93.83000183105469,93.8499984741211,1213500
2018-02-08,71.77303314208984,91.33000183105469,95.66000366210938,91.2300033569336,95.3499984741211,1776500
2018-02-09,72.841796875,92.69000244140625,93.41000366210938,90.2300033569336,92.2300033569336,1648200
2018-02-12,74.04418182373047,94.22000122070312,94.87000274658203,93.1500015258789,93.25,1343900
2018-02-13,74.43709564208984,94.72000122070312,95.0,93.2300033569336,93.87000274658203,1965700
2018-02-14,75.13650512695312,95.61000061035156,96.08999633789062,94.18000030517578,94.70999908447266,1276400
2018-02-15,76.77111053466797,97.69000244140625,97.86000061035156,95.86000061035156,96.08999633789062,1836400
2018-02-16,75.8516616821289,96.5199966430664,97.72000122070312,96.11000061035156,97.4000015258789,1240400
2018-02-20,74.57855224609375,94.9000015258789,96.12999725341797,94.25,95.9800033569336,1170600
2018-02-21,74.89290618896484,95.30000305175781,96.6500015258789,94.83999633789062,94.83999633789062,1160000
2018-02-22,74.80647277832031,95.19000244140625,96.37999725341797,94.87000274658203,95.61000061035156,867200
2018-02-23,74.93218231201172,95.3499984741211,95.75,94.20999908447266,95.4800033569336,1406800
2018-02-26,75.69448852539062,96.31999969482422,96.37999725341797,95.37999725341797,95.56999969482422,806000
2018-02-27,72.99110412597656,92.87999725341797,96.97000122070312,92.83000183105469,96.45999908447266,1660300
2018-02-28,72.44886016845703,92.19000244140625,94.05999755859375,91.87000274658203,92.86000061035156,3265600
2018-03-01,72.69247436523438,92.5,94.36000061035156,91.7699966430664,92.38999938964844,1115500
2018-03-02,75.02650451660156,95.47000122070312,95.70999908447266,91.9800033569336,91.9800033569336,2294800
2018-03-05,74.22490692138672,94.44999694824219,95.58000183105469,94.0999984741211,95.16000366210938,1857300
2018-03-06,73.96558380126953,94.12000274658203,94.87000274658203,93.08000183105469,94.87000274658203,1468500
2018-03-07,73.39190673828125,93.38999938964844,93.55999755859375,92.45999908447266,93.25,1714800
2018-03-08,73.57264709472656,93.62000274658203,94.27999877929688,93.33999633789062,93.77999877929688,1671400
2018-03-09,74.50782775878906,94.80999755859375,94.91999816894531,93.70999908447266,94.33000183105469,1209100
2018-03-12,74.46067810058594,94.75,95.4800033569336,94.30999755859375,94.8499984741211,1253100
2018-03-13,74.24848937988281,94.4800033569336,95.45999908447266,94.31999969482422,95.2699966430664,1585500
2018-03-14,74.03631591796875,94.20999908447266,96.01000213623047,93.98999786376953,94.97000122070312,1280300
2018-03-15,73.57264709472656,93.62000274658203,95.19000244140625,93.44999694824219,94.30999755859375,1693200
2018-03-16,74.30351257324219,94.55000305175781,95.19999694824219,93.68000030517578,93.87000274658203,3029900
2018-03-19,74.16204833984375,94.37000274658203,95.08999633789062,93.66000366210938,94.18000030517578,1629500
2018-03-20,74.74356842041016,95.11000061035156,96.37000274658203,94.44999694824219,94.69000244140625,1925400
2018-03-21,73.32901763916016,93.30999755859375,95.68000030517578,93.20999908447266,95.04000091552734,1661400
2018-03-22,67.53722381591797,85.94000244140625,90.0,85.87999725341797,88.4800033569336,5256500
2018-03-23,66.20909118652344,84.25,86.8499984741211,84.22000122070312,85.83000183105469,2723700
2018-03-26,66.65703582763672,84.81999969482422,86.83000183105469,84.55000305175781,85.48999786376953,2123600
2018-03-27,66.18550872802734,84.22000122070312,85.33000183105469,83.66999816894531,84.76000213623047,1430100
2018-03-28,66.3112564086914,84.37999725341797,84.7300033569336,83.91000366210938,84.26000213623047,1857500
2018-03-29,66.99495697021484,85.25,85.63999938964844,84.20999908447266,84.77999877929688,1319900
2018-04-02,66.06765747070312,84.06999969482422,86.02999877929688,82.37999725341797,86.01000213623047,2188500
2018-04-03,66.45272064208984,84.55999755859375,85.37999725341797,83.56999969482422,84.26000213623047,1381300
2018-04-04,68.24449157714844,86.83999633789062,87.04000091552734,83.75,83.75,1829200
2018-04-05,68.11090850830078,86.66999816894531,87.08000183105469,86.05999755859375,87.08000183105469,1852800
2018-04-06,68.26020812988281,86.86000061035156,87.08999633789062,85.83000183105469,86.01000213623047,1757600
2018-04-09,68.51351165771484,86.55000305175781,87.91000366210938,86.4800033569336,87.29000091552734,2084300
2018-04-10,68.5451889038086,86.58999633789062,87.25,85.87000274658203,87.08999633789062,1698400
2018-04-11,68.47395324707031,86.5,87.04000091552734,86.04000091552734,86.31999969482422,970000
2018-04-12,68.7509994506836,86.8499984741211,87.69000244140625,86.66999816894531,87.12999725341797,1040900
2018-04-13,69.43968963623047,87.72000122070312,87.87999725341797,86.86000061035156,87.27999877929688,1785500
2018-04-16,70.41338348388672,88.94999694824219,89.12000274658203,88.0,88.0,1618500
2018-04-17,70.78544616699219,89.41999816894531,90.41999816894531,88.87999725341797,89.95999908447266,1318700
2018-04-18,71.05458068847656,89.76000213623047,90.58000183105469,89.33999633789062,89.55000305175781,1137800
2018-04-19,71.05458068847656,89.76000213623047,90.0999984741211,88.94999694824219,89.73999786376953,843900
2018-04-20,72.07575988769531,91.05000305175781,91.3499984741211,90.36000061035156,90.72000122070312,1773800
2018-04-23,72.07575988769531,91.05000305175781,91.3499984741211,89.8499984741211,91.0199966430664,1500300
2018-04-24,71.56121063232422,90.4000015258789,91.87999725341797,89.69000244140625,91.58000183105469,1004700
2018-04-25,72.13114929199219,91.12000274658203,91.48999786376953,90.05999755859375,90.51000213623047,908200
2018-04-26,73.5006332397461,92.8499984741211,93.5,91.63999938964844,91.63999938964844,1413500
2018-04-27,74.75927734375,94.44000244140625,95.43000030517578,92.75,93.01000213623047,1346400
2018-04-30,73.50855255126953,92.86000061035156,94.69000244140625,92.72000122070312,94.69000244140625,2533700
2018-05-01,73.85685729980469,93.30000305175781,93.41000366210938,92.1500015258789,92.7699966430664,956300
2018-05-02,72.81986236572266,91.98999786376953,93.3499984741211,91.77999877929688,92.83000183105469,1003100
2018-05-03,72.69319915771484,91.83000183105469,92.13999938964844,91.08999633789062,91.87000274658203,869500
2018-05-04,73.48480987548828,92.83000183105469,93.68000030517578,91.77999877929688,91.9000015258789,1198000
2018-05-07,72.75653076171875,91.91000366210938,92.83999633789062,91.44000244140625,92.83999633789062,1916600
2018-05-08,73.04151153564453,92.2699966430664,93.0,91.88999938964844,92.12000274658203,1150300
2018-05-09,72.70111846923828,91.83999633789062,92.25,91.0999984741211,92.23999786376953,1132100
2018-05-10,72.30530548095703,91.33999633789062,91.72000122070312,91.04000091552734,91.52999877929688,1129300
2018-05-11,71.50577545166016,90.33000183105469,92.25,90.2699966430664,91.4800033569336,1895400
2018-05-14,68.84600830078125,86.97000122070312,90.33000183105469,86.66999816894531,90.26000213623047,2307500
2018-05-15,69.10722351074219,87.30000305175781,87.44999694824219,86.30000305175781,86.69999694824219,1686000
2018-05-16,69.04389953613281,87.22000122070312,87.81999969482422,87.01000213623047,87.44000244140625,1148400
2018-05-17,68.0306625366211,85.94000244140625,87.77999877929688,84.98999786376953,87.0,2345800
2018-05-18,67.33403778076172,85.05999755859375,86.4000015258789,84.41999816894531,86.02999877929688,1745600
2018-05-21,68.25228118896484,86.22000122070312,86.43000030517578,84.37000274658203,85.11000061035156,1468000
2018-05-22,68.0306625366211,85.94000244140625,86.61000061035156,85.37000274658203,86.4000015258789,1431400
2018-05-23,67.84857940673828,85.70999908447266,86.02999877929688,84.62000274658203,85.25,1672000
2018-05-24,68.83016967773438,86.94999694824219,87.43000030517578,85.76000213623047,85.91999816894531,1719300
2018-05-25,69.56636047363281,87.87999725341797,88.9000015258789,86.94000244140625,87.12000274658203,1478400
2018-05-29,69.72467041015625,88.08000183105469,88.08999633789062,86.93000030517578,87.31999969482422,1492500
2018-05-30,70.42920684814453,88.97000122070312,89.05000305175781,88.13999938964844,88.55999755859375,1244600
2018-05-31,69.19430541992188,87.41000366210938,88.95999908447266,86.93000030517578,88.95999908447266,1792900
2018-06-01,70.05716705322266,88.5,89.5,87.86000061035156,88.29000091552734,1269000
2018-06-04,70.19170379638672,88.66999816894531,89.05999755859375,87.86000061035156,88.2300033569336,1287000
2018-06-05,70.6587905883789,89.26000213623047,89.43000030517578,87.61000061035156,88.48999786376953,1106100
2018-06-06,71.96491241455078,90.91000366210938,91.18000030517578,89.23999786376953,89.51000213623047,1061500
2018-06-07,72.3528060913086,91.4000015258789,92.54000091552734,91.12000274658203,92.29000091552734,1257800
2018-06-08,72.39238739013672,91.44999694824219,91.91000366210938,90.54000091552734,91.25,1378900
2018-06-11,73.07316589355469,92.30999755859375,92.41000366210938,91.4000015258789,91.87999725341797,1157800
2018-06-12,73.48480987548828,92.83000183105469,93.01000213623047,91.9800033569336,92.70999908447266,1705600
2018-06-13,73.12857055664062,92.37999725341797,93.7300033569336,92.36000061035156,92.97000122070312,924500
2018-06-14,72.97817993164062,92.19000244140625,92.9000015258789,91.56999969482422,92.52999877929688,1681100
2018-06-15,74.49014282226562,94.0999984741211,94.18000030517578,91.33999633789062,92.05000305175781,1904300
2018-06-18,74.6642837524414,94.31999969482422,94.4800033569336,93.0,93.31999969482422,1448100
2018-06-19,74.89386749267578,94.61000061035156,95.97000122070312,93.87999725341797,93.9000015258789,1791000
2018-06-20,73.83311462402344,93.2699966430664,94.69999694824219,93.18000030517578,94.5199966430664,2889700
2018-06-21,84.74937438964844,107.05999755859375,107.73999786376953,100.72000122070312,102.51000213623047,8042900
2018-06-22,86.18216705322266,108.87000274658203,109.52999877929688,105.36000061035156,108.23999786376953,3273800
2018-06-25,84.93936920166016,107.30000305175781,109.36000061035156,107.19999694824219,108.69000244140625,2510000
2018-06-26,85.3667984008789,107.83999633789062,108.87999725341797,106.33000183105469,107.41000366210938,2031900
2018-06-27,83.8073501586914,105.87000274658203,108.4000015258789,105.80999755859375,108.38999938964844,1880700
2018-06-28,85.49347686767578,108.0,108.05000305175781,105.52999877929688,105.52999877929688,2003500
2018-06-29,84.74937438964844,107.05999755859375,109.58000183105469,107.05999755859375,108.45999908447266,1894900
2018-07-02,86.68876647949219,109.51000213623047,109.7300033569336,106.12999725341797,106.8499984741211,2053300
2018-07-03,86.02384948730469,108.66999816894531,110.55000305175781,108.1500015258789,110.0,2591300
2018-07-05,87.22710418701172,110.19000244140625,110.4800033569336,108.91000366210938,109.3499984741211,1963600
2018-07-06,87.9316177368164,111.08000183105469,111.43000030517578,110.19000244140625,110.86000061035156,1963500
2018-07-09,88.01133728027344,110.43000030517578,111.05999755859375,109.70999908447266,110.68000030517578,2254300
2018-07-10,87.50923156738281,109.80000305175781,110.76000213623047,109.25,110.48999786376953,1993800
2018-07-11,88.03520965576172,110.45999908447266,110.9800033569336,109.41999816894531,109.44999694824219,1768200
2018-07-12,88.77645111083984,111.38999938964844,111.73999786376953,110.69999694824219,111.25,1386300
2018-07-13,89.33431243896484,112.08999633789062,112.31999969482422,110.80999755859375,111.11000061035156,955700
2018-07-16,88.68875885009766,111.27999877929688,111.94000244140625,110.05000305175781,110.73999786376953,1506900
2018-07-17,87.97146606445312,110.37999725341797,111.75,110.19999694824219,111.33000183105469,1215300
2018-07-18,89.38214111328125,112.1500015258789,112.44000244140625,110.5199966430664,111.08000183105469,1215100
2018-07-19,89.11116790771484,111.80999755859375,112.80999755859375,111.02999877929688,111.02999877929688,801800
2018-07-20,88.03520965576172,110.45999908447266,111.51000213623047,110.36000061035156,111.43000030517578,1240200
2018-07-23,88.43373107910156,110.95999908447266,111.55999755859375,109.11000061035156,110.7300033569336,1139200
2018-07-24,86.3137435913086,108.30000305175781,110.91999816894531,107.93000030517578,110.91999816894531,1798500
2018-07-25,85.31748962402344,107.05000305175781,109.61000061035156,106.91999816894531,108.0,2290000
2018-07-26,85.2856216430664,107.01000213623047,107.97000122070312,106.51000213623047,106.95999908447266,1632400
2018-07-27,85.10231018066406,106.77999877929688,108.5199966430664,106.68000030517578,107.97000122070312,1193600
2018-07-30,84.81539154052734,106.41999816894531,107.4000015258789,106.2699966430664,106.76000213623047,632000
2018-07-31,85.22986602783203,106.94000244140625,107.0,104.72000122070312,104.80000305175781,1328700
2018-08-01,84.90306091308594,106.52999877929688,107.19000244140625,105.31999969482422,105.87999725341797,1207300
2018-08-02,86.68830871582031,108.7699966430664,109.12000274658203,106.33999633789062,106.97000122070312,1287500
2018-08-03,86.7759780883789,108.87999725341797,109.7300033569336,108.0199966430664,108.88999938964844,1114200
2018-08-06,88.3779296875,110.88999938964844,111.38999938964844,109.18000030517578,109.18000030517578,972000
2018-08-07,87.65267944335938,109.9800033569336,111.69999694824219,109.4000015258789,111.20999908447266,837000
2018-08-08,87.57298278808594,109.87999725341797,110.08999633789062,108.58000183105469,109.97000122070312,735100
2018-08-09,87.20636749267578,109.41999816894531,110.87999725341797,109.33999633789062,109.8499984741211,884700
2018-08-10,87.24620819091797,109.47000122070312,110.19999694824219,107.95999908447266,108.45999908447266,892700
2018-08-13,87.13462829589844,109.33000183105469,109.73999786376953,108.44999694824219,109.54000091552734,754600
2018-08-14,88.5931396484375,111.16000366210938,111.29000091552734,108.45999908447266,109.97000122070312,818900
2018-08-15,89.5335693359375,112.33999633789062,112.73999786376953,110.58000183105469,110.58000183105469,1262500
2018-08-16,89.96394348144531,112.87999725341797,113.54000091552734,112.52999877929688,112.83000183105469,987900
2018-08-17,90.73702239990234,113.8499984741211,114.05999755859375,112.72000122070312,113.1500015258789,776900
2018-08-20,91.14347839355469,114.36000061035156,114.51000213623047,113.4000015258789,113.73999786376953,1166500
2018-08-21,90.85658264160156,114.0,114.68000030517578,113.02999877929688,114.52999877929688,626600
2018-08-22,90.665283203125,113.76000213623047,114.20999908447266,113.01000213623047,114.19999694824219,529600
2018-08-23,91.10362243652344,114.30999755859375,114.43000030517578,112.20999908447266,113.5199966430664,1101200
2018-08-24,91.11956787109375,114.33000183105469,115.30999755859375,114.08000183105469,114.44999694824219,970700
2018-08-27,90.76094818115234,113.87999725341797,115.0,113.44999694824219,114.70999908447266,643700
2018-08-28,91.63761901855469,114.9800033569336,115.2699966430664,113.66000366210938,113.66000366210938,912400
2018-08-29,91.55792999267578,114.87999725341797,115.19000244140625,114.31999969482422,115.19000244140625,518300
2018-08-30,92.1476821899414,115.62000274658203,116.29000091552734,114.2699966430664,114.75,557500
2018-08-31,92.482421875,116.04000091552734,116.62000274658203,115.19000244140625,115.80999755859375,999900
2018-09-04,93.46272277832031,117.2699966430664,117.61000061035156,115.97000122070312,116.11000061035156,815500
2018-09-05,94.73790740966797,118.87000274658203,119.0999984741211,116.75,117.91000366210938,1066400
2018-09-06,94.69007110595703,118.80999755859375,119.41000366210938,118.05000305175781,118.58999633789062,1154800
2018-09-07,94.9690170288086,119.16000366210938,120.19999694824219,118.69999694824219,118.8499984741211,1571700
2018-09-10,94.58646392822266,118.68000030517578,119.29000091552734,117.2300033569336,117.44999694824219,1006200
2018-09-11,95.14434051513672,119.37999725341797,120.93000030517578,118.94999694824219,120.51000213623047,1173300
2018-09-12,94.63429260253906,118.73999786376953,119.75,118.45999908447266,119.5199966430664,754200
2018-09-13,94.72193908691406,118.8499984741211,119.61000061035156,118.19000244140625,119.41999816894531,862100
2018-09-14,94.88136291503906,119.05000305175781,119.4000015258789,118.38999938964844,119.4000015258789,815800
2018-09-17,94.028564453125,117.9800033569336,118.91999816894531,117.41999816894531,118.58999633789062,992200
2018-09-18,94.76180267333984,118.9000015258789,119.54000091552734,117.01000213623047,117.91000366210938,1697600
2018-09-19,93.95683288574219,117.88999938964844,119.8499984741211,117.08000183105469,119.76000213623047,1662900
2018-09-20,92.80919647216797,116.44999694824219,124.0,114.9000015258789,122.62000274658203,3697400
2018-09-21,89.97190856933594,112.88999938964844,117.0,112.5999984741211,116.9000015258789,3062000
2018-09-24,90.28272247314453,113.27999877929688,113.73999786376953,110.72000122070312,111.2699966430664,1811400
2018-09-25,90.12332153320312,113.08000183105469,114.04000091552734,112.62999725341797,113.87000274658203,1475400
2018-09-26,89.69293975830078,112.54000091552734,114.22000122070312,112.4000015258789,113.41000366210938,1269500
2018-09-27,88.68875885009766,111.27999877929688,113.0999984741211,111.08999633789062,112.27999877929688,916700
2018-09-28,88.6170425415039,111.19000244140625,111.88999938964844,110.97000122070312,111.29000091552734,1807700
2018-10-01,87.04696655273438,109.22000122070312,111.18000030517578,109.01000213623047,111.12999725341797,1444100
2018-10-02,85.31748962402344,107.05000305175781,109.5199966430664,106.94000244140625,109.31999969482422,1715100
2018-10-03,85.99494171142578,107.9000015258789,108.94999694824219,107.22000122070312,107.44000244140625,1561200
2018-10-04,86.18622589111328,108.13999938964844,108.66000366210938,107.69000244140625,108.13999938964844,1399600
2018-10-05,86.38548278808594,108.38999938964844,109.08000183105469,107.45999908447266,108.2300033569336,1574300
2018-10-08,86.3456039428711,108.33999633789062,108.94999694824219,106.81999969482422,108.43000030517578,1105500
2018-10-09,87.18828582763672,108.63999938964844,109.33999633789062,107.97000122070312,108.1500015258789,1272000
2018-10-10,85.84002685546875,106.95999908447266,109.23999786376953,106.87000274658203,108.66000366210938,1220400
2018-10-11,83.5046157836914,104.05000305175781,106.91999816894531,103.13999938964844,106.83000183105469,2045700
2018-10-12,85.67950439453125,106.76000213623047,107.36000061035156,105.12999725341797,105.37999725341797,1670800
2018-10-15,85.66345977783203,106.73999786376953,107.54000091552734,105.56999969482422,106.5999984741211,922100
2018-10-16,88.3519515991211,110.08999633789062,110.33999633789062,107.25,107.63999938964844,1562300
2018-10-17,88.23161315917969,109.94000244140625,110.63999938964844,108.52999877929688,109.88999938964844,1049300
2018-10-18,88.00688171386719,109.66000366210938,110.91999816894531,108.77999877929688,109.9000015258789,1219900
2018-10-19,85.33441925048828,106.33000183105469,109.4000015258789,106.13999938964844,109.4000015258789,1439500
2018-10-22,85.97643280029297,107.12999725341797,107.72000122070312,106.33999633789062,106.77999877929688,1068500
2018-10-23,86.03262329101562,107.19999694824219,107.61000061035156,105.41999816894531,106.0,1119700
2018-10-24,83.39226531982422,103.91000366210938,108.05999755859375,103.76000213623047,106.26000213623047,1381500
2018-10-25,85.41468048095703,106.43000030517578,107.12000274658203,104.1500015258789,104.44999694824219,918400
2018-10-26,83.39226531982422,103.91000366210938,106.22000122070312,103.26000213623047,105.43000030517578,1286700
2018-10-29,84.39544677734375,105.16000366210938,107.9800033569336,104.2300033569336,105.62999725341797,1095200
2018-10-30,86.73086547851562,108.06999969482422,108.16000366210938,104.0999984741211,105.94000244140625,1390300
2018-10-31,85.51099395751953,106.55000305175781,109.0,106.16999816894531,109.0,1375000
2018-11-01,84.1546630859375,104.86000061035156,107.58000183105469,104.81999969482422,106.29000091552734,1290100
2018-11-02,84.5077896118164,105.30000305175781,108.12999725341797,103.88999938964844,105.95999908447266,2956500
2018-11-05,85.34241485595703,106.33999633789062,107.38999938964844,105.12000274658203,105.19000244140625,2410400
2018-11-06,88.80140686035156,110.6500015258789,110.66999816894531,106.38999938964844,106.38999938964844,3451300
2018-11-07,89.25882720947266,111.22000122070312,112.19000244140625,109.31999969482422,110.66999816894531,2126200
2018-11-08,90.07743072509766,112.23999786376953,114.45999908447266,110.9800033569336,111.4000015258789,1441000
2018-11-09,90.23795318603516,112.44000244140625,113.69999694824219,111.63999938964844,112.33000183105469,1731600
2018-11-12,90.19782257080078,112.38999938964844,113.69999694824219,112.08000183105469,113.0,1634200
2018-11-13,89.92495727539062,112.05000305175781,114.08999633789062,111.52999877929688,112.70999908447266,2067700
2018-11-14,89.82062530517578,111.91999816894531,113.55000305175781,111.16000366210938,112.43000030517578,1632800
2018-11-15,89.74037170410156,111.81999969482422,112.9800033569336,109.81999969482422,111.29000091552734,1732400
2018-11-16,89.77247619628906,111.86000061035156,111.98999786376953,109.75,111.08000183105469,1604500
2018-11-19,91.05654907226562,113.45999908447266,114.05000305175781,111.25,111.75,1460700
2018-11-20,89.35514831542969,111.33999633789062,113.19000244140625,110.69000244140625,112.62999725341797,1128800
2018-11-21,89.25081634521484,111.20999908447266,111.94999694824219,110.45999908447266,111.44000244140625,707900
2018-11-23,89.53974914550781,111.56999969482422,112.81999969482422,110.5199966430664,110.5199966430664,638700
2018-11-26,88.50444030761719,110.27999877929688,112.93000030517578,109.27999877929688,112.6500015258789,1441700
2018-11-27,88.22357940673828,109.93000030517578,111.11000061035156,109.25,109.79000091552734,1629800
2018-11-28,90.96826934814453,113.3499984741211,114.1500015258789,110.72000122070312,110.72000122070312,1693600
2018-11-29,89.29094696044922,111.26000213623047,113.20999908447266,109.87000274658203,112.19999694824219,1328000
2018-11-30,88.71311950683594,110.54000091552734,111.87999725341797,109.58999633789062,111.44999694824219,1875100
2018-12-03,88.31986236572266,110.05000305175781,111.4800033569336,108.19999694824219,111.08999633789062,1959200
2018-12-04,86.47400665283203,107.75,111.0,107.58000183105469,109.61000061035156,1635700
2018-12-06,87.78215026855469,109.37999725341797,109.5999984741211,105.87999725341797,107.19000244140625,1650200
2018-12-07,84.1305923461914,104.83000183105469,109.87999725341797,104.27999877929688,109.18000030517578,1753800
2018-12-10,84.55594635009766,105.36000061035156,105.94000244140625,103.27999877929688,104.83000183105469,1816400
2018-12-11,81.65877532958984,101.75,106.52999877929688,100.87999725341797,106.4000015258789,2043700
2018-12-12,84.51580047607422,105.30999755859375,107.05000305175781,104.12999725341797,104.37000274658203,1993500
2018-12-13,83.64104461669922,104.22000122070312,106.29000091552734,102.83999633789062,105.47000122070312,1581700
2018-12-14,82.82243347167969,103.19999694824219,104.97000122070312,102.62999725341797,103.19999694824219,1631000
2018-12-17,79.36348724365234,98.88999938964844,103.30000305175781,98.72000122070312,102.91000366210938,3030900
2018-12-18,83.3440933227539,103.8499984741211,105.08999633789062,101.33000183105469,102.94000244140625,4334500
2018-12-19,80.75991821289062,100.62999725341797,105.91999816894531,99.98999786376953,104.58999633789062,2706600
2018-12-20,79.5159912109375,99.08000183105469,100.8499984741211,97.37000274658203,99.94999694824219,2617500
2018-12-21,79.5962142944336,99.18000030517578,101.44999694824219,98.62000274658203,99.04000091552734,2561500
2018-12-24,77.61392974853516,96.70999908447266,98.69999694824219,95.91999816894531,98.69999694824219,907100
2018-12-26,79.1066665649414,98.56999969482422,98.58000183105469,96.41000366210938,97.02999877929688,1172400
2018-12-27,79.09062957763672,98.55000305175781,98.55000305175781,95.83000183105469,97.81999969482422,1372900
2018-12-28,78.92211151123047,98.33999633789062,99.9000015258789,97.94000244140625,98.75,1290400
2018-12-31,80.14195251464844,99.86000061035156,99.86000061035156,97.9800033569336,98.56999969482422,1163400
2019-01-02,80.19815063476562,99.93000030517578,100.11000061035156,98.2300033569336,99.26000213623047,1563600
2019-01-03,78.90604400634766,98.31999969482422,99.68000030517578,97.91000366210938,99.0999984741211,1857800
2019-01-04,81.37786865234375,101.4000015258789,101.69000244140625,98.88999938964844,99.37999725341797,2070100
2019-01-07,83.4163589477539,103.94000244140625,104.88999938964844,101.62999725341797,101.73999786376953,1889300
2019-01-08,84.76458740234375,105.62000274658203,105.98999786376953,103.7300033569336,104.51000213623047,1676700
2019-01-09,84.76459503173828,104.87000274658203,105.80000305175781,104.18000030517578,105.54000091552734,1105600
2019-01-10,85.5001449584961,105.77999877929688,105.87999725341797,104.0999984741211,104.80999755859375,996200
2019-01-11,87.28642272949219,107.98999786376953,108.19999694824219,106.41999816894531,106.41999816894531,1340700
2019-01-14,85.61328887939453,105.91999816894531,107.87999725341797,105.33999633789062,107.6500015258789,1493700
2019-01-15,86.6964111328125,107.26000213623047,107.51000213623047,105.4800033569336,106.44000244140625,955300
2019-01-16,86.31651306152344,106.79000091552734,107.86000061035156,105.86000061035156,107.61000061035156,1090600
2019-01-17,87.30262756347656,108.01000213623047,108.43000030517578,106.81999969482422,106.81999969482422,1116400
2019-01-18,88.11898040771484,109.0199966430664,109.19999694824219,107.55999755859375,108.66000366210938,1111200
2019-01-22,87.8037338256836,108.62999725341797,110.08000183105469,107.58000183105469,108.69999694824219,1146000
2019-01-23,87.36726379394531,108.08999633789062,109.25,107.08000183105469,109.25,1106400
2019-01-24,86.82572174072266,107.41999816894531,108.80999755859375,107.38999938964844,108.3499984741211,837000
2019-01-25,86.02552795410156,106.43000030517578,108.16000366210938,105.69999694824219,108.16000366210938,1149300
2019-01-28,86.78529357910156,107.37000274658203,107.83999633789062,105.7699966430664,106.05999755859375,674400
2019-01-29,85.85576629638672,106.22000122070312,107.8499984741211,105.0,107.8499984741211,960700
2019-01-30,85.78303527832031,106.12999725341797,107.41999816894531,105.0999984741211,106.7699966430664,925800
2019-01-31,84.8131103515625,104.93000030517578,106.27999877929688,104.29000091552734,105.87000274658203,1618000
2019-02-01,84.85352325439453,104.9800033569336,105.56999969482422,104.25,104.94000244140625,1328700
2019-02-04,86.6236343383789,107.16999816894531,107.43000030517578,105.31999969482422,105.31999969482422,1312200
2019-02-05,87.36726379394531,108.08999633789062,108.16000366210938,106.55999755859375,107.0999984741211,2029200
2019-02-06,88.29680633544922,109.23999786376953,109.77999877929688,107.95999908447266,108.38999938964844,1304000
2019-02-07,88.5796890258789,109.58999633789062,110.19999694824219,108.6500015258789,109.01000213623047,1035500
2019-02-08,88.43421936035156,109.41000366210938,109.94999694824219,108.43000030517578,109.02999877929688,856000
2019-02-11,89.14550018310547,110.29000091552734,111.05999755859375,109.51000213623047,109.86000061035156,806000
2019-02-12,90.13159942626953,111.51000213623047,111.52999877929688,110.55000305175781,110.73999786376953,1181400
2019-02-13,90.2366714477539,111.63999938964844,112.0,109.80000305175781,111.54000091552734,692800
2019-02-14,90.44683837890625,111.9000015258789,112.48999786376953,110.80000305175781,111.38999938964844,893300
2019-02-15,90.6246566772461,112.12000274658203,113.19000244140625,111.79000091552734,112.58000183105469,704700
2019-02-19,89.99418640136719,111.33999633789062,112.12000274658203,111.30999755859375,112.12000274658203,737400
2019-02-20,89.34756469726562,110.54000091552734,112.02999877929688,110.41999816894531,111.7300033569336,702000
2019-02-21,89.80020904541016,111.0999984741211,111.29000091552734,109.36000061035156,110.12999725341797,1004300
2019-02-22,90.33367919921875,111.76000213623047,111.80999755859375,110.30000305175781,111.04000091552734,1035800
2019-02-25,89.79210662841797,111.08999633789062,112.56999969482422,110.94999694824219,112.56999969482422,1133500
2019-02-26,89.77596282958984,111.06999969482422,111.72000122070312,110.87999725341797,111.16000366210938,771000
2019-02-27,90.01038360595703,111.36000061035156,111.62999725341797,110.30000305175781,110.87999725341797,698700
2019-02-28,90.61654663085938,112.11000061035156,112.33999633789062,110.94000244140625,111.4000015258789,1038400
2019-03-01,90.24475860595703,111.6500015258789,113.37999725341797,111.06999969482422,112.7300033569336,779400
2019-03-04,89.88103485107422,111.19999694824219,112.86000061035156,110.0,111.62000274658203,1585000
2019-03-05,89.46073913574219,110.68000030517578,112.11000061035156,110.4000015258789,111.62000274658203,1534000
2019-03-06,88.5392837524414,109.54000091552734,111.2699966430664,109.22000122070312,110.97000122070312,941100
2019-03-07,87.64209747314453,108.43000030517578,109.66999816894531,107.91999816894531,109.52999877929688,1194100
2019-03-08,87.00354766845703,107.63999938964844,108.76000213623047,106.75,108.54000091552734,1379500
2019-03-11,87.92498779296875,108.77999877929688,109.12000274658203,107.33000183105469,107.70999908447266,910000
2019-03-12,88.45846557617188,109.44000244140625,109.56999969482422,108.52999877929688,109.2300033569336,838800
2019-03-13,88.94342041015625,110.04000091552734,111.06999969482422,109.5199966430664,109.77999877929688,1166700
2019-03-14,88.94342041015625,110.04000091552734,110.7699966430664,109.5,110.08999633789062,1132500
2019-03-15,89.44457244873047,110.66000366210938,111.38999938964844,109.66999816894531,110.04000091552734,1903100
2019-03-18,89.79210662841797,111.08999633789062,112.13999938964844,110.18000030517578,111.13999938964844,1259200
2019-03-19,89.21016693115234,110.37000274658203,111.37999725341797,109.8499984741211,111.37999725341797,1279200
2019-03-20,87.81993103027344,108.6500015258789,110.95999908447266,108.31999969482422,110.29000091552734,1907300
2019-03-21,93.84971618652344,116.11000061035156,116.55999755859375,112.5,113.48999786376953,3790600
2019-03-22,94.92473602294922,117.44000244140625,118.19999694824219,115.80999755859375,116.22000122070312,1957700
2019-03-25,95.95122528076172,118.70999908447266,119.12000274658203,117.38999938964844,117.66000366210938,1678700
2019-03-26,96.26646423339844,119.0999984741211,119.97000122070312,118.29000091552734,118.38999938964844,1404700
2019-03-27,96.2018051147461,119.0199966430664,119.51000213623047,118.37000274658203,119.0,1520200
2019-03-28,97.90729522705078,121.12999725341797,121.30000305175781,119.31999969482422,119.52999877929688,1319800
2019-03-29,98.18209075927734,121.47000122070312,122.37000274658203,120.77999877929688,121.69000244140625,1270100
2019-04-01,97.38189697265625,120.4800033569336,122.36000061035156,119.95999908447266,122.12999725341797,950700
2019-04-02,96.33113098144531,119.18000030517578,120.16000366210938,118.31999969482422,120.16000366210938,1374400
2019-04-03,95.7410888671875,118.44999694824219,119.9800033569336,118.0,119.9800033569336,1297900
2019-04-04,95.78958129882812,118.51000213623047,118.7300033569336,117.0,118.58000183105469,1063800
2019-04-05,96.16947174072266,118.9800033569336,119.38999938964844,118.41999816894531,118.86000061035156,1564800
2019-04-08,96.45238494873047,119.33000183105469,119.52999877929688,118.54000091552734,119.0,1185700
2019-04-09,95.19161987304688,117.02999877929688,118.25,116.91000366210938,118.05999755859375,779700
2019-04-10,95.17534637451172,117.01000213623047,117.66000366210938,116.06999969482422,117.12000274658203,789500
2019-04-11,94.63849639892578,116.3499984741211,117.5,115.80999755859375,116.98999786376953,1130200
2019-04-12,94.76050567626953,116.5,117.33999633789062,116.22000122070312,116.5,1039000
2019-04-15,94.23180389404297,115.8499984741211,116.5,115.55999755859375,116.44000244140625,853300
2019-04-16,94.14231872558594,115.73999786376953,116.73999786376953,114.76000213623047,116.30000305175781,879300
2019-04-17,93.06865692138672,114.41999816894531,115.87000274658203,113.81999969482422,115.66000366210938,1657700
2019-04-18,95.06148529052734,116.87000274658203,117.11000061035156,114.6500015258789,114.87999725341797,1632800
2019-04-22,95.02081298828125,116.81999969482422,117.29000091552734,116.25,116.37000274658203,1446100
2019-04-23,95.1672134399414,117.0,118.30999755859375,116.19000244140625,116.83000183105469,1395800
2019-04-24,95.92366790771484,117.93000030517578,118.4800033569336,116.73999786376953,116.95999908447266,828500
2019-04-25,96.91600799560547,119.1500015258789,119.5999984741211,117.62000274658203,117.83999633789062,1793700
2019-04-26,98.92510986328125,121.62000274658203,121.87999725341797,119.4800033569336,120.1500015258789,1565900
2019-04-29,97.87582397460938,120.33000183105469,121.87999725341797,119.75,121.73999786376953,1178100
2019-04-30,95.65524291992188,117.5999984741211,119.94000244140625,116.02999877929688,119.94000244140625,1617800
2019-05-01,93.97151184082031,115.52999877929688,117.63999938964844,115.45999908447266,117.37000274658203,1024700
2019-05-02,95.82605743408203,117.80999755859375,118.30999755859375,116.06999969482422,116.26000213623047,1764900
2019-05-03,95.7203140258789,117.68000030517578,118.44000244140625,117.05000305175781,118.13999938964844,945500
2019-05-06,96.5337142944336,118.68000030517578,118.88999938964844,116.0199966430664,116.44000244140625,997600
2019-05-07,97.16816711425781,119.45999908447266,119.69999694824219,118.05999755859375,118.05999755859375,1691700
2019-05-08,96.6882553100586,118.87000274658203,119.68000030517578,118.27999877929688,119.25,886900
2019-05-09,97.89209747314453,120.3499984741211,120.36000061035156,118.20999908447266,118.5999984741211,974800
2019-05-10,99.03084564208984,121.75,122.0199966430664,119.51000213623047,120.13999938964844,984300
2019-05-13,97.7538070678711,120.18000030517578,120.7300033569336,119.4000015258789,120.05999755859375,1015900
2019-05-14,98.4451904296875,121.02999877929688,122.0199966430664,120.08000183105469,120.16999816894531,1057900
2019-05-15,98.38824462890625,120.95999908447266,121.80999755859375,120.61000061035156,120.87999725341797,999200
2019-05-16,96.75332641601562,118.94999694824219,122.12000274658203,118.68000030517578,121.30999755859375,1405000
2019-05-17,97.49351501464844,119.86000061035156,120.55999755859375,118.0199966430664,118.0199966430664,1863500
2019-05-20,99.974365234375,122.91000366210938,123.2699966430664,119.62999725341797,120.16000366210938,2044100
2019-05-21,101.49542999267578,124.77999877929688,125.33000183105469,123.0999984741211,123.20999908447266,1696900
2019-05-22,100.07199096679688,123.02999877929688,125.12999725341797,122.2699966430664,124.43000030517578,1781500
2019-05-23,98.2255859375,120.76000213623047,123.0999984741211,119.63999938964844,122.9000015258789,1739000
2019-05-24,97.71312713623047,120.12999725341797,121.04000091552734,119.22000122070312,120.68000030517578,1232500
2019-05-28,96.08634948730469,118.12999725341797,120.98999786376953,118.08000183105469,120.7300033569336,2376500
2019-05-29,94.29689025878906,115.93000030517578,117.48999786376953,114.69999694824219,117.4000015258789,1746100
2019-05-30,95.69590759277344,117.6500015258789,118.16000366210938,115.6500015258789,115.77999877929688,949600
2019-05-31,94.61412048339844,116.31999969482422,117.44999694824219,115.91000366210938,116.69000244140625,1359700
2019-06-03,94.7198486328125,116.44999694824219,116.6500015258789,115.38999938964844,116.01000213623047,1402000
2019-06-04,95.99686431884766,118.0199966430664,119.56999969482422,116.8499984741211,117.05000305175781,1633700
2019-06-05,95.98873138427734,118.01000213623047,118.55999755859375,117.18000030517578,118.29000091552734,1210500
2019-06-06,98.16050720214844,120.68000030517578,121.37000274658203,117.75,118.0,1114600
2019-06-07,98.68106842041016,121.31999969482422,122.63999938964844,121.01000213623047,121.33999633789062,1146000
2019-06-10,96.7777328491211,118.9800033569336,122.75,118.45999908447266,121.61000061035156,886400
2019-06-11,96.8183822631836,119.02999877929688,120.7699966430664,118.72000122070312,119.56999969482422,1094900
2019-06-12,95.82605743408203,117.80999755859375,120.0199966430664,117.12999725341797,119.83999633789062,1143600
2019-06-13,96.71267700195312,118.9000015258789,119.5,118.01000213623047,118.11000061035156,1265900
2019-06-14,97.34712219238281,119.68000030517578,120.19000244140625,118.62000274658203,118.76000213623047,895300
2019-06-17,96.2327651977539,118.30999755859375,119.9800033569336,116.93000030517578,119.83000183105469,1833000
2019-06-18,95.92366790771484,117.93000030517578,119.38999938964844,117.25,118.33999633789062,2129500
2019-06-19,95.50068664550781,117.41000366210938,119.26000213623047,115.77999877929688,117.91000366210938,2491700
2019-06-20,96.52559661865234,118.66999816894531,119.83999633789062,112.5,114.8499984741211,4003800
2019-06-21,98.60787963867188,121.2300033569336,121.44999694824219,118.66999816894531,119.04000091552734,2277600
2019-06-24,99.2260513305664,121.98999786376953,123.97000122070312,121.5,121.62000274658203,2263700
2019-06-25,100.16146087646484,123.13999938964844,123.9000015258789,122.08000183105469,122.38999938964844,1561500
2019-06-26,97.61553955078125,120.01000213623047,123.44999694824219,119.2699966430664,123.0199966430664,1788600
2019-06-27,98.86003875732422,121.54000091552734,121.69999694824219,119.70999908447266,120.0,1047100
2019-06-28,99.01454162597656,121.7300033569336,121.98999786376953,120.16999816894531,120.98999786376953,2434900
2019-07-01,98.90068817138672,121.58999633789062,123.30999755859375,120.3499984741211,122.87000274658203,1201300
2019-07-02,98.28250122070312,120.83000183105469,121.68000030517578,120.31999969482422,121.5999984741211,1076400
2019-07-03,98.99829864501953,121.70999908447266,122.44000244140625,120.94999694824219,120.94999694824219,605900
2019-07-05,100.56815338134766,123.63999938964844,123.68000030517578,121.30999755859375,121.87000274658203,630200
2019-07-08,101.65809631347656,124.9800033569336,125.18000030517578,122.5,123.2699966430664,1860100
2019-07-09,100.41297149658203,122.58000183105469,124.83000183105469,122.1500015258789,123.91999816894531,1370800
2019-07-10,99.5282974243164,121.5,123.20999908447266,120.70999908447266,122.62000274658203,1128300
2019-07-11,100.20817565917969,122.33000183105469,122.7300033569336,120.91000366210938,121.7300033569336,958500
2019-07-12,102.19873046875,124.76000213623047,125.13999938964844,122.7300033569336,123.0199966430664,1000800
2019-07-15,102.73941802978516,125.41999816894531,125.98999786376953,124.70999908447266,124.9800033569336,842600
2019-07-16,100.92903900146484,123.20999908447266,125.47000122070312,123.12999725341797,124.18000030517578,1511900
2019-07-17,100.10985565185547,122.20999908447266,123.88999938964844,121.26000213623047,123.44000244140625,1437900
2019-07-18,101.63350677490234,124.06999969482422,124.0999984741211,121.95999908447266,122.41999816894531,988900
2019-07-19,101.91204071044922,124.41000366210938,125.13999938964844,123.22000122070312,123.87999725341797,999000
2019-07-22,102.77214050292969,125.45999908447266,125.77999877929688,124.05999755859375,124.7300033569336,941800
2019-07-23,102.52642059326172,125.16000366210938,126.44999694824219,124.69000244140625,126.16000366210938,954400
2019-07-24,101.77277374267578,124.23999786376953,126.06999969482422,123.56999969482422,125.19000244140625,989800
2019-07-25,101.24032592773438,123.58999633789062,124.33000183105469,123.0,124.01000213623047,955300
2019-07-26,103.18172454833984,125.95999908447266,126.33999633789062,123.70999908447266,124.26000213623047,827500
2019-07-29,103.72238159179688,126.62000274658203,126.75,125.12999725341797,125.95999908447266,1009900
2019-07-30,102.13320922851562,124.68000030517578,126.3499984741211,123.75,126.12999725341797,651400
2019-07-31,99.57743835449219,121.55999755859375,124.12000274658203,120.13999938964844,124.12000274658203,1159200
2019-08-01,99.02037811279297,120.87999725341797,122.05999755859375,120.12000274658203,121.5999984741211,977900
2019-08-02,98.37325286865234,120.08999633789062,121.80000305175781,119.8499984741211,120.94000244140625,890200
2019-08-05,96.67758178710938,118.0199966430664,119.80000305175781,116.72000122070312,118.76000213623047,1000400
2019-08-06,96.57109832763672,117.88999938964844,119.36000061035156,117.72000122070312,118.30999755859375,974500
2019-08-07,97.42303466796875,118.93000030517578,119.37000274658203,116.37000274658203,117.36000061035156,1092800
2019-08-08,99.97882843017578,122.05000305175781,122.08999633789062,118.88999938964844,119.43000030517578,1075900
2019-08-09,100.29010772705078,122.43000030517578,123.88999938964844,120.80999755859375,121.72000122070312,1513900
2019-08-12,98.84017181396484,120.66000366210938,122.7300033569336,118.12999725341797,122.12999725341797,1038200
2019-08-13,99.24976348876953,121.16000366210938,122.91999816894531,119.91999816894531,120.69000244140625,899500
2019-08-14,95.67820739746094,116.80000305175781,120.31999969482422,116.77999877929688,120.0,1173600
2019-08-15,94.12998962402344,114.91000366210938,117.25,114.63999938964844,116.77999877929688,1480000
2019-08-16,95.92396545410156,117.0999984741211,117.6500015258789,115.0999984741211,115.31999969482422,839900
2019-08-19,97.9472885131836,119.56999969482422,120.33000183105469,117.88999938964844,118.45999908447266,921800
2019-08-20,97.3738784790039,118.87000274658203,119.68000030517578,117.36000061035156,119.41999816894531,698600
2019-08-21,97.9145278930664,119.52999877929688,119.9800033569336,118.5199966430664,119.33999633789062,947200
2019-08-22,99.03678894042969,120.9000015258789,121.94999694824219,119.55999755859375,119.55999755859375,844700
2019-08-23,98.73368835449219,120.52999877929688,122.70999908447266,120.05000305175781,120.8499984741211,1038000
2019-08-26,99.28252410888672,121.19999694824219,121.2699966430664,119.4800033569336,121.2699966430664,786600
2019-08-27,97.90633392333984,119.5199966430664,121.47000122070312,119.1500015258789,121.19999694824219,1118100
2019-08-28,98.46337890625,120.19999694824219,120.70999908447266,119.04000091552734,119.41999816894531,639500
2019-08-29,99.80677032470703,121.83999633789062,122.45999908447266,120.37000274658203,120.48999786376953,941800
2019-08-30,99.1023178100586,120.9800033569336,122.91999816894531,120.70999908447266,121.7699966430664,905100
2019-09-03,97.90633392333984,119.5199966430664,121.44999694824219,118.62000274658203,120.56999969482422,805800
2019-09-04,100.0361557006836,122.12000274658203,122.91999816894531,119.62999725341797,120.04000091552734,1200500
2019-09-05,101.62535095214844,124.05999755859375,124.77999877929688,121.83000183105469,123.16999816894531,1020000
2019-09-06,102.78854370117188,125.4800033569336,127.61000061035156,124.45999908447266,124.68000030517578,1812400
2019-09-09,104.50057220458984,127.56999969482422,127.70999908447266,125.06999969482422,125.87000274658203,1166600
2019-09-10,103.9926986694336,126.94999694824219,127.16000366210938,124.94000244140625,126.79000091552734,1049000
2019-09-11,104.19752502441406,127.19999694824219,127.98999786376953,126.47000122070312,127.44999694824219,977300
2019-09-12,103.26365661621094,126.05999755859375,127.45999908447266,125.97000122070312,127.08000183105469,1044800
2019-09-13,104.31218719482422,127.33999633789062,128.41000366210938,125.95999908447266,126.2300033569336,1088100
2019-09-16,103.9599380493164,126.91000366210938,128.07000732421875,126.06999969482422,126.23999786376953,1282200
2019-09-17,103.21452331542969,126.0,127.94000244140625,124.83000183105469,127.29000091552734,1330200
2019-09-18,104.14017486572266,127.12999725341797,127.5999984741211,126.36000061035156,126.44999694824219,1519000
2019-09-19,98.85655975341797,120.68000030517578,123.91000366210938,120.44000244140625,122.0199966430664,4339900
2019-09-20,98.13569641113281,119.80000305175781,121.55000305175781,119.05000305175781,120.61000061035156,1976300
2019-09-23,97.63603210449219,119.19000244140625,120.02999877929688,118.4000015258789,119.69999694824219,1528500
2019-09-24,96.51375579833984,117.81999969482422,121.12999725341797,117.37999725341797,119.8499984741211,2467100
2019-09-25,97.07080078125,118.5,119.13999938964844,117.70999908447266,118.0,1555800
2019-09-26,95.3833236694336,116.44000244140625,118.38999938964844,115.63999938964844,118.02999877929688,1216600
2019-09-27,95.31777954101562,116.36000061035156,117.3499984741211,115.54000091552734,116.68000030517578,1113000
2019-09-30,96.84142303466797,118.22000122070312,118.5999984741211,116.80000305175781,116.80000305175781,1377700
2019-10-01,95.8502426147461,117.01000213623047,118.87000274658203,116.30999755859375,118.27999877929688,1735800
2019-10-02,94.90818786621094,115.86000061035156,116.5999984741211,114.05000305175781,116.11000061035156,2908400
2019-10-03,94.57234191894531,115.44999694824219,116.51000213623047,113.9800033569336,115.80000305175781,1782800
2019-10-04,95.3669204711914,116.41999816894531,116.55000305175781,115.2300033569336,115.23999786376953,1329700
2019-10-07,94.8508529663086,115.79000091552734,116.41000366210938,115.29000091552734,116.20999908447266,1210900
2019-10-08,93.33541870117188,113.94000244140625,115.58999633789062,113.91000366210938,115.20999908447266,1503900
2019-10-09,92.84832763671875,112.47000122070312,113.5999984741211,112.16000366210938,113.37000274658203,2019500
2019-10-10,92.48511505126953,112.02999877929688,113.16000366210938,111.58999633789062,112.62000274658203,2172300
2019-10-11,93.31889343261719,113.04000091552734,114.12999725341797,112.81999969482422,113.05000305175781,1424000
2019-10-14,91.18075561523438,110.44999694824219,112.81999969482422,110.38999938964844,112.75,1106300
2019-10-15,91.04866790771484,110.29000091552734,110.91000366210938,109.80999755859375,110.66000366210938,1275400
2019-10-16,90.80926513671875,110.0,111.0199966430664,109.69999694824219,110.31999969482422,1149700
2019-10-17,90.09930419921875,109.13999938964844,110.48999786376953,109.08999633789062,110.48999786376953,1007700
2019-10-18,91.18075561523438,110.44999694824219,110.72000122070312,109.1500015258789,109.4000015258789,1195600
2019-10-21,90.94135284423828,110.16000366210938,111.5199966430664,110.0,110.47000122070312,1021000
2019-10-22,89.83512115478516,108.81999969482422,110.68000030517578,108.56999969482422,110.29000091552734,1172600
2019-10-23,91.13948822021484,110.4000015258789,110.43000030517578,108.58000183105469,108.8499984741211,1196300
2019-10-24,91.14774322509766,110.41000366210938,111.33000183105469,109.58999633789062,110.70999908447266,1227400
2019-10-25,92.76578521728516,112.37000274658203,112.70999908447266,110.0999984741211,110.0999984741211,1102000
2019-10-28,91.9237289428711,111.3499984741211,113.2300033569336,111.30999755859375,112.55000305175781,867000
2019-10-29,93.90504455566406,113.75,113.9000015258789,111.91999816894531,113.22000122070312,1666100
2019-10-30,93.2776107788086,112.98999786376953,113.91999816894531,111.48999786376953,113.37999725341797,1146700
2019-10-31,92.6832275390625,112.2699966430664,113.66000366210938,111.94000244140625,113.16999816894531,865100
2019-11-01,92.60067749023438,112.16999816894531,113.43000030517578,112.12999725341797,112.63999938964844,822800
2019-11-04,91.59353637695312,110.94999694824219,112.5,110.72000122070312,112.19000244140625,1072500
2019-11-05,93.09600067138672,112.7699966430664,113.12000274658203,110.66000366210938,110.9000015258789,1150200
2019-11-06,93.11251831054688,112.79000091552734,113.04000091552734,111.80999755859375,112.97000122070312,837100
2019-11-07,93.68213653564453,113.4800033569336,113.77999877929688,112.81999969482422,113.27999877929688,926900
2019-11-08,94.86265563964844,114.91000366210938,114.91000366210938,113.25,113.36000061035156,989000
2019-11-11,94.40860748291016,114.36000061035156,114.94999694824219,113.7699966430664,114.18000030517578,921900
2019-11-12,92.82359313964844,112.44000244140625,114.68000030517578,109.75,114.33999633789062,931800
2019-11-13,92.93914794921875,112.58000183105469,112.94000244140625,111.55000305175781,112.0,895000
2019-11-14,92.84832763671875,112.47000122070312,113.56999969482422,112.11000061035156,112.51000213623047,613400
2019-11-15,92.9556655883789,112.5999984741211,113.18000030517578,111.97000122070312,112.94999694824219,1256300
2019-11-18,93.51702880859375,113.27999877929688,114.01000213623047,112.29000091552734,112.44999694824219,2205500
2019-11-19,93.69039154052734,113.48999786376953,113.91000366210938,112.88999938964844,113.44000244140625,1020900
2019-11-20,94.7305679321289,114.75,115.19999694824219,113.4800033569336,113.68000030517578,908500
2019-11-21,93.69039154052734,113.48999786376953,115.2699966430664,113.20999908447266,115.12999725341797,696200
2019-11-22,94.66451263427734,114.66999816894531,114.86000061035156,112.94000244140625,113.83999633789062,645600
2019-11-25,95.48180389404297,115.66000366210938,116.3499984741211,114.70999908447266,115.26000213623047,894300
2019-11-26,96.7448959350586,117.19000244140625,117.30000305175781,115.43000030517578,115.79000091552734,1578400
2019-11-27,96.9677734375,117.45999908447266,118.22000122070312,117.25,117.75,885800
2019-11-29,97.77679443359375,118.44000244140625,119.27999877929688,117.25,117.66999816894531,803500
2019-12-02,98.5032958984375,119.31999969482422,119.44000244140625,117.98999786376953,118.48999786376953,997600
2019-12-03,97.80158996582031,118.47000122070312,118.93000030517578,117.05000305175781,118.7300033569336,1316600
2019-12-04,97.37227630615234,117.94999694824219,118.83999633789062,117.30000305175781,118.30000305175781,1069500
2019-12-05,97.81808471679688,118.48999786376953,118.81999969482422,117.33000183105469,118.23999786376953,1308400
2019-12-06,98.92430114746094,119.83000183105469,119.9800033569336,118.5999984741211,119.05000305175781,977800
2019-12-09,97.49610900878906,118.0999984741211,119.97000122070312,118.0999984741211,119.95999908447266,1369700
2019-12-10,97.89239501953125,118.58000183105469,118.76000213623047,117.70999908447266,118.0999984741211,1071600
2019-12-11,96.95127868652344,117.44000244140625,118.87999725341797,117.33000183105469,118.56999969482422,995400
2019-12-12,95.98535919189453,116.2699966430664,117.22000122070312,115.8499984741211,116.26000213623047,1054700
2019-12-13,95.41577911376953,115.58000183105469,116.4000015258789,114.94999694824219,115.93000030517578,918800
2019-12-16,95.77902221679688,116.0199966430664,116.5999984741211,115.0999984741211,116.16999816894531,925900
2019-12-17,95.77074432373047,116.01000213623047,116.45999908447266,115.41000366210938,115.5199966430664,1041300
2019-12-18,96.01840209960938,116.30999755859375,116.80999755859375,115.0199966430664,116.33000183105469,1610500
2019-12-19,90.00848388671875,109.02999877929688,113.0,109.02999877929688,112.04000091552734,5406000
2019-12-20,91.00738525390625,110.23999786376953,111.8499984741211,109.30000305175781,110.0,3928700
2019-12-23,89.73605346679688,108.69999694824219,109.94000244140625,107.91000366210938,109.94000244140625,1871900
2019-12-24,89.5709457397461,108.5,108.94999694824219,108.1500015258789,108.69999694824219,668500
2019-12-26,89.909423828125,108.91000366210938,109.37999725341797,108.04000091552734,108.87000274658203,1013500
2019-12-27,89.16643524169922,108.01000213623047,108.5199966430664,107.30000305175781,108.23999786376953,1520600
2019-12-30,89.95069885253906,108.95999908447266,109.0,107.48999786376953,108.0,1478600
2019-12-31,89.99198913574219,109.01000213623047,109.33999633789062,107.95999908447266,109.01000213623047,1601000
2020-01-02,92.67498016357422,112.26000213623047,112.26000213623047,109.38999938964844,109.80000305175781,2745500
2020-01-03,92.7740249633789,112.37999725341797,112.5199966430664,110.87999725341797,111.55999755859375,1371300
2020-01-06,93.38493347167969,113.12000274658203,113.1500015258789,111.62999725341797,112.12000274658203,1595900
2020-01-07,92.58416748046875,112.1500015258789,113.4800033569336,111.7300033569336,112.20999908447266,1901800
2020-01-08,93.98758697509766,113.8499984741211,114.06999969482422,111.81999969482422,112.25,1675800
2020-01-09,95.16896057128906,114.38999938964844,115.5,112.6500015258789,113.41999816894531,1906700
2020-01-10,95.30211639404297,114.55000305175781,114.83000183105469,113.55999755859375,114.58000183105469,1146100
2020-01-13,94.22053527832031,113.25,114.88999938964844,113.05000305175781,114.55000305175781,1517400
2020-01-14,93.35527801513672,112.20999908447266,112.83999633789062,111.66000366210938,112.83999633789062,2080700
2020-01-15,92.58990478515625,111.29000091552734,112.63999938964844,111.25,112.20999908447266,1511300
2020-01-16,94.02086639404297,113.01000213623047,113.8499984741211,110.7300033569336,111.12000274658203,2681700
2020-01-17,94.4451675415039,113.5199966430664,113.75,112.95999908447266,113.27999877929688,1050200
2020-01-21,95.30211639404297,114.55000305175781,114.69000244140625,113.01000213623047,113.11000061035156,1502800
2020-01-22,95.65983581542969,114.9800033569336,115.44999694824219,114.63999938964844,114.81999969482422,1423000
2020-01-23,97.85623931884766,117.62000274658203,117.72000122070312,114.69999694824219,114.94999694824219,1525100
2020-01-24,97.41529846191406,117.08999633789062,117.7699966430664,116.55999755859375,117.75,1080200
2020-01-27,96.82459259033203,116.37999725341797,116.98999786376953,115.87999725341797,115.9000015258789,1133500
2020-01-28,97.71481323242188,117.44999694824219,117.87000274658203,116.62999725341797,116.83999633789062,1391800
2020-01-29,99.1790771484375,119.20999908447266,119.58999633789062,116.44000244140625,117.80999755859375,1124700
2020-01-30,98.34709930419922,118.20999908447266,118.56999969482422,116.33000183105469,118.47000122070312,1336100
2020-01-31,96.86620330810547,116.43000030517578,118.48999786376953,115.83000183105469,118.30000305175781,1081700
2020-02-03,95.60991668701172,114.91999816894531,117.12999725341797,114.87999725341797,117.12999725341797,1343600
2020-02-04,96.14240264892578,115.55999755859375,116.73999786376953,115.55000305175781,115.88999938964844,1511700
2020-02-05,97.73974609375,117.4800033569336,117.62999725341797,115.55000305175781,115.91000366210938,1700800
2020-02-06,101.08430480957031,121.5,121.80000305175781,117.86000061035156,117.9800033569336,2089300
2020-02-07,100.42703247070312,120.70999908447266,121.94999694824219,120.20999908447266,121.5,1555400
2020-02-10,101.32555389404297,121.79000091552734,121.97000122070312,120.23999786376953,120.62000274658203,979800
2020-02-11,101.69163513183594,122.2300033569336,122.41999816894531,120.66999816894531,121.88999938964844,1565100
2020-02-12,101.87464141845703,122.44999694824219,124.01000213623047,122.23999786376953,122.6500015258789,1150400
2020-02-13,101.72489166259766,122.2699966430664,122.43000030517578,121.2699966430664,122.12000274658203,1081100
2020-02-14,101.25900268554688,121.70999908447266,122.62999725341797,121.33000183105469,122.4800033569336,736900
2020-02-18,100.2439956665039,120.48999786376953,121.41000366210938,119.01000213623047,121.16000366210938,1062800
2020-02-19,100.40205383300781,120.68000030517578,121.22000122070312,119.95999908447266,120.80999755859375,905300
2020-02-20,100.40205383300781,120.68000030517578,121.0,119.41999816894531,120.4000015258789,757400
2020-02-21,100.75149536132812,121.0999984741211,121.38999938964844,119.95999908447266,119.9800033569336,1372200
2020-02-24,98.08085632324219,117.88999938964844,119.7699966430664,117.33999633789062,119.08999633789062,1177500
2020-02-25,92.97258758544922,111.75,118.44000244140625,111.66000366210938,118.44000244140625,1481600
2020-02-26,89.07899475097656,107.06999969482422,112.51000213623047,107.04000091552734,111.9000015258789,2085200
2020-02-27,82.66448974609375,99.36000061035156,104.51000213623047,99.30000305175781,104.25,3096600
2020-02-28,81.11701965332031,97.5,100.76000213623047,94.2300033569336,96.5199966430664,2593000
2020-03-02,82.1985855102539,98.80000305175781,98.87000274658203,95.55999755859375,97.75,2405300
2020-03-03,79.29500579833984,95.30999755859375,100.4000015258789,94.45999908447266,98.47000122070312,1693800
2020-03-04,79.08699798583984,95.05999755859375,96.94000244140625,93.43000030517578,96.55000305175781,1789200
2020-03-05,73.17170715332031,87.94999694824219,94.41000366210938,87.37999725341797,94.41000366210938,2700400
2020-03-06,73.33809661865234,88.1500015258789,90.51000213623047,83.79000091552734,84.47000122070312,2449200
2020-03-09,64.41939544677734,77.43000030517578,82.62999725341797,77.2300033569336,82.06999969482422,2492100
2020-03-10,68.72066497802734,82.5999984741211,82.69000244140625,76.36000061035156,80.86000061035156,2301300
2020-03-11,58.41258239746094,70.20999908447266,79.29000091552734,69.69999694824219,79.05000305175781,3773100
2020-03-12,49.22761535644531,59.16999816894531,67.3499984741211,57.27000045776367,62.970001220703125,4078700
2020-03-13,54.344242095947266,65.31999969482422,65.4000015258789,59.290000915527344,63.959999084472656,4062300
2020-03-16,40.941219329833984,49.209999084472656,58.36000061035156,46.16999816894531,58.2400016784668,4490200
2020-03-17,34.88447189331055,41.93000030517578,50.15999984741211,35.939998626708984,49.900001525878906,9908500
2020-03-18,28.42007064819336,34.15999984741211,39.06999969482422,26.149999618530273,37.16999816894531,8833600
2020-03-19,35.29214859008789,42.41999816894531,46.540000915527344,30.5,33.72999954223633,10989700
2020-03-20,32.44680404663086,39.0,45.81999969482422,37.060001373291016,45.5,8879200
2020-03-23,34.13570022583008,41.029998779296875,42.2400016784668,37.150001525878906,39.880001068115234,7799000
2020-03-24,44.8348274230957,53.88999938964844,55.20000076293945,45.0,45.130001068115234,8707600
2020-03-25,48.62862014770508,58.45000076293945,67.72000122070312,54.0,56.65999984741211,7946600
2020-03-26,50.384071350097656,60.560001373291016,62.439998626708984,56.29999923706055,58.47999954223633,4744200
2020-03-27,45.47544479370117,54.65999984741211,57.709999084472656,52.5,56.56999969482422,6019800
2020-03-30,47.29745864868164,56.849998474121094,57.84000015258789,51.02000045776367,53.040000915527344,4062600
2020-03-31,45.309051513671875,54.459999084472656,59.0,53.11000061035156,56.900001525878906,6167900
2020-04-01,38.2872314453125,46.02000045776367,51.150001525878906,45.0,50.29999923706055,6602900
2020-04-02,36.864559173583984,44.310001373291016,49.650001525878906,43.11000061035156,46.279998779296875,4708200
2020-04-03,37.83795928955078,45.47999954223633,46.38999938964844,43.18000030517578,44.2400016784668,3640600
2020-04-06,43.595211029052734,52.400001525878906,55.880001068115234,49.0,49.20000076293945,4857900
2020-04-07,49.052921295166016,58.959999084472656,63.34000015258789,56.599998474121094,57.63999938964844,6526200
2020-04-08,52.88829040527344,63.56999969482422,65.3499984741211,59.380001068115234,62.15999984741211,4056600
2020-04-09,53.528907775878906,64.33999633789062,69.16999816894531,62.130001068115234,67.97000122070312,4871900
2020-04-13,50.65861511230469,60.88999938964844,65.19000244140625,59.79999923706055,65.0,2192100
2020-04-14,50.874935150146484,61.150001525878906,64.69999694824219,60.720001220703125,63.369998931884766,3110800
2020-04-15,48.91147994995117,58.790000915527344,59.66999816894531,57.06999969482422,57.86000061035156,3735800
2020-04-16,48.237579345703125,57.97999954223633,59.9900016784668,56.5099983215332,58.689998626708984,2995500
2020-04-17,52.705257415771484,63.349998474121094,65.43000030517578,60.34000015258789,63.779998779296875,4037500
2020-04-20,51.40739059448242,61.790000915527344,64.55000305175781,61.0099983215332,61.34000015258789,2397700
2020-04-21,52.68031311035156,63.31999969482422,63.7400016784668,61.31999969482422,62.599998474121094,7066000
2020-04-22,56.823509216308594,68.30000305175781,69.45999908447266,64.97000122070312,64.9800033569336,6672400
2020-04-23,55.63380813598633,66.87000274658203,69.5,66.30000305175781,69.4800033569336,4055100
2020-04-24,57.25613784790039,68.81999969482422,69.30000305175781,65.75,67.69000244140625,3508600
2020-04-27,60.23459243774414,72.4000015258789,72.61000061035156,68.69000244140625,70.0,3282400
2020-04-28,62.23131561279297,74.80000305175781,77.11000061035156,71.22000122070312,76.41000366210938,4122700
2020-04-29,65.0683364868164,78.20999908447266,81.18000030517578,76.97000122070312,78.12000274658203,3908800
2020-04-30,61.39102554321289,73.79000091552734,77.54000091552734,72.79000091552734,76.94000244140625,3299100
2020-05-01,58.11306381225586,69.8499984741211,72.30999755859375,68.08000183105469,70.4000015258789,3467700
2020-05-04,58.753662109375,70.62000274658203,70.69999694824219,66.0199966430664,67.13999938964844,2043000
2020-05-05,57.39756774902344,68.98999786376953,72.62999725341797,68.5999984741211,72.2699966430664,2524200
2020-05-06,56.74864959716797,68.20999908447266,71.2300033569336,68.19999694824219,69.68000030517578,2553300
2020-05-07,58.67879867553711,70.52999877929688,72.0999984741211,68.76000213623047,69.23999786376953,2304500
2020-05-08,62.164756774902344,74.72000122070312,74.87999725341797,71.75,72.0199966430664,2995600
2020-05-11,61.50749206542969,73.93000030517578,75.12999725341797,72.48999786376953,73.29000091552734,2728600
2020-05-12,58.504085540771484,70.31999969482422,75.12999725341797,68.87000274658203,74.55999755859375,3604100
2020-05-13,54.81013488769531,65.87999725341797,69.6500015258789,63.41999816894531,69.56999969482422,3964800
2020-05-14,55.4590950012207,66.66000366210938,67.2300033569336,61.209999084472656,63.0,3676700
2020-05-15,57.91339111328125,69.61000061035156,70.11000061035156,65.3499984741211,66.0,2528900
2020-05-18,62.77207946777344,75.44999694824219,76.55999755859375,74.3499984741211,74.54000091552734,2982100
2020-05-19,63.079917907714844,75.81999969482422,78.0,72.62000274658203,75.0,3251300
2020-05-20,65.15984344482422,78.31999969482422,78.93000030517578,76.3499984741211,78.0,3942500
2020-05-21,64.24466705322266,77.22000122070312,78.23999786376953,75.58000183105469,78.01000213623047,2855400
2020-05-22,62.92184066772461,75.62999725341797,77.9800033569336,75.13999938964844,77.69000244140625,2551900
2020-05-26,65.28465270996094,78.47000122070312,80.79000091552734,78.01000213623047,79.70999908447266,3052800
2020-05-27,67.85541534423828,81.55999755859375,81.69999694824219,78.2699966430664,81.44999694824219,3074000
2020-05-28,66.14156341552734,79.5,82.4000015258789,78.75,82.4000015258789,2835400
2020-05-29,63.94517517089844,76.86000061035156,79.47000122070312,75.87000274658203,78.06999969482422,4400300
2020-06-01,65.15152740478516,78.30999755859375,79.3499984741211,76.86000061035156,77.0,2337100
2020-06-02,64.99344635009766,78.12000274658203,79.55999755859375,77.13999938964844,78.94999694824219,1996100
2020-06-03,71.49111938476562,85.93000030517578,86.51000213623047,79.0199966430664,79.2699966430664,4058200
2020-06-04,71.58264923095703,86.04000091552734,88.22000122070312,83.81999969482422,85.3499984741211,3023900
2020-06-05,71.208251953125,85.58999633789062,92.06999969482422,84.95999908447266,91.87000274658203,3542100
2020-06-08,70.5010757446289,84.73999786376953,88.81999969482422,83.44999694824219,88.81999969482422,3906100
2020-06-09,67.29800415039062,80.88999938964844,82.80000305175781,79.5999984741211,82.80000305175781,3284600
2020-06-10,64.70223999023438,77.7699966430664,80.94000244140625,76.72000122070312,80.77999877929688,2890600
2020-06-11,60.675533294677734,72.93000030517578,75.37000274658203,70.77999877929688,72.0,4509700
2020-06-12,63.17976760864258,75.94000244140625,76.66000366210938,71.91999816894531,76.23999786376953,3046800
2020-06-15,63.64564514160156,76.5,77.87000274658203,72.20999908447266,72.80000305175781,2501300
2020-06-16,63.820377349853516,76.70999908447266,81.45999908447266,76.30999755859375,80.41000366210938,3040900
2020-06-17,61.72378921508789,74.19000244140625,77.20999908447266,73.86000061035156,77.20999908447266,2495800
2020-06-18,61.67390060424805,74.12999725341797,75.51000213623047,72.05999755859375,73.0,2295700
2020-06-19,58.46248245239258,70.2699966430664,75.69000244140625,70.05999755859375,75.51000213623047,6749900
2020-06-22,59.36100769042969,71.3499984741211,71.41999816894531,68.68000030517578,69.79000091552734,3835600
2020-06-23,62.688907623291016,75.3499984741211,75.44000244140625,72.38999938964844,73.0,3107600
2020-06-24,58.911746978759766,70.80999755859375,73.83000183105469,68.91000366210938,72.98999786376953,4127400
2020-06-25,62.056610107421875,74.58999633789062,76.43000030517578,72.2699966430664,74.33999633789062,6345800
2020-06-26,60.692161560058594,72.94999694824219,74.88999938964844,70.33000183105469,74.58000183105469,7299600
2020-06-29,63.753807067871094,76.62999725341797,77.25,71.83999633789062,73.94999694824219,3880700
2020-06-30,63.03831100463867,75.7699966430664,76.27999877929688,74.27999877929688,75.54000091552734,2987800
2020-07-01,63.32118225097656,76.11000061035156,77.12999725341797,73.86000061035156,75.33999633789062,3791300
2020-07-02,62.214656829833984,74.77999877929688,78.0999984741211,74.08000183105469,77.97000122070312,3669800
2020-07-06,62.38936996459961,74.98999786376953,76.0,72.80000305175781,75.62999725341797,3023300
2020-07-07,60.05987548828125,72.19000244140625,74.91999816894531,72.06999969482422,74.30000305175781,2220500
2020-07-08,60.83360290527344,73.12000274658203,73.54000091552734,70.9800033569336,71.0,2008500
2020-07-09,59.352691650390625,71.33999633789062,73.94000244140625,69.7699966430664,73.94000244140625,2369700
2020-07-10,59.976680755615234,72.08999633789062,72.19000244140625,69.95999908447266,70.0,1974600
2020-07-13,60.650577545166016,72.9000015258789,76.11000061035156,71.41000366210938,74.30999755859375,3578400
2020-07-14,60.675533294677734,72.93000030517578,73.08999633789062,71.0199966430664,72.43000030517578,1741100
2020-07-15,65.8254165649414,79.12000274658203,79.27999877929688,75.0999984741211,75.3499984741211,3042700
2020-07-16,63.80375671386719,76.69000244140625,79.44000244140625,75.5,79.1500015258789,2373100
2020-07-17,64.48594665527344,77.51000213623047,77.62999725341797,75.94000244140625,76.66999816894531,2224100
2020-07-20,61.80699920654297,74.29000091552734,77.0199966430664,73.04000091552734,76.83000183105469,1977200
2020-07-21,62.81368637084961,75.5,76.41000366210938,74.80000305175781,75.29000091552734,1862700
2020-07-22,64.38609313964844,77.38999938964844,78.11000061035156,74.6500015258789,74.81999969482422,1397300
2020-07-23,63.371089935302734,76.16999816894531,77.37999725341797,74.80000305175781,76.5,1554000
2020-07-24,65.42606353759766,78.63999938964844,78.80000305175781,75.16999816894531,76.08999633789062,1783700
2020-07-27,63.53750228881836,76.37000274658203,78.20999908447266,75.62000274658203,78.12999725341797,2379500
2020-07-28,63.09653854370117,75.83999633789062,77.02999877929688,74.22000122070312,74.80000305175781,2306100
2020-07-29,65.59246826171875,78.83999633789062,79.23999786376953,76.44999694824219,76.69000244140625,2110600
2020-07-30,65.3511962890625,78.55000305175781,78.91000366210938,76.44999694824219,77.19999694824219,1532800
2020-07-31,63.14649200439453,75.9000015258789,78.4800033569336,75.7699966430664,78.4800033569336,2718900
2020-08-03,61.973419189453125,74.48999786376953,76.33000183105469,73.87999725341797,76.22000122070312,1871600
2020-08-04,63.6290168762207,76.4800033569336,77.41000366210938,74.70999908447266,74.70999908447266,1742000
2020-08-05,63.02168273925781,75.75,78.2300033569336,74.91000366210938,77.47000122070312,1656800
2020-08-06,63.63733673095703,76.48999786376953,77.0999984741211,75.11000061035156,75.12999725341797,1714500
2020-08-07,65.77549743652344,79.05999755859375,79.08000183105469,75.54000091552734,76.0,2655400
2020-08-10,67.83045959472656,81.52999877929688,82.62999725341797,79.75,79.75,2636600
2020-08-11,70.00188446044922,84.13999938964844,85.9800033569336,81.77999877929688,83.43000030517578,4441200
2020-08-12,70.3846206665039,84.5999984741211,85.19999694824219,83.5999984741211,85.12999725341797,2726500
2020-08-13,70.343017578125,84.55000305175781,85.47000122070312,83.83999633789062,84.5,2035100
2020-08-14,69.94367980957031,84.06999969482422,85.0999984741211,83.75,84.20999908447266,1654700
2020-08-17,69.80221557617188,83.9000015258789,84.20999908447266,82.48999786376953,83.62000274658203,1519300
2020-08-18,68.91202545166016,82.83000183105469,83.91999816894531,81.70999908447266,83.91000366210938,1640100
2020-08-19,66.44939422607422,79.87000274658203,82.4800033569336,79.41000366210938,81.26000213623047,3074800
2020-08-20,67.31462860107422,80.91000366210938,81.36000061035156,78.8499984741211,79.38999938964844,1181500
2020-08-21,68.81218719482422,82.70999908447266,83.47000122070312,80.9800033569336,81.30999755859375,2086200
2020-08-24,68.95362854003906,82.87999725341797,84.02999877929688,82.1500015258789,83.62999725341797,1629900
2020-08-25,68.72897338867188,82.61000061035156,84.29000091552734,81.63999938964844,83.69000244140625,1695200
2020-08-26,68.8288345336914,82.7300033569336,83.44999694824219,81.98999786376953,82.30000305175781,1520300
2020-08-27,71.34968566894531,85.76000213623047,87.37000274658203,83.77999877929688,83.87999725341797,2312000
2020-08-28,74.76077270507812,89.86000061035156,90.44000244140625,86.02999877929688,86.83999633789062,2932000
2020-08-31,72.1067886352539,86.66999816894531,89.93000030517578,86.66999816894531,89.9000015258789,1936200
2020-09-01,72.49781799316406,87.13999938964844,87.5199966430664,85.19000244140625,85.93000030517578,1919900
2020-09-02,75.13514709472656,90.30999755859375,90.61000061035156,87.27999877929688,87.80000305175781,1804500
2020-09-03,74.12847137451172,89.0999984741211,92.31999969482422,87.83999633789062,90.13999938964844,1906100
2020-09-04,74.27822875976562,89.27999877929688,91.33999633789062,87.6500015258789,90.05000305175781,1469600
2020-09-08,74.14510345458984,89.12000274658203,92.08000183105469,88.29000091552734,88.58000183105469,2200700
2020-09-09,73.69584655761719,88.58000183105469,89.80999755859375,88.05999755859375,89.43000030517578,1888900
2020-09-10,74.83563232421875,89.94999694824219,91.23999786376953,88.51000213623047,88.56999969482422,1727200
2020-09-11,72.21495056152344,86.80000305175781,89.95999908447266,84.91000366210938,89.94999694824219,1960200
2020-09-14,76.21670532226562,91.61000061035156,91.79000091552734,87.86000061035156,88.06999969482422,1563800
2020-09-15,77.68929290771484,93.37999725341797,94.44999694824219,90.33999633789062,91.25,1815700
2020-09-16,77.34822082519531,92.97000122070312,94.75,92.56999969482422,93.37000274658203,1920500
2020-09-17,76.22502899169922,91.62000274658203,93.0999984741211,90.55000305175781,92.11000061035156,1777100
2020-09-18,74.852294921875,89.97000122070312,93.06999969482422,89.19999694824219,91.0999984741211,2035200
2020-09-21,73.0302734375,87.77999877929688,87.8499984741211,85.37999725341797,86.08999633789062,2070100
2020-09-22,74.8606185913086,89.9800033569336,90.0,87.44999694824219,88.12000274658203,1601300
2020-09-23,74.87724304199219,90.0,91.45999908447266,88.94000244140625,91.2699966430664,2949100
2020-09-24,80.95893859863281,97.30999755859375,99.5999984741211,92.30999755859375,92.41000366210938,7289300
2020-09-25,80.84246063232422,97.16999816894531,99.62000274658203,95.69999694824219,98.5999984741211,3601800
2020-09-28,83.67948913574219,100.58000183105469,101.29000091552734,97.2699966430664,98.66999816894531,3217900
2020-09-29,83.86251068115234,100.80000305175781,101.75,98.38999938964844,101.27999877929688,2288800
2020-09-30,83.8125991821289,100.73999786376953,103.05999755859375,100.18000030517578,100.18000030517578,2421000
2020-10-01,87.2569580078125,104.87999725341797,104.9800033569336,100.83999633789062,101.80000305175781,2053400
2020-10-02,86.69954681396484,104.20999908447266,105.6500015258789,101.2300033569336,101.5,2011900
2020-10-05,86.2835464477539,103.70999908447266,105.69999694824219,102.43000030517578,105.05999755859375,1594500
2020-10-06,84.23690795898438,101.25,104.61000061035156,100.83000183105469,103.80999755859375,2364600
2020-10-07,84.41161346435547,101.45999908447266,103.37000274658203,100.7699966430664,102.55000305175781,1523000
2020-10-08,86.2640609741211,103.37999725341797,103.72000122070312,100.41000366210938,101.9800033569336,1355000
2020-10-09,85.10418701171875,101.98999786376953,103.27999877929688,101.79000091552734,103.26000213623047,1380000
2020-10-12,83.58552551269531,100.16999816894531,101.79000091552734,99.87000274658203,101.4000015258789,1624200
2020-10-13,82.40896606445312,98.76000213623047,100.05000305175781,97.56999969482422,99.30000305175781,1675200
2020-10-14,82.8011474609375,99.2300033569336,100.37999725341797,98.66999816894531,98.95999908447266,1288000
2020-10-15,83.55215454101562,100.12999725341797,101.08999633789062,97.87000274658203,98.11000061035156,1183200
2020-10-16,82.55916595458984,98.94000244140625,100.5,98.30000305175781,100.0999984741211,1198300
2020-10-19,80.61490631103516,96.61000061035156,100.4800033569336,96.12999725341797,99.58999633789062,1238900
2020-10-20,82.05850982666016,98.33999633789062,99.33999633789062,96.41000366210938,97.31999969482422,1201200
2020-10-21,81.51611328125,97.69000244140625,98.06999969482422,96.69999694824219,97.94000244140625,873300
2020-10-22,83.2934799194336,99.81999969482422,99.9000015258789,97.25,97.79000091552734,882700
2020-10-23,83.05148315429688,99.52999877929688,100.5199966430664,96.54000091552734,100.5199966430664,1454300
2020-10-26,79.60525512695312,95.4000015258789,98.72000122070312,94.0199966430664,98.72000122070312,1440000
2020-10-27,79.97239685058594,95.83999633789062,96.54000091552734,94.66999816894531,95.55000305175781,1691800
2020-10-28,75.25785827636719,90.19000244140625,93.81999969482422,89.88999938964844,93.66999816894531,2993100
2020-10-29,77.19374084472656,92.51000213623047,93.5,89.9000015258789,90.19000244140625,1577500
2020-10-30,76.701416015625,91.91999816894531,93.05000305175781,89.33999633789062,91.70999908447266,1492400
2020-11-02,76.6346664428711,91.83999633789062,92.98999786376953,90.22000122070312,92.86000061035156,1185600
2020-11-03,77.68605041503906,93.0999984741211,93.7699966430664,92.08000183105469,93.0,1259100
2020-11-04,80.59821319580078,96.58999633789062,98.12999725341797,92.5999984741211,93.86000061035156,2422700
2020-11-05,84.71199798583984,101.5199966430664,101.5199966430664,96.69000244140625,96.69000244140625,2770700
2020-11-06,85.21267700195312,102.12000274658203,103.16000366210938,100.5,100.97000122070312,5172200
2020-11-09,100.5913314819336,120.55000305175781,125.95999908447266,112.80000305175781,115.91999816894531,6141700
2020-11-10,94.58338928222656,113.3499984741211,119.66999816894531,111.83999633789062,118.0,3203000
2020-11-11,89.35149383544922,107.08000183105469,113.93000030517578,105.5199966430664,113.93000030517578,2634800
2020-11-12,88.70896911621094,106.30999755859375,107.47000122070312,104.51000213623047,106.0199966430664,1828300
2020-11-13,89.77702331542969,107.58999633789062,107.88999938964844,105.55000305175781,106.55999755859375,1653200
2020-11-16,91.85478210449219,110.08000183105469,112.70999908447266,107.95999908447266,111.05999755859375,2070400
2020-11-17,90.5614013671875,108.52999877929688,110.5999984741211,107.12999725341797,110.33999633789062,1424100
2020-11-18,91.92153930664062,110.16000366210938,112.04000091552734,107.5999984741211,108.01000213623047,2031800
2020-11-19,91.62114715576172,109.80000305175781,110.29000091552734,107.6500015258789,108.80000305175781,1409800
2020-11-20,90.49465942382812,108.44999694824219,109.86000061035156,106.88999938964844,109.8499984741211,1598200
2020-11-23,91.43759155273438,109.58000183105469,111.95999908447266,108.77999877929688,111.44999694824219,1830800
2020-11-24,94.67518615722656,113.45999908447266,114.41999816894531,110.6500015258789,110.8499984741211,1522100
2020-11-25,92.27201843261719,110.58000183105469,111.01000213623047,108.54000091552734,110.37000274658203,1179500
2020-11-27,91.74633026123047,109.94999694824219,111.63999938964844,109.12000274658203,110.13999938964844,613700
2020-11-30,90.10247039794922,107.9800033569336,109.25,105.48999786376953,109.11000061035156,2667700
2020-12-01,92.21360778808594,110.51000213623047,111.16999816894531,107.68000030517578,109.19999694824219,1994100
2020-12-02,91.47930145263672,109.62999725341797,110.25,107.72000122070312,109.45999908447266,1766200
2020-12-03,94.11610412597656,112.79000091552734,113.80999755859375,108.62000274658203,109.5999984741211,3856400
2020-12-04,95.81001281738281,114.81999969482422,114.93000030517578,112.81999969482422,113.37999725341797,2790800
2020-12-07,93.55704498291016,112.12000274658203,113.58000183105469,110.47000122070312,113.4800033569336,1445600
2020-12-08,93.16486358642578,111.6500015258789,112.41999816894531,110.23999786376953,111.44999694824219,1598900
2020-12-09,95.45120239257812,114.38999938964844,115.16999816894531,111.63999938964844,112.5,1450600
2020-12-10,96.32737731933594,115.44000244140625,115.9000015258789,112.16000366210938,114.05000305175781,1437200
2020-12-11,94.05770111083984,112.72000122070312,115.45999908447266,110.75,113.98999786376953,1313100
2020-12-14,93.88247680664062,112.51000213623047,115.68000030517578,111.1500015258789,114.3499984741211,1347000
2020-12-15,95.4845962524414,114.43000030517578,114.95999908447266,112.37000274658203,113.86000061035156,1440100
2020-12-16,97.20353698730469,116.48999786376953,118.19999694824219,113.41999816894531,113.56999969482422,1674800
2020-12-17,98.98088073730469,118.62000274658203,119.36000061035156,115.3499984741211,118.5199966430664,1807900
2020-12-18,96.92816925048828,116.16000366210938,120.97000122070312,115.25,117.9000015258789,3851200
2020-12-21,97.56234741210938,116.91999816894531,117.87999725341797,112.33999633789062,113.5,1911300
2020-12-22,99.8320083618164,119.63999938964844,119.94000244140625,115.43000030517578,116.79000091552734,1377300
2020-12-23,99.78192901611328,119.58000183105469,121.29000091552734,118.5,118.86000061035156,1316100
2020-12-24,98.37173461914062,117.88999938964844,119.94000244140625,117.30999755859375,119.08999633789062,507400
2020-12-28,98.2465591430664,117.73999786376953,119.0,116.87000274658203,118.87000274658203,938400
2020-12-29,98.9308090209961,118.55999755859375,118.61000061035156,116.62000274658203,117.69000244140625,1010800
2020-12-30,98.0880355834961,117.55000305175781,119.80000305175781,117.01000213623047,118.33000183105469,729800
2020-12-31,99.3980941772461,119.12000274658203,120.0,116.4000015258789,117.22000122070312,759800
2021-01-04,96.99491119384766,116.23999786376953,120.27999877929688,114.38999938964844,119.87999725341797,1947200
2021-01-05,98.54695129394531,118.0999984741211,118.19999694824219,115.55999755859375,115.94999694824219,913900
2021-01-06,100.88340759277344,120.9000015258789,122.2699966430664,118.69999694824219,118.69999694824219,1555800
2021-01-07,103.74592590332031,123.94999694824219,124.56999969482422,120.62999725341797,121.20999908447266,1614500
2021-01-08,104.08071899414062,124.3499984741211,126.22000122070312,123.19000244140625,125.0,1314100
2021-01-11,104.84239196777344,125.26000213623047,126.0,121.75,122.55000305175781,905600
2021-01-12,106.57498931884766,127.33000183105469,128.44000244140625,125.5199966430664,125.79000091552734,1431200
2021-01-13,104.50758361816406,124.86000061035156,127.30000305175781,124.27999877929688,126.51000213623047,850300
2021-01-14,103.03449249267578,123.0999984741211,126.93000030517578,122.97000122070312,126.47000122070312,1125200
2021-01-15,101.34373474121094,121.08000183105469,123.11000061035156,119.0,122.0,1597300
2021-01-19,103.88822174072266,124.12000274658203,126.25,122.55999755859375,126.05000305175781,1122600
2021-01-20,104.25648498535156,124.55999755859375,126.0,123.58000183105469,123.68000030517578,1075000
2021-01-21,104.5912857055664,124.95999908447266,125.38999938964844,123.13999938964844,124.7300033569336,917600
2021-01-22,102.0970458984375,121.9800033569336,124.94000244140625,121.8499984741211,124.0199966430664,1196300
2021-01-25,100.43978881835938,120.0,122.26000213623047,118.83000183105469,121.66000366210938,2706900
2021-01-26,99.25123596191406,118.58000183105469,121.0999984741211,117.94000244140625,121.0999984741211,1735200
2021-01-27,93.82749938964844,112.0999984741211,117.2300033569336,110.88999938964844,116.62999725341797,3004500
2021-01-28,99.41865539550781,118.77999877929688,121.29000091552734,113.83000183105469,113.91999816894531,3173400
2021-01-29,97.83670806884766,116.88999938964844,120.95999908447266,116.62000274658203,118.08000183105469,2575000
2021-02-01,99.90410614013672,119.36000061035156,120.0,117.30000305175781,118.23999786376953,1337600
2021-02-02,102.80012512207031,122.81999969482422,123.69000244140625,120.05000305175781,120.5199966430664,1206700
2021-02-03,105.07676696777344,125.54000091552734,126.95999908447266,122.31999969482422,122.31999969482422,1722900
2021-02-04,107.71328735351562,128.69000244140625,129.63999938964844,126.08999633789062,126.47000122070312,1596100
2021-02-05,110.46703338623047,131.97999572753906,133.3300018310547,129.8000030517578,130.0,2175000
2021-02-08,109.0357437133789,130.27000427246094,132.97000122070312,128.86000061035156,132.5399932861328,1036400
2021-02-09,108.2740707397461,129.36000061035156,131.25,128.9499969482422,129.72000122070312,828400
2021-02-10,107.95603942871094,128.97999572753906,131.02000427246094,128.17999267578125,129.27000427246094,853200
2021-02-11,107.90580749511719,128.9199981689453,129.86000061035156,127.45999908447266,129.1300048828125,849100
2021-02-12,107.51242065429688,128.4499969482422,129.47999572753906,127.36000061035156,129.22999572753906,576900
2021-02-16,107.91416931152344,128.92999267578125,129.88999938964844,126.86000061035156,129.88999938964844,646800
2021-02-17,107.36176300048828,128.27000427246094,128.9199981689453,126.81999969482422,128.11000061035156,888100
2021-02-18,108.79301452636719,129.97999572753906,130.91000366210938,126.4000015258789,126.5199966430664,2140400
2021-02-19,112.16612243652344,134.00999450683594,134.38999938964844,129.3000030517578,130.99000549316406,1676300
2021-02-22,112.99475860595703,135.0,137.91000366210938,132.1300048828125,132.6999969482422,1634200
2021-02-23,112.41722869873047,134.30999755859375,135.6999969482422,131.05999755859375,134.85000610351562,1150700
2021-02-24,116.15863037109375,138.77999877929688,139.22999572753906,134.02999877929688,134.4199981689453,1209700
2021-02-25,113.83175659179688,136.0,139.32000732421875,134.19000244140625,139.08999633789062,1078900
2021-02-26,114.94497680664062,137.3300018310547,138.77999877929688,133.47000122070312,135.8300018310547,1267300
2021-03-01,116.35946655273438,139.02000427246094,140.5,137.50999450683594,139.1199951171875,1332700
2021-03-02,116.30931091308594,138.9600067138672,140.08999633789062,137.00999450683594,139.25999450683594,801000
2021-03-03,115.53087615966797,138.02999877929688,141.75999450683594,137.85000610351562,139.11000061035156,1207200
2021-03-04,114.367431640625,136.63999938964844,139.80999755859375,133.89999389648438,137.7100067138672,1194200
2021-03-05,117.73217010498047,140.66000366210938,140.97999572753906,134.0399932861328,137.94000244140625,1253900
2021-03-08,119.71583557128906,143.02999877929688,144.83999633789062,141.14999389648438,141.9199981689453,1399300
2021-03-09,116.6105728149414,139.32000732421875,144.25,138.97000122070312,143.99000549316406,1399700
2021-03-10,118.92906951904297,142.08999633789062,144.13999938964844,138.13999938964844,139.3699951171875,1734000
2021-03-11,118.05022430419922,141.0399932861328,144.22000122070312,140.47999572753906,143.07000732421875,1316600
2021-03-12,121.7079086303711,145.41000366210938,145.8300018310547,141.33999633789062,141.99000549316406,1133200
2021-03-15,122.40261840820312,146.24000549316406,147.92999267578125,143.89999389648438,146.57000732421875,1124400
2021-03-16,117.63172149658203,140.5399932861328,144.4499969482422,139.9199981689453,144.25,1667400
2021-03-17,118.22598266601562,141.25,141.82000732421875,139.72000122070312,140.5,1554000
2021-03-18,117.1546401977539,139.97000122070312,143.1699981689453,139.4199981689453,141.0800018310547,1989800
2021-03-19,117.00397491455078,139.7899932861328,140.8699951171875,138.16000366210938,140.1999969482422,3096500
2021-03-22,114.45115661621094,136.74000549316406,141.35000610351562,136.41000366210938,141.10000610351562,2916200
2021-03-23,114.45951080322266,136.75,138.17999267578125,135.0,135.4499969482422,2797300
2021-03-24,112.09917449951172,133.92999267578125,139.19000244140625,133.77000427246094,137.6999969482422,3305700
2021-03-25,121.28104400634766,144.89999389648438,146.19000244140625,134.19000244140625,140.0,6563000
2021-03-26,124.6960220336914,148.97999572753906,149.1199951171875,143.75999450683594,146.05999755859375,2654200
2021-03-29,120.29338073730469,143.72000122070312,149.72999572753906,142.08999633789062,148.08999633789062,2589100
2021-03-30,121.42333221435547,145.07000732421875,146.30999755859375,142.3699951171875,142.3699951171875,1765000
2021-03-31,118.85372161865234,142.0,146.3300018310547,141.85000610351562,146.0,1556300
2021-04-01,120.76209259033203,144.27999877929688,144.83999633789062,141.25999450683594,142.52000427246094,1695500
2021-04-05,120.61981964111328,144.11000061035156,147.1199951171875,143.66000366210938,146.0,1338800
2021-04-06,120.91275024414062,144.4600067138672,147.10000610351562,143.75,143.75,1469400
2021-04-07,121.99248504638672,145.75,146.49000549316406,143.5500030517578,143.5500030517578,2209900
2021-04-08,122.72509765625,145.74000549316406,145.94000244140625,143.4600067138672,145.39999389648438,1351600
2021-04-09,120.50202178955078,143.10000610351562,146.4600067138672,142.13999938964844,146.1999969482422,1340300
2021-04-12,120.99881744384766,143.69000244140625,145.0500030517578,142.44000244140625,143.36000061035156,693400
2021-04-13,120.45989227294922,143.0500030517578,143.97999572753906,141.1999969482422,143.0,1293500
2021-04-14,121.38618469238281,144.14999389648438,146.22000122070312,142.99000549316406,142.99000549316406,959400
2021-04-15,120.56095123291016,143.1699981689453,145.13999938964844,142.52999877929688,145.0399932861328,1456300
2021-04-16,123.22195434570312,146.3300018310547,146.6199951171875,143.77999877929688,144.44000244140625,1228000
2021-04-19,122.91038513183594,145.9600067138672,147.60000610351562,145.27000427246094,147.25999450683594,1467000
2021-04-20,120.36724853515625,142.94000244140625,145.63999938964844,141.77999877929688,145.19000244140625,985800
2021-04-21,120.33357238769531,142.89999389648438,144.0,141.83999633789062,143.27999877929688,1271000
2021-04-22,122.17777252197266,145.08999633789062,146.05999755859375,142.80999755859375,142.80999755859375,806800
2021-04-23,121.23462677001953,143.97000122070312,145.35000610351562,142.6300048828125,144.97999572753906,629900
2021-04-26,119.693603515625,142.13999938964844,145.77999877929688,141.75999450683594,145.1699981689453,1229300
2021-04-27,120.13148498535156,142.66000366210938,144.19000244140625,142.0,142.00999450683594,1219400
2021-04-28,121.15038299560547,143.8699951171875,144.7100067138672,141.8300018310547,143.1999969482422,873100
2021-04-29,123.1292953491211,146.22000122070312,147.10000610351562,144.0500030517578,145.0,1102200
2021-04-30,123.55033874511719,146.72000122070312,147.63999938964844,144.9499969482422,146.36000061035156,1132600
2021-05-03,121.77354431152344,144.61000061035156,148.1999969482422,144.44000244140625,147.50999450683594,975500
2021-05-04,121.04936218261719,143.75,144.3000030517578,142.07000732421875,144.3000030517578,1432700
2021-05-05,119.76940155029297,142.22999572753906,144.25,139.91000366210938,143.97000122070312,1206800
2021-05-06,119.36520385742188,141.75,144.1999969482422,139.94000244140625,143.91000366210938,1132700
2021-05-07,119.89572143554688,142.3800048828125,143.8800048828125,140.75,141.1199951171875,989500
2021-05-10,118.47259521484375,140.69000244140625,143.10000610351562,140.52999877929688,142.5,1082800
2021-05-11,115.71895599365234,137.4199981689453,139.52999877929688,135.8699951171875,139.52999877929688,1391500
2021-05-12,111.05384063720703,131.8800048828125,136.99000549316406,131.27999877929688,136.36000061035156,2106500
2021-05-13,112.82222747802734,133.97999572753906,135.07000732421875,131.36000061035156,132.1199951171875,1007600
2021-05-14,117.4873275756836,139.52000427246094,140.14999389648438,135.72000122070312,135.7899932861328,1149000
2021-05-17,117.06629943847656,139.02000427246094,139.41000366210938,137.5,138.8699951171875,776600
2021-05-18,117.58838653564453,139.63999938964844,141.8300018310547,137.92999267578125,138.9199981689453,1157300
2021-05-19,117.85785675048828,139.9600067138672,140.14999389648438,135.38999938964844,137.00999450683594,1155800
2021-05-20,118.83467864990234,141.1199951171875,141.69000244140625,139.64999389648438,140.02000427246094,1765400
2021-05-21,118.53152465820312,140.75999450683594,142.9600067138672,140.08999633789062,141.9600067138672,2639300
2021-05-24,119.03678131103516,141.36000061035156,142.58999633789062,140.80999755859375,141.92999267578125,1011200
2021-05-25,118.25363159179688,140.42999267578125,142.5500030517578,140.1999969482422,142.0,1515100
2021-05-26,119.23887634277344,141.60000610351562,142.72000122070312,140.82000732421875,140.82000732421875,1000000
2021-05-27,119.45780944824219,141.86000061035156,143.22000122070312,140.97000122070312,143.22000122070312,1063300
2021-05-28,120.61146545410156,143.22999572753906,143.30999755859375,140.57000732421875,142.08999633789062,1043400
2021-06-01,115.64320373535156,137.3300018310547,144.14999389648438,137.27999877929688,144.0500030517578,1746800
2021-06-02,115.00318908691406,136.57000732421875,137.50999450683594,135.50999450683594,137.02999877929688,1712600
2021-06-03,113.21798706054688,134.4499969482422,136.16000366210938,133.47000122070312,136.00999450683594,1472300
2021-06-04,112.96534729003906,134.14999389648438,135.5,132.89999389648438,135.05999755859375,1778300
2021-06-07,115.60950469970703,137.2899932861328,137.8000030517578,134.72999572753906,134.72999572753906,1107000
2021-06-08,118.53152465820312,140.75999450683594,142.00999450683594,137.8300018310547,137.8300018310547,1148900
2021-06-09,116.7715835571289,138.6699981689453,141.97999572753906,138.39999389648438,141.33999633789062,1094200
2021-06-10,115.28108215332031,136.89999389648438,139.6699981689453,135.66000366210938,138.72000122070312,938700
2021-06-11,117.14209747314453,139.11000061035156,139.38999938964844,137.6300048828125,137.6300048828125,675000
2021-06-14,115.78634643554688,137.5,140.64999389648438,137.02000427246094,139.0500030517578,804800
2021-06-15,115.12110137939453,136.7100067138672,138.64999389648438,136.33999633789062,138.0500030517578,768900
2021-06-16,114.91057586669922,136.4600067138672,137.1300048828125,133.8300018310547,136.61000061035156,1538700
2021-06-17,111.0791015625,131.91000366210938,137.35000610351562,130.41000366210938,137.19000244140625,1785000
2021-06-18,109.55493927001953,130.10000610351562,131.80999755859375,128.58999633789062,130.0,2127400
2021-06-21,112.3590316772461,133.42999267578125,133.99000549316406,130.69000244140625,131.00999450683594,1081100
2021-06-22,114.1864013671875,135.60000610351562,136.14999389648438,133.7100067138672,134.86000061035156,2276800
2021-06-23,114.06004333496094,135.4499969482422,136.57000732421875,134.5500030517578,135.35000610351562,1888200
2021-06-24,117.7652816772461,139.85000610351562,141.3300018310547,136.5500030517578,138.07000732421875,2380900
2021-06-25,121.35250854492188,144.11000061035156,146.25999450683594,140.55999755859375,141.6199951171875,4792300
2021-06-28,119.42414855957031,141.82000732421875,145.0,139.4199981689453,144.75,2004400
2021-06-29,121.08303833007812,143.7899932861328,144.74000549316406,141.58999633789062,142.72000122070312,2682000
2021-06-30,122.93563079833984,145.99000549316406,146.05999755859375,143.00999450683594,143.00999450683594,2642000
2021-07-01,124.77134704589844,148.1699981689453,148.47000122070312,145.52000427246094,146.25,1897900
2021-07-02,124.7376937866211,148.1300048828125,148.6199951171875,147.0,147.0,1078800
2021-07-06,125.36923217773438,148.8800048828125,149.3800048828125,145.5,148.64999389648438,3131600
2021-07-07,125.29346466064453,148.7899932861328,150.1999969482422,147.9199981689453,147.9199981689453,2676000
2021-07-08,122.12060546875,143.9499969482422,147.07000732421875,142.64999389648438,145.57000732421875,2076500
2021-07-09,126.0484848022461,148.5800018310547,148.74000549316406,145.25999450683594,145.49000549316406,1132300
2021-07-12,127.21072387695312,149.9499969482422,150.14999389648438,147.69000244140625,148.00999450683594,1419000
2021-07-13,125.04740905761719,147.39999389648438,149.52999877929688,147.1199951171875,149.0,1115900
2021-07-14,125.01349639892578,147.36000061035156,150.07000732421875,147.11000061035156,148.3800048828125,1096800
2021-07-15,122.85018920898438,144.80999755859375,147.0,142.50999450683594,146.44000244140625,1581100
2021-07-16,120.24574279785156,141.74000549316406,146.00999450683594,141.47000122070312,145.74000549316406,898800
2021-07-19,114.3751449584961,134.82000732421875,138.89999389648438,133.44000244140625,137.52999877929688,2554800
2021-07-20,120.35604095458984,141.8699951171875,142.5800018310547,135.49000549316406,135.49000549316406,1632500
2021-07-21,123.01134490966797,145.0,146.1300048828125,143.5500030517578,143.5500030517578,1339600
2021-07-22,122.33268737792969,144.1999969482422,144.88999938964844,142.2100067138672,144.02000427246094,1475300
2021-07-23,122.6041488647461,144.52000427246094,146.7899932861328,143.6999969482422,146.4499969482422,1562400
2021-07-26,125.00503540039062,147.35000610351562,147.4199981689453,143.42999267578125,144.60000610351562,1454400
2021-07-27,126.8374252319336,149.50999450683594,149.55999755859375,145.94000244140625,146.42999267578125,1974500
2021-07-28,125.72611236572266,148.1999969482422,150.0,147.1300048828125,149.19000244140625,2694500
2021-07-29,127.44828796386719,150.22999572753906,150.7100067138672,148.6699981689453,148.9600067138672,1591900
2021-07-30,123.75794982910156,145.8800048828125,150.33999633789062,145.2100067138672,148.83999633789062,1778600
2021-08-02,125.31045532226562,147.7100067138672,149.82000732421875,146.5,147.0500030517578,1538800
2021-08-03,124.56385803222656,146.8300018310547,148.08999633789062,143.7100067138672,147.63999938964844,2731800
2021-08-04,124.1990737915039,146.39999389648438,148.32000732421875,145.39999389648438,145.63999938964844,1053700
2021-08-05,122.561767578125,144.47000122070312,148.61000061035156,144.3000030517578,147.13999938964844,1802700
2021-08-06,122.75688934326172,144.6999969482422,147.0,143.44000244140625,145.6699981689453,1927900
2021-08-09,117.26802825927734,138.22999572753906,141.85000610351562,137.05999755859375,141.3300018310547,3418800
2021-08-10,118.95625305175781,140.22000122070312,140.6699981689453,137.61000061035156,138.5,1439700
2021-08-11,119.69430541992188,141.08999633789062,141.38999938964844,138.8300018310547,139.8699951171875,981600
2021-08-12,120.43238830566406,141.9600067138672,142.05999755859375,139.80999755859375,141.1300048828125,1005400
2021-08-13,120.45780944824219,141.99000549316406,143.38999938964844,141.57000732421875,142.5,976900
2021-08-16,118.95625305175781,140.22000122070312,141.0500030517578,138.55999755859375,140.88999938964844,1445500
2021-08-17,116.36875915527344,137.1699981689453,139.89999389648438,135.39999389648438,138.92999267578125,1757400
2021-08-18,116.2330093383789,137.00999450683594,138.6699981689453,134.50999450683594,136.0,1207300
2021-08-19,116.02095031738281,136.75999450683594,137.52999877929688,133.14999389648438,135.80999755859375,1985300
2021-08-20,118.18424224853516,139.30999755859375,139.64999389648438,135.77999877929688,136.6300048828125,1314500
2021-08-23,120.69536590576172,142.27000427246094,142.66000366210938,139.92999267578125,140.6199951171875,1464000
2021-08-24,123.74942779541016,145.8699951171875,146.58999633789062,142.89999389648438,142.89999389648438,1810100
2021-08-25,127.38885498046875,150.16000366210938,150.7899932861328,145.58999633789062,145.8000030517578,2079600
2021-08-26,125.9552001953125,148.47000122070312,150.6699981689453,147.75999450683594,149.66000366210938,1409200
2021-08-27,129.8660888671875,153.0800018310547,153.88999938964844,148.55999755859375,148.77000427246094,1424700
2021-08-30,127.12593078613281,149.85000610351562,152.92999267578125,148.75999450683594,152.92999267578125,1227000
2021-08-31,127.80457305908203,150.64999389648438,151.44000244140625,147.9499969482422,149.85000610351562,2599100
2021-09-01,128.24571228027344,151.1699981689453,151.38999938964844,148.7899932861328,151.27000427246094,830800
2021-09-02,127.72821807861328,150.55999755859375,152.77000427246094,149.88999938964844,151.91000366210938,736600
2021-09-03,125.59883880615234,148.0500030517578,150.8000030517578,147.61000061035156,149.99000549316406,1103500
2021-09-07,125.17465209960938,147.5500030517578,148.4499969482422,146.7100067138672,147.86000061035156,1060800
2021-09-08,124.9371566772461,147.27000427246094,148.4600067138672,146.00999450683594,147.33999633789062,1648500
2021-09-09,125.70912170410156,148.17999267578125,149.97999572753906,146.4600067138672,146.5800018310547,760400
2021-09-10,126.11636352539062,148.66000366210938,150.17999267578125,147.88999938964844,149.64999389648438,855900
2021-09-13,126.9222640991211,149.61000061035156,149.94000244140625,147.6199951171875,149.52999877929688,646600
2021-09-14,126.0823745727539,148.6199951171875,151.0399932861328,147.5,151.0399932861328,1055200
2021-09-15,126.41326904296875,149.00999450683594,149.0800018310547,146.13999938964844,147.39999389648438,1248800
2021-09-16,127.50762939453125,150.3000030517578,151.0399932861328,148.5800018310547,149.25,825400
2021-09-17,126.76959991455078,149.42999267578125,150.3000030517578,147.8000030517578,149.38999938964844,1617300
2021-09-20,126.1418228149414,148.69000244140625,148.88999938964844,145.5399932861328,146.0500030517578,1588600
2021-09-21,124.29240417480469,146.50999450683594,150.16000366210938,145.7899932861328,149.50999450683594,1510600
2021-09-22,127.52459716796875,150.32000732421875,151.49000549316406,147.36000061035156,147.8000030517578,1647000
2021-09-23,135.31251525878906,159.5,164.27999877929688,156.88999938964844,159.5399932861328,3742300
2021-09-24,134.6338348388672,158.6999969482422,160.94000244140625,157.25,160.0399932861328,1313500
2021-09-27,135.5755157470703,159.80999755859375,160.61000061035156,157.4600067138672,158.57000732421875,1321400
2021-09-28,132.2329864501953,155.8699951171875,160.32000732421875,155.33999633789062,159.19000244140625,1369800
2021-09-29,130.37510681152344,153.67999267578125,157.24000549316406,153.47000122070312,157.10000610351562,834200
2021-09-30,128.50021362304688,151.47000122070312,154.39999389648438,151.39999389648438,154.39999389648438,1037500
2021-10-01,132.30934143066406,155.9600067138672,157.3699951171875,152.39999389648438,152.61000061035156,1129700
2021-10-04,131.93606567382812,155.52000427246094,158.00999450683594,154.35000610351562,155.52999877929688,1324000
2021-10-05,132.99647521972656,156.77000427246094,158.38999938964844,154.4499969482422,156.05999755859375,901200
2021-10-06,133.4800567626953,157.33999633789062,157.52000427246094,154.35000610351562,154.94000244140625,1181800
2021-10-07,133.10415649414062,155.8000030517578,157.85000610351562,155.5500030517578,157.30999755859375,992700
2021-10-08,132.06187438964844,154.5800018310547,156.9600067138672,154.42999267578125,155.5800018310547,1032200
2021-10-11,130.71202087402344,153.0,156.1199951171875,152.9499969482422,155.1999969482422,693800
2021-10-12,130.02008056640625,152.19000244140625,154.5,151.5,153.3000030517578,898600
2021-10-13,127.78169250488281,149.57000732421875,152.7899932861328,148.61000061035156,152.7899932861328,1390100
2021-10-14,128.6445770263672,150.5800018310547,151.4199981689453,149.97000122070312,150.69000244140625,1227900
2021-10-15,127.42286682128906,149.14999389648438,153.25,149.10000610351562,151.75999450683594,1218800
2021-10-18,127.12385559082031,148.8000030517578,149.0500030517578,147.24000549316406,148.5,1090300
2021-10-19,125.15892028808594,146.5,149.39999389648438,145.38999938964844,149.30999755859375,1173300
2021-10-20,122.33110809326172,143.19000244140625,146.00999450683594,142.14999389648438,142.14999389648438,1839100
2021-10-21,124.4071044921875,145.6199951171875,145.83999633789062,143.1699981689453,143.1699981689453,1107100
2021-10-22,124.21916198730469,145.39999389648438,146.0500030517578,143.44000244140625,145.1999969482422,712800
2021-10-25,122.57884216308594,143.47999572753906,146.16000366210938,143.25999450683594,146.02999877929688,1440100
2021-10-26,124.50962829589844,145.74000549316406,146.1199951171875,144.19000244140625,144.8699951171875,951600
2021-10-27,122.62157440185547,143.52999877929688,145.85000610351562,143.5,145.57000732421875,1151000
2021-10-28,123.83470916748047,144.9499969482422,144.99000549316406,142.7100067138672,144.02999877929688,986600
2021-10-29,123.1427001953125,144.13999938964844,146.72000122070312,143.2899932861328,144.11000061035156,1177100
2021-11-01,126.45750427246094,148.02000427246094,148.4199981689453,144.2899932861328,144.47000122070312,975400
2021-11-02,122.72406005859375,143.64999389648438,147.99000549316406,142.85000610351562,147.8699951171875,906500
2021-11-03,124.02267456054688,145.1699981689453,146.94000244140625,142.14999389648438,143.2899932861328,1159000
2021-11-04,124.80010223388672,146.0800018310547,148.47000122070312,144.3000030517578,145.41000366210938,1272600
2021-11-05,131.97640991210938,154.47999572753906,155.3300018310547,150.97000122070312,151.8699951171875,1648300
2021-11-08,131.03668212890625,153.3800048828125,154.47000122070312,152.3699951171875,153.5,1029200
2021-11-09,132.94183349609375,155.61000061035156,155.6300048828125,153.02999877929688,153.6199951171875,949200
2021-11-10,129.59288024902344,151.69000244140625,155.2899932861328,150.94000244140625,154.2100067138672,739100
2021-11-11,129.0888671875,151.10000610351562,152.36000061035156,149.55999755859375,151.22999572753906,1021400
2021-11-12,128.3626251220703,150.25,151.36000061035156,149.27999877929688,150.63999938964844,779300
2021-11-15,126.16703033447266,147.67999267578125,151.3800048828125,146.9199981689453,151.11000061035156,1069800
2021-11-16,125.2614517211914,146.6199951171875,148.02000427246094,146.5399932861328,147.72999572753906,1070500
2021-11-17,125.5860824584961,147.0,147.94000244140625,145.5500030517578,146.11000061035156,750700
2021-11-18,124.66342163085938,145.9199981689453,147.74000549316406,144.47000122070312,147.4600067138672,1065600
2021-11-19,122.3054428100586,143.16000366210938,144.89999389648438,141.14999389648438,144.89999389648438,1256400
2021-11-22,125.49208068847656,146.88999938964844,147.72999572753906,143.25999450683594,143.63999938964844,1078000
2021-11-23,126.78214263916016,148.39999389648438,150.5800018310547,146.85000610351562,148.39999389648438,1025800
2021-11-24,126.7650146484375,148.3800048828125,149.07000732421875,146.58999633789062,147.0399932861328,613900
2021-11-26,120.07568359375,140.5500030517578,141.1300048828125,137.14999389648438,140.47000122070312,1333300
2021-11-29,121.10086822509766,141.75,143.8800048828125,140.4199981689453,143.3000030517578,1361800
2021-11-30,117.85441589355469,137.9499969482422,140.8800048828125,136.47000122070312,140.0399932861328,2213500
2021-12-01,116.7523193359375,136.66000366210938,145.89999389648438,136.3699951171875,141.6300048828125,1852800
2021-12-02,122.21150970458984,143.0500030517578,144.35000610351562,137.02000427246094,137.83999633789062,1351900
2021-12-03,121.61345672607422,142.35000610351562,144.19000244140625,141.19000244140625,143.63999938964844,1452400
2021-12-06,125.27855682373047,146.63999938964844,148.86000061035156,142.1199951171875,144.5399932861328,1119100
2021-12-07,126.54290771484375,148.1199951171875,151.67999267578125,147.66000366210938,148.8699951171875,865600
2021-12-08,128.69580078125,150.63999938964844,151.5399932861328,148.30999755859375,148.30999755859375,797100
2021-12-09,127.7219009399414,149.5,151.9600067138672,149.42999267578125,150.11000061035156,784000
2021-12-10,129.6953582763672,151.80999755859375,152.47999572753906,148.82000732421875,150.6300048828125,927700
2021-12-13,126.26101684570312,147.7899932861328,152.0,146.52000427246094,151.02999877929688,1244500
2021-12-14,127.40579223632812,149.1300048828125,149.49000549316406,146.88999938964844,146.88999938964844,1417300
2021-12-15,127.32038116455078,149.02999877929688,149.66000366210938,145.2100067138672,148.8000030517578,1041700
2021-12-16,125.69715118408203,147.1300048828125,151.1199951171875,145.60000610351562,150.10000610351562,1624200
2021-12-17,119.46055603027344,139.8300018310547,142.91000366210938,135.22000122070312,139.6199951171875,4112600
2021-12-20,117.9483871459961,138.05999755859375,138.6999969482422,134.19000244140625,135.3000030517578,1583400
2021-12-21,122.0918960571289,142.91000366210938,144.66000366210938,139.77999877929688,140.00999450683594,1517100
2021-12-22,123.98849487304688,145.1300048828125,146.27000427246094,143.24000549316406,145.7899932861328,1012800
2021-12-23,127.15807342529297,148.83999633789062,149.05999755859375,145.6300048828125,146.7899932861328,1015600
2021-12-27,128.34556579589844,150.22999572753906,150.25,146.74000549316406,148.0800018310547,654500
2021-12-28,127.61083221435547,149.3699951171875,151.72999572753906,149.1699981689453,149.5399932861328,686900
2021-12-29,127.31177520751953,149.02000427246094,151.60000610351562,148.9199981689453,150.4600067138672,748700
2021-12-30,127.57666778564453,149.3300018310547,150.60000610351562,148.8699951171875,148.8699951171875,595900
2021-12-31,128.69580078125,150.63999938964844,151.33999633789062,149.3800048828125,149.3800048828125,572700
2022-01-03,127.10676574707031,148.77999877929688,151.47999572753906,146.0399932861328,150.1999969482422,1106800
2022-01-04,129.51596069335938,151.60000610351562,151.8800048828125,149.42999267578125,150.6699981689453,1288000
2022-01-05,128.0892333984375,149.92999267578125,155.25,149.39999389648438,152.16000366210938,1410900
2022-01-06,125.94490051269531,147.4199981689453,151.47000122070312,147.2100067138672,150.6999969482422,1292100
2022-01-07,125.37680053710938,145.66000366210938,147.55999755859375,145.36000061035156,146.39999389648438,1020700
2022-01-10,126.51301574707031,146.97999572753906,147.00999450683594,141.61000061035156,145.0,1335100
2022-01-11,124.89479064941406,145.10000610351562,147.1699981689453,144.42999267578125,146.99000549316406,1035600
2022-01-12,123.56063842773438,143.5500030517578,145.47999572753906,142.35000610351562,145.0,1117900
2022-01-13,124.53324127197266,144.67999267578125,146.47999572753906,143.77999877929688,144.0800018310547,673900
2022-01-14,123.08720397949219,143.0,144.1999969482422,141.22000122070312,144.00999450683594,923500
2022-01-18,119.9626693725586,139.3699951171875,142.10000610351562,139.10000610351562,141.16000366210938,1398300
2022-01-19,119.26547241210938,138.55999755859375,141.3699951171875,138.52000427246094,140.0800018310547,981200
2022-01-20,117.08776092529297,136.02999877929688,141.07000732421875,135.91000366210938,138.82000732421875,931400
2022-01-21,116.01183319091797,134.77999877929688,137.47999572753906,134.32000732421875,136.10000610351562,1326700
2022-01-24,117.5698013305664,136.58999633789062,136.8300018310547,129.88999938964844,131.4600067138672,1435100
2022-01-25,118.35308074951172,137.5,139.27999877929688,131.8000030517578,134.6999969482422,1348200
2022-01-26,117.8796615600586,136.9499969482422,140.8300018310547,135.64999389648438,139.55999755859375,1314500
2022-01-27,116.51109313964844,135.36000061035156,139.66000366210938,134.61000061035156,138.2899932861328,789800
2022-01-28,119.23104858398438,138.52000427246094,138.6199951171875,132.3800048828125,135.69000244140625,1021400
2022-01-31,120.3930435180664,139.8699951171875,140.00999450683594,136.05999755859375,137.64999389648438,1185300
2022-02-01,120.40167236328125,139.8800048828125,141.74000549316406,138.55999755859375,140.27000427246094,888500
2022-02-02,121.23660278320312,140.85000610351562,143.1300048828125,140.47000122070312,141.55999755859375,1369400
2022-02-03,119.29129791259766,138.58999633789062,141.77000427246094,138.27999877929688,139.66000366210938,853300
2022-02-04,118.66297149658203,137.86000061035156,138.7899932861328,135.72000122070312,138.27999877929688,960700
2022-02-07,120.58244323730469,140.08999633789062,141.25,138.0,138.0,1235300
2022-02-08,121.3656997680664,141.0,141.30999755859375,138.75999450683594,140.4199981689453,1441000
2022-02-09,126.26339721679688,146.69000244140625,147.25999450683594,142.52999877929688,142.63999938964844,1629000
2022-02-10,126.401123046875,146.85000610351562,150.5,144.55999755859375,145.4199981689453,1287400
2022-02-11,124.29224395751953,144.39999389648438,148.50999450683594,143.0,147.64999389648438,941700
2022-02-14,123.44873046875,143.4199981689453,146.0399932861328,142.7899932861328,144.77000427246094,894700
2022-02-15,127.1241683959961,147.69000244140625,147.85000610351562,144.9199981689453,145.0,879400
2022-02-16,128.1312255859375,148.86000061035156,149.35000610351562,146.75999450683594,146.75999450683594,981100
2022-02-17,122.95809936523438,142.85000610351562,147.72000122070312,141.86000061035156,147.36000061035156,1231600
2022-02-18,124.58489227294922,144.74000549316406,146.1999969482422,143.0500030517578,143.0500030517578,1006300
2022-02-22,123.86186981201172,143.89999389648438,145.7899932861328,141.86000061035156,144.35000610351562,1240800
2022-02-23,119.68724060058594,139.0500030517578,145.67999267578125,138.64999389648438,145.67999267578125,958700
2022-02-24,121.85633087158203,141.57000732421875,141.74000549316406,134.14999389648438,135.02000427246094,1100900
2022-02-25,124.87755584716797,145.0800018310547,145.1300048828125,140.86000061035156,141.36000061035156,738000
2022-02-28,124.99807739257812,145.22000122070312,145.4199981689453,140.5500030517578,142.6999969482422,1622300
2022-03-01,120.4102783203125,139.88999938964844,145.2899932861328,138.69000244140625,145.2899932861328,1267300
2022-03-02,120.90950775146484,140.47000122070312,142.3000030517578,139.32000732421875,140.0,1940300
2022-03-03,114.60022735595703,133.13999938964844,141.57000732421875,132.66000366210938,141.07000732421875,2655200
2022-03-04,113.65338134765625,132.0399932861328,132.35000610351562,127.08000183105469,131.4499969482422,1783200
2022-03-07,101.38771057128906,117.79000091552734,132.2899932861328,117.5,131.8300018310547,2938800
2022-03-08,105.62259674072266,122.70999908447266,127.5999984741211,116.04000091552734,117.79000091552734,2236400
2022-03-09,110.65799713134766,128.55999755859375,130.13999938964844,126.38999938964844,127.70999908447266,1427000
2022-03-10,112.2159423828125,130.3699951171875,130.8699951171875,124.61000061035156,125.5199966430664,1398700
2022-03-11,111.0367202758789,129.0,132.88999938964844,128.47000122070312,132.0399932861328,1066300
2022-03-14,106.89649963378906,124.19000244140625,129.5,122.87999725341797,129.1300048828125,2147700
2022-03-15,107.06005859375,124.37999725341797,127.29000091552734,122.38999938964844,126.13999938964844,2093100
2022-03-16,111.62202453613281,129.67999267578125,130.85000610351562,126.91999816894531,127.47000122070312,1653300
2022-03-17,112.27619171142578,130.44000244140625,130.47999572753906,127.04000091552734,127.69000244140625,1387300
2022-03-18,115.02197265625,133.6300048828125,134.05999755859375,129.13999938964844,129.9199981689453,2328000
2022-03-21,112.91316223144531,131.17999267578125,134.39999389648438,129.5,133.77999877929688,1392100
2022-03-22,113.61894226074219,132.0,134.77000427246094,131.86000061035156,132.2899932861328,1397600
2022-03-23,112.7065658569336,130.94000244140625,133.13999938964844,130.41000366210938,131.3000030517578,2729900
2022-03-24,113.9632568359375,132.39999389648438,134.3800048828125,128.52000427246094,131.0,2180600
2022-03-25,111.72531127929688,129.8000030517578,133.75999450683594,129.32000732421875,132.47999572753906,1730200
2022-03-28,112.17290496826172,130.32000732421875,130.69000244140625,128.91000366210938,130.1300048828125,1316600
2022-03-29,115.65032196044922,134.36000061035156,136.07000732421875,132.08999633789062,132.49000549316406,1184600
2022-03-30,113.32630920410156,131.66000366210938,133.91000366210938,131.25999450683594,133.5,939800
2022-03-31,114.4366683959961,132.9499969482422,134.94000244140625,131.32000732421875,131.97999572753906,1575800
2022-04-01,111.95772552490234,130.07000732421875,134.39999389648438,128.58999633789062,133.57000732421875,1711900
2022-04-04,113.00782775878906,131.2899932861328,131.82000732421875,127.20999908447266,129.22999572753906,1256000
2022-04-05,111.48429870605469,129.52000427246094,132.1699981689453,127.33000183105469,130.9499969482422,973100
2022-04-06,110.59773254394531,128.49000549316406,129.4600067138672,125.0999984741211,128.07000732421875,1165100
2022-04-07,109.39095306396484,126.0,127.26000213623047,123.23999786376953,126.95999908447266,1644100
2022-04-08,109.76426696777344,126.43000030517578,127.62000274658203,123.41000366210938,126.44000244140625,1379100
2022-04-11,109.85977172851562,126.54000091552734,129.4499969482422,125.16000366210938,126.0,1196100
2022-04-12,113.33250427246094,130.5399932861328,132.75,128.77999877929688,129.3000030517578,1384900
2022-04-13,114.23540496826172,131.5800018310547,133.74000549316406,130.74000549316406,130.74000549316406,1105200
2022-04-14,114.12254333496094,131.4499969482422,133.6999969482422,131.24000549316406,131.6999969482422,842200
2022-04-18,115.15568542480469,132.63999938964844,132.88999938964844,130.24000549316406,130.3000030517578,767300
2022-04-19,117.5518569946289,135.39999389648438,136.27000427246094,132.6699981689453,132.8699951171875,877000
2022-04-20,118.5763168334961,136.5800018310547,138.0800018310547,135.72999572753906,136.39999389648438,698100
2022-04-21,119.8351821899414,138.02999877929688,140.25999450683594,137.47000122070312,139.5500030517578,1130400
2022-04-22,116.37983703613281,134.0500030517578,137.75999450683594,133.89999389648438,137.75999450683594,849400
2022-04-25,119.9220199584961,138.1300048828125,138.47000122070312,132.3300018310547,133.0500030517578,1027700
2022-04-26,114.16594696044922,131.5,137.11000061035156,131.39999389648438,136.32000732421875,737500
2022-04-27,113.48007202148438,130.7100067138672,133.63999938964844,130.2899932861328,131.75999450683594,668100
2022-04-28,116.24957275390625,133.89999389648438,135.6300048828125,130.8300018310547,132.30999755859375,654500
2022-04-29,114.36565399169922,131.72999572753906,135.89999389648438,131.33999633789062,134.14999389648438,997100
2022-05-02,115.29458618164062,132.8000030517578,133.24000549316406,129.47999572753906,132.0,891500
2022-05-03,113.42798614501953,130.64999389648438,133.7100067138672,129.57000732421875,132.17999267578125,842800
2022-05-04,114.14859008789062,131.47999572753906,131.97999572753906,126.08000183105469,129.5500030517578,1256400
2022-05-05,110.70191955566406,127.51000213623047,131.1699981689453,125.80999755859375,129.41000366210938,969900
2022-05-06,112.95050048828125,130.10000610351562,130.75,126.1500015258789,127.3499984741211,1264200
2022-05-09,108.61827087402344,125.11000061035156,129.72999572753906,124.93000030517578,128.07000732421875,1140800
2022-05-10,110.17231750488281,126.9000015258789,128.13999938964844,123.37999725341797,127.20999908447266,972000
2022-05-11,105.49282836914062,121.51000213623047,128.4499969482422,121.33000183105469,126.98999786376953,1315700
2022-05-12,107.81085968017578,124.18000030517578,126.0,118.72000122070312,120.63999938964844,1647400
2022-05-13,111.1880874633789,128.07000732421875,129.38999938964844,126.01000213623047,126.0199966430664,817400
2022-05-16,109.72086334228516,126.37999725341797,128.24000549316406,125.72000122070312,127.25,1025300
2022-05-17,112.00418090820312,129.00999450683594,129.66000366210938,126.69000244140625,129.2100067138672,1021400
2022-05-18,103.73041534423828,119.4800033569336,127.4000015258789,118.7699966430664,127.4000015258789,2055900
2022-05-19,101.29080200195312,116.66999816894531,119.16000366210938,114.08000183105469,116.70999908447266,1604600
2022-05-20,100.92616271972656,116.25,118.87000274658203,113.54000091552734,118.6500015258789,1746000
2022-05-23,101.0650863647461,116.41000366210938,117.69999694824219,113.2300033569336,117.18000030517578,932900
2022-05-24,99.64125061035156,114.7699966430664,115.26000213623047,111.56999969482422,115.23999786376953,1092700
2022-05-25,104.28604888916016,120.12000274658203,120.75,114.01000213623047,114.30999755859375,1199300
2022-05-26,108.60091400146484,125.08999633789062,126.30000305175781,121.11000061035156,121.45999908447266,899800
2022-05-27,109.42566680908203,126.04000091552734,127.45999908447266,123.93000030517578,126.30000305175781,850300
2022-05-31,108.52276611328125,125.0,126.86000061035156,123.62000274658203,125.62000274658203,1957900
2022-06-01,107.59381866455078,123.93000030517578,125.93000030517578,121.75,125.63999938964844,1016800
2022-06-02,110.15496063232422,126.87999725341797,127.0,123.81999969482422,124.05999755859375,718500
2022-06-03,109.19995880126953,125.77999877929688,126.66999816894531,123.94000244140625,125.5999984741211,945500
2022-06-06,109.32151794433594,125.91999816894531,126.73999786376953,124.31999969482422,126.5,951200
2022-06-07,108.44464111328125,124.91000366210938,125.23999786376953,121.33999633789062,124.0199966430664,1281800
2022-06-08,107.9844970703125,124.37999725341797,125.19000244140625,122.98999786376953,124.08000183105469,885300
2022-06-09,107.1857681274414,123.45999908447266,125.55000305175781,122.93000030517578,123.56999969482422,681400
2022-06-10,104.12976837158203,119.94000244140625,122.75,119.19999694824219,121.2699966430664,939500
2022-06-13,99.21585083007812,114.27999877929688,117.18000030517578,113.23999786376953,116.37000274658203,1408400
2022-06-14,98.99881744384766,114.02999877929688,115.66000366210938,113.31999969482422,114.29000091552734,1220600
2022-06-15,101.18665313720703,116.55000305175781,118.29000091552734,114.58000183105469,114.72000122070312,1443100
2022-06-16,97.09748840332031,111.83999633789062,113.43000030517578,110.95999908447266,113.37000274658203,1326300
2022-06-17,99.14640808105469,114.19999694824219,115.08000183105469,111.8499984741211,112.29000091552734,2442900
2022-06-21,98.71233367919922,113.69999694824219,116.0,112.7300033569336,115.86000061035156,1713400
2022-06-22,99.94512939453125,115.12000274658203,116.30000305175781,112.2300033569336,113.23999786376953,2059500
2022-06-23,100.36186218261719,115.5999984741211,117.94000244140625,113.16999816894531,116.83999633789062,2973500
2022-06-24,104.01689910888672,119.80999755859375,119.88999938964844,116.12000274658203,117.27999877929688,2375100
2022-06-27,105.85746002197266,121.93000030517578,123.05999755859375,120.30000305175781,121.45999908447266,1692900
2022-06-28,99.92777252197266,115.0999984741211,123.44000244140625,114.93000030517578,122.0199966430664,1556300
2022-06-29,98.85990905761719,113.87000274658203,115.0,112.4000015258789,114.62999725341797,1236800
2022-06-30,98.20877075195312,113.12000274658203,114.62999725341797,111.37999725341797,113.23999786376953,1641600
2022-07-01,99.2766342163086,114.3499984741211,115.05000305175781,112.55000305175781,113.6500015258789,1540400
2022-07-05,102.88825988769531,118.51000213623047,118.58999633789062,111.77999877929688,112.93000030517578,1639700
2022-07-06,101.3255386352539,116.70999908447266,120.0,115.5999984741211,118.72000122070312,1639000
2022-07-07,102.88710021972656,117.27999877929688,117.37000274658203,114.37000274658203,115.3499984741211,1215400
2022-07-08,102.44845581054688,116.77999877929688,118.66000366210938,115.5,117.30000305175781,1052300
2022-07-11,101.27290344238281,115.44000244140625,117.30999755859375,115.05000305175781,116.11000061035156,1024000
2022-07-12,101.61502838134766,115.83000183105469,117.55000305175781,115.31999969482422,116.0,1012600
2022-07-13,102.02735137939453,116.30000305175781,117.0999984741211,113.08000183105469,113.52999877929688,1095100
2022-07-14,101.90454864501953,116.16000366210938,116.6500015258789,114.27999877929688,114.69000244140625,1322600
2022-07-15,102.72040557861328,117.08999633789062,118.72000122070312,116.4800033569336,117.51000213623047,1002900
2022-07-18,102.14141082763672,116.43000030517578,118.68000030517578,116.01000213623047,117.69999694824219,922100
2022-07-19,105.43997192382812,120.19000244140625,120.55000305175781,117.25,117.25,820600
2022-07-20,106.93132781982422,121.88999938964844,122.83000183105469,120.41000366210938,120.4800033569336,893400
2022-07-21,106.7558822631836,121.69000244140625,121.86000061035156,119.69999694824219,120.83999633789062,827800
2022-07-22,106.4576187133789,121.3499984741211,123.56999969482422,120.5,122.13999938964844,774200
2022-07-25,104.2030029296875,118.77999877929688,122.0,117.31999969482422,122.0,1144600
2022-07-26,100.98341369628906,115.11000061035156,117.62000274658203,115.06999969482422,117.31999969482422,1102500
2022-07-27,106.5628890991211,121.47000122070312,121.83999633789062,116.6500015258789,116.80999755859375,1206800
2022-07-28,111.0457763671875,126.58000183105469,126.66999816894531,121.05000305175781,121.5,1697100
2022-07-29,109.21224212646484,124.48999786376953,126.98999786376953,124.02999877929688,126.69999694824219,2380000
2022-08-01,109.44036865234375,124.75,125.95999908447266,122.83000183105469,123.52999877929688,1016800
2022-08-02,108.90520477294922,124.13999938964844,125.66999816894531,123.44999694824219,124.0,795200
2022-08-03,111.3001937866211,126.87000274658203,127.31999969482422,123.80999755859375,124.7300033569336,960500
2022-08-04,110.34394836425781,125.77999877929688,127.3499984741211,125.51000213623047,126.43000030517578,801500
2022-08-05,108.4139404296875,123.58000183105469,125.87000274658203,123.5,124.6500015258789,667200
2022-08-08,109.95793914794922,125.33999633789062,127.18000030517578,123.7300033569336,123.7300033569336,805000
2022-08-09,110.35272979736328,125.79000091552734,125.83000183105469,123.91000366210938,125.05000305175781,826100
2022-08-10,113.9407958984375,129.8800048828125,130.92999267578125,127.91000366210938,128.35000610351562,1333500
2022-08-11,114.24784088134766,130.22999572753906,132.22000122070312,130.08999633789062,130.85000610351562,1029300
2022-08-12,115.7216567993164,131.91000366210938,131.94000244140625,130.27000427246094,130.92999267578125,753000
2022-08-15,115.98484802246094,132.2100067138672,133.0,130.1999969482422,131.24000549316406,1113800
2022-08-16,117.86222839355469,134.35000610351562,135.30999755859375,131.3000030517578,131.77000427246094,1073700
2022-08-17,116.41472625732422,132.6999969482422,134.1300048828125,132.0800018310547,132.58999633789062,963100
2022-08-18,116.12520599365234,132.3699951171875,133.05999755859375,131.22000122070312,132.52000427246094,723800
2022-08-19,113.2302017211914,129.07000732421875,131.58999633789062,128.35000610351562,131.25,779000
2022-08-22,111.53704833984375,127.13999938964844,127.16999816894531,125.75,127.16000366210938,1002600
2022-08-23,111.38790893554688,126.97000122070312,128.92999267578125,126.77999877929688,127.94000244140625,762800
2022-08-24,112.01078033447266,127.68000030517578,128.5500030517578,124.61000061035156,126.44999694824219,1116100
2022-08-25,114.61628723144531,130.64999389648438,130.6699981689453,127.97000122070312,128.22999572753906,854000
2022-08-26,109.63336181640625,124.97000122070312,130.8699951171875,124.66000366210938,130.75,741100
2022-08-29,109.39649963378906,124.69999694824219,125.4800033569336,123.3499984741211,123.73999786376953,727000
2022-08-30,108.23847198486328,123.37999725341797,126.1500015258789,122.70999908447266,125.45999908447266,700800
2022-08-31,108.52796936035156,123.70999908447266,125.11000061035156,122.81999969482422,123.80999755859375,1050100
2022-09-01,110.47554779052734,125.93000030517578,125.95999908447266,122.29000091552734,122.94000244140625,917300
2022-09-02,109.80882263183594,125.16999816894531,127.93000030517578,124.37999725341797,127.4800033569336,851800
2022-09-06,108.08936309814453,123.20999908447266,126.87999725341797,122.36000061035156,125.97000122070312,1109000
2022-09-07,112.33538818359375,128.0500030517578,128.07000732421875,123.02999877929688,123.58999633789062,1127700
2022-09-08,114.4496078491211,130.4600067138672,130.5399932861328,127.0,127.41000366210938,957300
2022-09-09,114.95843505859375,131.0399932861328,131.85000610351562,130.0500030517578,130.92999267578125,705100
2022-09-12,117.31830596923828,133.72999572753906,133.77999877929688,131.5500030517578,132.25,876200
2022-09-13,112.91438293457031,128.7100067138672,131.3300018310547,128.22000122070312,130.30999755859375,965800
2022-09-14,114.30924224853516,130.3000030517578,131.8800048828125,127.5999984741211,128.91000366210938,968200
2022-09-15,114.42328643798828,130.42999267578125,132.66000366210938,129.5399932861328,130.16000366210938,830600
2022-09-16,113.76534271240234,129.67999267578125,130.22999572753906,127.77999877929688,128.72000122070312,1690900
2022-09-19,116.26555633544922,132.52999877929688,133.0,128.7100067138672,128.7100067138672,1585200
2022-09-20,116.45858001708984,132.75,133.08999633789062,130.77000427246094,132.0800018310547,1342600
2022-09-21,115.1689682006836,131.27999877929688,135.19000244140625,131.1999969482422,133.72000122070312,2000100
2022-09-22,110.05445861816406,125.44999694824219,129.16000366210938,124.41000366210938,129.0,2561200
2022-09-23,107.36998748779297,122.38999938964844,125.20999908447266,120.19999694824219,124.5,1862400
2022-09-26,106.29094696044922,121.16000366210938,124.30000305175781,120.94999694824219,122.38999938964844,1385000
2022-09-27,108.4139404296875,123.58000183105469,125.79000091552734,122.37000274658203,123.12999725341797,1447300
2022-09-28,112.04588317871094,127.72000122070312,128.22000122070312,123.31999969482422,124.33999633789062,1122700
2022-09-29,113.44950866699219,129.32000732421875,130.05999755859375,125.02999877929688,126.61000061035156,2073500
2022-09-30,110.81767272949219,126.31999969482422,128.63999938964844,126.02999877929688,128.33999633789062,2138600
2022-10-03,110.01935577392578,125.41000366210938,127.1500015258789,123.43000030517578,127.06999969482422,2312500
2022-10-04,115.99362182617188,132.22000122070312,132.30999755859375,127.91999816894531,128.00999450683594,1769800
2022-10-05,116.76561737060547,133.10000610351562,133.58999633789062,130.5399932861328,130.64999389648438,1500200
2022-10-06,114.65853118896484,129.50999450683594,133.4499969482422,129.30999755859375,132.47000122070312,1542100
2022-10-07,111.27660369873047,125.69000244140625,128.44000244140625,124.5999984741211,128.11000061035156,1211700
2022-10-10,112.14422607421875,126.66999816894531,127.20999908447266,124.81999969482422,125.76000213623047,1093700
2022-10-11,113.79092407226562,128.52999877929688,129.99000549316406,125.16999816894531,126.98999786376953,1236500
2022-10-12,115.32252502441406,130.25999450683594,131.02999877929688,126.9800033569336,127.79000091552734,1023400
2022-10-13,117.7217788696289,132.97000122070312,133.58999633789062,126.69000244140625,127.69999694824219,996400
2022-10-14,115.11006164550781,130.02000427246094,134.41000366210938,129.80999755859375,133.97999572753906,932700
2022-10-17,116.80992126464844,131.94000244140625,132.89999389648438,131.3699951171875,131.8800048828125,798000
2022-10-18,118.13787841796875,133.44000244140625,134.64999389648438,132.5500030517578,134.05999755859375,1200400
2022-10-19,117.74832916259766,133.0,134.36000061035156,132.39999389648438,132.99000549316406,1227600
2022-10-20,117.0666275024414,132.22999572753906,134.10000610351562,131.5399932861328,132.63999938964844,997600
2022-10-21,118.03166198730469,133.32000732421875,133.8000030517578,131.3300018310547,132.1999969482422,1610100
2022-10-24,118.63365173339844,134.0,135.19000244140625,132.22000122070312,133.5,1271200
2022-10-25,120.37774658203125,135.97000122070312,136.02000427246094,133.67999267578125,134.25,1708800
2022-10-26,122.63533020019531,138.52000427246094,141.3699951171875,136.13999938964844,136.25,1791700
2022-10-27,124.5919189453125,140.72999572753906,141.9199981689453,139.27999877929688,139.72000122070312,1254100
2022-10-28,126.15008544921875,142.49000549316406,142.61000061035156,138.97999572753906,140.72999572753906,1326200
2022-10-31,126.72554016113281,143.13999938964844,144.16000366210938,140.66000366210938,141.75999450683594,1085600
2022-11-01,126.6369857788086,143.0399932861328,144.44000244140625,141.02000427246094,144.30999755859375,1009400
2022-11-02,123.68885803222656,139.7100067138672,143.3699951171875,139.5500030517578,142.75,1258100
2022-11-03,123.47638702392578,139.47000122070312,140.47999572753906,137.25,138.6699981689453,930800
2022-11-04,125.13195037841797,141.33999633789062,142.58999633789062,139.39999389648438,142.3800048828125,884800
2022-11-07,123.80397033691406,139.83999633789062,141.99000549316406,137.77999877929688,141.99000549316406,1071800
2022-11-08,124.0695571899414,140.13999938964844,141.42999267578125,138.5800018310547,140.77000427246094,859900
2022-11-09,123.63572692871094,139.64999389648438,140.5500030517578,138.5800018310547,139.25,945700
2022-11-10,128.66441345214844,145.3300018310547,145.77000427246094,142.47999572753906,143.8300018310547,1294200
2022-11-11,124.97259521484375,141.16000366210938,146.30999755859375,139.50999450683594,146.30999755859375,1450000
2022-11-14,126.18548583984375,142.52999877929688,143.33999633789062,139.6699981689453,140.69000244140625,1604200
2022-11-15,126.69014739990234,143.10000610351562,145.2899932861328,142.72999572753906,145.05999755859375,884700
2022-11-16,128.75294494628906,145.42999267578125,145.47999572753906,141.1199951171875,141.97999572753906,1446700
2022-11-17,129.30186462402344,146.0500030517578,146.99000549316406,144.00999450683594,144.24000549316406,919900
2022-11-18,130.26686096191406,147.13999938964844,149.8000030517578,145.74000549316406,148.5,994800
2022-11-21,129.87730407714844,146.6999969482422,148.07000732421875,146.0399932861328,147.0800018310547,988900
2022-11-22,131.0193634033203,147.99000549316406,148.36000061035156,146.36000061035156,147.2100067138672,839000
2022-11-23,131.32040405273438,148.3300018310547,148.72999572753906,147.2899932861328,148.00999450683594,528600
2022-11-25,131.37350463867188,148.38999938964844,149.0399932861328,147.5800018310547,148.5800018310547,336000
2022-11-28,129.98353576660156,146.82000732421875,149.1199951171875,146.7899932861328,147.82000732421875,769400
2022-11-29,128.33685302734375,144.9600067138672,146.3300018310547,144.30999755859375,144.5500030517578,1179600
2022-11-30,130.134033203125,146.99000549316406,147.4199981689453,143.75,145.27000427246094,1521200
2022-12-01,128.9476776123047,145.64999389648438,148.00999450683594,145.52000427246094,147.58999633789062,1058100
2022-12-02,128.79722595214844,145.47999572753906,146.25,143.08999633789062,143.97000122070312,863500
2022-12-05,127.07965850830078,143.5399932861328,144.4199981689453,142.75999450683594,144.1199951171875,929400
2022-12-06,126.47763061523438,142.86000061035156,144.55999755859375,141.66000366210938,143.61000061035156,1167900
2022-12-07,125.90218353271484,142.2100067138672,144.6199951171875,142.0800018310547,142.7899932861328,798100
2022-12-08,127.28329467773438,143.77000427246094,144.49000549316406,142.67999267578125,143.42999267578125,1263400
2022-12-09,126.22090911865234,142.57000732421875,144.32000732421875,142.44000244140625,143.27999877929688,974300
2022-12-12,127.92073059082031,144.49000549316406,144.52999877929688,140.5,142.8000030517578,1371800
2022-12-13,128.3988037109375,145.02999877929688,148.14999389648438,143.67999267578125,147.5,1432100
2022-12-14,127.44265747070312,143.9499969482422,147.5,142.5,147.39999389648438,1289400
2022-12-15,126.47763061523438,142.86000061035156,143.35000610351562,140.89999389648438,142.97999572753906,1586100
2022-12-16,123.85708618164062,139.89999389648438,140.6999969482422,131.89999389648438,132.05999755859375,3701100
2022-12-19,122.5733413696289,138.4499969482422,140.7100067138672,137.50999450683594,140.07000732421875,1901500
2022-12-20,123.69775390625,139.72000122070312,140.38999938964844,138.10000610351562,138.25999450683594,1380700
2022-12-21,122.66190338134766,138.5500030517578,140.94000244140625,138.50999450683594,140.60000610351562,990500
2022-12-22,121.56407928466797,137.30999755859375,138.19000244140625,136.2100067138672,137.82000732421875,840500
2022-12-23,122.91863250732422,138.83999633789062,139.35000610351562,136.3300018310547,137.3800048828125,659200
2022-12-27,121.94475555419922,137.74000549316406,139.1999969482422,137.19000244140625,138.94000244140625,813000
2022-12-28,122.90093994140625,138.82000732421875,139.77000427246094,137.9499969482422,138.1999969482422,911600
2022-12-29,124.01642608642578,140.0800018310547,140.41000366210938,139.14999389648438,139.58999633789062,675600
2022-12-30,122.46715545654297,138.3300018310547,139.74000549316406,137.47999572753906,139.6199951171875,800200
2023-01-03,123.91021728515625,139.9600067138672,140.17999267578125,137.92999267578125,139.74000549316406,1229700
2023-01-04,126.62814331054688,143.02999877929688,143.55999755859375,139.83999633789062,140.5,1229500
2023-01-05,127.75253295898438,144.3000030517578,144.85000610351562,142.02999877929688,143.44000244140625,1328800
2023-01-06,130.1251983642578,146.97999572753906,147.32000732421875,144.3800048828125,144.49000549316406,1431000
2023-01-09,132.2051239013672,148.10000610351562,148.4499969482422,145.92999267578125,146.0,1438400
2023-01-10,134.17794799804688,150.30999755859375,150.6999969482422,148.11000061035156,148.38999938964844,1507600
2023-01-11,133.58876037597656,149.64999389648438,152.0800018310547,149.00999450683594,150.80999755859375,1427400
2023-01-12,132.74072265625,148.6999969482422,150.72000122070312,148.22000122070312,150.14999389648438,1287200
2023-01-13,133.72267150878906,149.8000030517578,149.92999267578125,147.25999450683594,147.85000610351562,649800
2023-01-17,133.0174560546875,149.00999450683594,149.9199981689453,148.5399932861328,148.97999572753906,729600
2023-01-18,130.7589874267578,146.47999572753906,149.8699951171875,146.00999450683594,149.69000244140625,812000
2023-01-19,129.78594970703125,145.38999938964844,146.69000244140625,145.25,146.25999450683594,1192600
2023-01-20,131.56240844726562,147.3800048828125,147.58999633789062,145.2899932861328,145.97000122070312,848600
2023-01-23,132.2051239013672,148.10000610351562,148.4600067138672,146.99000549316406,147.8699951171875,652300
2023-01-24,130.31265258789062,145.97999572753906,148.42999267578125,145.5,148.42999267578125,940300
2023-01-25,131.91944885253906,147.77999877929688,147.91000366210938,144.8300018310547,145.22000122070312,872700
2023-01-26,133.27630615234375,149.3000030517578,149.6300048828125,148.14999389648438,148.2100067138672,802500
2023-01-27,132.4461212158203,148.3699951171875,150.0,147.86000061035156,150.0,852300
2023-01-30,131.15176391601562,146.9199981689453,149.55999755859375,146.77999877929688,148.00999450683594,889300
2023-01-31,132.08905029296875,147.97000122070312,148.17999267578125,146.3800048828125,146.69000244140625,2240500
2023-02-01,131.2767333984375,147.05999755859375,148.49000549316406,143.94000244140625,148.00999450683594,1211000
2023-02-02,132.04443359375,147.9199981689453,149.25,146.7899932861328,148.24000549316406,1412500
2023-02-03,131.59811401367188,147.4199981689453,148.58999633789062,145.63999938964844,146.5,736300
2023-02-06,133.71376037597656,149.7899932861328,149.85000610351562,147.50999450683594,147.50999450683594,1027300
2023-02-07,133.5352020263672,149.58999633789062,149.89999389648438,147.64999389648438,148.6999969482422,664100
2023-02-08,132.51756286621094,148.4499969482422,149.6300048828125,147.7899932861328,148.7100067138672,696800
2023-02-09,131.901611328125,147.75999450683594,150.72999572753906,147.33999633789062,149.39999389648438,897200
2023-02-10,131.2410125732422,147.02000427246094,148.0,146.36000061035156,147.5,1153400
2023-02-13,131.97303771972656,147.83999633789062,148.61000061035156,144.1300048828125,147.4199981689453,1110800
2023-02-14,130.60719299316406,146.30999755859375,148.07000732421875,145.3800048828125,147.91000366210938,1239600
2023-02-15,130.919677734375,146.66000366210938,146.6999969482422,144.97999572753906,145.92999267578125,1258300
2023-02-16,130.11627197265625,145.75999450683594,147.72000122070312,144.52000427246094,145.47000122070312,1306700
2023-02-17,130.41082763671875,146.08999633789062,147.0500030517578,144.6199951171875,145.35000610351562,1422800
2023-02-21,131.97303771972656,147.83999633789062,148.1999969482422,145.64999389648438,146.5,1508500
2023-02-22,132.9281768798828,148.91000366210938,149.9600067138672,146.8699951171875,148.5800018310547,1224100
2023-02-23,132.3657989501953,148.27999877929688,149.91000366210938,147.6300048828125,149.1300048828125,1092200
2023-02-24,129.01828002929688,144.52999877929688,147.75999450683594,144.19000244140625,146.75999450683594,1142900
2023-02-27,127.35791778564453,142.6699981689453,145.27999877929688,142.42999267578125,145.0,923800
2023-02-28,127.64353942871094,142.99000549316406,143.66000366210938,142.25,142.8800048828125,1187400
2023-03-01,128.2327117919922,143.64999389648438,143.9499969482422,141.75,142.49000549316406,971500
2023-03-02,131.3481903076172,147.13999938964844,147.4199981689453,143.0,143.47000122070312,1046700
2023-03-03,131.52667236328125,147.33999633789062,148.25999450683594,146.5,147.13999938964844,1120800
2023-03-06,132.3568878173828,148.27000427246094,148.6699981689453,147.22000122070312,147.64999389648438,1066800
2023-03-07,130.80361938476562,146.52999877929688,149.8000030517578,146.2100067138672,148.52999877929688,1128800
2023-03-08,130.0894775390625,145.72999572753906,146.60000610351562,143.92999267578125,146.60000610351562,831900
2023-03-09,129.1343231201172,144.66000366210938,147.5,144.4600067138672,146.4600067138672,1086200
2023-03-10,128.5183868408203,143.97000122070312,146.67999267578125,143.41000366210938,144.91000366210938,1073900
2023-03-13,130.3483428955078,146.02000427246094,147.4499969482422,142.8300018310547,142.8300018310547,1952700
2023-03-14,131.7409210205078,147.5800018310547,149.9600067138672,146.0500030517578,147.75999450683594,2066200
2023-03-15,131.901611328125,147.75999450683594,148.2899932861328,145.42999267578125,146.25,1922300
2023-03-16,134.22256469726562,150.36000061035156,151.1300048828125,146.52999877929688,146.86000061035156,1266900
2023-03-17,132.56216430664062,148.5,151.1199951171875,147.57000732421875,150.8699951171875,4673100
2023-03-20,134.4635772705078,150.6300048828125,151.4499969482422,148.69000244140625,148.69000244140625,1500100
2023-03-21,136.0703582763672,152.42999267578125,153.69000244140625,151.55999755859375,151.99000549316406,1304800
2023-03-22,134.83851623535156,151.0500030517578,154.13999938964844,151.0500030517578,151.6999969482422,1752000
2023-03-23,134.3654022216797,150.52000427246094,153.6699981689453,147.75,151.83999633789062,2675400
2023-03-24,136.20431518554688,152.5800018310547,152.8300018310547,149.91000366210938,151.47000122070312,1608200
2023-03-27,137.2933807373047,153.8000030517578,155.0399932861328,152.36000061035156,153.8800048828125,1580400
2023-03-28,137.89146423339844,154.47000122070312,155.4600067138672,153.19000244140625,154.0800018310547,1221800
2023-03-29,138.06996154785156,154.6699981689453,155.35000610351562,153.7100067138672,155.00999450683594,1190000
2023-03-30,137.3648223876953,153.8800048828125,155.25,153.0800018310547,154.60000610351562,1308200
2023-03-31,138.5074005126953,155.16000366210938,155.89999389648438,154.10000610351562,154.6999969482422,1367400
2023-04-03,137.3737030029297,153.88999938964844,155.39999389648438,153.0,154.6999969482422,1767400
2023-04-04,136.65957641601562,153.08999633789062,154.72999572753906,152.72000122070312,154.0,1415500
2023-04-05,136.63278198242188,153.05999755859375,153.58999633789062,151.83999633789062,152.94000244140625,1306100
2023-04-06,134.6982421875,149.6999969482422,151.7899932861328,149.13999938964844,151.7899932861328,1282200
2023-04-10,136.31788635253906,151.5,151.52000427246094,149.0800018310547,149.2100067138672,1694900
2023-04-11,138.0994415283203,153.47999572753906,154.4499969482422,151.47000122070312,151.52999877929688,1499500
2023-04-12,136.5338134765625,151.74000549316406,154.8300018310547,151.60000610351562,154.27999877929688,1461500
2023-04-13,138.0904541015625,153.47000122070312,153.80999755859375,152.2100067138672,152.8000030517578,1171500
2023-04-14,137.14566040039062,152.4199981689453,154.6999969482422,152.25999450683594,153.24000549316406,746800
2023-04-17,136.54281616210938,151.75,153.67999267578125,150.64999389648438,153.1300048828125,996700
2023-04-18,136.5968017578125,151.80999755859375,153.22999572753906,151.75999450683594,152.4600067138672,736400
2023-04-19,136.36285400390625,151.5500030517578,152.22000122070312,151.24000549316406,151.83999633789062,840900
2023-04-20,134.90518188476562,149.92999267578125,151.49000549316406,149.16000366210938,151.33999633789062,902800
2023-04-21,136.6328125,151.85000610351562,151.8699951171875,150.2899932861328,150.41000366210938,1048200
2023-04-24,134.3113250732422,149.27000427246094,152.25,148.5500030517578,152.0,1125600
2023-04-25,131.78294372558594,146.4600067138672,149.52999877929688,145.89999389648438,149.52999877929688,1201100
2023-04-26,133.63648986816406,148.52000427246094,149.27000427246094,146.75,146.82000732421875,1220800
2023-04-27,136.04794311523438,151.1999969482422,151.30999755859375,148.24000549316406,149.3800048828125,749700
2023-04-28,136.70477294921875,151.92999267578125,152.41000366210938,150.69000244140625,151.38999938964844,739700
2023-05-01,136.10189819335938,151.25999450683594,152.19000244140625,150.41000366210938,150.8800048828125,1542500
2023-05-02,136.6147918701172,151.8300018310547,152.7100067138672,149.14999389648438,151.4600067138672,1140100
2023-05-03,136.2908477783203,151.47000122070312,152.1999969482422,150.52000427246094,151.88999938964844,1454300
2023-05-04,137.59556579589844,152.9199981689453,153.07000732421875,151.13999938964844,151.5,1005400
2023-05-05,137.74851989746094,153.08999633789062,154.17999267578125,152.02999877929688,153.32000732421875,1225500
2023-05-08,135.18411254882812,150.24000549316406,153.9499969482422,149.8699951171875,152.80999755859375,1746700
2023-05-09,135.26513671875,150.3300018310547,151.5500030517578,149.8000030517578,149.85000610351562,904500
2023-05-10,134.1223602294922,149.05999755859375,151.02999877929688,147.82000732421875,150.55999755859375,1347000
2023-05-11,132.27781677246094,147.00999450683594,149.1199951171875,146.2899932861328,148.85000610351562,1492100
2023-05-12,133.6634979248047,148.5500030517578,148.91000366210938,146.58999633789062,146.58999633789062,1444500
2023-05-15,136.6687469482422,151.88999938964844,151.92999267578125,148.44000244140625,149.3000030517578,1216700
2023-05-16,137.81153869628906,153.16000366210938,153.4199981689453,150.5,151.67999267578125,1582300
2023-05-17,142.787353515625,158.69000244140625,158.86000061035156,153.64999389648438,154.22000122070312,1921800
2023-05-18,145.89163208007812,162.13999938964844,162.30999755859375,158.6999969482422,159.0,2024600
2023-05-19,145.23477172851562,161.41000366210938,163.41000366210938,160.5399932861328,162.75999450683594,1621900
2023-05-22,145.0727996826172,161.22999572753906,163.4199981689453,161.02999877929688,161.7899932861328,1159300
2023-05-23,144.4789581298828,160.57000732421875,161.35000610351562,159.6199951171875,160.50999450683594,1286100
2023-05-24,144.37997436523438,160.4600067138672,162.32000732421875,159.97000122070312,160.5800018310547,1283900
2023-05-25,144.89283752441406,161.02999877929688,162.19000244140625,160.08999633789062,161.2899932861328,1211300
2023-05-26,145.1177520751953,161.27999877929688,163.77000427246094,160.5,161.52000427246094,1159100
2023-05-30,144.3079833984375,160.3800048828125,161.94000244140625,160.0500030517578,161.50999450683594,1004300
2023-05-31,142.63438415527344,158.52000427246094,160.60000610351562,158.0,160.13999938964844,1970000
2023-06-01,145.52268981933594,161.72999572753906,162.30999755859375,158.7100067138672,159.9499969482422,1328900
2023-06-02,147.60121154785156,164.0399932861328,164.42999267578125,161.5800018310547,162.4499969482422,1121800
2023-06-05,144.90182495117188,161.0399932861328,163.99000549316406,160.9199981689453,163.4199981689453,1330600
2023-06-06,146.7284393310547,163.07000732421875,163.42999267578125,159.6999969482422,160.4199981689453,1502500
2023-06-07,147.9251251220703,164.39999389648438,164.97999572753906,163.05999755859375,163.47999572753906,1292100
2023-06-08,146.98934936523438,163.36000061035156,164.60000610351562,162.63999938964844,163.82000732421875,1167500
2023-06-09,145.68466186523438,161.91000366210938,164.57000732421875,161.8000030517578,163.39999389648438,1044700
2023-06-12,148.44700622558594,164.97999572753906,165.14999389648438,162.57000732421875,162.67999267578125,1112200
2023-06-13,149.40077209472656,166.0399932861328,166.6300048828125,164.91000366210938,165.2899932861328,1068400
2023-06-14,150.8404541015625,167.63999938964844,168.72000122070312,166.3800048828125,166.77999877929688,1256000
2023-06-15,150.13858032226562,166.86000061035156,168.97999572753906,166.6999969482422,167.91000366210938,1182700
2023-06-16,149.37374877929688,166.00999450683594,168.0399932861328,165.27999877929688,167.49000549316406,1927000
2023-06-20,149.2028350830078,165.82000732421875,167.11000061035156,165.10000610351562,166.07000732421875,1101400
2023-06-21,149.73370361328125,166.41000366210938,167.77000427246094,165.0500030517578,165.41000366210938,1518200
2023-06-22,145.8826141357422,162.1300048828125,165.10000610351562,159.14999389648438,161.0,3009200
2023-06-23,145.13577270507812,161.3000030517578,165.5500030517578,160.10000610351562,161.2100067138672,2516500
2023-06-26,145.396728515625,161.58999633789062,162.4499969482422,159.55999755859375,161.6300048828125,1644900
2023-06-27,147.01634216308594,163.38999938964844,163.6999969482422,160.7899932861328,161.41000366210938,1131600
2023-06-28,145.81065368652344,162.0500030517578,162.94000244140625,161.52999877929688,162.85000610351562,1173500
2023-06-29,148.7349395751953,165.3000030517578,165.5800018310547,162.17999267578125,162.17999267578125,1104000
2023-06-30,150.33656311035156,167.0800018310547,167.66000366210938,165.25999450683594,165.25999450683594,1155200
2023-07-03,150.66946411132812,167.4499969482422,168.3800048828125,166.02999877929688,166.80999755859375,631000
2023-07-05,148.4199981689453,164.9499969482422,167.91000366210938,164.83999633789062,167.0,1445500
2023-07-06,147.66415405273438,164.11000061035156,164.5,162.3300018310547,163.72999572753906,1174000
2023-07-07,148.25375366210938,163.4499969482422,164.88999938964844,161.92999267578125,162.67999267578125,928000
2023-07-10,150.52130126953125,165.9499969482422,166.5,163.47999572753906,163.6300048828125,1091200
2023-07-11,151.07460021972656,166.55999755859375,167.33999633789062,165.99000549316406,166.77999877929688,850400
2023-07-12,151.34671020507812,166.86000061035156,168.0,166.44000244140625,167.35000610351562,1029500
2023-07-13,152.7979736328125,168.4600067138672,169.3000030517578,167.1199951171875,167.55999755859375,917800
2023-07-14,151.87281799316406,167.44000244140625,168.47999572753906,166.58999633789062,168.47999572753906,946400
2023-07-17,153.51449584960938,169.25,169.72000122070312,167.85000610351562,167.86000061035156,853200
2023-07-18,154.2764129638672,170.08999633789062,170.41000366210938,166.05999755859375,167.4199981689453,951200
2023-07-19,155.50997924804688,171.4499969482422,172.0500030517578,169.77999877929688,170.7100067138672,904600
2023-07-20,156.17208862304688,172.17999267578125,172.8300018310547,170.66000366210938,171.9600067138672,1002700
2023-07-21,154.53036499023438,170.3699951171875,173.05999755859375,170.33999633789062,173.05999755859375,1140900
2023-07-24,154.26736450195312,170.0800018310547,171.36000061035156,169.17999267578125,170.8800048828125,1088600
2023-07-25,152.21751403808594,167.82000732421875,170.05999755859375,167.1300048828125,169.25,1033600
2023-07-26,153.305908203125,169.02000427246094,169.1999969482422,167.0800018310547,168.02000427246094,881900
2023-07-27,154.4305877685547,170.25999450683594,171.3000030517578,168.33999633789062,168.6199951171875,904700
2023-07-28,151.94537353515625,167.52000427246094,172.14999389648438,167.08999633789062,171.44000244140625,921700
2023-07-31,153.2152099609375,168.9199981689453,169.72999572753906,167.60000610351562,167.83999633789062,2898500
2023-08-01,150.911376953125,166.3800048828125,168.63999938964844,166.1199951171875,168.5,1380500
2023-08-02,148.87054443359375,164.1300048828125,166.3300018310547,164.11000061035156,165.1699981689453,1107900
2023-08-03,147.78208923339844,162.92999267578125,164.0500030517578,162.38999938964844,163.3800048828125,1248100
2023-08-04,147.34671020507812,162.4499969482422,163.94000244140625,161.9199981689453,163.5800018310547,1002500
2023-08-07,149.4691619873047,164.7899932861328,164.99000549316406,162.61000061035156,162.99000549316406,1027900
2023-08-08,149.4691619873047,164.7899932861328,165.5399932861328,163.6300048828125,163.97999572753906,1091800
2023-08-09,148.68911743164062,163.92999267578125,165.10000610351562,163.6199951171875,164.52999877929688,741900
2023-08-10,148.36260986328125,163.57000732421875,166.32000732421875,163.27000427246094,164.32000732421875,689600
2023-08-11,145.56895446777344,160.49000549316406,163.19000244140625,159.6199951171875,163.05999755859375,1169100
2023-08-14,146.267333984375,161.25999450683594,161.2899932861328,159.6999969482422,160.10000610351562,1238600
2023-08-15,146.6936492919922,161.72999572753906,162.11000061035156,160.22999572753906,160.41000366210938,901600
2023-08-16,145.41476440429688,160.32000732421875,162.1699981689453,159.85000610351562,161.32000732421875,914200
2023-08-17,144.1177215576172,158.88999938964844,161.5,158.49000549316406,161.05999755859375,1238600
2023-08-18,143.7367401123047,158.47000122070312,159.47000122070312,157.6999969482422,158.0,2383000
2023-08-21,140.8524169921875,155.2899932861328,159.00999450683594,154.17999267578125,158.72999572753906,1372900
2023-08-22,141.50547790527344,156.00999450683594,156.2899932861328,154.30999755859375,155.41000366210938,936300
2023-08-23,141.7685089111328,156.3000030517578,157.19000244140625,154.77000427246094,156.05999755859375,814900
2023-08-24,141.11544799804688,155.5800018310547,156.91000366210938,155.22999572753906,155.88999938964844,523900
2023-08-25,141.48731994628906,155.99000549316406,156.5800018310547,155.50999450683594,156.3300018310547,694800
2023-08-28,140.73451232910156,155.16000366210938,156.39999389648438,154.57000732421875,155.8800048828125,942600
2023-08-29,141.33314514160156,155.82000732421875,155.9499969482422,154.36000061035156,154.36000061035156,907900
2023-08-30,142.5303955078125,157.13999938964844,157.49000549316406,155.8800048828125,155.8800048828125,682900
2023-08-31,141.0519561767578,155.50999450683594,157.5,155.47000122070312,157.42999267578125,873700
2023-09-01,141.09727478027344,155.55999755859375,157.16000366210938,154.0500030517578,156.25999450683594,866400
2023-09-05,136.68914794921875,150.6999969482422,155.41000366210938,150.17999267578125,155.41000366210938,1320400
2023-09-06,135.10183715820312,148.9499969482422,151.47000122070312,148.86000061035156,150.80999755859375,1353800
2023-09-07,135.92724609375,149.86000061035156,150.52000427246094,148.69000244140625,148.89999389648438,1141100
2023-09-08,135.54632568359375,149.44000244140625,150.97000122070312,149.1699981689453,149.8300018310547,862300
2023-09-11,134.32179260253906,148.08999633789062,150.1300048828125,147.5800018310547,149.77999877929688,1293700
2023-09-12,135.81838989257812,149.74000549316406,149.83999633789062,147.25,148.0,1081400
2023-09-13,134.97486877441406,148.80999755859375,150.02000427246094,148.02999877929688,148.99000549316406,1150900
2023-09-14,137.70501708984375,151.82000732421875,151.94000244140625,148.85000610351562,149.52000427246094,955300
2023-09-15,136.108642578125,150.05999755859375,151.16000366210938,149.85000610351562,151.0,1329900
2023-09-18,135.2379150390625,149.10000610351562,151.0800018310547,148.5,150.50999450683594,1233800
2023-09-19,135.79119873046875,149.7100067138672,149.8699951171875,148.3000030517578,148.74000549316406,1323600
2023-09-20,135.564453125,149.4600067138672,152.0,149.10000610351562,150.33999633789062,1932600
2023-09-21,131.9635467529297,145.49000549316406,150.94000244140625,145.25,149.52999877929688,2464400
2023-09-22,130.1585693359375,143.5,145.83999633789062,143.3699951171875,145.5500030517578,1632500
2023-09-25,128.13587951660156,141.27000427246094,143.7899932861328,141.1199951171875,142.58999633789062,1356200
2023-09-26,128.2174835205078,141.36000061035156,142.49000549316406,140.63999938964844,140.63999938964844,1430800
2023-09-27,128.2809600830078,141.42999267578125,142.55999755859375,140.17999267578125,141.5800018310547,1199400
2023-09-28,129.79576110839844,143.10000610351562,143.88999938964844,140.83999633789062,141.8000030517578,925200
2023-09-29,129.90457153320312,143.22000122070312,144.58999633789062,143.02000427246094,143.99000549316406,989400
2023-10-02,129.16989135742188,142.41000366210938,143.5,141.75,142.6999969482422,1178800
2023-10-03,126.82975006103516,139.8300018310547,142.05999755859375,139.24000549316406,141.10000610351562,1317700
2023-10-04,128.07237243652344,141.1999969482422,141.66000366210938,139.6699981689453,140.32000732421875,983900
2023-10-05,127.99076843261719,141.11000061035156,142.22999572753906,140.82000732421875,141.5500030517578,986200
2023-10-06,125.37234497070312,136.94000244140625,139.86000061035156,136.41000366210938,139.41000366210938,1597800
2023-10-09,125.50051879882812,137.0800018310547,137.49000549316406,135.13999938964844,135.94000244140625,1209500
2023-10-10,126.53506469726562,138.2100067138672,138.8800048828125,137.0399932861328,137.50999450683594,989700
2023-10-11,125.90335845947266,137.52000427246094,138.5399932861328,136.27999877929688,138.3000030517578,1125800
2023-10-12,122.90955352783203,134.25,138.00999450683594,133.75,138.00999450683594,1102300
2023-10-13,122.68067932128906,134.0,134.77000427246094,133.36000061035156,133.91000366210938,1340000
2023-10-16,127.08436584472656,138.80999755859375,139.02000427246094,134.92999267578125,135.61000061035156,1576400
2023-10-17,128.9154510498047,140.80999755859375,141.25,138.2899932861328,138.86000061035156,1160700
2023-10-18,128.83302307128906,140.72000122070312,141.77999877929688,140.07000732421875,140.2899932861328,1084500
2023-10-19,130.24293518066406,142.25999450683594,144.2100067138672,141.22999572753906,142.2899932861328,1338900
2023-10-20,128.7872314453125,140.6699981689453,142.5,140.6199951171875,142.3800048828125,812500
2023-10-23,129.8035125732422,141.77999877929688,142.5500030517578,139.4199981689453,140.11000061035156,1179900
2023-10-24,130.08729553222656,142.08999633789062,143.1699981689453,141.02999877929688,142.6999969482422,1191700
2023-10-25,130.1880340576172,142.1999969482422,143.11000061035156,141.7100067138672,142.00999450683594,1160800
2023-10-26,130.17886352539062,142.19000244140625,143.9499969482422,141.89999389648438,143.2899932861328,917800
2023-10-27,130.45350646972656,142.49000549316406,145.52999877929688,142.3699951171875,142.6199951171875,1031200
2023-10-30,131.2408905029297,143.35000610351562,144.77000427246094,142.66000366210938,143.50999450683594,1142100
2023-10-31,133.23672485351562,145.52999877929688,145.8800048828125,142.88999938964844,144.10000610351562,1049900
2023-11-01,133.35572814941406,145.66000366210938,146.9199981689453,144.5800018310547,146.64999389648438,1337800
2023-11-02,134.4727020263672,146.8800048828125,148.22999572753906,146.4499969482422,146.69000244140625,894600
2023-11-03,137.9791717529297,150.7100067138672,151.14999389648438,147.42999267578125,147.47999572753906,1119100
2023-11-06,136.67909240722656,149.2899932861328,150.86000061035156,148.69000244140625,149.77000427246094,1587200
2023-11-07,135.99244689941406,148.5399932861328,149.27999877929688,147.88999938964844,149.27999877929688,624500
2023-11-08,135.19595336914062,147.6699981689453,149.4600067138672,147.27999877929688,148.6199951171875,789300
2023-11-09,135.64456176757812,148.16000366210938,149.08999633789062,147.52999877929688,148.32000732421875,540500
2023-11-10,137.4207000732422,150.10000610351562,150.32000732421875,148.0,148.57000732421875,756200
2023-11-13,138.47352600097656,151.25,151.55999755859375,149.66000366210938,149.74000549316406,781700
2023-11-14,141.7145233154297,154.7899932861328,154.86000061035156,152.0399932861328,152.47999572753906,800500
2023-11-15,142.6575164794922,155.82000732421875,155.97000122070312,154.8300018310547,155.0,902100
2023-11-16,142.52931213378906,155.67999267578125,157.32000732421875,155.1999969482422,156.0399932861328,813800
2023-11-17,142.69410705566406,155.86000061035156,156.47000122070312,155.5500030517578,156.3800048828125,784300
2023-11-20,141.01870727539062,154.02999877929688,155.82000732421875,153.52999877929688,155.3699951171875,801000
2023-11-21,141.76028442382812,154.83999633789062,155.4600067138672,153.75,154.2100067138672,641400
2023-11-22,143.25257873535156,156.47000122070312,158.6999969482422,155.75,155.75999450683594,769300
2023-11-24,142.83145141601562,156.00999450683594,157.25,155.3699951171875,156.41000366210938,399400
2023-11-27,143.49978637695312,156.74000549316406,157.47999572753906,155.5500030517578,155.6999969482422,757100
2023-11-28,142.3004150390625,155.42999267578125,156.6999969482422,154.99000549316406,156.5500030517578,754600
2023-11-29,142.57508850097656,155.72999572753906,156.25999450683594,154.47999572753906,156.25999450683594,785200
2023-11-30,143.25257873535156,156.47000122070312,156.69000244140625,154.02000427246094,155.6300048828125,767300
2023-12-01,146.40199279785156,159.91000366210938,160.2100067138672,156.19000244140625,156.47999572753906,803300
2023-12-04,147.39991760253906,161.0,161.66000366210938,159.00999450683594,159.5,1026500
2023-12-05,146.52102661132812,160.0399932861328,161.33999633789062,159.58999633789062,160.6300048828125,725100
2023-12-06,147.63795471191406,161.25999450683594,162.5,160.91000366210938,161.10000610351562,749500
2023-12-07,147.48233032226562,161.08999633789062,161.7899932861328,160.27999877929688,161.7899932861328,810000
2023-12-08,145.52308654785156,158.9499969482422,161.3699951171875,158.57000732421875,161.0399932861328,781200
2023-12-11,147.5830535888672,161.1999969482422,161.6199951171875,158.77999877929688,160.0800018310547,978700
2023-12-12,147.47317504882812,161.0800018310547,162.1300048828125,160.33999633789062,161.60000610351562,785700
2023-12-13,148.73660278320312,162.4600067138672,162.82000732421875,158.92999267578125,158.92999267578125,967500
2023-12-14,149.31338500976562,163.08999633789062,164.27999877929688,161.5399932861328,163.69000244140625,1892900
2023-12-15,148.76406860351562,162.49000549316406,163.16000366210938,153.50999450683594,155.39999389648438,3402900
2023-12-18,153.04873657226562,167.1699981689453,167.24000549316406,162.25,163.16000366210938,1447800
2023-12-19,151.4832000732422,165.4600067138672,168.3000030517578,165.0,167.77999877929688,1175900
2023-12-20,148.44363403320312,162.13999938964844,165.3300018310547,161.92999267578125,164.9600067138672,1073200
2023-12-21,148.5077362060547,162.2100067138672,163.7100067138672,161.6300048828125,163.7100067138672,826000
2023-12-22,148.16897583007812,161.83999633789062,162.5,161.0,162.08999633789062,745800
2023-12-26,150.1373748779297,163.99000549316406,164.10000610351562,161.75,161.75,622400
2023-12-27,149.7345428466797,163.5500030517578,164.1199951171875,162.47000122070312,164.1199951171875,812600
2023-12-28,150.3937225341797,164.27000427246094,164.74000549316406,163.47999572753906,163.6300048828125,744500
2023-12-29,150.42117309570312,164.3000030517578,164.7100067138672,163.57000732421875,164.19000244140625,772200
2024-01-02,148.57179260253906,162.27999877929688,165.6699981689453,162.19000244140625,163.42999267578125,1298400
2024-01-03,146.85061645507812,160.39999389648438,163.0,160.30999755859375,162.75999450683594,1146300
2024-01-04,147.39991760253906,161.0,161.66000366210938,160.27999877929688,160.4499969482422,1024500
2024-01-05,148.38868713378906,162.0800018310547,162.17999267578125,160.75999450683594,161.14999389648438,1003400
2024-01-08,150.10072326660156,163.9499969482422,164.05999755859375,160.7899932861328,162.3699951171875,1297700
2024-01-09,149.1409149169922,161.60000610351562,162.02000427246094,160.33999633789062,161.0,888500
2024-01-10,148.6240997314453,161.0399932861328,161.85000610351562,159.2899932861328,161.49000549316406,881600
2024-01-11,147.65505981445312,159.99000549316406,161.1300048828125,156.74000549316406,160.6699981689453,1161900
2024-01-12,145.01556396484375,157.1300048828125,160.2899932861328,157.0,160.2899932861328,976600
2024-01-16,145.05245971679688,157.1699981689453,157.22999572753906,154.74000549316406,156.52999877929688,1428600
2024-01-17,145.5508270263672,157.7100067138672,158.3699951171875,155.66000366210938,156.49000549316406,904900
2024-01-18,147.5904541015625,159.9199981689453,160.2100067138672,157.14999389648438,158.42999267578125,848600
2024-01-19,146.96287536621094,159.24000549316406,160.36000061035156,157.66000366210938,160.36000061035156,1004600
2024-01-22,149.13168334960938,161.58999633789062,161.92999267578125,159.02000427246094,159.6300048828125,1119300
2024-01-23,149.19631958007812,161.66000366210938,163.07000732421875,160.82000732421875,162.16000366210938,794200
2024-01-24,149.19631958007812,161.66000366210938,162.58999633789062,159.97999572753906,162.05999755859375,1184500
2024-01-25,149.62081909179688,162.1199951171875,162.91000366210938,161.11000061035156,162.2100067138672,851400
2024-01-26,148.5779571533203,160.99000549316406,162.91000366210938,160.61000061035156,162.5,556100
2024-01-29,151.00515747070312,163.6199951171875,163.6199951171875,160.5800018310547,161.0800018310547,889700
2024-01-30,151.16209411621094,163.7899932861328,163.97000122070312,162.1999969482422,163.22000122070312,1004100
2024-01-31,150.04539489746094,162.5800018310547,165.67999267578125,162.24000549316406,164.86000061035156,1033700
2024-02-01,154.33685302734375,167.22999572753906,167.22999572753906,162.50999450683594,163.22999572753906,1108300
2024-02-02,153.68161010742188,166.52000427246094,167.4199981689453,164.3000030517578,166.38999938964844,881000
2024-02-05,151.82656860351562,164.50999450683594,165.61000061035156,162.91000366210938,165.38999938964844,845400
2024-02-06,153.12783813476562,165.9199981689453,167.67999267578125,163.94000244140625,164.42999267578125,1065800
2024-02-07,153.2386016845703,166.0399932861328,168.32000732421875,165.9499969482422,166.75999450683594,978200
2024-02-08,155.21360778808594,168.17999267578125,169.0,166.05999755859375,167.0399932861328,586400
2024-02-09,154.7337188720703,167.66000366210938,168.5,167.16000366210938,167.9600067138672,574800
2024-02-12,152.601806640625,165.35000610351562,167.94000244140625,164.8000030517578,167.5,1081700
2024-02-13,149.77772521972656,162.2899932861328,163.33999633789062,160.85000610351562,163.33999633789062,976900
2024-02-14,148.72561645507812,161.14999389648438,162.61000061035156,160.0,162.61000061035156,877800
2024-02-15,149.86077880859375,162.3800048828125,163.1699981689453,160.5399932861328,161.77000427246094,787300
2024-02-16,149.9346160888672,162.4600067138672,165.36000061035156,161.75999450683594,161.82000732421875,998700
2024-02-20,152.5648956298828,165.30999755859375,167.0399932861328,161.8800048828125,161.8800048828125,1567500
2024-02-21,153.6077880859375,166.44000244140625,167.60000610351562,165.4499969482422,165.4600067138672,964100
2024-02-22,155.48126220703125,168.47000122070312,168.91000366210938,166.97999572753906,167.60000610351562,1283400
2024-02-23,156.44105529785156,169.50999450683594,169.82000732421875,168.0399932861328,168.0399932861328,872600
2024-02-26,156.46873474121094,169.5399932861328,170.9499969482422,169.44000244140625,170.0,1147700
2024-02-27,156.4595184326172,169.52999877929688,170.80999755859375,168.97999572753906,169.69000244140625,1336000
2024-02-28,157.30857849121094,170.4499969482422,170.92999267578125,169.08999633789062,169.47000122070312,941700
2024-02-29,157.54855346679688,170.7100067138672,171.4199981689453,168.8699951171875,171.4199981689453,1544000
2024-03-01,158.08383178710938,171.2899932861328,171.35000610351562,169.0399932861328,170.6199951171875,866100
2024-03-04,160.6310272216797,174.0500030517578,176.83999633789062,171.97999572753906,172.5,1542000
2024-03-05,160.9633026123047,174.41000366210938,176.0800018310547,173.44000244140625,173.8000030517578,899000
2024-03-06,162.3291778564453,175.88999938964844,176.05999755859375,173.80999755859375,174.02000427246094,799500
2024-03-07,159.83737182617188,173.19000244140625,176.11000061035156,172.32000732421875,175.92999267578125,1275300
2024-03-08,158.34226989746094,171.57000732421875,173.64999389648438,171.2100067138672,172.75,870500
2024-03-11,158.56373596191406,171.80999755859375,172.5800018310547,170.36000061035156,170.89999389648438,853900
2024-03-12,159.03443908691406,172.32000732421875,172.9600067138672,171.22999572753906,171.3800048828125,805300
2024-03-13,161.1109619140625,174.57000732421875,175.41000366210938,172.8000030517578,172.8000030517578,1080500
2024-03-14,158.52682495117188,171.77000427246094,174.6999969482422,170.75,174.41000366210938,889900
2024-03-15,158.7021942138672,171.9600067138672,173.8000030517578,170.9199981689453,170.9199981689453,2552500
2024-03-18,159.54202270507812,172.8699951171875,173.75,171.0,171.0,1195900
2024-03-19,160.66796875,174.08999633789062,174.42999267578125,172.66000366210938,173.13999938964844,1121400
2024-03-20,161.1201934814453,174.5800018310547,175.1199951171875,173.80999755859375,174.27999877929688,1359300
2024-03-21,150.6544647216797,163.24000549316406,168.0800018310547,162.2100067138672,164.72999572753906,3891900
2024-03-22,152.38031005859375,165.11000061035156,165.6699981689453,162.5399932861328,164.10000610351562,1675900
2024-03-25,150.15609741210938,162.6999969482422,164.83999633789062,162.0500030517578,164.2100067138672,2116200
2024-03-26,150.89442443847656,163.5,164.77999877929688,162.3699951171875,163.38999938964844,1309300
2024-03-27,154.09690856933594,166.97000122070312,166.97999572753906,163.85000610351562,163.85000610351562,1129100
2024-03-28,154.26300048828125,167.14999389648438,168.0,166.91000366210938,167.4499969482422,975000
2024-04-01,154.3460693359375,167.24000549316406,167.75999450683594,165.2100067138672,166.6999969482422,1478900
2024-04-02,151.33741760253906,163.97999572753906,167.16000366210938,163.47999572753906,166.74000549316406,1072000
2024-04-03,150.4145050048828,162.97999572753906,164.61000061035156,162.6999969482422,163.99000549316406,1230700
2024-04-04,146.2891387939453,158.50999450683594,165.5,157.99000549316406,163.8800048828125,1827400
2024-04-05,144.29566955566406,156.35000610351562,158.16000366210938,156.25,158.10000610351562,1467800
2024-04-08,145.7631072998047,157.94000244140625,158.77000427246094,156.4199981689453,156.4199981689453,1484400
2024-04-09,147.32655334472656,158.30999755859375,158.39999389648438,156.22000122070312,156.8800048828125,927100
2024-04-10,145.08372497558594,155.89999389648438,156.6300048828125,154.88999938964844,156.6300048828125,1089800
2024-04-11,144.25547790527344,155.00999450683594,156.41000366210938,153.30999755859375,156.25999450683594,1290600
2024-04-12,142.43145751953125,153.0500030517578,154.55999755859375,151.5399932861328,154.30999755859375,1423500
2024-04-15,143.37139892578125,154.05999755859375,155.25999450683594,153.41000366210938,153.63999938964844,1126600
2024-04-16,143.4458770751953,154.13999938964844,155.00999450683594,152.44000244140625,153.94000244140625,1066500
2024-04-17,142.35704040527344,152.97000122070312,155.22999572753906,152.27999877929688,154.77000427246094,1093800
2024-04-18,141.72421264648438,152.2899932861328,154.00999450683594,152.05999755859375,154.00999450683594,890300
2024-04-19,141.9196319580078,152.5,153.80999755859375,152.27999877929688,152.38999938964844,960600
2024-04-22,143.82742309570312,154.5500030517578,155.24000549316406,152.67999267578125,153.27000427246094,1235400
2024-04-23,145.08372497558594,155.89999389648438,156.35000610351562,154.60000610351562,155.38999938964844,876700
2024-04-24,145.74447631835938,156.61000061035156,156.9199981689453,155.3300018310547,155.4499969482422,970000
2024-04-25,145.6793212890625,156.5399932861328,157.30999755859375,154.75,156.27000427246094,1550700
2024-04-26,145.26988220214844,156.10000610351562,158.19000244140625,155.80999755859375,155.8300018310547,886600
2024-04-29,144.7021942138672,155.49000549316406,157.02999877929688,155.1199951171875,156.91000366210938,960700
2024-04-30,142.76651000976562,153.41000366210938,155.3000030517578,153.27000427246094,154.5800018310547,1329700
2024-05-01,140.66329956054688,151.14999389648438,153.0,149.74000549316406,152.5,1556900
2024-05-02,137.6015625,147.86000061035156,151.69000244140625,147.4600067138672,151.69000244140625,2574600
2024-05-03,138.89512634277344,149.25,149.77999877929688,147.77000427246094,148.7899932861328,1864300
2024-05-06,137.24790954589844,147.47999572753906,150.3800048828125,147.22999572753906,149.6999969482422,1545200
2024-05-07,136.82913208007812,147.02999877929688,148.67999267578125,146.25,147.66000366210938,1557800
2024-05-08,137.71322631835938,147.97999572753906,148.0500030517578,145.77000427246094,146.25,1226000
2024-05-09,136.72677612304688,146.9199981689453,148.38999938964844,146.36000061035156,148.0500030517578,950100
2024-05-10,137.96450805664062,148.25,149.2899932861328,147.27000427246094,147.27000427246094,1082400
2024-05-13,138.7183074951172,149.05999755859375,150.00999450683594,148.05999755859375,148.5800018310547,1354700
2024-05-14,138.6066436767578,148.94000244140625,151.4600067138672,148.02999877929688,150.19000244140625,1119800
2024-05-15,141.24957275390625,151.77999877929688,151.92999267578125,148.9600067138672,149.2899932861328,1181500
2024-05-16,140.91455078125,151.4199981689453,152.7899932861328,150.9199981689453,152.22000122070312,1056900
2024-05-17,143.3155517578125,154.0,154.08999633789062,151.74000549316406,153.07000732421875,1191400
2024-05-20,141.4357147216797,151.97999572753906,154.4199981689453,151.89999389648438,154.0800018310547,969300
2024-05-21,139.30459594726562,149.69000244140625,152.27000427246094,149.5,152.24000549316406,942700
2024-05-22,138.39259338378906,148.7100067138672,149.60000610351562,148.2100067138672,149.16000366210938,1189800
2024-05-23,137.4154510498047,147.66000366210938,148.8000030517578,146.6300048828125,148.75999450683594,921200
2024-05-24,137.35960388183594,147.60000610351562,148.5500030517578,147.14999389648438,148.27999877929688,843700
2024-05-28,138.02963256835938,148.32000732421875,149.72000122070312,147.17999267578125,147.52000427246094,1348700
2024-05-29,135.85198974609375,145.97999572753906,148.41000366210938,145.75,147.41000366210938,964100
2024-05-30,137.77838134765625,148.0500030517578,148.4199981689453,146.22000122070312,146.74000549316406,753800
2024-05-31,139.95603942871094,150.38999938964844,150.47000122070312,147.61000061035156,148.11000061035156,1532500
2024-06-03,140.65399169921875,151.13999938964844,152.44000244140625,149.3800048828125,149.85000610351562,932200
2024-06-04,139.41627502441406,149.80999755859375,151.4600067138672,149.6300048828125,150.47999572753906,790500
2024-06-05,140.16075134277344,150.61000061035156,151.0,147.74000549316406,149.72000122070312,822600
2024-06-06,139.6954345703125,150.11000061035156,151.3699951171875,149.60000610351562,150.25,710600
2024-06-07,138.23439025878906,148.5399932861328,150.6300048828125,148.22999572753906,149.2100067138672,937500
2024-06-10,137.4340362548828,147.67999267578125,148.85000610351562,147.25,148.39999389648438,930300
2024-06-11,136.4382781982422,146.61000061035156,147.16000366210938,145.75999450683594,147.02000427246094,920300
2024-06-12,136.97804260253906,147.19000244140625,148.8800048828125,146.86000061035156,147.63999938964844,1320200
2024-06-13,137.24790954589844,147.47999572753906,147.63999938964844,145.30999755859375,145.58999633789062,1208300
2024-06-14,138.45770263671875,148.77999877929688,148.8000030517578,146.19000244140625,146.82000732421875,1229200
2024-06-17,142.92469787597656,153.5800018310547,154.5500030517578,148.58999633789062,148.80999755859375,2551000
2024-06-18,141.4171142578125,151.9600067138672,154.86000061035156,151.6699981689453,153.49000549316406,2335400
2024-06-20,143.58544921875,154.2899932861328,158.0,151.80999755859375,157.47999572753906,2727600
2024-06-21,142.64549255371094,153.27999877929688,155.0,151.75,155.0,2642700
2024-06-24,143.43653869628906,154.1300048828125,154.94000244140625,152.3000030517578,153.30999755859375,1605100
2024-06-25,142.4687042236328,153.08999633789062,155.02999877929688,152.4600067138672,154.3300018310547,1009700
2024-06-26,141.57528686523438,152.1300048828125,152.38999938964844,150.25999450683594,152.17999267578125,959300
2024-06-27,141.5659942626953,152.1199951171875,153.11000061035156,150.4600067138672,152.35000610351562,1104500
2024-06-28,140.82150268554688,151.32000732421875,153.75,150.9499969482422,152.39999389648438,1701200
2024-07-01,138.03895568847656,148.3300018310547,151.80999755859375,147.7100067138672,151.80999755859375,898900
2024-07-02,136.58717346191406,146.77000427246094,149.0,146.52999877929688,148.67999267578125,1066300
2024-07-03,135.33084106445312,145.4199981689453,146.67999267578125,144.6699981689453,145.5399932861328,603900
2024-07-05,135.1447296142578,145.22000122070312,145.5,144.25,145.1300048828125,952800
2024-07-08,134.74452209472656,144.7899932861328,146.55999755859375,144.5,146.27999877929688,910700
2024-07-09,130.55674743652344,140.2899932861328,144.9600067138672,140.19000244140625,144.5,1517400
2024-07-10,129.77655029296875,138.05999755859375,139.1999969482422,136.9199981689453,138.97999572753906,2387000
2024-07-11,131.56256103515625,139.9600067138672,140.47999572753906,135.8699951171875,136.02999877929688,1473600
2024-07-12,133.73397827148438,142.27000427246094,142.9499969482422,140.2100067138672,140.72000122070312,1226800
2024-07-15,134.6739501953125,143.27000427246094,144.11000061035156,142.19000244140625,142.89999389648438,1299900
2024-07-16,136.60096740722656,145.32000732421875,145.82000732421875,142.57000732421875,143.42999267578125,1190400
2024-07-17,138.5091552734375,147.35000610351562,148.66000366210938,144.85000610351562,144.85000610351562,1171000
2024-07-18,134.29795837402344,142.8699951171875,146.1999969482422,141.67999267578125,145.61000061035156,1681700
2024-07-19,134.28855895996094,142.86000061035156,143.36000061035156,141.19000244140625,143.36000061035156,1008300
2024-07-22,134.98416137695312,143.60000610351562,143.7100067138672,139.97999572753906,142.88999938964844,1320500
2024-07-23,131.7881622314453,140.1999969482422,143.8000030517578,140.13999938964844,142.5399932861328,1477900
2024-07-24,131.06434631347656,139.42999267578125,140.14999389648438,138.2100067138672,140.05999755859375,1430900
2024-07-25,133.38616943359375,141.89999389648438,142.3699951171875,139.1199951171875,139.63999938964844,1352100
2024-07-26,133.73397827148438,142.27000427246094,143.72000122070312,141.8800048828125,143.0,1185700
2024-07-29,137.94515991210938,146.75,146.80999755859375,141.02000427246094,142.25,1486100
2024-07-30,139.25177001953125,148.13999938964844,148.9199981689453,145.6699981689453,146.86000061035156,1180600
2024-07-31,137.51275634765625,146.2899932861328,148.22000122070312,146.02999877929688,148.11000061035156,1841500
2024-08-01,136.62916564941406,145.35000610351562,147.25999450683594,142.8699951171875,147.02999877929688,1613800
2024-08-02,135.3883819580078,144.02999877929688,145.0,141.22000122070312,145.0,2066700
2024-08-05,132.7469482421875,141.22000122070312,143.0500030517578,140.10000610351562,141.8000030517578,1662200
2024-08-06,134.86195373535156,143.47000122070312,144.55999755859375,141.63999938964844,141.91000366210938,1203000
2024-08-07,133.34857177734375,141.86000061035156,145.25999450683594,141.66000366210938,142.9600067138672,1665600
2024-08-08,135.82077026367188,144.49000549316406,145.0,141.61000061035156,141.83999633789062,936500
2024-08-09,134.51416015625,143.10000610351562,144.80999755859375,142.67999267578125,144.6699981689453,954300
2024-08-12,133.5553741455078,142.0800018310547,143.6300048828125,141.55999755859375,143.19000244140625,601300
2024-08-13,135.54815673828125,144.1999969482422,145.05999755859375,142.1699981689453,142.47000122070312,760700
2024-08-14,132.3709716796875,140.82000732421875,143.44000244140625,140.5,143.44000244140625,1063800
2024-08-15,135.5951690673828,144.25,144.8699951171875,141.82000732421875,142.19000244140625,955500
2024-08-16,134.75856018066406,143.36000061035156,144.66000366210938,143.0800018310547,143.83999633789062,768100
2024-08-19,140.69935607910156,149.67999267578125,149.86000061035156,143.91000366210938,143.9199981689453,1517200
2024-08-20,145.8411865234375,155.14999389648438,157.3000030517578,151.0,151.5,3235600
2024-08-21,146.29238891601562,155.6300048828125,156.3000030517578,154.72999572753906,155.77000427246094,1196000
2024-08-22,144.66616821289062,153.89999389648438,156.5800018310547,153.22999572753906,155.69000244140625,902100
2024-08-23,144.82598876953125,154.07000732421875,156.02999877929688,153.75,154.9600067138672,969300
2024-08-26,146.82815551757812,156.1999969482422,157.11000061035156,154.38999938964844,154.38999938964844,962700
2024-08-27,147.33578491210938,156.74000549316406,156.8699951171875,155.30999755859375,155.9199981689453,767900
2024-08-28,147.54258728027344,156.9600067138672,157.88999938964844,155.63999938964844,156.1300048828125,1275000
2024-08-29,147.3451690673828,156.75,158.74000549316406,155.77999877929688,157.5,1308800
2024-08-30,148.66116333007812,158.14999389648438,158.64999389648438,156.8800048828125,156.8800048828125,1103500
2024-09-03,148.75515747070312,158.25,159.2899932861328,157.3000030517578,157.7899932861328,1064200
2024-09-04,149.78916931152344,159.35000610351562,159.75,158.0,158.24000549316406,1002700
2024-09-05,148.46377563476562,157.94000244140625,160.38999938964844,157.5800018310547,160.0,1208500
2024-09-06,147.98435974121094,157.42999267578125,160.63999938964844,156.9499969482422,158.97999572753906,1150700
2024-09-09,147.30758666992188,156.7100067138672,157.5,155.41000366210938,156.55999755859375,1203200
2024-09-10,146.27357482910156,155.61000061035156,157.8000030517578,155.00999450683594,156.97000122070312,841900
2024-09-11,147.9937744140625,157.44000244140625,157.61000061035156,153.97999572753906,155.58999633789062,1273200
2024-09-12,148.99957275390625,158.50999450683594,159.1999969482422,156.47000122070312,157.89999389648438,592700
2024-09-13,150.63519287109375,160.25,160.94000244140625,158.91000366210938,159.0,1034200
2024-09-16,150.53176879882812,160.13999938964844,162.5399932861328,159.6999969482422,161.30999755859375,1430400
2024-09-17,151.83837890625,161.52999877929688,162.7100067138672,160.58999633789062,160.66000366210938,1114900
2024-09-18,149.59176635742188,159.13999938964844,162.49000549316406,158.97999572753906,162.3300018310547,1256300
2024-09-19,161.93399047851562,172.27000427246094,173.74000549316406,167.17999267578125,173.50999450683594,3660900
2024-09-20,159.95999145507812,170.1699981689453,172.6699981689453,169.0,172.6699981689453,2870800
2024-09-23,162.37579345703125,172.74000549316406,173.27000427246094,170.77999877929688,172.00999450683594,1801000
2024-09-24,160.8435821533203,171.11000061035156,173.75,171.02000427246094,173.0,1219300
2024-09-25,158.02359008789062,168.11000061035156,171.35000610351562,167.7100067138672,171.35000610351562,2012200
2024-09-26,157.8731689453125,167.9499969482422,169.52999877929688,167.16000366210938,168.8800048828125,1301500
2024-09-27,156.7075958251953,166.7100067138672,168.33999633789062,165.9199981689453,168.05999755859375,1447800
2024-09-30,154.2823944091797,164.1300048828125,167.30999755859375,163.1699981689453,166.8300018310547,1357300
2024-10-01,154.27297973632812,164.1199951171875,164.9600067138672,162.97000122070312,164.1699981689453,1345200
2024-10-02,152.93820190429688,162.6999969482422,163.35000610351562,160.8000030517578,162.72999572753906,1371300
2024-10-03,152.12977600097656,161.83999633789062,162.35000610351562,160.19000244140625,161.6699981689453,1149000
2024-10-04,154.9497833251953,164.83999633789062,164.86000061035156,163.10000610351562,163.14999389648438,1039300
2024-10-07,149.9771728515625,159.5500030517578,163.5399932861328,158.49000549316406,163.0800018310547,1269100
2024-10-08,149.58238220214844,159.1300048828125,161.33999633789062,158.82000732421875,161.33999633789062,1024100
2024-10-09,149.04656982421875,158.55999755859375,159.25999450683594,157.69000244140625,158.99000549316406,1179900
2024-10-10,147.8800506591797,155.92999267578125,157.85000610351562,155.17999267578125,156.77999877929688,931200
2024-10-11,148.62930297851562,156.72000122070312,157.99000549316406,156.4600067138672,156.63999938964844,889500
2024-10-14,148.83792114257812,156.94000244140625,157.5500030517578,155.89999389648438,156.42999267578125,989600
2024-10-15,151.8727264404297,160.13999938964844,161.55999755859375,157.00999450683594,157.17999267578125,1332300
2024-10-16,154.51870727539062,162.92999267578125,163.1300048828125,159.82000732421875,160.08999633789062,1127400
2024-10-17,155.78952026367188,164.27000427246094,164.3300018310547,161.80999755859375,162.4499969482422,911200
2024-10-18,156.09298706054688,164.58999633789062,164.85000610351562,163.02999877929688,164.85000610351562,723400
2024-10-21,155.57139587402344,164.0399932861328,165.66000366210938,163.5,164.66000366210938,1184700
2024-10-22,152.80213928222656,161.1199951171875,162.33999633789062,160.38999938964844,162.33999633789062,774300
2024-10-23,153.97811889648438,162.36000061035156,163.22999572753906,159.0500030517578,160.3000030517578,1373400
2024-10-24,154.1772918701172,162.57000732421875,163.80999755859375,161.57000732421875,163.27999877929688,788800
2024-10-25,151.66407775878906,159.9199981689453,162.92999267578125,159.6300048828125,162.6300048828125,691300
2024-10-28,153.82638549804688,162.1999969482422,163.0,160.22000122070312,162.00999450683594,937100
2024-10-29,153.57980346679688,161.94000244140625,162.74000549316406,159.5,161.0500030517578,864800
2024-10-30,151.9391326904297,160.2100067138672,163.52999877929688,159.77999877929688,162.80999755859375,761600
2024-10-31,151.7589569091797,160.02000427246094,161.75,159.30999755859375,159.8000030517578,1112900
2024-11-01,151.4080352783203,159.64999389648438,161.0399932861328,159.47999572753906,160.3300018310547,747700
2024-11-04,150.57345581054688,158.77000427246094,160.22999572753906,157.88999938964844,159.22000122070312,813400
2024-11-05,153.04873657226562,161.3800048828125,161.85000610351562,157.94000244140625,159.0500030517578,1041100
2024-11-06,162.1246337890625,170.9499969482422,174.32000732421875,166.60000610351562,166.74000549316406,1988800
2024-11-07,159.78219604492188,168.47999572753906,170.8000030517578,167.8000030517578,170.55999755859375,1056400
2024-11-08,159.74424743652344,168.44000244140625,170.58999633789062,167.8300018310547,168.47000122070312,920000
2024-11-11,160.51243591308594,169.25,171.66000366210938,168.69000244140625,169.47000122070312,1327300
2024-11-12,158.4544677734375,167.0800018310547,172.10000610351562,165.6300048828125,169.9199981689453,1193700
2024-11-13,160.9202117919922,169.67999267578125,170.80999755859375,166.75,167.6199951171875,1311700
2024-11-14,159.98135375976562,168.69000244140625,171.2100067138672,168.27000427246094,169.5,889600
2024-11-15,158.16993713378906,166.77999877929688,169.44000244140625,166.3300018310547,168.86000061035156,1978800
2024-11-18,155.96023559570312,164.4499969482422,168.19000244140625,163.89999389648438,166.9499969482422,1112100
2024-11-19,152.5460662841797,160.85000610351562,163.66000366210938,160.32000732421875,162.25,1279100
2024-11-20,154.19625854492188,162.58999633789062,163.05999755859375,159.39999389648438,160.05999755859375,1473100
2024-11-21,156.06454467773438,164.55999755859375,164.8000030517578,161.30999755859375,161.9499969482422,1253000
2024-11-22,159.03294372558594,167.69000244140625,168.47000122070312,163.82000732421875,164.36000061035156,1270800
2024-11-25,166.17422485351562,175.22000122070312,177.5800018310547,170.85000610351562,170.85000610351562,1920800
2024-11-26,164.87496948242188,173.85000610351562,175.07000732421875,171.32000732421875,174.3300018310547,996200
2024-11-27,165.94659423828125,174.97999572753906,176.91000366210938,174.32000732421875,174.32000732421875,714200
2024-11-29,167.17002868652344,176.27000427246094,177.6699981689453,174.82000732421875,175.1300048828125,541700
2024-12-02,163.12045288085938,172.0,175.72999572753906,171.8000030517578,175.72999572753906,1148700
2024-12-03,161.95396423339844,170.77000427246094,172.0800018310547,169.9499969482422,171.61000061035156,953400
2024-12-04,162.3807373046875,171.22000122070312,171.75,170.16000366210938,170.6999969482422,768200
2024-12-05,162.3332977294922,171.1699981689453,173.13999938964844,171.16000366210938,171.74000549316406,716100
2024-12-06,160.9866180419922,169.75,173.0500030517578,169.5800018310547,172.47000122070312,1112500
2024-12-09,159.9339141845703,168.63999938964844,169.77999877929688,166.14999389648438,169.25,1376400
2024-12-10,159.62094116210938,168.30999755859375,170.85000610351562,165.00999450683594,168.05999755859375,1284300
2024-12-11,159.1657257080078,167.8300018310547,169.8699951171875,167.6199951171875,169.19000244140625,809900
2024-12-12,156.47235107421875,164.99000549316406,168.8000030517578,164.3800048828125,167.64999389648438,1512200
2024-12-13,158.0845947265625,166.69000244140625,166.99000549316406,164.38999938964844,165.1999969482422,1472700
2024-12-16,158.91917419433594,167.57000732421875,171.61000061035156,166.50999450683594,166.50999450683594,1809800
2024-12-17,156.91810607910156,165.4600067138672,168.92999267578125,164.24000549316406,167.44000244140625,2161900
2024-12-18,151.61668395996094,159.8699951171875,165.99000549316406,159.6699981689453,164.99000549316406,2673000
2024-12-19,173.96987915039062,183.44000244140625,188.82000732421875,176.83999633789062,177.72000122070312,4765800
2024-12-20,177.90562438964844,187.58999633789062,188.8800048828125,181.0800018310547,183.3699951171875,4153200
2024-12-23,175.25018310546875,184.7899932861328,188.47999572753906,180.47999572753906,187.9499969482422,2049000
2024-12-24,177.01414489746094,186.64999389648438,186.7899932861328,183.33999633789062,185.6699981689453,626800
2024-12-26,178.92037963867188,188.66000366210938,188.9499969482422,185.00999450683594,186.0,1209700
2024-12-27,177.89614868164062,187.5800018310547,189.17999267578125,186.83999633789062,187.1699981689453,872800
2024-12-30,177.12794494628906,186.77000427246094,187.8300018310547,184.85000610351562,185.42999267578125,928900
2024-12-31,177.05209350585938,186.69000244140625,188.4600067138672,185.89999389648438,187.02000427246094,834100
2025-01-02,176.88137817382812,186.50999450683594,188.52000427246094,184.8800048828125,188.47000122070312,872600
2025-01-03,178.0289306640625,187.72000122070312,188.2100067138672,185.9199981689453,186.92999267578125,1129400
2025-01-06,174.46302795410156,183.9600067138672,187.72000122070312,183.52999877929688,187.10000610351562,1670900
2025-01-07,174.82339477539062,184.33999633789062,186.27999877929688,183.67999267578125,185.35000610351562,1145600
2025-01-08,174.24488830566406,183.72999572753906,185.4499969482422,181.9199981689453,183.22000122070312,1122200
2025-01-10,172.03732299804688,180.02000427246094,182.5399932861328,179.14999389648438,180.38999938964844,1293300
2025-01-13,174.66537475585938,182.77000427246094,182.88999938964844,179.0,179.6999969482422,1091100
2025-01-14,173.96775817871094,182.0399932861328,185.27999877929688,181.97000122070312,184.08999633789062,1228100
2025-01-15,172.81141662597656,180.8300018310547,185.0399932861328,180.7899932861328,184.52999877929688,880200
2025-01-16,173.03118896484375,181.05999755859375,182.42999267578125,179.86000061035156,180.6999969482422,763300
2025-01-17,173.69061279296875,181.75,183.13999938964844,181.00999450683594,182.00999450683594,940500
2025-01-21,178.22044372558594,186.49000549316406,187.80999755859375,182.3800048828125,182.4600067138672,1839200
2025-01-22,177.4176788330078,185.64999389648438,187.66000366210938,184.97000122070312,186.64999389648438,1047000
2025-01-23,177.91461181640625,186.1699981689453,186.44000244140625,183.5500030517578,185.08999633789062,968000
2025-01-24,179.29075622558594,187.61000061035156,188.50999450683594,184.02000427246094,184.8000030517578,1304800
2025-01-27,184.07859802246094,192.6199951171875,193.1300048828125,188.0,188.0,1353700
2025-01-28,183.86834716796875,192.39999389648438,194.6999969482422,191.47999572753906,191.8300018310547,931900
2025-01-29,185.20628356933594,193.8000030517578,194.85000610351562,192.52000427246094,193.58999633789062,857500
2025-01-30,187.49029541015625,196.19000244140625,196.64999389648438,194.08999633789062,194.60000610351562,769600
2025-01-31,186.58242797851562,195.24000549316406,196.8000030517578,195.00999450683594,195.13999938964844,1508600
2025-02-03,189.86032104492188,198.6699981689453,199.9499969482422,191.74000549316406,192.50999450683594,1324400
2025-02-04,190.7108612060547,199.55999755859375,200.89999389648438,197.24000549316406,199.32000732421875,868400
2025-02-05,191.53273010253906,200.4199981689453,201.08999633789062,196.5399932861328,199.64999389648438,974300
2025-02-06,191.54226684570312,200.42999267578125,201.94000244140625,199.0800018310547,201.4199981689453,733100
2025-02-07,188.47462463378906,197.22000122070312,200.00999450683594,197.0399932861328,199.63999938964844,775300
2025-02-10,186.64930725097656,195.30999755859375,198.27000427246094,193.75,198.14999389648438,882900
2025-02-11,185.5598602294922,194.1699981689453,194.9199981689453,192.13999938964844,193.05999755859375,895500
2025-02-12,186.17147827148438,194.80999755859375,195.47000122070312,192.0800018310547,193.3699951171875,798000
2025-02-13,184.88136291503906,193.4600067138672,196.30999755859375,192.6199951171875,195.3300018310547,908300
2025-02-14,182.71200561523438,191.19000244140625,194.0800018310547,190.22000122070312,194.0800018310547,1149000
2025-02-18,191.51361083984375,200.39999389648438,200.66000366210938,190.67999267578125,191.05999755859375,1928500
2025-02-19,188.1210174560547,196.85000610351562,199.17999267578125,195.5800018310547,198.60000610351562,1551600
2025-02-20,186.44863891601562,195.10000610351562,197.5,193.24000549316406,195.83999633789062,1133500
2025-02-21,182.7311248779297,191.2100067138672,195.5,190.05999755859375,195.17999267578125,1385000
2025-02-24,186.2957305908203,194.94000244140625,195.38999938964844,190.85000610351562,191.92999267578125,1300800
2025-02-25,188.9237823486328,197.69000244140625,198.64999389648438,194.94000244140625,194.94000244140625,1383800
2025-02-26,185.43560791015625,194.0399932861328,198.22999572753906,192.3800048828125,198.22999572753906,1212600
2025-02-27,186.276611328125,194.9199981689453,196.33999633789062,193.1199951171875,194.88999938964844,1257400
2025-02-28,191.5709686279297,200.4600067138672,200.77999877929688,195.30999755859375,195.30999755859375,1132700
2025-03-03,187.2227020263672,195.91000366210938,203.1199951171875,195.30999755859375,201.58999633789062,1578600
2025-03-04,184.17416381835938,192.72000122070312,195.6999969482422,192.3000030517578,194.42999267578125,1241600
2025-03-05,186.03768920898438,194.6699981689453,195.88999938964844,191.69000244140625,192.63999938964844,870300
2025-03-06,183.7823486328125,192.30999755859375,195.11000061035156,191.6300048828125,192.8800048828125,944000
2025-03-07,186.03768920898438,194.6699981689453,195.38999938964844,189.22000122070312,191.80999755859375,1151500
2025-03-10,186.85000610351562,195.52000427246094,197.35000610351562,193.14999389648438,194.11000061035156,1368000
2025-03-11,180.99185180664062,189.38999938964844,195.05999755859375,188.83999633789062,193.69000244140625,1578600
2025-03-12,181.40277099609375,189.82000732421875,191.11000061035156,185.30999755859375,189.4600067138672,1245300
2025-03-13,173.09811401367188,181.1300048828125,191.1999969482422,180.3800048828125,190.25999450683594,1644400
2025-03-14,177.74261474609375,185.99000549316406,186.52999877929688,180.22000122070312,182.3699951171875,1047400
2025-03-17,179.28123474121094,187.60000610351562,188.24000549316406,184.69000244140625,185.3800048828125,1204100
2025-03-18,179.73036193847656,188.07000732421875,188.57000732421875,185.7899932861328,186.5,1192700
2025-03-19,179.80679321289062,188.14999389648438,189.77999877929688,186.82000732421875,186.82000732421875,1536800
2025-03-20,190.18524169921875,199.00999450683594,203.47000122070312,195.58999633789062,198.41000366210938,3178800
2025-03-21,191.064453125,199.92999267578125,200.3800048828125,195.5500030517578,199.0800018310547,2514100
2025-03-24,199.311767578125,208.55999755859375,210.47000122070312,202.33999633789062,202.75,2129600
2025-03-25,197.9833984375,207.1699981689453,208.9199981689453,205.6300048828125,207.67999267578125,1226700
2025-03-26,198.25099182128906,207.4499969482422,209.02999877929688,205.99000549316406,208.25,941800
2025-03-27,198.76705932617188,207.99000549316406,211.0,206.32000732421875,207.5,954300
2025-03-28,196.03387451171875,205.1300048828125,207.55999755859375,203.25,207.55999755859375,798200
2025-03-31,198.54722595214844,207.75999450683594,209.27000427246094,203.0500030517578,203.0500030517578,1556300
2025-04-01,200.24830627441406,209.5399932861328,209.77000427246094,204.50999450683594,206.94000244140625,986600
2025-04-02,200.2769775390625,209.57000732421875,210.74000549316406,205.75999450683594,206.39999389648438,1117700
2025-04-03,191.7812042236328,200.67999267578125,204.67999267578125,198.32000732421875,203.39999389648438,2082800
2025-04-04,183.84925842285156,192.3800048828125,197.42999267578125,190.4600067138672,196.6199951171875,1913000
2025-04-07,180.60000610351562,188.97999572753906,194.80999755859375,181.02999877929688,186.5,2115500
2025-04-08,178.30642700195312,186.5800018310547,194.22000122070312,184.3300018310547,193.02999877929688,1622400
2025-04-09,187.64320373535156,196.35000610351562,198.64999389648438,181.0,183.3000030517578,2018200
2025-04-10,184.83265686035156,192.02999877929688,193.9499969482422,187.22999572753906,191.8300018310547,1289100
2025-04-11,187.1811981201172,194.47000122070312,196.77000427246094,189.32000732421875,192.0,1109100
2025-04-14,191.80130004882812,199.27000427246094,200.47999572753906,195.86000061035156,197.02999877929688,1421200
2025-04-15,192.08042907714844,199.55999755859375,202.2100067138672,198.4199981689453,199.35000610351562,1105600
2025-04-16,190.45375061035156,197.8699951171875,200.42999267578125,196.35000610351562,199.27999877929688,1161100
2025-04-17,192.71568298339844,200.22000122070312,202.9600067138672,197.27000427246094,198.6999969482422,928600
2025-04-21,189.68373107910156,197.07000732421875,200.05999755859375,194.88999938964844,199.52000427246094,1112800
2025-04-22,195.05459594726562,202.64999389648438,202.82000732421875,197.7899932861328,199.02999877929688,935500
2025-04-23,194.20758056640625,201.77000427246094,206.97000122070312,201.02000427246094,205.05999755859375,945200
2025-04-24,192.9274444580078,200.44000244140625,200.72999572753906,197.52000427246094,200.72999572753906,935600
2025-04-25,191.6376495361328,199.10000610351562,201.0800018310547,197.77999877929688,199.22000122070312,811700
2025-04-28,192.8600616455078,200.3699951171875,200.92999267578125,197.4499969482422,199.47999572753906,979400
2025-04-29,191.3681640625,198.82000732421875,199.85000610351562,196.3699951171875,199.0,877800
2025-04-30,193.11993408203125,200.63999938964844,201.50999450683594,194.97000122070312,197.6300048828125,1155400
2025-05-01,192.36917114257812,199.86000061035156,202.39999389648438,198.22999572753906,200.47999572753906,881600
2025-05-02,196.24813842773438,203.88999938964844,204.1199951171875,201.36000061035156,202.44000244140625,820200
2025-05-05,195.08348083496094,202.67999267578125,204.14999389648438,201.86000061035156,203.57000732421875,934100
2025-05-06,191.06015014648438,198.5,201.25999450683594,198.47000122070312,200.69000244140625,877400
2025-05-07,190.5789031982422,198.0,200.92999267578125,197.82000732421875,199.57000732421875,1754100
2025-05-08,191.54141235351562,199.0,201.1999969482422,198.92999267578125,200.91000366210938,1428500
2025-05-09,190.97352600097656,198.41000366210938,200.25,196.69000244140625,199.63999938964844,1321000
2025-05-12,196.20962524414062,203.85000610351562,205.9499969482422,201.39999389648438,202.60000610351562,3983700
2025-05-13,197.3165283203125,205.0,209.22000122070312,203.3000030517578,204.0,2843300
2025-05-14,199.64581298828125,207.4199981689453,208.25,205.07000732421875,205.60000610351562,2635100
2025-05-15,201.16659545898438,209.0,210.94000244140625,207.5,208.1300048828125,2227000
2025-05-16,203.71726989746094,211.64999389648438,211.82000732421875,208.32000732421875,209.24000549316406,2316200
2025-05-19,200.90670776367188,208.72999572753906,210.44000244140625,208.00999450683594,209.47000122070312,1560300
2025-05-20,199.28004455566406,207.0399932861328,209.41000366210938,206.92999267578125,207.9499969482422,1231400
2025-05-21,195.5262451171875,203.13999938964844,206.39999389648438,202.92999267578125,205.32000732421875,1696200
2025-05-22,196.238525390625,203.8800048828125,204.4499969482422,202.1300048828125,203.44000244140625,2844400
2025-05-23,196.37326049804688,204.02000427246094,204.64999389648438,201.9199981689453,202.57000732421875,901500
2025-05-27,206.02732849121094,214.0500030517578,214.13999938964844,205.3800048828125,206.0500030517578,2048300
2025-05-28,205.74819946289062,213.75999450683594,215.0500030517578,212.8699951171875,214.02000427246094,1066800
2025-05-29,205.70008850097656,213.7100067138672,215.67999267578125,211.4499969482422,214.0800018310547,1623700
2025-05-30,206.18136596679688,214.2100067138672,214.75999450683594,212.58999633789062,212.6999969482422,1415700
2025-06-02,208.72238159179688,216.85000610351562,216.89999389648438,212.52999877929688,213.25999450683594,1185800
2025-06-03,209.0688934326172,217.2100067138672,218.22000122070312,214.64999389648438,216.52999877929688,1255900
2025-06-04,208.14488220214844,216.25,217.89999389648438,215.3300018310547,217.19000244140625,811400
2025-06-05,206.9994659423828,215.05999755859375,216.44000244140625,213.99000549316406,215.94000244140625,835400
2025-06-06,209.37689208984375,217.52999877929688,218.16000366210938,214.92999267578125,217.17999267578125,761200
2025-06-09,211.46556091308594,219.6999969482422,220.7899932861328,216.13999938964844,217.52000427246094,1364700
2025-06-10,208.09674072265625,216.1999969482422,220.00999450683594,215.6699981689453,219.39999389648438,949600
2025-06-11,209.5116424560547,217.6699981689453,219.0500030517578,215.7100067138672,216.5800018310547,951500
2025-06-12,209.64639282226562,217.80999755859375,217.91000366210938,215.94000244140625,216.52999877929688,783300
2025-06-13,209.34800720214844,217.5,218.6999969482422,215.52000427246094,217.69000244140625,1329400
2025-06-16,216.33590698242188,224.75999450683594,225.41000366210938,220.14999389648438,220.14999389648438,1914200
2025-06-17,216.35516357421875,224.77999877929688,226.97999572753906,223.08999633789062,224.38999938964844,2161500
2025-06-18,214.40126037597656,222.75,226.3300018310547,221.41000366210938,225.2100067138672,2672000
2025-06-20,217.3177032470703,225.77999877929688,228.27000427246094,217.00999450683594,223.57000732421875,3826300
2025-06-23,213.04409790039062,221.33999633789062,223.8800048828125,213.07000732421875,221.86000061035156,2729600
2025-06-24,212.55322265625,220.8300018310547,224.94000244140625,220.6300048828125,223.5,1686500
2025-06-25,209.30953979492188,217.4600067138672,221.47999572753906,216.27000427246094,221.02000427246094,1711500
2025-06-26,207.8753662109375,215.97000122070312,218.92999267578125,215.33999633789062,218.92999267578125,1425100
2025-06-27,208.0293731689453,216.1300048828125,216.3699951171875,213.72999572753906,215.83999633789062,3490800
2025-06-30,209.8004150390625,217.97000122070312,218.67999267578125,215.52999877929688,216.35000610351562,1487000
2025-07-01,211.36932373046875,219.60000610351562,222.55999755859375,217.61000061035156,217.66000366210938,1518000
2025-07-02,211.1094207763672,219.3300018310547,219.66000366210938,215.27000427246094,218.91000366210938,1314500
2025-07-03,212.01419067382812,220.27000427246094,220.85000610351562,218.82000732421875,219.83999633789062,604900
2025-07-07,207.9235076904297,216.02000427246094,220.32000732421875,214.32000732421875,219.32000732421875,1247800
2025-07-08,209.47315979003906,217.6300048828125,218.22999572753906,215.1300048828125,216.9600067138672,838100
2025-07-09,207.7406005859375,215.8300018310547,218.5,215.44000244140625,218.39999389648438,1087700
2025-07-10,206.33518981933594,212.8800048828125,216.75,212.35000610351562,214.25,1331900
2025-07-11,202.90403747558594,209.33999633789062,212.42999267578125,208.0,212.27999877929688,1471000
2025-07-14,203.0397186279297,209.47999572753906,210.82000732421875,208.05999755859375,209.66000366210938,1173900
2025-07-15,200.3549041748047,206.7100067138672,208.6300048828125,206.08999633789062,207.75999450683594,1215400
2025-07-16,201.84754943847656,208.25,209.50999450683594,206.1199951171875,206.33999633789062,1113900
2025-07-17,200.761962890625,207.1300048828125,209.38999938964844,205.30999755859375,207.16000366210938,1269100
2025-07-18,203.09786987304688,209.5399932861328,210.25999450683594,206.38999938964844,207.83999633789062,1052200
2025-07-21,200.45181274414062,206.80999755859375,210.0,206.74000549316406,209.3800048828125,926700
2025-07-22,202.82647705078125,209.25999450683594,209.64999389648438,206.33999633789062,206.80999755859375,754600
2025-07-23,202.0995330810547,208.50999450683594,211.4199981689453,208.25,209.97999572753906,1099600
2025-07-24,196.56509399414062,202.8000030517578,207.00999450683594,202.2100067138672,206.89999389648438,1480500
2025-07-25,198.19342041015625,204.47999572753906,204.58999633789062,202.3699951171875,203.1300048828125,867200
2025-07-28,196.8655548095703,203.11000061035156,204.5500030517578,201.9499969482422,204.5500030517578,1225000
2025-07-29,196.49725341796875,202.72999572753906,204.00999450683594,201.44000244140625,203.69000244140625,1017300
2025-07-30,196.95278930664062,203.1999969482422,207.05999755859375,202.1699981689453,204.75999450683594,1450400
2025-07-31,195.46981811523438,201.6699981689453,205.22999572753906,200.9199981689453,202.77999877929688,1223900
2025-08-01,197.23387145996094,203.49000549316406,204.02000427246094,200.1699981689453,200.74000549316406,1158400
2025-08-04,198.5133056640625,204.80999755859375,205.4499969482422,202.1999969482422,203.83999633789062,1090800
2025-08-05,197.96083068847656,204.24000549316406,205.44000244140625,203.0399932861328,203.64999389648438,992900
2025-08-06,198.84283447265625,205.14999389648438,207.05999755859375,203.0,204.7899932861328,956900
2025-08-07,200.30642700195312,206.66000366210938,206.72000122070312,204.3300018310547,205.3699951171875,950100
2025-08-08,195.78970336914062,202.0,206.02999877929688,201.6699981689453,205.6300048828125,1027700
2025-08-11,195.35353088378906,201.5500030517578,202.85000610351562,199.8000030517578,202.82000732421875,793000
2025-08-12,198.82347106933594,205.1300048828125,205.50999450683594,202.9600067138672,203.19000244140625,675600
2025-08-13,200.5584259033203,206.9199981689453,207.5399932861328,202.64999389648438,205.30999755859375,997600
2025-08-14,199.724853515625,206.05999755859375,206.85000610351562,203.97000122070312,206.25,744400
2025-08-15,200.97520446777344,207.35000610351562,208.1300048828125,205.02999877929688,207.13999938964844,1337700
2025-08-18,199.09486389160156,205.41000366210938,208.25,204.41000366210938,207.6699981689453,1298700
2025-08-19,201.45013427734375,207.83999633789062,211.6300048828125,204.74000549316406,205.77999877929688,934700
2025-08-20,201.11090087890625,207.49000549316406,209.97000122070312,206.97999572753906,208.3800048828125,839500
2025-08-21,200.1901092529297,206.5399932861328,207.74000549316406,205.57000732421875,206.6999969482422,581900
2025-08-22,202.16738891601562,208.5800018310547,210.0,207.47999572753906,208.35000610351562,863600
2025-08-25,198.93008422851562,205.24000549316406,210.0,205.24000549316406,208.19000244140625,995200
2025-08-26,199.64732360839844,205.97999572753906,206.72999572753906,204.9499969482422,205.72000122070312,907400
2025-08-27,199.91871643066406,206.25999450683594,206.88999938964844,205.30999755859375,205.52000427246094,591500
2025-08-28,200.3549041748047,206.7100067138672,207.0,205.10000610351562,206.1199951171875,730600
2025-08-29,200.5778350830078,206.94000244140625,208.0,205.8800048828125,206.64999389648438,701700
2025-09-02,201.6633758544922,208.05999755859375,208.52000427246094,205.72999572753906,205.72999572753906,783300
2025-09-03,201.86692810058594,208.27000427246094,208.4499969482422,206.63999938964844,207.02000427246094,791500
2025-09-04,203.72789001464844,210.19000244140625,210.47000122070312,207.49000549316406,209.22000122070312,736600
2025-09-05,203.679443359375,210.13999938964844,211.38999938964844,208.10000610351562,209.6300048828125,739800
2025-09-08,204.3094482421875,210.7899932861328,211.1999969482422,208.25999450683594,209.52999877929688,1199000
2025-09-09,205.33685302734375,211.85000610351562,212.25,208.85000610351562,209.69000244140625,1201300
2025-09-10,204.95884704589844,211.4600067138672,213.14999389648438,209.00999450683594,211.47000122070312,1139200
2025-09-11,206.83920288085938,213.39999389648438,214.02999877929688,209.8800048828125,211.52000427246094,939000
2025-09-12,206.07350158691406,212.61000061035156,215.27999877929688,212.4499969482422,214.08999633789062,1138500
2025-09-15,205.6373291015625,212.16000366210938,215.1300048828125,212.07000732421875,213.3000030517578,1004700
2025-09-16,203.58248901367188,210.0399932861328,214.33999633789062,209.4499969482422,212.4199981689453,1261900
2025-09-17,202.3709259033203,208.7899932861328,211.89999389648438,208.5399932861328,210.4600067138672,1376000
2025-09-18,186.81439208984375,192.74000549316406,195.07000732421875,186.89999389648438,193.6699981689453,6696500
2025-09-19,179.05062866210938,184.72999572753906,192.80999755859375,184.60000610351562,192.75999450683594,3337500
2025-09-22,179.515869140625,185.2100067138672,185.4600067138672,182.75999450683594,184.80999755859375,2103200
2025-09-23,180.7855987548828,186.52000427246094,186.83999633789062,183.49000549316406,185.0800018310547,1515200
2025-09-24,180.87283325195312,186.61000061035156,188.24000549316406,185.3000030517578,186.49000549316406,1302300
2025-09-25,181.27024841308594,187.02000427246094,187.4600067138672,183.0800018310547,186.77999877929688,1593400
2025-09-26,182.33639526367188,188.1199951171875,189.5800018310547,186.97999572753906,187.80999755859375,1289900
2025-09-29,187.0469970703125,192.97999572753906,193.02000427246094,188.08999633789062,189.02000427246094,1588100
2025-09-30,184.50755310058594,190.36000061035156,191.99000549316406,189.5399932861328,191.8000030517578,1166200
2025-10-01,186.4848175048828,192.39999389648438,192.4199981689453,189.6699981689453,190.11000061035156,1056900
2025-10-02,187.5413360595703,193.49000549316406,194.30999755859375,191.0,191.33999633789062,1029000
2025-10-03,187.2408447265625,193.17999267578125,194.16000366210938,191.5399932861328,192.72000122070312,930400
2025-10-06,187.32809448242188,193.27000427246094,196.55999755859375,192.44000244140625,193.39999389648438,1115900
2025-10-07,185.65126037597656,191.5399932861328,194.07000732421875,189.3699951171875,193.07000732421875,1018100
2025-10-08,182.14256286621094,187.9199981689453,191.74000549316406,187.85000610351562,191.3000030517578,1142600
2025-10-09,180.95037841796875,186.69000244140625,188.83999633789062,186.41000366210938,188.22999572753906,785500
2025-10-10,177.02239990234375,181.1699981689453,186.0,181.11000061035156,185.55999755859375,1190900
2025-10-13,180.7744903564453,185.00999450683594,186.89999389648438,182.2100067138672,183.39999389648438,1245800
2025-10-14,182.7189483642578,187.0,187.97000122070312,183.47999572753906,183.74000549316406,1069200
2025-10-15,184.0478057861328,188.36000061035156,191.25999450683594,187.50999450683594,187.77999877929688,894300
2025-10-16,183.1586456298828,187.4499969482422,188.89999389648438,186.6300048828125,187.33999633789062,902500
2025-10-17,183.88169860839844,188.19000244140625,190.32000732421875,187.13999938964844,188.5800018310547,1269900
2025-10-20,183.61788940429688,187.9199981689453,191.5,187.55999755859375,191.25999450683594,1026900
2025-10-21,183.19773864746094,187.49000549316406,188.97999572753906,187.08999633789062,188.05999755859375,830300
2025-10-22,183.1195526123047,187.41000366210938,189.0500030517578,186.47000122070312,188.19000244140625,703800
2025-10-23,182.19131469726562,186.4600067138672,187.97999572753906,184.67999267578125,187.0800018310547,714700
2025-10-24,180.5888671875,184.82000732421875,187.27000427246094,184.2899932861328,187.27000427246094,786300
2025-10-27,179.42608642578125,183.6300048828125,185.4499969482422,182.4600067138672,184.72000122070312,1036800
2025-10-28,177.17874145507812,181.3300018310547,183.49000549316406,180.69000244140625,182.63999938964844,773400
2025-10-29,178.23402404785156,182.41000366210938,182.7100067138672,177.3300018310547,180.02000427246094,1842300
2025-10-30,174.12039184570312,178.1999969482422,181.36000061035156,177.8300018310547,180.97000122070312,1192900
2025-10-31,176.0257568359375,180.14999389648438,180.75999450683594,177.0,177.9199981689453,1315400
2025-11-03,173.50485229492188,177.57000732421875,180.1199951171875,173.52999877929688,179.6300048828125,1965900
2025-11-04,176.0941619873047,180.22000122070312,180.77000427246094,176.22000122070312,177.57000732421875,1584300
2025-11-05,175.97691345214844,180.10000610351562,182.02000427246094,178.9499969482422,180.0500030517578,1126100
2025-11-06,173.4462127685547,177.50999450683594,179.25999450683594,177.1300048828125,179.25999450683594,1035800
2025-11-07,173.98361206054688,178.05999755859375,180.1199951171875,176.86000061035156,177.24000549316406,1224500
2025-11-10,169.61593627929688,173.58999633789062,179.11000061035156,172.66000366210938,178.97999572753906,1418700
2025-11-11,167.66172790527344,171.58999633789062,174.1199951171875,170.63999938964844,173.66000366210938,1702100
2025-11-12,171.64833068847656,175.6699981689453,176.0,171.75,172.0800018310547,1512700
2025-11-13,171.40403747558594,175.4199981689453,178.63999938964844,174.99000549316406,175.5399932861328,1495300
2025-11-14,169.85044860839844,173.8300018310547,176.86000061035156,173.30999755859375,175.13999938964844,1210700
2025-11-17,167.85714721679688,171.7899932861328,175.55999755859375,171.5,174.9499969482422,1353500
2025-11-18,167.1243133544922,171.0399932861328,172.8800048828125,169.67999267578125,171.92999267578125,1552000
2025-11-19,166.10812377929688,170.0,172.3800048828125,169.97999572753906,171.2899932861328,1017000
2025-11-20,165.33621215820312,169.2100067138672,171.1300048828125,169.0,170.80999755859375,1538700
2025-11-21,170.7200927734375,174.72000122070312,175.3800048828125,169.52999877929688,169.9499969482422,2204000
2025-11-24,169.35214233398438,173.32000732421875,175.86000061035156,172.6999969482422,174.27999877929688,1598900
2025-11-25,175.17567443847656,179.27999877929688,179.52000427246094,174.16000366210938,174.36000061035156,1563200
2025-11-26,175.8791961669922,180.0,181.6300048828125,179.07000732421875,179.69000244140625,1311600
2025-11-28,175.46881103515625,179.5800018310547,180.9199981689453,179.44000244140625,179.5800018310547,387000
2025-12-01,169.9579315185547,173.94000244140625,179.22000122070312,173.91000366210938,178.66000366210938,2204600
2025-12-02,170.64190673828125,174.63999938964844,175.92999267578125,174.0800018310547,175.63999938964844,1849800
2025-12-03,173.26055908203125,177.32000732421875,178.9199981689453,174.72000122070312,175.4600067138672,1065600
2025-12-04,172.22482299804688,176.25999450683594,178.72999572753906,175.05999755859375,178.02999877929688,1031800
2025-12-05,173.65139770507812,177.72000122070312,178.9600067138672,176.1699981689453,177.1999969482422,1139800
2025-12-08,175.77171325683594,179.88999938964844,180.89999389648438,177.10000610351562,178.72999572753906,1246200
2025-12-09,173.0944366455078,177.14999389648438,181.32000732421875,177.07000732421875,179.39999389648438,895600
2025-12-10,175.01934814453125,179.1199951171875,180.10000610351562,177.47000122070312,177.99000549316406,1018800
2025-12-11,179.10365295410156,183.3000030517578,184.1999969482422,179.24000549316406,180.0399932861328,1220100
2025-12-12,178.10699462890625,182.27999877929688,186.6999969482422,181.4600067138672,183.27999877929688,1585300
2025-12-15,182.1619873046875,186.42999267578125,187.2100067138672,183.0,183.1300048828125,2194300
2025-12-16,181.2825927734375,185.52999877929688,187.25,184.35000610351562,185.94000244140625,1918400
2025-12-17,185.19100952148438,189.52999877929688,191.99000549316406,185.5,185.55999755859375,2593500
2025-12-18,188.46432495117188,192.8800048828125,198.0,187.25999450683594,198.0,4743900
2025-12-19,185.52322387695312,189.8699951171875,191.92999267578125,186.7100067138672,191.41000366210938,4788700
2025-12-22,184.9272003173828,189.25999450683594,191.33999633789062,187.10000610351562,189.2899932861328,2001800
2025-12-23,182.7189483642578,187.0,189.10000610351562,184.63999938964844,189.10000610351562,1465700
2025-12-24,185.5623321533203,189.91000366210938,190.67999267578125,186.41000366210938,187.0,768500
2025-12-26,184.0575714111328,188.3699951171875,189.83999633789062,186.82000732421875,189.2899932861328,839100
2025-12-29,182.63099670410156,186.91000366210938,188.80999755859375,186.60000610351562,187.0,1280900
2025-12-30,180.7158660888672,184.9499969482422,187.5500030517578,184.9199981689453,186.47000122070312,1123400
2025-12-31,179.80715942382812,184.02000427246094,185.86000061035156,183.74000549316406,184.64999389648438,1227000
2026-01-02,182.9241485595703,187.2100067138672,188.4199981689453,183.33999633789062,184.5399932861328,1498800
2026-01-05,188.24935913085938,192.66000366210938,193.00999450683594,186.80999755859375,186.80999755859375,2074000
2026-01-06,195.6656036376953,200.25,200.6699981689453,192.5399932861328,193.33999633789062,2347700
2026-01-07,195.19659423828125,199.77000427246094,203.25,199.3800048828125,201.1699981689453,2424800
2026-01-08,197.86410522460938,202.5,204.6199951171875,196.58999633789062,196.67999267578125,1828200
2026-01-09,199.202880859375,202.36000061035156,203.67999267578125,198.75,200.5399932861328,1971900
2026-01-12,206.15274047851562,209.4199981689453,209.58999633789062,200.97000122070312,202.49000549316406,2416400
2026-01-13,203.3275146484375,206.5500030517578,210.55999755859375,205.52999877929688,208.1300048828125,1945000
2026-01-14,204.6269073486328,207.8699951171875,208.49000549316406,204.41000366210938,205.80999755859375,1258600
2026-01-15,210.9861297607422,214.3300018310547,215.14999389648438,208.16000366210938,208.39999389648438,2091700
2026-01-16,211.27159118652344,214.6199951171875,215.83999633789062,211.8000030517578,213.0,1882200
2026-01-20,205.62115478515625,208.8800048828125,214.97000122070312,207.6300048828125,213.64999389648438,2076500
2026-01-21,204.1051788330078,207.33999633789062,209.36000061035156,204.1699981689453,208.89999389648438,1590400
2026-01-22,201.95919799804688,205.16000366210938,209.22000122070312,205.02000427246094,208.58999633789062,894800
2026-01-23,202.95343017578125,206.1699981689453,209.5,205.02999877929688,208.11000061035156,1490000
2026-01-26,193.3654022216797,196.42999267578125,205.25999450683594,194.52000427246094,205.0,1894300
2026-01-27,193.8280487060547,196.89999389648438,198.16000366210938,195.1199951171875,195.5500030517578,924800
2026-01-28,193.43431091308594,196.5,201.52000427246094,195.9600067138672,200.94000244140625,886600
2026-01-29,196.22015380859375,199.3300018310547,200.75,195.39999389648438,196.6999969482422,1519600
2026-01-30,196.23985290527344,199.35000610351562,199.74000549316406,195.50999450683594,198.91000366210938,1408500
2026-02-02,197.76565551757812,200.89999389648438,201.33999633789062,197.32000732421875,201.33999633789062,1401700
2026-02-03,202.2840576171875,205.49000549316406,205.9199981689453,198.1699981689453,200.27999877929688,1449600
2026-02-04,208.9090576171875,212.22000122070312,213.22999572753906,206.19000244140625,206.19000244140625,1684100
2026-02-05,210.2281494140625,213.55999755859375,216.91000366210938,211.6300048828125,212.61000061035156,1862700
2026-02-06,212.8958740234375,216.27000427246094,220.4499969482422,214.3800048828125,214.3800048828125,1407600
2026-02-09,214.6087188720703,218.00999450683594,219.97999572753906,214.24000549316406,216.3000030517578,1239000
2026-02-10,206.95994567871094,210.24000549316406,217.44000244140625,210.22000122070312,215.0800018310547,1372800
2026-02-11,209.47015380859375,212.7899932861328,213.1699981689453,208.1300048828125,210.47999572753906,1178000
2026-02-12,209.5390625,212.86000061035156,217.13999938964844,212.47000122070312,214.0399932861328,1060300
2026-02-13,208.2002716064453,211.5,215.02999877929688,210.4499969482422,212.69000244140625,969100
2026-02-17,215.2485809326172,218.66000366210938,219.13999938964844,212.83999633789062,214.32000732421875,1313600
2026-02-18,213.03367614746094,216.41000366210938,220.64999389648438,216.3699951171875,216.52000427246094,1104400
2026-02-19,209.6571807861328,212.97999572753906,215.25,211.25999450683594,214.0399932861328,1321600
2026-02-20,213.88026428222656,217.27000427246094,218.1300048828125,212.6300048828125,214.0399932861328,986800
2026-02-23,210.91722106933594,214.25999450683594,218.39999389648438,211.10000610351562,216.86000061035156,1102900
2026-02-24,210.58253479003906,213.9199981689453,216.22999572753906,213.50999450683594,213.50999450683594,937800
2026-02-25,208.7515411376953,212.05999755859375,215.67999267578125,210.1699981689453,214.97000122070312,1024800
2026-02-26,211.47833251953125,214.8300018310547,216.1300048828125,212.61000061035156,213.52000427246094,917900
2026-02-27,210.5136260986328,213.85000610351562,214.30999755859375,209.94000244140625,212.9600067138672,1177300
2026-03-02,206.59571838378906,209.8699951171875,212.94000244140625,208.35000610351562,212.94000244140625,962700
2026-03-03,207.3143310546875,210.60000610351562,211.14999389648438,202.99000549316406,205.99000549316406,723900
2026-03-04,200.23651123046875,203.41000366210938,211.5,202.5,211.5,1745200
2026-03-05,202.99282836914062,206.2100067138672,208.52999877929688,201.05999755859375,201.05999755859375,1787200
2026-03-06,200.0100860595703,203.17999267578125,203.82000732421875,198.10000610351562,203.72999572753906,1252200
2026-03-09,198.49411010742188,201.63999938964844,201.88999938964844,194.25999450683594,199.11000061035156,2056700
2026-03-10,200.29556274414062,203.47000122070312,204.8300018310547,199.07000732421875,199.3699951171875,1064000
2026-03-11,200.2660369873047,203.44000244140625,207.52000427246094,202.0399932861328,203.22000122070312,1275000
2026-03-12,195.3341827392578,198.42999267578125,203.13999938964844,198.22999572753906,201.44000244140625,1327400
2026-03-13,199.2127227783203,202.3699951171875,203.9199981689453,199.9600067138672,201.41000366210938,1114800
2026-03-16,203.46533203125,206.69000244140625,207.8000030517578,203.9499969482422,205.44000244140625,1694100
2026-03-17,200.6794891357422,203.86000061035156,210.97999572753906,203.72999572753906,207.97000122070312,1732500
2026-03-18,197.57862854003906,200.7100067138672,204.0,199.33999633789062,202.4600067138672,2157000
2026-03-19,201.23074340820312,204.4199981689453,206.75,195.69000244140625,195.72000122070312,3293900
2026-03-20,199.88211059570312,203.0500030517578,208.0,201.77999877929688,205.1300048828125,5472500
2026-03-23,192.91258239746094,195.97000122070312,206.75999450683594,195.83999633789062,206.05999755859375,1776300
2026-03-24,197.39158630371094,200.52000427246094,201.3000030517578,194.3800048828125,195.05999755859375,1709600
2026-03-25,198.51380920410156,201.66000366210938,201.77000427246094,196.0800018310547,199.9600067138672,1287000
2026-03-26,195.76731872558594,198.8699951171875,202.6300048828125,197.92999267578125,200.88999938964844,901400
2026-03-27,189.4868621826172,192.49000549316406,199.0,191.67999267578125,198.0,1452100
2026-03-30,192.00694274902344,195.0500030517578,195.9199981689453,192.3800048828125,193.42999267578125,1122300
2026-03-31,192.98147583007812,196.0399932861328,198.61000061035156,193.25,197.1999969482422,1132700
2026-04-01,190.0479736328125,193.05999755859375,197.27999877929688,193.0399932861328,195.75,1376800
2026-04-02,193.2669677734375,196.3300018310547,197.0399932861328,190.22000122070312,191.67999267578125,1255100
2026-04-06,193.5032196044922,196.57000732421875,196.60000610351562,194.4499969482422,195.0399932861328,966900
2026-04-07,187.65589904785156,190.6300048828125,197.30999755859375,190.32000732421875,196.1699981689453,1162100
2026-04-08,192.59756469726562,195.64999389648438,198.52000427246094,193.99000549316406,194.58999633789062,1936200
2026-04-09,193.27679443359375,196.33999633789062,198.08999633789062,194.66000366210938,195.2899932861328,1231700
2026-04-10,190.84646606445312,192.38999938964844,196.0500030517578,191.41000366210938,194.67999267578125,1235400
2026-04-13,190.35047912597656,191.88999938964844,191.9199981689453,186.91000366210938,191.3800048828125,1583400
2026-04-14,196.39161682128906,197.97999572753906,198.6699981689453,191.4499969482422,191.4499969482422,1817300
2026-04-15,198.07797241210938,199.67999267578125,202.3000030517578,196.72999572753906,197.9499969482422,1564800
2026-04-16,195.08221435546875,196.66000366210938,200.4499969482422,195.7100067138672,199.36000061035156,1218900
2026-04-17,199.4568328857422,201.07000732421875,203.89999389648438,198.22999572753906,198.66000366210938,1062400
2026-04-20,200.23057556152344,201.85000610351562,202.77000427246094,199.1199951171875,200.3300018310547,938800
2026-04-21,195.369873046875,196.9499969482422,202.3800048828125,196.02000427246094,202.3800048828125,885300
2026-04-22,198.1275634765625,199.72999572753906,200.08999633789062,197.1199951171875,197.19000244140625,1271600
2026-04-23,200.7166290283203,202.33999633789062,204.5500030517578,200.33999633789062,201.38999938964844,1763400
2026-04-24,199.4468994140625,201.05999755859375,202.83999633789062,199.4499969482422,201.0399932861328,909800
2026-04-27,197.1058349609375,198.6999969482422,202.0800018310547,198.0,200.92999267578125,892600
2026-04-28,194.9333953857422,196.50999450683594,200.1699981689453,195.91000366210938,199.6699981689453,710100
2026-04-29,194.7151641845703,196.2899932861328,199.52999877929688,195.77999877929688,196.1699981689453,767400
2026-04-30,198.95091247558594,200.55999755859375,201.07000732421875,197.00999450683594,198.1999969482422,789200
2026-05-01,193.19744873046875,194.75999450683594,202.77000427246094,192.1199951171875,200.74000549316406,1121100
2026-05-04,190.54885864257812,192.08999633789062,195.92999267578125,190.00999450683594,194.57000732421875,974900
2026-05-05,192.9395294189453,194.5,196.67999267578125,191.19000244140625,192.13999938964844,754800
2026-05-06,194.12989807128906,195.6999969482422,199.5800018310547,194.9199981689453,198.27999877929688,975100
2026-05-07,193.60415649414062,195.1699981689453,195.86000061035156,190.00999450683594,193.4499969482422,1067000
2026-05-08,194.65565490722656,196.22999572753906,201.0399932861328,194.9499969482422,199.6199951171875,877600
2026-05-11,194.22911071777344,195.8000030517578,197.52000427246094,193.7100067138672,196.10000610351562,1039900
2026-05-12,197.5224609375,199.1199951171875,202.8699951171875,196.0800018310547,197.19000244140625,1338100
2026-05-13,191.26309204101562,192.80999755859375,198.44000244140625,190.1300048828125,198.2100067138672,1381600
2026-05-14,193.04864501953125,194.61000061035156,197.11000061035156,193.1199951171875,194.2100067138672,742900
2026-05-15,194.31837463378906,195.88999938964844,196.99000549316406,194.05999755859375,195.57000732421875,805300
2026-05-18,192.195556640625,193.75,195.30999755859375,191.7899932861328,193.92999267578125,1054600
2026-05-19,192.1757049560547,193.72999572753906,194.92999267578125,189.97000122070312,193.7899932861328,661200
2026-05-20,195.68731689453125,197.27000427246094,198.72999572753906,191.97000122070312,194.02000427246094,742800
2026-05-21,195.48892211914062,197.07000732421875,199.02999877929688,193.72000122070312,195.50999450683594,925800
2026-05-22,201.8772430419922,203.50999450683594,204.39999389648438,198.5,198.8300018310547,1503900
2026-05-26,202.19468688964844,203.8300018310547,204.57000732421875,201.97000122070312,203.3800048828125,1053500
2026-05-27,204.27781677246094,205.92999267578125,210.42999267578125,205.8699951171875,206.88999938964844,1042500
2026-05-28,202.8295440673828,204.47000122070312,207.36000061035156,203.22999572753906,204.88999938964844,705600
2026-05-29,202.2740478515625,203.91000366210938,208.36000061035156,202.08999633789062,203.52000427246094,1448300
2026-06-01,200.2900848388672,201.91000366210938,205.07000732421875,201.3300018310547,202.77999877929688,1020900
2026-06-02,196.67929077148438,198.27000427246094,200.02000427246094,196.0,200.02000427246094,990400
2026-06-03,196.67929077148438,198.27000427246094,200.83999633789062,196.61000061035156,197.35000610351562,959800
2026-06-04,191.9078826904297,193.4600067138672,200.2100067138672,191.72999572753906,200.2100067138672,1209700
2026-06-05,196.53048706054688,198.1199951171875,198.82000732421875,194.5,194.99000549316406,960500
2026-06-08,194.42750549316406,196.0,197.52999877929688,193.92999267578125,195.9199981689453,903600
2026-06-09,199.29811096191406,200.91000366210938,201.27999877929688,194.50999450683594,196.19000244140625,1057000
2026-06-10,202.00621032714844,203.63999938964844,206.07000732421875,199.25,202.7100067138672,1110800
2026-06-11,209.1484375,210.83999633789062,211.0,204.5,205.27000427246094,1343100
2026-06-12,209.7733917236328,211.47000122070312,214.13999938964844,209.72000122070312,213.25,1119300
2026-06-15,207.08511352539062,208.75999450683594,212.50999450683594,208.69000244140625,209.85000610351562,1235200
2026-06-16,207.372802734375,209.0500030517578,211.0,207.1999969482422,209.2899932861328,939200
2026-06-17,209.63450622558594,211.3300018310547,215.38999938964844,207.75,207.75,1192800
2026-06-18,211.73748779296875,213.4499969482422,219.3800048828125,212.42999267578125,215.0,1884900
2026-06-22,210.29913330078125,212.0,218.6699981689453,209.02000427246094,215.1300048828125,2090300
2026-06-23,208.9004364013672,210.58999633789062,214.19000244140625,208.8000030517578,209.75999450683594,1559000
2026-06-24,211.73748779296875,213.4499969482422,216.3800048828125,210.0,210.0,2322200
2026-06-25,211.0530242919922,212.75999450683594,216.0,207.35000610351562,210.13999938964844,3428500
2026-06-26,212.00534057617188,213.72000122070312,213.97999572753906,208.27999877929688,212.5800018310547,2289200
2026-06-29,204.04966735839844,205.6999969482422,212.6999969482422,204.66000366210938,212.6999969482422,2313700
2026-06-30,204.357177734375,206.00999450683594,207.02000427246094,203.77999877929688,206.5500030517578,1321600
2026-07-01,200.3297576904297,201.9499969482422,207.25,201.91000366210938,205.77999877929688,1417800
2026-07-02,202.68075561523438,204.32000732421875,205.6199951171875,199.75,203.27999877929688,1506100
2026-07-06,201.58956909179688,203.22000122070312,204.80999755859375,199.9600067138672,204.10000610351562,1356800
2026-07-07,202.8592987060547,204.5,209.3699951171875,203.8300018310547,205.5500030517578,1239500
2026-07-08,199.48658752441406,201.10000610351562,204.08999633789062,199.0,204.0800018310547,1781800
2026-07-09,200.3000030517578,201.9199981689453,205.16000366210938,200.00999450683594,200.9499969482422,1631600
2026-07-10,204.25,204.25,206.9600067138672,200.9199981689453,201.52000427246094,1554100
2026-07-13,196.69000244140625,196.69000244140625,206.19000244140625,196.1999969482422,205.9600067138672,1781000
2026-07-14,195.74000549316406,195.74000549316406,197.8800048828125,193.92999267578125,197.8800048828125,1313200
2026-07-15,196.05999755859375,196.05999755859375,199.24000549316406,193.35000610351562,195.74000549316406,1304200
2026-07-16,201.2100067138672,201.2100067138672,201.75,197.02000427246094,197.25,1393700
2026-07-17,198.52999877929688,198.52999877929688,203.0,197.7100067138672,202.60000610351562,1049400
2026-07-20,194.82000732421875,194.82000732421875,200.11000061035156,192.3000030517578,198.74000549316406,1718300
2026-07-21,193.38999938964844,193.38999938964844,193.77000427246094,191.66000366210938,192.9199981689453,1282800
2026-07-22,193.94000244140625,193.94000244140625,196.82000732421875,192.0,194.0,1477300
2026-07-23,194.1199951171875,194.1199951171875,194.74000549316406,190.97999572753906,192.47000122070312,1171800
2026-07-24,196.30999755859375,196.30999755859375,197.17999267578125,192.7899932861328,193.9199981689453,970800
2026-07-27,204.10000610351562,204.10000610351562,204.7100067138672,200.02999877929688,200.02999877929688,1554900
2026-07-28,206.97999572753906,206.97999572753906,211.05999755859375,206.07000732421875,207.5,1658400
2026-07-29,212.22999572753906,212.22999572753906,212.33999633789062,205.05999755859375,206.66000366210938,1356300
2026-07-30,206.97000122070312,206.97000122070312,212.99000549316406,205.8300018310547,212.86000061035156,1636500
2026-07-31,203.5800018310547,203.5800018310547,206.1199951171875,202.0500030517578,204.9499969482422,1451400
2026-08-03,206.24000549316406,206.24000549316406,210.47999572753906,204.7100067138672,205.92999267578125,1211500
2026-08-04,204.57000732421875,204.57000732421875,205.52000427246094,202.3699951171875,204.5399932861328,1119200
2026-08-05,208.85000610351562,208.85000610351562,209.47000122070312,205.52000427246094,205.8300018310547,890000
2026-08-06,210.94000244140625,210.94000244140625,210.99000549316406,207.14999389648438,210.24000549316406,1080400
2026-08-07,213.75999450683594,213.75999450683594,215.77999877929688,210.55999755859375,211.25,975300
2026-08-10,217.97000122070312,217.97000122070312,218.05999755859375,212.47000122070312,214.57000732421875,890500
2026-08-11,218.89999389648438,218.89999389648438,219.42999267578125,215.5800018310547,217.0,1037100
2026-08-12,227.67999267578125,227.67999267578125,228.72999572753906,217.35000610351562,218.66000366210938,1436500
2026-08-13,223.5,223.5,229.75999450683594,222.3699951171875,228.19000244140625,1095600
2026-08-14,225.25999450683594,225.25999450683594,225.44000244140625,223.1199951171875,224.75999450683594,678000
2026-08-17,225.5,225.5,227.11000061035156,222.67999267578125,223.5500030517578,1242600
2026-08-18,218.86000061035156,218.86000061035156,227.63999938964844,218.6699981689453,226.36000061035156,1001500
2026-08-19,221.88999938964844,221.88999938964844,226.75,220.44000244140625,220.44000244140625,1087300
2026-08-20,217.9499969482422,217.9499969482422,221.25,217.8000030517578,218.94000244140625,925100
2026-08-21,221.60000610351562,221.60000610351562,222.0800018310547,217.57000732421875,217.94000244140625,759900
2026-08-24,225.55999755859375,225.55999755859375,227.27999877929688,224.27999877929688,226.5,888600
2026-08-25,220.41000366210938,220.41000366210938,224.8800048828125,220.24000549316406,224.55999755859375,700200
2026-08-26,218.80999755859375,218.80999755859375,222.52000427246094,216.8000030517578,219.7100067138672,653100
2026-08-27,211.1300048828125,211.1300048828125,218.77999877929688,210.86000061035156,216.25,881500
2026-08-28,215.6300048828125,215.6300048828125,215.97999572753906,210.8800048828125,212.11000061035156,779500
2026-08-31,214.25999450683594,214.25999450683594,220.35000610351562,213.67999267578125,217.89999389648438,1194500
2026-09-01,215.55999755859375,215.55999755859375,217.1300048828125,213.77000427246094,214.11000061035156,1020500
2026-09-02,220.02999877929688,220.02999877929688,221.61000061035156,215.44000244140625,215.44000244140625,1257200
2026-09-03,218.0399932861328,218.0399932861328,223.1699981689453,216.58999633789062,221.07000732421875,853900
2026-09-04,216.8800048828125,216.8800048828125,219.44000244140625,216.4600067138672,216.9499969482422,620100
2026-09-08,212.9199981689453,212.9199981689453,217.0,212.72999572753906,216.4600067138672,948400
2026-09-09,209.4199981689453,209.4199981689453,213.11000061035156,209.02000427246094,211.05999755859375,1207400
2026-09-10,207.52999877929688,207.52999877929688,209.5800018310547,206.8300018310547,208.27000427246094,1018100
2026-09-11,209.88999938964844,209.88999938964844,210.22999572753906,207.38999938964844,208.9600067138672,1176500
