Date,adj_close,Close,High,Low,Open,Volume
2000-01-03,26.435806274414062,53.59375,53.96875,52.84375,53.90625,4275000
2000-01-04,25.9271183013916,52.5625,54.1875,51.875,53.1875,4270800
2000-01-05,25.433862686157227,51.5625,52.6875,51.25,52.4375,5098400
2000-01-06,26.605358123779297,53.9375,54.71875,52.53125,52.5625,6524200
2000-01-07,28.7325496673584,58.25,58.5,54.59375,54.78125,9832000
2000-01-10,28.593822479248047,57.96875,58.65625,57.1875,57.90625,6862000
2000-01-11,29.040849685668945,58.875,58.875,57.21875,57.6875,4421800
2000-01-12,28.855878829956055,58.5,59.1875,58.0625,58.3125,6231600
2000-01-13,28.362611770629883,57.5,58.5,57.28125,58.4375,5285200
2000-01-14,28.855878829956055,58.5,58.5,57.6875,57.75,4904400
2000-01-18,28.840456008911133,58.46875,59.0,58.03125,58.46875,4456800
2000-01-19,28.53317642211914,57.6875,58.0,56.78125,57.0,5553400
2000-01-20,27.83761978149414,56.28125,57.125,53.8125,57.0,10231800
2000-01-21,25.395462036132812,51.34375,56.3125,49.75,56.3125,24378800
2000-01-24,25.503652572631836,51.5625,54.4375,47.40625,48.0,28554600
2000-01-25,24.112548828125,48.75,51.84375,48.5,51.8125,17097800
2000-01-26,24.885377883911133,50.3125,50.40625,49.40625,49.5,10243200
2000-01-27,25.735502243041992,52.03125,52.21875,50.59375,51.0,8989000
2000-01-28,24.8080997467041,50.15625,51.84375,49.6875,51.84375,9583400
2000-01-31,24.993581771850586,50.53125,50.5625,49.1875,50.125,4518200
2000-02-01,24.607162475585938,49.75,50.4375,49.375,50.34375,4044200
2000-02-02,24.39077377319336,49.3125,50.0,49.15625,49.875,3920800
2000-02-03,24.189828872680664,48.90625,49.90625,48.34375,49.90625,6259600
2000-02-04,23.432445526123047,47.375,48.84375,47.0,48.8125,7647800
2000-02-07,23.061477661132812,46.625,47.40625,46.28125,47.0,6464400
2000-02-08,23.679759979248047,47.875,47.9375,46.40625,47.0,6787800
2000-02-09,23.246959686279297,47.0,47.9375,46.875,47.625,6255800
2000-02-10,22.613237380981445,45.71875,47.34375,45.03125,46.875,5267800
2000-02-11,23.185138702392578,46.875,46.96875,45.65625,45.65625,5335000
2000-02-14,22.721445083618164,45.9375,46.90625,45.5,46.84375,5252200
2000-02-15,23.679759979248047,47.875,47.90625,46.0625,46.25,6864000
2000-02-16,23.258554458618164,47.0234375,48.125,46.5,47.90625,5314600
2000-02-17,23.293344497680664,47.09375,47.5,46.5,47.0,4682400
2000-02-18,23.1580867767334,46.8203125,47.21875,46.0,46.90625,4651600
2000-02-22,22.9687442779541,46.4375,46.71875,45.03125,46.15625,5226800
2000-02-23,22.412288665771484,45.3125,46.4375,45.0625,46.4375,5357000
2000-02-24,21.88677406311035,44.25,45.4375,43.28125,45.1875,7223200
2000-02-25,21.052114486694336,42.5625,44.5,42.5625,44.375,7177200
2000-02-28,21.855865478515625,44.1875,45.0,42.5,42.90625,7081600
2000-02-29,21.73219871520996,43.9375,44.9375,43.625,44.75,6661800
2000-03-01,21.82494354248047,44.125,44.34375,43.4375,44.0,4153600
2000-03-02,21.59309959411621,43.65625,44.21875,43.34375,44.0,3565800
2000-03-03,21.871309280395508,44.21875,44.90625,43.5,43.90625,4902200
2000-03-06,21.624004364013672,43.71875,44.21875,43.3125,44.1875,3668600
2000-03-07,15.085794448852539,30.5,36.1875,28.625,29.0,137287200
2000-03-08,14.343864440917969,29.0,30.84375,28.5625,30.5,74584200
2000-03-09,14.282045364379883,28.875,29.75,28.25,29.25,34217200
2000-03-10,13.29281997680664,26.875,28.875,26.375,28.5625,48561600
2000-03-13,14.158392906188965,28.625,28.625,26.625,26.875,35996800
2000-03-14,13.78742504119873,27.875,29.0,27.5625,28.71875,20742000
2000-03-15,14.467531204223633,29.25,29.25,27.3125,28.21875,24737400
2000-03-16,14.80758285522461,29.9375,30.25,29.375,29.84375,27405200
2000-03-17,14.251130104064941,28.8125,29.9375,28.5,29.9375,22202400
2000-03-20,14.374784469604492,29.0625,29.515625,28.71875,29.1875,11856000
2000-03-21,14.096572875976562,28.5,28.75,28.0625,28.59375,14933000
2000-03-22,14.096572875976562,28.5,28.84375,27.6875,28.625,15490200
2000-03-23,13.895626068115234,28.09375,28.4375,27.78125,27.96875,13621800
2000-03-24,13.957452774047852,28.21875,28.25,27.5625,28.21875,14311600
2000-03-27,13.66377067565918,27.625,28.5,27.5625,28.125,11909400
2000-03-28,14.096572875976562,28.5,28.5625,27.59375,27.59375,12057600
2000-03-29,14.51390552520752,29.34375,29.375,28.5625,28.59375,15731600
2000-03-30,14.343864440917969,29.0,30.0625,29.0,29.46875,16008000
2000-03-31,14.03473949432373,28.375,29.75,28.125,29.75,12033600
2000-04-03,14.714828491210938,29.75,30.0,28.375,28.375,10071400
2000-04-04,15.70406436920166,31.75,32.0,30.0,30.4375,27514000
2000-04-05,15.2249116897583,30.78125,31.8125,30.78125,31.34375,13620000
2000-04-06,15.518585205078125,31.375,31.46875,30.5,31.0,7827000
2000-04-07,15.688604354858398,31.71875,31.875,31.25,31.6875,7794800
2000-04-10,16.32234001159668,33.0,33.0,31.875,31.96875,11747000
2000-04-11,16.43053436279297,33.21875,33.40625,31.875,32.8125,10197600
2000-04-12,17.14154624938965,34.65625,36.375,33.8125,33.96875,20645800
2000-04-13,17.187911987304688,34.75,34.9375,33.59375,34.75,11353400
2000-04-14,15.580406188964844,31.5,34.125,31.0,34.0,17381800
2000-04-17,17.064260482788086,34.5,34.5625,31.375,31.4375,15054000
2000-04-18,16.41391372680664,33.03125,34.28125,32.6875,34.28125,14387600
2000-04-19,16.41391372680664,33.03125,33.875,32.78125,33.15625,7923200
2000-04-20,17.128244400024414,34.46875,34.5,33.0625,33.0625,8139200
2000-04-24,17.51645851135254,35.25,35.5,34.25,34.46875,8723200
2000-04-25,15.963582038879395,32.125,35.25,31.71875,35.25,20658400
2000-04-26,15.093965530395508,30.375,31.6875,29.9375,31.625,24605400
2000-04-27,15.125029563903809,30.4375,31.125,29.625,30.0,15193000
2000-04-28,14.845511436462402,29.875,30.46875,29.5625,30.46875,10627400
2000-05-01,14.833863258361816,29.8515625,30.21875,29.375,29.90625,7527600
2000-05-02,14.861037254333496,29.90625,30.03125,29.5,29.71875,5692200
2000-05-03,15.062917709350586,30.3125,30.8125,30.15625,30.3125,7259400
2000-05-04,15.016324043273926,30.21875,30.84375,30.0,30.28125,6600800
2000-05-05,15.125029563903809,30.4375,30.4375,29.90625,30.125,4403000
2000-05-08,15.20267391204834,30.59375,30.6875,30.03125,30.0625,5588600
2000-05-09,15.590889930725098,31.375,31.53125,30.625,30.625,8452800
2000-05-10,15.9480562210083,32.09375,32.40625,31.46875,31.65625,8208000
2000-05-11,16.149921417236328,32.5,32.59375,31.625,32.1875,6666800
2000-05-12,15.932528495788574,32.0625,32.78125,31.8125,32.5,4255800
2000-05-15,16.11886978149414,32.4375,32.625,31.65625,31.9375,4648000
2000-05-16,16.02569580078125,32.25,32.65625,31.9375,32.4375,6308800
2000-05-17,16.149921417236328,32.5,32.5,31.875,32.25,6044400
2000-05-18,16.087810516357422,32.375,32.65625,32.25,32.375,5166400
2000-05-19,16.165454864501953,32.53125,32.59375,32.03125,32.125,5963800
2000-05-22,16.11886978149414,32.4375,32.6875,32.15625,32.59375,6186200
2000-05-23,15.99463939666748,32.1875,32.59375,31.875,32.1875,5295400
2000-05-24,16.367334365844727,32.9375,33.125,32.1875,32.28125,8813600
2000-05-25,16.38286018371582,32.96875,33.0,32.375,32.8125,6617400
2000-05-26,16.460512161254883,33.125,33.21875,32.8125,32.875,4463400
2000-05-30,16.4294490814209,33.0625,33.1875,32.875,33.15625,4370000
2000-05-31,16.52262306213379,33.25,33.4375,32.78125,33.0,4208800
2000-06-01,16.305208206176758,32.8125,33.1875,32.6875,33.0625,7701000
2000-06-02,15.901473045349121,32.0,32.6875,31.75,32.6875,10462600
2000-06-05,15.730653762817383,31.65625,32.0,31.25,32.0,7586600
2000-06-06,15.715120315551758,31.625,31.84375,31.3125,31.4375,4348200
2000-06-07,15.373489379882812,30.9375,31.9375,30.9375,31.4375,6278000
2000-06-08,14.286476135253906,28.75,30.0,27.9375,29.3125,45193400
2000-06-09,14.162240982055664,28.5,28.75,27.90625,28.40625,17979000
2000-06-12,14.0069580078125,28.1875,28.59375,28.03125,28.5,9321800
2000-06-13,14.162240982055664,28.5,28.5,27.90625,27.90625,9267200
2000-06-14,14.162240982055664,28.5,28.5625,28.03125,28.375,8078800
2000-06-15,14.10012435913086,28.375,28.75,28.21875,28.59375,11457600
2000-06-16,13.789554595947266,27.75,28.59375,27.75,28.5,11573400
2000-06-19,13.937076568603516,28.046875,28.25,27.53125,28.09375,6712600
2000-06-20,13.727435111999512,27.625,28.0,27.46875,27.9375,8000000
2000-06-21,13.556623458862305,27.28125,27.71875,27.125,27.6875,8198000
2000-06-22,13.447921752929688,27.0625,27.40625,27.03125,27.3125,7189600
2000-06-23,13.649797439575195,27.46875,27.71875,27.125,27.375,8417000
2000-06-26,13.8206205368042,27.8125,27.90625,27.46875,27.5,7171200
2000-06-27,13.8206205368042,27.8125,28.3125,27.5625,27.75,8516400
2000-06-28,13.801199913024902,27.7734375,28.0,27.5625,27.75,7391200
2000-06-29,13.323692321777344,26.8125,27.5625,26.8125,27.53125,9755000
2000-06-30,14.10012435913086,28.375,28.6796875,26.625,26.78125,23969000
2000-07-03,13.882726669311523,27.9375,28.40625,27.59375,28.375,5595200
2000-07-05,13.8206205368042,27.8125,28.15625,27.625,28.125,7344000
2000-07-06,13.727435111999512,27.625,28.0,27.5,28.0,8129600
2000-07-07,13.634272575378418,27.4375,27.84375,27.09375,27.84375,8907400
2000-07-10,13.774031639099121,27.71875,27.84375,27.5,27.53125,9370400
2000-07-11,13.696383476257324,27.5625,27.8125,27.25,27.75,6966600
2000-07-12,13.696383476257324,27.5625,27.75,27.09375,27.4375,8533200
2000-07-13,13.556623458862305,27.28125,27.71875,27.15625,27.625,7299000
2000-07-14,13.913783073425293,28.0,28.125,27.34375,27.375,10094200
2000-07-17,13.944836616516113,28.0625,28.625,28.03125,28.125,7941200
2000-07-18,14.47281551361084,29.125,29.125,28.0,28.09375,8984800
2000-07-19,14.779021263122559,29.5625,29.5625,28.78125,28.96875,9620800
2000-07-20,14.747774124145508,29.5,29.78125,29.25,29.625,10271200
2000-07-21,14.779021263122559,29.5625,29.71875,29.40625,29.625,6091600
2000-07-24,14.747774124145508,29.5,29.71875,29.5,29.59375,7881800
2000-07-25,15.15396785736084,30.3125,30.40625,29.71875,29.75,8473000
2000-07-26,14.911821365356445,29.828125,29.96875,29.625,29.625,7409800
2000-07-27,14.888381958007812,29.78125,30.375,29.65625,29.78125,6010400
2000-07-28,14.794650077819824,29.59375,30.0,29.5,29.96875,8274000
2000-07-31,14.247849464416504,28.5,29.5,28.25,29.375,11908800
2000-08-01,14.685287475585938,29.375,30.0,27.6875,28.0,15932400
2000-08-02,14.544679641723633,29.09375,29.8125,28.8125,29.6875,9127000
2000-08-03,14.51344108581543,29.03125,29.53125,28.90625,29.21875,5004600
2000-08-04,14.341588020324707,28.6875,29.03125,28.5625,29.03125,4710200
2000-08-07,14.279091835021973,28.5625,28.875,28.5,28.65625,4082800
2000-08-08,14.122870445251465,28.25,28.5,28.125,28.5,5072400
2000-08-09,14.076005935668945,28.15625,28.375,28.0,28.28125,6841600
2000-08-10,14.200984954833984,28.40625,28.46875,28.15625,28.28125,3769400
2000-08-11,14.560302734375,29.125,29.25,28.21875,28.4375,5727400
2000-08-14,14.810267448425293,29.625,29.84375,29.03125,29.15625,6100200
2000-08-15,15.685136795043945,31.375,31.375,29.78125,29.875,15182000
2000-08-16,15.685136795043945,31.375,31.46875,30.625,31.0,8558200
2000-08-17,15.56015682220459,31.125,31.34375,30.75,31.25,6430000
2000-08-18,15.747624397277832,31.5,31.59375,31.0625,31.125,7448400
2000-08-21,15.794495582580566,31.59375,31.71875,31.5,31.59375,3784200
2000-08-22,16.028839111328125,32.0625,32.15625,31.6875,31.71875,6165600
2000-08-23,16.075698852539062,32.15625,32.25,31.9375,32.03125,3967400
2000-08-24,15.732006072998047,31.46875,32.125,31.0625,32.125,8534200
2000-08-25,15.685136795043945,31.375,31.375,30.6875,31.0625,6586000
2000-08-28,15.685136795043945,31.375,31.625,31.15625,31.375,4082400
2000-08-29,15.62264633178711,31.25,31.5,31.09375,31.5,3541200
2000-08-30,15.513288497924805,31.03125,31.15625,30.78125,31.03125,3840600
2000-08-31,15.45470142364502,30.9140625,31.125,30.6875,30.9375,5414600
2000-09-01,15.34144401550293,30.6875,30.84375,30.5,30.8125,4314000
2000-09-05,15.62264633178711,31.25,31.34375,30.5625,30.71875,4975200
2000-09-06,15.856986999511719,31.71875,32.1875,31.25,31.375,11835000
2000-09-07,15.653891563415527,31.3125,31.90625,31.28125,31.84375,5867800
2000-09-08,15.856986999511719,31.71875,31.75,31.3125,31.375,6683600
2000-09-11,15.669520378112793,31.34375,31.875,31.1875,31.65625,4906600
2000-09-12,15.763248443603516,31.53125,31.65625,31.15625,31.28125,4787400
2000-09-13,15.62264633178711,31.25,31.5,31.0625,31.5,4186000
2000-09-14,15.321906089782715,30.6484375,31.125,30.03125,30.90625,12514200
2000-09-15,15.62264633178711,31.25,31.53125,30.96875,31.21875,9089400
2000-09-18,15.528910636901855,31.0625,31.25,30.5,30.96875,7709000
2000-09-19,15.372678756713867,30.75,31.21875,30.65625,30.9375,5732000
2000-09-20,15.450796127319336,30.90625,30.90625,30.25,30.5,7455800
2000-09-21,15.716381072998047,31.4375,31.6875,30.75,30.78125,7402200
2000-09-22,15.966341972351074,31.9375,32.1875,31.5,31.625,8796800
2000-09-25,15.778878211975098,31.5625,32.03125,31.09375,32.03125,6810200
2000-09-26,15.435176849365234,30.875,31.65625,30.21875,31.53125,13506200
2000-09-27,15.435176849365234,30.875,31.1875,30.0625,30.8125,9776000
2000-09-28,16.731857299804688,33.46875,33.90625,30.53125,30.75,30100800
2000-09-29,16.747474670410156,33.5,33.84375,33.21875,33.5,10724400
2000-10-02,17.013057708740234,34.03125,34.03125,33.28125,33.53125,7292800
2000-10-03,17.200536727905273,34.40625,34.84375,33.90625,34.0,8274800
2000-10-04,17.528608322143555,35.0625,35.34375,34.28125,34.3125,10373400
2000-10-05,18.247251510620117,36.5,36.59375,35.75,35.9375,13064400
2000-10-06,18.48158836364746,36.96875,37.4375,36.375,36.5625,9413400
2000-10-09,18.21600341796875,36.4375,36.78125,36.21875,36.5,4963800
2000-10-10,18.106653213500977,36.21875,36.5,36.03125,36.25,5001200
2000-10-11,18.37222671508789,36.75,37.0,36.0625,36.125,7388600
2000-10-12,18.403470993041992,36.8125,37.21875,36.21875,36.625,7665200
2000-10-13,18.153518676757812,36.3125,36.71875,36.0625,36.375,8039400
2000-10-16,17.981664657592773,35.96875,36.1875,35.53125,36.1875,5669200
2000-10-17,18.325363159179688,36.65625,37.0,35.59375,35.75,6080200
2000-10-18,18.758621215820312,37.34375,37.46875,36.09375,36.34375,7728600
2000-10-19,18.33477210998535,36.5,37.125,36.15625,37.0625,8159400
2000-10-20,18.303396224975586,36.4375,36.65625,36.0625,36.09375,5297600
2000-10-23,17.471406936645508,34.78125,36.34375,34.78125,36.34375,6127400
2000-10-24,18.491764068603516,36.8125,36.84375,35.28125,35.5,6669200
2000-10-25,18.821401596069336,37.46875,37.875,36.59375,36.9375,9293400
2000-10-26,18.821401596069336,37.46875,37.96875,36.78125,37.5625,5724400
2000-10-27,19.323741912841797,38.46875,38.46875,36.75,36.875,8396400
2000-10-30,19.308032989501953,38.4375,38.4375,37.15625,38.0,11799200
2000-10-31,17.94234275817871,35.71875,37.5625,34.90625,37.5,23838600
2000-11-01,17.33014678955078,34.5,35.46875,34.15625,35.4375,13778200
2000-11-02,17.063278198242188,33.96875,34.6875,33.65625,34.375,9018400
2000-11-03,17.14177131652832,34.125,34.34375,33.5625,33.875,6510800
2000-11-06,17.204557418823242,34.25,34.5,33.90625,34.125,5639600
2000-11-07,17.188854217529297,34.21875,34.59375,33.75,34.3125,4861800
2000-11-08,17.440025329589844,34.71875,35.09375,34.0625,34.125,5766200
2000-11-09,17.455713272094727,34.75,35.75,34.03125,35.0,12083400
2000-11-10,17.98943328857422,35.8125,36.25,35.0,35.0625,6250400
2000-11-13,18.146411895751953,36.125,36.53125,35.6875,35.75,6163000
2000-11-14,18.19350814819336,36.21875,36.4375,35.625,36.125,7457600
2000-11-15,18.428972244262695,36.6875,36.9375,36.3125,36.5,5518200
2000-11-16,18.601648330688477,37.03125,37.40625,36.0625,36.34375,5373200
2000-11-17,19.02547264099121,37.875,37.875,36.9375,36.9375,7908000
2000-11-20,18.821401596069336,37.46875,37.9375,36.96875,37.375,6071800
2000-11-21,18.601648330688477,37.03125,37.25,36.375,37.0625,5666000
2000-11-22,18.946998596191406,37.71875,37.96875,36.96875,37.0,6586600
2000-11-24,18.491764068603516,36.8125,37.25,36.71875,37.125,2753000
2000-11-27,18.303396224975586,36.4375,36.875,36.34375,36.4375,5309800
2000-11-28,18.5074520111084,36.84375,37.0625,36.25,36.5,5662800
2000-11-29,18.978382110595703,37.78125,37.96875,36.75,36.84375,5280200
2000-11-30,18.805715560913086,37.4375,37.96875,37.1875,37.375,6752400
2000-12-01,18.57024574279785,36.96875,37.40625,36.59375,37.0625,5972200
2000-12-04,18.93128776550293,37.6875,37.9375,36.53125,36.875,4900800
2000-12-05,18.381864547729492,36.59375,38.09375,36.53125,37.5,7828000
2000-12-06,18.11501121520996,36.0625,36.96875,35.71875,36.65625,6593000
2000-12-07,18.476057052612305,36.78125,37.28125,35.875,35.875,4193200
2000-12-08,17.89525604248047,35.625,36.78125,35.4375,36.75,6859200
2000-12-11,17.345834732055664,34.53125,35.375,34.4375,35.375,6755800
2000-12-12,18.067914962768555,35.96875,36.75,35.25,35.625,9310400
2000-12-13,18.19350814819336,36.21875,36.3125,35.625,35.8125,3784400
2000-12-14,18.460363388061523,36.75,37.375,35.6875,35.75,6285000
2000-12-15,17.926645278930664,35.6875,36.90625,35.6875,35.6875,12218400
2000-12-18,18.240589141845703,36.3125,36.6875,35.96875,36.3125,5726600
2000-12-19,18.366178512573242,36.5625,37.375,35.90625,36.34375,5351600
2000-12-20,18.22490692138672,36.28125,37.4375,35.9375,36.3125,8324800
2000-12-21,18.71152687072754,37.25,37.4375,36.15625,36.28125,6419800
2000-12-22,18.523149490356445,36.875,37.25,36.25,37.25,5491800
2000-12-26,18.695825576782227,37.21875,37.375,36.375,36.84375,3554400
2000-12-27,19.213834762573242,38.25,39.65625,37.0,37.1875,14896000
2000-12-28,19.4022159576416,38.625,38.8125,37.65625,38.5,6080000
2000-12-29,19.700471878051758,39.21875,39.46875,38.1875,38.75,5280000
2001-01-02,19.716169357299805,39.25,39.4375,38.375,39.0625,6847800
2001-01-03,18.742918014526367,37.3125,39.59375,37.0,39.25,11180000
2001-01-04,18.162107467651367,36.15625,37.3125,35.65625,37.28125,8341600
2001-01-05,18.821401596069336,37.46875,37.71875,35.8125,36.125,8553800
2001-01-08,19.229541778564453,38.28125,38.65625,37.125,37.15625,7241800
2001-01-09,18.742918014526367,37.3125,37.875,36.8125,37.875,9482600
2001-01-10,18.53885269165039,36.90625,37.25,36.21875,36.8125,5750600
2001-01-11,18.27198600769043,36.375,37.0625,35.875,36.90625,5691800
2001-01-12,17.659788131713867,35.15625,36.65625,35.03125,36.625,7568000
2001-01-16,18.067914962768555,35.96875,36.25,35.25,35.46875,4671000
2001-01-17,17.714580535888672,35.09375,35.875,34.96875,35.8125,7610400
2001-01-18,17.872316360473633,35.40625,36.125,34.875,35.0625,6797400
2001-01-19,17.65148162841797,34.96875,35.3125,34.875,35.03125,6254800
2001-01-22,17.446420669555664,34.5625,35.25,34.125,34.9375,6206800
2001-01-23,17.525299072265625,34.71875,35.375,34.15625,34.34375,5566000
2001-01-24,17.65148162841797,34.96875,35.0625,34.0625,34.9375,4528200
2001-01-25,17.65148162841797,34.96875,35.34375,34.5,34.625,5454800
2001-01-26,17.477968215942383,34.625,35.75,34.375,35.3125,6207600
2001-01-29,16.872220993041992,33.42499923706055,34.619998931884766,33.375,34.5,9223600
2001-01-30,17.944875717163086,35.54999923706055,35.70000076293945,34.625,34.75,11224800
2001-01-31,18.13165855407715,35.91999816894531,36.0,34.75,35.5,8331800
2001-02-01,18.664194107055664,36.974998474121094,37.064998626708984,35.91999816894531,36.0,7553400
2001-02-02,18.616239547729492,36.880001068115234,37.275001525878906,36.650001525878906,37.150001525878906,7393400
2001-02-05,18.765153884887695,37.17499923706055,37.64500045776367,36.8849983215332,36.994998931884766,6786400
2001-02-06,18.70709800720215,37.060001373291016,37.474998474121094,36.400001525878906,37.42499923706055,7190800
2001-02-07,18.977157592773438,37.595001220703125,37.95000076293945,36.10499954223633,36.92499923706055,7486600
2001-02-08,18.903972625732422,37.45000076293945,37.67499923706055,37.20000076293945,37.595001220703125,3758200
2001-02-09,18.926679611206055,37.494998931884766,37.75,37.25,37.54499816894531,4526000
2001-02-12,18.95444679260254,37.54999923706055,37.875,37.18000030517578,37.494998931884766,5044400
2001-02-13,18.815631866455078,37.275001525878906,37.45000076293945,36.779998779296875,37.45000076293945,5788000
2001-02-14,18.59857177734375,36.845001220703125,37.25,36.75,37.25,4531400
2001-02-15,18.64149284362793,36.93000030517578,37.20000076293945,36.53499984741211,36.57500076293945,7421400
2001-02-16,18.88882064819336,37.41999816894531,37.54499816894531,37.150001525878906,37.244998931884766,7089800
2001-02-20,19.10840606689453,37.85499954223633,37.88999938964844,37.40999984741211,37.724998474121094,6363800
2001-02-21,19.383499145507812,38.400001525878906,38.51499938964844,38.07500076293945,38.25,7958600
2001-02-22,19.206832885742188,38.04999923706055,38.57500076293945,37.380001068115234,38.5,6889800
2001-02-23,18.936767578125,37.51499938964844,37.95000076293945,36.849998474121094,37.95000076293945,5474400
2001-02-26,17.947404861450195,35.55500030517578,36.130001068115234,35.064998626708984,36.125,12062800
2001-02-27,17.843923568725586,35.349998474121094,35.744998931884766,35.130001068115234,35.5,9067200
2001-02-28,17.7934513092041,35.25,35.599998474121094,34.92499923706055,35.349998474121094,7185000
2001-03-01,17.326534271240234,34.32500076293945,35.32500076293945,34.125,35.0,8327000
2001-03-02,17.57891845703125,34.82500076293945,34.900001525878906,33.880001068115234,33.900001525878906,5813800
2001-03-05,17.7076416015625,35.08000183105469,35.70000076293945,34.900001525878906,35.45000076293945,5362400
2001-03-06,17.4274845123291,34.525001525878906,34.83000183105469,34.349998474121094,34.82500076293945,5177400
2001-03-07,17.29371452331543,34.2599983215332,34.724998474121094,34.005001068115234,34.29999923706055,3833400
2001-03-08,17.91964340209961,35.5,35.599998474121094,34.150001525878906,34.45000076293945,5234200
2001-03-09,17.450193405151367,34.56999969482422,35.20000076293945,34.33000183105469,35.125,5324200
2001-03-12,17.225574493408203,34.125,35.29999923706055,34.0,34.375,6741200
2001-03-13,17.197816848754883,34.06999969482422,34.474998474121094,33.630001068115234,34.17499923706055,5364200
2001-03-14,16.80912971496582,33.29999923706055,33.849998474121094,33.189998626708984,33.5,6453400
2001-03-15,16.390167236328125,32.470001220703125,33.494998931884766,31.950000762939453,33.375,9028800
2001-03-16,16.329586029052734,32.349998474121094,32.96500015258789,31.940000534057617,32.275001525878906,10995000
2001-03-19,16.63245964050293,32.95000076293945,33.57500076293945,32.275001525878906,32.45000076293945,7450800
2001-03-20,16.63245964050293,32.95000076293945,34.099998474121094,32.79999923706055,32.95000076293945,6540200
2001-03-21,15.951009750366211,31.600000381469727,32.900001525878906,31.5,32.900001525878906,10156400
2001-03-22,15.83743667602539,31.375,31.625,30.149999618530273,31.399999618530273,12140800
2001-03-23,15.193842887878418,30.100000381469727,30.975000381469727,29.93000030517578,30.799999237060547,10576200
2001-03-26,15.249368667602539,30.209999084472656,30.549999237060547,29.625,30.5,9347000
2001-03-27,15.693572044372559,31.09000015258789,31.399999618530273,30.454999923706055,30.5,8022800
2001-03-28,15.665809631347656,31.03499984741211,31.375,30.350000381469727,30.899999618530273,6436000
2001-03-29,15.458847045898438,30.625,31.524999618530273,30.299999237060547,31.03499984741211,6630200
2001-03-30,15.799581527709961,31.299999237060547,31.399999618530273,30.25,30.75,5598600
2001-04-02,15.5471830368042,30.799999237060547,31.825000762939453,30.530000686645508,31.5,5976800
2001-04-03,15.420991897583008,30.549999237060547,30.8700008392334,30.03499984741211,30.524999618530273,6508200
2001-04-04,15.362945556640625,30.434999465942383,30.4950008392334,29.450000762939453,30.200000762939453,8031000
2001-04-05,15.534562110900879,30.774999618530273,30.825000762939453,30.0,30.5,6476400
2001-04-06,15.567376136779785,30.84000015258789,31.184999465942383,29.950000762939453,30.75,6028200
2001-04-09,15.229175567626953,30.170000076293945,31.0,29.975000381469727,31.0,5214200
2001-04-10,14.815256118774414,29.350000381469727,30.100000381469727,28.875,30.0,10685000
2001-04-11,14.885929107666016,29.489999771118164,29.524999618530273,28.729999542236328,29.0,7588000
2001-04-12,14.840497970581055,29.399999618530273,29.71500015258789,29.049999237060547,29.450000762939453,5797000
2001-04-16,14.928825378417969,29.575000762939453,29.969999313354492,29.020000457763672,29.600000381469727,5505200
2001-04-17,14.487146377563477,28.700000762939453,29.325000762939453,27.979999542236328,29.149999618530273,13986000
2001-04-18,14.583641052246094,28.71500015258789,30.0,28.375,28.875,10262400
2001-04-19,14.972172737121582,29.479999542236328,29.4950008392334,28.75,28.950000762939453,7997400
2001-04-20,14.72839641571045,29.0,29.809999465942383,28.84000015258789,29.354999542236328,8089000
2001-04-23,14.741092681884766,29.024999618530273,29.225000381469727,28.885000228881836,29.0,5976400
2001-04-24,14.38303279876709,28.31999969482422,28.8700008392334,28.100000381469727,28.5,10960400
2001-04-25,14.616659164428711,28.780000686645508,28.920000076293945,28.350000381469727,28.399999618530273,7399400
2001-04-26,14.804566383361816,29.149999618530273,29.149999618530273,28.889999389648438,29.049999237060547,7198600
2001-04-27,15.193099975585938,29.915000915527344,29.915000915527344,29.049999237060547,29.200000762939453,5565600
2001-04-30,15.2489595413208,30.024999618530273,30.145000457763672,29.625,30.024999618530273,8330400
2001-05-01,16.29772186279297,32.09000015258789,32.41999816894531,31.125,31.399999618530273,17375600
2001-05-02,16.29010581970215,32.07500076293945,32.42499923706055,31.75,32.42499923706055,12807600
2001-05-03,16.320579528808594,32.1349983215332,32.375,31.84000015258789,32.375,7941000
2001-05-04,16.320579528808594,32.1349983215332,32.255001068115234,31.625,31.875,5643200
2001-05-07,16.417072296142578,32.32500076293945,32.474998474121094,31.950000762939453,32.20000076293945,3697800
2001-05-08,16.378984451293945,32.25,32.380001068115234,31.770000457763672,32.25,4498000
2001-05-09,16.808143615722656,33.095001220703125,33.119998931884766,31.975000381469727,32.25,8785200
2001-05-10,16.719257354736328,32.91999816894531,33.25,32.54999923706055,33.224998474121094,4691800
2001-05-11,16.6329345703125,32.75,33.13999938964844,32.57500076293945,32.91999816894531,3251400
2001-05-14,16.7725887298584,33.025001525878906,33.084999084472656,32.650001525878906,32.994998931884766,2792800
2001-05-15,16.754810333251953,32.9900016784668,33.119998931884766,32.709999084472656,33.029998779296875,4654200
2001-05-16,17.341411590576172,34.14500045776367,34.14500045776367,33.07500076293945,33.150001525878906,6935400
2001-05-17,17.051923751831055,33.57500076293945,34.150001525878906,33.349998474121094,33.875,6360800
2001-05-18,17.13572120666504,33.7400016784668,33.7400016784668,33.209999084472656,33.58000183105469,4777200
2001-05-21,16.569442749023438,32.625,33.07500076293945,32.20000076293945,32.5,11720800
2001-05-22,16.25200653076172,32.0,32.79999923706055,31.975000381469727,32.650001525878906,8073400
2001-05-23,16.30025863647461,32.095001220703125,32.46500015258789,31.825000762939453,32.29999923706055,6547800
2001-05-24,16.31549644470215,32.125,32.29499816894531,31.774999618530273,32.0,5160200
2001-05-25,16.125045776367188,31.75,32.150001525878906,31.6299991607666,32.125,4353000
2001-05-29,16.414531707763672,32.31999969482422,32.31999969482422,31.774999618530273,31.899999618530273,5719800
2001-05-30,16.345972061157227,32.185001373291016,32.48500061035156,31.844999313354492,32.29999923706055,4669400
2001-05-31,16.312965393066406,32.119998931884766,32.25,31.905000686645508,32.0,4268800
2001-06-01,16.127592086791992,31.7549991607666,32.119998931884766,31.625,32.1150016784668,3730800
2001-06-04,16.15044403076172,31.799999237060547,31.8700008392334,31.520000457763672,31.75,4917600
2001-06-05,16.272335052490234,32.040000915527344,32.060001373291016,31.625,31.80500030517578,5336600
2001-06-06,16.422155380249023,32.334999084472656,33.150001525878906,32.255001068115234,32.625,7914200
2001-06-07,16.485637664794922,32.459999084472656,32.79999923706055,32.349998474121094,32.375,5066400
2001-06-08,16.323122024536133,32.13999938964844,32.59000015258789,32.005001068115234,32.57500076293945,4132000
2001-06-11,16.34089469909668,32.17499923706055,32.3849983215332,32.029998779296875,32.25,2608400
2001-06-12,16.6329345703125,32.75,32.79999923706055,32.45500183105469,32.625,6933200
2001-06-13,16.493253707885742,32.474998474121094,32.9900016784668,32.44499969482422,32.974998474121094,4446000
2001-06-14,16.470399856567383,32.43000030517578,32.79999923706055,32.26499938964844,32.474998474121094,4624400
2001-06-15,15.896510124206543,31.299999237060547,32.439998626708984,31.235000610351562,32.20000076293945,13955600
2001-06-18,15.782232284545898,31.075000762939453,31.200000762939453,30.84000015258789,31.200000762939453,7257200
2001-06-19,15.848251342773438,31.204999923706055,31.375,30.954999923706055,31.125,7043200
2001-06-20,15.883810997009277,31.274999618530273,31.46500015258789,31.0049991607666,31.25,4595800
2001-06-21,15.83301830291748,31.174999237060547,31.674999237060547,30.979999542236328,31.0049991607666,6340800
2001-06-22,16.06917381286621,31.639999389648438,31.7450008392334,31.149999618530273,31.200000762939453,4583200
2001-06-25,15.94728946685791,31.399999618530273,31.899999618530273,31.350000381469727,31.625,3281600
2001-06-26,16.21646499633789,31.93000030517578,32.07500076293945,31.395000457763672,31.399999618530273,5391200
2001-06-27,16.099655151367188,31.700000762939453,32.165000915527344,31.68000030517578,31.854999542236328,4807200
2001-06-28,16.16314125061035,31.825000762939453,32.1150016784668,31.575000762939453,31.704999923706055,5093600
2001-06-29,16.201234817504883,31.899999618530273,32.67499923706055,31.899999618530273,32.02000045776367,8924600
2001-07-02,16.37137222290039,32.23500061035156,32.40999984741211,31.905000686645508,32.0,4282400
2001-07-03,16.404375076293945,32.29999923706055,32.349998474121094,31.875,32.0099983215332,2512000
2001-07-05,16.386600494384766,32.26499938964844,32.29999923706055,31.8799991607666,32.150001525878906,4539400
2001-07-06,16.505958557128906,32.5,32.525001525878906,32.04999923706055,32.13999938964844,5212600
2001-07-09,16.795446395874023,33.06999969482422,33.06999969482422,32.5,32.5,7116000
2001-07-10,17.01637840270996,33.505001068115234,33.54999923706055,32.6349983215332,33.04999923706055,8217600
2001-07-11,17.458223342895508,34.375,34.5,33.54999923706055,33.849998474121094,10880600
2001-07-12,17.458223342895508,34.375,34.400001525878906,33.95000076293945,34.380001068115234,7122600
2001-07-13,17.303319931030273,34.06999969482422,34.209999084472656,33.83000183105469,34.150001525878906,5786000
2001-07-16,17.559795379638672,34.57500076293945,34.744998931884766,34.02000045776367,34.06999969482422,4517200
2001-07-17,17.757871627807617,34.96500015258789,34.994998931884766,34.375,34.685001373291016,6170200
2001-07-18,17.668498992919922,34.599998474121094,34.95000076293945,34.35499954223633,34.939998626708984,6507600
2001-07-19,17.461687088012695,34.19499969482422,34.8650016784668,33.834999084472656,34.599998474121094,6433600
2001-07-20,17.38508415222168,34.04499816894531,34.54999923706055,33.79999923706055,34.54999923706055,5396400
2001-07-23,17.31104850769043,33.900001525878906,34.150001525878906,33.599998474121094,34.07500076293945,4942600
2001-07-24,17.38508415222168,34.04499816894531,34.29999923706055,33.70500183105469,33.875,4413800
2001-07-25,17.87276268005371,35.0,35.0,33.92499923706055,34.04499816894531,4858600
2001-07-26,18.128076553344727,35.5,35.5,34.505001068115234,34.70000076293945,9228800
2001-07-27,17.992774963378906,35.23500061035156,35.709999084472656,35.05500030517578,35.25,4472200
2001-07-30,18.15361785888672,35.54999923706055,35.54999923706055,35.025001525878906,35.025001525878906,4515600
2001-07-31,18.13319969177246,35.5099983215332,35.79999923706055,35.29999923706055,35.54999923706055,6287600
2001-08-01,18.255756378173828,35.75,35.96500015258789,35.51499938964844,35.51499938964844,4899400
2001-08-02,18.245540618896484,35.72999954223633,35.974998474121094,35.349998474121094,35.880001068115234,3912400
2001-08-03,17.928936004638672,35.11000061035156,35.75,34.7599983215332,35.72999954223633,4424400
2001-08-06,18.064258575439453,35.375,35.375,34.880001068115234,35.20000076293945,5467600
2001-08-07,18.028507232666016,35.30500030517578,35.92499923706055,34.77000045776367,34.875,7447600
2001-08-08,17.834457397460938,34.92499923706055,35.21500015258789,34.75,34.75,4932000
2001-08-09,18.05149269104004,35.349998474121094,35.45000076293945,34.68000030517578,34.7599983215332,3989800
2001-08-10,18.350223541259766,35.935001373291016,36.26499938964844,35.43000030517578,35.595001220703125,8781800
2001-08-13,18.4140567779541,36.060001373291016,36.150001525878906,35.8650016784668,35.95000076293945,5344800
2001-08-14,18.511072158813477,36.25,36.310001373291016,36.005001068115234,36.17499923706055,5994000
2001-08-15,18.429370880126953,36.09000015258789,36.5,36.04999923706055,36.13999938964844,6144600
2001-08-16,18.942584991455078,37.095001220703125,37.19499969482422,36.45000076293945,36.57500076293945,8622000
2001-08-17,19.085559844970703,37.375,37.375,36.904998779296875,37.07500076293945,8613000
2001-08-20,19.323009490966797,37.84000015258789,38.040000915527344,37.1349983215332,37.45000076293945,11225000
2001-08-21,19.09321403503418,37.38999938964844,37.77000045776367,37.255001068115234,37.599998474121094,7824000
2001-08-22,19.315343856811523,37.82500076293945,37.869998931884766,37.150001525878906,37.599998474121094,7389800
2001-08-23,19.644718170166016,38.470001220703125,38.5,37.67499923706055,37.724998474121094,9331000
2001-08-24,19.6600399017334,38.5,38.63999938964844,38.099998474121094,38.42499923706055,8007200
2001-08-27,19.619190216064453,38.41999816894531,38.52000045776367,38.2400016784668,38.5,6090400
2001-08-28,19.1468448638916,37.494998931884766,38.2400016784668,37.400001525878906,38.125,7213400
2001-08-29,18.8991756439209,37.0099983215332,37.79999923706055,36.904998779296875,37.79999923706055,5263200
2001-08-30,19.044710159301758,37.29499816894531,37.54999923706055,36.974998474121094,37.07500076293945,7104200
2001-08-31,18.9323673248291,37.07500076293945,37.17499923706055,36.82500076293945,36.900001525878906,4807800
2001-09-04,19.28216552734375,37.7599983215332,38.040000915527344,36.84000015258789,36.84000015258789,7436200
2001-09-05,19.374074935913086,37.939998626708984,38.119998931884766,37.45000076293945,37.95500183105469,7687200
2001-09-06,19.27705192565918,37.75,37.994998931884766,37.35499954223633,37.939998626708984,8744400
2001-09-07,18.983427047729492,37.17499923706055,37.599998474121094,36.70000076293945,37.45000076293945,6509000
2001-09-10,18.94513702392578,37.099998474121094,37.20000076293945,36.650001525878906,36.724998474121094,7433600
2001-09-17,19.03449058532715,37.275001525878906,37.45000076293945,36.150001525878906,36.79999923706055,11860800
2001-09-18,18.94513702392578,37.099998474121094,37.125,36.55500030517578,37.04999923706055,9251400
2001-09-19,19.03449058532715,37.275001525878906,37.5099983215332,36.6150016784668,37.32500076293945,11095200
2001-09-20,18.590227127075195,36.404998779296875,37.0,36.279998779296875,37.0,9779400
2001-09-21,17.106782913208008,33.5,35.82500076293945,33.5,35.32500076293945,20140800
2001-09-24,17.734891891479492,34.72999954223633,35.224998474121094,34.44499969482422,34.5,10354600
2001-09-25,18.128076553344727,35.5,35.599998474121094,34.724998474121094,34.72999954223633,7985400
2001-09-26,18.16127586364746,35.564998626708984,36.119998931884766,35.400001525878906,35.849998474121094,6906600
2001-09-27,18.48554039001465,36.20000076293945,36.20000076293945,35.529998779296875,35.75,7139600
2001-09-28,18.585121154785156,36.39500045776367,36.57500076293945,36.0099983215332,36.369998931884766,9963000
2001-10-01,18.482999801635742,36.19499969482422,36.5,35.8650016784668,36.25,7015200
2001-10-02,18.710233688354492,36.63999938964844,36.724998474121094,36.125,36.19499969482422,5714400
2001-10-03,18.70256996154785,36.625,36.69499969482422,35.95000076293945,36.404998779296875,8282600
2001-10-04,18.179155349731445,35.599998474121094,36.54999923706055,35.57500076293945,36.525001525878906,7984200
2001-10-05,18.559587478637695,36.345001220703125,36.494998931884766,35.650001525878906,35.650001525878906,6143000
2001-10-08,18.447242736816406,36.125,36.54999923706055,35.880001068115234,36.0,4238800
2001-10-09,18.521289825439453,36.27000045776367,36.88999938964844,36.04999923706055,36.125,5418200
2001-10-10,18.72554588317871,36.66999816894531,37.06999969482422,36.025001525878906,36.025001525878906,5570000
2001-10-11,18.5340518951416,36.29499816894531,36.75,35.900001525878906,36.5099983215332,6369400
2001-10-12,18.368091583251953,35.970001220703125,36.095001220703125,35.75,35.775001525878906,5889800
2001-10-15,18.156177520751953,35.55500030517578,35.75,35.310001373291016,35.75,5941200
2001-10-16,18.11021614074707,35.46500015258789,35.525001525878906,35.05500030517578,35.369998931884766,8470400
2001-10-17,17.917694091796875,34.900001525878906,35.599998474121094,34.8650016784668,35.275001525878906,7307600
2001-10-18,18.046043395996094,35.150001525878906,35.900001525878906,35.0,35.099998474121094,7516200
2001-10-19,18.41825294494629,35.875,36.099998474121094,35.3849983215332,35.474998474121094,5990600
2001-10-22,18.59795379638672,36.224998474121094,36.45000076293945,35.79999923706055,35.875,4323400
2001-10-23,18.354087829589844,35.75,36.41999816894531,35.525001525878906,36.349998474121094,4191400
2001-10-24,18.328414916992188,35.70000076293945,36.07500076293945,35.68000030517578,35.875,4851600
2001-10-25,18.5568790435791,36.14500045776367,36.2400016784668,35.255001068115234,35.349998474121094,4712800
2001-10-26,18.82898712158203,36.67499923706055,36.77000045776367,35.939998626708984,36.125,4762400
2001-10-29,18.30274200439453,35.650001525878906,36.625,35.650001525878906,36.505001068115234,5470800
2001-10-30,19.047178268432617,37.099998474121094,37.125,35.875,35.9900016784668,10641800
2001-10-31,18.939359664916992,36.88999938964844,37.209999084472656,36.724998474121094,37.099998474121094,7567200
2001-11-01,19.50409507751465,37.9900016784668,37.994998931884766,36.81999969482422,36.900001525878906,9758000
2001-11-02,19.509241104125977,38.0,38.29999923706055,37.599998474121094,37.900001525878906,5787800
2001-11-05,19.747976303100586,38.46500015258789,38.4900016784668,37.970001220703125,38.04499816894531,6274400
2001-11-06,20.02264404296875,39.0,39.0,38.17499923706055,38.46500015258789,5514000
2001-11-07,20.050870895385742,39.05500030517578,39.099998474121094,38.685001373291016,38.724998474121094,5815200
2001-11-08,19.688926696777344,38.349998474121094,39.0,38.10499954223633,39.0,6213200
2001-11-09,19.84550666809082,38.654998779296875,38.755001068115234,38.150001525878906,38.20000076293945,4648600
2001-11-12,19.835241317749023,38.6349983215332,38.71500015258789,38.23500061035156,38.32500076293945,3858200
2001-11-13,19.986696243286133,38.93000030517578,38.94499969482422,38.244998931884766,38.724998474121094,5259800
2001-11-14,20.08167266845703,39.1150016784668,39.125,38.6150016784668,38.994998931884766,6405000
2001-11-15,20.09708023071289,39.14500045776367,39.42499923706055,38.98500061035156,39.1150016784668,5971200
2001-11-16,20.21257972717285,39.369998931884766,39.369998931884766,38.8849983215332,39.34000015258789,5433600
2001-11-19,20.197187423706055,39.34000015258789,39.5,39.0,39.42499923706055,5475800
2001-11-20,20.150985717773438,39.25,39.34000015258789,38.85499954223633,39.099998474121094,5344800
2001-11-21,19.99696159362793,38.95000076293945,39.275001525878906,38.875,39.0,4104000
2001-11-23,20.138151168823242,39.224998474121094,39.25,38.900001525878906,38.95000076293945,1680200
2001-11-26,20.061141967773438,39.07500076293945,39.19499969482422,38.75,39.025001525878906,4536200
2001-11-27,19.79673957824707,38.560001373291016,39.125,38.45500183105469,38.849998474121094,6482400
2001-11-28,19.509241104125977,38.0,38.625,37.974998474121094,38.42499923706055,5393400
2001-11-29,19.878887176513672,38.720001220703125,38.79999923706055,37.619998931884766,38.04999923706055,7276800
2001-11-30,19.88402557373047,38.72999954223633,39.060001373291016,38.4900016784668,38.5,5593600
2001-12-03,19.586244583129883,38.150001525878906,38.724998474121094,38.025001525878906,38.724998474121094,5482400
2001-12-04,19.59650993347168,38.16999816894531,38.53499984741211,37.8650016784668,38.25,4833200
2001-12-05,19.688926696777344,38.349998474121094,38.85499954223633,38.1150016784668,38.25,6368400
2001-12-06,19.432226181030273,37.849998474121094,38.540000915527344,37.75,38.224998474121094,5188000
2001-12-07,19.3629207611084,37.71500015258789,37.875,37.380001068115234,37.78499984741211,4366000
2001-12-10,19.694055557250977,38.36000061035156,38.709999084472656,37.630001068115234,37.73500061035156,7728400
2001-12-11,19.688926696777344,38.349998474121094,38.849998474121094,38.22999954223633,38.42499923706055,7036000
2001-12-12,20.523197174072266,39.974998474121094,40.0,39.45000076293945,39.625,16664400
2001-12-13,20.76706886291504,40.45000076293945,40.54999923706055,39.5,39.974998474121094,12740000
2001-12-14,20.510360717773438,39.95000076293945,40.38999938964844,39.78499984741211,40.150001525878906,6503600
2001-12-17,20.48469352722168,39.900001525878906,40.54999923706055,39.900001525878906,40.04999923706055,7111400
2001-12-18,20.890287399291992,40.689998626708984,40.86000061035156,40.0,40.125,6583400
2001-12-19,20.910816192626953,40.72999954223633,40.82500076293945,40.209999084472656,40.349998474121094,7951800
2001-12-20,20.790164947509766,40.494998931884766,40.744998931884766,40.3650016784668,40.54999923706055,5688200
2001-12-21,20.700319290161133,40.31999969482422,40.685001373291016,39.95500183105469,40.625,8849000
2001-12-24,20.6027774810791,40.130001068115234,40.46500015258789,40.025001525878906,40.31999969482422,2178600
2001-12-26,20.66438102722168,40.25,40.595001220703125,40.11000061035156,40.130001068115234,3728200
2001-12-27,20.57454490661621,40.07500076293945,40.29999923706055,39.875,40.22999954223633,4271000
2001-12-28,20.41025733947754,39.755001068115234,40.150001525878906,39.529998779296875,40.150001525878906,3529800
2001-12-31,20.31270980834961,39.564998626708984,39.869998931884766,39.35499954223633,39.45000076293945,3941800
2002-01-02,20.536027908325195,40.0,40.0,39.0099983215332,39.45000076293945,6261600
2002-01-03,20.3383731842041,39.6150016784668,39.790000915527344,39.30500030517578,39.654998779296875,5216800
2002-01-04,20.138151168823242,39.224998474121094,39.75,39.099998474121094,39.619998931884766,6181400
2002-01-07,19.907115936279297,38.775001525878906,39.244998931884766,38.54999923706055,39.1150016784668,6412200
2002-01-08,19.96102523803711,38.880001068115234,39.05500030517578,38.63999938964844,38.775001525878906,4009800
2002-01-09,19.817277908325195,38.599998474121094,39.16999816894531,38.58000183105469,38.880001068115234,5527000
2002-01-10,19.747976303100586,38.46500015258789,38.650001525878906,38.189998626708984,38.29999923706055,7183800
2002-01-11,19.819833755493164,38.60499954223633,39.14500045776367,38.560001373291016,38.849998474121094,5459200
2002-01-14,20.20232391357422,39.349998474121094,39.724998474121094,38.625,38.82500076293945,6080800
2002-01-15,20.446189880371094,39.82500076293945,39.94499969482422,39.255001068115234,39.275001525878906,5392800
2002-01-16,20.502933502197266,39.744998931884766,39.814998626708984,39.16999816894531,39.57500076293945,6047800
2002-01-17,20.55453109741211,39.845001220703125,39.94499969482422,39.599998474121094,39.744998931884766,4520600
2002-01-18,20.585474014282227,39.904998779296875,40.0,39.66999816894531,39.834999084472656,5392000
2002-01-22,20.48487663269043,39.709999084472656,39.91999816894531,39.29999923706055,39.900001525878906,5095400
2002-01-23,20.27338218688965,39.29999923706055,39.779998779296875,39.29999923706055,39.57500076293945,5151400
2002-01-24,20.061885833740234,38.88999938964844,39.599998474121094,38.599998474121094,39.599998474121094,6268600
2002-01-25,20.41265296936035,39.56999969482422,39.85499954223633,38.60499954223633,38.6150016784668,5302400
2002-01-28,20.417814254760742,39.58000183105469,39.71500015258789,39.27000045776367,39.29999923706055,4513600
2002-01-29,19.994813919067383,38.7599983215332,39.58000183105469,38.724998474121094,39.58000183105469,5870200
2002-01-30,20.19342041015625,39.14500045776367,39.625,38.630001068115234,38.75,7659400
2002-01-31,21.06781005859375,40.84000015258789,41.060001373291016,40.20000076293945,40.25,14694800
2002-02-01,21.297365188598633,41.28499984741211,41.650001525878906,40.70000076293945,40.84000015258789,10333200
2002-02-04,21.330896377563477,41.349998474121094,42.11000061035156,41.21500015258789,41.28499984741211,9212400
2002-02-05,21.310256958007812,41.310001373291016,41.53499984741211,40.86000061035156,41.224998474121094,7055200
2002-02-06,21.279312133789062,41.25,41.59000015258789,40.8650016784668,40.9900016784668,7234000
2002-02-07,21.183868408203125,41.064998626708984,41.494998931884766,40.7400016784668,41.125,5265400
2002-02-08,21.173553466796875,41.04499816894531,41.099998474121094,40.375,41.025001525878906,5373800
2002-02-11,21.075544357299805,40.85499954223633,41.29999923706055,40.6349983215332,41.04499816894531,5318000
2002-02-12,21.55013656616211,41.775001525878906,41.875,40.935001373291016,40.94499969482422,7664400
2002-02-13,21.596553802490234,41.8650016784668,41.869998931884766,41.5099983215332,41.51499938964844,5163600
2002-02-14,21.676525115966797,42.02000045776367,42.125,41.70500183105469,41.75,4693600
2002-02-15,21.921554565429688,42.494998931884766,42.5,42.165000915527344,42.25,8906000
2002-02-19,21.666202545166016,42.0,42.29999923706055,41.8849983215332,42.04999923706055,5697000
2002-02-20,21.92413902282715,42.5,42.5,41.724998474121094,42.119998931884766,6732200
2002-02-21,21.434070587158203,41.54999923706055,42.849998474121094,41.54999923706055,42.400001525878906,7777000
2002-02-22,22.078903198242188,42.79999923706055,42.9900016784668,41.57500076293945,41.75,7219200
2002-02-25,22.535436630249023,43.685001373291016,43.92499923706055,42.650001525878906,42.724998474121094,10097200
2002-02-26,22.311031341552734,43.25,43.45000076293945,42.834999084472656,43.45000076293945,7715200
2002-02-27,22.0530948638916,42.75,43.36000061035156,42.349998474121094,43.17499923706055,6840000
2002-02-28,21.86997413635254,42.39500045776367,42.849998474121094,42.25,42.5,7085200
2002-03-01,22.58185577392578,43.775001525878906,43.775001525878906,42.42499923706055,42.5,6671400
2002-03-04,22.434844970703125,43.4900016784668,43.67499923706055,43.165000915527344,43.5,8615800
2002-03-05,21.939617156982422,42.529998779296875,43.25,42.05500030517578,42.900001525878906,7285400
2002-03-06,21.93703269958496,42.525001525878906,42.95000076293945,42.380001068115234,42.529998779296875,6253600
2002-03-07,21.65072250366211,41.970001220703125,42.46500015258789,41.630001068115234,42.46500015258789,8715400
2002-03-08,21.645572662353516,41.959999084472656,42.30500030517578,41.599998474121094,42.244998931884766,5459400
2002-03-11,21.691991806030273,42.04999923706055,42.095001220703125,41.310001373291016,41.92499923706055,5133800
2002-03-12,21.996355056762695,42.63999938964844,42.63999938964844,41.755001068115234,41.79999923706055,4661600
2002-03-13,21.980884552001953,42.61000061035156,42.7599983215332,42.099998474121094,42.63999938964844,4760800
2002-03-14,21.921554565429688,42.494998931884766,42.650001525878906,42.025001525878906,42.375,4996400
2002-03-15,22.45804786682129,43.53499984741211,43.54999923706055,42.560001373291016,42.689998626708984,11881400
2002-03-18,22.610233306884766,43.83000183105469,43.974998474121094,43.584999084472656,43.75,6544800
2002-03-19,23.19830894470215,44.970001220703125,44.994998931884766,44.060001373291016,44.07500076293945,12605000
2002-03-20,23.110612869262695,44.79999923706055,44.94499969482422,44.540000915527344,44.900001525878906,7211600
2002-03-21,23.31696891784668,45.20000076293945,45.220001220703125,44.599998474121094,44.630001068115234,7792800
2002-03-22,23.23956871032715,45.04999923706055,45.3650016784668,44.810001373291016,45.0,7202600
2002-03-25,23.14931297302246,44.875,45.125,44.654998779296875,44.875,6251600
2002-03-26,23.071929931640625,44.724998474121094,44.97999954223633,44.439998626708984,44.67499923706055,5750400
2002-03-27,23.21894645690918,45.0099983215332,45.189998626708984,44.42499923706055,44.42499923706055,5546400
2002-03-28,23.23699951171875,45.04499816894531,45.14500045776367,44.6150016784668,44.994998931884766,4644000
2002-04-01,23.21121597290039,44.994998931884766,44.994998931884766,44.46500015258789,44.67499923706055,5225600
2002-04-02,23.36854362487793,45.29999923706055,45.29999923706055,44.54999923706055,44.994998931884766,9390200
2002-04-03,23.022918701171875,44.630001068115234,45.30500030517578,44.20000076293945,45.29999923706055,6639800
2002-04-04,23.208629608154297,44.9900016784668,45.084999084472656,44.54999923706055,44.54999923706055,7175400
2002-04-05,23.162195205688477,44.900001525878906,44.95000076293945,44.44499969482422,44.875,5530600
2002-04-08,23.278263092041016,45.125,45.14500045776367,44.625,44.70000076293945,6081600
2002-04-09,23.247325897216797,45.064998626708984,45.474998474121094,45.0,45.14500045776367,5303600
2002-04-10,23.817352294921875,46.16999816894531,46.29999923706055,45.10499954223633,45.14500045776367,8220000
2002-04-11,23.551677703857422,45.654998779296875,46.369998931884766,45.599998474121094,46.0099983215332,6620400
2002-04-12,23.711597442626953,45.96500015258789,46.095001220703125,45.25,45.380001068115234,6434400
2002-04-15,23.35565185546875,45.275001525878906,45.93000030517578,45.125,45.79999923706055,4999800
2002-04-16,23.52330780029297,45.599998474121094,45.73500061035156,45.29999923706055,45.349998474121094,6197200
2002-04-17,23.339414596557617,45.05500030517578,45.52000045776367,44.95500183105469,45.40999984741211,5908200
2002-04-18,22.899085998535156,44.20500183105469,45.0,43.92499923706055,44.875,8925000
2002-04-19,23.018230438232422,44.435001373291016,44.560001373291016,44.005001068115234,44.435001373291016,6069800
2002-04-22,23.023412704467773,44.44499969482422,44.83000183105469,44.25,44.5,4926600
2002-04-23,23.02600860595703,44.45000076293945,44.96500015258789,44.33000183105469,44.44499969482422,5264400
2002-04-24,23.16327476501465,44.71500015258789,44.994998931884766,44.48500061035156,44.57500076293945,5072000
2002-04-25,23.160686492919922,44.709999084472656,44.92499923706055,44.42499923706055,44.71500015258789,5407200
2002-04-26,23.25910758972168,44.900001525878906,45.36000061035156,44.849998474121094,44.8849983215332,7174000
2002-04-29,23.310916900634766,45.0,45.275001525878906,44.849998474121094,45.025001525878906,6245800
2002-04-30,23.37826156616211,45.130001068115234,45.33000183105469,44.70000076293945,45.125,8336800
2002-05-01,23.777149200439453,45.900001525878906,46.01499938964844,45.275001525878906,45.400001525878906,9780800
2002-05-02,24.150110244750977,46.619998931884766,46.73500061035156,46.09000015258789,46.244998931884766,8359000
2002-05-03,23.815988540649414,45.974998474121094,46.59000015258789,45.974998474121094,46.494998931884766,6020200
2002-05-06,23.8807430267334,46.099998474121094,46.7400016784668,45.95000076293945,46.2400016784668,6172400
2002-05-07,23.74087905883789,45.83000183105469,46.619998931884766,45.810001373291016,46.25,7020200
2002-05-08,23.777149200439453,45.900001525878906,45.97999954223633,45.400001525878906,45.834999084472656,7733400
2002-05-09,23.844480514526367,46.029998779296875,46.375,45.82500076293945,46.0,5633200
2002-05-10,23.932533264160156,46.20000076293945,46.494998931884766,45.900001525878906,46.029998779296875,4723600
2002-05-13,24.142333984375,46.60499954223633,46.68000030517578,45.834999084472656,45.834999084472656,4500000
2002-05-14,24.100893020629883,46.525001525878906,46.814998626708984,46.20500183105469,46.57500076293945,5875200
2002-05-15,23.867786407470703,46.07500076293945,46.45000076293945,45.904998779296875,46.224998474121094,5789800
2002-05-16,24.08017349243164,46.48500061035156,46.599998474121094,45.96500015258789,46.20000076293945,5578400
2002-05-17,24.24853515625,46.810001373291016,46.810001373291016,46.3650016784668,46.724998474121094,4867400
2002-05-20,23.932533264160156,46.20000076293945,46.8650016784668,46.20000076293945,46.599998474121094,3985400
2002-05-21,23.595842361450195,45.54999923706055,46.0099983215332,45.375,45.974998474121094,6380400
2002-05-22,23.80303382873535,45.95000076293945,46.04499816894531,45.474998474121094,45.54999923706055,4691000
2002-05-23,23.66575813293457,45.685001373291016,45.849998474121094,45.45500183105469,45.775001525878906,5138000
2002-05-24,23.37826156616211,45.130001068115234,45.64500045776367,44.849998474121094,45.375,4765200
2002-05-28,22.795480728149414,44.005001068115234,45.29999923706055,43.75,45.29999923706055,7467800
2002-05-29,22.539060592651367,43.5099983215332,44.375,43.5,43.92499923706055,10684000
2002-05-30,22.987163543701172,44.375,44.470001220703125,43.20000076293945,43.54499816894531,6607400
2002-05-31,23.194353103637695,44.775001525878906,45.2400016784668,44.48500061035156,44.6150016784668,6218400
2002-06-03,23.207420349121094,44.45500183105469,45.53499984741211,44.435001373291016,44.55500030517578,6517400
2002-06-04,23.374454498291016,44.775001525878906,44.8650016784668,44.064998626708984,44.47999954223633,7845200
2002-06-05,23.63288116455078,45.27000045776367,45.375,44.400001525878906,44.974998474121094,6226800
2002-06-06,23.374454498291016,44.775001525878906,45.369998931884766,44.63999938964844,45.04999923706055,5432000
2002-06-07,23.31966209411621,44.66999816894531,44.935001373291016,44.03499984741211,44.70000076293945,6049800
2002-06-10,23.283111572265625,44.599998474121094,44.845001220703125,44.07500076293945,44.474998474121094,5670600
2002-06-11,23.230915069580078,44.5,45.25,44.470001220703125,45.04999923706055,5682200
2002-06-12,24.274993896484375,46.5,46.5,45.1349983215332,45.25,17696400
2002-06-13,23.878244400024414,45.7400016784668,46.51499938964844,45.69499969482422,46.375,8012800
2002-06-14,23.896499633789062,45.775001525878906,46.150001525878906,45.0,46.11000061035156,8280200
2002-06-17,24.509902954101562,46.95000076293945,46.95000076293945,45.775001525878906,45.775001525878906,7850400
2002-06-18,24.507295608520508,46.94499969482422,46.95000076293945,46.4900016784668,46.54999923706055,5918000
2002-06-19,24.64041519165039,47.20000076293945,47.375,46.689998626708984,46.900001525878906,8196000
2002-06-20,24.49686050415039,46.92499923706055,47.375,46.79999923706055,47.0,6938200
2002-06-21,24.49686050415039,46.92499923706055,47.29999923706055,46.6349983215332,46.91999816894531,12660400
2002-06-24,24.379398345947266,46.70000076293945,47.20500183105469,46.5,46.875,10724400
2002-06-25,23.230915069580078,44.5,46.75,44.5,46.58000183105469,11822800
2002-06-26,23.77382469177246,45.540000915527344,45.97999954223633,43.970001220703125,44.5,13669600
2002-06-27,24.076618194580078,46.119998931884766,46.22999954223633,44.775001525878906,45.82500076293945,9513600
2002-06-28,23.30921173095703,44.650001525878906,46.099998474121094,44.650001525878906,45.849998474121094,14148600
2002-07-01,23.4997615814209,45.01499938964844,45.474998474121094,44.529998779296875,44.66999816894531,7897800
2002-07-02,23.303985595703125,44.63999938964844,44.79999923706055,44.185001373291016,44.51499938964844,8297800
2002-07-03,23.063852310180664,44.18000030517578,44.79999923706055,43.5099983215332,44.224998474121094,7620800
2002-07-05,23.460603713989258,44.939998626708984,44.939998626708984,43.755001068115234,44.08000183105469,3614800
2002-07-08,23.583290100097656,45.17499923706055,45.2400016784668,44.505001068115234,44.939998626708984,5651600
2002-07-09,22.94377326965332,43.95000076293945,45.244998931884766,43.32500076293945,45.04999923706055,7021400
2002-07-10,22.95682144165039,43.974998474121094,44.44499969482422,43.67499923706055,43.95000076293945,9880600
2002-07-11,22.43478775024414,42.974998474121094,43.82500076293945,42.560001373291016,43.54999923706055,12660800
2002-07-12,21.82921600341797,41.814998626708984,43.060001373291016,41.04999923706055,43.060001373291016,13833800
2002-07-15,21.482065200805664,41.150001525878906,41.599998474121094,39.599998474121094,41.29999923706055,13916000
2002-07-16,21.207984924316406,40.625,40.994998931884766,39.67499923706055,40.75,10625600
2002-07-17,21.005983352661133,40.03499984741211,41.1150016784668,39.880001068115234,40.974998474121094,11701200
2002-07-18,21.089933395385742,40.19499969482422,41.05500030517578,40.05500030517578,40.06999969482422,8898600
2002-07-19,19.534223556518555,37.22999954223633,39.724998474121094,37.040000915527344,39.5099983215332,17326200
2002-07-22,20.418338775634766,38.915000915527344,39.47999954223633,37.5,37.5,17256600
2002-07-23,20.78036117553711,39.60499954223633,40.04499816894531,39.005001068115234,39.5,13541200
2002-07-24,21.577903747558594,41.125,41.165000915527344,39.04999923706055,39.04999923706055,16138800
2002-07-25,22.30458641052246,42.5099983215332,42.5099983215332,40.53499984741211,41.125,13096600
2002-07-26,22.089468002319336,42.099998474121094,42.345001220703125,41.625,42.150001525878906,9104400
2002-07-29,22.88175392150879,43.61000061035156,43.61000061035156,42.22999954223633,42.310001373291016,9827800
2002-07-30,22.897491455078125,43.63999938964844,43.775001525878906,42.8849983215332,43.20000076293945,8643800
2002-07-31,23.346107482910156,44.494998931884766,44.5,43.375,43.79999923706055,10154400
2002-08-01,23.052289962768555,43.935001373291016,44.900001525878906,43.630001068115234,44.369998931884766,10268600
2002-08-02,23.569089889526367,44.91999816894531,44.95000076293945,43.90999984741211,43.935001373291016,14511400
2002-08-05,23.086383819580078,44.0,44.70500183105469,43.599998474121094,44.70000076293945,15921000
2002-08-06,23.012920379638672,43.86000061035156,44.67499923706055,43.560001373291016,44.349998474121094,13051400
2002-08-07,23.33036231994629,44.46500015258789,44.54999923706055,43.25,44.095001220703125,10906800
2002-08-08,23.834056854248047,45.42499923706055,45.470001220703125,44.16999816894531,44.470001220703125,9901200
2002-08-09,23.910152435302734,45.56999969482422,45.744998931884766,44.75,44.82500076293945,8595000
2002-08-12,23.834056854248047,45.42499923706055,45.71500015258789,44.974998474121094,45.0,6203800
2002-08-13,23.626815795898438,45.029998779296875,45.845001220703125,44.849998474121094,44.974998474121094,9148800
2002-08-14,24.369243621826172,46.44499969482422,46.44499969482422,44.66999816894531,45.029998779296875,8927000
2002-08-15,23.957368850708008,45.65999984741211,46.45000076293945,45.345001220703125,46.025001525878906,9005600
2002-08-16,23.87079429626465,45.494998931884766,45.494998931884766,44.529998779296875,45.0,9640600
2002-08-19,23.93901252746582,45.625,45.7599983215332,45.02000045776367,45.29999923706055,7625600
2002-08-20,23.666160583496094,45.10499954223633,45.45000076293945,45.005001068115234,45.17499923706055,6751200
2002-08-21,23.844554901123047,45.44499969482422,45.5,44.89500045776367,45.125,6034600
2002-08-22,23.810447692871094,45.380001068115234,45.54499816894531,44.875,45.09000015258789,5848600
2002-08-23,23.676654815673828,45.125,45.474998474121094,44.96500015258789,45.099998474121094,5072400
2002-08-26,23.716018676757812,45.20000076293945,45.25,44.57500076293945,45.125,6471200
2002-08-27,23.7186336517334,45.20500183105469,45.45500183105469,44.630001068115234,45.125,6815800
2002-08-28,23.54022979736328,44.8650016784668,45.25,43.5,43.5,5291000
2002-08-29,23.052289962768555,43.935001373291016,44.70000076293945,43.849998474121094,44.54999923706055,7959600
2002-08-30,23.256908416748047,44.32500076293945,44.84000015258789,43.75,43.935001373291016,6123200
2002-09-03,22.703353881835938,43.27000045776367,44.33000183105469,43.18000030517578,44.33000183105469,8145400
2002-09-04,23.233287811279297,44.279998779296875,44.439998626708984,43.2599983215332,43.5,9562800
2002-09-05,23.571731567382812,44.92499923706055,45.29499816894531,44.099998474121094,44.27000045776367,11535600
2002-09-06,23.59795570373535,44.974998474121094,45.47999954223633,44.595001220703125,45.474998474121094,7114800
2002-09-09,23.834056854248047,45.42499923706055,45.42499923706055,44.5,44.625,5483400
2002-09-10,24.004587173461914,45.75,45.90999984741211,45.04999923706055,45.494998931884766,6184000
2002-09-11,24.10428237915039,45.939998626708984,46.0,45.42499923706055,45.849998474121094,4901400
2002-09-12,23.925899505615234,45.599998474121094,45.654998779296875,45.150001525878906,45.525001525878906,5728800
2002-09-13,24.13576889038086,46.0,46.0,45.31999969482422,45.5,6131600
2002-09-16,24.398109436035156,46.5,46.5,45.93000030517578,46.0,7262400
2002-09-17,24.15149688720703,46.029998779296875,46.75,45.89500045776367,46.52000045776367,8247400
2002-09-18,24.161998748779297,46.04999923706055,46.439998626708984,45.32500076293945,45.65999984741211,6831200
2002-09-19,23.90489959716797,45.560001373291016,46.2599983215332,45.54999923706055,45.75,6969800
2002-09-20,23.897031784057617,45.54499816894531,45.72999954223633,45.125,45.560001373291016,12632600
2002-09-23,23.80521011352539,45.369998931884766,45.5,44.75,45.0099983215332,7053400
2002-09-24,23.09686851501465,44.02000045776367,45.150001525878906,44.0,45.07500076293945,10283800
2002-09-25,23.374963760375977,44.54999923706055,45.0,43.994998931884766,44.20000076293945,8549400
2002-09-26,23.807825088500977,45.375,45.39500045776367,44.57500076293945,44.974998474121094,8236600
2002-09-27,23.12047576904297,44.064998626708984,45.54999923706055,43.994998931884766,45.38999938964844,8799200
2002-09-30,23.448415756225586,44.689998626708984,44.89500045776367,43.599998474121094,44.189998626708984,13563800
2002-10-01,23.918010711669922,45.584999084472656,45.584999084472656,44.25,44.75,10400200
2002-10-02,23.757984161376953,45.279998779296875,45.619998931884766,45.005001068115234,45.224998474121094,7163400
2002-10-03,23.56121826171875,44.904998779296875,46.17499923706055,44.75,45.279998779296875,10339800
2002-10-04,23.222803115844727,44.2599983215332,45.064998626708984,43.685001373291016,45.0,10434800
2002-10-07,23.33036231994629,44.46500015258789,45.39500045776367,44.224998474121094,44.2599983215332,10585600
2002-10-08,23.42742347717285,44.650001525878906,45.415000915527344,44.529998779296875,44.720001220703125,9735000
2002-10-09,23.13623046875,44.095001220703125,44.994998931884766,43.95500183105469,44.650001525878906,10451200
2002-10-10,23.346107482910156,44.494998931884766,44.83000183105469,43.75,44.26499938964844,9407400
2002-10-11,23.674028396606445,45.119998931884766,45.220001220703125,44.27000045776367,44.70000076293945,9663000
2002-10-14,23.94948959350586,45.64500045776367,45.64500045776367,44.8650016784668,45.0,6394800
2002-10-15,23.721250534057617,45.209999084472656,46.07500076293945,44.599998474121094,46.0,14296000
2002-10-16,23.85039520263672,45.25,45.48500061035156,44.880001068115234,45.0099983215332,7180400
2002-10-17,23.808218002319336,45.16999816894531,45.54999923706055,44.89500045776367,45.45000076293945,7679400
2002-10-18,24.17981719970703,45.875,45.875,44.91999816894531,45.0,6858200
2002-10-21,24.2957706451416,46.095001220703125,46.095001220703125,45.060001373291016,45.474998474121094,6789400
2002-10-22,23.808218002319336,45.16999816894531,45.875,44.755001068115234,45.7400016784668,9511600
2002-10-23,23.98216438293457,45.5,45.5,44.58000183105469,45.224998474121094,8361200
2002-10-24,23.402374267578125,44.400001525878906,45.625,44.25,45.625,7069600
2002-10-25,23.376012802124023,44.349998474121094,44.59000015258789,43.76499938964844,44.29999923706055,6948000
2002-10-28,22.598583221435547,42.875,44.36000061035156,42.375,44.349998474121094,14637800
2002-10-29,23.457721710205078,44.505001068115234,44.61000061035156,43.529998779296875,44.02000045776367,16135800
2002-10-30,23.439273834228516,44.470001220703125,44.94499969482422,44.0099983215332,44.5,8873600
2002-10-31,23.310150146484375,44.224998474121094,44.724998474121094,43.72999954223633,44.470001220703125,8156400
2002-11-01,23.188913345336914,43.994998931884766,44.11000061035156,43.349998474121094,43.900001525878906,8604000
2002-11-04,22.796232223510742,43.25,44.0099983215332,43.125,44.0,9340000
2002-11-05,23.386564254760742,44.369998931884766,44.48500061035156,43.17499923706055,43.224998474121094,7629200
2002-11-06,23.154645919799805,43.93000030517578,44.375,43.48500061035156,44.35499954223633,8212400
2002-11-07,23.194175720214844,44.005001068115234,44.22999954223633,43.5099983215332,43.875,6242200
2002-11-08,23.109848022460938,43.845001220703125,44.529998779296875,43.584999084472656,44.25,6014200
2002-11-11,22.7303466796875,43.125,43.849998474121094,43.06999969482422,43.29999923706055,5642600
2002-11-12,22.50897979736328,42.70500183105469,43.625,42.56999969482422,43.2400016784668,7248000
2002-11-13,22.61176300048828,42.900001525878906,43.59000015258789,42.685001373291016,42.939998626708984,7543000
2002-11-14,22.790958404541016,43.2400016784668,43.33000183105469,42.564998626708984,43.025001525878906,7478000
2002-11-15,23.00179100036621,43.63999938964844,43.685001373291016,42.875,43.244998931884766,8749600
2002-11-18,22.703994750976562,43.07500076293945,43.650001525878906,42.720001220703125,43.650001525878906,7782000
2002-11-19,22.954355239868164,43.54999923706055,43.935001373291016,42.95000076293945,43.0099983215332,6296000
2002-11-20,23.188913345336914,43.994998931884766,44.14500045776367,43.130001068115234,43.275001525878906,6457600
2002-11-21,22.856849670410156,43.3650016784668,44.04999923706055,43.244998931884766,43.994998931884766,8499400
2002-11-22,22.81731605529785,43.290000915527344,43.7400016784668,43.23500061035156,43.32500076293945,7437600
2002-11-25,22.5695858001709,42.81999969482422,43.119998931884766,42.724998474121094,43.03499984741211,7500000
2002-11-26,22.248071670532227,42.209999084472656,42.630001068115234,42.125,42.625,9031200
2002-11-27,22.408830642700195,42.51499938964844,42.775001525878906,41.79999923706055,42.21500015258789,7461200
2002-11-29,22.27705192565918,42.26499938964844,42.45000076293945,41.92499923706055,42.255001068115234,4340000
2002-12-02,21.82112693786621,41.400001525878906,41.875,41.125,41.814998626708984,13905200
2002-12-03,22.266517639160156,42.244998931884766,42.400001525878906,41.0,41.0,10569800
2002-12-04,22.67763900756836,43.025001525878906,43.39500045776367,42.244998931884766,42.244998931884766,10484000
2002-12-05,22.46153450012207,42.6150016784668,43.75,42.57500076293945,43.025001525878906,9266800
2002-12-06,22.651277542114258,42.974998474121094,43.029998779296875,42.404998779296875,42.7400016784668,6083200
2002-12-09,22.764606475830078,43.189998626708984,43.42499923706055,42.775001525878906,43.0,8444400
2002-12-10,23.099302291870117,43.82500076293945,43.95000076293945,43.20000076293945,43.5,7920000
2002-12-11,23.049232482910156,43.72999954223633,43.95000076293945,43.209999084472656,43.83000183105469,7881600
2002-12-12,23.112483978271484,43.849998474121094,44.125,43.125,44.0,10370200
2002-12-13,23.036052703857422,43.70500183105469,44.150001525878906,43.58000183105469,43.849998474121094,8180800
2002-12-16,23.2047176361084,44.025001525878906,44.025001525878906,43.165000915527344,43.709999084472656,6884200
2002-12-17,23.033416748046875,43.70000076293945,44.005001068115234,43.525001525878906,44.0,6956200
2002-12-18,23.025514602661133,43.685001373291016,43.92499923706055,43.404998779296875,43.599998474121094,6152400
2002-12-19,22.585391998291016,42.849998474121094,43.69499969482422,42.68000030517578,43.685001373291016,9275800
2002-12-20,23.107210159301758,43.84000015258789,43.88999938964844,43.16999816894531,43.345001220703125,11114800
2002-12-23,23.109848022460938,43.845001220703125,44.025001525878906,43.7599983215332,43.95000076293945,6001600
2002-12-24,23.06767463684082,43.76499938964844,43.900001525878906,43.560001373291016,43.849998474121094,1895200
2002-12-26,23.041330337524414,43.71500015258789,44.119998931884766,43.560001373291016,43.775001525878906,3321400
2002-12-27,22.809406280517578,43.275001525878906,43.78499984741211,43.10499954223633,43.46500015258789,3341800
2002-12-30,22.690813064575195,43.04999923706055,43.73500061035156,43.0,43.07500076293945,6905800
2002-12-31,22.64864730834961,42.970001220703125,43.224998474121094,42.55500030517578,43.08000183105469,5403000
2003-01-02,23.141464233398438,43.904998779296875,43.95000076293945,43.005001068115234,43.04999923706055,6608800
2003-01-03,22.88846778869629,43.42499923706055,43.96500015258789,43.30500030517578,43.82500076293945,5519000
2003-01-06,23.149364471435547,43.91999816894531,44.01499938964844,43.48500061035156,43.54999923706055,5391600
2003-01-07,22.793596267700195,43.244998931884766,43.71500015258789,43.2400016784668,43.53499984741211,6639600
2003-01-08,22.453622817993164,42.599998474121094,43.48500061035156,42.29999923706055,43.20000076293945,10540600
2003-01-09,22.60650062561035,42.88999938964844,42.95000076293945,42.33000183105469,42.70000076293945,9138800
2003-01-10,22.698719024658203,43.064998626708984,43.220001220703125,42.57500076293945,42.88999938964844,6574400
2003-01-13,22.714540481567383,43.095001220703125,43.17499923706055,42.5,43.064998626708984,6612200
2003-01-14,22.75933074951172,43.18000030517578,43.224998474121094,42.82500076293945,42.900001525878906,5475800
2003-01-15,22.638111114501953,42.95000076293945,43.20000076293945,42.599998474121094,43.13999938964844,5112600
2003-01-16,22.89375114440918,43.435001373291016,43.5,43.08000183105469,43.1150016784668,6160800
2003-01-17,22.938549041748047,43.52000045776367,43.619998931884766,43.150001525878906,43.435001373291016,7420800
2003-01-21,22.667095184326172,43.005001068115234,43.73500061035156,43.005001068115234,43.540000915527344,8836200
2003-01-22,22.542634963989258,42.564998626708984,43.21500015258789,42.375,42.89500045776367,8654200
2003-01-23,22.62208366394043,42.71500015258789,43.06999969482422,42.369998931884766,42.375,6564600
2003-01-24,22.30167007446289,42.11000061035156,42.744998931884766,42.06999969482422,42.5,6369800
2003-01-27,21.991849899291992,41.525001525878906,42.15999984741211,41.185001373291016,42.04999923706055,9373200
2003-01-28,22.50821876525879,42.5,42.630001068115234,42.0,42.119998931884766,10753200
2003-01-29,22.52674102783203,42.53499984741211,43.0,42.0099983215332,42.375,10149600
2003-01-30,22.375818252563477,42.25,42.724998474121094,42.11000061035156,42.724998474121094,7519600
2003-01-31,22.659154891967773,42.78499984741211,42.9900016784668,42.150001525878906,42.150001525878906,7855600
2003-02-03,22.698871612548828,42.86000061035156,43.04999923706055,42.61000061035156,42.779998779296875,6086200
2003-02-04,22.74919319152832,42.95500183105469,42.994998931884766,42.26499938964844,42.57500076293945,6880800
2003-02-05,22.587665557861328,42.650001525878906,43.119998931884766,42.38999938964844,42.95500183105469,7276600
2003-02-06,22.46849250793457,42.42499923706055,42.689998626708984,42.10499954223633,42.54999923706055,7101000
2003-02-07,22.238115310668945,41.9900016784668,42.70000076293945,41.720001220703125,42.43000030517578,7616400
2003-02-10,22.473793029785156,42.435001373291016,42.505001068115234,42.0,42.17499923706055,7293400
2003-02-11,22.028928756713867,41.595001220703125,42.57500076293945,41.459999084472656,42.439998626708984,6932000
2003-02-12,22.0633487701416,41.65999984741211,41.80500030517578,41.35499954223633,41.625,5536200
2003-02-13,21.899169921875,41.349998474121094,41.64500045776367,40.775001525878906,41.54999923706055,7559000
2003-02-14,22.163965225219727,41.849998474121094,41.849998474121094,41.07500076293945,41.349998474121094,6734200
2003-02-18,22.40494728088379,42.30500030517578,42.5,41.935001373291016,41.95000076293945,6274200
2003-02-19,22.243410110473633,42.0,42.25,41.66999816894531,42.17499923706055,4471600
2003-02-20,22.0977783203125,41.724998474121094,42.099998474121094,41.529998779296875,41.95000076293945,4913400
2003-02-21,22.306964874267578,42.119998931884766,42.22999954223633,41.599998474121094,42.07500076293945,6940400
2003-02-24,21.949481964111328,41.44499969482422,41.89500045776367,41.30500030517578,41.849998474121094,6578000
2003-02-25,21.999794006347656,41.540000915527344,41.540000915527344,40.83000183105469,41.150001525878906,8055000
2003-02-26,21.859445571899414,41.275001525878906,41.57500076293945,41.125,41.45000076293945,5333000
2003-02-27,21.872690200805664,41.29999923706055,41.52000045776367,41.005001068115234,41.36000061035156,8482200
2003-02-28,21.676740646362305,40.93000030517578,41.4900016784668,40.76499938964844,41.29999923706055,7569400
2003-03-03,21.40134048461914,40.40999984741211,41.18000030517578,40.36000061035156,41.17499923706055,8203200
2003-03-04,21.155071258544922,39.94499969482422,40.56999969482422,39.880001068115234,40.5,7056800
2003-03-05,21.446352005004883,40.494998931884766,40.5,39.845001220703125,39.875,7384600
2003-03-06,21.223928451538086,40.07500076293945,40.625,40.07500076293945,40.154998779296875,7180600
2003-03-07,21.43841552734375,40.47999954223633,40.52000045776367,39.78499984741211,40.08000183105469,8288400
2003-03-10,21.12859535217285,39.89500045776367,40.3849983215332,39.849998474121094,40.380001068115234,5812600
2003-03-11,21.369571685791016,40.349998474121094,40.90999984741211,39.83000183105469,39.880001068115234,9444400
2003-03-12,21.70057487487793,40.974998474121094,41.0,40.22999954223633,40.35499954223633,7981400
2003-03-13,22.105716705322266,41.7400016784668,41.744998931884766,40.89500045776367,41.375,8667800
2003-03-14,22.084522247314453,41.70000076293945,41.97999954223633,41.404998779296875,41.845001220703125,6812000
2003-03-17,22.640613555908203,42.75,42.775001525878906,41.415000915527344,41.6150016784668,10316200
2003-03-18,22.93718910217285,43.310001373291016,43.5,42.595001220703125,42.75,11100400
2003-03-19,23.28143882751465,43.959999084472656,43.959999084472656,43.224998474121094,43.310001373291016,9287400
2003-03-20,23.302623748779297,44.0,44.28499984741211,43.630001068115234,43.755001068115234,9777800
2003-03-21,23.540943145751953,44.45000076293945,44.53499984741211,43.994998931884766,44.32500076293945,11405200
2003-03-24,23.186115264892578,43.779998779296875,44.07500076293945,43.529998779296875,44.0,7374400
2003-03-25,23.30792236328125,44.0099983215332,44.380001068115234,43.599998474121094,43.78499984741211,7367400
2003-03-26,23.390005111694336,44.165000915527344,44.44499969482422,43.94499969482422,44.01499938964844,6287800
2003-03-27,23.50916290283203,44.38999938964844,44.66999816894531,43.75,43.900001525878906,6805400
2003-03-28,23.472091674804688,44.31999969482422,44.4900016784668,43.94499969482422,44.38999938964844,5937800
2003-03-31,23.580663681030273,44.525001525878906,45.0,44.0,44.25,10082000
2003-04-01,23.705123901367188,44.7599983215332,45.0,44.35499954223633,44.525001525878906,8636000
2003-04-02,23.864015579223633,45.060001373291016,45.095001220703125,44.73500061035156,44.9900016784668,9390800
2003-04-03,23.683942794799805,44.720001220703125,45.09000015258789,44.709999084472656,45.05500030517578,6290600
2003-04-04,23.8719425201416,45.07500076293945,45.220001220703125,44.400001525878906,44.400001525878906,6480800
2003-04-07,23.675992965698242,44.70500183105469,45.54999923706055,44.65999984741211,45.20500183105469,7650600
2003-04-08,23.805753707885742,44.95000076293945,45.02000045776367,44.505001068115234,44.5099983215332,6090600
2003-04-09,23.644222259521484,44.64500045776367,45.25,44.46500015258789,44.599998474121094,6393200
2003-04-10,23.506515502929688,44.3849983215332,44.650001525878906,44.20000076293945,44.64500045776367,7076800
2003-04-11,23.620393753051758,44.599998474121094,44.834999084472656,44.45000076293945,44.57500076293945,5032400
2003-04-14,23.818986892700195,44.974998474121094,45.119998931884766,44.564998626708984,44.599998474121094,5912600
2003-04-15,23.90943145751953,44.939998626708984,45.0,44.685001373291016,44.70000076293945,6803800
2003-04-16,23.701946258544922,44.54999923706055,44.935001373291016,44.375,44.845001220703125,6212400
2003-04-17,23.744508743286133,44.630001068115234,44.779998779296875,44.05500030517578,44.54999923706055,7153200
2003-04-21,23.78972816467285,44.71500015258789,44.915000915527344,44.55500030517578,44.775001525878906,4881800
2003-04-22,24.2419490814209,45.564998626708984,45.724998474121094,44.27000045776367,44.42499923706055,7550600
2003-04-23,24.087669372558594,45.275001525878906,45.60499954223633,45.17499923706055,45.439998626708984,5952000
2003-04-24,23.90676498413086,44.935001373291016,44.95000076293945,44.54999923706055,44.599998474121094,6371600
2003-04-25,23.712581634521484,44.56999969482422,44.8650016784668,44.400001525878906,44.650001525878906,4783600
2003-04-28,24.124902725219727,45.345001220703125,45.529998779296875,44.224998474121094,44.689998626708984,8444800
2003-04-29,24.16747283935547,45.42499923706055,45.5,44.849998474121094,45.29999923706055,8302000
2003-04-30,23.901460647583008,44.92499923706055,45.22999954223633,44.78499984741211,44.95500183105469,10203000
2003-05-01,23.90676498413086,44.935001373291016,45.25,44.185001373291016,45.040000915527344,5877000
2003-05-02,23.981258392333984,45.07500076293945,45.08000183105469,44.46500015258789,44.70000076293945,6295400
2003-05-05,23.978607177734375,45.06999969482422,45.224998474121094,44.619998931884766,45.0,6446000
2003-05-06,23.861549377441406,44.849998474121094,45.040000915527344,44.650001525878906,44.91999816894531,5724800
2003-05-07,23.901460647583008,44.92499923706055,45.095001220703125,44.70500183105469,44.85499954223633,6413000
2003-05-08,23.707260131835938,44.560001373291016,44.849998474121094,44.45000076293945,44.57500076293945,4773800
2003-05-09,23.808351516723633,44.75,44.80500030517578,44.36000061035156,44.564998626708984,4322600
2003-05-12,23.64341926574707,44.439998626708984,44.70000076293945,44.35499954223633,44.625,5729800
2003-05-13,23.358783721923828,43.904998779296875,44.650001525878906,43.79999923706055,44.375,7996600
2003-05-14,23.56893539428711,44.29999923706055,44.345001220703125,43.849998474121094,44.244998931884766,7593600
2003-05-15,23.914762496948242,44.95000076293945,45.119998931884766,44.380001068115234,44.5,7292800
2003-05-16,24.026473999023438,45.15999984741211,45.244998931884766,44.89500045776367,44.98500061035156,7723200
2003-05-19,23.949342727661133,45.01499938964844,45.13999938964844,44.80500030517578,45.05500030517578,5701400
2003-05-20,23.76845932006836,44.67499923706055,45.0,44.349998474121094,44.98500061035156,6665400
2003-05-21,23.78972816467285,44.71500015258789,44.71500015258789,44.29999923706055,44.42499923706055,6073400
2003-05-22,23.82963752746582,44.790000915527344,44.91999816894531,44.525001525878906,44.71500015258789,5882800
2003-05-23,23.888153076171875,44.900001525878906,44.900001525878906,44.51499938964844,44.560001373291016,3808800
2003-05-27,24.236629486083984,45.55500030517578,45.595001220703125,44.810001373291016,44.900001525878906,9698800
2003-05-28,24.41486167907715,45.88999938964844,45.96500015258789,45.29999923706055,45.560001373291016,8811600
2003-05-29,24.2419490814209,45.564998626708984,46.005001068115234,45.099998474121094,45.82500076293945,6680600
2003-05-30,24.425500869750977,45.90999984741211,45.974998474121094,45.5099983215332,45.564998626708984,6601000
2003-06-02,24.292503356933594,45.65999984741211,45.974998474121094,45.400001525878906,45.915000915527344,7470200
2003-06-03,24.48668098449707,46.025001525878906,46.099998474121094,45.57500076293945,45.709999084472656,5731600
2003-06-04,24.571813583374023,46.185001373291016,46.26499938964844,45.92499923706055,46.025001525878906,7429400
2003-06-05,24.308446884155273,45.689998626708984,46.18000030517578,45.349998474121094,45.880001068115234,7045200
2003-06-06,24.154163360595703,45.400001525878906,45.709999084472656,45.154998779296875,45.599998474121094,9333400
2003-06-09,24.092988967895508,45.28499984741211,45.58000183105469,45.20000076293945,45.35499954223633,4006400
2003-06-10,24.10096549987793,45.29999923706055,45.43000030517578,45.064998626708984,45.290000915527344,4633800
2003-06-11,24.074359893798828,45.25,45.40999984741211,44.959999084472656,45.40999984741211,5809200
2003-06-12,24.159486770629883,45.40999984741211,45.5,45.099998474121094,45.474998474121094,6088000
2003-06-13,24.252599716186523,45.584999084472656,45.69499969482422,45.275001525878906,45.650001525878906,4613200
2003-06-16,24.57979393005371,46.20000076293945,46.255001068115234,45.70000076293945,45.79999923706055,7065600
2003-06-17,24.444135665893555,45.94499969482422,46.25,45.83000183105469,46.13999938964844,5424000
2003-06-18,24.35102081298828,45.77000045776367,45.94499969482422,45.5,45.94499969482422,6584200
2003-06-19,24.0504150390625,45.20500183105469,45.845001220703125,45.025001525878906,45.75,6564000
2003-06-20,24.268550872802734,45.6150016784668,45.869998931884766,45.20500183105469,45.42499923706055,9402400
2003-06-23,24.340377807617188,45.75,45.82500076293945,45.18000030517578,45.51499938964844,6733600
2003-06-24,24.57447052001953,46.189998626708984,46.2400016784668,45.5,45.5,7510600
2003-06-25,24.124902725219727,45.345001220703125,46.185001373291016,45.314998626708984,45.9900016784668,6956400
2003-06-26,24.015840530395508,45.13999938964844,45.345001220703125,44.900001525878906,45.345001220703125,7685200
2003-06-27,23.720558166503906,44.584999084472656,45.13999938964844,44.584999084472656,45.13999938964844,5982600
2003-06-30,23.723224639892578,44.59000015258789,44.994998931884766,44.54999923706055,44.709999084472656,5176600
2003-07-01,23.930715560913086,44.97999954223633,45.290000915527344,44.3650016784668,44.52000045776367,6287800
2003-07-02,23.970617294311523,45.05500030517578,45.20000076293945,44.96500015258789,44.9900016784668,6527200
2003-07-03,23.930715560913086,44.97999954223633,45.375,44.85499954223633,45.0,3251600
2003-07-07,24.151500701904297,45.39500045776367,45.54499816894531,45.04999923706055,45.04999923706055,5947600
2003-07-08,23.967960357666016,45.04999923706055,45.345001220703125,45.0099983215332,45.224998474121094,5065000
2003-07-09,23.542325973510742,44.25,45.165000915527344,44.25,44.974998474121094,9917400
2003-07-10,23.502418518066406,44.17499923706055,44.39500045776367,43.95000076293945,44.25,9182000
2003-07-11,23.558298110961914,44.279998779296875,44.439998626708984,44.01499938964844,44.16999816894531,5693400
2003-07-14,23.499773025512695,44.16999816894531,44.35499954223633,44.119998931884766,44.29999923706055,7522800
2003-07-15,23.608842849731445,44.375,44.375,43.915000915527344,44.095001220703125,9819400
2003-07-16,23.685047149658203,44.290000915527344,44.29999923706055,43.970001220703125,44.0,7147200
2003-07-17,23.567398071289062,44.06999969482422,44.32500076293945,43.91999816894531,44.25,6093200
2003-07-18,24.011247634887695,44.900001525878906,44.900001525878906,44.29999923706055,44.46500015258789,7686400
2003-07-21,23.840126037597656,44.58000183105469,44.935001373291016,44.52000045776367,44.775001525878906,6431400
2003-07-22,23.931028366088867,44.75,44.95500183105469,44.13999938964844,44.525001525878906,6459200
2003-07-23,23.770605087280273,44.45000076293945,44.96500015258789,44.25,44.96500015258789,5859600
2003-07-24,23.591455459594727,44.1150016784668,44.93000030517578,44.099998474121094,44.584999084472656,7992000
2003-07-25,23.944416046142578,44.775001525878906,44.79499816894531,43.40999984741211,43.974998474121094,6851600
2003-07-28,23.61284637451172,44.154998779296875,44.56999969482422,43.95000076293945,44.56999969482422,6529600
2003-07-29,23.28931999206543,43.54999923706055,44.279998779296875,43.54999923706055,44.025001525878906,9215200
2003-07-30,23.46311378479004,43.875,44.04499816894531,43.60499954223633,43.95000076293945,6343200
2003-07-31,23.495195388793945,43.935001373291016,45.125,43.935001373291016,44.474998474121094,11680600
2003-08-01,23.182361602783203,43.349998474121094,44.150001525878906,43.30500030517578,44.0,9353600
2003-08-04,23.487171173095703,43.91999816894531,44.25,43.255001068115234,43.474998474121094,6811200
2003-08-05,23.40428924560547,43.76499938964844,44.29499816894531,43.709999084472656,44.125,6403800
2003-08-06,23.743864059448242,44.400001525878906,44.59000015258789,43.75,43.849998474121094,7789000
2003-08-07,23.58342742919922,44.099998474121094,44.56999969482422,44.01499938964844,44.5,6192000
2003-08-08,23.818735122680664,44.540000915527344,44.59000015258789,44.09000015258789,44.400001525878906,4080400
2003-08-11,23.829435348510742,44.560001373291016,44.79999923706055,44.375,44.52000045776367,4167800
2003-08-12,23.906978607177734,44.70500183105469,44.77000045776367,44.2400016784668,44.75,4744800
2003-08-13,23.826753616333008,44.55500030517578,44.83000183105469,44.400001525878906,44.82500076293945,5186200
2003-08-14,23.789321899414062,44.48500061035156,44.744998931884766,44.275001525878906,44.72999954223633,4918400
2003-08-15,23.829435348510742,44.560001373291016,44.75,44.349998474121094,44.67499923706055,2801400
2003-08-18,23.636917114257812,44.20000076293945,44.82500076293945,44.20000076293945,44.82500076293945,5896200
2003-08-19,23.476484298706055,43.900001525878906,44.20000076293945,43.849998474121094,44.20000076293945,9216000
2003-08-20,23.36418342590332,43.689998626708984,44.244998931884766,43.6349983215332,43.91999816894531,4824000
2003-08-21,23.182361602783203,43.349998474121094,43.970001220703125,43.275001525878906,43.689998626708984,7627400
2003-08-22,23.185028076171875,43.35499954223633,43.744998931884766,43.345001220703125,43.599998474121094,6182800
2003-08-25,23.310707092285156,43.59000015258789,43.650001525878906,43.28499984741211,43.32500076293945,5042600
2003-08-26,23.441734313964844,43.834999084472656,43.90999984741211,43.33000183105469,43.439998626708984,5460400
2003-08-27,23.329425811767578,43.625,44.125,43.57500076293945,43.57500076293945,6474200
2003-08-28,23.369537353515625,43.70000076293945,43.880001068115234,43.29499816894531,43.560001373291016,4248200
2003-08-29,23.340118408203125,43.64500045776367,43.970001220703125,43.47999954223633,43.48500061035156,4702000
2003-09-02,23.551347732543945,44.040000915527344,44.185001373291016,43.560001373291016,43.58000183105469,5752800
2003-09-03,23.743864059448242,44.400001525878906,44.54999923706055,44.005001068115234,44.04999923706055,8393600
2003-09-04,24.44710350036621,45.71500015258789,45.994998931884766,44.90999984741211,45.0,16050200
2003-09-05,24.326770782470703,45.4900016784668,45.849998474121094,45.369998931884766,45.71500015258789,7920000
2003-09-08,24.497886657714844,45.810001373291016,45.845001220703125,45.279998779296875,45.29999923706055,6526200
2003-09-09,24.372224807739258,45.57500076293945,45.775001525878906,45.5,45.54999923706055,7191600
2003-09-10,24.321420669555664,45.47999954223633,45.94499969482422,45.404998779296875,45.58000183105469,6826000
2003-09-11,24.479169845581055,45.775001525878906,45.93000030517578,45.51499938964844,45.57500076293945,5801400
2003-09-12,24.5754337310791,45.95500183105469,45.95500183105469,45.564998626708984,45.625,5939600
2003-09-15,24.529985427856445,45.869998931884766,46.20500183105469,45.724998474121094,45.73500061035156,7971800
2003-09-16,24.757253646850586,46.29499816894531,46.30500030517578,45.75,45.75,6629800
2003-09-17,24.733190536499023,46.25,46.35499954223633,46.04499816894531,46.09000015258789,4880000
2003-09-18,24.933727264404297,46.625,46.71500015258789,46.099998474121094,46.150001525878906,6795400
2003-09-19,24.77865219116211,46.334999084472656,46.689998626708984,46.13999938964844,46.625,7321600
2003-09-22,24.650320053100586,46.095001220703125,46.275001525878906,45.7599983215332,46.0,5645800
2003-09-23,24.68238067626953,46.154998779296875,46.23500061035156,45.89500045776367,46.0,4874000
2003-09-24,24.69843101501465,46.185001373291016,46.400001525878906,46.0,46.29999923706055,7606400
2003-09-25,24.642274856567383,46.08000183105469,46.3650016784668,45.97999954223633,46.185001373291016,5462800
2003-09-26,24.524642944335938,45.86000061035156,46.150001525878906,45.7599983215332,46.0,5248000
2003-09-29,24.840147018432617,46.45000076293945,46.459999084472656,45.86000061035156,45.875,6311200
2003-09-30,24.818758010864258,46.40999984741211,46.4900016784668,46.220001220703125,46.375,6964600
2003-10-01,25.128931045532227,46.9900016784668,46.9900016784668,46.40999984741211,46.40999984741211,7206600
2003-10-02,25.262622833251953,47.2400016784668,47.34000015258789,46.7599983215332,46.775001525878906,6595400
2003-10-03,25.374923706054688,47.45000076293945,47.4900016784668,47.189998626708984,47.224998474121094,8681600
2003-10-06,25.136947631835938,47.005001068115234,47.40999984741211,46.79999923706055,47.349998474121094,5058600
2003-10-07,25.428394317626953,47.54999923706055,47.54999923706055,46.85499954223633,47.005001068115234,7292800
2003-10-08,25.396320343017578,47.4900016784668,47.540000915527344,47.11000061035156,47.29999923706055,5653200
2003-10-09,25.398984909057617,47.494998931884766,47.8849983215332,47.224998474121094,47.7400016784668,6684400
2003-10-10,25.559417724609375,47.79499816894531,47.814998626708984,47.375,47.400001525878906,4112800
2003-10-13,25.535356521606445,47.75,48.07500076293945,47.58000183105469,47.75,5030600
2003-10-14,25.666362762451172,47.994998931884766,48.0,47.57500076293945,47.63999938964844,5145400
2003-10-15,25.57010269165039,47.814998626708984,47.92499923706055,47.619998931884766,47.82500076293945,5591600
2003-10-16,25.746593475341797,48.14500045776367,48.30500030517578,47.79999923706055,47.81999969482422,6024400
2003-10-17,25.72252082824707,48.099998474121094,48.494998931884766,48.005001068115234,48.25,5819600
2003-10-20,25.663700103759766,47.9900016784668,48.04999923706055,47.70500183105469,48.0,5946000
2003-10-21,25.594179153442383,47.86000061035156,48.185001373291016,47.849998474121094,48.1150016784668,3856200
2003-10-22,25.592832565307617,47.630001068115234,47.8650016784668,47.3650016784668,47.3650016784668,5464200
2003-10-23,25.563289642333984,47.57500076293945,47.73500061035156,47.380001068115234,47.630001068115234,7010800
2003-10-24,25.80776023864746,48.029998779296875,48.029998779296875,47.275001525878906,47.345001220703125,5868600
2003-10-27,26.00657081604004,48.400001525878906,48.79499816894531,47.97999954223633,48.04999923706055,8766000
2003-10-28,26.194637298583984,48.75,48.85499954223633,48.34000015258789,48.625,6378000
2003-10-29,26.130163192749023,48.630001068115234,48.845001220703125,48.5,48.75,5427600
2003-10-30,26.31017303466797,48.96500015258789,49.064998626708984,48.630001068115234,48.630001068115234,6157400
2003-10-31,26.406883239746094,49.14500045776367,49.29499816894531,48.92499923706055,48.96500015258789,7305800
2003-11-03,26.194637298583984,48.75,49.2400016784668,48.75,48.92499923706055,5128400
2003-11-04,26.154348373413086,48.67499923706055,48.904998779296875,48.54999923706055,48.75,4775200
2003-11-05,26.14360237121582,48.654998779296875,48.744998931884766,48.3849983215332,48.54999923706055,5036800
2003-11-06,26.21076202392578,48.779998779296875,48.849998474121094,48.400001525878906,48.42499923706055,5238400
2003-11-07,26.009252548217773,48.404998779296875,48.98500061035156,48.310001373291016,48.779998779296875,5508000
2003-11-10,25.791650772094727,48.0,48.54499816894531,47.82500076293945,48.349998474121094,6415000
2003-11-11,25.772838592529297,47.96500015258789,48.18000030517578,47.90999984741211,48.005001068115234,6032600
2003-11-12,26.06031036376953,48.5,48.64500045776367,47.755001068115234,47.7599983215332,5326200
2003-11-13,25.88568687438965,48.17499923706055,48.375,47.96500015258789,48.0,5220600
2003-11-14,25.71373176574707,47.85499954223633,48.2400016784668,47.65999984741211,48.03499984741211,5557600
2003-11-17,25.802391052246094,48.02000045776367,48.20000076293945,47.595001220703125,47.720001220703125,4816200
2003-11-18,25.700307846069336,47.83000183105469,48.3650016784668,47.779998779296875,48.0,5537200
2003-11-19,25.813142776489258,48.040000915527344,48.23500061035156,47.5,47.75,5226000
2003-11-20,25.633129119873047,47.70500183105469,48.10499954223633,47.70500183105469,47.900001525878906,5109600
2003-11-21,25.72715950012207,47.880001068115234,48.25,47.755001068115234,47.849998474121094,5075800
2003-11-24,25.958213806152344,48.310001373291016,48.73500061035156,47.78499984741211,47.95000076293945,6734600
2003-11-25,26.02537727355957,48.435001373291016,48.625,48.02000045776367,48.400001525878906,6662800
2003-11-26,25.759408950805664,47.939998626708984,48.529998779296875,47.90999984741211,48.525001525878906,6924600
2003-11-28,25.856122970581055,48.119998931884766,48.275001525878906,47.900001525878906,47.904998779296875,2287200
2003-12-01,26.071043014526367,48.52000045776367,48.54999923706055,48.1349983215332,48.17499923706055,4800400
2003-12-02,26.041500091552734,48.46500015258789,48.6150016784668,48.22999954223633,48.380001068115234,4961200
2003-12-03,26.009252548217773,48.404998779296875,48.54999923706055,48.09000015258789,48.32500076293945,5636200
2003-12-04,26.003890991210938,48.39500045776367,48.60499954223633,48.189998626708984,48.275001525878906,5648400
2003-12-05,25.928659439086914,48.255001068115234,48.375,48.060001373291016,48.255001068115234,3649200
2003-12-08,26.020015716552734,48.42499923706055,48.45000076293945,48.07500076293945,48.209999084472656,5138200
2003-12-09,25.944778442382812,48.28499984741211,48.46500015258789,48.15999984741211,48.42499923706055,7031200
2003-12-10,26.028072357177734,48.439998626708984,48.48500061035156,48.154998779296875,48.23500061035156,4145800
2003-12-11,25.791650772094727,48.0,48.439998626708984,47.810001373291016,48.439998626708984,7739000
2003-12-12,26.011953353881836,48.40999984741211,48.57500076293945,47.89500045776367,47.994998931884766,7281000
2003-12-15,26.28061866760254,48.90999984741211,49.25,48.560001373291016,48.560001373291016,8778200
2003-12-16,26.50360107421875,49.32500076293945,49.42499923706055,48.959999084472656,49.349998474121094,9431800
2003-12-17,26.43105697631836,49.189998626708984,49.36000061035156,48.97999954223633,49.31999969482422,6468600
2003-12-18,26.680927276611328,49.654998779296875,49.66999816894531,49.099998474121094,49.25,7783000
2003-12-19,26.200002670288086,48.7599983215332,49.744998931884766,48.630001068115234,49.720001220703125,13053400
2003-12-22,26.369272232055664,49.07500076293945,49.07500076293945,48.650001525878906,48.79999923706055,4784000
2003-12-23,26.457916259765625,49.2400016784668,49.29999923706055,49.025001525878906,49.125,5391000
2003-12-24,26.420318603515625,49.16999816894531,49.290000915527344,49.025001525878906,49.07500076293945,1997200
2003-12-26,26.39345359802246,49.119998931884766,49.18000030517578,48.95500183105469,49.025001525878906,1030400
2003-12-29,26.651365280151367,49.599998474121094,49.599998474121094,49.025001525878906,49.04999923706055,4834400
2003-12-30,26.777639389038086,49.834999084472656,49.845001220703125,49.52000045776367,49.599998474121094,4461400
2003-12-31,26.834068298339844,49.939998626708984,49.96500015258789,49.73500061035156,49.73500061035156,4473800
2004-01-02,26.594940185546875,49.494998931884766,50.0,49.439998626708984,49.82500076293945,5544600
2004-01-05,26.72659683227539,49.7400016784668,49.82500076293945,49.404998779296875,49.494998931884766,6723600
2004-01-06,26.592260360717773,49.4900016784668,49.56999969482422,49.34000015258789,49.40999984741211,5560800
2004-01-07,26.355838775634766,49.04999923706055,49.334999084472656,48.88999938964844,49.25,7057000
2004-01-08,26.6325626373291,49.564998626708984,49.970001220703125,49.314998626708984,49.89500045776367,9246200
2004-01-09,26.769575119018555,49.81999969482422,50.0099983215332,49.439998626708984,49.439998626708984,9342200
2004-01-12,26.933467864990234,50.125,50.13999938964844,49.70000076293945,49.7400016784668,8234000
2004-01-13,26.78570556640625,49.849998474121094,50.150001525878906,49.625,50.0099983215332,6653600
2004-01-14,26.874347686767578,50.01499938964844,50.244998931884766,49.845001220703125,49.875,6104200
2004-01-15,26.73465919494629,49.755001068115234,50.084999084472656,49.66999816894531,49.95500183105469,5900600
2004-01-16,26.597625732421875,49.5,49.98500061035156,49.310001373291016,49.98500061035156,8270600
2004-01-20,26.50897979736328,49.334999084472656,49.599998474121094,49.130001068115234,49.20000076293945,6735400
2004-01-21,26.761329650878906,49.57500076293945,49.58000183105469,49.07500076293945,49.099998474121094,7182400
2004-01-22,26.782922744750977,49.6150016784668,49.79999923706055,49.125,49.125,5299000
2004-01-23,26.54811668395996,49.18000030517578,49.744998931884766,48.970001220703125,49.7400016784668,6215800
2004-01-26,26.944875717163086,49.915000915527344,49.9900016784668,48.974998474121094,48.974998474121094,5901200
2004-01-27,26.769447326660156,49.59000015258789,49.90999984741211,49.54999923706055,49.775001525878906,5445000
2004-01-28,26.618282318115234,49.310001373291016,49.974998474121094,49.05500030517578,49.59000015258789,6993000
2004-01-29,27.260677337646484,50.5,50.55500030517578,49.345001220703125,49.400001525878906,11204200
2004-01-30,27.28225326538086,50.540000915527344,50.70500183105469,50.25,50.25,8466000
2004-02-02,27.44420623779297,50.84000015258789,50.96500015258789,50.404998779296875,50.404998779296875,7438400
2004-02-03,27.53598976135254,51.0099983215332,51.02000045776367,50.55500030517578,50.650001525878906,6557200
2004-02-04,27.854469299316406,51.599998474121094,51.834999084472656,50.95000076293945,50.994998931884766,8633800
2004-02-05,27.716815948486328,51.345001220703125,51.78499984741211,51.19499969482422,51.334999084472656,6802000
2004-02-06,27.627748489379883,51.18000030517578,51.404998779296875,50.63999938964844,51.25,6020200
2004-02-09,27.679027557373047,51.275001525878906,51.36000061035156,50.724998474121094,50.93000030517578,5852600
2004-02-10,27.625036239624023,51.17499923706055,51.29999923706055,51.04999923706055,51.099998474121094,4276200
2004-02-11,27.854469299316406,51.599998474121094,51.654998779296875,51.0099983215332,51.09000015258789,5219800
2004-02-12,27.63583755493164,51.19499969482422,51.564998626708984,51.03499984741211,51.47999954223633,4224400
2004-02-13,27.5440616607666,51.025001525878906,51.650001525878906,50.974998474121094,51.375,3767400
2004-02-17,27.83287811279297,51.560001373291016,51.6150016784668,51.04999923706055,51.2400016784668,4502600
2004-02-18,27.786970138549805,51.474998474121094,51.744998931884766,51.41999816894531,51.709999084472656,5727600
2004-02-19,27.646642684936523,51.21500015258789,51.869998931884766,51.0,51.36000061035156,6291000
2004-02-20,27.665536880493164,51.25,51.369998931884766,51.025001525878906,51.369998931884766,6376400
2004-02-23,27.95433807373047,51.78499984741211,51.849998474121094,51.275001525878906,51.275001525878906,4842000
2004-02-24,27.471208572387695,50.88999938964844,52.0,50.625,51.7599983215332,8155400
2004-02-25,27.716815948486328,51.345001220703125,51.51499938964844,50.790000915527344,50.959999084472656,5492200
2004-02-26,27.819381713867188,51.53499984741211,51.63999938964844,51.189998626708984,51.20000076293945,5511600
2004-02-27,27.668237686157227,51.255001068115234,51.724998474121094,51.10499954223633,51.400001525878906,8121800
2004-03-01,28.032594680786133,51.93000030517578,51.93000030517578,51.060001373291016,51.290000915527344,5822000
2004-03-02,27.562965393066406,51.060001373291016,51.93000030517578,50.875,51.93000030517578,8636600
2004-03-03,27.65473175048828,51.22999954223633,51.42499923706055,50.7599983215332,50.83000183105469,6323000
2004-03-04,27.557559967041016,51.04999923706055,51.31999969482422,50.8849983215332,51.18000030517578,4731600
2004-03-05,27.46579933166504,50.880001068115234,51.400001525878906,50.54999923706055,50.92499923706055,7895600
2004-03-08,27.657428741455078,51.23500061035156,51.564998626708984,50.8650016784668,50.880001068115234,5631800
2004-03-09,27.662826538085938,51.244998931884766,51.38999938964844,50.974998474121094,51.025001525878906,5507800
2004-03-10,28.48335075378418,52.76499938964844,53.60499954223633,52.130001068115234,52.130001068115234,18925000
2004-03-11,28.056900024414062,51.974998474121094,53.04999923706055,51.974998474121094,52.650001525878906,10989600
2004-03-12,28.102781295776367,52.060001373291016,52.224998474121094,51.45500183105469,52.0,7387000
2004-03-15,27.670927047729492,51.2599983215332,52.005001068115234,51.189998626708984,51.650001525878906,7758600
2004-03-16,27.816686630249023,51.529998779296875,51.724998474121094,51.19499969482422,51.560001373291016,6721400
2004-03-17,28.129772186279297,52.11000061035156,52.32500076293945,51.525001525878906,51.54499816894531,6045200
2004-03-18,28.18645668029785,52.21500015258789,52.625,51.810001373291016,51.810001373291016,6200600
2004-03-19,28.078495025634766,52.01499938964844,52.494998931884766,52.01499938964844,52.220001220703125,7734000
2004-03-22,28.062284469604492,51.98500061035156,52.474998474121094,51.505001068115234,51.724998474121094,7327200
2004-03-23,27.89764976501465,51.68000030517578,51.9900016784668,51.224998474121094,51.224998474121094,7747400
2004-03-24,27.80587387084961,51.5099983215332,51.709999084472656,51.244998931884766,51.58000183105469,6250200
2004-03-25,28.216144561767578,52.27000045776367,52.53499984741211,51.775001525878906,51.974998474121094,5898400
2004-03-26,28.056900024414062,51.974998474121094,52.45000076293945,51.89500045776367,52.224998474121094,5383000
2004-03-29,28.307912826538086,52.439998626708984,52.45500183105469,51.92499923706055,52.150001525878906,5299600
2004-03-30,28.604816436767578,52.9900016784668,52.9900016784668,52.30500030517578,52.3849983215332,6431600
2004-03-31,28.307912826538086,52.439998626708984,52.880001068115234,52.25,52.875,7500400
2004-04-01,28.604816436767578,52.9900016784668,53.01499938964844,52.400001525878906,52.474998474121094,6393800
2004-04-02,28.63990592956543,53.05500030517578,53.30500030517578,52.85499954223633,53.17499923706055,5788200
2004-04-05,28.704668045043945,53.17499923706055,53.28499984741211,52.65999984741211,52.82500076293945,5795800
2004-04-06,28.88011932373047,53.5,53.5,52.75,52.75,4630400
2004-04-07,28.731674194335938,53.224998474121094,53.5,53.125,53.375,6257000
2004-04-08,28.718170166015625,53.20000076293945,53.59000015258789,53.01499938964844,53.349998474121094,4189400
2004-04-12,28.91248893737793,53.560001373291016,53.69499969482422,53.32500076293945,53.439998626708984,4611600
2004-04-13,28.591312408447266,52.96500015258789,53.69499969482422,52.8650016784668,53.560001373291016,7595600
2004-04-14,28.558929443359375,52.904998779296875,53.040000915527344,52.494998931884766,52.525001525878906,7354800
2004-04-15,28.642589569091797,53.060001373291016,53.380001068115234,52.85499954223633,52.9900016784668,5313000
2004-04-16,28.602123260498047,52.98500061035156,53.334999084472656,52.94499969482422,53.32500076293945,5455600
2004-04-19,28.615591049194336,53.0099983215332,53.32500076293945,52.810001373291016,53.26499938964844,5014000
2004-04-20,28.235044479370117,52.30500030517578,53.189998626708984,52.30500030517578,53.0099983215332,4959600
2004-04-21,28.080446243286133,51.77000045776367,52.27000045776367,51.77000045776367,52.05500030517578,7359800
2004-04-22,28.376060485839844,52.314998626708984,52.595001220703125,51.63999938964844,51.63999938964844,7706600
2004-04-23,28.473690032958984,52.494998931884766,52.560001373291016,52.03499984741211,52.21500015258789,4196800
2004-04-26,28.541492462158203,52.619998931884766,52.814998626708984,52.38999938964844,52.75,4065400
2004-04-27,28.647254943847656,52.814998626708984,53.150001525878906,52.525001525878906,52.625,5568000
2004-04-28,28.251298904418945,52.084999084472656,52.66999816894531,52.03499984741211,52.5,5748600
2004-04-29,28.739469528198242,52.98500061035156,53.255001068115234,52.13999938964844,52.275001525878906,7064200
2004-04-30,28.690656661987305,52.89500045776367,53.654998779296875,52.875,53.29999923706055,9758600
2004-05-03,28.961864471435547,53.39500045776367,53.39500045776367,52.58000183105469,52.73500061035156,6974400
2004-05-04,28.82897186279297,53.150001525878906,53.5,52.79499816894531,53.15999984741211,6938800
2004-05-05,28.967287063598633,53.404998779296875,53.54999923706055,53.13999938964844,53.20500183105469,5604800
2004-05-06,29.23035430908203,53.88999938964844,53.91999816894531,53.165000915527344,53.23500061035156,6762400
2004-05-07,28.942888259887695,53.36000061035156,54.42499923706055,53.35499954223633,53.75,8947800
2004-05-10,28.658117294311523,52.834999084472656,53.75,52.76499938964844,53.36000061035156,7718600
2004-05-11,28.769309997558594,53.040000915527344,53.20500183105469,52.369998931884766,53.099998474121094,7315400
2004-05-12,28.78557777404785,53.06999969482422,53.15999984741211,52.439998626708984,52.9900016784668,6926800
2004-05-13,28.560474395751953,52.654998779296875,53.244998931884766,52.42499923706055,53.07500076293945,5916200
2004-05-14,28.85879898071289,53.20500183105469,53.349998474121094,52.42499923706055,52.779998779296875,6617600
2004-05-17,28.82353973388672,53.13999938964844,53.57500076293945,52.904998779296875,52.939998626708984,6971200
2004-05-18,28.763872146606445,53.029998779296875,53.25,52.80500030517578,53.10499954223633,6523600
2004-05-19,28.606590270996094,52.7400016784668,53.19499969482422,52.73500061035156,53.03499984741211,5216400
2004-05-20,28.934728622436523,53.345001220703125,53.525001525878906,52.55500030517578,52.55500030517578,5441000
2004-05-21,28.994403839111328,53.45500183105469,54.08000183105469,53.30500030517578,53.42499923706055,7756600
2004-05-24,28.793703079223633,53.084999084472656,53.724998474121094,53.01499938964844,53.459999084472656,5733600
2004-05-25,29.224939346313477,53.880001068115234,53.974998474121094,52.97999954223633,52.97999954223633,6074400
2004-05-26,29.18153953552246,53.79999923706055,53.994998931884766,53.505001068115234,53.505001068115234,5645800
2004-05-27,29.44731330871582,54.290000915527344,54.375,53.814998626708984,53.8650016784668,6077200
2004-05-28,29.241209030151367,53.90999984741211,54.2400016784668,53.88999938964844,54.14500045776367,3929000
2004-06-01,29.45273208618164,54.29999923706055,54.375,53.755001068115234,53.755001068115234,5139600
2004-06-02,29.509700775146484,54.404998779296875,54.57500076293945,54.29999923706055,54.42499923706055,5459600
2004-06-03,29.276456832885742,53.974998474121094,54.584999084472656,53.974998474121094,54.349998474121094,4222000
2004-06-04,29.254762649536133,53.935001373291016,54.244998931884766,53.80500030517578,54.23500061035156,4417800
2004-06-07,29.696821212768555,54.75,54.75,53.98500061035156,54.130001068115234,4417000
2004-06-08,29.91107749938965,55.14500045776367,55.150001525878906,54.665000915527344,54.67499923706055,6085600
2004-06-09,30.038541793823242,55.380001068115234,55.47999954223633,55.0,55.025001525878906,5200200
2004-06-10,29.973438262939453,55.2599983215332,55.380001068115234,54.880001068115234,55.380001068115234,6059400
2004-06-14,29.9788875579834,55.27000045776367,55.29999923706055,55.0,55.0,4845200
2004-06-15,30.11448097229004,55.52000045776367,55.79499816894531,55.224998474121094,55.29999923706055,6736400
2004-06-16,30.152446746826172,55.59000015258789,55.68000030517578,55.42499923706055,55.5,3609000
2004-06-17,29.932771682739258,55.185001373291016,55.63999938964844,55.185001373291016,55.584999084472656,5650200
2004-06-18,29.883956909179688,55.095001220703125,55.744998931884766,54.97999954223633,55.189998626708984,20318200
2004-06-21,30.103620529174805,55.5,56.040000915527344,55.06999969482422,55.09000015258789,6349600
2004-06-22,30.320589065551758,55.900001525878906,56.34000015258789,55.54999923706055,56.34000015258789,6559000
2004-06-23,30.353126525878906,55.959999084472656,56.099998474121094,55.459999084472656,56.04999923706055,5268600
2004-06-24,29.989721298217773,55.290000915527344,55.83000183105469,55.2599983215332,55.709999084472656,5925300
2004-06-25,29.696821212768555,54.75,55.40999984741211,54.29999923706055,55.380001068115234,9440900
2004-06-28,29.615468978881836,54.599998474121094,55.18000030517578,54.290000915527344,55.15999984741211,6285600
2004-06-29,29.751054763793945,54.849998474121094,55.04999923706055,54.43000030517578,54.45000076293945,4690400
2004-06-30,29.5286808013916,54.439998626708984,54.849998474121094,54.220001220703125,54.779998779296875,6478800
2004-07-01,29.425621032714844,54.25,54.849998474121094,54.0,54.560001373291016,6696900
2004-07-02,29.468994140625,54.33000183105469,54.59000015258789,54.0,54.279998779296875,4263200
2004-07-06,29.371368408203125,54.150001525878906,54.75,54.040000915527344,54.2599983215332,5243300
2004-07-07,29.517818450927734,54.41999816894531,54.61000061035156,54.099998474121094,54.150001525878906,4357900
2004-07-08,29.588340759277344,54.54999923706055,55.08000183105469,54.369998931884766,54.45000076293945,5239600
2004-07-09,29.680561065673828,54.720001220703125,54.900001525878906,54.459999084472656,54.459999084472656,4057700
2004-07-12,29.767335891723633,54.880001068115234,55.02000045776367,54.369998931884766,54.790000915527344,4926100
2004-07-13,29.778179168701172,54.900001525878906,54.939998626708984,54.560001373291016,54.560001373291016,3521800
2004-07-14,29.875822067260742,55.08000183105469,55.20000076293945,54.56999969482422,54.58000183105469,4814500
2004-07-15,29.83784294128418,55.0099983215332,55.349998474121094,54.95000076293945,55.08000183105469,5542500
2004-07-16,29.88667106628418,55.099998474121094,55.58000183105469,55.0099983215332,55.52000045776367,5550300
2004-07-19,29.65884780883789,54.68000030517578,55.5,54.599998474121094,55.5,4469000
2004-07-20,29.56121826171875,54.5,54.970001220703125,54.2599983215332,54.88999938964844,5096200
2004-07-21,29.010862350463867,53.2400016784668,54.470001220703125,53.099998474121094,54.400001525878906,7142000
2004-07-22,29.087154388427734,53.380001068115234,53.77000045776367,53.029998779296875,53.20000076293945,4550200
2004-07-23,28.602191925048828,52.4900016784668,55.970001220703125,52.0099983215332,55.970001220703125,6157400
2004-07-26,28.945486068725586,53.119998931884766,53.150001525878906,52.2400016784668,52.619998931884766,4931000
2004-07-27,29.36505126953125,53.88999938964844,53.88999938964844,53.040000915527344,53.119998931884766,5077900
2004-07-28,29.119848251342773,53.439998626708984,53.54999923706055,52.619998931884766,53.04999923706055,6307700
2004-07-29,28.836502075195312,52.91999816894531,53.38999938964844,52.5,53.380001068115234,4913700
2004-07-30,28.41691780090332,52.150001525878906,52.9900016784668,51.5,52.779998779296875,7447700
2004-08-02,29.06536102294922,53.34000015258789,54.099998474121094,52.68000030517578,52.7599983215332,6872400
2004-08-03,29.239730834960938,53.65999984741211,54.16999816894531,52.9900016784668,53.0,5613500
2004-08-04,29.45769691467285,54.060001373291016,54.380001068115234,53.529998779296875,53.61000061035156,5130900
2004-08-05,28.961824417114258,53.150001525878906,54.13999938964844,53.13999938964844,53.93000030517578,3842900
2004-08-06,28.8746395111084,52.9900016784668,53.540000915527344,52.61000061035156,53.0,4930400
2004-08-09,28.929140090942383,53.09000015258789,53.459999084472656,52.77000045776367,53.099998474121094,3424800
2004-08-10,29.533971786499023,54.20000076293945,54.20000076293945,53.0099983215332,53.040000915527344,4646100
2004-08-11,29.79009437561035,54.66999816894531,54.66999816894531,53.79999923706055,54.18000030517578,6866300
2004-08-12,29.58302116394043,54.290000915527344,54.790000915527344,54.290000915527344,54.43000030517578,4684100
2004-08-13,29.6756534576416,54.459999084472656,54.77000045776367,54.119998931884766,54.5,3852700
2004-08-16,29.953548431396484,54.970001220703125,54.97999954223633,54.20000076293945,54.709999084472656,4768000
2004-08-17,29.882719039916992,54.84000015258789,54.9900016784668,54.470001220703125,54.970001220703125,4866000
2004-08-18,30.078882217407227,55.20000076293945,55.25,54.68000030517578,54.75,4670700
2004-08-19,29.686552047729492,54.47999954223633,55.060001373291016,54.290000915527344,55.0,4282600
2004-08-20,29.88815689086914,54.849998474121094,54.88999938964844,54.09000015258789,54.380001068115234,3938500
2004-08-23,29.83367156982422,54.75,55.04999923706055,54.709999084472656,54.7599983215332,2614500
2004-08-24,29.942655563354492,54.95000076293945,55.02000045776367,54.65999984741211,54.70000076293945,3445900
2004-08-25,30.133377075195312,55.29999923706055,55.43000030517578,54.77000045776367,54.95000076293945,3547300
2004-08-26,30.351337432861328,55.70000076293945,55.79999923706055,55.33000183105469,55.5,3220200
2004-08-27,30.503917694091797,55.97999954223633,56.0,55.5,55.599998474121094,3364800
2004-08-30,30.247802734375,55.5099983215332,56.09000015258789,55.5,55.70000076293945,2796300
2004-08-31,30.49846839904785,55.970001220703125,55.970001220703125,55.220001220703125,55.5,3277900
2004-09-01,30.623798370361328,56.20000076293945,56.209999084472656,55.4900016784668,55.970001220703125,3832100
2004-09-02,30.781818389892578,56.4900016784668,56.540000915527344,55.88999938964844,56.16999816894531,2742700
2004-09-03,30.81450653076172,56.54999923706055,56.900001525878906,56.4900016784668,56.599998474121094,3567800
2004-09-07,30.86899185180664,56.650001525878906,56.900001525878906,56.310001373291016,56.349998474121094,3656500
2004-09-08,30.912586212158203,56.72999954223633,56.900001525878906,56.20000076293945,56.54999923706055,4507500
2004-09-09,30.56385040283203,56.09000015258789,56.66999816894531,55.93000030517578,56.61000061035156,5241500
2004-09-10,30.612890243530273,56.18000030517578,56.220001220703125,55.619998931884766,56.04999923706055,3656200
2004-09-13,30.661928176879883,56.27000045776367,56.34000015258789,55.70000076293945,56.189998626708984,4293600
2004-09-14,30.86899185180664,56.650001525878906,56.86000061035156,56.209999084472656,56.47999954223633,3989700
2004-09-15,30.678279876708984,56.29999923706055,56.72999954223633,56.29999923706055,56.54999923706055,3681800
2004-09-16,30.465768814086914,55.90999984741211,56.040000915527344,55.68000030517578,55.849998474121094,3769400
2004-09-17,30.656482696533203,56.2599983215332,56.95000076293945,55.86000061035156,56.189998626708984,8028400
2004-09-20,29.632055282592773,54.380001068115234,55.720001220703125,54.2400016784668,55.61000061035156,10802600
2004-09-21,29.904510498046875,54.880001068115234,54.90999984741211,53.81999969482422,54.349998474121094,7669000
2004-09-22,29.588468551635742,54.29999923706055,54.650001525878906,54.06999969482422,54.29999923706055,5887600
2004-09-23,29.577564239501953,54.279998779296875,54.52000045776367,54.150001525878906,54.290000915527344,4787500
2004-09-24,29.46858024597168,54.08000183105469,54.400001525878906,53.83000183105469,53.959999084472656,5702700
2004-09-27,29.223379135131836,53.630001068115234,54.150001525878906,53.599998474121094,53.91999816894531,5009600
2004-09-28,29.299659729003906,53.77000045776367,53.81999969482422,53.27000045776367,53.75,4890600
2004-09-29,29.6756534576416,54.459999084472656,54.47999954223633,53.369998931884766,53.54999923706055,7213600
2004-09-30,29.49038314819336,54.119998931884766,54.720001220703125,53.880001068115234,54.08000183105469,6556400
2004-10-01,29.784626007080078,54.65999984741211,54.66999816894531,54.150001525878906,54.349998474121094,4841700
2004-10-04,29.615707397460938,54.349998474121094,54.900001525878906,54.29999923706055,54.7400016784668,5697400
2004-10-05,29.56667137145996,54.2599983215332,54.36000061035156,54.02000045776367,54.20000076293945,3869500
2004-10-06,29.588468551635742,54.29999923706055,54.369998931884766,54.0,54.2599983215332,4372300
2004-10-07,29.228824615478516,53.63999938964844,54.400001525878906,53.599998474121094,54.349998474121094,3844700
2004-10-08,29.12529182434082,53.45000076293945,54.02000045776367,53.220001220703125,53.41999816894531,5804700
2004-10-11,29.245176315307617,53.66999816894531,53.900001525878906,53.099998474121094,53.45000076293945,3895100
2004-10-12,29.168872833251953,53.529998779296875,53.97999954223633,53.400001525878906,53.400001525878906,4792600
2004-10-13,28.8909854888916,53.02000045776367,53.540000915527344,52.77000045776367,53.5,4949800
2004-10-14,28.863739013671875,52.970001220703125,53.220001220703125,52.84000015258789,52.849998474121094,3913500
2004-10-15,29.25607681274414,53.689998626708984,54.380001068115234,53.470001220703125,53.540000915527344,5136600
2004-10-18,29.239730834960938,53.65999984741211,53.790000915527344,53.25,53.61000061035156,4807600
2004-10-19,28.880084991455078,53.0,53.95000076293945,53.0,53.65999984741211,3933900
2004-10-20,29.32354164123535,53.560001373291016,53.56999969482422,52.77000045776367,52.79999923706055,4315100
2004-10-21,29.356416702270508,53.619998931884766,53.97999954223633,52.88999938964844,53.310001373291016,4638100
2004-10-22,29.044334411621094,53.04999923706055,53.81999969482422,53.0,53.70000076293945,3577500
2004-10-25,28.650150299072266,52.33000183105469,53.0099983215332,52.20000076293945,53.0,5176700
2004-10-26,29.131946563720703,53.209999084472656,53.209999084472656,51.529998779296875,51.849998474121094,8732300
2004-10-27,28.349018096923828,51.779998779296875,52.75,50.810001373291016,52.25,15659900
2004-10-28,28.09171485900879,51.310001373291016,52.5,50.529998779296875,52.5,14623700
2004-10-29,28.020532608032227,51.18000030517578,51.5099983215332,51.0,51.0,8496100
2004-11-01,27.921981811523438,51.0,51.47999954223633,50.849998474121094,51.25,7285200
2004-11-02,27.905550003051758,50.970001220703125,51.150001525878906,50.790000915527344,51.0,8559400
2004-11-03,28.392820358276367,51.86000061035156,51.95000076293945,51.220001220703125,51.95000076293945,6472800
2004-11-04,29.120967864990234,53.189998626708984,53.27000045776367,51.83000183105469,52.0,7271300
2004-11-05,29.301666259765625,53.52000045776367,53.88999938964844,53.189998626708984,53.38999938964844,5918500
2004-11-08,29.175729751586914,53.290000915527344,53.52000045776367,52.88999938964844,53.52000045776367,5415700
2004-11-09,28.891029357910156,52.77000045776367,53.63999938964844,52.70000076293945,53.38999938964844,5673000
2004-11-10,29.016958236694336,53.0,53.56999969482422,52.79999923706055,52.849998474121094,5087400
2004-11-11,29.56446075439453,54.0,54.16999816894531,53.22999954223633,53.380001068115234,5025600
2004-11-12,29.8929443359375,54.599998474121094,54.7599983215332,53.90999984741211,54.0099983215332,5692900
2004-11-15,29.827247619628906,54.47999954223633,54.81999969482422,54.06999969482422,54.599998474121094,5108200
2004-11-16,29.756065368652344,54.349998474121094,54.650001525878906,54.220001220703125,54.5,4340400
2004-11-17,29.832731246948242,54.4900016784668,54.7400016784668,54.16999816894531,54.47999954223633,4369100
2004-11-18,29.986011505126953,54.77000045776367,54.95000076293945,54.22999954223633,54.380001068115234,3825200
2004-11-19,29.73964500427246,54.31999969482422,54.95000076293945,54.040000915527344,54.779998779296875,4902200
2004-11-22,29.816299438476562,54.459999084472656,54.58000183105469,54.02000045776367,54.08000183105469,4004600
2004-11-23,29.597305297851562,54.060001373291016,54.5099983215332,53.75,54.459999084472656,4242900
2004-11-24,29.53160285949707,53.939998626708984,54.290000915527344,53.77000045776367,54.150001525878906,3257100
2004-11-26,29.36734962463379,53.63999938964844,54.04999923706055,53.63999938964844,53.95000076293945,1609800
2004-11-29,29.61918830871582,54.099998474121094,54.439998626708984,53.52000045776367,53.970001220703125,5204200
2004-11-30,29.279756546020508,53.47999954223633,54.20000076293945,53.47999954223633,54.02000045776367,5176500
2004-12-01,29.9257869720459,54.65999984741211,54.790000915527344,53.54999923706055,53.560001373291016,6519600
2004-12-02,30.56087875366211,55.81999969482422,55.81999969482422,54.150001525878906,54.349998474121094,7404700
2004-12-03,30.325458526611328,55.38999938964844,55.41999816894531,54.95000076293945,55.0,6512000
2004-12-06,29.728696823120117,54.29999923706055,55.2599983215332,54.040000915527344,55.099998474121094,5014300
2004-12-07,29.58634376525879,54.040000915527344,54.65999984741211,54.040000915527344,54.209999084472656,5386200
2004-12-08,30.128366470336914,55.029998779296875,55.029998779296875,54.02000045776367,54.119998931884766,6878200
2004-12-09,30.867481231689453,56.380001068115234,56.47999954223633,55.0099983215332,55.06999969482422,9406500
2004-12-10,30.900318145751953,56.439998626708984,57.400001525878906,55.52000045776367,57.400001525878906,5080100
2004-12-13,30.927703857421875,56.4900016784668,56.689998626708984,56.099998474121094,56.439998626708984,4471200
2004-12-14,30.927703857421875,56.4900016784668,56.54999923706055,55.75,56.27000045776367,4430800
2004-12-15,30.725128173828125,56.119998931884766,56.29999923706055,55.61000061035156,56.18000030517578,5477500
2004-12-16,30.714187622070312,56.099998474121094,56.400001525878906,55.63999938964844,55.900001525878906,4829900
2004-12-17,30.35284996032715,55.439998626708984,56.54999923706055,55.349998474121094,55.95000076293945,9267200
2004-12-20,30.434959411621094,55.59000015258789,56.2400016784668,55.349998474121094,55.70000076293945,4372600
2004-12-21,30.697755813598633,56.06999969482422,56.13999938964844,55.470001220703125,55.56999969482422,4614000
2004-12-22,30.615617752075195,55.91999816894531,56.09000015258789,55.349998474121094,55.650001525878906,4592900
2004-12-23,30.434959411621094,55.59000015258789,56.09000015258789,55.5,55.900001525878906,2868100
2004-12-27,30.33094024658203,55.400001525878906,55.959999084472656,55.36000061035156,55.79999923706055,3311800
2004-12-28,30.35284996032715,55.439998626708984,55.689998626708984,55.279998779296875,55.5,3866900
2004-12-29,30.24333953857422,55.2400016784668,55.349998474121094,55.0099983215332,55.29999923706055,3511900
2004-12-30,30.358318328857422,55.45000076293945,55.66999816894531,55.04999923706055,55.099998474121094,2769500
2004-12-31,30.155742645263672,55.08000183105469,55.5,55.040000915527344,55.5,3228500
2005-01-03,30.215967178344727,55.189998626708984,55.75,55.099998474121094,55.650001525878906,4858000
2005-01-04,29.83819007873535,54.5,55.47999954223633,54.4900016784668,55.119998931884766,5547400
2005-01-05,30.150257110595703,55.06999969482422,55.88999938964844,55.0,55.279998779296875,7277200
2005-01-06,30.298078536987305,55.34000015258789,55.540000915527344,54.65999984741211,54.81999969482422,5261200
2005-01-07,30.615617752075195,55.91999816894531,56.150001525878906,55.02000045776367,55.150001525878906,6250500
2005-01-10,30.856517791748047,56.36000061035156,56.56999969482422,55.88999938964844,56.02000045776367,5802500
2005-01-11,30.82367515563965,56.29999923706055,56.63999938964844,55.84000015258789,55.91999816894531,5557200
2005-01-12,30.938644409179688,56.5099983215332,56.58000183105469,55.779998779296875,56.2599983215332,5784100
2005-01-13,30.402103424072266,55.529998779296875,56.25,55.34000015258789,56.0,5222100
2005-01-14,30.59372329711914,55.880001068115234,55.97999954223633,55.43000030517578,55.5,4318000
2005-01-18,30.653953552246094,55.9900016784668,56.040000915527344,53.29999923706055,55.47999954223633,5519300
2005-01-19,31.170909881591797,56.68000030517578,56.849998474121094,55.7599983215332,55.84000015258789,7833600
2005-01-20,31.181900024414062,56.70000076293945,57.040000915527344,56.279998779296875,56.29999923706055,6108000
2005-01-21,30.604448318481445,55.650001525878906,56.529998779296875,55.349998474121094,56.43000030517578,6018800
2005-01-24,30.36249351501465,55.209999084472656,55.54999923706055,54.33000183105469,54.900001525878906,7494600
2005-01-25,30.648454666137695,55.72999954223633,55.91999816894531,55.20000076293945,55.20000076293945,5719800
2005-01-26,30.488981246948242,55.439998626708984,56.18000030517578,55.439998626708984,55.709999084472656,6182400
2005-01-27,30.422983169555664,55.31999969482422,55.54999923706055,54.72999954223633,55.04999923706055,5277800
2005-01-28,29.77953338623047,54.150001525878906,54.369998931884766,52.13999938964844,52.150001525878906,53824300
2005-01-31,29.27358627319336,53.22999954223633,54.52000045776367,52.9900016784668,54.5,19821300
2005-02-01,29.07561492919922,52.869998931884766,53.45000076293945,52.689998626708984,53.45000076293945,13982700
2005-02-02,29.367094039916992,53.400001525878906,53.599998474121094,52.9900016784668,53.0099983215332,13125100
2005-02-03,29.279102325439453,53.2400016784668,53.439998626708984,53.09000015258789,53.34000015258789,13414900
2005-02-04,28.93813133239746,52.619998931884766,53.2400016784668,52.34000015258789,53.22999954223633,11129100
2005-02-07,28.88863182067871,52.529998779296875,52.9900016784668,52.349998474121094,52.619998931884766,10555200
2005-02-08,28.586151123046875,51.97999954223633,52.540000915527344,51.75,52.529998779296875,14104800
2005-02-09,28.327688217163086,51.5099983215332,52.09000015258789,51.5099983215332,52.0,10631100
2005-02-10,28.388174057006836,51.619998931884766,51.88999938964844,51.15999984741211,51.689998626708984,13224600
2005-02-11,28.679651260375977,52.150001525878906,52.279998779296875,51.560001373291016,51.70000076293945,10350400
2005-02-14,28.98212242126465,52.70000076293945,52.81999969482422,52.33000183105469,52.40999984741211,13729800
2005-02-15,29.41108512878418,53.47999954223633,53.619998931884766,52.709999084472656,52.88999938964844,9685600
2005-02-16,29.317590713500977,53.310001373291016,53.4900016784668,53.150001525878906,53.4900016784668,9472800
2005-02-17,29.32859992980957,53.33000183105469,53.459999084472656,53.09000015258789,53.290000915527344,6178600
2005-02-18,29.42207145690918,53.5,53.91999816894531,53.220001220703125,53.33000183105469,9532100
2005-02-22,28.734647750854492,52.25,53.33000183105469,52.25,53.150001525878906,9229900
2005-02-23,29.416576385498047,53.4900016784668,53.720001220703125,52.88999938964844,53.150001525878906,8675400
2005-02-24,29.603561401367188,53.83000183105469,53.900001525878906,53.4900016784668,53.599998474121094,10081800
2005-02-25,29.80153465270996,54.189998626708984,54.189998626708984,53.7599983215332,53.83000183105469,6687300
2005-02-28,29.196603775024414,53.09000015258789,54.20000076293945,53.0,54.189998626708984,8728400
2005-03-01,29.427568435668945,53.5099983215332,53.54999923706055,53.09000015258789,53.09000015258789,7072500
2005-03-02,29.471569061279297,53.59000015258789,53.790000915527344,53.25,53.2599983215332,5047300
2005-03-03,29.41108512878418,53.47999954223633,53.84000015258789,53.349998474121094,53.779998779296875,6376300
2005-03-04,29.614566802978516,53.849998474121094,54.0,53.68000030517578,53.869998931884766,4552200
2005-03-07,29.532073974609375,53.70000076293945,53.97999954223633,53.68000030517578,53.97999954223633,4415800
2005-03-08,29.339584350585938,53.349998474121094,53.7599983215332,53.29999923706055,53.70000076293945,4997300
2005-03-09,29.1471004486084,53.0,53.5,52.79999923706055,53.349998474121094,5101000
2005-03-10,29.29559898376465,53.27000045776367,53.86000061035156,52.88999938964844,53.040000915527344,6955600
2005-03-11,28.877634048461914,52.5099983215332,53.439998626708984,52.47999954223633,53.290000915527344,6055900
2005-03-14,29.284603118896484,53.25,53.25,52.529998779296875,52.810001373291016,5322700
2005-03-15,29.103105545043945,52.91999816894531,53.439998626708984,52.91999816894531,53.349998474121094,4682700
2005-03-16,29.042627334594727,52.810001373291016,53.29999923706055,52.599998474121094,52.900001525878906,5249500
2005-03-17,29.009626388549805,52.75,53.0,52.41999816894531,52.650001525878906,5243300
2005-03-18,29.367094039916992,53.400001525878906,53.5,52.70000076293945,53.09000015258789,11337100
2005-03-21,29.004119873046875,52.7400016784668,53.599998474121094,52.599998474121094,53.54999923706055,5185200
2005-03-22,28.624650955200195,52.04999923706055,52.790000915527344,51.9900016784668,52.7400016784668,7259600
2005-03-23,29.053617477416992,52.83000183105469,53.189998626708984,52.040000915527344,52.040000915527344,7771100
2005-03-24,28.927120208740234,52.599998474121094,53.20000076293945,52.599998474121094,53.0,5249600
2005-03-28,28.877634048461914,52.5099983215332,52.720001220703125,52.220001220703125,52.54999923706055,5758100
2005-03-29,28.520172119140625,51.86000061035156,52.40999984741211,51.86000061035156,52.400001525878906,7880900
2005-03-30,29.34508514404297,53.36000061035156,53.560001373291016,51.91999816894531,51.959999084472656,8632900
2005-03-31,29.1471004486084,53.0,53.29999923706055,52.7599983215332,53.2599983215332,5391900
2005-04-01,28.932628631591797,52.61000061035156,53.41999816894531,52.369998931884766,53.099998474121094,5349700
2005-04-04,29.64204978942871,53.900001525878906,54.0,52.91999816894531,53.18000030517578,8448400
2005-04-05,29.697053909301758,54.0,54.15999984741211,53.77000045776367,53.97999954223633,6734100
2005-04-06,29.675052642822266,53.959999084472656,54.0,53.66999816894531,54.0,4753200
2005-04-07,30.28548812866211,55.06999969482422,55.06999969482422,54.0,54.04999923706055,8071500
2005-04-08,29.972021102905273,54.5,55.060001373291016,54.5,55.04999923706055,5170700
2005-04-11,30.433975219726562,55.34000015258789,55.880001068115234,54.5,54.7599983215332,8835800
2005-04-12,30.53297996520996,55.52000045776367,55.720001220703125,54.900001525878906,55.029998779296875,6922900
2005-04-13,30.36249351501465,55.209999084472656,55.65999984741211,54.810001373291016,55.369998931884766,6967500
2005-04-14,30.246997833251953,55.0,55.599998474121094,54.97999954223633,55.279998779296875,8245500
2005-04-15,30.136999130249023,54.79999923706055,55.47999954223633,54.599998474121094,55.0,9487800
2005-04-18,30.02702522277832,54.599998474121094,54.97999954223633,54.130001068115234,54.79999923706055,7933900
2005-04-19,29.878515243530273,54.33000183105469,55.0,54.11000061035156,54.439998626708984,7818200
2005-04-20,29.513696670532227,53.38999938964844,54.15999984741211,53.25,53.959999084472656,6581000
2005-04-21,29.955923080444336,54.189998626708984,54.189998626708984,53.29999923706055,53.900001525878906,4739900
2005-04-22,29.79009437561035,53.88999938964844,54.189998626708984,53.349998474121094,54.08000183105469,5985800
2005-04-25,29.756919860839844,53.83000183105469,54.189998626708984,53.400001525878906,54.130001068115234,6022800
2005-04-26,29.502643585205078,53.369998931884766,53.869998931884766,53.369998931884766,53.65999984741211,4107500
2005-04-27,29.591075897216797,53.529998779296875,53.68000030517578,52.540000915527344,53.16999816894531,5733400
2005-04-28,29.845373153686523,53.9900016784668,55.599998474121094,53.7400016784668,53.79999923706055,15706100
2005-04-29,29.933813095092773,54.150001525878906,54.540000915527344,53.290000915527344,54.20000076293945,10352100
2005-05-02,30.293134689331055,54.79999923706055,54.97999954223633,54.0099983215332,54.150001525878906,6715600
2005-05-03,30.348405838012695,54.900001525878906,55.0,54.400001525878906,54.810001373291016,5843200
2005-05-04,30.481054306030273,55.13999938964844,55.209999084472656,54.65999984741211,54.90999984741211,5779000
2005-05-05,30.28207015991211,54.779998779296875,55.20000076293945,54.400001525878906,55.13999938964844,5177900
2005-05-06,30.26548194885254,54.75,55.29999923706055,54.59000015258789,55.0,5404500
2005-05-09,30.392635345458984,54.97999954223633,55.119998931884766,54.4900016784668,54.75,7267300
2005-05-10,30.33734893798828,54.880001068115234,55.150001525878906,54.279998779296875,54.650001525878906,5999600
2005-05-11,30.66903305053711,55.47999954223633,55.58000183105469,54.72999954223633,55.06999969482422,8441300
2005-05-12,30.646928787231445,55.439998626708984,56.0099983215332,55.400001525878906,55.599998474121094,6717600
2005-05-13,30.26548194885254,54.75,55.36000061035156,54.25,55.34000015258789,6613400
2005-05-16,30.481054306030273,55.13999938964844,55.290000915527344,54.79999923706055,54.91999816894531,6793400
2005-05-17,30.751937866210938,55.630001068115234,55.72999954223633,54.91999816894531,55.099998474121094,7712500
2005-05-18,31.17759895324707,56.400001525878906,56.400001525878906,55.650001525878906,55.72999954223633,6306500
2005-05-19,31.299211502075195,56.619998931884766,56.72999954223633,55.7599983215332,55.790000915527344,6628400
2005-05-20,31.22182273864746,56.47999954223633,56.61000061035156,56.27000045776367,56.59000015258789,5379100
2005-05-23,31.22182273864746,56.47999954223633,56.790000915527344,56.20000076293945,56.380001068115234,4650800
2005-05-24,30.95648765563965,56.0,56.45000076293945,55.7599983215332,56.31999969482422,5716300
2005-05-25,30.807222366333008,55.72999954223633,56.0,55.400001525878906,55.79999923706055,5068400
2005-05-26,30.851455688476562,55.810001373291016,56.06999969482422,55.70000076293945,55.7400016784668,5097300
2005-05-27,30.823801040649414,55.7599983215332,55.790000915527344,55.34000015258789,55.65999984741211,4389400
2005-05-31,30.486604690551758,55.150001525878906,55.63999938964844,55.130001068115234,55.41999816894531,5904000
2005-06-01,31.022825241088867,56.119998931884766,56.15999984741211,55.0,55.0099983215332,5475100
2005-06-02,30.939910888671875,55.970001220703125,56.02000045776367,55.5099983215332,55.849998474121094,6069900
2005-06-03,30.552946090698242,55.27000045776367,55.790000915527344,55.220001220703125,55.650001525878906,4310100
2005-06-06,30.575063705444336,55.310001373291016,55.380001068115234,54.900001525878906,55.18000030517578,4657700
2005-06-07,30.652442932128906,55.45000076293945,55.959999084472656,55.400001525878906,55.540000915527344,5420600
2005-06-08,30.575063705444336,55.310001373291016,55.849998474121094,55.279998779296875,55.849998474121094,4898100
2005-06-09,30.514259338378906,55.20000076293945,55.29999923706055,54.88999938964844,55.29999923706055,4881300
2005-06-10,30.26548194885254,54.75,55.400001525878906,54.400001525878906,55.400001525878906,5514700
2005-06-13,30.022260665893555,54.310001373291016,54.88999938964844,54.130001068115234,54.40999984741211,5415800
2005-06-14,30.066490173339844,54.38999938964844,54.560001373291016,54.099998474121094,54.29999923706055,5372300
2005-06-15,30.072017669677734,54.400001525878906,54.61000061035156,54.25,54.439998626708984,6483700
2005-06-16,29.989093780517578,54.25,54.34000015258789,54.08000183105469,54.18000030517578,4733500
2005-06-17,30.08306312561035,54.41999816894531,54.880001068115234,54.380001068115234,54.79999923706055,11874400
2005-06-20,29.989093780517578,54.25,54.470001220703125,54.119998931884766,54.209999084472656,4178600
2005-06-21,30.03329849243164,54.33000183105469,54.36000061035156,54.0,54.060001373291016,5042100
2005-06-22,30.094125747680664,54.439998626708984,54.52000045776367,54.150001525878906,54.33000183105469,5628900
2005-06-23,29.662939071655273,53.65999984741211,54.310001373291016,53.56999969482422,54.279998779296875,6714700
2005-06-24,29.19860076904297,52.81999969482422,53.70000076293945,52.81999969482422,53.5,10288000
2005-06-27,29.115680694580078,52.66999816894531,53.040000915527344,52.439998626708984,52.790000915527344,6300300
2005-06-28,29.480525970458984,53.33000183105469,53.380001068115234,52.70000076293945,52.779998779296875,5955700
2005-06-29,29.55789566040039,53.470001220703125,54.06999969482422,53.099998474121094,53.33000183105469,5824800
2005-06-30,29.159900665283203,52.75,53.72999954223633,52.70000076293945,53.099998474121094,8299700
2005-07-01,29.242828369140625,52.900001525878906,53.459999084472656,52.54999923706055,53.0,6471600
2005-07-05,29.159900665283203,52.75,53.150001525878906,51.90999984741211,52.400001525878906,11411500
2005-07-06,29.021709442138672,52.5,52.790000915527344,52.47999954223633,52.68000030517578,9545000
2005-07-07,28.833749771118164,52.15999984741211,52.459999084472656,52.0,52.20000076293945,9086100
2005-07-08,29.275985717773438,52.959999084472656,53.16999816894531,52.15999984741211,52.16999816894531,7758300
2005-07-11,29.795602798461914,53.900001525878906,54.08000183105469,53.650001525878906,53.790000915527344,7252300
2005-07-12,29.817724227905273,53.939998626708984,54.47999954223633,53.900001525878906,54.220001220703125,10455600
2005-07-13,30.171504974365234,54.58000183105469,54.91999816894531,53.95000076293945,53.959999084472656,10491400
2005-07-14,30.26548194885254,54.75,55.20000076293945,54.720001220703125,54.959999084472656,10375400
2005-07-15,30.127288818359375,54.5,54.79999923706055,54.400001525878906,54.75,9808200
2005-07-18,30.19363021850586,54.619998931884766,54.900001525878906,54.310001373291016,54.5,8540300
2005-07-19,30.33734893798828,54.880001068115234,55.04999923706055,54.599998474121094,54.77000045776367,8521100
2005-07-20,30.570714950561523,55.02000045776367,55.279998779296875,54.15999984741211,54.689998626708984,7538300
2005-07-21,30.631839752197266,55.130001068115234,55.2400016784668,54.599998474121094,54.900001525878906,7590300
2005-07-22,30.55404281616211,54.9900016784668,55.16999816894531,54.75,55.0,6337900
2005-07-25,30.52627182006836,54.939998626708984,55.11000061035156,54.849998474121094,54.9900016784668,5442900
2005-07-26,30.6207218170166,55.11000061035156,55.41999816894531,54.95000076293945,55.0,6355700
2005-07-27,30.765180587768555,55.369998931884766,55.5,55.18000030517578,55.310001373291016,4983900
2005-07-28,31.01522445678711,55.81999969482422,55.97999954223633,55.20000076293945,55.25,5605800
2005-07-29,30.909643173217773,55.630001068115234,55.849998474121094,55.52000045776367,55.75,6300900
2005-08-01,30.737398147583008,55.31999969482422,55.9900016784668,54.630001068115234,55.79999923706055,10809800
2005-08-02,30.759632110595703,55.36000061035156,55.70000076293945,55.31999969482422,55.52000045776367,10497900
2005-08-03,30.559606552124023,55.0,55.380001068115234,54.59000015258789,55.36000061035156,9843700
2005-08-04,30.098432540893555,54.16999816894531,55.099998474121094,54.040000915527344,55.0,11328200
2005-08-05,30.05954360961914,54.099998474121094,54.22999954223633,53.88999938964844,54.0,8249900
2005-08-08,30.14287757873535,54.25,54.41999816894531,54.0,54.11000061035156,6290300
2005-08-09,29.970640182495117,53.939998626708984,54.29999923706055,53.619998931884766,54.29999923706055,8070900
2005-08-10,29.84284782409668,53.709999084472656,54.38999938964844,53.38999938964844,53.95000076293945,8411100
2005-08-11,29.815052032470703,53.65999984741211,53.88999938964844,53.04999923706055,53.540000915527344,9664600
2005-08-12,29.753934860229492,53.54999923706055,53.70000076293945,53.25,53.40999984741211,7422300
2005-08-15,30.10399055480957,54.18000030517578,54.43000030517578,53.470001220703125,53.54999923706055,6592300
2005-08-16,29.770612716674805,53.58000183105469,54.36000061035156,53.54999923706055,54.2400016784668,7150200
2005-08-17,29.68170166015625,53.41999816894531,53.849998474121094,53.220001220703125,53.5,7358100
2005-08-18,30.10399055480957,54.18000030517578,54.59000015258789,53.5,53.54999923706055,8655600
2005-08-19,30.304006576538086,54.540000915527344,54.77000045776367,54.150001525878906,54.369998931884766,6435000
2005-08-22,30.648496627807617,55.15999984741211,55.720001220703125,54.9900016784668,55.400001525878906,11513700
2005-08-23,30.7818660736084,55.400001525878906,55.65999984741211,55.16999816894531,55.41999816894531,7215800
2005-08-24,30.348472595214844,54.619998931884766,55.41999816894531,54.54999923706055,55.40999984741211,8321200
2005-08-25,30.559606552124023,55.0,55.060001373291016,54.599998474121094,54.880001068115234,6842000
2005-08-26,30.537372589111328,54.959999084472656,55.2400016784668,54.70000076293945,55.0,6619600
2005-08-29,30.915212631225586,55.63999938964844,55.84000015258789,54.849998474121094,54.91999816894531,11931300
2005-08-30,30.7818660736084,55.400001525878906,55.650001525878906,55.0,55.650001525878906,7833500
2005-08-31,30.826311111450195,55.47999954223633,55.720001220703125,55.189998626708984,55.400001525878906,9500700
2005-09-01,30.981891632080078,55.7599983215332,55.939998626708984,55.25,55.400001525878906,7784400
2005-09-02,31.109670639038086,55.9900016784668,56.36000061035156,55.70000076293945,55.75,6484500
2005-09-06,31.431947708129883,56.56999969482422,56.75,56.060001373291016,56.29999923706055,8132300
2005-09-07,31.259689331054688,56.2599983215332,56.5,56.20000076293945,56.5,9214000
2005-09-08,31.19858741760254,56.150001525878906,56.54999923706055,55.79999923706055,56.54999923706055,7520100
2005-09-09,31.615304946899414,56.900001525878906,57.209999084472656,56.08000183105469,56.150001525878906,7878700
2005-09-12,31.42638397216797,56.560001373291016,56.90999984741211,56.54999923706055,56.68000030517578,6401100
2005-09-13,30.859642028808594,55.540000915527344,56.310001373291016,55.4900016784668,56.29999923706055,11601300
2005-09-14,30.570714950561523,55.02000045776367,55.529998779296875,54.970001220703125,55.45000076293945,10317800
2005-09-15,30.83741569519043,55.5,55.720001220703125,55.09000015258789,55.2400016784668,7203300
2005-09-16,31.087461471557617,55.95000076293945,56.45000076293945,55.630001068115234,55.7400016784668,13634100
2005-09-19,30.870756149291992,55.560001373291016,55.900001525878906,55.2599983215332,55.7599983215332,8016000
2005-09-20,31.137470245361328,56.040000915527344,56.5,55.900001525878906,56.2400016784668,9517000
2005-09-21,31.059673309326172,55.900001525878906,56.119998931884766,55.599998474121094,55.75,10153700
2005-09-22,31.498613357543945,56.689998626708984,56.900001525878906,55.849998474121094,55.90999984741211,8766200
2005-09-23,31.526391983032227,56.7400016784668,56.939998626708984,56.099998474121094,56.5099983215332,7859500
2005-09-26,31.44304847717285,56.59000015258789,57.130001068115234,56.400001525878906,56.9900016784668,7647800
2005-09-27,31.726409912109375,57.099998474121094,57.279998779296875,56.34000015258789,56.470001220703125,7878800
2005-09-28,31.91534423828125,57.439998626708984,57.72999954223633,57.099998474121094,57.189998626708984,8143200
2005-09-29,32.30427932739258,58.13999938964844,58.16999816894531,57.279998779296875,57.349998474121094,9644100
2005-09-30,33.03771209716797,59.459999084472656,59.459999084472656,57.59000015258789,57.869998931884766,23314300
2005-10-03,32.95438003540039,59.310001373291016,59.560001373291016,59.130001068115234,59.43000030517578,15234500
2005-10-04,32.27094268798828,58.08000183105469,58.720001220703125,57.970001220703125,58.45000076293945,24592100
2005-10-05,31.73196792602539,57.11000061035156,58.0,57.02000045776367,57.79999923706055,15616400
2005-10-06,31.237468719482422,56.220001220703125,57.7599983215332,55.5,57.0,21143000
2005-10-07,31.137470245361328,56.040000915527344,56.54999923706055,55.869998931884766,56.54999923706055,12314200
2005-10-10,31.026330947875977,55.84000015258789,56.400001525878906,55.79999923706055,56.040000915527344,9164800
2005-10-11,31.12078094482422,56.0099983215332,56.369998931884766,55.900001525878906,56.0,10238300
2005-10-12,31.13189697265625,56.029998779296875,56.22999954223633,55.599998474121094,56.0099983215332,9824100
2005-10-13,31.22635269165039,56.20000076293945,56.5099983215332,55.959999084472656,55.97999954223633,8723300
2005-10-14,31.176361083984375,56.11000061035156,56.290000915527344,55.779998779296875,55.849998474121094,8307500
2005-10-17,30.99299430847168,55.779998779296875,56.11000061035156,55.400001525878906,56.02000045776367,8406200
2005-10-18,30.754072189331055,55.349998474121094,55.59000015258789,54.869998931884766,55.400001525878906,7906600
2005-10-19,31.089139938354492,55.66999816894531,55.70000076293945,54.619998931884766,54.650001525878906,9540100
2005-10-20,30.809911727905273,55.16999816894531,55.959999084472656,54.970001220703125,55.70000076293945,9112000
2005-10-21,30.6088809967041,54.810001373291016,55.349998474121094,54.810001373291016,55.16999816894531,10659000
2005-10-24,30.77082633972168,55.099998474121094,55.63999938964844,54.95000076293945,54.9900016784668,8221200
2005-10-25,31.044464111328125,55.59000015258789,55.72999954223633,55.029998779296875,55.150001525878906,7570700
2005-10-26,30.709394454956055,54.9900016784668,55.75,54.959999084472656,55.59000015258789,7442600
2005-10-27,30.726150512695312,55.02000045776367,55.29999923706055,54.880001068115234,55.0,7090300
2005-10-28,31.228750228881836,55.91999816894531,56.2400016784668,55.150001525878906,55.47999954223633,8200400
2005-10-31,31.267847061157227,55.9900016784668,56.380001068115234,55.65999984741211,55.66999816894531,10998100
2005-11-01,30.854597091674805,55.25,56.720001220703125,55.25,56.5,10760400
2005-11-02,31.077974319458008,55.650001525878906,55.70000076293945,54.959999084472656,55.0,10583100
2005-11-03,31.251096725463867,55.959999084472656,56.11000061035156,55.75,55.900001525878906,8328300
2005-11-04,31.228750228881836,55.91999816894531,56.29999923706055,55.75,56.20000076293945,6064700
2005-11-07,31.03887367248535,55.58000183105469,55.810001373291016,55.13999938964844,55.52000045776367,7611700
2005-11-08,31.11148452758789,55.709999084472656,55.88999938964844,55.34000015258789,55.369998931884766,6447900
2005-11-09,31.27344512939453,56.0,56.33000183105469,55.75,55.880001068115234,6076000
2005-11-10,31.48004913330078,56.369998931884766,56.560001373291016,55.91999816894531,56.0,7645800
2005-11-11,31.48004913330078,56.369998931884766,56.70000076293945,56.2599983215332,56.40999984741211,7528500
2005-11-14,31.228750228881836,55.91999816894531,56.5099983215332,55.709999084472656,56.29999923706055,9706700
2005-11-15,31.27344512939453,56.0,56.119998931884766,55.91999816894531,55.970001220703125,9658100
2005-11-16,31.60851287841797,56.599998474121094,56.849998474121094,56.13999938964844,56.18000030517578,9982900
2005-11-17,31.9156436920166,57.150001525878906,57.43000030517578,56.599998474121094,56.849998474121094,8009400
2005-11-18,32.08320236206055,57.45000076293945,57.65999984741211,57.02000045776367,57.650001525878906,11973800
2005-11-21,32.18930435180664,57.63999938964844,57.75,57.16999816894531,57.20000076293945,5644200
2005-11-22,31.910079956054688,57.13999938964844,57.59000015258789,56.91999816894531,57.59000015258789,6840700
2005-11-23,31.837478637695312,57.0099983215332,57.0099983215332,56.349998474121094,56.9900016784668,8448500
2005-11-25,31.98826026916504,57.279998779296875,57.630001068115234,57.16999816894531,57.20000076293945,2326800
2005-11-28,31.893312454223633,57.11000061035156,57.36000061035156,56.720001220703125,56.849998474121094,5787100
2005-11-29,32.21164321899414,57.68000030517578,57.970001220703125,57.349998474121094,57.36000061035156,6821700
2005-11-30,31.9379940032959,57.189998626708984,58.040000915527344,57.15999984741211,57.790000915527344,8624300
2005-12-01,32.18930435180664,57.63999938964844,58.0,57.31999969482422,57.36000061035156,6894300
2005-12-02,32.03293228149414,57.36000061035156,57.720001220703125,57.209999084472656,57.29999923706055,15060900
2005-12-05,32.072017669677734,57.43000030517578,57.599998474121094,57.119998931884766,57.119998931884766,6158800
2005-12-06,32.06085205078125,57.40999984741211,57.81999969482422,57.34000015258789,57.400001525878906,6015500
2005-12-07,31.854223251342773,57.040000915527344,57.65999984741211,56.79999923706055,57.5,6839200
2005-12-08,31.837478637695312,57.0099983215332,57.5,56.70000076293945,57.0,5414200
2005-12-09,32.01618194580078,57.33000183105469,57.5,57.04999923706055,57.04999923706055,5284000
2005-12-12,31.781635284423828,56.90999984741211,57.540000915527344,56.81999969482422,57.29999923706055,6006100
2005-12-13,32.675167083740234,58.5099983215332,58.75,57.20000076293945,57.20000076293945,10104900
2005-12-14,33.2950439453125,59.619998931884766,59.70000076293945,58.279998779296875,58.4900016784668,9403200
2005-12-15,32.9432258605957,58.9900016784668,59.130001068115234,58.0,59.04999923706055,10429500
2005-12-16,32.45176315307617,58.11000061035156,59.45000076293945,57.5,59.189998626708984,18585300
2005-12-19,32.697486877441406,58.54999923706055,58.84000015258789,57.7599983215332,58.13999938964844,7045500
2005-12-20,32.507606506347656,58.209999084472656,58.689998626708984,57.75,58.0,5440300
2005-12-21,32.68073654174805,58.52000045776367,58.790000915527344,58.25,58.25,6078300
2005-12-22,32.825931549072266,58.779998779296875,58.779998779296875,58.25,58.27000045776367,5800000
2005-12-23,32.881771087646484,58.880001068115234,59.189998626708984,58.16999816894531,58.810001373291016,3913000
2005-12-27,32.725406646728516,58.599998474121094,58.95000076293945,58.45000076293945,58.65999984741211,4744800
2005-12-28,32.69191360473633,58.540000915527344,58.79999923706055,58.36000061035156,58.59000015258789,5663000
2005-12-29,32.624900817871094,58.41999816894531,58.650001525878906,58.119998931884766,58.43000030517578,4008000
2005-12-30,32.32333755493164,57.880001068115234,58.560001373291016,57.880001068115234,58.150001525878906,5928600
2006-01-03,32.825931549072266,58.779998779296875,58.86000061035156,57.689998626708984,58.29999923706055,9741500
2006-01-04,32.88736343383789,58.88999938964844,59.119998931884766,58.560001373291016,58.79999923706055,6746400
2006-01-05,32.781253814697266,58.70000076293945,59.06999969482422,58.61000061035156,58.70000076293945,8936100
2006-01-06,32.74775314331055,58.63999938964844,58.79999923706055,58.47999954223633,58.7400016784668,8825800
2006-01-09,32.993473052978516,59.08000183105469,59.09000015258789,58.45000076293945,58.45000076293945,7715700
2006-01-10,32.86502456665039,58.849998474121094,58.900001525878906,58.56999969482422,58.88999938964844,8552900
2006-01-11,32.98231506347656,59.060001373291016,59.06999969482422,58.599998474121094,58.939998626708984,8790500
2006-01-12,32.61931610107422,58.40999984741211,59.0,58.400001525878906,58.97999954223633,6612800
2006-01-13,32.89296340942383,58.900001525878906,58.91999816894531,58.38999938964844,58.40999984741211,7146800
2006-01-17,32.75333786010742,58.650001525878906,58.86000061035156,58.41999816894531,58.45000076293945,5299200
2006-01-18,32.921661376953125,58.66999816894531,58.75,58.369998931884766,58.5,6689500
2006-01-19,32.8318977355957,58.5099983215332,58.880001068115234,58.0,58.0,8067300
2006-01-20,32.45594787597656,57.84000015258789,58.560001373291016,57.790000915527344,58.5099983215332,10491600
2006-01-23,32.34371566772461,57.63999938964844,58.2599983215332,57.63999938964844,57.84000015258789,9437700
2006-01-24,32.472774505615234,57.869998931884766,58.15999984741211,57.290000915527344,58.0,8163500
2006-01-25,32.8094482421875,58.470001220703125,58.470001220703125,57.83000183105469,58.099998474121094,8932300
2006-01-26,33.00584030151367,58.81999969482422,59.0,58.59000015258789,58.75,7007000
2006-01-27,33.5220947265625,59.7400016784668,59.79999923706055,59.04999923706055,59.400001525878906,11747900
2006-01-30,33.18541717529297,59.13999938964844,59.70000076293945,58.95000076293945,59.130001068115234,7909700
2006-01-31,33.23591613769531,59.22999954223633,59.349998474121094,58.88999938964844,58.95000076293945,10347500
2006-02-01,33.566986083984375,59.81999969482422,60.02000045776367,59.060001373291016,59.099998474121094,10834600
2006-02-02,33.47159194946289,59.650001525878906,60.150001525878906,59.63999938964844,59.7400016784668,9759100
2006-02-03,33.48843002319336,59.68000030517578,60.04999923706055,59.31999969482422,59.38999938964844,7815900
2006-02-06,33.55014419555664,59.790000915527344,59.900001525878906,59.099998474121094,59.58000183105469,4998800
2006-02-07,33.286407470703125,59.31999969482422,59.810001373291016,59.11000061035156,59.470001220703125,6403600
2006-02-08,33.370582580566406,59.470001220703125,59.79999923706055,59.22999954223633,59.400001525878906,6775700
2006-02-09,33.45475769042969,59.619998931884766,59.849998474121094,59.31999969482422,59.459999084472656,6242200
2006-02-10,33.499656677246094,59.70000076293945,59.790000915527344,59.459999084472656,59.630001068115234,5804900
2006-02-13,33.35375213623047,59.439998626708984,59.66999816894531,59.27000045776367,59.58000183105469,5198600
2006-02-14,33.57819747924805,59.84000015258789,60.0,59.47999954223633,59.54999923706055,7923000
2006-02-15,33.72972106933594,60.11000061035156,60.25,59.709999084472656,59.75,8575200
2006-02-16,34.077613830566406,60.72999954223633,60.83000183105469,60.0099983215332,60.02000045776367,6998200
2006-02-17,34.229122161865234,61.0,61.029998779296875,60.41999816894531,60.59000015258789,9137500
2006-02-21,34.161781311035156,60.880001068115234,61.0,60.689998626708984,60.880001068115234,6770600
2006-02-22,34.7565803527832,61.939998626708984,62.0,60.97999954223633,61.0,8974000
2006-02-23,34.498470306396484,61.47999954223633,62.09000015258789,61.38999938964844,61.849998474121094,7110800
2006-02-24,34.50968933105469,61.5,61.72999954223633,61.060001373291016,61.31999969482422,5610800
2006-02-27,34.42551803588867,61.349998474121094,61.88999938964844,61.349998474121094,61.68000030517578,6723100
2006-02-28,33.628719329833984,59.93000030517578,61.209999084472656,59.849998474121094,61.0,14458000
2006-03-01,33.72972106933594,60.11000061035156,60.459999084472656,60.02000045776367,60.11000061035156,9155200
2006-03-02,33.41547775268555,59.54999923706055,60.02000045776367,59.36000061035156,59.9900016784668,10876800
2006-03-03,33.482818603515625,59.66999816894531,60.15999984741211,59.29999923706055,59.29999923706055,7797900
2006-03-06,33.482818603515625,59.66999816894531,59.959999084472656,59.5,59.54999923706055,4553300
2006-03-07,33.8363037109375,60.29999923706055,60.560001373291016,59.41999816894531,59.560001373291016,7366400
2006-03-08,34.26839065551758,61.06999969482422,61.33000183105469,60.22999954223633,60.25,8680200
2006-03-09,34.453556060791016,61.400001525878906,62.0,61.099998474121094,61.5,7114000
2006-03-10,34.93053436279297,62.25,62.439998626708984,61.45000076293945,61.45000076293945,8506900
2006-03-13,34.77903747558594,61.97999954223633,62.5,61.79999923706055,62.11000061035156,5956100
2006-03-14,33.67359161376953,60.0099983215332,60.68000030517578,59.599998474121094,60.09000015258789,18234500
2006-03-15,33.61186599731445,59.900001525878906,60.5099983215332,59.77000045776367,60.5099983215332,9813600
2006-03-16,33.32568359375,59.38999938964844,59.86000061035156,59.0,59.79999923706055,12489800
2006-03-17,33.162967681884766,59.099998474121094,59.400001525878906,58.849998474121094,59.38999938964844,17418000
2006-03-20,33.207847595214844,59.18000030517578,59.380001068115234,58.709999084472656,59.380001068115234,7027800
2006-03-21,33.123687744140625,59.029998779296875,59.720001220703125,58.939998626708984,59.209999084472656,6909400
2006-03-22,33.381797790527344,59.4900016784668,59.599998474121094,58.70000076293945,58.70000076293945,5849700
2006-03-23,32.910465240478516,58.650001525878906,59.400001525878906,58.439998626708984,59.2599983215332,9166500
2006-03-24,32.96095275878906,58.7400016784668,58.95000076293945,57.97999954223633,58.560001373291016,8870500
2006-03-27,32.708465576171875,58.290000915527344,58.619998931884766,58.2599983215332,58.380001068115234,8040400
2006-03-28,32.281986236572266,57.529998779296875,58.279998779296875,57.5,58.0,14113000
2006-03-29,32.399818420410156,57.7400016784668,57.97999954223633,57.0,57.439998626708984,12430600
2006-03-30,32.33810043334961,57.630001068115234,58.099998474121094,57.400001525878906,57.529998779296875,8419500
2006-03-31,32.33810043334961,57.630001068115234,58.29999923706055,57.58000183105469,57.630001068115234,11176100
2006-04-03,32.47838592529297,57.880001068115234,58.36000061035156,57.689998626708984,57.689998626708984,8113400
2006-04-04,32.54572677612305,58.0,58.47999954223633,57.77000045776367,57.83000183105469,8873400
2006-04-05,32.33248519897461,57.619998931884766,58.099998474121094,57.540000915527344,57.95000076293945,8926000
2006-04-06,32.26517105102539,57.5,57.91999816894531,57.2400016784668,57.56999969482422,6607300
2006-04-07,32.14169692993164,57.279998779296875,57.939998626708984,57.2599983215332,57.5,7392400
2006-04-10,32.068748474121094,57.150001525878906,57.400001525878906,56.95000076293945,57.29999923706055,7153700
2006-04-11,31.698406219482422,56.4900016784668,57.29999923706055,56.09000015258789,57.27000045776367,13443800
2006-04-12,31.659130096435547,56.41999816894531,56.5,56.279998779296875,56.29999923706055,8850500
2006-04-13,31.760128021240234,56.599998474121094,56.66999816894531,56.349998474121094,56.400001525878906,6852400
2006-04-17,31.44028091430664,56.029998779296875,56.470001220703125,55.75,56.20000076293945,13180200
2006-04-18,31.513235092163086,56.15999984741211,56.369998931884766,55.84000015258789,55.939998626708984,11186200
2006-04-19,31.637361526489258,56.06999969482422,56.08000183105469,55.06999969482422,55.68000030517578,12877800
2006-04-20,31.74457550048828,56.2599983215332,56.79999923706055,55.77000045776367,56.15999984741211,15583700
2006-04-21,31.789716720581055,56.34000015258789,56.7599983215332,55.9900016784668,56.099998474121094,12076800
2006-04-24,31.936418533325195,56.599998474121094,57.0,56.150001525878906,56.150001525878906,9313400
2006-04-25,32.314456939697266,57.27000045776367,57.52000045776367,56.630001068115234,56.900001525878906,22369200
2006-04-26,32.73200225830078,58.0099983215332,58.060001373291016,57.47999954223633,57.560001373291016,15869100
2006-04-27,32.94078063964844,58.380001068115234,58.72999954223633,57.7599983215332,57.79999923706055,8826800
2006-04-28,32.8448600769043,58.209999084472656,58.470001220703125,58.0,58.29999923706055,8917700
2006-05-01,32.658653259277344,57.880001068115234,58.66999816894531,57.7599983215332,58.43000030517578,7304700
2006-05-02,32.78844451904297,58.11000061035156,58.34000015258789,57.43000030517578,57.65999984741211,8489300
2006-05-03,31.722009658813477,56.220001220703125,56.4900016784668,55.18000030517578,56.25,28760000
2006-05-04,31.51888084411621,55.86000061035156,56.689998626708984,55.599998474121094,56.22999954223633,15422400
2006-05-05,31.445537567138672,55.72999954223633,56.2400016784668,55.650001525878906,56.2400016784668,13405200
2006-05-08,31.789716720581055,56.34000015258789,56.599998474121094,55.41999816894531,56.0099983215332,14653300
2006-05-09,31.879995346069336,56.5,56.66999816894531,56.16999816894531,56.36000061035156,11459800
2006-05-10,31.789716720581055,56.34000015258789,56.7400016784668,56.25,56.689998626708984,9617500
2006-05-11,31.400375366210938,55.650001525878906,56.650001525878906,55.5099983215332,56.650001525878906,12379000
2006-05-12,31.039257049560547,55.0099983215332,55.83000183105469,55.0099983215332,55.79999923706055,13888800
2006-05-15,31.355249404907227,55.56999969482422,55.70000076293945,54.04999923706055,54.689998626708984,11531400
2006-05-16,31.620439529418945,56.040000915527344,56.2599983215332,55.52000045776367,55.599998474121094,11485100
2006-05-17,31.219820022583008,55.33000183105469,55.91999816894531,55.25,55.560001373291016,10081100
2006-05-18,30.971559524536133,54.88999938964844,55.529998779296875,54.880001068115234,55.20000076293945,7772400
2006-05-19,30.55401039123535,54.150001525878906,55.0,53.75,54.9900016784668,16266300
2006-05-22,30.62735366821289,54.279998779296875,54.4900016784668,53.95000076293945,53.959999084472656,9208200
2006-05-23,30.745849609375,54.4900016784668,54.9900016784668,54.060001373291016,54.310001373291016,9505900
2006-05-24,30.932058334350586,54.81999969482422,55.13999938964844,54.189998626708984,54.560001373291016,9998700
2006-05-25,31.180339813232422,55.2599983215332,55.279998779296875,54.86000061035156,55.130001068115234,8082600
2006-05-26,31.106964111328125,55.130001068115234,55.29999923706055,54.709999084472656,55.20000076293945,6442600
2006-05-30,30.68379783630371,54.380001068115234,55.02000045776367,54.33000183105469,54.779998779296875,6971000
2006-05-31,30.610441207885742,54.25,54.689998626708984,54.0,54.58000183105469,11624100
2006-06-01,30.74020004272461,54.47999954223633,54.5099983215332,54.029998779296875,54.349998474121094,6941200
2006-06-02,30.441171646118164,53.95000076293945,54.54999923706055,53.79999923706055,54.369998931884766,8577600
2006-06-05,30.00670051574707,53.18000030517578,54.040000915527344,53.06999969482422,53.79999923706055,7945800
2006-06-06,30.113893508911133,53.369998931884766,53.5,52.75,53.11000061035156,9189300
2006-06-07,30.04055404663086,53.2400016784668,54.130001068115234,53.15999984741211,53.599998474121094,8439600
2006-06-08,30.886917114257812,54.7400016784668,55.099998474121094,53.29999923706055,53.5,15081400
2006-06-09,30.723283767700195,54.45000076293945,55.0,54.11000061035156,54.52000045776367,7723700
2006-06-12,30.644289016723633,54.310001373291016,54.91999816894531,54.15999984741211,54.56999969482422,5924200
2006-06-13,30.542715072631836,54.130001068115234,55.25,54.099998474121094,54.31999969482422,10410600
2006-06-14,30.937711715698242,54.83000183105469,54.93000030517578,53.790000915527344,54.0,8757100
2006-06-15,30.96590805053711,54.880001068115234,55.09000015258789,53.970001220703125,54.970001220703125,8548000
2006-06-16,31.044918060302734,55.02000045776367,55.20000076293945,54.83000183105469,54.88999938964844,10789100
2006-06-19,30.960268020629883,54.869998931884766,56.0,54.70000076293945,55.97999954223633,11238100
2006-06-20,31.36088752746582,55.58000183105469,55.84000015258789,54.86000061035156,55.22999954223633,11377800
2006-06-21,31.496299743652344,55.81999969482422,56.189998626708984,55.459999084472656,55.52000045776367,8701300
2006-06-22,31.513227462768555,55.849998474121094,55.91999816894531,55.52000045776367,55.630001068115234,6121900
2006-06-23,31.445537567138672,55.72999954223633,56.15999984741211,55.5,55.560001373291016,6917400
2006-06-26,31.592233657836914,55.9900016784668,56.0,55.2599983215332,55.7400016784668,5617900
2006-06-27,31.45680809020996,55.75,56.0,55.20000076293945,55.25,7336400
2006-06-28,31.46809959411621,55.77000045776367,56.02000045776367,55.5,55.75,6487900
2006-06-29,32.156490325927734,56.9900016784668,57.0,55.81999969482422,56.2400016784668,10318500
2006-06-30,31.372169494628906,55.599998474121094,57.189998626708984,55.599998474121094,57.0,21154000
2006-07-03,31.767148971557617,56.29999923706055,56.40999984741211,56.02000045776367,56.02000045776367,4592900
2006-07-05,31.558382034301758,55.93000030517578,56.13999938964844,55.650001525878906,55.70000076293945,9146100
2006-07-06,31.851781845092773,56.45000076293945,56.75,55.939998626708984,55.970001220703125,7215400
2006-07-07,31.879995346069336,56.5,56.75,56.25,56.45000076293945,6834500
2006-07-10,32.15082931518555,56.97999954223633,57.130001068115234,56.43000030517578,56.43000030517578,6776600
2006-07-11,32.30317687988281,57.25,57.34000015258789,56.779998779296875,56.779998779296875,6104000
2006-07-12,31.942058563232422,56.61000061035156,57.33000183105469,56.5099983215332,57.25,7060100
2006-07-13,31.902563095092773,56.540000915527344,56.790000915527344,56.400001525878906,56.61000061035156,9209400
2006-07-14,31.406021118164062,55.65999984741211,56.36000061035156,55.25,56.290000915527344,8959100
2006-07-17,31.496299743652344,55.81999969482422,56.16999816894531,55.54999923706055,55.630001068115234,6167300
2006-07-18,31.49066734313965,55.810001373291016,55.91999816894531,55.29999923706055,55.650001525878906,7123000
2006-07-19,32.13749694824219,56.63999938964844,56.849998474121094,55.5,55.79999923706055,7938400
2006-07-20,32.1204833984375,56.61000061035156,56.9900016784668,56.18000030517578,56.40999984741211,5748200
2006-07-21,31.814075469970703,56.06999969482422,56.97999954223633,55.91999816894531,56.849998474121094,8014400
2006-07-24,32.285011291503906,56.900001525878906,56.9900016784668,56.150001525878906,56.349998474121094,4482400
2006-07-25,32.273677825927734,56.880001068115234,57.25,56.220001220703125,56.599998474121094,6701600
2006-07-26,32.15452194213867,56.66999816894531,56.77000045776367,56.310001373291016,56.650001525878906,7223500
2006-07-27,32.02402114868164,56.439998626708984,56.9900016784668,56.400001525878906,56.849998474121094,5572500
2006-07-28,32.23395919799805,56.810001373291016,57.22999954223633,56.65999984741211,56.869998931884766,5886700
2006-07-31,31.887845993041992,56.20000076293945,56.65999984741211,56.06999969482422,56.40999984741211,7569000
2006-08-01,31.734643936157227,55.93000030517578,56.06999969482422,55.70000076293945,56.0,5850700
2006-08-02,33.07371139526367,58.290000915527344,58.900001525878906,57.470001220703125,57.97999954223633,17707400
2006-08-03,33.73188781738281,59.45000076293945,59.689998626708984,58.130001068115234,58.459999084472656,12370500
2006-08-04,33.73188781738281,59.45000076293945,59.7599983215332,59.09000015258789,59.59000015258789,7888800
2006-08-07,33.70352554321289,59.400001525878906,59.470001220703125,58.84000015258789,59.13999938964844,6377400
2006-08-08,33.88508224487305,59.720001220703125,60.0,59.279998779296875,59.75,9319300
2006-08-09,33.782958984375,59.540000915527344,59.97999954223633,59.400001525878906,59.79999923706055,5617000
2006-08-10,34.19149398803711,60.2599983215332,60.290000915527344,59.58000183105469,59.599998474121094,8648900
2006-08-11,34.19149398803711,60.2599983215332,60.45000076293945,59.790000915527344,59.9900016784668,8092500
2006-08-14,33.90779113769531,59.7599983215332,60.75,59.63999938964844,60.27000045776367,8069500
2006-08-15,34.29362487792969,60.439998626708984,60.619998931884766,60.099998474121094,60.25,6944700
2006-08-16,34.28226852416992,60.41999816894531,60.560001373291016,60.22999954223633,60.380001068115234,6605100
2006-08-17,34.23689270019531,60.34000015258789,60.63999938964844,60.13999938964844,60.13999938964844,6589200
2006-08-18,34.2652587890625,60.38999938964844,60.41999816894531,59.779998779296875,60.349998474121094,6865200
2006-08-21,34.48653793334961,60.779998779296875,60.93000030517578,60.279998779296875,60.29999923706055,5296500
2006-08-22,34.63972473144531,61.04999923706055,61.18000030517578,60.709999084472656,60.720001220703125,6521600
2006-08-23,34.56597137451172,60.91999816894531,61.45000076293945,60.72999954223633,60.900001525878906,4746000
2006-08-24,34.63972473144531,61.04999923706055,61.380001068115234,60.81999969482422,60.880001068115234,5346300
2006-08-25,34.53759002685547,60.869998931884766,61.16999816894531,60.81999969482422,60.83000183105469,4492800
2006-08-28,34.60001754760742,60.97999954223633,61.220001220703125,60.220001220703125,60.41999816894531,6248600
2006-08-29,34.7248420715332,61.20000076293945,61.38999938964844,60.7599983215332,61.0,4940800
2006-08-30,35.03691101074219,61.75,62.029998779296875,61.400001525878906,61.45000076293945,8797700
2006-08-31,35.12202835083008,61.900001525878906,62.029998779296875,61.54999923706055,61.56999969482422,6514600
2006-09-01,35.12769317626953,61.90999984741211,62.09000015258789,61.75,61.9900016784668,4132300
2006-09-05,34.92909240722656,61.560001373291016,61.689998626708984,61.189998626708984,61.5,6288700
2006-09-06,34.86101150512695,61.439998626708984,61.66999816894531,61.13999938964844,61.560001373291016,4595800
2006-09-07,34.91209411621094,61.529998779296875,62.029998779296875,61.34000015258789,61.88999938964844,7174000
2006-09-08,34.6908073425293,61.13999938964844,62.34000015258789,61.099998474121094,62.34000015258789,5725900
2006-09-11,35.13337707519531,61.91999816894531,62.099998474121094,61.09000015258789,61.099998474121094,9150500
2006-09-12,35.09364318847656,61.849998474121094,62.18000030517578,61.75,61.91999816894531,5626800
2006-09-13,34.3617057800293,60.560001373291016,61.849998474121094,60.41999816894531,61.83000183105469,11058000
2006-09-14,34.48085021972656,60.77000045776367,60.970001220703125,59.83000183105469,60.04999923706055,8959100
2006-09-15,34.554630279541016,60.900001525878906,61.75,60.900001525878906,61.099998474121094,17543900
2006-09-18,34.327667236328125,60.5,60.97999954223633,60.439998626708984,60.72999954223633,6676300
2006-09-19,34.560298919677734,60.90999984741211,60.93000030517578,60.209999084472656,60.31999969482422,7318100
2006-09-20,34.96882629394531,61.630001068115234,61.779998779296875,60.7599983215332,61.099998474121094,6997800
2006-09-21,35.0312385559082,61.7400016784668,62.02000045776367,61.43000030517578,61.810001373291016,9904700
2006-09-22,35.070960998535156,61.810001373291016,62.0,61.540000915527344,61.650001525878906,6795200
2006-09-25,35.34330749511719,62.290000915527344,62.5,61.560001373291016,61.56999969482422,8142500
2006-09-26,35.451114654541016,62.47999954223633,62.650001525878906,61.90999984741211,62.029998779296875,8944100
2006-09-27,35.59296417236328,62.72999954223633,62.849998474121094,62.36000061035156,62.47999954223633,8292000
2006-09-28,35.3262825012207,62.2599983215332,62.54999923706055,61.91999816894531,62.40999984741211,9379800
2006-09-29,35.16742706298828,61.97999954223633,62.689998626708984,61.97999954223633,62.130001068115234,7232500
2006-10-02,35.20146179199219,62.040000915527344,62.310001373291016,61.88999938964844,61.9900016784668,4732100
2006-10-03,35.34899139404297,62.29999923706055,62.5,61.88999938964844,61.88999938964844,8824800
2006-10-04,35.939083099365234,63.34000015258789,63.529998779296875,62.02000045776367,62.08000183105469,15044800
2006-10-05,36.04120635986328,63.52000045776367,63.7400016784668,63.209999084472656,63.22999954223633,8244800
2006-10-06,35.79722213745117,63.09000015258789,63.310001373291016,62.720001220703125,63.150001525878906,7072300
2006-10-09,35.66105270385742,62.849998474121094,63.040000915527344,62.7400016784668,62.779998779296875,3882500
2006-10-10,35.5872917175293,62.720001220703125,62.720001220703125,62.04999923706055,62.61000061035156,7689900
2006-10-11,35.451114654541016,62.47999954223633,62.66999816894531,62.119998931884766,62.279998779296875,4826500
2006-10-12,35.41140365600586,62.40999984741211,62.869998931884766,62.31999969482422,62.56999969482422,5931800
2006-10-13,35.25251770019531,62.130001068115234,62.189998626708984,61.650001525878906,62.15999984741211,7187800
2006-10-16,35.20713424682617,62.04999923706055,62.22999954223633,61.5,61.81999969482422,5242700
2006-10-17,35.32060623168945,62.25,62.47999954223633,61.77000045776367,61.790000915527344,6684000
2006-10-18,35.69125747680664,62.59000015258789,62.83000183105469,62.0,62.150001525878906,7517900
2006-10-19,35.63995361328125,62.5,62.560001373291016,62.13999938964844,62.290000915527344,5229600
2006-10-20,35.74259948730469,62.68000030517578,62.880001068115234,62.150001525878906,62.72999954223633,8001100
2006-10-23,36.084720611572266,63.279998779296875,63.470001220703125,62.25,62.279998779296875,7354400
2006-10-24,35.85662841796875,62.880001068115234,63.16999816894531,62.66999816894531,63.0,6879500
2006-10-25,35.99919891357422,63.130001068115234,63.400001525878906,62.81999969482422,62.97999954223633,5911000
2006-10-26,36.21018981933594,63.5,63.66999816894531,62.900001525878906,63.099998474121094,6426000
2006-10-27,36.24440002441406,63.560001373291016,63.84000015258789,63.150001525878906,63.310001373291016,7173400
2006-10-30,36.3869514465332,63.810001373291016,64.0199966430664,63.45000076293945,63.56999969482422,8786600
2006-10-31,36.147457122802734,63.38999938964844,63.529998779296875,62.209999084472656,62.209999084472656,14877300
2006-11-01,35.9478874206543,63.040000915527344,63.630001068115234,62.54999923706055,63.20000076293945,8882000
2006-11-02,36.07902145385742,63.27000045776367,63.38999938964844,62.7599983215332,62.84000015258789,8152800
2006-11-03,36.15316390991211,63.400001525878906,63.4900016784668,63.099998474121094,63.27000045776367,5498300
2006-11-06,36.24440002441406,63.560001373291016,63.75,63.119998931884766,63.22999954223633,9449400
2006-11-07,36.55802917480469,64.11000061035156,64.37999725341797,63.41999816894531,63.560001373291016,7796600
2006-11-08,36.51810836791992,64.04000091552734,64.3499984741211,63.939998626708984,64.12999725341797,9745400
2006-11-09,36.381256103515625,63.79999923706055,64.0,63.189998626708984,63.86000061035156,8202400
2006-11-10,36.32422637939453,63.70000076293945,64.0,63.349998474121094,63.959999084472656,6891900
2006-11-13,36.067626953125,63.25,63.790000915527344,63.150001525878906,63.77000045776367,6033000
2006-11-14,36.039100646972656,63.20000076293945,63.38999938964844,62.7400016784668,63.18000030517578,7899400
2006-11-15,35.99349594116211,63.119998931884766,63.470001220703125,62.97999954223633,63.119998931884766,5559200
2006-11-16,36.22158432006836,63.52000045776367,63.810001373291016,63.0,63.27000045776367,4839600
2006-11-17,36.41548538208008,63.86000061035156,63.869998931884766,63.29999923706055,63.5,6249100
2006-11-20,36.31853103637695,63.689998626708984,63.970001220703125,63.630001068115234,63.900001525878906,4624800
2006-11-21,36.07331466674805,63.2599983215332,63.709999084472656,63.2599983215332,63.45000076293945,5114800
2006-11-22,36.290016174316406,63.63999938964844,63.63999938964844,63.060001373291016,63.27000045776367,4059300
2006-11-24,36.227294921875,63.529998779296875,63.7400016784668,63.400001525878906,63.63999938964844,2288000
2006-11-27,35.83382797241211,62.84000015258789,63.349998474121094,62.529998779296875,63.16999816894531,7182900
2006-11-28,35.96498107910156,63.06999969482422,63.36000061035156,62.290000915527344,62.70000076293945,7145800
2006-11-29,36.04481887817383,63.209999084472656,63.2400016784668,62.59000015258789,62.95000076293945,5767900
2006-11-30,35.8053092956543,62.790000915527344,63.2400016784668,62.529998779296875,63.040000915527344,9011900
2006-12-01,35.748287200927734,62.689998626708984,63.099998474121094,62.209999084472656,63.0099983215332,6604400
2006-12-04,36.164573669433594,63.41999816894531,63.54999923706055,62.75,63.08000183105469,7083800
2006-12-05,36.21587371826172,63.5099983215332,63.959999084472656,63.29999923706055,63.41999816894531,6025100
2006-12-06,36.381256103515625,63.79999923706055,63.810001373291016,63.290000915527344,63.56999969482422,5547900
2006-12-07,36.381256103515625,63.79999923706055,64.04000091552734,63.68000030517578,63.95000076293945,6999200
2006-12-08,36.432579040527344,63.88999938964844,64.18000030517578,63.56999969482422,63.70000076293945,4695400
2006-12-11,36.421173095703125,63.869998931884766,64.02999877929688,63.599998474121094,63.70000076293945,3858400
2006-12-12,36.32422637939453,63.70000076293945,64.05999755859375,63.45000076293945,63.91999816894531,7022300
2006-12-13,36.15316390991211,63.400001525878906,63.95000076293945,63.25,63.72999954223633,6102100
2006-12-14,36.1246452331543,63.349998474121094,63.779998779296875,63.279998779296875,63.29999923706055,5850500
2006-12-15,36.55802917480469,64.11000061035156,64.23999786376953,63.369998931884766,63.4900016784668,11542200
2006-12-18,36.586544036865234,64.16000366210938,64.2699966430664,63.650001525878906,64.0199966430664,5769300
2006-12-19,36.71769714355469,64.38999938964844,64.44999694824219,63.70000076293945,63.720001220703125,6102700
2006-12-20,36.763336181640625,64.47000122070312,64.4800033569336,64.0199966430664,64.30000305175781,4477700
2006-12-21,36.523826599121094,64.05000305175781,64.5,63.91999816894531,64.30000305175781,6066400
2006-12-22,36.381256103515625,63.79999923706055,64.25,63.75,64.2300033569336,4390700
2006-12-26,36.60365295410156,64.19000244140625,64.2699966430664,63.599998474121094,63.66999816894531,4020000
2006-12-27,36.73480987548828,64.41999816894531,64.58000183105469,64.25,64.4000015258789,5246800
2006-12-28,36.76901626586914,64.4800033569336,64.62000274658203,64.12000274658203,64.16999816894531,3901900
2006-12-29,36.649269104003906,64.2699966430664,64.7300033569336,64.0999984741211,64.36000061035156,4421700
2007-01-03,36.803226470947266,64.54000091552734,64.66000366210938,63.70000076293945,63.720001220703125,9717900
2007-01-04,36.523826599121094,64.05000305175781,64.5,63.75,64.33999633789062,8711400
2007-01-05,36.21018981933594,63.5,64.0,63.34000015258789,63.869998931884766,9907900
2007-01-08,36.290016174316406,63.63999938964844,63.779998779296875,63.22999954223633,63.59000015258789,11068200
2007-01-09,36.19877624511719,63.47999954223633,63.79999923706055,63.11000061035156,63.38999938964844,10823800
2007-01-10,36.63216018676758,64.23999786376953,64.33000183105469,63.25,63.27000045776367,8139400
2007-01-11,36.860252380371094,64.63999938964844,64.80000305175781,64.0999984741211,64.16000366210938,6593000
2007-01-12,37.0655403137207,65.0,65.0,64.4000015258789,64.4000015258789,7904200
2007-01-16,37.0655403137207,65.0,65.0,64.72000122070312,64.91000366210938,10397100
2007-01-17,37.44942855834961,65.36000061035156,65.7300033569336,64.8499984741211,65.20999908447266,11403700
2007-01-18,37.55257034301758,65.54000091552734,65.6500015258789,63.68000030517578,65.25,8679900
2007-01-19,37.8676872253418,66.08999633789062,66.30000305175781,65.54000091552734,65.69000244140625,9241500
2007-01-22,37.65571212768555,65.72000122070312,66.02999877929688,65.16000366210938,65.94999694824219,9324800
2007-01-23,37.60986328125,65.63999938964844,66.0,65.29000091552734,66.0,5763600
2007-01-24,37.53538513183594,65.51000213623047,65.73999786376953,65.0999984741211,65.55000305175781,6366500
2007-01-25,37.19731903076172,64.91999816894531,65.48999786376953,64.68000030517578,65.36000061035156,6800500
2007-01-26,37.1629524230957,64.86000061035156,65.13999938964844,64.5,65.0,6829500
2007-01-29,37.17439651489258,64.87999725341797,65.55000305175781,64.83000183105469,65.2300033569336,9458300
2007-01-30,37.00823974609375,64.58999633789062,64.79000091552734,63.68000030517578,64.41000366210938,12003400
2007-01-31,37.168678283691406,64.87000274658203,65.16000366210938,64.0999984741211,64.5,8933600
2007-02-01,37.437965393066406,65.33999633789062,65.48999786376953,64.68000030517578,64.9000015258789,8122900
2007-02-02,37.437965393066406,65.33999633789062,65.63999938964844,65.08999633789062,65.58000183105469,6379400
2007-02-05,37.3291015625,65.1500015258789,65.41999816894531,64.93000030517578,65.12000274658203,6368900
2007-02-06,37.00823974609375,64.58999633789062,65.26000213623047,64.4800033569336,65.1500015258789,8342400
2007-02-07,36.94521713256836,64.4800033569336,64.94999694824219,64.3499984741211,64.81999969482422,6747400
2007-02-08,37.00823974609375,64.58999633789062,64.75,64.0999984741211,64.11000061035156,5783700
2007-02-09,36.916561126708984,64.43000030517578,64.81999969482422,64.22000122070312,64.58999633789062,5252100
2007-02-12,36.761863708496094,64.16000366210938,64.58999633789062,64.05999755859375,64.36000061035156,8014100
2007-02-13,37.07699966430664,64.70999908447266,64.73999786376953,64.05999755859375,64.16000366210938,8843900
2007-02-14,37.17439651489258,64.87999725341797,65.06999969482422,64.62000274658203,64.8499984741211,5969000
2007-02-15,37.23743438720703,64.98999786376953,65.4000015258789,64.80000305175781,64.80000305175781,5174100
2007-02-16,37.28328323364258,65.06999969482422,65.5,64.80000305175781,64.88999938964844,8158200
2007-02-20,37.17439651489258,64.87999725341797,65.06999969482422,64.36000061035156,64.75,9201400
2007-02-21,37.065547943115234,64.69000244140625,64.98999786376953,64.31999969482422,64.75,5655600
2007-02-22,37.07699966430664,64.70999908447266,64.7300033569336,64.30999755859375,64.4800033569336,6321700
2007-02-23,37.14002990722656,64.81999969482422,64.93000030517578,64.45999908447266,64.77999877929688,5536700
2007-02-26,36.922306060791016,64.44000244140625,64.98999786376953,64.31999969482422,64.66000366210938,6545300
2007-02-27,35.09452438354492,61.25,64.7300033569336,61.25,64.30999755859375,16527200
2007-02-28,36.37798309326172,63.4900016784668,63.77000045776367,62.25,62.5,17275300
2007-03-01,36.486839294433594,63.68000030517578,64.12000274658203,62.75,62.75,11245000
2007-03-02,36.188899993896484,63.15999984741211,63.709999084472656,62.70000076293945,63.349998474121094,9275000
2007-03-05,35.976890563964844,62.790000915527344,63.599998474121094,62.65999984741211,62.84000015258789,9904800
2007-03-06,36.062835693359375,62.939998626708984,63.06999969482422,62.45000076293945,63.0,11971600
2007-03-07,35.570091247558594,62.08000183105469,63.04999923706055,62.02000045776367,62.79999923706055,10622400
2007-03-08,35.701873779296875,62.310001373291016,62.47999954223633,61.869998931884766,62.290000915527344,8996800
2007-03-09,35.61591339111328,62.15999984741211,62.70000076293945,62.0,62.400001525878906,9194400
2007-03-12,35.57579040527344,62.09000015258789,62.400001525878906,61.97999954223633,62.09000015258789,5979700
2007-03-13,35.04867935180664,61.16999816894531,62.119998931884766,61.13999938964844,61.75,11281200
2007-03-14,35.15754318237305,61.36000061035156,61.59000015258789,60.41999816894531,61.349998474121094,10522000
2007-03-15,35.472686767578125,61.90999984741211,62.04999923706055,61.25,61.560001373291016,12711000
2007-03-16,35.30080032348633,61.61000061035156,62.15999984741211,61.47999954223633,62.13999938964844,12357900
2007-03-19,35.512779235839844,61.97999954223633,62.150001525878906,61.709999084472656,61.720001220703125,5646600
2007-03-20,35.68467330932617,62.279998779296875,62.34000015258789,61.79999923706055,61.97999954223633,6516400
2007-03-21,36.074310302734375,62.959999084472656,63.0,62.150001525878906,62.34000015258789,8562700
2007-03-22,36.58425521850586,63.849998474121094,63.900001525878906,63.20000076293945,63.5,14690800
2007-03-23,36.55558395385742,63.79999923706055,63.97999954223633,63.45000076293945,63.529998779296875,7081600
2007-03-26,36.61290740966797,63.900001525878906,63.91999816894531,63.27000045776367,63.599998474121094,7491800
2007-03-27,36.251914978027344,63.27000045776367,63.7599983215332,63.15999984741211,63.54999923706055,8039100
2007-03-28,36.10295486450195,63.0099983215332,63.47999954223633,62.65999984741211,63.47999954223633,7296800
2007-03-29,36.246177673339844,63.2599983215332,63.5,62.900001525878906,63.4900016784668,5366300
2007-03-30,36.188899993896484,63.15999984741211,63.400001525878906,62.0,63.11000061035156,8527800
2007-04-02,36.108673095703125,63.02000045776367,63.349998474121094,62.650001525878906,63.220001220703125,6484000
2007-04-03,36.039920806884766,62.900001525878906,63.439998626708984,62.7400016784668,63.220001220703125,11410000
2007-04-04,36.12587356567383,63.04999923706055,63.25,62.849998474121094,63.099998474121094,9728200
2007-04-05,36.09720993041992,63.0,63.18000030517578,62.810001373291016,62.810001373291016,6453000
2007-04-09,36.246177673339844,63.2599983215332,63.400001525878906,62.81999969482422,63.029998779296875,7690700
2007-04-10,36.217529296875,63.209999084472656,63.540000915527344,63.11000061035156,63.2400016784668,6554400
2007-04-11,36.12012481689453,63.040000915527344,63.220001220703125,62.75,63.209999084472656,9100200
2007-04-12,36.395172119140625,63.52000045776367,63.59000015258789,62.900001525878906,63.029998779296875,7570100
2007-04-13,36.314945220947266,63.380001068115234,63.52000045776367,63.13999938964844,63.52000045776367,6548000
2007-04-16,36.515499114990234,63.72999954223633,63.79999923706055,63.290000915527344,63.5,8574400
2007-04-17,36.61290740966797,63.900001525878906,64.08000183105469,63.529998779296875,63.58000183105469,12344700
2007-04-18,36.532676696777344,63.7599983215332,63.900001525878906,63.38999938964844,63.650001525878906,8303800
2007-04-19,36.452457427978516,63.619998931884766,64.19000244140625,63.5,63.77000045776367,8840500
2007-04-20,36.55558395385742,63.79999923706055,64.0,63.4900016784668,63.9900016784668,18753200
2007-04-23,36.45818328857422,63.630001068115234,64.0,63.54999923706055,63.79999923706055,6754000
2007-04-24,36.515499114990234,63.72999954223633,63.7400016784668,62.77000045776367,63.47999954223633,10107400
2007-04-25,36.6019172668457,63.529998779296875,63.75,63.33000183105469,63.349998474121094,7323400
2007-04-26,36.290802001953125,62.9900016784668,63.47999954223633,62.91999816894531,63.2599983215332,9165200
2007-04-27,36.285030364990234,62.97999954223633,63.209999084472656,62.61000061035156,62.90999984741211,9744800
2007-04-30,37.103153228759766,64.4000015258789,64.75,63.349998474121094,63.36000061035156,19243300
2007-05-01,36.273521423339844,62.959999084472656,63.25,62.630001068115234,63.209999084472656,18845800
2007-05-02,35.933589935302734,62.369998931884766,63.209999084472656,62.310001373291016,63.209999084472656,19498800
2007-05-03,35.720428466796875,62.0,62.70000076293945,61.84000015258789,62.630001068115234,17770600
2007-05-04,35.95663833618164,62.40999984741211,62.470001220703125,61.75,62.25,12431700
2007-05-07,35.82413101196289,62.18000030517578,62.790000915527344,62.0,62.61000061035156,12124700
2007-05-08,35.576385498046875,61.75,61.970001220703125,61.5,61.83000183105469,16578900
2007-05-09,35.72618865966797,62.0099983215332,62.27000045776367,61.41999816894531,61.5,10520000
2007-05-10,35.426597595214844,61.4900016784668,62.04999923706055,61.040000915527344,62.0099983215332,14107600
2007-05-11,35.518768310546875,61.650001525878906,61.849998474121094,61.41999816894531,61.66999816894531,8479000
2007-05-14,35.55910873413086,61.720001220703125,61.900001525878906,61.560001373291016,61.75,8754800
2007-05-15,35.760746002197266,62.06999969482422,62.88999938964844,61.720001220703125,61.720001220703125,14855900
2007-05-16,36.48091125488281,63.31999969482422,63.61000061035156,62.11000061035156,62.29999923706055,15809800
2007-05-17,36.509735107421875,63.369998931884766,63.59000015258789,62.7599983215332,63.04999923706055,10088800
2007-05-18,36.57310485839844,63.47999954223633,64.43000030517578,63.25,63.5,16434000
2007-05-21,36.452125549316406,63.27000045776367,63.459999084472656,63.0099983215332,63.29999923706055,9699500
2007-05-22,36.29655075073242,63.0,63.31999969482422,62.79999923706055,63.0099983215332,9681300
2007-05-23,36.354156494140625,63.099998474121094,63.43000030517578,63.02000045776367,63.029998779296875,7685800
2007-05-24,36.221656799316406,62.869998931884766,63.400001525878906,62.83000183105469,63.36000061035156,8971500
2007-05-25,36.273521423339844,62.959999084472656,63.38999938964844,62.849998474121094,63.29999923706055,9440800
2007-05-29,36.67104721069336,63.650001525878906,63.810001373291016,62.900001525878906,62.90999984741211,9891900
2007-05-30,36.78627395629883,63.849998474121094,63.849998474121094,63.22999954223633,63.400001525878906,10316200
2007-05-31,36.613426208496094,63.54999923706055,63.91999816894531,63.31999969482422,63.75,8615300
2007-06-01,36.57310485839844,63.47999954223633,63.779998779296875,62.959999084472656,63.54999923706055,9025800
2007-06-04,36.406028747558594,63.189998626708984,63.5,62.849998474121094,63.459999084472656,11481300
2007-06-05,36.561588287353516,63.459999084472656,63.72999954223633,63.060001373291016,63.09000015258789,13480400
2007-06-06,36.406028747558594,63.189998626708984,63.599998474121094,63.16999816894531,63.349998474121094,9903700
2007-06-07,35.904781341552734,62.31999969482422,62.7599983215332,62.119998931884766,62.61000061035156,21180400
2007-06-08,36.336883544921875,63.06999969482422,63.20000076293945,62.18000030517578,62.36000061035156,15468500
2007-06-11,36.325374603271484,63.04999923706055,63.209999084472656,62.75,62.79999923706055,8119600
2007-06-12,35.81261444091797,62.15999984741211,63.0,62.15999984741211,62.70000076293945,10403400
2007-06-13,35.933589935302734,62.369998931884766,62.81999969482422,62.02000045776367,62.290000915527344,15511000
2007-06-14,35.96239471435547,62.41999816894531,62.599998474121094,62.099998474121094,62.290000915527344,11103000
2007-06-15,36.0488166809082,62.56999969482422,62.79999923706055,62.25,62.65999984741211,17155500
2007-06-18,35.587894439697266,61.77000045776367,62.5,61.720001220703125,62.5,15244900
2007-06-19,35.61671447753906,61.81999969482422,61.90999984741211,61.099998474121094,61.810001373291016,19293000
2007-06-20,35.685855865478516,61.939998626708984,62.4900016784668,61.81999969482422,61.81999969482422,18520400
2007-06-21,35.651283264160156,61.880001068115234,62.400001525878906,61.599998474121094,62.029998779296875,13153300
2007-06-22,35.16156768798828,61.029998779296875,61.970001220703125,60.9900016784668,61.880001068115234,19720000
2007-06-25,35.19037628173828,61.08000183105469,61.529998779296875,60.849998474121094,61.099998474121094,11690800
2007-06-26,35.25374221801758,61.189998626708984,61.59000015258789,60.9900016784668,61.20000076293945,14784000
2007-06-27,35.392024993896484,61.43000030517578,61.439998626708984,60.90999984741211,61.150001525878906,10475800
2007-06-28,35.3516845703125,61.36000061035156,61.79999923706055,61.04999923706055,61.599998474121094,9235900
2007-06-29,35.25374221801758,61.189998626708984,61.70000076293945,60.7599983215332,61.45000076293945,11984900
2007-07-02,35.570621490478516,61.7400016784668,61.79999923706055,61.349998474121094,61.349998474121094,9868700
2007-07-03,35.599449157714844,61.790000915527344,61.900001525878906,61.45000076293945,61.45000076293945,5091700
2007-07-05,35.5302848815918,61.66999816894531,61.93000030517578,61.400001525878906,61.93000030517578,11880600
2007-07-06,35.42082595825195,61.47999954223633,61.630001068115234,61.349998474121094,61.5,8197100
2007-07-09,35.44387435913086,61.52000045776367,61.66999816894531,61.40999984741211,61.47999954223633,12073500
2007-07-10,35.16156768798828,61.029998779296875,61.70000076293945,61.0099983215332,61.540000915527344,12677700
2007-07-11,35.466915130615234,61.560001373291016,61.66999816894531,60.88999938964844,61.060001373291016,12056600
2007-07-12,36.25623321533203,62.93000030517578,62.9900016784668,61.560001373291016,61.56999969482422,17559900
2007-07-13,36.100669860839844,62.65999984741211,63.0,62.25,62.59000015258789,12006400
2007-07-16,36.382972717285156,63.150001525878906,63.5,62.20000076293945,62.36000061035156,12873100
2007-07-17,36.1121826171875,62.68000030517578,63.459999084472656,62.68000030517578,63.040000915527344,13777400
2007-07-18,36.26282501220703,62.59000015258789,62.97999954223633,62.02000045776367,62.400001525878906,11066000
2007-07-19,36.37871170043945,62.790000915527344,63.130001068115234,62.47999954223633,62.47999954223633,8714300
2007-07-20,36.007911682128906,62.150001525878906,62.88999938964844,62.099998474121094,62.2400016784668,12207800
2007-07-23,36.69736862182617,63.34000015258789,63.709999084472656,62.290000915527344,62.290000915527344,9577000
2007-07-24,36.477203369140625,62.959999084472656,64.37999725341797,62.54999923706055,62.56999969482422,14793500
2007-07-25,36.4887809753418,62.97999954223633,63.56999969482422,62.59000015258789,62.91999816894531,13581900
2007-07-26,36.24545669555664,62.560001373291016,63.810001373291016,62.29999923706055,62.31999969482422,22062300
2007-07-27,36.396080017089844,62.81999969482422,63.40999984741211,62.29999923706055,62.349998474121094,16874600
2007-07-30,36.65680694580078,63.27000045776367,63.540000915527344,62.04999923706055,62.5099983215332,14882700
2007-07-31,35.839874267578125,61.86000061035156,63.189998626708984,61.7400016784668,63.060001373291016,15470800
2007-08-01,36.59307098388672,63.15999984741211,63.4900016784668,61.5,61.52000045776367,14824200
2007-08-02,36.67418670654297,63.29999923706055,63.59000015258789,62.63999938964844,63.04999923706055,11878500
2007-08-03,36.430850982666016,62.880001068115234,63.68000030517578,62.34000015258789,63.25,20336700
2007-08-06,37.65911102294922,65.0,65.0,62.95000076293945,63.0,18583700
2007-08-07,37.792381286621094,65.2300033569336,65.79000091552734,64.2300033569336,64.2300033569336,19227700
2007-08-08,37.75182342529297,65.16000366210938,65.75,64.5999984741211,65.3499984741211,13785200
2007-08-09,37.6417350769043,64.97000122070312,66.75,64.0,64.01000213623047,19540900
2007-08-10,37.88507080078125,65.38999938964844,65.88999938964844,64.27999877929688,64.30999755859375,17234900
2007-08-13,37.241966247558594,64.27999877929688,65.4000015258789,64.01000213623047,65.19999694824219,15379400
2007-08-14,36.91751480102539,63.720001220703125,64.44999694824219,63.52000045776367,64.2300033569336,10928800
2007-08-15,36.77847671508789,63.47999954223633,64.80000305175781,63.34000015258789,63.95000076293945,12162400
2007-08-16,37.09712219238281,64.02999877929688,64.79000091552734,62.529998779296875,62.529998779296875,22611500
2007-08-17,37.86191177368164,65.3499984741211,65.44999694824219,64.16999816894531,64.9000015258789,19957300
2007-08-20,37.66490173339844,65.01000213623047,65.80000305175781,64.72000122070312,65.1500015258789,9519000
2007-08-21,37.34625244140625,64.45999908447266,64.9800033569336,64.20999908447266,64.6500015258789,9745800
2007-08-22,37.50847625732422,64.73999786376953,65.11000061035156,64.38999938964844,64.87999725341797,9600400
2007-08-23,37.682289123535156,65.04000091552734,65.18000030517578,64.54000091552734,64.98999786376953,10711600
2007-08-24,38.19792556762695,65.93000030517578,65.94999694824219,65.0999984741211,65.30999755859375,8496800
2007-08-27,37.792381286621094,65.2300033569336,65.73999786376953,64.91000366210938,65.66999816894531,7794300
2007-08-28,37.48529815673828,64.69999694824219,65.37999725341797,64.19999694824219,65.1500015258789,10828200
2007-08-29,37.728633880615234,65.12000274658203,65.26000213623047,64.5,64.88999938964844,8875500
2007-08-30,37.66490173339844,65.01000213623047,65.30999755859375,64.51000213623047,64.80999755859375,8297200
2007-08-31,37.83871078491211,65.30999755859375,65.61000061035156,64.87999725341797,65.12999725341797,8392900
2007-09-04,37.91982650756836,65.44999694824219,65.54000091552734,64.88999938964844,65.04000091552734,8808600
2007-09-05,37.925621032714844,65.45999908447266,65.6500015258789,64.93000030517578,65.37999725341797,8978200
2007-09-06,38.30221176147461,66.11000061035156,66.27999877929688,65.08999633789062,65.13999938964844,11114600
2007-09-07,37.93142318725586,65.47000122070312,66.33000183105469,65.4000015258789,65.69000244140625,11491200
2007-09-10,38.180545806884766,65.9000015258789,66.0999984741211,65.43000030517578,65.55000305175781,8823000
2007-09-11,38.81203842163086,66.98999786376953,67.0,65.8499984741211,66.29000091552734,12452300
2007-09-12,38.99746322631836,67.30999755859375,67.4000015258789,66.54000091552734,66.9000015258789,9591100
2007-09-13,39.0843620300293,67.45999908447266,67.72000122070312,67.16000366210938,67.31999969482422,8547100
2007-09-14,39.28715896606445,67.80999755859375,67.8499984741211,66.94000244140625,67.0,8319800
2007-09-17,39.36826705932617,67.94999694824219,68.29000091552734,67.26000213623047,67.48999786376953,10281900
2007-09-18,39.79120635986328,68.68000030517578,69.06999969482422,67.88999938964844,68.29000091552734,15487900
2007-09-19,39.85493469238281,68.79000091552734,69.0,68.0999984741211,68.94999694824219,15034600
2007-09-20,39.96501922607422,68.9800033569336,69.31999969482422,68.44999694824219,68.48999786376953,9045200
2007-09-21,40.202552795410156,69.38999938964844,69.94000244140625,68.9800033569336,69.66999816894531,16085200
2007-09-24,40.44010925292969,69.80000305175781,70.0,69.0999984741211,69.31999969482422,11617600
2007-09-25,40.46907043457031,69.8499984741211,70.33999633789062,69.4000015258789,69.4000015258789,9845200
2007-09-26,40.851444244384766,70.51000213623047,70.7300033569336,69.66000366210938,69.91000366210938,10491400
2007-09-27,40.61389923095703,70.0999984741211,70.6500015258789,69.83000183105469,70.51000213623047,8618800
2007-09-28,40.752960205078125,70.33999633789062,70.48999786376953,69.91000366210938,69.94999694824219,9747600
2007-10-01,41.08320999145508,70.91000366210938,71.0,70.4000015258789,70.44000244140625,11500200
2007-10-02,40.97890090942383,70.7300033569336,71.0,70.3499984741211,70.8499984741211,9366500
2007-10-03,40.793521881103516,70.41000366210938,70.87000274658203,70.2300033569336,70.72000122070312,8697700
2007-10-04,41.03684997558594,70.83000183105469,71.06999969482422,70.19999694824219,70.19999694824219,11694600
2007-10-05,41.03684997558594,70.83000183105469,71.31999969482422,70.58000183105469,70.9000015258789,10286200
2007-10-08,40.967323303222656,70.70999908447266,70.91999816894531,70.05000305175781,70.05000305175781,6046800
2007-10-09,41.181697845458984,71.08000183105469,71.3499984741211,70.5,71.18000030517578,8256800
2007-10-10,41.367088317871094,71.4000015258789,71.75,71.12999725341797,71.1500015258789,7719800
2007-10-11,41.581451416015625,71.7699966430664,71.9800033569336,71.41000366210938,71.6500015258789,9204200
2007-10-12,41.540897369384766,71.69999694824219,72.0,71.5999984741211,71.93000030517578,8210600
2007-10-15,41.13534164428711,71.0,71.9000015258789,70.66999816894531,71.6500015258789,8233500
2007-10-16,41.03105926513672,70.81999969482422,71.55000305175781,70.54000091552734,70.9800033569336,9637700
2007-10-17,41.10091781616211,70.58999633789062,70.83999633789062,70.30000305175781,70.63999938964844,11854600
2007-10-18,41.28141784667969,70.9000015258789,71.0,70.5,70.55000305175781,8079900
2007-10-19,41.223201751708984,70.80000305175781,71.52999877929688,70.61000061035156,71.0,15979700
2007-10-22,41.37458801269531,71.05999755859375,71.12000274658203,70.51000213623047,70.5999984741211,9040800
2007-10-23,41.491024017333984,71.26000213623047,71.36000061035156,70.63999938964844,71.16999816894531,7704700
2007-10-24,41.560909271240234,71.37999725341797,71.48999786376953,70.62999725341797,71.16000366210938,10096300
2007-10-25,41.54342269897461,71.3499984741211,71.68000030517578,71.13999938964844,71.20999908447266,10406100
2007-10-26,41.77632522583008,71.75,71.76000213623047,71.12000274658203,71.5999984741211,9320000
2007-10-29,41.82291030883789,71.83000183105469,72.19000244140625,71.5999984741211,71.94999694824219,11479700
2007-10-30,40.14604568481445,68.94999694824219,69.9000015258789,67.9000015258789,69.52999877929688,25799200
2007-10-31,40.4779052734375,69.5199966430664,69.88999938964844,69.04000091552734,69.3499984741211,14144500
2007-11-01,39.93641662597656,68.58999633789062,69.8499984741211,68.58999633789062,69.22000122070312,15104800
2007-11-02,40.49538803100586,69.55000305175781,69.76000213623047,68.86000061035156,69.05000305175781,11447900
2007-11-05,40.862213134765625,70.18000030517578,70.91999816894531,69.37999725341797,69.38999938964844,12740000
2007-11-06,41.03105545043945,70.47000122070312,70.63999938964844,70.06999969482422,70.4000015258789,8733700
2007-11-07,40.419700622558594,69.41999816894531,70.9800033569336,69.2300033569336,70.44000244140625,11873500
2007-11-08,41.24649429321289,70.83999633789062,71.0199966430664,69.0999984741211,69.76000213623047,14437100
2007-11-09,41.00193405151367,70.41999816894531,71.0,70.30000305175781,70.55000305175781,11899000
2007-11-12,41.20571517944336,70.7699966430664,71.4800033569336,70.3499984741211,70.44000244140625,10793800
2007-11-13,41.67152786254883,71.56999969482422,71.76000213623047,70.7699966430664,71.26000213623047,12264600
2007-11-14,41.654052734375,71.54000091552734,72.25,71.19999694824219,71.9800033569336,11907300
2007-11-15,41.82291030883789,71.83000183105469,72.48999786376953,71.30999755859375,71.4000015258789,11440000
2007-11-16,42.614768981933594,73.19000244140625,73.25,72.1500015258789,72.45999908447266,15145900
2007-11-19,42.39932632446289,72.81999969482422,73.29000091552734,72.27999877929688,72.87000274658203,11337900
2007-11-20,42.62641525268555,73.20999908447266,73.8499984741211,72.45999908447266,72.9800033569336,12771000
2007-11-21,42.07328796386719,72.26000213623047,73.80000305175781,72.08999633789062,73.05000305175781,10381700
2007-11-23,42.422630310058594,72.86000061035156,72.91999816894531,72.30000305175781,72.87999725341797,4592500
2007-11-26,42.03251266479492,72.19000244140625,73.55000305175781,71.91999816894531,73.0,13661100
2007-11-27,42.57984161376953,73.12999725341797,73.62000274658203,72.2699966430664,72.70999908447266,13090300
2007-11-28,43.03399658203125,73.91000366210938,74.04000091552734,72.5199966430664,72.98999786376953,13638700
2007-11-29,43.17374038696289,74.1500015258789,74.30000305175781,73.3499984741211,73.81999969482422,7878900
2007-11-30,43.08637237548828,74.0,74.5999984741211,73.3499984741211,74.5999984741211,13784500
2007-12-03,42.806915283203125,73.5199966430664,74.25,73.22000122070312,74.0,9036200
2007-12-04,42.67298889160156,73.29000091552734,73.80000305175781,73.04000091552734,73.2300033569336,9185600
2007-12-05,42.97576141357422,73.80999755859375,74.08000183105469,72.91000366210938,73.6500015258789,9682600
2007-12-06,43.19120407104492,74.18000030517578,74.23999786376953,73.48999786376953,73.77999877929688,8469600
2007-12-07,43.1562614440918,74.12000274658203,74.81999969482422,74.05999755859375,74.23999786376953,7692200
2007-12-10,43.27853012084961,74.33000183105469,74.5999984741211,74.08000183105469,74.16999816894531,6521600
2007-12-11,42.99322509765625,73.83999633789062,74.91000366210938,73.76000213623047,74.58999633789062,13287400
2007-12-12,43.476497650146484,74.66999816894531,75.18000030517578,74.2300033569336,74.6500015258789,13647300
2007-12-13,43.31929397583008,74.4000015258789,75.0,74.0999984741211,74.44999694824219,10568700
2007-12-14,43.028175354003906,73.9000015258789,74.5,73.8499984741211,74.37000274658203,13648100
2007-12-17,42.64387893676758,73.23999786376953,73.94000244140625,73.08999633789062,73.7300033569336,13268800
2007-12-18,42.41098403930664,72.83999633789062,73.6500015258789,72.5199966430664,73.6500015258789,10732100
2007-12-19,42.492488861083984,72.9800033569336,73.62000274658203,72.66000366210938,72.77999877929688,8169000
2007-12-20,42.614768981933594,73.19000244140625,73.48999786376953,73.0,73.37999725341797,7362200
2007-12-21,43.13296127319336,74.08000183105469,74.33000183105469,73.33999633789062,73.41000366210938,16176800
2007-12-24,43.05145263671875,73.94000244140625,74.44000244140625,73.69999694824219,74.02999877929688,2827000
2007-12-26,43.10966873168945,74.04000091552734,74.19999694824219,73.7699966430664,73.9000015258789,6433800
2007-12-27,43.0223274230957,73.88999938964844,74.26000213623047,73.62000274658203,73.80000305175781,6901300
2007-12-28,43.231956481933594,74.25,74.48999786376953,73.81999969482422,74.05999755859375,6637900
2007-12-31,42.74868392944336,73.41999816894531,74.26000213623047,73.2300033569336,74.25,7996700
2008-01-02,42.10240173339844,72.30999755859375,73.58999633789062,71.87000274658203,73.58999633789062,12255300
2008-01-03,42.10240173339844,72.30999755859375,73.33000183105469,72.0,72.41000366210938,11162800
2008-01-04,41.93351364135742,72.0199966430664,72.98999786376953,71.69999694824219,71.69999694824219,10049000
2008-01-07,42.20718765258789,72.48999786376953,72.66999816894531,71.9000015258789,72.23999786376953,11916000
2008-01-08,42.31781768798828,72.68000030517578,73.80999755859375,72.0,72.69999694824219,17169100
2008-01-09,42.23630142211914,72.54000091552734,73.5999984741211,72.05999755859375,72.54000091552734,14875400
2008-01-10,42.20137023925781,72.4800033569336,72.8499984741211,72.06999969482422,72.06999969482422,13039700
2008-01-11,40.862213134765625,70.18000030517578,72.30000305175781,70.01000213623047,72.30000305175781,18046500
2008-01-14,40.92625427246094,70.29000091552734,70.88999938964844,70.01000213623047,70.81999969482422,13145800
2008-01-15,40.58272171020508,69.69999694824219,70.79000091552734,69.2300033569336,70.0,12660600
2008-01-16,40.284278869628906,68.83999633789062,69.95999908447266,68.7699966430664,69.25,14936800
2008-01-17,39.83367919921875,68.06999969482422,69.45999908447266,67.8499984741211,68.94999694824219,15130900
2008-01-18,39.29532241821289,67.1500015258789,68.6500015258789,66.69999694824219,68.4000015258789,17975000
2008-01-22,38.11324691772461,65.12999725341797,65.93000030517578,62.810001373291016,64.19000244140625,25636100
2008-01-23,38.762794494628906,66.23999786376953,66.5,62.7400016784668,62.7400016784668,18489400
2008-01-24,38.710113525390625,66.1500015258789,66.77999877929688,65.3499984741211,66.63999938964844,12026900
2008-01-25,38.21856689453125,65.30999755859375,66.83000183105469,65.29000091552734,66.83000183105469,13000400
2008-01-28,38.20686721801758,65.29000091552734,65.69999694824219,64.9000015258789,65.52999877929688,12868600
2008-01-29,37.84989547729492,64.68000030517578,65.5999984741211,64.6500015258789,65.56999969482422,12683500
2008-01-30,38.08982467651367,65.08999633789062,65.93000030517578,64.5999984741211,64.69999694824219,12264900
2008-01-31,38.28293991088867,65.41999816894531,65.94999694824219,63.779998779296875,63.790000915527344,19878500
2008-02-01,38.65159225463867,66.05000305175781,66.68000030517578,65.44000244140625,66.1500015258789,12166500
2008-02-04,38.710113525390625,66.1500015258789,67.0199966430664,66.1500015258789,66.55999755859375,10343000
2008-02-05,38.06056213378906,65.04000091552734,66.30999755859375,64.9800033569336,66.05999755859375,14270600
2008-02-06,38.21856689453125,65.30999755859375,65.45999908447266,64.80999755859375,65.0199966430664,13839800
2008-02-07,38.48774719238281,65.7699966430664,66.33999633789062,65.08000183105469,65.08000183105469,16197800
2008-02-08,38.048851013183594,65.0199966430664,65.75,64.8499984741211,65.55000305175781,9271000
2008-02-11,38.62235641479492,66.0,66.02999877929688,64.7300033569336,64.91000366210938,10332800
2008-02-12,39.30116271972656,67.16000366210938,67.4000015258789,66.08000183105469,66.43000030517578,11107400
2008-02-13,39.20753479003906,67.0,67.73999786376953,66.7699966430664,67.38999938964844,11051700
2008-02-14,38.991004943847656,66.62999725341797,67.44999694824219,66.26000213623047,67.13999938964844,10952100
2008-02-15,38.797908782958984,66.30000305175781,66.9000015258789,66.1500015258789,66.62999725341797,11755100
2008-02-19,38.803749084472656,66.30999755859375,66.93000030517578,66.0999984741211,66.93000030517578,10404000
2008-02-20,38.721832275390625,66.16999816894531,66.2300033569336,65.62000274658203,66.1500015258789,10843400
2008-02-21,38.59895324707031,65.95999908447266,66.33000183105469,65.79000091552734,66.2699966430664,11931400
2008-02-22,38.74521255493164,66.20999908447266,66.4000015258789,65.3499984741211,66.19000244140625,11139700
2008-02-25,39.0202751159668,66.68000030517578,67.18000030517578,66.05000305175781,66.12000274658203,11879700
2008-02-26,39.6054573059082,67.68000030517578,67.91999816894531,66.3499984741211,66.5,11259700
2008-02-27,39.330413818359375,67.20999908447266,67.63999938964844,67.01000213623047,67.13999938964844,11769800
2008-02-28,39.18997573852539,66.97000122070312,67.0999984741211,66.61000061035156,66.76000213623047,11149300
2008-02-29,38.72767639160156,66.18000030517578,66.95999908447266,66.04000091552734,66.55000305175781,14640200
2008-03-03,38.82715606689453,66.3499984741211,66.38999938964844,65.52999877929688,66.1500015258789,11568500
2008-03-04,38.65159225463867,66.05000305175781,66.25,65.52999877929688,65.94999694824219,16500300
2008-03-05,39.0319709777832,66.69999694824219,67.16000366210938,66.05000305175781,66.29000091552734,11694500
2008-03-06,38.92078399658203,66.51000213623047,66.88999938964844,66.31999969482422,66.5,9957900
2008-03-07,38.505313873291016,65.80000305175781,66.33999633789062,65.66999816894531,66.12000274658203,13753900
2008-03-10,38.481910705566406,65.76000213623047,65.91999816894531,65.58000183105469,65.75,13774100
2008-03-11,39.00857925415039,66.66000366210938,66.75,65.80999755859375,65.80999755859375,14169500
2008-03-12,39.2309455871582,67.04000091552734,67.62999725341797,66.63999938964844,66.63999938964844,9641200
2008-03-13,39.4182014465332,67.36000061035156,67.62999725341797,66.58999633789062,66.83999633789062,16206400
2008-03-14,39.05536651611328,66.73999786376953,67.70999908447266,66.0,67.70999908447266,19283500
2008-03-17,39.236785888671875,67.05000305175781,67.6500015258789,66.0,66.0,17066600
2008-03-18,40.108726501464844,68.54000091552734,68.54000091552734,67.1500015258789,67.80000305175781,14680900
2008-03-19,39.6815299987793,67.80999755859375,68.87999725341797,67.77999877929688,68.73999786376953,15093900
2008-03-20,40.59443664550781,69.37000274658203,69.38999938964844,68.0,68.48999786376953,16523000
2008-03-24,40.945533752441406,69.97000122070312,70.0,69.05999755859375,69.69999694824219,10100000
2008-03-25,40.69391632080078,69.54000091552734,69.9800033569336,69.31999969482422,69.9800033569336,10581200
2008-03-26,40.7524299621582,69.63999938964844,69.9000015258789,69.05999755859375,69.31999969482422,8431200
2008-03-27,40.617835998535156,69.41000366210938,70.0999984741211,69.31999969482422,69.69000244140625,11899700
2008-03-28,40.63539123535156,69.44000244140625,70.04000091552734,69.37000274658203,69.55000305175781,7432200
2008-03-31,41.00404739379883,70.06999969482422,70.18000030517578,68.9000015258789,69.55999755859375,13745600
2008-04-01,41.63019561767578,71.13999938964844,71.19999694824219,69.8499984741211,70.41000366210938,11590300
2008-04-02,41.24398422241211,70.4800033569336,71.12999725341797,70.2699966430664,71.05999755859375,10209400
2008-04-03,41.23813247680664,70.47000122070312,70.5999984741211,69.77999877929688,70.19999694824219,9580000
2008-04-04,41.3141975402832,70.5999984741211,70.91999816894531,70.05000305175781,70.47000122070312,10160300
2008-04-07,41.261539459228516,70.51000213623047,70.97000122070312,70.0999984741211,70.97000122070312,9465400
2008-04-08,41.34346389770508,70.6500015258789,70.66999816894531,69.93000030517578,70.01000213623047,8748100
2008-04-09,41.085975646972656,70.20999908447266,70.30000305175781,69.63999938964844,70.1500015258789,11440400
2008-04-10,41.06843948364258,70.18000030517578,70.69000244140625,69.94999694824219,70.08999633789062,9656800
2008-04-11,40.963096618652344,70.0,70.47000122070312,69.75,69.75,11862200
2008-04-14,41.0333366394043,70.12000274658203,70.44999694824219,69.76000213623047,70.12000274658203,9079300
2008-04-15,41.097686767578125,70.2300033569336,70.4000015258789,69.80000305175781,70.38999938964844,8604100
2008-04-16,40.76809310913086,69.2699966430664,70.68000030517578,68.97000122070312,70.68000030517578,19498400
2008-04-17,39.76169204711914,67.55999755859375,68.75,67.30000305175781,68.72000122070312,21014000
2008-04-18,39.53217315673828,67.16999816894531,68.0,66.86000061035156,67.94000244140625,18345800
2008-04-21,39.90293884277344,67.80000305175781,68.0199966430664,66.73999786376953,66.91000366210938,10496700
2008-04-22,39.70873260498047,67.47000122070312,67.75,67.1500015258789,67.51000213623047,13148900
2008-04-23,39.53217315673828,67.16999816894531,67.87000274658203,66.75,67.87000274658203,14184800
2008-04-24,39.33207321166992,66.83000183105469,67.48999786376953,66.79000091552734,67.05000305175781,12614800
2008-04-25,39.16728210449219,66.55000305175781,67.2699966430664,66.16999816894531,67.2699966430664,13674700
2008-04-28,38.96715545654297,66.20999908447266,66.9000015258789,66.02999877929688,66.62000274658203,18166400
2008-04-29,38.78474807739258,65.9000015258789,66.36000061035156,65.80000305175781,66.20999908447266,16567800
2008-04-30,39.4615478515625,67.05000305175781,68.48999786376953,66.87000274658203,67.05000305175781,21859500
2008-05-01,39.44978332519531,67.02999877929688,67.4800033569336,66.5199966430664,67.02999877929688,13493700
2008-05-02,39.31441116333008,66.80000305175781,67.30000305175781,66.36000061035156,67.0999984741211,13290300
2008-05-05,39.22613525390625,66.6500015258789,66.9000015258789,66.22000122070312,66.69999694824219,10193200
2008-05-06,39.22613525390625,66.6500015258789,66.87999725341797,66.20999908447266,66.20999908447266,9819900
2008-05-07,38.72588348388672,65.80000305175781,67.02999877929688,65.69999694824219,66.58999633789062,13045900
2008-05-08,38.796504974365234,65.91999816894531,66.26000213623047,65.68000030517578,66.0999984741211,10081900
2008-05-09,38.37864303588867,65.20999908447266,65.79000091552734,65.0999984741211,65.62000274658203,9756700
2008-05-12,38.46102523803711,65.3499984741211,65.75,65.0,65.43000030517578,11162200
2008-05-13,38.68467330932617,65.7300033569336,66.12000274658203,65.25,65.5,10942500
2008-05-14,38.54930114746094,65.5,66.48999786376953,65.37000274658203,65.93000030517578,13205200
2008-05-15,39.055450439453125,66.36000061035156,66.37000274658203,65.12000274658203,65.27999877929688,11877400
2008-05-16,39.284976959228516,66.75,66.97000122070312,66.41999816894531,66.44000244140625,12286200
2008-05-19,39.3497200012207,66.86000061035156,66.97000122070312,66.4000015258789,66.51000213623047,9182900
2008-05-20,38.761173248291016,65.86000061035156,66.80000305175781,65.73999786376953,66.62999725341797,11931600
2008-05-21,38.355098724365234,65.16999816894531,66.08000183105469,65.01000213623047,66.08000183105469,11650300
2008-05-22,38.61994171142578,65.62000274658203,65.80999755859375,65.05999755859375,65.31999969482422,8639100
2008-05-23,38.41394805908203,65.2699966430664,65.75,65.0999984741211,65.37999725341797,8415300
2008-05-27,38.29624938964844,65.06999969482422,65.5,64.91000366210938,65.37999725341797,10901600
2008-05-28,38.17853546142578,64.87000274658203,65.41999816894531,64.76000213623047,65.31999969482422,10195500
2008-05-29,38.531654357910156,65.47000122070312,65.75,64.75,64.87999725341797,10548200
2008-05-30,38.87300109863281,66.05000305175781,66.12999725341797,65.31999969482422,65.52999877929688,9761700
2008-06-02,38.46690368652344,65.36000061035156,65.91999816894531,64.94000244140625,65.91999816894531,9980200
2008-06-03,38.49634552001953,65.41000366210938,65.63999938964844,64.94999694824219,65.45999908447266,11417400
2008-06-04,39.108421325683594,66.44999694824219,66.56999969482422,65.5999984741211,66.0,12590900
2008-06-05,39.237892150878906,66.66999816894531,66.81999969482422,66.0999984741211,66.55999755859375,10784800
2008-06-06,38.472808837890625,65.37000274658203,66.37999725341797,65.26000213623047,66.3499984741211,16364700
2008-06-09,38.88478469848633,66.06999969482422,66.18000030517578,65.22000122070312,65.3499984741211,12983000
2008-06-10,39.23202896118164,66.66000366210938,67.1500015258789,65.62999725341797,65.62999725341797,13803400
2008-06-11,38.96127700805664,66.19999694824219,66.81999969482422,66.0199966430664,66.43000030517578,12619500
2008-06-12,39.11430740356445,66.45999908447266,66.75,66.05999755859375,66.4000015258789,11939500
2008-06-13,39.108421325683594,66.44999694824219,66.80999755859375,66.08000183105469,66.7699966430664,10941500
2008-06-16,38.78474807739258,65.9000015258789,66.41000366210938,65.7699966430664,66.25,12204700
2008-06-17,38.72588348388672,65.80000305175781,66.26000213623047,65.73999786376953,65.97000122070312,8220900
2008-06-18,38.25503921508789,65.0,65.94999694824219,64.91999816894531,65.58999633789062,11511700
2008-06-19,38.19618225097656,64.9000015258789,65.56999969482422,64.70999908447266,64.94999694824219,11544300
2008-06-20,37.1721305847168,63.15999984741211,65.08000183105469,63.099998474121094,64.6500015258789,21461900
2008-06-23,37.036766052246094,62.93000030517578,63.599998474121094,62.7400016784668,63.43000030517578,10507400
2008-06-24,36.995574951171875,62.86000061035156,63.2599983215332,62.41999816894531,62.81999969482422,11172200
2008-06-25,37.366355895996094,63.4900016784668,64.05999755859375,62.83000183105469,63.13999938964844,12888400
2008-06-26,36.636558532714844,62.25,63.880001068115234,62.22999954223633,63.220001220703125,15244000
2008-06-27,35.600730895996094,60.4900016784668,62.619998931884766,60.4900016784668,62.189998626708984,21773200
2008-06-30,35.789066314697266,60.810001373291016,61.36000061035156,60.439998626708984,60.689998626708984,14977700
2008-07-01,36.47764587402344,61.97999954223633,62.0099983215332,60.04999923706055,60.54999923706055,19060400
2008-07-02,36.89552688598633,62.689998626708984,62.939998626708984,61.650001525878906,61.95000076293945,18876400
2008-07-03,37.472286224365234,63.66999816894531,63.88999938964844,62.689998626708984,62.70000076293945,11550400
2008-07-07,37.024986267089844,62.90999984741211,63.810001373291016,62.599998474121094,63.810001373291016,18716900
2008-07-08,37.466392517089844,63.65999984741211,63.959999084472656,62.66999816894531,62.66999816894531,18142100
2008-07-09,37.54880142211914,63.79999923706055,64.62999725341797,63.40999984741211,63.93000030517578,15553100
2008-07-10,37.795982360839844,64.22000122070312,64.31999969482422,63.36000061035156,63.709999084472656,17753500
2008-07-11,37.342811584472656,63.45000076293945,64.29000091552734,63.18000030517578,63.93000030517578,21841200
2008-07-14,37.62532043457031,63.93000030517578,64.37999725341797,63.619998931884766,63.900001525878906,14939400
2008-07-15,37.872493743896484,64.3499984741211,67.41000366210938,62.029998779296875,62.349998474121094,25356900
2008-07-16,37.83695983886719,63.88999938964844,64.16000366210938,63.380001068115234,63.72999954223633,19482200
2008-07-17,37.83695983886719,63.88999938964844,64.08000183105469,63.20000076293945,63.970001220703125,15878800
2008-07-18,37.706668853759766,63.66999816894531,63.970001220703125,63.25,63.970001220703125,15478100
2008-07-21,37.68888854980469,63.63999938964844,63.93000030517578,63.40999984741211,63.93000030517578,9811300
2008-07-22,37.961326599121094,64.0999984741211,64.69999694824219,63.529998779296875,63.650001525878906,13192200
2008-07-23,38.31666946411133,64.69999694824219,64.94000244140625,63.81999969482422,64.25,11255000
2008-07-24,38.20414352416992,64.51000213623047,65.16999816894531,64.41000366210938,64.69999694824219,11091700
2008-07-25,38.174522399902344,64.45999908447266,64.97000122070312,64.26000213623047,64.62000274658203,11002700
2008-07-28,37.80143356323242,63.83000183105469,64.44999694824219,63.650001525878906,64.38999938964844,12599100
2008-07-29,38.81412124633789,65.54000091552734,65.61000061035156,63.79999923706055,63.95000076293945,16520700
2008-07-30,39.42411422729492,66.56999969482422,66.76000213623047,65.43000030517578,65.43000030517578,13648100
2008-07-31,38.778594970703125,65.4800033569336,66.44000244140625,65.25,66.0199966430664,14043700
2008-08-01,38.46471405029297,64.94999694824219,65.9800033569336,64.72000122070312,65.7300033569336,11147400
2008-08-04,38.97994613647461,65.81999969482422,66.5,64.9000015258789,65.12000274658203,12657600
2008-08-05,40.25321960449219,67.97000122070312,68.0999984741211,65.81999969482422,66.20999908447266,20383200
2008-08-06,40.13477325439453,67.7699966430664,68.12000274658203,67.29000091552734,67.94999694824219,13002200
2008-08-07,39.963050842285156,67.4800033569336,68.19999694824219,67.06999969482422,67.83000183105469,10964600
2008-08-08,41.236297607421875,69.62999725341797,69.87999725341797,66.80000305175781,67.01000213623047,15116500
2008-08-11,41.117855072021484,69.43000030517578,69.88999938964844,67.06999969482422,69.62000274658203,10843500
2008-08-12,41.656795501708984,70.33999633789062,70.52999877929688,69.0999984741211,69.22000122070312,14375000
2008-08-13,41.21855163574219,69.5999984741211,70.23999786376953,69.19999694824219,70.22000122070312,10701100
2008-08-14,41.283695220947266,69.70999908447266,70.4800033569336,69.11000061035156,69.55000305175781,9447400
2008-08-15,42.402976989746094,71.5999984741211,71.9800033569336,69.70999908447266,70.48999786376953,17615400
2008-08-18,42.207542419433594,71.2699966430664,72.0,71.02999877929688,71.31999969482422,12509100
2008-08-19,41.88182830810547,70.72000122070312,71.72000122070312,70.6500015258789,71.0199966430664,12332900
2008-08-20,41.63309097290039,70.30000305175781,70.76000213623047,69.68000030517578,70.68000030517578,10981000
2008-08-21,41.39619827270508,69.9000015258789,70.11000061035156,69.29000091552734,69.83000183105469,9722500
2008-08-22,42.40890121459961,71.61000061035156,71.80000305175781,70.06999969482422,70.06999969482422,11870400
2008-08-25,41.53240203857422,70.12999725341797,71.43000030517578,69.91999816894531,71.33000183105469,9493700
2008-08-26,41.360660552978516,69.83999633789062,70.36000061035156,69.58000183105469,70.02999877929688,8432900
2008-08-27,41.4909553527832,70.05999755859375,70.23999786376953,69.37999725341797,69.68000030517578,8307800
2008-08-28,42.05355453491211,71.01000213623047,71.19999694824219,69.80999755859375,70.3499984741211,8106700
2008-08-29,41.3192138671875,69.7699966430664,71.08000183105469,69.73999786376953,70.70999908447266,9569400
2008-09-02,41.73375701904297,70.47000122070312,71.43000030517578,70.1500015258789,70.3499984741211,11255200
2008-09-03,42.296390533447266,71.41999816894531,71.5,70.18000030517578,70.41999816894531,10433900
2008-09-04,41.71601867675781,70.44000244140625,71.5199966430664,70.37000274658203,71.16000366210938,12298000
2008-09-05,41.91734313964844,70.77999877929688,71.06999969482422,69.7300033569336,70.38999938964844,11578800
2008-09-08,42.858978271484375,72.37000274658203,72.4800033569336,71.30999755859375,71.33000183105469,16521200
2008-09-09,42.574729919433594,71.88999938964844,72.45999908447266,71.47000122070312,71.66000366210938,18542200
2008-09-10,42.87084197998047,72.38999938964844,73.54000091552734,71.80999755859375,71.8499984741211,19047700
2008-09-11,43.27947235107422,73.08000183105469,73.16000366210938,71.58000183105469,71.80000305175781,16200400
2008-09-12,43.32091522216797,73.1500015258789,73.25,72.33000183105469,72.33000183105469,11378700
2008-09-15,42.72279357910156,72.13999938964844,73.56999969482422,72.13999938964844,72.33999633789062,19748500
2008-09-16,42.63984680175781,72.0,73.0,71.30000305175781,71.5199966430664,21425800
2008-09-17,42.012107849121094,70.94000244140625,72.0199966430664,70.83999633789062,71.68000030517578,25324200
2008-09-18,42.23123550415039,71.30999755859375,72.95999908447266,70.4000015258789,71.22000122070312,28178600
2008-09-19,41.66862869262695,70.36000061035156,72.75,68.1500015258789,72.55999755859375,28562500
2008-09-22,40.29465866088867,68.04000091552734,70.4000015258789,67.76000213623047,70.01000213623047,14998700
2008-09-23,39.84457778930664,67.27999877929688,69.63999938964844,67.06999969482422,68.13999938964844,15133400
2008-09-24,40.70923614501953,68.73999786376953,68.87000274658203,67.20999908447266,67.43000030517578,13053800
2008-09-25,40.573020935058594,68.51000213623047,70.19999694824219,68.04000091552734,69.0199966430664,17513200
2008-09-26,40.76845169067383,68.83999633789062,69.41999816894531,67.81999969482422,67.81999969482422,13417000
2008-09-29,39.53071212768555,66.75,69.5,66.0,68.1500015258789,23388500
2008-09-30,41.271827697753906,69.69000244140625,69.91999816894531,67.05000305175781,67.19000244140625,23102600
2008-10-01,42.207542419433594,71.2699966430664,71.44000244140625,69.33999633789062,69.33999633789062,17760000
2008-10-02,42.308231353759766,71.44000244140625,71.94000244140625,70.5199966430664,70.91000366210938,21833600
2008-10-03,42.05949020385742,71.0199966430664,71.80000305175781,70.06999969482422,71.0199966430664,22923700
2008-10-06,40.614471435546875,68.58000183105469,70.45999908447266,67.0199966430664,69.7699966430664,25914800
2008-10-07,39.23461151123047,66.25,69.69000244140625,66.08000183105469,69.02999877929688,23857700
2008-10-08,39.14576721191406,66.0999984741211,69.01000213623047,64.45999908447266,65.77999877929688,37290900
2008-10-09,36.054386138916016,60.880001068115234,66.58000183105469,60.689998626708984,66.13999938964844,30092600
2008-10-10,35.272647857666016,59.560001373291016,63.0,54.91999816894531,58.77000045776367,47113800
2008-10-13,37.481624603271484,63.290000915527344,63.93000030517578,61.0,61.66999816894531,25023000
2008-10-14,37.961326599121094,64.0999984741211,65.87999725341797,62.560001373291016,65.55000305175781,29454500
2008-10-15,35.42661666870117,59.81999969482422,63.88999938964844,58.630001068115234,63.279998779296875,23606500
2008-10-16,36.58143997192383,61.77000045776367,62.25,57.119998931884766,59.90999984741211,27622600
2008-10-17,36.56368637084961,61.7400016784668,63.790000915527344,59.83000183105469,60.650001525878906,19589700
2008-10-20,37.84880447387695,63.90999984741211,64.12000274658203,61.099998474121094,62.540000915527344,16636400
2008-10-21,37.28620147705078,62.959999084472656,64.29000091552734,62.63999938964844,63.470001220703125,12739400
2008-10-22,35.02138137817383,58.7599983215332,61.540000915527344,58.349998474121094,61.38999938964844,34940700
2008-10-23,36.10013198852539,60.56999969482422,61.29999923706055,57.220001220703125,59.130001068115234,25829200
2008-10-24,35.08692932128906,58.869998931884766,60.34000015258789,56.619998931884766,56.900001525878906,26572200
2008-10-27,34.19292068481445,57.369998931884766,60.5,57.0,58.029998779296875,23484700
2008-10-28,37.685508728027344,63.22999954223633,63.4900016784668,57.06999969482422,58.400001525878906,35638500
2008-10-29,36.35047149658203,60.9900016784668,63.97999954223633,59.40999984741211,63.0099983215332,31023600
2008-10-30,37.596107482910156,63.08000183105469,63.5,61.439998626708984,62.33000183105469,36499800
2008-10-31,38.466278076171875,64.54000091552734,64.93000030517578,62.7599983215332,62.959999084472656,42624100
2008-11-03,38.38286209106445,64.4000015258789,65.25,64.06999969482422,64.72000122070312,50502400
2008-11-04,39.378170013427734,66.06999969482422,66.4800033569336,65.0999984741211,65.30000305175781,46653300
2008-11-05,38.031192779541016,63.810001373291016,66.12999725341797,63.810001373291016,65.41000366210938,71833400
2008-11-06,37.75703811645508,63.349998474121094,65.47000122070312,62.540000915527344,64.05000305175781,49444500
2008-11-07,38.43648147583008,64.48999786376953,64.83000183105469,63.43000030517578,63.70000076293945,19003000
2008-11-10,38.71065902709961,64.94999694824219,65.77999877929688,64.02999877929688,65.45999908447266,16157100
2008-11-11,38.03717041015625,63.81999969482422,64.87999725341797,63.22999954223633,64.6500015258789,16256000
2008-11-12,36.863037109375,61.849998474121094,63.5,61.5,63.5,26012800
2008-11-13,38.770240783691406,65.05000305175781,66.81999969482422,60.869998931884766,61.709999084472656,44886300
2008-11-14,37.61399459838867,63.11000061035156,66.0,61.959999084472656,64.87000274658203,42262700
2008-11-17,37.25639724731445,62.5099983215332,64.54000091552734,61.40999984741211,63.0,23074600
2008-11-18,38.29344940185547,64.25,64.48999786376953,60.7599983215332,62.25,35518000
2008-11-19,37.11336135864258,62.27000045776367,64.66000366210938,62.11000061035156,63.880001068115234,23344900
2008-11-20,35.36109924316406,59.33000183105469,63.41999816894531,59.0,61.66999816894531,31313100
2008-11-21,37.60207748413086,63.09000015258789,63.33000183105469,58.290000915527344,60.04999923706055,34196200
2008-11-24,38.54974365234375,64.68000030517578,65.0,62.68000030517578,63.439998626708984,26076500
2008-11-25,37.655731201171875,63.18000030517578,65.44999694824219,53.77000045776367,64.54000091552734,22843100
2008-11-26,37.64378356933594,63.15999984741211,63.189998626708984,61.400001525878906,61.77000045776367,15151600
2008-11-28,38.35304260253906,64.3499984741211,64.55000305175781,63.040000915527344,63.040000915527344,7768400
2008-12-01,36.052459716796875,60.4900016784668,63.79999923706055,60.349998474121094,63.72999954223633,20431200
2008-12-02,36.61867141723633,61.439998626708984,61.650001525878906,59.349998474121094,61.599998474121094,20242400
2008-12-03,37.476905822753906,62.880001068115234,63.130001068115234,60.5,60.52000045776367,19967600
2008-12-04,36.50541687011719,61.25,62.93000030517578,60.58000183105469,62.279998779296875,17919600
2008-12-05,37.327911376953125,62.630001068115234,62.93000030517578,59.400001525878906,60.810001373291016,22060500
2008-12-08,37.24448013305664,62.4900016784668,64.0,62.02000045776367,63.0099983215332,20894200
2008-12-09,35.635250091552734,59.790000915527344,62.25,59.36000061035156,61.970001220703125,21421800
2008-12-10,35.23594284057617,59.119998931884766,60.65999984741211,58.5099983215332,60.27000045776367,14721200
2008-12-11,34.91408157348633,58.58000183105469,59.86000061035156,57.5,57.77000045776367,18856600
2008-12-12,35.128639221191406,58.939998626708984,59.22999954223633,57.04999923706055,58.33000183105469,16817900
2008-12-15,35.37897872924805,59.36000061035156,59.849998474121094,58.150001525878906,58.150001525878906,12230800
2008-12-16,36.72594451904297,61.619998931884766,61.75,59.58000183105469,59.900001525878906,17789000
2008-12-17,36.177608489990234,60.70000076293945,61.38999938964844,60.0099983215332,60.9900016784668,16119000
2008-12-18,35.9451904296875,60.310001373291016,62.16999816894531,59.5,61.0,17195600
2008-12-19,35.867713928222656,60.18000030517578,61.97999954223633,59.75,60.79999923706055,23247400
2008-12-22,36.03458023071289,60.459999084472656,60.88999938964844,59.25,60.88999938964844,11407100
2008-12-23,35.659088134765625,59.83000183105469,61.0,59.66999816894531,60.56999969482422,10645200
2008-12-24,35.992862701416016,60.38999938964844,60.70000076293945,59.880001068115234,59.95000076293945,4036600
2008-12-26,36.07630157470703,60.529998779296875,61.0,60.09000015258789,60.599998474121094,4455600
2008-12-29,35.87960433959961,60.20000076293945,60.779998779296875,59.43000030517578,60.779998779296875,8586300
2008-12-30,36.42796325683594,61.119998931884766,61.470001220703125,60.41999816894531,60.5,10007100
2008-12-31,36.84515380859375,61.81999969482422,62.20000076293945,61.06999969482422,61.349998474121094,10844800
2009-01-02,37.42923355102539,62.79999923706055,62.970001220703125,61.060001373291016,61.689998626708984,11135700
2009-01-05,37.16103744506836,62.349998474121094,62.439998626708984,61.59000015258789,62.31999969482422,14322800
2009-01-06,37.053749084472656,62.16999816894531,62.95000076293945,61.5099983215332,62.5,13401600
2009-01-07,36.404109954833984,61.08000183105469,61.65999984741211,60.63999938964844,61.33000183105469,12415600
2009-01-08,36.00477981567383,60.40999984741211,61.25,60.0,60.90999984741211,11508100
2009-01-09,35.67695236206055,59.86000061035156,60.79999923706055,59.75,60.63999938964844,10843200
2009-01-12,35.724647521972656,59.939998626708984,60.41999816894531,59.689998626708984,59.75,11373200
2009-01-13,35.44453048706055,59.470001220703125,60.290000915527344,59.02000045776367,59.959999084472656,15791900
2009-01-14,34.48495864868164,57.86000061035156,59.18000030517578,57.220001220703125,59.04999923706055,16108100
2009-01-15,34.2465705871582,57.459999084472656,57.47999954223633,56.54999923706055,57.09000015258789,18807200
2009-01-16,34.4074821472168,57.72999954223633,58.25,57.119998931884766,58.08000183105469,18904200
2009-01-20,34.228675842285156,57.43000030517578,58.45000076293945,57.22999954223633,57.77000045776367,17999300
2009-01-21,34.55278015136719,57.56999969482422,58.20000076293945,56.4900016784668,58.20000076293945,18204700
2009-01-22,34.1866569519043,56.959999084472656,57.560001373291016,56.27000045776367,57.380001068115234,19133700
2009-01-23,33.6104736328125,56.0,56.61000061035156,55.59000015258789,56.540000915527344,21067500
2009-01-26,33.832557678222656,56.369998931884766,56.91999816894531,55.61000061035156,55.95000076293945,17032100
2009-01-27,34.030609130859375,56.70000076293945,57.38999938964844,56.20000076293945,56.47999954223633,11962900
2009-01-28,34.91889953613281,58.18000030517578,58.380001068115234,56.900001525878906,57.5,17743200
2009-01-29,34.94290542602539,58.220001220703125,59.0,57.560001373291016,57.790000915527344,14550300
2009-01-30,32.71019744873047,54.5,56.84000015258789,54.2400016784668,56.5,35110700
2009-02-02,31.839927673339844,53.04999923706055,54.380001068115234,52.209999084472656,54.0,19427200
2009-02-03,32.356101989746094,53.90999984741211,54.09000015258789,52.540000915527344,53.4900016784668,14898500
2009-02-04,31.521831512451172,52.52000045776367,54.45000076293945,52.209999084472656,54.33000183105469,14760300
2009-02-05,32.001976013183594,53.31999969482422,53.599998474121094,52.130001068115234,52.290000915527344,17727500
2009-02-06,32.41010665893555,54.0,54.459999084472656,53.060001373291016,53.41999816894531,15338000
2009-02-09,31.773916244506836,52.939998626708984,53.97999954223633,52.66999816894531,53.88999938964844,13422200
2009-02-10,30.879638671875,51.45000076293945,53.459999084472656,50.970001220703125,52.7400016784668,22520700
2009-02-11,30.70558738708496,51.15999984741211,51.90999984741211,50.86000061035156,51.79999923706055,16404400
2009-02-12,30.77759552001953,51.279998779296875,51.400001525878906,49.95000076293945,50.93000030517578,18019300
2009-02-13,30.66357421875,51.09000015258789,51.68000030517578,50.72999954223633,51.369998931884766,11644800
2009-02-17,30.07539176940918,50.11000061035156,50.939998626708984,49.279998779296875,50.0,20833900
2009-02-18,30.579540252685547,50.95000076293945,51.16999816894531,49.75,49.84000015258789,16755100
2009-02-19,30.687580108642578,51.130001068115234,52.04999923706055,51.029998779296875,51.5,13503700
2009-02-20,30.159420013427734,50.25,51.36000061035156,49.79999923706055,50.2400016784668,19555100
2009-02-23,29.349149703979492,48.900001525878906,50.4900016784668,48.790000915527344,50.4900016784668,15129900
2009-02-24,29.871313095092773,49.77000045776367,50.18000030517578,48.970001220703125,49.279998779296875,14983500
2009-02-25,29.961332321166992,49.91999816894531,50.47999954223633,49.220001220703125,49.59000015258789,17411600
2009-02-26,29.391176223754883,48.970001220703125,50.20000076293945,48.900001525878906,50.099998474121094,13606800
2009-02-27,28.911022186279297,48.16999816894531,49.11000061035156,47.7599983215332,48.65999984741211,20748000
2009-03-02,28.130769729614258,46.869998931884766,47.93000030517578,46.79999923706055,47.31999969482422,19033100
2009-03-03,27.98674201965332,46.630001068115234,47.880001068115234,46.380001068115234,47.33000183105469,19531800
2009-03-04,28.394866943359375,47.310001373291016,48.0,46.66999816894531,46.93000030517578,15699900
2009-03-05,27.248493194580078,45.400001525878906,46.810001373291016,44.93000030517578,46.45000076293945,19466600
2009-03-06,27.434566497802734,45.709999084472656,46.59000015258789,44.630001068115234,45.869998931884766,19553000
2009-03-09,26.51627540588379,44.18000030517578,45.599998474121094,43.93000030517578,45.29999923706055,16927300
2009-03-10,27.110458374023438,45.16999816894531,45.189998626708984,44.369998931884766,44.5099983215332,20635700
2009-03-11,27.050447463989258,45.06999969482422,45.7400016784668,44.7599983215332,45.59000015258789,13395900
2009-03-12,27.47657012939453,45.779998779296875,45.900001525878906,44.52000045776367,44.88999938964844,13715200
2009-03-13,28.17879295349121,46.95000076293945,47.08000183105469,45.65999984741211,46.099998474121094,13905600
2009-03-16,28.700958251953125,47.81999969482422,48.40999984741211,47.16999816894531,47.369998931884766,15181900
2009-03-17,28.7969913482666,47.97999954223633,48.13999938964844,47.40999984741211,47.95000076293945,11481500
2009-03-18,28.820985794067383,48.02000045776367,48.75,46.9900016784668,47.75,16707400
2009-03-19,27.79467010498047,46.310001373291016,48.41999816894531,46.20000076293945,48.2400016784668,16169800
2009-03-20,27.36253547668457,45.59000015258789,46.939998626708984,45.52000045776367,46.54999923706055,25558100
2009-03-23,28.652938842773438,47.7400016784668,47.79999923706055,46.0,46.11000061035156,16278000
2009-03-24,28.25082015991211,47.06999969482422,48.209999084472656,46.88999938964844,47.41999816894531,12158800
2009-03-25,28.84500503540039,48.060001373291016,48.599998474121094,47.20000076293945,47.70000076293945,15275900
2009-03-26,29.2651309967041,48.7599983215332,48.81999969482422,47.5099983215332,48.27000045776367,16256400
2009-03-27,29.15108871459961,48.56999969482422,49.029998779296875,48.130001068115234,48.209999084472656,10402200
2009-03-30,28.376853942871094,47.279998779296875,48.099998474121094,46.56999969482422,48.040000915527344,12747900
2009-03-31,28.262805938720703,47.09000015258789,47.83000183105469,46.95000076293945,47.560001373291016,13847500
2009-04-01,28.935028076171875,48.209999084472656,48.47999954223633,46.290000915527344,46.75,17104300
2009-04-02,29.6612548828125,49.41999816894531,50.290000915527344,48.720001220703125,48.720001220703125,18320500
2009-04-03,29.78728675842285,49.630001068115234,49.75,48.720001220703125,49.540000915527344,14799800
2009-04-06,29.799301147460938,49.650001525878906,49.970001220703125,48.90999984741211,49.459999084472656,10345400
2009-04-07,29.217111587524414,48.68000030517578,49.41999816894531,48.529998779296875,49.41999816894531,9801300
2009-04-08,29.091064453125,48.470001220703125,49.0,47.880001068115234,48.79999923706055,9434300
2009-04-09,29.523204803466797,49.189998626708984,49.290000915527344,48.369998931884766,49.16999816894531,14766300
2009-04-13,28.832998275756836,48.040000915527344,49.029998779296875,47.95000076293945,48.880001068115234,12908700
2009-04-14,28.35884666442871,47.25,48.029998779296875,46.97999954223633,47.97999954223633,15096100
2009-04-15,29.259130477905273,48.75,48.86000061035156,47.650001525878906,47.68000030517578,14181600
2009-04-16,30.267444610595703,50.43000030517578,50.7400016784668,49.11000061035156,49.20000076293945,16333200
2009-04-17,31.00567626953125,51.65999984741211,51.959999084472656,50.81999969482422,51.150001525878906,21662400
2009-04-20,30.447507858276367,50.72999954223633,51.970001220703125,50.619998931884766,51.56999969482422,15444400
2009-04-21,30.83160972595215,51.369998931884766,51.66999816894531,49.5,50.81999969482422,12604100
2009-04-22,30.02648162841797,49.599998474121094,50.959999084472656,49.540000915527344,50.959999084472656,13385400
2009-04-23,29.856969833374023,49.31999969482422,49.84000015258789,48.75,49.84000015258789,11859200
2009-04-24,29.97199058532715,49.5099983215332,49.88999938964844,49.02000045776367,49.5,11324200
2009-04-27,30.25046730041504,49.970001220703125,50.40999984741211,49.06999969482422,49.06999969482422,9603900
2009-04-28,30.08095359802246,49.689998626708984,50.18000030517578,49.25,49.75,9004800
2009-04-29,30.52287483215332,50.41999816894531,50.970001220703125,49.81999969482422,49.90999984741211,11399200
2009-04-30,29.929611206054688,49.439998626708984,50.22999954223633,48.25,50.22999954223633,24582200
2009-05-01,29.965940475463867,49.5,49.75,48.54999923706055,49.599998474121094,11888500
2009-05-04,30.86793327331543,50.9900016784668,51.029998779296875,49.689998626708984,49.970001220703125,12625200
2009-05-05,30.141490936279297,49.790000915527344,50.9900016784668,49.5099983215332,50.7599983215332,12299300
2009-05-06,30.777132034301758,50.84000015258789,50.86000061035156,49.900001525878906,50.0,14932300
2009-05-07,31.079830169677734,51.34000015258789,52.189998626708984,50.619998931884766,51.0,13718200
2009-05-08,31.219053268432617,51.56999969482422,52.189998626708984,51.189998626708984,52.0,13417100
2009-05-11,30.49260902404785,50.369998931884766,51.54999923706055,50.22999954223633,51.41999816894531,13896700
2009-05-12,30.837682723999023,50.939998626708984,51.349998474121094,50.0,50.400001525878906,13779000
2009-05-13,30.84976577758789,50.959999084472656,51.209999084472656,50.11000061035156,50.529998779296875,11238900
2009-05-14,30.752925872802734,50.79999923706055,51.63999938964844,50.75,51.02000045776367,11105800
2009-05-15,30.674217224121094,50.66999816894531,51.43000030517578,50.369998931884766,51.43000030517578,14120300
2009-05-18,31.79416275024414,52.52000045776367,52.61000061035156,50.91999816894531,50.97999954223633,14066100
2009-05-19,32.054473876953125,52.95000076293945,53.5099983215332,52.27000045776367,52.56999969482422,15215200
2009-05-20,32.70222854614258,54.02000045776367,54.77000045776367,53.560001373291016,53.7400016784668,15964200
2009-05-21,32.09683609008789,53.02000045776367,53.47999954223633,52.5099983215332,53.47999954223633,11225900
2009-05-22,32.10289764404297,53.029998779296875,53.7400016784668,52.959999084472656,53.06999969482422,6765000
2009-05-26,32.556922912597656,53.779998779296875,54.099998474121094,52.66999816894531,52.939998626708984,10918600
2009-05-27,31.346176147460938,51.779998779296875,53.779998779296875,51.58000183105469,53.720001220703125,14497600
2009-05-28,31.836530685424805,52.59000015258789,52.66999816894531,51.11000061035156,52.2599983215332,16611400
2009-05-29,31.443044662475586,51.939998626708984,52.68000030517578,51.5,52.619998931884766,15133700
2009-06-01,32.30267333984375,53.36000061035156,53.650001525878906,52.36000061035156,52.54999923706055,12487300
2009-06-02,32.514549255371094,53.709999084472656,54.130001068115234,53.15999984741211,53.22999954223633,11923400
2009-06-03,32.57509994506836,53.810001373291016,53.84000015258789,52.900001525878906,53.380001068115234,12643500
2009-06-04,32.29661560058594,53.349998474121094,53.86000061035156,52.970001220703125,53.7599983215332,9987000
2009-06-05,32.1937141418457,53.18000030517578,53.95000076293945,52.91999816894531,53.560001373291016,10551000
2009-06-08,32.16948699951172,53.13999938964844,53.58000183105469,52.59000015258789,52.93000030517578,10651800
2009-06-09,31.727575302124023,52.40999984741211,52.900001525878906,52.25,52.84000015258789,11606000
2009-06-10,31.52781105041504,52.08000183105469,52.93000030517578,51.56999969482422,52.689998626708984,13082500
2009-06-11,31.485424041748047,52.0099983215332,52.7400016784668,51.95000076293945,52.04999923706055,10862400
2009-06-12,31.812318801879883,52.54999923706055,52.77000045776367,51.72999954223633,51.880001068115234,10352700
2009-06-15,31.073762893676758,51.33000183105469,52.380001068115234,51.06999969482422,52.380001068115234,12158000
2009-06-16,30.329158782958984,50.099998474121094,51.61000061035156,50.029998779296875,51.61000061035156,15721900
2009-06-17,30.274677276611328,50.0099983215332,50.75,50.0,50.130001068115234,12696700
2009-06-18,30.976909637451172,51.16999816894531,51.36000061035156,50.0099983215332,50.06999969482422,12999600
2009-06-19,30.656064987182617,50.63999938964844,51.470001220703125,50.2400016784668,51.279998779296875,19541900
2009-06-22,30.607627868652344,50.560001373291016,50.869998931884766,50.209999084472656,50.33000183105469,12992200
2009-06-23,30.601579666137695,50.54999923706055,50.81999969482422,50.38999938964844,50.52000045776367,10611800
2009-06-24,30.601579666137695,50.54999923706055,50.97999954223633,50.060001373291016,50.58000183105469,12399000
2009-06-25,31.28565216064453,51.68000030517578,52.029998779296875,50.119998931884766,50.43000030517578,13723300
2009-06-26,31.32801628112793,51.75,52.029998779296875,51.04999923706055,51.459999084472656,25128800
2009-06-29,31.618587493896484,52.22999954223633,52.400001525878906,51.599998474121094,51.91999816894531,8899900
2009-06-30,30.934551239013672,51.099998474121094,52.22999954223633,50.75,52.22999954223633,14393700
2009-07-01,31.4793643951416,52.0,52.529998779296875,51.279998779296875,51.470001220703125,14314300
2009-07-02,30.940584182739258,51.11000061035156,51.83000183105469,50.7400016784668,51.790000915527344,15212000
2009-07-06,31.582271575927734,52.16999816894531,52.41999816894531,50.52000045776367,50.75,16040900
2009-07-07,31.42488670349121,51.90999984741211,52.439998626708984,51.630001068115234,51.9900016784668,13430500
2009-07-08,31.86680030822754,52.63999938964844,52.810001373291016,51.540000915527344,52.02000045776367,16899500
2009-07-09,31.727575302124023,52.40999984741211,52.75,52.18000030517578,52.650001525878906,11648100
2009-07-10,31.612539291381836,52.220001220703125,52.5,51.939998626708984,52.18000030517578,9267400
2009-07-13,32.0726318359375,52.97999954223633,53.13999938964844,52.04999923706055,52.060001373291016,12289100
2009-07-14,32.4116325378418,53.540000915527344,53.77000045776367,52.7400016784668,53.06999969482422,12817300
2009-07-15,33.083595275878906,54.650001525878906,54.72999954223633,53.5,53.61000061035156,15161300
2009-07-16,33.42259979248047,55.209999084472656,55.439998626708984,54.5,54.650001525878906,12622000
2009-07-17,33.85243225097656,55.91999816894531,55.91999816894531,54.93000030517578,55.2599983215332,13344900
2009-07-20,33.634483337402344,55.560001373291016,56.029998779296875,55.150001525878906,56.0099983215332,10925100
2009-07-21,33.59210968017578,55.4900016784668,56.18000030517578,52.0,55.939998626708984,11131800
2009-07-22,33.4822883605957,54.869998931884766,55.36000061035156,54.650001525878906,55.15999984741211,10000100
2009-07-23,33.65925216674805,55.15999984741211,55.560001373291016,54.79999923706055,54.93000030517578,15014200
2009-07-24,34.07418441772461,55.84000015258789,55.900001525878906,55.33000183105469,55.63999938964844,8710300
2009-07-27,34.037574768066406,55.779998779296875,55.97999954223633,55.349998474121094,55.88999938964844,6866800
2009-07-28,33.994842529296875,55.709999084472656,55.959999084472656,55.279998779296875,55.599998474121094,8142400
2009-07-29,34.24503707885742,56.119998931884766,56.369998931884766,55.560001373291016,55.560001373291016,9666300
2009-07-30,34.31216812133789,56.22999954223633,57.0,55.93000030517578,56.56999969482422,11966500
2009-07-31,33.872806549072266,55.5099983215332,56.75,55.43000030517578,56.20000076293945,12663900
2009-08-03,33.933837890625,55.61000061035156,56.0,55.0,55.959999084472656,11225600
2009-08-04,33.84230041503906,55.459999084472656,55.91999816894531,55.29999923706055,55.41999816894531,10988300
2009-08-05,32.896484375,53.90999984741211,54.16999816894531,53.31999969482422,53.7400016784668,21314600
2009-08-06,31.401464462280273,51.459999084472656,53.90999984741211,51.13999938964844,53.810001373291016,29715100
2009-08-07,31.74928092956543,52.029998779296875,52.81999969482422,51.459999084472656,51.84000015258789,16314800
2009-08-10,31.834699630737305,52.16999816894531,52.279998779296875,51.58000183105469,51.91999816894531,11763800
2009-08-11,31.688264846801758,51.93000030517578,52.279998779296875,51.93000030517578,52.11000061035156,9293400
2009-08-12,31.7797908782959,52.08000183105469,52.4900016784668,51.849998474121094,52.0,10148400
2009-08-13,31.914033889770508,52.29999923706055,52.34000015258789,51.75,52.290000915527344,10486500
2009-08-14,31.956743240356445,52.369998931884766,52.810001373291016,51.869998931884766,52.54999923706055,12069600
2009-08-17,31.859113693237305,52.209999084472656,52.59000015258789,52.119998931884766,52.31999969482422,11384000
2009-08-18,32.00556182861328,52.45000076293945,52.65999984741211,52.08000183105469,52.400001525878906,8342800
2009-08-19,32.219146728515625,52.79999923706055,53.040000915527344,52.27000045776367,52.27000045776367,12152600
2009-08-20,32.3533821105957,53.02000045776367,53.13999938964844,52.650001525878906,52.93000030517578,8471400
2009-08-21,32.69509506225586,53.58000183105469,53.77000045776367,53.0,53.45000076293945,13272800
2009-08-24,32.54866027832031,53.34000015258789,53.91999816894531,52.970001220703125,53.77000045776367,11781900
2009-08-25,32.585262298583984,53.400001525878906,53.9900016784668,53.15999984741211,53.459999084472656,12681600
2009-08-26,32.56085968017578,53.36000061035156,53.79999923706055,53.279998779296875,53.40999984741211,9380600
2009-08-27,32.377803802490234,53.060001373291016,53.400001525878906,52.70000076293945,53.29999923706055,10394900
2009-08-28,32.45713424682617,53.189998626708984,53.38999938964844,52.65999984741211,53.11000061035156,8998800
2009-08-31,33.018524169921875,54.11000061035156,54.119998931884766,52.810001373291016,53.0,15366900
2009-09-01,32.3533821105957,53.02000045776367,54.040000915527344,52.869998931884766,53.849998474121094,14424400
2009-09-02,32.219146728515625,52.79999923706055,53.220001220703125,52.75,52.95000076293945,8875200
2009-09-03,32.26185607910156,52.869998931884766,53.02000045776367,52.52000045776367,52.95000076293945,9120800
2009-09-04,32.25575256347656,52.86000061035156,53.0,52.65999984741211,52.790000915527344,7527700
2009-09-08,33.07344436645508,54.20000076293945,54.20000076293945,53.209999084472656,53.45000076293945,15674300
2009-09-09,32.80493927001953,53.7599983215332,54.29999923706055,53.529998779296875,54.20000076293945,11148100
2009-09-10,34.19622802734375,56.040000915527344,56.31999969482422,55.18000030517578,55.22999954223633,26758300
2009-09-11,33.9521484375,55.63999938964844,56.400001525878906,55.400001525878906,56.11000061035156,12500400
2009-09-14,33.744667053222656,55.29999923706055,55.4900016784668,55.04999923706055,55.22999954223633,11139000
2009-09-15,33.57990646362305,55.029998779296875,55.630001068115234,54.88999938964844,55.560001373291016,11674300
2009-09-16,33.75077819824219,55.310001373291016,55.45000076293945,54.61000061035156,55.08000183105469,12932200
2009-09-17,33.885009765625,55.529998779296875,56.11000061035156,55.29999923706055,55.33000183105469,10665300
2009-09-18,34.977294921875,57.31999969482422,57.5099983215332,56.5,56.56999969482422,25880200
2009-09-21,34.843040466308594,57.099998474121094,57.459999084472656,56.75,57.349998474121094,11672200
2009-09-22,34.9284782409668,57.2400016784668,57.5099983215332,56.959999084472656,57.29999923706055,11517000
2009-09-23,34.93457794189453,57.25,58.04999923706055,57.150001525878906,57.34000015258789,14611400
2009-09-24,35.29460906982422,57.84000015258789,57.970001220703125,57.29999923706055,57.380001068115234,13589500
2009-09-25,35.39833068847656,58.0099983215332,58.5,57.91999816894531,58.0,13477500
2009-09-28,35.4898796081543,58.15999984741211,58.65999984741211,58.0099983215332,58.209999084472656,9008100
2009-09-29,35.33733367919922,57.90999984741211,58.369998931884766,57.7599983215332,58.34000015258789,7625300
2009-09-30,35.34342575073242,57.91999816894531,58.13999938964844,57.34000015258789,57.84000015258789,14047300
2009-10-01,34.55015563964844,56.619998931884766,57.630001068115234,56.439998626708984,57.630001068115234,15894300
2009-10-02,34.62946701049805,56.75,56.90999984741211,56.20000076293945,56.400001525878906,13087600
2009-10-05,34.586761474609375,56.68000030517578,56.939998626708984,56.02000045776367,56.790000915527344,10879600
2009-10-06,34.80033493041992,57.029998779296875,57.2400016784668,56.790000915527344,56.880001068115234,12000200
2009-10-07,34.75152587890625,56.95000076293945,57.08000183105469,56.7599983215332,57.0099983215332,7593900
2009-10-08,35.17866516113281,57.650001525878906,57.849998474121094,57.13999938964844,57.369998931884766,12817100
2009-10-09,35.123741149902344,57.560001373291016,57.630001068115234,57.29999923706055,57.34000015258789,6466800
2009-10-12,35.08713150024414,57.5,58.369998931884766,57.41999816894531,57.66999816894531,7928200
2009-10-13,34.9406852722168,57.2599983215332,57.369998931884766,56.83000183105469,57.369998931884766,11280500
2009-10-14,34.97118377685547,57.310001373291016,57.4900016784668,57.029998779296875,57.4900016784668,8385300
2009-10-15,34.9284782409668,57.2400016784668,57.43000030517578,56.869998931884766,57.279998779296875,11793900
2009-10-16,35.05051803588867,57.439998626708984,57.689998626708984,57.099998474121094,57.119998931884766,12248700
2009-10-19,35.26409149169922,57.790000915527344,58.02000045776367,57.220001220703125,57.5099983215332,7892600
2009-10-20,35.47156524658203,58.130001068115234,58.849998474121094,57.880001068115234,57.93000030517578,11321300
2009-10-21,35.348594665527344,57.4900016784668,58.2400016784668,57.400001525878906,57.91999816894531,11468700
2009-10-22,35.74211502075195,58.130001068115234,58.31999969482422,57.369998931884766,57.47999954223633,10267200
2009-10-23,35.44082260131836,57.63999938964844,58.130001068115234,57.209999084472656,58.130001068115234,10811700
2009-10-26,34.98582077026367,56.900001525878906,57.86000061035156,56.58000183105469,57.650001525878906,10452900
2009-10-27,35.15797805786133,57.18000030517578,57.41999816894531,56.66999816894531,56.880001068115234,10433200
2009-10-28,35.1887321472168,57.22999954223633,57.91999816894531,56.970001220703125,56.97999954223633,15642700
2009-10-29,36.609073638916016,59.540000915527344,59.97999954223633,58.90999984741211,59.38999938964844,26539900
2009-10-30,35.662174224853516,58.0,59.540000915527344,57.86000061035156,59.18000030517578,21382000
2009-11-02,36.24629592895508,58.95000076293945,58.9900016784668,58.0,58.38999938964844,14739500
2009-11-03,36.018795013427734,58.58000183105469,58.91999816894531,58.20000076293945,58.45000076293945,12101200
2009-11-04,36.29548645019531,59.029998779296875,59.65999984741211,58.70000076293945,58.939998626708984,13176000
2009-11-05,37.180908203125,60.470001220703125,60.63999938964844,59.08000183105469,59.2400016784668,16328800
2009-11-06,37.531368255615234,61.040000915527344,61.380001068115234,60.0,60.16999816894531,16008900
2009-11-09,38.029396057128906,61.849998474121094,61.900001525878906,60.84000015258789,61.189998626708984,14313000
2009-11-10,38.035560607910156,61.86000061035156,62.36000061035156,61.470001220703125,61.58000183105469,15118900
2009-11-11,38.26305389404297,62.22999954223633,62.279998779296875,61.52000045776367,61.869998931884766,9838800
2009-11-12,37.69121551513672,61.29999923706055,62.119998931884766,61.220001220703125,62.11000061035156,14167900
2009-11-13,37.88184356689453,61.61000061035156,61.849998474121094,61.040000915527344,61.29999923706055,11793200
2009-11-16,38.28764724731445,62.27000045776367,62.68000030517578,61.93000030517578,62.0,12542100
2009-11-17,38.312232971191406,62.310001373291016,62.68000030517578,62.08000183105469,62.18000030517578,11532100
2009-11-18,38.37372970581055,62.40999984741211,62.45000076293945,61.7400016784668,62.189998626708984,11983300
2009-11-19,38.2138671875,62.150001525878906,62.290000915527344,61.5099983215332,62.15999984741211,9302600
2009-11-20,37.9986572265625,61.79999923706055,62.220001220703125,61.47999954223633,62.0,12353500
2009-11-23,38.570491790771484,62.72999954223633,62.959999084472656,62.119998931884766,62.20000076293945,10581500
2009-11-24,38.613521575927734,62.79999923706055,62.95000076293945,62.380001068115234,62.77000045776367,9769700
2009-11-25,38.65657424926758,62.869998931884766,63.47999954223633,62.70000076293945,62.939998626708984,8235200
2009-11-27,38.4167594909668,62.47999954223633,62.75,61.599998474121094,61.88999938964844,6195500
2009-11-30,38.33684158325195,62.349998474121094,63.0,62.119998931884766,62.369998931884766,12382400
2009-12-01,38.6811637878418,62.90999984741211,63.349998474121094,62.599998474121094,62.61000061035156,9560600
2009-12-02,38.853328704833984,63.189998626708984,63.38999938964844,62.849998474121094,62.93000030517578,9023800
2009-12-03,38.46596145629883,62.560001373291016,63.36000061035156,62.41999816894531,63.09000015258789,9844300
2009-12-04,38.49056625366211,62.599998474121094,63.29999923706055,62.25,63.150001525878906,11300000
2009-12-07,38.41062927246094,62.470001220703125,62.72999954223633,62.040000915527344,62.38999938964844,8948000
2009-12-08,38.04169464111328,61.869998931884766,62.29999923706055,61.599998474121094,62.13999938964844,11168700
2009-12-09,38.269203186035156,62.2400016784668,62.40999984741211,61.70000076293945,61.93000030517578,9118300
2009-12-10,38.269203186035156,62.2400016784668,62.849998474121094,62.08000183105469,62.349998474121094,10030400
2009-12-11,38.330692291259766,62.34000015258789,62.849998474121094,62.209999084472656,62.290000915527344,8932500
2009-12-14,38.742645263671875,63.0099983215332,63.08000183105469,62.38999938964844,62.540000915527344,9535800
2009-12-15,38.1954345703125,62.119998931884766,62.81999969482422,61.88999938964844,62.70000076293945,11430900
2009-12-16,38.22000503540039,62.15999984741211,62.66999816894531,62.119998931884766,62.380001068115234,9871800
2009-12-17,37.86954116821289,61.59000015258789,62.119998931884766,61.540000915527344,62.0,10983600
2009-12-18,37.84495544433594,61.54999923706055,62.0,60.40999984741211,61.97999954223633,22847800
2009-12-21,37.69121551513672,61.29999923706055,61.849998474121094,61.22999954223633,61.650001525878906,9550100
2009-12-22,37.69121551513672,61.29999923706055,61.5,61.02000045776367,61.13999938964844,7178900
2009-12-23,37.69736862182617,61.310001373291016,61.349998474121094,60.7599983215332,61.060001373291016,5630600
2009-12-24,37.67892837524414,61.279998779296875,61.47999954223633,61.04999923706055,61.25,3357000
2009-12-28,37.660491943359375,61.25,61.650001525878906,60.790000915527344,61.52000045776367,6880600
2009-12-29,37.86341094970703,61.58000183105469,61.880001068115234,61.150001525878906,61.15999984741211,7281400
2009-12-30,37.73427963256836,61.369998931884766,61.88999938964844,61.15999984741211,61.380001068115234,5666200
2009-12-31,37.27928161621094,60.630001068115234,61.529998779296875,60.560001373291016,61.52000045776367,5942200
2010-01-04,37.58055114746094,61.119998931884766,61.310001373291016,60.630001068115234,61.11000061035156,9190800
2010-01-05,37.592857360839844,61.13999938964844,61.279998779296875,60.599998474121094,61.130001068115234,8649400
2010-01-06,37.41453552246094,60.849998474121094,60.959999084472656,60.5,60.939998626708984,9908400
2010-01-07,37.21162414550781,60.52000045776367,60.70000076293945,60.2400016784668,60.58000183105469,8972800
2010-01-08,37.162437438964844,60.439998626708984,60.529998779296875,60.060001373291016,60.36000061035156,8464600
2010-01-11,37.01487731933594,60.20000076293945,60.27000045776367,59.0099983215332,60.08000183105469,14774600
2010-01-12,37.43913650512695,60.88999938964844,61.36000061035156,60.5,60.70000076293945,13460700
2010-01-13,37.826499938964844,61.52000045776367,61.790000915527344,60.90999984741211,61.040000915527344,16968100
2010-01-14,37.86341094970703,61.58000183105469,61.7400016784668,61.380001068115234,61.41999816894531,9139500
2010-01-15,37.396087646484375,60.81999969482422,61.86000061035156,60.439998626708984,61.599998474121094,15768300
2010-01-19,37.94947814941406,61.720001220703125,61.83000183105469,60.79999923706055,60.79999923706055,11577700
2010-01-20,37.43548583984375,60.45000076293945,61.040000915527344,60.099998474121094,60.970001220703125,11557800
2010-01-21,37.057708740234375,59.84000015258789,60.93000030517578,59.45000076293945,60.560001373291016,14298400
2010-01-22,37.348785400390625,60.310001373291016,60.689998626708984,59.220001220703125,59.75,17703200
2010-01-25,37.546939849853516,60.630001068115234,60.97999954223633,60.150001525878906,60.83000183105469,11630800
2010-01-26,37.58408737182617,60.689998626708984,60.95000076293945,60.0,60.16999816894531,13079000
2010-01-27,37.65841293334961,60.810001373291016,60.97999954223633,59.95000076293945,60.459999084472656,15228400
2010-01-28,38.19719314575195,61.68000030517578,63.310001373291016,61.58000183105469,61.66999816894531,26930000
2010-01-29,38.11668014526367,61.54999923706055,62.2400016784668,61.470001220703125,61.90999984741211,17067100
2010-02-01,38.38916015625,61.9900016784668,62.2400016784668,61.5099983215332,61.849998474121094,12908100
2010-02-02,38.95270919799805,62.900001525878906,63.040000915527344,61.65999984741211,61.93000030517578,17680700
2010-02-03,38.79789733886719,62.650001525878906,62.86000061035156,62.36000061035156,62.7400016784668,11083500
2010-02-04,38.0237922668457,61.400001525878906,62.34000015258789,61.310001373291016,62.20000076293945,14306600
2010-02-05,37.96185302734375,61.29999923706055,61.439998626708984,60.43000030517578,61.09000015258789,14844400
2010-02-08,37.78226852416992,61.0099983215332,61.5099983215332,60.810001373291016,61.060001373291016,11431800
2010-02-09,38.24673843383789,61.7599983215332,62.0,61.0099983215332,61.380001068115234,11427100
2010-02-10,38.190982818603516,61.66999816894531,61.849998474121094,61.220001220703125,61.7400016784668,9854600
2010-02-11,38.37057876586914,61.959999084472656,62.15999984741211,61.27000045776367,61.41999816894531,10383400
2010-02-12,38.24673843383789,61.7599983215332,62.130001068115234,61.290000915527344,61.7599983215332,16188300
2010-02-16,38.90936279296875,62.83000183105469,62.869998931884766,62.349998474121094,62.599998474121094,13273100
2010-02-17,38.9217529296875,62.849998474121094,62.970001220703125,62.5099983215332,62.79999923706055,14384400
2010-02-18,39.25614929199219,63.38999938964844,63.5,62.349998474121094,62.72999954223633,17709000
2010-02-19,39.293312072753906,63.45000076293945,63.7400016784668,63.02000045776367,63.27000045776367,10897800
2010-02-22,39.27472686767578,63.41999816894531,63.880001068115234,63.29999923706055,63.689998626708984,9675300
2010-02-23,39.14469528198242,63.209999084472656,63.81999969482422,62.91999816894531,63.22999954223633,11948500
2010-02-24,39.565792083740234,63.88999938964844,63.959999084472656,63.130001068115234,63.220001220703125,12808800
2010-02-25,39.448123931884766,63.70000076293945,63.86000061035156,63.0099983215332,63.22999954223633,10085600
2010-02-26,39.188026428222656,63.279998779296875,63.880001068115234,63.13999938964844,63.75,10640900
2010-03-01,39.33046340942383,63.5099983215332,63.79999923706055,63.150001525878906,63.459999084472656,7748600
2010-03-02,39.454315185546875,63.709999084472656,63.869998931884766,63.34000015258789,63.720001220703125,8004000
2010-03-03,39.3552360534668,63.54999923706055,63.900001525878906,63.43000030517578,63.65999984741211,8608300
2010-03-04,39.42955780029297,63.66999816894531,64.1500015258789,63.40999984741211,63.650001525878906,8600300
2010-03-05,39.44193649291992,63.689998626708984,63.779998779296875,63.04999923706055,63.689998626708984,10101100
2010-03-08,39.13228988647461,63.189998626708984,63.66999816894531,63.029998779296875,63.54999923706055,11293300
2010-03-09,39.20042037963867,63.29999923706055,63.5,63.04999923706055,63.08000183105469,7100900
2010-03-10,39.02082824707031,63.0099983215332,63.290000915527344,62.86000061035156,63.22999954223633,9813200
2010-03-11,39.11991882324219,63.16999816894531,63.18000030517578,62.5099983215332,62.7599983215332,10047900
2010-03-12,39.212791442871094,63.31999969482422,63.54999923706055,63.060001373291016,63.33000183105469,8099000
2010-03-15,39.448123931884766,63.70000076293945,63.70000076293945,63.189998626708984,63.189998626708984,7674900
2010-03-16,39.34284210205078,63.529998779296875,63.900001525878906,63.41999816894531,63.720001220703125,8939300
2010-03-17,39.64009475708008,64.01000213623047,64.02999877929688,63.369998931884766,63.779998779296875,10135400
2010-03-18,39.46671676635742,63.72999954223633,64.12999725341797,63.650001525878906,63.900001525878906,8867400
2010-03-19,39.53483200073242,63.84000015258789,64.0,63.52000045776367,63.84000015258789,17458100
2010-03-22,39.55960464477539,63.880001068115234,64.0999984741211,63.52000045776367,63.52000045776367,9648000
2010-03-23,39.96212387084961,64.52999877929688,64.58000183105469,63.65999984741211,63.93000030517578,11807900
2010-03-24,39.39237976074219,63.61000061035156,64.4000015258789,63.47999954223633,64.33000183105469,11732100
2010-03-25,39.39858627319336,63.619998931884766,64.12000274658203,63.58000183105469,63.939998626708984,8203200
2010-03-26,39.44193649291992,63.689998626708984,63.93000030517578,63.400001525878906,63.68000030517578,10630300
2010-03-29,39.46671676635742,63.72999954223633,64.04000091552734,63.59000015258789,63.72999954223633,8176700
2010-03-30,39.42335510253906,63.65999984741211,63.970001220703125,63.5099983215332,63.72999954223633,6113600
2010-03-31,39.18183898925781,63.27000045776367,63.66999816894531,63.18000030517578,63.529998779296875,8193800
2010-04-01,39.23758316040039,63.36000061035156,63.70000076293945,63.20000076293945,63.470001220703125,10554900
2010-04-05,39.48529052734375,63.7599983215332,63.88999938964844,63.29999923706055,63.38999938964844,8579800
2010-04-06,39.082763671875,63.11000061035156,63.59000015258789,63.0099983215332,63.58000183105469,11052300
2010-04-07,38.70500564575195,62.5,63.0,62.209999084472656,62.90999984741211,14043500
2010-04-08,38.74216079711914,62.560001373291016,62.849998474121094,62.119998931884766,62.45000076293945,8458800
2010-04-09,38.84742736816406,62.72999954223633,63.0,62.5099983215332,62.56999969482422,9146700
2010-04-12,38.82886505126953,62.70000076293945,62.97999954223633,62.40999984741211,62.45000076293945,9164400
2010-04-13,39.014617919921875,63.0,63.34000015258789,62.58000183105469,62.599998474121094,11229400
2010-04-14,39.13228988647461,63.189998626708984,63.22999954223633,62.709999084472656,62.91999816894531,7685600
2010-04-15,39.014617919921875,63.0,63.13999938964844,62.720001220703125,63.029998779296875,11314800
2010-04-16,38.9217529296875,62.849998474121094,63.4900016784668,62.630001068115234,62.79999923706055,12568700
2010-04-19,39.15087890625,63.220001220703125,63.25,62.70000076293945,62.81999969482422,9548900
2010-04-20,39.13228988647461,63.189998626708984,63.4900016784668,63.029998779296875,63.470001220703125,11230400
2010-04-21,39.40479278564453,63.630001068115234,63.65999984741211,63.119998931884766,63.209999084472656,9858500
2010-04-22,39.38001251220703,63.59000015258789,63.7400016784668,63.22999954223633,63.5099983215332,8372900
2010-04-23,39.34905242919922,63.540000915527344,63.63999938964844,63.20000076293945,63.47999954223633,8452600
2010-04-26,39.59675598144531,63.939998626708984,64.0,63.400001525878906,63.45000076293945,9262400
2010-04-27,39.082763671875,63.11000061035156,63.900001525878906,63.040000915527344,63.2400016784668,12849900
2010-04-28,39.42098617553711,63.16999816894531,63.459999084472656,62.40999984741211,62.650001525878906,13090000
2010-04-29,38.815673828125,62.20000076293945,62.970001220703125,60.83000183105469,62.279998779296875,27302400
2010-04-30,38.79070281982422,62.15999984741211,63.0,62.11000061035156,62.529998779296875,15768900
2010-05-03,39.11520767211914,62.68000030517578,62.84000015258789,61.84000015258789,62.41999816894531,9756600
2010-05-04,38.509883880615234,61.709999084472656,62.529998779296875,61.560001373291016,62.29999923706055,11402600
2010-05-05,38.79070281982422,62.15999984741211,62.56999969482422,61.5,61.619998931884766,11611000
2010-05-06,37.910789489746094,60.75,62.66999816894531,39.369998931884766,61.90999984741211,28560400
2010-05-07,37.63623046875,60.310001373291016,61.20000076293945,60.0,60.61000061035156,23976600
2010-05-10,38.95294952392578,62.41999816894531,62.70000076293945,61.15999984741211,61.56999969482422,16011300
2010-05-11,38.921756744384766,62.369998931884766,62.970001220703125,61.97999954223633,62.040000915527344,12397400
2010-05-12,39.327396392822266,63.02000045776367,63.130001068115234,62.099998474121094,62.11000061035156,11004800
2010-05-13,39.15888595581055,62.75,63.41999816894531,62.72999954223633,62.90999984741211,11157600
2010-05-14,39.02783966064453,62.540000915527344,63.20000076293945,62.150001525878906,62.7599983215332,14651600
2010-05-17,39.55204391479492,63.380001068115234,63.47999954223633,62.65999984741211,63.0099983215332,14659000
2010-05-18,39.445960998535156,63.209999084472656,63.95000076293945,63.130001068115234,63.400001525878906,15873100
2010-05-19,39.45219421386719,63.220001220703125,63.599998474121094,62.810001373291016,63.099998474121094,15928300
2010-05-20,38.44747543334961,61.61000061035156,62.540000915527344,61.58000183105469,62.470001220703125,23365800
2010-05-21,38.597251892089844,61.849998474121094,61.880001068115234,60.369998931884766,60.400001525878906,23162500
2010-05-24,38.316436767578125,61.400001525878906,61.97999954223633,61.0,61.43000030517578,12718900
2010-05-25,38.09800720214844,61.04999923706055,61.119998931884766,60.04999923706055,60.150001525878906,18250900
2010-05-26,37.71734619140625,60.439998626708984,61.209999084472656,60.33000183105469,60.869998931884766,17432200
2010-05-27,38.035614013671875,60.95000076293945,61.16999816894531,60.61000061035156,60.880001068115234,14963400
2010-05-28,38.12297439575195,61.09000015258789,61.68000030517578,60.849998474121094,60.95000076293945,13952100
2010-06-01,38.16666030883789,61.15999984741211,61.7400016784668,60.52000045776367,60.88999938964844,15341700
2010-06-02,38.528594970703125,61.7400016784668,61.83000183105469,61.040000915527344,61.15999984741211,12985200
2010-06-03,38.56604766845703,61.79999923706055,62.13999938964844,61.70000076293945,61.970001220703125,10739800
2010-06-04,37.94200134277344,60.79999923706055,61.119998931884766,60.56999969482422,61.119998931884766,17909700
2010-06-07,37.82966613769531,60.619998931884766,61.06999969482422,60.59000015258789,60.720001220703125,13182300
2010-06-08,38.778221130371094,62.13999938964844,62.2400016784668,60.4900016784668,60.68000030517578,15336800
2010-06-09,38.36011505126953,61.470001220703125,62.599998474121094,61.27000045776367,62.45000076293945,14211600
2010-06-10,38.63468933105469,61.90999984741211,62.290000915527344,61.66999816894531,61.970001220703125,14756000
2010-06-11,38.07305145263672,61.0099983215332,61.400001525878906,60.380001068115234,61.349998474121094,19772400
2010-06-14,38.22282028198242,61.25,61.720001220703125,61.209999084472656,61.38999938964844,10972800
2010-06-15,38.63468933105469,61.90999984741211,61.93000030517578,61.34000015258789,61.61000061035156,11944100
2010-06-16,38.18538284301758,61.189998626708984,61.7400016784668,60.83000183105469,61.52000045776367,14628800
2010-06-17,38.54109191894531,61.7599983215332,61.81999969482422,60.83000183105469,61.18000030517578,12060100
2010-06-18,38.25400924682617,61.29999923706055,61.939998626708984,61.20000076293945,61.79999923706055,17518700
2010-06-21,38.12921142578125,61.099998474121094,61.790000915527344,60.779998779296875,61.720001220703125,9688200
2010-06-22,37.89207458496094,60.720001220703125,61.650001525878906,60.689998626708984,61.060001373291016,13228700
2010-06-23,38.3039436340332,61.380001068115234,61.56999969482422,60.709999084472656,60.88999938964844,13424400
2010-06-24,37.98569107055664,60.869998931884766,61.380001068115234,60.75,61.06999969482422,12932700
2010-06-25,37.31171798706055,59.790000915527344,60.9900016784668,59.790000915527344,60.88999938964844,44195600
2010-06-28,37.82966613769531,60.619998931884766,60.939998626708984,59.56999969482422,60.0,14115500
2010-06-29,37.642452239990234,60.31999969482422,60.540000915527344,59.75,60.33000183105469,17814300
2010-06-30,37.43027877807617,59.97999954223633,60.540000915527344,59.709999084472656,60.130001068115234,17273600
2010-07-01,37.15570831298828,59.540000915527344,60.290000915527344,59.36000061035156,59.84000015258789,19338700
2010-07-02,37.05586624145508,59.380001068115234,59.88999938964844,59.209999084472656,59.630001068115234,12101900
2010-07-06,37.03089141845703,59.34000015258789,59.93000030517578,58.91999816894531,59.880001068115234,13959000
2010-07-07,37.95448684692383,60.81999969482422,60.90999984741211,59.130001068115234,59.5,15470000
2010-07-08,38.6596565246582,61.95000076293945,61.970001220703125,60.779998779296875,60.84000015258789,14770600
2010-07-09,38.53484344482422,61.75,61.939998626708984,61.36000061035156,61.939998626708984,9626800
2010-07-12,38.74701690673828,62.09000015258789,62.15999984741211,61.34000015258789,61.540000915527344,8324500
2010-07-13,38.93423080444336,62.38999938964844,62.849998474121094,62.16999816894531,62.29999923706055,10497300
2010-07-14,39.102725982666016,62.65999984741211,62.790000915527344,62.0,62.209999084472656,13797100
2010-07-15,39.14641189575195,62.72999954223633,62.88999938964844,62.349998474121094,62.619998931884766,10267200
2010-07-16,38.68461227416992,61.9900016784668,62.66999816894531,61.630001068115234,62.45000076293945,14142400
2010-07-19,38.603485107421875,61.86000061035156,62.290000915527344,61.709999084472656,61.9900016784668,9643600
2010-07-20,38.73453140258789,62.06999969482422,62.119998931884766,61.209999084472656,61.630001068115234,10930100
2010-07-21,38.433902740478516,61.11000061035156,61.81999969482422,60.86000061035156,61.720001220703125,14913600
2010-07-22,38.597434997558594,61.369998931884766,61.91999816894531,61.0099983215332,61.060001373291016,13007300
2010-07-23,38.937042236328125,61.90999984741211,61.959999084472656,61.209999084472656,61.400001525878906,8461600
2010-07-26,39.320701599121094,62.52000045776367,62.58000183105469,61.65999984741211,61.65999984741211,7807300
2010-07-27,39.67289733886719,63.08000183105469,63.36000061035156,62.349998474121094,62.720001220703125,12532500
2010-07-28,39.43391036987305,62.70000076293945,63.130001068115234,62.560001373291016,62.880001068115234,7844500
2010-07-29,38.78611373901367,61.66999816894531,62.380001068115234,61.220001220703125,62.20000076293945,15776400
2010-07-30,38.46534729003906,61.15999984741211,61.529998779296875,60.81999969482422,61.15999984741211,11931700
2010-08-02,39.03140640258789,62.060001373291016,62.09000015258789,61.5099983215332,61.95000076293945,11167800
2010-08-03,37.69807052612305,59.939998626708984,60.20000076293945,59.54999923706055,59.86000061035156,24449800
2010-08-04,37.45277786254883,59.54999923706055,60.56999969482422,59.54999923706055,60.06999969482422,19654100
2010-08-05,37.647743225097656,59.86000061035156,60.20000076293945,59.400001525878906,59.54999923706055,12620400
2010-08-06,37.74836730957031,60.02000045776367,60.040000915527344,59.16999816894531,59.5,12649700
2010-08-09,37.97479248046875,60.380001068115234,60.83000183105469,59.86000061035156,60.38999938964844,11104800
2010-08-10,38.22636032104492,60.779998779296875,61.34000015258789,60.08000183105469,60.099998474121094,13450200
2010-08-11,37.905609130859375,60.27000045776367,60.63999938964844,60.0,60.18000030517578,12946800
2010-08-12,37.72951126098633,59.9900016784668,60.47999954223633,59.380001068115234,59.9900016784668,11580500
2010-08-13,37.622589111328125,59.81999969482422,60.599998474121094,59.689998626708984,59.7400016784668,8805300
2010-08-16,37.59114456176758,59.77000045776367,60.20000076293945,59.31999969482422,59.630001068115234,13138100
2010-08-17,37.918182373046875,60.290000915527344,60.91999816894531,59.93000030517578,60.310001373291016,10878200
2010-08-18,38.20750427246094,60.75,61.060001373291016,60.040000915527344,60.15999984741211,10739300
2010-08-19,37.855281829833984,60.189998626708984,60.630001068115234,59.849998474121094,60.54999923706055,9822700
2010-08-20,37.72321701049805,59.97999954223633,60.16999816894531,59.66999816894531,59.939998626708984,12107000
2010-08-23,37.754669189453125,60.029998779296875,60.38999938964844,59.86000061035156,60.0099983215332,8468500
2010-08-24,37.521949768066406,59.65999984741211,60.02000045776367,59.58000183105469,59.70000076293945,13728400
2010-08-25,37.528255462646484,59.66999816894531,59.900001525878906,59.400001525878906,59.790000915527344,10394900
2010-08-26,37.446502685546875,59.540000915527344,59.90999984741211,59.400001525878906,59.90999984741211,10264400
2010-08-27,37.610023498535156,59.79999923706055,59.91999816894531,59.25,59.709999084472656,10317400
2010-08-30,37.33957290649414,59.369998931884766,59.90999984741211,59.34000015258789,59.709999084472656,7462000
2010-08-31,37.528255462646484,59.66999816894531,59.75,59.25,59.310001373291016,12590100
2010-09-01,37.610023498535156,59.79999923706055,60.04999923706055,59.529998779296875,59.900001525878906,14748800
2010-09-02,37.77981948852539,60.06999969482422,60.29999923706055,59.709999084472656,59.7400016784668,10257800
2010-09-03,37.918182373046875,60.290000915527344,60.5,59.83000183105469,60.2599983215332,8970100
2010-09-07,37.82383346557617,60.13999938964844,60.45000076293945,59.91999816894531,60.0099983215332,7420600
2010-09-08,37.968502044677734,60.369998931884766,60.5,60.150001525878906,60.150001525878906,7719500
2010-09-09,37.918182373046875,60.290000915527344,60.689998626708984,60.209999084472656,60.66999816894531,7937500
2010-09-10,37.98738098144531,60.400001525878906,60.630001068115234,60.279998779296875,60.5099983215332,7379100
2010-09-13,38.037689208984375,60.47999954223633,60.7400016784668,60.220001220703125,60.650001525878906,9808100
2010-09-14,38.1383171081543,60.63999938964844,60.939998626708984,60.31999969482422,60.38999938964844,11011300
2010-09-15,38.433902740478516,61.11000061035156,61.40999984741211,60.529998779296875,60.560001373291016,9189700
2010-09-16,38.433902740478516,61.11000061035156,61.11000061035156,60.65999984741211,60.869998931884766,7647900
2010-09-17,38.345863342285156,60.970001220703125,61.470001220703125,60.810001373291016,61.310001373291016,17798000
2010-09-20,38.63516616821289,61.43000030517578,61.59000015258789,60.90999984741211,61.0099983215332,9053600
2010-09-21,38.691768646240234,61.52000045776367,61.86000061035156,61.22999954223633,61.45000076293945,11303600
2010-09-22,38.861576080322266,61.790000915527344,62.0,61.41999816894531,61.529998779296875,9646300
2010-09-23,38.50307846069336,61.220001220703125,61.58000183105469,61.150001525878906,61.41999816894531,10107400
2010-09-24,38.76723098754883,61.63999938964844,61.810001373291016,61.36000061035156,61.5,10602800
2010-09-27,38.38987731933594,61.040000915527344,61.70000076293945,61.02000045776367,61.45000076293945,10284100
2010-09-28,38.125732421875,60.619998931884766,61.130001068115234,60.349998474121094,61.0099983215332,11367300
2010-09-29,37.89303970336914,60.25,60.619998931884766,60.029998779296875,60.459999084472656,9709400
2010-09-30,37.71693420410156,59.970001220703125,60.650001525878906,59.84000015258789,60.31999969482422,13101700
2010-10-01,37.83642578125,60.15999984741211,60.369998931884766,59.95000076293945,60.09000015258789,10253300
2010-10-04,37.710636138916016,59.959999084472656,60.349998474121094,59.68000030517578,60.0099983215332,11620700
2010-10-05,38.25151443481445,60.81999969482422,60.90999984741211,59.9900016784668,60.2599983215332,11412700
2010-10-06,38.28296661376953,60.869998931884766,60.9900016784668,60.29999923706055,60.75,7229800
2010-10-07,38.23893737792969,60.79999923706055,61.13999938964844,60.75,60.9900016784668,23255800
2010-10-08,38.90559005737305,61.86000061035156,62.0,60.900001525878906,61.0,30692500
2010-10-11,39.081703186035156,62.13999938964844,62.209999084472656,61.86000061035156,61.91999816894531,7425200
2010-10-12,39.00623321533203,62.02000045776367,62.18000030517578,61.560001373291016,62.0099983215332,24975000
2010-10-13,39.38987350463867,62.630001068115234,62.93000030517578,62.08000183105469,62.22999954223633,9906000
2010-10-14,39.49681091308594,62.79999923706055,62.84000015258789,62.52000045776367,62.66999816894531,8771400
2010-10-15,39.47163772583008,62.7599983215332,63.0,62.54999923706055,62.970001220703125,9943500
2010-10-18,39.84272003173828,63.349998474121094,63.52000045776367,62.63999938964844,62.880001068115234,11449200
2010-10-19,39.73579025268555,63.18000030517578,63.560001373291016,62.900001525878906,62.97999954223633,12109100
2010-10-20,40.16168212890625,63.369998931884766,63.619998931884766,62.77000045776367,62.880001068115234,10344900
2010-10-21,40.250404357910156,63.5099983215332,63.97999954223633,62.599998474121094,63.59000015258789,9612900
2010-10-22,40.18070983886719,63.400001525878906,63.70000076293945,63.130001068115234,63.529998779296875,5933400
2010-10-25,40.26942825317383,63.540000915527344,63.810001373291016,63.47999954223633,63.72999954223633,8928400
2010-10-26,39.83845901489258,62.86000061035156,63.439998626708984,62.52000045776367,63.119998931884766,12935900
2010-10-27,39.97789001464844,63.08000183105469,63.349998474121094,62.72999954223633,63.33000183105469,13348100
2010-10-28,40.047603607177734,63.189998626708984,63.560001373291016,63.060001373291016,63.130001068115234,9231200
2010-10-29,40.28843307495117,63.56999969482422,63.849998474121094,63.189998626708984,63.22999954223633,11368300
2010-11-01,40.32011795043945,63.619998931884766,64.13999938964844,63.400001525878906,63.880001068115234,11926700
2010-11-02,40.5736198425293,64.0199966430664,64.27999877929688,63.849998474121094,63.869998931884766,8129000
2010-11-03,40.757415771484375,64.30999755859375,64.36000061035156,63.83000183105469,64.0,8621300
2010-11-04,41.1947135925293,65.0,65.0,64.38999938964844,64.52999877929688,11807500
2010-11-05,41.1947135925293,65.0,65.0,64.62000274658203,64.91000366210938,9747000
2010-11-08,41.036285400390625,64.75,64.91999816894531,64.56999969482422,64.87000274658203,7203100
2010-11-09,41.07429504394531,64.80999755859375,64.94000244140625,64.61000061035156,64.77999877929688,8461200
2010-11-10,40.92219924926758,64.56999969482422,64.80000305175781,64.36000061035156,64.66999816894531,8151400
2010-11-11,40.78911590576172,64.36000061035156,64.58000183105469,64.05999755859375,64.31999969482422,7003900
2010-11-12,40.77012252807617,64.33000183105469,64.5199966430664,64.0199966430664,64.26000213623047,9280400
2010-11-15,40.7447395324707,64.29000091552734,64.91000366210938,64.13999938964844,64.55000305175781,10861200
2010-11-16,40.21238327026367,63.45000076293945,64.37000274658203,63.099998474121094,64.36000061035156,14384500
2010-11-17,40.09831237792969,63.27000045776367,63.5,63.13999938964844,63.38999938964844,7938500
2010-11-18,40.5736198425293,64.0199966430664,64.2699966430664,63.5099983215332,63.59000015258789,11296700
2010-11-19,40.5926399230957,64.05000305175781,64.23999786376953,63.61000061035156,64.2300033569336,9495800
2010-11-22,40.2821044921875,63.560001373291016,63.790000915527344,63.029998779296875,63.58000183105469,9139700
2010-11-23,39.680015563964844,62.61000061035156,63.130001068115234,62.31999969482422,63.06999969482422,10488100
2010-11-24,39.67367935180664,62.599998474121094,62.970001220703125,62.400001525878906,62.959999084472656,8766300
2010-11-26,39.37580871582031,62.130001068115234,62.5,62.029998779296875,62.279998779296875,3916500
2010-11-29,39.37580871582031,62.130001068115234,62.2400016784668,61.66999816894531,62.04999923706055,8433700
2010-11-30,38.704017639160156,61.06999969482422,61.65999984741211,61.02000045776367,61.5099983215332,17675200
2010-12-01,39.38850402832031,62.150001525878906,62.34000015258789,61.5,61.56999969482422,11598600
2010-12-02,39.521568298339844,62.36000061035156,62.4900016784668,61.959999084472656,62.150001525878906,7866500
2010-12-03,39.50255584716797,62.33000183105469,62.5,61.970001220703125,62.45000076293945,8971900
2010-12-06,39.33145523071289,62.060001373291016,62.33000183105469,62.04999923706055,62.25,5849500
2010-12-07,39.38850402832031,62.150001525878906,62.630001068115234,62.0099983215332,62.189998626708984,9882400
2010-12-08,39.69269943237305,62.630001068115234,62.68000030517578,62.279998779296875,62.279998779296875,8344500
2010-12-09,39.844791412353516,62.869998931884766,62.970001220703125,62.529998779296875,62.65999984741211,8541200
2010-12-10,40.05393981933594,63.20000076293945,63.790000915527344,63.060001373291016,63.29999923706055,11510100
2010-12-13,40.047603607177734,63.189998626708984,63.52000045776367,63.150001525878906,63.310001373291016,8783600
2010-12-14,40.275753021240234,63.54999923706055,63.70000076293945,63.20000076293945,63.33000183105469,8626100
2010-12-15,40.33279800415039,63.63999938964844,63.90999984741211,63.560001373291016,63.61000061035156,11074500
2010-12-16,40.877838134765625,64.5,64.75,63.150001525878906,63.86000061035156,14337400
2010-12-17,41.07429504394531,64.80999755859375,65.04000091552734,64.29000091552734,64.54000091552734,23534700
2010-12-20,41.17570877075195,64.97000122070312,65.30999755859375,64.66999816894531,64.86000061035156,10616100
2010-12-21,41.112327575683594,64.87000274658203,65.37999725341797,64.63999938964844,65.22000122070312,8193900
2010-12-22,41.163028717041016,64.94999694824219,64.97000122070312,64.2699966430664,64.27999877929688,7083400
2010-12-23,41.34681701660156,65.23999786376953,65.29000091552734,64.76000213623047,64.76000213623047,5950800
2010-12-27,40.98558044433594,64.66999816894531,65.11000061035156,64.37000274658203,65.04000091552734,7195800
2010-12-28,41.0426139831543,64.76000213623047,64.83000183105469,64.4000015258789,64.80000305175781,4648400
2010-12-29,40.8144645690918,64.4000015258789,64.80000305175781,64.3499984741211,64.72000122070312,4916400
2010-12-30,40.73841094970703,64.27999877929688,64.48999786376953,64.05999755859375,64.4800033569336,3819900
2010-12-31,40.77012252807617,64.33000183105469,64.44999694824219,64.01000213623047,64.08000183105469,5245600
2011-01-03,41.04893493652344,64.7699966430664,64.88999938964844,64.0,64.38999938964844,10004000
2011-01-04,41.163028717041016,64.94999694824219,64.95999908447266,64.3499984741211,64.41000366210938,11333200
2011-01-05,41.06795883178711,64.80000305175781,65.08999633789062,64.63999938964844,64.66999816894531,7459600
2011-01-06,40.99825668334961,64.69000244140625,64.77999877929688,64.30999755859375,64.69000244140625,11585100
2011-01-07,40.877838134765625,64.5,64.87000274658203,64.16999816894531,64.62999725341797,11940000
2011-01-10,40.78911590576172,64.36000061035156,64.52999877929688,64.1500015258789,64.4000015258789,12253700
2011-01-11,40.586299896240234,64.04000091552734,64.5999984741211,63.7400016784668,64.5,9624200
2011-01-12,41.17570877075195,64.97000122070312,65.0,63.400001525878906,64.41000366210938,10150600
2011-01-13,41.49892807006836,65.4800033569336,65.5,64.91000366210938,64.91999816894531,9899100
2011-01-14,41.530616760253906,65.52999877929688,65.66000366210938,65.2699966430664,65.3499984741211,10947000
2011-01-18,41.5116081237793,65.5,65.94000244140625,65.44000244140625,65.6500015258789,12395900
2011-01-19,41.72355651855469,65.3499984741211,65.66999816894531,65.05000305175781,65.11000061035156,11763500
2011-01-20,42.01089096069336,65.80000305175781,65.9000015258789,65.3499984741211,65.44000244140625,12492800
2011-01-21,42.08110809326172,65.91000366210938,65.94999694824219,65.5199966430664,65.9000015258789,9554100
2011-01-24,42.50888442993164,66.58000183105469,66.69999694824219,65.79000091552734,65.9000015258789,10568200
2011-01-25,42.58549499511719,66.69999694824219,66.94999694824219,66.47000122070312,66.56999969482422,11064100
2011-01-26,42.208797454833984,66.11000061035156,66.91999816894531,66.06999969482422,66.88999938964844,9499500
2011-01-27,40.976585388183594,64.18000030517578,64.5,63.13999938964844,64.36000061035156,23967100
2011-01-28,40.98933410644531,64.19999694824219,64.33999633789062,63.84000015258789,63.900001525878906,14927400
2011-01-31,40.306190490722656,63.130001068115234,64.36000061035156,63.0099983215332,64.3499984741211,12568400
2011-02-01,40.17211151123047,62.91999816894531,63.61000061035156,62.720001220703125,63.43000030517578,14623900
2011-02-02,40.089088439941406,62.790000915527344,62.95000076293945,62.29999923706055,62.7599983215332,11626100
2011-02-03,40.15934371948242,62.900001525878906,63.130001068115234,62.650001525878906,62.65999984741211,8546700
2011-02-04,40.612648010253906,63.61000061035156,63.709999084472656,62.77000045776367,62.83000183105469,9827300
2011-02-07,41.21281051635742,64.55000305175781,64.80000305175781,63.79999923706055,63.95000076293945,12847100
2011-02-08,41.270259857177734,64.63999938964844,64.75,64.30000305175781,64.38999938964844,8193700
2011-02-09,41.11064529418945,64.38999938964844,64.87999725341797,64.08000183105469,64.63999938964844,11019900
2011-02-10,41.231971740722656,64.58000183105469,64.79000091552734,64.08000183105469,64.62999725341797,10977000
2011-02-11,41.327720642089844,64.7300033569336,64.97000122070312,64.08000183105469,64.08000183105469,8951600
2011-02-14,41.20641326904297,64.54000091552734,64.87000274658203,64.3499984741211,64.80999755859375,7093800
2011-02-15,40.810577392578125,63.91999816894531,64.69999694824219,63.66999816894531,64.69999694824219,11785000
2011-02-16,40.708412170410156,63.7599983215332,64.11000061035156,63.70000076293945,64.0999984741211,9851200
2011-02-17,40.86164474487305,64.0,64.20999908447266,63.45000076293945,63.58000183105469,7364600
2011-02-18,41.05318832397461,64.30000305175781,64.37999725341797,63.93000030517578,64.13999938964844,9093700
2011-02-22,40.90633773803711,64.06999969482422,64.37000274658203,63.619998931884766,63.72999954223633,9437500
2011-02-23,40.95740509033203,64.1500015258789,64.4000015258789,63.900001525878906,64.01000213623047,11711100
2011-02-24,40.255096435546875,63.04999923706055,64.38999938964844,62.83000183105469,64.31999969482422,15218000
2011-02-25,40.121028900146484,62.84000015258789,63.11000061035156,62.529998779296875,62.959999084472656,11370400
2011-02-28,40.255096435546875,63.04999923706055,63.2400016784668,62.619998931884766,62.79999923706055,11558200
2011-03-01,40.057193756103516,62.7400016784668,63.650001525878906,62.650001525878906,63.43000030517578,12134200
2011-03-02,39.84647750854492,62.40999984741211,62.84000015258789,62.31999969482422,62.599998474121094,10020700
2011-03-03,39.93586730957031,62.54999923706055,62.95000076293945,62.11000061035156,62.70000076293945,14193800
2011-03-04,39.60386276245117,62.029998779296875,62.72999954223633,61.560001373291016,62.5099983215332,11875900
2011-03-07,39.399566650390625,61.709999084472656,62.130001068115234,61.470001220703125,62.0,11300700
2011-03-08,39.616634368896484,62.04999923706055,62.25,61.72999954223633,61.75,10944000
2011-03-09,39.58470916748047,62.0,62.29999923706055,61.75,62.09000015258789,8781500
2011-03-10,39.259098052978516,61.4900016784668,61.91999816894531,61.209999084472656,61.720001220703125,12106800
2011-03-11,39.259098052978516,61.4900016784668,61.70000076293945,61.119998931884766,61.20000076293945,9586700
2011-03-14,39.16971206665039,61.349998474121094,61.38999938964844,60.790000915527344,61.040000915527344,9135600
2011-03-15,38.72917556762695,60.65999984741211,60.86000061035156,60.310001373291016,60.619998931884766,13092400
2011-03-16,38.135406494140625,59.72999954223633,60.5099983215332,59.70000076293945,60.47999954223633,16378600
2011-03-17,38.582332611083984,60.43000030517578,60.70000076293945,60.0,60.70000076293945,10646900
2011-03-18,38.69087219238281,60.599998474121094,61.06999969482422,60.119998931884766,60.91999816894531,17016800
2011-03-21,39.137794494628906,61.29999923706055,61.52000045776367,60.79999923706055,60.959999084472656,9602500
2011-03-22,38.90156173706055,60.93000030517578,61.41999816894531,60.880001068115234,61.04999923706055,7772900
2011-03-23,38.888797760009766,60.90999984741211,61.09000015258789,60.540000915527344,60.84000015258789,7998200
2011-03-24,39.03565216064453,61.13999938964844,61.279998779296875,60.75,61.22999954223633,8197900
2011-03-25,38.869632720947266,60.880001068115234,61.380001068115234,60.709999084472656,61.18000030517578,7757900
2011-03-28,38.72917556762695,60.65999984741211,61.34000015258789,60.61000061035156,61.08000183105469,8381500
2011-03-29,39.125038146972656,61.279998779296875,61.41999816894531,60.61000061035156,60.61000061035156,7684300
2011-03-30,39.56557083129883,61.970001220703125,61.970001220703125,61.380001068115234,61.459999084472656,7552100
2011-03-31,39.32933807373047,61.599998474121094,62.0,61.59000015258789,61.7599983215332,11569500
2011-04-01,39.63579177856445,62.08000183105469,62.29999923706055,61.7400016784668,61.880001068115234,8243700
2011-04-04,39.75071334838867,62.2599983215332,62.33000183105469,61.93000030517578,62.16999816894531,6438000
2011-04-05,39.37403106689453,61.66999816894531,62.2599983215332,61.599998474121094,62.02000045776367,9105800
2011-04-06,39.431495666503906,61.7599983215332,61.939998626708984,61.540000915527344,61.880001068115234,8249600
2011-04-07,39.667720794677734,62.130001068115234,62.150001525878906,61.470001220703125,61.619998931884766,7692800
2011-04-08,39.5208740234375,61.900001525878906,62.22999954223633,61.630001068115234,62.20000076293945,7271400
2011-04-11,39.70602035522461,62.189998626708984,62.5,61.900001525878906,62.02000045776367,7649500
2011-04-12,40.152950286865234,62.88999938964844,62.9900016784668,62.0,62.029998779296875,11415700
2011-04-13,40.216819763183594,62.9900016784668,63.06999969482422,62.720001220703125,62.84000015258789,10414900
2011-04-14,40.41471481323242,63.29999923706055,63.4900016784668,62.7599983215332,62.7599983215332,10027100
2011-04-15,40.976585388183594,64.18000030517578,64.20999908447266,63.09000015258789,63.459999084472656,12378300
2011-04-18,40.86164474487305,64.0,64.1500015258789,63.560001373291016,63.66999816894531,11323800
2011-04-19,40.77225875854492,63.86000061035156,64.31999969482422,63.560001373291016,64.22000122070312,9284200
2011-04-20,40.68288803100586,63.720001220703125,64.33999633789062,63.560001373291016,64.26000213623047,8844700
2011-04-21,40.395572662353516,63.27000045776367,63.75,63.0,63.61000061035156,10600800
2011-04-25,40.45941162109375,63.369998931884766,63.38999938964844,62.599998474121094,63.08000183105469,7369600
2011-04-26,40.753108978271484,63.83000183105469,64.0,63.279998779296875,63.45000076293945,9500000
2011-04-27,41.21338653564453,64.0199966430664,64.16000366210938,63.560001373291016,63.63999938964844,9896600
2011-04-28,41.52240753173828,64.5,64.58999633789062,62.93000030517578,63.2400016784668,13366000
2011-04-29,41.77989959716797,64.9000015258789,65.0999984741211,64.41000366210938,64.58000183105469,13357700
2011-05-02,41.96015930175781,65.18000030517578,65.44999694824219,65.0,65.23999786376953,8909000
2011-05-03,42.301334381103516,65.70999908447266,65.79000091552734,65.16000366210938,65.26000213623047,9924100
2011-05-04,42.79060363769531,66.47000122070312,66.5,65.58000183105469,65.69999694824219,14236900
2011-05-05,42.410762786865234,65.87999725341797,66.38999938964844,65.62999725341797,66.08000183105469,10812500
2011-05-06,42.018096923828125,65.2699966430664,66.33999633789062,65.04000091552734,66.20999908447266,11125800
2011-05-09,41.93440246582031,65.13999938964844,65.38999938964844,64.86000061035156,64.93000030517578,8698800
2011-05-10,42.314231872558594,65.7300033569336,65.88999938964844,65.25,65.29000091552734,8076200
2011-05-11,42.43654251098633,65.91999816894531,66.12000274658203,65.6500015258789,65.79000091552734,9176300
2011-05-12,43.02878952026367,66.83999633789062,66.98999786376953,65.81999969482422,66.02999877929688,11100000
2011-05-13,43.04167556762695,66.86000061035156,67.30999755859375,66.55000305175781,66.66999816894531,12601200
2011-05-16,43.09315872192383,66.94000244140625,67.30000305175781,66.51000213623047,66.66000366210938,9880600
2011-05-17,43.40216827392578,67.41999816894531,67.72000122070312,66.63999938964844,66.63999938964844,12185600
2011-05-18,43.37642288208008,67.37999725341797,67.5,66.97000122070312,67.4000015258789,8870300
2011-05-19,43.42791748046875,67.45999908447266,67.45999908447266,66.9000015258789,67.29000091552734,7425400
2011-05-20,43.3635368347168,67.36000061035156,67.5999984741211,67.18000030517578,67.41999816894531,9361500
2011-05-23,43.16399002075195,67.05000305175781,67.2300033569336,66.70999908447266,66.87999725341797,9406300
2011-05-24,43.13823318481445,67.01000213623047,67.25,66.80000305175781,66.9800033569336,7105200
2011-05-25,42.732669830322266,66.37999725341797,66.83000183105469,65.9000015258789,66.5999984741211,11639200
2011-05-26,42.610355377197266,66.19000244140625,66.30000305175781,65.76000213623047,66.19000244140625,8946700
2011-05-27,42.616790771484375,66.19999694824219,66.72000122070312,66.01000213623047,66.04000091552734,7973400
2011-05-31,43.13179016113281,67.0,67.0,66.33000183105469,66.33000183105469,10603900
2011-06-01,42.74553298950195,66.4000015258789,66.98999786376953,66.33999633789062,66.95999908447266,9579500
2011-06-02,42.49447250366211,66.01000213623047,66.5,65.66000366210938,66.45999908447266,8540400
2011-06-03,42.121089935302734,65.43000030517578,65.81999969482422,65.25,65.55999755859375,8579100
2011-06-06,42.16615676879883,65.5,65.63999938964844,65.20999908447266,65.36000061035156,7668800
2011-06-07,41.882896423339844,65.05999755859375,65.54000091552734,65.01000213623047,65.45999908447266,8892500
2011-06-08,41.74771499633789,64.8499984741211,65.05000305175781,64.69000244140625,65.04000091552734,11292100
2011-06-09,41.85071563720703,65.01000213623047,65.44999694824219,64.86000061035156,65.02999877929688,10219500
2011-06-10,41.651145935058594,64.69999694824219,65.05000305175781,64.6500015258789,64.91999816894531,10509000
2011-06-13,41.69620132446289,64.7699966430664,65.18000030517578,64.51000213623047,64.6500015258789,8873100
2011-06-14,41.68976974487305,64.76000213623047,65.22000122070312,64.66000366210938,65.02999877929688,7240100
2011-06-15,41.046016693115234,63.7599983215332,64.5199966430664,63.33000183105469,64.51000213623047,11790300
2011-06-16,41.367897033691406,64.26000213623047,64.33000183105469,63.5,63.869998931884766,8894300
2011-06-17,41.644710540771484,64.69000244140625,65.12000274658203,64.52999877929688,64.6500015258789,10057200
2011-06-20,41.90220642089844,65.08999633789062,65.29000091552734,64.51000213623047,64.51000213623047,5911700
2011-06-21,41.34215545654297,64.22000122070312,65.23999786376953,64.16000366210938,65.23999786376953,11024200
2011-06-22,41.2391471862793,64.05999755859375,64.43000030517578,63.869998931884766,64.08000183105469,9107100
2011-06-23,40.85289764404297,63.459999084472656,63.72999954223633,62.79999923706055,63.72999954223633,11693900
2011-06-24,40.29282760620117,62.59000015258789,63.5,62.439998626708984,63.45000076293945,15278300
2011-06-27,40.44089889526367,62.81999969482422,63.25,62.630001068115234,62.7599983215332,6705500
2011-06-28,40.37651062011719,62.720001220703125,63.34000015258789,62.529998779296875,63.11000061035156,8551500
2011-06-29,40.26707077026367,62.54999923706055,62.900001525878906,62.36000061035156,62.869998931884766,11386200
2011-06-30,40.92369079589844,63.56999969482422,63.650001525878906,62.58000183105469,62.72999954223633,11807400
2011-07-01,41.37433624267578,64.2699966430664,64.44000244140625,63.34000015258789,63.470001220703125,9700500
2011-07-05,41.367897033691406,64.26000213623047,64.5,63.95000076293945,64.0999984741211,9224100
2011-07-06,41.651145935058594,64.69999694824219,64.94000244140625,64.33999633789062,64.52999877929688,9334700
2011-07-07,41.81209182739258,64.94999694824219,65.13999938964844,64.72000122070312,64.9800033569336,8973600
2011-07-08,41.79921340942383,64.93000030517578,65.11000061035156,64.52999877929688,65.04000091552734,9227800
2011-07-11,41.66403579711914,64.72000122070312,64.73999786376953,64.26000213623047,64.29000091552734,9206700
2011-07-12,41.541709899902344,64.52999877929688,65.05999755859375,64.38999938964844,64.4800033569336,11583700
2011-07-13,41.61251449584961,64.63999938964844,65.0199966430664,64.48999786376953,64.83999633789062,9154200
2011-07-14,41.58677673339844,64.5999984741211,64.80000305175781,64.36000061035156,64.55000305175781,13269400
2011-07-15,41.73484420776367,64.83000183105469,64.8499984741211,64.33000183105469,64.68000030517578,20588800
2011-07-18,41.55458450317383,64.55000305175781,64.79000091552734,64.27999877929688,64.69000244140625,13343700
2011-07-19,41.59321212768555,64.61000061035156,64.79000091552734,64.31999969482422,64.5999984741211,8393800
2011-07-20,41.66783905029297,64.19999694824219,64.44000244140625,64.04000091552734,64.26000213623047,13089600
2011-07-21,41.8560676574707,64.48999786376953,64.8499984741211,64.23999786376953,64.3499984741211,8564400
2011-07-22,41.700313568115234,64.25,64.73999786376953,64.13999938964844,64.45999908447266,6047200
2011-07-25,41.0901985168457,63.310001373291016,63.97999954223633,63.220001220703125,63.959999084472656,8801200
2011-07-26,40.94742202758789,63.09000015258789,63.70000076293945,63.08000183105469,63.470001220703125,8715200
2011-07-27,40.36978530883789,62.20000076293945,63.119998931884766,62.150001525878906,63.029998779296875,11165200
2011-07-28,40.188072204589844,61.91999816894531,62.43000030517578,61.849998474121094,62.15999984741211,7535600
2011-07-29,39.90897750854492,61.4900016784668,62.18000030517578,61.4900016784668,61.68000030517578,10380300
2011-08-01,39.87003707885742,61.43000030517578,62.310001373291016,61.0,62.15999984741211,10103800
2011-08-02,39.506595611572266,60.869998931884766,61.349998474121094,60.75,61.130001068115234,9609000
2011-08-03,39.415714263916016,60.72999954223633,60.9900016784668,60.4900016784668,60.7599983215332,13107900
2011-08-04,38.6693229675293,59.58000183105469,61.0,59.5,60.369998931884766,17790100
2011-08-05,39.324832916259766,60.59000015258789,61.400001525878906,59.31999969482422,61.060001373291016,23699300
2011-08-08,38.481101989746094,59.290000915527344,61.349998474121094,59.2400016784668,60.119998931884766,30994600
2011-08-09,39.084693908691406,60.220001220703125,60.900001525878906,57.560001373291016,60.52000045776367,31875700
2011-08-10,37.974857330322266,58.5099983215332,60.09000015258789,58.310001373291016,59.970001220703125,23417700
2011-08-11,39.23396682739258,60.45000076293945,61.09000015258789,58.61000061035156,58.720001220703125,18713900
2011-08-12,39.681827545166016,61.13999938964844,61.720001220703125,60.59000015258789,60.779998779296875,13520700
2011-08-15,40.162105560302734,61.880001068115234,61.959999084472656,61.060001373291016,61.869998931884766,12111500
2011-08-16,39.99334716796875,61.619998931884766,61.869998931884766,61.16999816894531,61.470001220703125,9420600
2011-08-17,40.02579879760742,61.66999816894531,62.119998931884766,61.25,61.779998779296875,7973100
2011-08-18,39.500091552734375,60.86000061035156,61.27000045776367,60.04999923706055,60.81999969482422,17846200
2011-08-19,39.564979553222656,60.959999084472656,61.5099983215332,60.22999954223633,60.5099983215332,16297700
2011-08-22,40.051761627197266,61.709999084472656,61.90999984741211,61.45000076293945,61.7400016784668,12676600
2011-08-23,40.90199661254883,63.02000045776367,63.220001220703125,61.7599983215332,61.95000076293945,15222400
2011-08-24,41.0901985168457,63.310001373291016,63.380001068115234,62.380001068115234,62.720001220703125,8417200
2011-08-25,40.58396530151367,62.529998779296875,63.470001220703125,62.20000076293945,63.25,15063000
2011-08-26,40.60993194580078,62.56999969482422,62.650001525878906,61.16999816894531,62.2400016784668,10374200
2011-08-29,40.94742202758789,63.09000015258789,63.290000915527344,62.779998779296875,62.779998779296875,9147700
2011-08-30,41.21352005004883,63.5,63.88999938964844,62.88999938964844,63.09000015258789,9181100
2011-08-31,41.33034896850586,63.68000030517578,63.95000076293945,63.38999938964844,63.459999084472656,8972600
2011-09-01,41.05776596069336,63.2599983215332,64.25,63.189998626708984,63.619998931884766,8871400
2011-09-02,40.59695816040039,62.54999923706055,63.06999969482422,62.40999984741211,62.79999923706055,8817300
2011-09-06,40.48660659790039,62.380001068115234,62.54999923706055,61.099998474121094,61.18000030517578,11458200
2011-09-07,40.707279205322266,62.720001220703125,63.04999923706055,62.619998931884766,62.75,8874900
2011-09-08,40.83060073852539,62.90999984741211,63.83000183105469,62.38999938964844,62.59000015258789,11124300
2011-09-09,40.13615036010742,61.84000015258789,62.5099983215332,61.56999969482422,62.40999984741211,12286400
2011-09-12,40.12964630126953,61.83000183105469,61.91999816894531,61.0,61.25,9865500
2011-09-13,40.20104217529297,61.939998626708984,62.099998474121094,61.16999816894531,61.77000045776367,8329200
2011-09-14,40.460655212402344,62.34000015258789,62.95000076293945,61.529998779296875,62.119998931884766,11547700
2011-09-15,40.74622344970703,62.779998779296875,62.779998779296875,62.099998474121094,62.45000076293945,9161300
2011-09-16,41.75222396850586,64.33000183105469,64.69999694824219,63.0099983215332,63.220001220703125,24690100
2011-09-19,41.41472244262695,63.810001373291016,64.0999984741211,63.52000045776367,63.63999938964844,11022700
2011-09-20,41.589969635009766,64.08000183105469,64.68000030517578,63.47999954223633,63.849998474121094,8215800
2011-09-21,40.90199661254883,63.02000045776367,64.45999908447266,62.959999084472656,64.37000274658203,9649100
2011-09-22,39.701290130615234,61.16999816894531,61.90999984741211,60.29999923706055,61.58000183105469,17381200
2011-09-23,39.75320816040039,61.25,61.27000045776367,60.400001525878906,60.939998626708984,9122500
2011-09-26,40.5904655456543,62.540000915527344,62.790000915527344,61.630001068115234,61.66999816894531,13364100
2011-09-27,41.05776596069336,63.2599983215332,63.97999954223633,62.7599983215332,63.08000183105469,10732400
2011-09-28,40.713768005371094,62.72999954223633,63.880001068115234,62.56999969482422,63.36000061035156,9031800
2011-09-29,41.343345642089844,63.70000076293945,64.05000305175781,62.9900016784668,63.540000915527344,9798600
2011-09-30,41.00584411621094,63.18000030517578,64.4000015258789,63.16999816894531,63.400001525878906,11358100
2011-10-03,40.785179138183594,62.84000015258789,64.22000122070312,62.75,63.689998626708984,12323800
2011-10-04,41.129146575927734,63.369998931884766,63.4900016784668,61.779998779296875,62.29999923706055,12800000
2011-10-05,41.10968780517578,63.34000015258789,63.63999938964844,62.790000915527344,63.25,12023100
2011-10-06,41.28493118286133,63.61000061035156,63.65999984741211,62.630001068115234,63.060001373291016,8691600
2011-10-07,41.47962188720703,63.90999984741211,64.4000015258789,63.650001525878906,63.970001220703125,8902000
2011-10-10,42.05727005004883,64.80000305175781,64.81999969482422,64.12999725341797,64.37000274658203,6663600
2011-10-11,41.90797424316406,64.56999969482422,64.83999633789062,64.23999786376953,64.23999786376953,5705600
2011-10-12,42.11569595336914,64.88999938964844,65.33999633789062,64.54000091552734,64.72000122070312,10206200
2011-10-13,41.95991897583008,64.6500015258789,64.80000305175781,63.970001220703125,64.51000213623047,7305200
2011-10-14,42.11569595336914,64.88999938964844,65.16999816894531,64.37000274658203,65.0,7485100
2011-10-17,41.70679473876953,64.26000213623047,65.44999694824219,64.05999755859375,64.83999633789062,7165000
2011-10-18,42.13515090942383,64.91999816894531,65.58999633789062,64.0999984741211,64.16000366210938,11796600
2011-10-19,42.367431640625,64.75,65.31999969482422,64.27999877929688,64.33000183105469,9099100
2011-10-20,42.58991622924805,65.08999633789062,65.27999877929688,64.47000122070312,64.9000015258789,7728400
2011-10-21,43.35547637939453,66.26000213623047,66.30000305175781,65.47000122070312,65.61000061035156,13026800
2011-10-24,42.773109436035156,65.37000274658203,65.88999938964844,65.01000213623047,65.75,9819000
2011-10-25,42.21039581298828,64.51000213623047,65.37000274658203,64.37000274658203,65.08999633789062,8919200
2011-10-26,42.4983024597168,64.94999694824219,65.01000213623047,64.18000030517578,64.9000015258789,9401200
2011-10-27,42.70115280151367,65.26000213623047,65.66999816894531,64.30999755859375,65.37000274658203,16764300
2011-10-28,42.35436248779297,64.7300033569336,65.02999877929688,64.31999969482422,64.83000183105469,10656200
2011-10-31,41.870140075683594,63.9900016784668,64.83000183105469,63.939998626708984,64.55000305175781,9438800
2011-11-01,41.03261184692383,62.709999084472656,63.599998474121094,62.5099983215332,63.369998931884766,13462600
2011-11-02,41.130775451660156,62.86000061035156,63.54999923706055,62.400001525878906,63.400001525878906,8783200
2011-11-03,41.35979080200195,63.209999084472656,63.52000045776367,62.88999938964844,63.310001373291016,8532600
2011-11-04,41.24199295043945,63.029998779296875,63.189998626708984,62.369998931884766,62.88999938964844,7758200
2011-11-07,41.52336120605469,63.459999084472656,63.56999969482422,62.689998626708984,63.029998779296875,6559500
2011-11-08,42.01409912109375,64.20999908447266,64.33999633789062,63.47999954223633,63.47999954223633,7422000
2011-11-09,41.039154052734375,62.720001220703125,63.83000183105469,62.560001373291016,63.79999923706055,9701300
2011-11-10,41.37942123413086,63.2400016784668,63.650001525878906,62.79999923706055,63.5099983215332,6143700
2011-11-11,41.80471420288086,63.88999938964844,64.13999938964844,63.58000183105469,63.75,5731100
2011-11-14,41.255096435546875,63.04999923706055,63.540000915527344,62.93000030517578,63.439998626708984,6832800
2011-11-15,41.58879089355469,63.560001373291016,63.900001525878906,63.099998474121094,63.380001068115234,7673800
2011-11-16,41.40557861328125,63.279998779296875,63.88999938964844,63.02000045776367,63.11000061035156,9228000
2011-11-17,41.183101654052734,62.939998626708984,63.650001525878906,62.540000915527344,63.150001525878906,8525500
2011-11-18,41.37942123413086,63.2400016784668,63.5,63.060001373291016,63.11000061035156,7624000
2011-11-21,40.34557342529297,61.65999984741211,62.970001220703125,61.45000076293945,62.540000915527344,13254400
2011-11-22,40.365211486816406,61.689998626708984,62.25,61.4900016784668,61.52000045776367,8321500
2011-11-23,39.9529914855957,61.060001373291016,61.5099983215332,61.0,61.310001373291016,7488200
2011-11-25,39.913734436035156,61.0,61.790000915527344,61.0,61.20000076293945,4734800
2011-11-28,40.72508239746094,62.2400016784668,62.459999084472656,61.56999969482422,61.650001525878906,7673200
2011-11-29,40.91482925415039,62.529998779296875,62.95000076293945,62.36000061035156,62.47999954223633,6442700
2011-11-30,42.24964141845703,64.56999969482422,64.58999633789062,63.189998626708984,63.22999954223633,15034500
2011-12-01,41.92903518676758,64.08000183105469,64.79000091552734,63.869998931884766,64.58000183105469,9387600
2011-12-02,42.308555603027344,64.66000366210938,64.86000061035156,64.2699966430664,64.68000030517578,9952600
2011-12-05,42.426326751708984,64.83999633789062,64.94000244140625,64.44999694824219,64.88999938964844,9820200
2011-12-06,42.426326751708984,64.83999633789062,65.0,64.48999786376953,64.6500015258789,8315400
2011-12-07,42.68150329589844,65.2300033569336,65.5,64.6500015258789,64.79000091552734,11144700
2011-12-08,42.18423843383789,64.47000122070312,65.0,64.30000305175781,64.87000274658203,8352600
2011-12-09,42.511390686035156,64.97000122070312,65.16999816894531,64.5999984741211,64.66000366210938,7647800
2011-12-12,42.07953643798828,64.30999755859375,64.91999816894531,63.939998626708984,64.58000183105469,8793500
2011-12-13,42.35436248779297,64.7300033569336,65.33000183105469,64.4000015258789,64.54000091552734,11126100
2011-12-14,42.17115020751953,64.44999694824219,64.94999694824219,64.31999969482422,64.47000122070312,10326700
2011-12-15,42.52448654174805,64.98999786376953,65.20999908447266,64.6500015258789,64.83000183105469,9654800
2011-12-16,42.62263107299805,65.13999938964844,65.62999725341797,64.81999969482422,65.43000030517578,18291900
2011-12-19,42.4983024597168,64.94999694824219,65.58999633789062,64.73999786376953,65.3499984741211,8172300
2011-12-20,43.04793930053711,65.79000091552734,65.91000366210938,65.20999908447266,65.23999786376953,9797100
2011-12-21,43.185340881347656,66.0,66.0,65.5,65.5,9479000
2011-12-22,43.30967712402344,66.19000244140625,66.23999786376953,65.79000091552734,65.83999633789062,7666300
2011-12-23,43.62373352050781,66.66999816894531,66.69000244140625,66.01000213623047,66.20999908447266,5209800
2011-12-27,43.70226287841797,66.79000091552734,66.94999694824219,66.06999969482422,66.12999725341797,5604700
2011-12-28,43.53868103027344,66.54000091552734,66.94999694824219,66.44999694824219,66.91000366210938,4152000
2011-12-29,43.820037841796875,66.97000122070312,66.9800033569336,66.6500015258789,66.7300033569336,4425900
2011-12-30,43.6499137878418,66.70999908447266,66.95999908447266,66.58999633789062,66.87999725341797,4062300
2012-01-03,43.72842788696289,66.83000183105469,67.0,66.2699966430664,66.30000305175781,11565900
2012-01-04,43.70880126953125,66.80000305175781,66.87999725341797,66.33999633789062,66.62999725341797,10595400
2012-01-05,43.52559280395508,66.5199966430664,66.6500015258789,66.25,66.44000244140625,10085300
2012-01-06,43.4208984375,66.36000061035156,66.62999725341797,65.93000030517578,66.51000213623047,8421200
2012-01-09,43.60410690307617,66.63999938964844,66.75,66.22000122070312,66.25,7836100
2012-01-10,43.401268005371094,66.33000183105469,66.87000274658203,66.06999969482422,66.8499984741211,10318900
2012-01-11,42.9759635925293,65.68000030517578,66.30999755859375,65.47000122070312,66.0999984741211,14676800
2012-01-12,43.06101608276367,65.80999755859375,66.0,65.55999755859375,66.0,29758100
2012-01-13,43.06101608276367,65.80999755859375,65.83000183105469,65.37000274658203,65.55999755859375,33539100
2012-01-17,43.35547637939453,66.26000213623047,66.51000213623047,65.94999694824219,65.95999908447266,35728800
2012-01-18,43.5500373840332,66.02999877929688,66.12999725341797,65.81999969482422,65.9000015258789,10386800
2012-01-19,43.58301544189453,66.08000183105469,66.25,65.41999816894531,65.95999908447266,9346600
2012-01-20,43.68194580078125,66.2300033569336,66.25,65.44999694824219,65.62999725341797,12190100
2012-01-23,42.870697021484375,65.0,65.94000244140625,64.77999877929688,65.91000366210938,14828100
2012-01-24,42.540924072265625,64.5,64.75,64.04000091552734,64.63999938964844,9742400
2012-01-25,42.857505798339844,64.9800033569336,65.1500015258789,64.18000030517578,64.37999725341797,10913100
2012-01-26,42.73878860473633,64.80000305175781,65.37999725341797,64.7300033569336,65.0999984741211,11932100
2012-01-27,42.40901184082031,64.30000305175781,64.97000122070312,63.65999984741211,64.30999755859375,10979900
2012-01-30,41.69010925292969,63.209999084472656,63.79999923706055,63.029998779296875,63.79999923706055,12492000
2012-01-31,41.57797622680664,63.040000915527344,63.54999923706055,62.70000076293945,63.41999816894531,11358600
2012-02-01,41.69010925292969,63.209999084472656,63.70000076293945,63.189998626708984,63.41999816894531,12900500
2012-02-02,41.76265335083008,63.31999969482422,63.630001068115234,63.25,63.349998474121094,12613100
2012-02-03,41.39990234375,62.77000045776367,63.86000061035156,62.560001373291016,63.36000061035156,17440500
2012-02-06,41.88797378540039,63.5099983215332,63.61000061035156,62.779998779296875,62.86000061035156,9851200
2012-02-07,42.01328659057617,63.70000076293945,63.90999984741211,63.369998931884766,63.560001373291016,8901600
2012-02-08,41.97370147705078,63.63999938964844,63.779998779296875,63.439998626708984,63.720001220703125,8174800
2012-02-09,42.23752212524414,64.04000091552734,64.0999984741211,63.529998779296875,63.84000015258789,9152000
2012-02-10,42.132015228271484,63.880001068115234,63.97999954223633,63.54999923706055,63.599998474121094,8295500
2012-02-13,42.36283874511719,64.2300033569336,64.37999725341797,64.05999755859375,64.1500015258789,6899400
2012-02-14,42.52772903442383,64.4800033569336,64.4800033569336,64.08999633789062,64.0999984741211,6997700
2012-02-15,42.573909759521484,64.55000305175781,64.94000244140625,64.37999725341797,64.81999969482422,11651700
2012-02-16,43.002593994140625,65.19999694824219,65.4000015258789,64.6500015258789,64.77999877929688,10823300
2012-02-17,42.811344146728516,64.91000366210938,65.54000091552734,64.9000015258789,65.48999786376953,10281600
2012-02-21,42.488162994384766,64.41999816894531,65.06999969482422,64.3499984741211,64.98999786376953,10037700
2012-02-22,42.5013427734375,64.44000244140625,64.70999908447266,64.16999816894531,64.23999786376953,7029500
2012-02-23,43.80725860595703,66.41999816894531,66.56999969482422,64.25,64.3499984741211,20163300
2012-02-24,43.998531341552734,66.70999908447266,66.94999694824219,66.5199966430664,66.73999786376953,17777100
2012-02-27,43.991920471191406,66.69999694824219,67.04000091552734,66.12999725341797,66.56999969482422,17903200
2012-02-28,44.447021484375,67.38999938964844,67.48999786376953,66.54000091552734,66.58999633789062,13468100
2012-02-29,44.59870910644531,67.62000274658203,67.7699966430664,67.30999755859375,67.41000366210938,14742500
2012-03-01,43.9655647277832,66.66000366210938,67.69000244140625,66.45999908447266,67.44000244140625,11967000
2012-03-02,43.972137451171875,66.66999816894531,66.87999725341797,66.4000015258789,66.72000122070312,7022200
2012-03-05,44.15681838989258,66.94999694824219,66.97000122070312,66.45999908447266,66.61000061035156,6933400
2012-03-06,44.084259033203125,66.83999633789062,67.08999633789062,66.19999694824219,66.5,9827000
2012-03-07,43.91278839111328,66.58000183105469,67.06999969482422,66.41999816894531,66.81999969482422,7470800
2012-03-08,44.12384796142578,66.9000015258789,67.05999755859375,66.7699966430664,66.94999694824219,5811500
2012-03-09,44.14363098144531,66.93000030517578,67.05999755859375,66.5999984741211,67.05999755859375,5710200
2012-03-12,44.658077239990234,67.70999908447266,67.77999877929688,66.7300033569336,66.7699966430664,8825500
2012-03-13,44.78340148925781,67.9000015258789,67.9000015258789,67.56999969482422,67.8499984741211,9056700
2012-03-14,44.75041961669922,67.8499984741211,67.94999694824219,67.69000244140625,67.7300033569336,8056200
2012-03-15,44.6382942199707,67.68000030517578,67.79000091552734,67.5,67.69000244140625,8611500
2012-03-16,44.35468673706055,67.25,67.8499984741211,67.12999725341797,67.83000183105469,15713500
2012-03-19,44.32831573486328,67.20999908447266,67.4800033569336,66.95999908447266,67.02999877929688,7038900
2012-03-20,44.32831573486328,67.20999908447266,67.44999694824219,66.9000015258789,66.95999908447266,6139000
2012-03-21,44.32170867919922,67.19999694824219,67.36000061035156,66.86000061035156,67.20999908447266,6120400
2012-03-22,44.53276443481445,67.5199966430664,67.76000213623047,66.94999694824219,67.0,7321000
2012-03-23,44.473388671875,67.43000030517578,67.54000091552734,67.2699966430664,67.51000213623047,6006400
2012-03-26,44.49318313598633,67.45999908447266,67.83000183105469,67.25,67.54000091552734,7818800
2012-03-27,44.288726806640625,67.1500015258789,67.7300033569336,66.95999908447266,67.51000213623047,7936900
2012-03-28,44.31511306762695,67.19000244140625,67.30999755859375,66.94999694824219,67.12000274658203,7534600
2012-03-29,44.19639587402344,67.01000213623047,67.1500015258789,66.76000213623047,66.9800033569336,6917400
2012-03-30,44.32831573486328,67.20999908447266,67.4800033569336,67.01000213623047,67.1500015258789,8670300
2012-04-02,44.55913543701172,67.55999755859375,67.91999816894531,67.4000015258789,67.43000030517578,8595200
2012-04-03,44.24916458129883,67.08999633789062,67.5999984741211,66.94000244140625,67.43000030517578,6954100
2012-04-04,44.361289978027344,67.26000213623047,67.55999755859375,66.70999908447266,66.70999908447266,8372200
2012-04-05,44.39426040649414,67.30999755859375,67.4800033569336,66.83000183105469,66.91999816894531,7696300
2012-04-09,44.064476013183594,66.80999755859375,67.12999725341797,66.70999908447266,66.72000122070312,6890400
2012-04-10,43.76109313964844,66.3499984741211,66.9000015258789,66.29000091552734,66.73999786376953,9436700
2012-04-11,43.82044219970703,66.44000244140625,66.91999816894531,66.31999969482422,66.73999786376953,7593800
2012-04-12,43.589595794677734,66.08999633789062,66.37000274658203,65.94999694824219,66.16999816894531,27847200
2012-04-13,43.4049186706543,65.80999755859375,66.5,65.80000305175781,66.04000091552734,29792000
2012-04-16,44.04469299316406,66.77999877929688,67.0999984741211,65.87999725341797,66.01000213623047,32810100
2012-04-17,44.20298385620117,67.0199966430664,67.19999694824219,66.83000183105469,66.91000366210938,8894700
2012-04-18,44.024906158447266,66.75,67.19999694824219,66.7300033569336,66.93000030517578,6081800
2012-04-19,43.90618133544922,66.56999969482422,66.91000366210938,66.2300033569336,66.87999725341797,7721200
2012-04-20,44.52615737915039,67.51000213623047,67.61000061035156,66.58999633789062,66.70999908447266,11092600
2012-04-23,43.958953857421875,66.6500015258789,67.0,66.37999725341797,66.91000366210938,8420500
2012-04-24,44.1898078918457,67.0,67.0,66.55999755859375,66.83000183105469,6962300
2012-04-25,44.490421295166016,66.88999938964844,66.98999786376953,66.5,66.66999816894531,6994200
2012-04-26,44.47712326049805,66.87000274658203,67.13999938964844,66.62999725341797,66.63999938964844,8415000
2012-04-27,42.86086654663086,64.44000244140625,65.26000213623047,63.95000076293945,65.0999984741211,30719500
2012-04-30,42.32875442504883,63.63999938964844,64.16000366210938,63.290000915527344,63.58000183105469,19195000
2012-05-01,42.282203674316406,63.56999969482422,63.7400016784668,63.290000915527344,63.34000015258789,11899600
2012-05-02,42.55490493774414,63.97999954223633,64.11000061035156,63.400001525878906,63.65999984741211,9689200
2012-05-03,42.90742111206055,64.51000213623047,64.76000213623047,64.16000366210938,64.29000091552734,12079900
2012-05-04,42.75444412231445,64.27999877929688,64.75,64.23999786376953,64.52999877929688,12006500
2012-05-07,42.73450469970703,64.25,64.5,63.36000061035156,63.459999084472656,11124300
2012-05-08,42.67462921142578,64.16000366210938,64.44000244140625,64.11000061035156,64.12999725341797,11481800
2012-05-09,42.34871292114258,63.66999816894531,64.29000091552734,63.56999969482422,63.93000030517578,13842600
2012-05-10,42.66133117675781,64.13999938964844,64.33999633789062,63.83000183105469,64.0,8109500
2012-05-11,42.3553581237793,63.68000030517578,64.1500015258789,63.619998931884766,64.05999755859375,11318000
2012-05-14,42.28884506225586,63.58000183105469,63.7599983215332,63.29999923706055,63.5,9902700
2012-05-15,42.38197326660156,63.720001220703125,64.22000122070312,63.5,63.720001220703125,12824700
2012-05-16,42.761104583740234,64.29000091552734,64.80999755859375,64.0,64.33999633789062,12375000
2012-05-17,42.5416145324707,63.959999084472656,64.4000015258789,63.90999984741211,64.12000274658203,10261800
2012-05-18,42.24895477294922,63.52000045776367,64.25,63.400001525878906,64.19000244140625,11583100
2012-05-21,42.1624755859375,63.38999938964844,63.79999923706055,62.95000076293945,63.65999984741211,9553100
2012-05-22,42.00286102294922,63.150001525878906,63.54999923706055,62.97999954223633,63.43000030517578,7535500
2012-05-23,41.49735641479492,62.38999938964844,63.04999923706055,62.040000915527344,63.0,13765400
2012-05-24,41.61707305908203,62.56999969482422,62.97999954223633,62.22999954223633,62.4900016784668,9178100
2012-05-25,41.56385803222656,62.4900016784668,63.20000076293945,62.400001525878906,62.58000183105469,7377700
2012-05-29,41.86983108520508,62.95000076293945,63.029998779296875,62.619998931884766,62.63999938964844,7401000
2012-05-30,41.45079803466797,62.31999969482422,62.88999938964844,62.2400016784668,62.63999938964844,7493400
2012-05-31,41.430843353271484,62.290000915527344,62.619998931884766,61.97999954223633,62.599998474121094,9268400
2012-06-01,40.938655853271484,61.54999923706055,61.939998626708984,61.20000076293945,61.7599983215332,12728000
2012-06-04,40.83888244628906,61.400001525878906,61.70000076293945,61.099998474121094,61.689998626708984,7768200
2012-06-05,40.6859016418457,61.16999816894531,61.33000183105469,61.02000045776367,61.209999084472656,7855500
2012-06-06,41.10491943359375,61.79999923706055,61.88999938964844,61.15999984741211,61.27000045776367,9622000
2012-06-07,41.74345779418945,62.7599983215332,62.84000015258789,61.720001220703125,62.08000183105469,13904700
2012-06-08,41.7368049621582,62.75,63.189998626708984,62.56999969482422,63.040000915527344,7697800
2012-06-11,41.59713363647461,62.540000915527344,63.060001373291016,62.5,62.9900016784668,6345500
2012-06-12,41.74345779418945,62.7599983215332,62.77000045776367,62.209999084472656,62.5,7814500
2012-06-13,41.61707305908203,62.56999969482422,62.77000045776367,62.27000045776367,62.61000061035156,6838500
2012-06-14,42.0228271484375,63.18000030517578,63.43000030517578,62.70000076293945,62.7599983215332,8389100
2012-06-15,41.823272705078125,62.880001068115234,63.66999816894531,62.52000045776367,63.529998779296875,14126800
2012-06-18,41.430843353271484,62.290000915527344,62.75,61.790000915527344,62.560001373291016,10289300
2012-06-19,41.377628326416016,62.209999084472656,62.75,62.099998474121094,62.40999984741211,12844900
2012-06-20,40.16709518432617,60.38999938964844,60.88999938964844,59.7400016784668,60.88999938964844,39133900
2012-06-21,39.74140930175781,59.75,60.47999954223633,59.75,60.36000061035156,18876100
2012-06-22,39.79462432861328,59.83000183105469,60.29999923706055,59.7599983215332,59.77000045776367,14395600
2012-06-25,39.448753356933594,59.310001373291016,59.93000030517578,59.25,59.540000915527344,11745100
2012-06-26,39.42215347290039,59.27000045776367,59.58000183105469,59.06999969482422,59.45000076293945,8794100
2012-06-27,39.894386291503906,59.97999954223633,60.0,59.150001525878906,59.2400016784668,11454100
2012-06-28,40.10057830810547,60.290000915527344,60.290000915527344,59.33000183105469,59.70000076293945,9207600
2012-06-29,40.739097595214844,61.25,61.27000045776367,60.540000915527344,60.650001525878906,13301800
2012-07-02,40.69919204711914,61.189998626708984,61.2599983215332,60.779998779296875,61.040000915527344,8914300
2012-07-03,40.81227111816406,61.36000061035156,61.400001525878906,60.81999969482422,61.130001068115234,4817400
2012-07-05,40.80561447143555,61.349998474121094,61.599998474121094,61.189998626708984,61.439998626708984,35413700
2012-07-06,40.75905227661133,61.279998779296875,61.38999938964844,60.86000061035156,61.220001220703125,36773400
2012-07-09,40.938655853271484,61.54999923706055,61.79999923706055,61.119998931884766,61.119998931884766,33492400
2012-07-10,41.05836868286133,61.72999954223633,61.900001525878906,61.4900016784668,61.709999084472656,8651900
2012-07-11,40.83888244628906,61.400001525878906,61.77000045776367,60.97999954223633,61.77000045776367,9975600
2012-07-12,42.368675231933594,63.70000076293945,64.2699966430664,62.70000076293945,62.84000015258789,37140900
2012-07-13,43.2932014465332,65.08999633789062,65.75,63.77000045776367,63.93000030517578,29170000
2012-07-16,43.10696029663086,64.80999755859375,65.0,64.23999786376953,64.62000274658203,10675900
2012-07-17,43.46612548828125,65.3499984741211,65.4000015258789,64.54000091552734,64.63999938964844,12565600
2012-07-18,43.48759078979492,64.81999969482422,65.13999938964844,64.3499984741211,64.83000183105469,13387400
2012-07-19,43.55467224121094,64.91999816894531,65.06999969482422,64.52999877929688,64.94999694824219,8077600
2012-07-20,43.427242279052734,64.7300033569336,64.91999816894531,64.4000015258789,64.5199966430664,10121500
2012-07-23,43.19911575317383,64.38999938964844,64.72000122070312,64.2300033569336,64.4000015258789,10711100
2012-07-24,42.95088195800781,64.0199966430664,64.56999969482422,63.720001220703125,64.4800033569336,8271700
2012-07-25,42.95088195800781,64.0199966430664,64.30999755859375,63.88999938964844,64.12000274658203,9424700
2012-07-26,43.313167572021484,64.55999755859375,65.0999984741211,64.44000244140625,64.58999633789062,10472200
2012-07-27,43.66873550415039,65.08999633789062,65.2699966430664,64.55999755859375,64.68000030517578,11141800
2012-07-30,43.675472259521484,65.0999984741211,65.29000091552734,64.5,64.88999938964844,8388600
2012-07-31,43.29975128173828,64.54000091552734,64.98999786376953,64.5,64.79000091552734,9327200
2012-08-01,42.94416427612305,64.01000213623047,64.97000122070312,63.900001525878906,64.87000274658203,7782900
2012-08-02,42.608734130859375,63.5099983215332,63.97999954223633,63.2400016784668,63.65999984741211,9462400
2012-08-03,43.94380187988281,65.5,65.9000015258789,64.69999694824219,64.70999908447266,15279100
2012-08-06,44.15177917480469,65.80999755859375,66.23999786376953,65.19999694824219,65.2300033569336,10034400
2012-08-07,44.42686080932617,66.22000122070312,66.44999694824219,65.91000366210938,65.91999816894531,10463300
2012-08-08,44.762306213378906,66.72000122070312,66.80000305175781,65.95999908447266,66.01000213623047,9673200
2012-08-09,44.76902389526367,66.7300033569336,66.93000030517578,66.4000015258789,66.58999633789062,9677800
2012-08-10,44.79584503173828,66.7699966430664,66.7699966430664,66.20999908447266,66.68000030517578,7293600
2012-08-13,44.60129928588867,66.4800033569336,66.75,66.3499984741211,66.55999755859375,6633900
2012-08-14,44.76902389526367,66.7300033569336,66.98999786376953,66.19000244140625,66.52999877929688,8887400
2012-08-15,44.70863342285156,66.63999938964844,66.91999816894531,66.55999755859375,66.86000061035156,9873600
2012-08-16,44.95016098022461,67.0,67.0,66.44999694824219,66.58000183105469,10165100
2012-08-17,44.95016098022461,67.0,67.30000305175781,66.62999725341797,66.87000274658203,9394300
2012-08-20,44.78242492675781,66.75,67.05000305175781,66.55000305175781,66.93000030517578,8938700
2012-08-21,44.79584503173828,66.7699966430664,67.13999938964844,66.68000030517578,66.76000213623047,9145400
2012-08-22,44.84952926635742,66.8499984741211,66.86000061035156,66.51000213623047,66.56999969482422,7749600
2012-08-23,44.7354736328125,66.68000030517578,66.83000183105469,66.58999633789062,66.80000305175781,8006500
2012-08-24,44.96357727050781,67.0199966430664,67.18000030517578,66.33000183105469,66.5999984741211,8580200
2012-08-27,45.023948669433594,67.11000061035156,67.37000274658203,66.86000061035156,66.93000030517578,6419600
2012-08-28,44.943450927734375,66.98999786376953,67.22000122070312,66.8499984741211,66.87000274658203,7605400
2012-08-29,44.862945556640625,66.87000274658203,67.18000030517578,66.80000305175781,66.97000122070312,6752200
2012-08-30,44.86964416503906,66.87999725341797,66.94000244140625,66.62000274658203,66.63999938964844,7285600
2012-08-31,45.07762908935547,67.19000244140625,67.44999694824219,66.88999938964844,67.13999938964844,10088600
2012-09-04,45.21852493286133,67.4000015258789,67.47000122070312,67.01000213623047,67.22000122070312,7628600
2012-09-05,45.144710540771484,67.29000091552734,67.54000091552734,67.20999908447266,67.20999908447266,7741100
2012-09-06,45.78207015991211,68.23999786376953,68.25,67.5999984741211,67.68000030517578,13200500
2012-09-07,45.96991729736328,68.5199966430664,68.5999984741211,67.9800033569336,68.16000366210938,12656300
2012-09-10,45.96321487426758,68.51000213623047,68.58000183105469,68.12000274658203,68.41000366210938,8920600
2012-09-11,45.79548263549805,68.26000213623047,68.6500015258789,68.08000183105469,68.43000030517578,8840900
2012-09-12,45.68815612792969,68.0999984741211,68.58999633789062,68.05000305175781,68.3499984741211,6896000
2012-09-13,46.2315673828125,68.91000366210938,68.9800033569336,67.88999938964844,67.88999938964844,10495400
2012-09-14,46.399314880371094,69.16000366210938,69.22000122070312,68.7699966430664,68.80999755859375,12269800
2012-09-17,46.459686279296875,69.25,69.25,68.86000061035156,68.87999725341797,11274600
2012-09-18,46.43955612182617,69.22000122070312,69.69000244140625,69.11000061035156,69.19000244140625,12833500
2012-09-19,46.466392517089844,69.26000213623047,69.58000183105469,69.0199966430664,69.0999984741211,8682900
2012-09-20,46.66765213012695,69.55999755859375,69.63999938964844,69.11000061035156,69.11000061035156,8652700
2012-09-21,46.573726654052734,69.41999816894531,69.83000183105469,69.37999725341797,69.69999694824219,20290300
2012-09-24,46.801841735839844,69.76000213623047,69.8499984741211,69.23999786376953,69.33999633789062,8361000
2012-09-25,46.687782287597656,69.58999633789062,69.97000122070312,69.54000091552734,69.69999694824219,10026700
2012-09-26,46.49321365356445,69.30000305175781,69.8499984741211,69.30000305175781,69.48999786376953,7698400
2012-09-27,46.49321365356445,69.30000305175781,69.55999755859375,69.05999755859375,69.41000366210938,6773100
2012-09-28,46.53348159790039,69.36000061035156,69.41999816894531,68.63999938964844,69.25,8955100
2012-10-01,46.59385299682617,69.44999694824219,69.7699966430664,69.0999984741211,69.33000183105469,8588600
2012-10-02,46.15105056762695,68.79000091552734,69.72000122070312,68.5199966430664,69.52999877929688,11241400
2012-10-03,46.4060173034668,69.16999816894531,69.54000091552734,68.7300033569336,69.0199966430664,8869500
2012-10-04,46.5468864440918,69.37999725341797,69.77999877929688,69.30999755859375,69.36000061035156,7792700
2012-10-05,46.714630126953125,69.62999725341797,69.8499984741211,69.41000366210938,69.77999877929688,6907800
2012-10-08,46.35904312133789,69.0999984741211,69.4800033569336,68.88999938964844,69.4800033569336,6577000
2012-10-09,46.090667724609375,68.69999694824219,69.27999877929688,68.5199966430664,68.91999816894531,8200100
2012-10-10,45.714988708496094,68.13999938964844,68.94000244140625,67.94999694824219,68.79000091552734,8937500
2012-10-11,45.621055603027344,68.0,68.38999938964844,67.81999969482422,68.33000183105469,6600700
2012-10-12,45.5808219909668,67.94000244140625,68.45999908447266,67.87000274658203,68.2300033569336,6537400
2012-10-15,46.09739685058594,68.70999908447266,68.88999938964844,67.97000122070312,68.2699966430664,8359300
2012-10-16,46.291954040527344,69.0,69.26000213623047,68.79000091552734,68.95999908447266,7702700
2012-10-17,46.990013122558594,69.47000122070312,69.63999938964844,68.51000213623047,68.55000305175781,11061000
2012-10-18,46.990013122558594,69.47000122070312,69.5,69.04000091552734,69.44999694824219,7358100
2012-10-19,46.381248474121094,68.56999969482422,69.48999786376953,68.44999694824219,69.36000061035156,10125600
2012-10-22,46.333892822265625,68.5,68.55000305175781,67.87000274658203,68.3499984741211,7516800
2012-10-23,45.61689376831055,67.44000244140625,68.12999725341797,67.26000213623047,67.9800033569336,8030800
2012-10-24,46.0498046875,68.08000183105469,68.37000274658203,67.37000274658203,67.37000274658203,10209600
2012-10-25,47.395843505859375,70.06999969482422,70.83000183105469,69.58000183105469,69.75,24479700
2012-10-26,46.96970748901367,69.44000244140625,70.36000061035156,69.38999938964844,69.73999786376953,11945200
2012-10-31,46.83442687988281,69.23999786376953,69.94999694824219,69.01000213623047,69.51000213623047,9095400
2012-11-01,46.84119415283203,69.25,69.51000213623047,69.13999938964844,69.16000366210938,7703800
2012-11-02,46.800621032714844,69.19000244140625,69.7699966430664,69.05999755859375,69.73999786376953,6963100
2012-11-05,46.448890686035156,68.66999816894531,69.22000122070312,68.3499984741211,69.22000122070312,6525700
2012-11-06,46.624752044677734,68.93000030517578,69.0,68.36000061035156,68.5999984741211,6639800
2012-11-07,46.03626251220703,68.05999755859375,68.87000274658203,67.79000091552734,68.81999969482422,8849600
2012-11-08,45.25839614868164,66.91000366210938,68.08999633789062,66.9000015258789,67.9800033569336,7917700
2012-11-09,45.326045989990234,67.01000213623047,67.45999908447266,66.76000213623047,66.83000183105469,8147700
2012-11-12,45.37340545654297,67.08000183105469,67.4000015258789,66.91000366210938,67.1500015258789,4371300
2012-11-13,45.21783447265625,66.8499984741211,67.5999984741211,66.7699966430664,66.7699966430664,6769100
2012-11-14,45.001373291015625,66.52999877929688,67.05999755859375,66.29000091552734,66.88999938964844,9680100
2012-11-15,44.85931396484375,66.31999969482422,67.0,65.83000183105469,66.76000213623047,9290000
2012-11-16,45.19752502441406,66.81999969482422,66.97000122070312,66.13999938964844,66.36000061035156,11354200
2012-11-19,45.94156265258789,67.91999816894531,67.91999816894531,66.86000061035156,66.98999786376953,8741400
2012-11-20,46.19861602783203,68.30000305175781,68.48999786376953,67.76000213623047,67.80999755859375,7611600
2012-11-21,46.31359100341797,68.47000122070312,68.5,67.97000122070312,68.16000366210938,6201400
2012-11-23,47.0711669921875,69.58999633789062,69.61000061035156,68.70999908447266,68.75,4598200
2012-11-26,46.996788024902344,69.4800033569336,69.56999969482422,69.05000305175781,69.13999938964844,7493600
2012-11-27,46.66533279418945,68.98999786376953,69.4800033569336,68.91000366210938,69.19999694824219,8154300
2012-11-28,46.96970748901367,69.44000244140625,69.73999786376953,68.9000015258789,69.0,11255800
2012-11-29,47.01029968261719,69.5,69.80000305175781,69.12999725341797,69.41000366210938,8783800
2012-11-30,47.233516693115234,69.83000183105469,69.88999938964844,69.37000274658203,69.37000274658203,8886800
2012-12-03,47.06440734863281,69.58000183105469,69.93000030517578,69.5,69.83999633789062,7404600
2012-12-04,46.88178634643555,69.30999755859375,69.8499984741211,69.06999969482422,69.5,6634900
2012-12-05,46.94942092895508,69.41000366210938,69.87999725341797,69.08000183105469,69.4800033569336,7623400
2012-12-06,47.31468963623047,69.94999694824219,70.23999786376953,69.44000244140625,69.4800033569336,10686900
2012-12-07,47.54466247558594,70.29000091552734,70.66000366210938,69.8499984741211,69.8499984741211,11590900
2012-12-10,47.49732208251953,70.22000122070312,70.41999816894531,70.02999877929688,70.12000274658203,8124100
2012-12-11,47.7949333190918,70.66000366210938,70.97000122070312,70.13999938964844,70.29000091552734,9298000
2012-12-12,47.862586975097656,70.76000213623047,70.98999786376953,70.61000061035156,70.76000213623047,8405900
2012-12-13,47.43643569946289,70.12999725341797,70.63999938964844,69.9000015258789,70.55000305175781,8478200
2012-12-14,47.30116653442383,69.93000030517578,70.47000122070312,69.77999877929688,69.91999816894531,8997600
2012-12-17,47.30116653442383,69.93000030517578,70.1500015258789,69.62000274658203,69.94999694824219,8791500
2012-12-18,47.32822036743164,69.97000122070312,70.27999877929688,69.43000030517578,69.88999938964844,13568900
2012-12-19,46.90206527709961,69.33999633789062,69.98999786376953,68.7699966430664,69.76000213623047,10304800
2012-12-20,47.22675323486328,69.81999969482422,70.25,69.30000305175781,69.30000305175781,10218200
2012-12-21,46.48271942138672,68.72000122070312,69.81999969482422,68.37999725341797,69.43000030517578,17746900
2012-12-24,46.347415924072266,68.5199966430664,68.69000244140625,68.23999786376953,68.66999816894531,3578800
2012-12-26,45.99568557739258,68.0,68.58999633789062,67.69999694824219,68.56999969482422,6937000
2012-12-27,45.975399017333984,67.97000122070312,68.16000366210938,67.41000366210938,67.87999725341797,7648800
2012-12-28,45.42074966430664,67.1500015258789,67.91000366210938,67.05999755859375,67.7300033569336,6463300
2012-12-31,45.921268463134766,67.88999938964844,67.97000122070312,66.83000183105469,67.0,9061900
2013-01-02,46.9359130859375,69.38999938964844,69.38999938964844,68.3499984741211,68.6500015258789,9987000
2013-01-03,46.63827133178711,68.94999694824219,69.5,68.94000244140625,69.44000244140625,7741900
2013-01-04,46.73297119140625,69.08999633789062,69.16999816894531,68.68000030517578,69.01000213623047,5853700
2013-01-07,46.41505432128906,68.62000274658203,68.91999816894531,68.37999725341797,68.91999816894531,5269800
2013-01-08,46.34065628051758,68.51000213623047,68.7300033569336,68.4000015258789,68.5199966430664,7362000
2013-01-09,46.59092712402344,68.87999725341797,69.11000061035156,68.61000061035156,68.7699966430664,5762900
2013-01-10,46.854732513427734,69.2699966430664,69.29000091552734,68.68000030517578,68.9800033569336,12855000
2013-01-11,46.8209114074707,69.22000122070312,69.30000305175781,69.01000213623047,69.30000305175781,12193500
2013-01-14,47.098228454589844,69.62999725341797,69.97000122070312,69.2300033569336,69.30999755859375,11570700
2013-01-15,47.267337799072266,69.87999725341797,69.95999908447266,69.1500015258789,69.16000366210938,7563400
2013-01-16,47.282325744628906,69.33999633789062,69.69999694824219,69.11000061035156,69.41999816894531,7061000
2013-01-17,47.507354736328125,69.66999816894531,69.95999908447266,69.33999633789062,69.55999755859375,6263300
2013-01-18,47.69148254394531,69.94000244140625,70.0,69.66999816894531,69.69000244140625,10610800
2013-01-22,47.698299407958984,69.94999694824219,69.9800033569336,69.75,69.86000061035156,8313600
2013-01-23,48.20288848876953,70.69000244140625,70.69999694824219,69.80000305175781,69.83999633789062,10588600
2013-01-24,48.01877975463867,70.41999816894531,70.8499984741211,70.19999694824219,70.68000030517578,8877200
2013-01-25,49.94853210449219,73.25,73.25,71.75,71.75,28760300
2013-01-28,50.30311965942383,73.7699966430664,74.2300033569336,73.19000244140625,73.7300033569336,14010000
2013-01-29,51.14185333251953,75.0,75.30999755859375,73.5199966430664,73.55000305175781,17576700
2013-01-30,51.196388244628906,75.08000183105469,75.4800033569336,74.66999816894531,74.75,12677800
2013-01-31,51.25092697143555,75.16000366210938,75.26000213623047,74.66999816894531,74.83000183105469,11661500
2013-02-01,51.76917266845703,75.91999816894531,75.97000122070312,75.16999816894531,75.30000305175781,12204000
2013-02-04,51.31231689453125,75.25,75.80000305175781,74.94999694824219,75.69000244140625,11086000
2013-02-05,51.619163513183594,75.69999694824219,76.69000244140625,75.31999969482422,75.44000244140625,14851700
2013-02-06,51.9260139465332,76.1500015258789,76.19000244140625,75.04000091552734,75.31999969482422,17015800
2013-02-07,51.9260139465332,76.1500015258789,76.41999816894531,75.79000091552734,75.9800033569336,9897000
2013-02-08,51.653255462646484,75.75,76.4800033569336,75.55999755859375,76.1500015258789,9130700
2013-02-11,51.69416427612305,75.80999755859375,75.91999816894531,75.12000274658203,75.41000366210938,6928200
2013-02-12,51.81010818481445,75.9800033569336,76.30999755859375,75.80999755859375,75.95999908447266,6281000
2013-02-13,52.205589294433594,76.55999755859375,76.58000183105469,75.9800033569336,76.01000213623047,7113300
2013-02-14,52.35560989379883,76.77999877929688,76.97000122070312,76.25,76.30000305175781,10049400
2013-02-15,52.191959381103516,76.54000091552734,76.95999908447266,76.20999908447266,76.72000122070312,11165600
2013-02-19,52.764747619628906,77.37999725341797,77.7699966430664,76.48999786376953,76.55999755859375,11783500
2013-02-20,52.56016540527344,77.08000183105469,77.5199966430664,76.91999816894531,77.2699966430664,9275400
2013-02-21,52.53290557861328,77.04000091552734,77.19999694824219,75.9000015258789,76.27999877929688,10305200
2013-02-22,52.4987907409668,76.98999786376953,77.19000244140625,76.75,77.05000305175781,8433200
2013-02-25,51.76917266845703,75.91999816894531,77.66999816894531,75.91999816894531,77.06999969482422,9970400
2013-02-26,51.87827682495117,76.08000183105469,76.37999725341797,75.7699966430664,75.98999786376953,8378900
2013-02-27,52.33515548706055,76.75,76.94999694824219,75.69999694824219,75.94999694824219,7567800
2013-02-28,51.94646072387695,76.18000030517578,76.91000366210938,76.16999816894531,76.66000366210938,10466900
2013-03-01,52.157840728759766,76.48999786376953,76.72000122070312,75.55999755859375,75.69999694824219,9599700
2013-03-04,52.28740310668945,76.68000030517578,76.68000030517578,75.97000122070312,76.25,7631000
2013-03-05,52.53971481323242,77.05000305175781,77.38999938964844,76.72000122070312,76.77999877929688,9716200
2013-03-06,52.641990661621094,77.19999694824219,77.44999694824219,76.80999755859375,77.01000213623047,7194700
2013-03-07,52.43744659423828,76.9000015258789,77.48999786376953,76.77999877929688,77.22000122070312,7111400
2013-03-08,52.628360748291016,77.18000030517578,77.19999694824219,76.45999908447266,77.01000213623047,7252800
2013-03-11,52.74428939819336,77.3499984741211,77.38999938964844,76.9000015258789,77.0199966430664,6621000
2013-03-12,52.62154769897461,77.16999816894531,77.44999694824219,77.0,77.19000244140625,7016700
2013-03-13,52.3692512512207,76.80000305175781,77.0999984741211,76.5199966430664,77.06999969482422,6340300
2013-03-14,52.77156066894531,77.38999938964844,77.47000122070312,76.83000183105469,76.87000274658203,8079100
2013-03-15,52.05556106567383,76.33999633789062,77.37999725341797,76.33999633789062,77.08000183105469,15237000
2013-03-18,51.932838439941406,76.16000366210938,76.55000305175781,75.80000305175781,75.9000015258789,7081800
2013-03-19,52.58063507080078,77.11000061035156,77.18000030517578,76.11000061035156,76.13999938964844,9326400
2013-03-20,52.90113067626953,77.58000183105469,77.81999969482422,77.2699966430664,77.29000091552734,8615800
2013-03-21,52.64882278442383,77.20999908447266,77.66999816894531,77.13999938964844,77.41999816894531,6319500
2013-03-22,52.68974685668945,77.2699966430664,77.44999694824219,77.0,77.18000030517578,5868400
2013-03-25,52.28740310668945,76.68000030517578,77.62000274658203,76.44000244140625,77.2699966430664,6843600
2013-03-26,52.77836990356445,77.4000015258789,77.5,76.88999938964844,77.0199966430664,5386000
2013-03-27,52.546531677246094,77.05999755859375,77.11000061035156,76.56999969482422,76.9800033569336,5274600
2013-03-28,52.546531677246094,77.05999755859375,77.16000366210938,76.66000366210938,76.94999694824219,8016700
2013-04-01,52.98294448852539,77.69999694824219,77.8499984741211,76.7300033569336,76.8499984741211,7266000
2013-04-02,53.842140197753906,78.95999908447266,79.1500015258789,77.6500015258789,77.83999633789062,13373600
2013-04-03,53.269344329833984,78.12000274658203,79.08000183105469,77.83999633789062,78.87999725341797,8426700
2013-04-04,53.55573654174805,78.54000091552734,78.9800033569336,78.25,78.31999969482422,8770600
2013-04-05,53.34434127807617,78.2300033569336,78.38999938964844,77.83000183105469,77.87999725341797,6562600
2013-04-08,53.7261962890625,78.79000091552734,78.87999725341797,77.87999725341797,78.12000274658203,6284500
2013-04-09,53.36481857299805,78.26000213623047,78.88999938964844,78.06999969482422,78.81999969482422,6760600
2013-04-10,54.033058166503906,79.23999786376953,79.48999786376953,78.43000030517578,78.48999786376953,7947600
2013-04-11,54.326263427734375,79.66999816894531,80.12999725341797,79.33000183105469,79.37000274658203,11831600
2013-04-12,54.60584259033203,80.08000183105469,80.66000366210938,79.47000122070312,79.51000213623047,9383400
2013-04-15,54.3126220703125,79.6500015258789,80.83999633789062,79.5999984741211,79.79000091552734,10877200
2013-04-16,54.61948776245117,80.0999984741211,80.20999908447266,79.37000274658203,79.83000183105469,9365600
2013-04-17,53.91030502319336,79.05999755859375,80.13999938964844,78.8499984741211,79.9800033569336,10964600
2013-04-18,54.46266174316406,79.87000274658203,80.18000030517578,79.05999755859375,79.08999633789062,10896200
2013-04-19,55.5263786315918,81.43000030517578,81.69999694824219,80.19999694824219,80.37000274658203,13147600
2013-04-22,55.50592803955078,81.4000015258789,81.58999633789062,81.12000274658203,81.30999755859375,7530300
2013-04-23,56.28330612182617,82.54000091552734,82.54000091552734,80.51000213623047,81.45999908447266,12684800
2013-04-24,52.97383499145508,77.12000274658203,79.61000061035156,76.93000030517578,79.48999786376953,25708200
2013-04-25,52.602901458740234,76.58000183105469,77.66999816894531,76.3499984741211,77.66999816894531,14702300
2013-04-26,52.960079193115234,77.0999984741211,77.22000122070312,76.58000183105469,76.72000122070312,8769100
2013-04-29,53.35849380493164,77.68000030517578,77.9800033569336,77.2300033569336,77.55999755859375,6638100
2013-04-30,52.73339080810547,76.7699966430664,77.88999938964844,76.5999984741211,77.86000061035156,9653800
2013-05-01,52.88450622558594,76.98999786376953,77.7699966430664,76.72000122070312,76.83000183105469,8388800
2013-05-02,53.413421630859375,77.76000213623047,78.27999877929688,77.13999938964844,77.38999938964844,7288200
2013-05-03,53.70878601074219,78.19000244140625,78.45999908447266,77.66000366210938,78.0999984741211,7884000
2013-05-06,53.40656280517578,77.75,78.4000015258789,77.5199966430664,78.02999877929688,7204200
2013-05-07,53.53706741333008,77.94000244140625,78.19999694824219,77.2699966430664,77.9800033569336,9574200
2013-05-08,53.880523681640625,78.44000244140625,78.51000213623047,77.2300033569336,77.9000015258789,12067300
2013-05-09,53.7225341796875,78.20999908447266,78.88999938964844,78.0199966430664,78.56999969482422,7189400
2013-05-10,54.10032272338867,78.76000213623047,78.79000091552734,78.2300033569336,78.41000366210938,6162500
2013-05-13,53.98356628417969,78.58999633789062,78.97000122070312,78.41999816894531,78.51000213623047,5420200
2013-05-14,54.58802032470703,79.47000122070312,79.47000122070312,78.73999786376953,78.93000030517578,6867400
2013-05-15,55.41917037963867,80.68000030517578,81.0,79.47000122070312,79.47000122070312,11154400
2013-05-16,55.0894660949707,80.19999694824219,80.73999786376953,79.88999938964844,80.48999786376953,8065600
2013-05-17,54.96582794189453,80.0199966430664,80.18000030517578,79.30999755859375,79.91000366210938,8549900
2013-05-20,54.327003479003906,79.08999633789062,79.9800033569336,78.77999877929688,79.9800033569336,7307300
2013-05-21,54.127803802490234,78.80000305175781,79.22000122070312,78.22000122070312,79.16999816894531,7377700
2013-05-22,54.14155960083008,78.81999969482422,79.68000030517578,78.62000274658203,78.83999633789062,8873300
2013-05-23,54.05910873413086,78.69999694824219,79.11000061035156,78.2300033569336,78.2699966430664,7141200
2013-05-24,56.24345016479492,81.87999725341797,82.3499984741211,81.44000244140625,81.87999725341797,25580900
2013-05-28,55.54282760620117,80.86000061035156,82.12999725341797,80.7699966430664,82.05000305175781,14372700
2013-05-29,54.19649887084961,78.9000015258789,80.25,78.87000274658203,80.16000366210938,9992500
2013-05-30,54.327003479003906,79.08999633789062,79.87999725341797,78.9000015258789,78.9000015258789,14761500
2013-05-31,52.72654342651367,76.76000213623047,78.80999755859375,76.75,78.79000091552734,16461900
2013-06-03,53.344730377197266,77.66000366210938,77.69999694824219,76.12000274658203,76.87000274658203,11720600
2013-06-04,53.14554977416992,77.37000274658203,78.47000122070312,76.75,77.70999908447266,11379300
2013-06-05,52.6578483581543,76.66000366210938,77.20999908447266,76.62999725341797,77.08000183105469,8826900
2013-06-06,52.76773452758789,76.81999969482422,76.97000122070312,75.83000183105469,76.55999755859375,11099900
2013-06-07,53.40656280517578,77.75,78.27999877929688,77.2699966430664,77.44000244140625,7839500
2013-06-10,53.626373291015625,78.06999969482422,78.22000122070312,77.26000213623047,77.69000244140625,8966400
2013-06-11,53.66071701049805,78.12000274658203,78.75,77.44999694824219,77.68000030517578,6781200
2013-06-12,53.30350875854492,77.5999984741211,78.88999938964844,77.4800033569336,78.63999938964844,7834200
2013-06-13,53.87364959716797,78.43000030517578,78.69000244140625,77.13999938964844,77.54000091552734,6927700
2013-06-14,53.5988883972168,78.02999877929688,78.79000091552734,77.66999816894531,78.48999786376953,6825900
2013-06-17,54.23772430419922,78.95999908447266,79.47000122070312,78.25,78.26000213623047,7359900
2013-06-18,54.29265213012695,79.04000091552734,79.2300033569336,78.69999694824219,78.94999694824219,6051400
2013-06-19,53.31040573120117,77.61000061035156,79.47000122070312,77.58999633789062,79.05000305175781,7424500
2013-06-20,51.689308166503906,75.25,77.33000183105469,75.0999984741211,77.20999908447266,15555700
2013-06-21,53.186737060546875,77.43000030517578,77.52999877929688,75.69000244140625,76.25,20055700
2013-06-24,52.602901458740234,76.58000183105469,77.43000030517578,75.62999725341797,76.94999694824219,12563300
2013-06-25,52.678428649902344,76.69000244140625,77.23999786376953,76.29000091552734,77.0999984741211,7909400
2013-06-26,53.1661376953125,77.4000015258789,77.58999633789062,77.0199966430664,77.2300033569336,7326500
2013-06-27,53.351593017578125,77.66999816894531,78.37999725341797,77.56999969482422,77.95999908447266,14731500
2013-06-28,52.88450622558594,76.98999786376953,77.94000244140625,76.9000015258789,77.62000274658203,9865300
2013-07-01,53.59201431274414,78.0199966430664,78.44999694824219,77.0,77.0199966430664,6699200
2013-07-02,53.880523681640625,78.44000244140625,78.61000061035156,77.70999908447266,77.94999694824219,10228500
2013-07-03,53.96980285644531,78.56999969482422,78.75,77.43000030517578,78.27999877929688,5339900
2013-07-05,53.81181335449219,78.33999633789062,79.0199966430664,77.77999877929688,78.88999938964844,7264700
2013-07-08,54.10032272338867,78.76000213623047,79.08000183105469,78.5,78.54000091552734,11141400
2013-07-09,54.6567268371582,79.56999969482422,79.9000015258789,79.06999969482422,79.06999969482422,11456200
2013-07-10,54.81471252441406,79.80000305175781,80.0999984741211,79.30000305175781,79.6500015258789,6862800
2013-07-11,55.48099899291992,80.7699966430664,80.98999786376953,80.29000091552734,80.55000305175781,9185400
2013-07-12,56.01679611206055,81.55000305175781,81.63999938964844,80.66999816894531,80.66999816894531,12586300
2013-07-15,55.98930358886719,81.51000213623047,81.58999633789062,80.8499984741211,81.37000274658203,10024700
2013-07-16,55.618385314941406,80.97000122070312,81.37000274658203,80.91000366210938,81.31999969482422,11208600
2013-07-17,55.42600631713867,80.08999633789062,80.8499984741211,80.01000213623047,80.48999786376953,7644300
2013-07-18,55.571319580078125,80.30000305175781,80.75,80.02999877929688,80.02999877929688,5526000
2013-07-19,56.31180953979492,81.37000274658203,81.41000366210938,80.05000305175781,80.36000061035156,7862600
2013-07-22,56.207984924316406,81.22000122070312,81.44999694824219,80.9000015258789,81.2300033569336,4813600
2013-07-23,56.02113342285156,80.94999694824219,81.4000015258789,80.77999877929688,81.22000122070312,4311700
2013-07-24,55.550567626953125,80.2699966430664,81.0,80.12999725341797,80.94999694824219,5606600
2013-07-25,55.64745330810547,80.41000366210938,80.56999969482422,79.83999633789062,80.01000213623047,6239900
2013-07-26,55.633602142333984,80.38999938964844,80.41999816894531,79.38999938964844,80.0199966430664,6543500
2013-07-29,55.42600631713867,80.08999633789062,80.44999694824219,80.05000305175781,80.0999984741211,4389400
2013-07-30,55.668212890625,80.44000244140625,80.9000015258789,80.16000366210938,80.48999786376953,6434100
2013-07-31,55.571319580078125,80.30000305175781,81.41000366210938,80.16000366210938,80.44000244140625,11857000
2013-08-01,56.49863815307617,81.63999938964844,82.2300033569336,81.20999908447266,81.62000274658203,10724800
2013-08-02,56.25643539428711,81.29000091552734,81.5,80.55999755859375,81.41999816894531,6626300
2013-08-05,56.33257293701172,81.4000015258789,81.6500015258789,80.95999908447266,81.05000305175781,4662800
2013-08-06,56.56787872314453,81.73999786376953,81.97000122070312,81.30000305175781,81.30000305175781,6212500
2013-08-07,56.720130920410156,81.95999908447266,82.20999908447266,81.37999725341797,81.41000366210938,5828500
2013-08-08,56.86543655395508,82.16999816894531,82.4000015258789,81.51000213623047,82.11000061035156,6207900
2013-08-09,56.49863815307617,81.63999938964844,82.05999755859375,81.19000244140625,81.91999816894531,6127200
2013-08-12,56.484840393066406,81.62000274658203,81.7300033569336,81.04000091552734,81.2300033569336,4922200
2013-08-13,56.51252365112305,81.66000366210938,81.98999786376953,81.33000183105469,81.77999877929688,4936400
2013-08-14,56.22877502441406,81.25,81.77999877929688,81.19000244140625,81.66999816894531,5167500
2013-08-15,55.69590759277344,80.4800033569336,81.08000183105469,80.16999816894531,80.95999908447266,7415300
2013-08-16,55.294498443603516,79.9000015258789,80.4800033569336,79.05999755859375,80.2699966430664,9451600
2013-08-19,55.079952239990234,79.58999633789062,80.08999633789062,79.41999816894531,79.63999938964844,5959400
2013-08-20,55.03843307495117,79.52999877929688,80.0999984741211,79.27999877929688,79.72000122070312,5172500
2013-08-21,54.934627532958984,79.37999725341797,80.12000274658203,79.05000305175781,79.5,7390900
2013-08-22,55.204524993896484,79.7699966430664,80.05000305175781,78.87000274658203,79.30000305175781,6274400
2013-08-23,55.370628356933594,80.01000213623047,80.06999969482422,79.58999633789062,79.87000274658203,5219600
2013-08-26,54.35333251953125,78.54000091552734,79.9800033569336,78.52999877929688,79.91999816894531,6385400
2013-08-27,53.9588623046875,77.97000122070312,78.36000061035156,77.33000183105469,77.87000274658203,7052200
2013-08-28,53.18376541137695,76.8499984741211,77.86000061035156,76.8499984741211,77.86000061035156,9008500
2013-08-29,53.502105712890625,77.30999755859375,77.83999633789062,76.41999816894531,76.76000213623047,5961000
2013-08-30,53.90347671508789,77.88999938964844,78.06999969482422,73.61000061035156,77.52999877929688,9039100
2013-09-03,53.80659103393555,77.75,78.41999816894531,77.44000244140625,78.2699966430664,6743800
2013-09-04,53.62665939331055,77.48999786376953,77.75,77.12000274658203,77.5199966430664,6031300
2013-09-05,53.384456634521484,77.13999938964844,77.62999725341797,76.83000183105469,77.58000183105469,7163200
2013-09-06,53.391361236572266,77.1500015258789,77.61000061035156,76.4000015258789,77.12000274658203,6977400
2013-09-09,54.09033966064453,78.16000366210938,78.19999694824219,77.37000274658203,77.37000274658203,6089300
2013-09-10,53.945011138916016,77.94999694824219,78.63999938964844,77.77999877929688,78.5,6650200
2013-09-11,54.166465759277344,78.2699966430664,78.2699966430664,77.25,77.26000213623047,7049800
2013-09-12,54.1595573425293,78.26000213623047,78.80000305175781,78.16999816894531,78.4000015258789,6944900
2013-09-13,54.70625305175781,79.05000305175781,79.18000030517578,78.41000366210938,78.44000244140625,4894100
2013-09-16,55.474449157714844,80.16000366210938,80.20999908447266,79.70999908447266,79.72000122070312,7512800
2013-09-17,55.246055603027344,79.83000183105469,80.25,79.63999938964844,79.95999908447266,5457700
2013-09-18,55.571319580078125,80.30000305175781,80.4800033569336,78.52999877929688,79.05999755859375,10372100
2013-09-19,55.446739196777344,80.12000274658203,80.52999877929688,79.77999877929688,80.5,8157300
2013-09-20,54.94154739379883,79.38999938964844,80.18000030517578,79.38999938964844,80.08999633789062,11146100
2013-09-23,54.86543273925781,79.27999877929688,79.58000183105469,78.66999816894531,79.19999694824219,6304900
2013-09-24,54.408695220947266,78.62000274658203,79.4800033569336,78.58999633789062,78.97000122070312,7692100
2013-09-25,53.785831451416016,77.72000122070312,79.0,77.70999908447266,78.83999633789062,7589300
2013-09-26,54.014198303222656,78.05000305175781,78.13999938964844,77.62000274658203,77.91000366210938,4632600
2013-09-27,53.432891845703125,77.20999908447266,77.75,76.7699966430664,77.75,6551300
2013-09-30,52.31179428100586,75.58999633789062,77.16000366210938,75.3499984741211,76.80000305175781,15028300
2013-10-01,52.706268310546875,76.16000366210938,76.5,75.44000244140625,75.5199966430664,8076100
2013-10-02,52.54707336425781,75.93000030517578,76.13999938964844,75.41999816894531,75.91000366210938,8522900
2013-10-03,52.48478698730469,75.83999633789062,76.13999938964844,75.19999694824219,75.88999938964844,9251600
2013-10-04,52.60935974121094,76.0199966430664,76.12000274658203,75.51000213623047,75.9800033569336,4984700
2013-10-07,52.353309631347656,75.6500015258789,76.0999984741211,75.4800033569336,75.66000366210938,6373300
2013-10-08,52.82389831542969,76.33000183105469,77.0,76.05000305175781,76.38999938964844,9656600
2013-10-09,53.25296401977539,76.94999694824219,77.16000366210938,76.0999984741211,76.58000183105469,8470700
2013-10-10,53.90347671508789,77.88999938964844,77.91999816894531,77.1500015258789,77.41000366210938,10121900
2013-10-11,54.31178665161133,78.4800033569336,78.48999786376953,77.80999755859375,78.0,6082200
2013-10-14,54.49174499511719,78.73999786376953,78.80000305175781,77.93000030517578,78.01000213623047,6326100
2013-10-15,53.702789306640625,77.5999984741211,78.61000061035156,77.44000244140625,78.37999725341797,11192500
2013-10-16,54.638771057128906,78.33999633789062,78.48999786376953,77.26000213623047,77.3499984741211,6562600
2013-10-17,55.39202880859375,79.41999816894531,79.47000122070312,77.9800033569336,78.19000244140625,8671300
2013-10-18,55.38505935668945,79.41000366210938,79.56999969482422,78.77999877929688,79.38999938964844,7958500
2013-10-21,55.07818603515625,78.97000122070312,79.31999969482422,78.44000244140625,79.2699966430664,6478700
2013-10-22,56.06159973144531,80.37999725341797,80.61000061035156,79.27999877929688,79.30999755859375,9572300
2013-10-23,56.431251525878906,80.91000366210938,81.25,80.25,80.33999633789062,8960700
2013-10-24,56.22201156616211,80.61000061035156,80.94999694824219,80.25,80.7699966430664,7521100
2013-10-25,55.79655838012695,80.0,80.72000122070312,79.51000213623047,80.55000305175781,9606500
2013-10-28,56.70325469970703,81.30000305175781,81.86000061035156,79.94999694824219,80.11000061035156,9820900
2013-10-29,57.512298583984375,82.45999908447266,82.62000274658203,81.0999984741211,81.45999908447266,9482900
2013-10-30,56.856685638427734,81.5199966430664,82.55999755859375,81.2300033569336,82.52999877929688,6490000
2013-10-31,56.319644927978516,80.75,81.5999984741211,80.72000122070312,81.19999694824219,7786800
2013-11-01,56.59865188598633,81.1500015258789,81.33000183105469,80.63999938964844,80.68000030517578,6802300
2013-11-04,56.72419738769531,81.33000183105469,81.7300033569336,80.91000366210938,81.45999908447266,5460100
2013-11-05,56.79391098022461,81.43000030517578,81.73999786376953,80.8499984741211,81.12999725341797,4949300
2013-11-06,57.756412506103516,82.80999755859375,83.0999984741211,81.33000183105469,81.63999938964844,9526400
2013-11-07,57.41465759277344,82.31999969482422,83.0999984741211,82.11000061035156,82.91000366210938,10087700
2013-11-08,57.54718017578125,82.51000213623047,82.56999969482422,81.66999816894531,82.27999877929688,9768400
2013-11-11,57.372806549072266,82.26000213623047,82.68000030517578,82.0199966430664,82.3499984741211,6173600
2013-11-12,57.74943161010742,82.80000305175781,83.04000091552734,82.12000274658203,82.2300033569336,8201700
2013-11-13,58.2376708984375,83.5,83.5,82.45999908447266,82.56999969482422,7581600
2013-11-14,58.809566497802734,84.31999969482422,84.45999908447266,83.43000030517578,83.43000030517578,7580500
2013-11-15,59.172237396240234,84.83999633789062,84.91999816894531,84.16000366210938,84.16999816894531,9664700
2013-11-18,58.98394775390625,84.56999969482422,84.94000244140625,84.18000030517578,84.79000091552734,8507300
2013-11-19,58.82352066040039,84.33999633789062,84.58999633789062,84.20999908447266,84.30999755859375,7924200
2013-11-20,59.06761932373047,84.69000244140625,84.9800033569336,84.23999786376953,84.30999755859375,7680900
2013-11-21,59.05368423461914,84.66999816894531,84.88999938964844,84.51000213623047,84.83999633789062,7287700
2013-11-22,59.248985290527344,84.94999694824219,85.0,84.2300033569336,84.52999877929688,7436200
2013-11-25,59.5698127746582,85.41000366210938,85.81999969482422,84.8499984741211,84.95999908447266,9670500
2013-11-26,59.032752990722656,84.63999938964844,85.76000213623047,84.63999938964844,85.19999694824219,7111600
2013-11-27,58.781681060791016,84.27999877929688,84.88999938964844,84.0199966430664,84.87999725341797,4905000
2013-11-29,58.73984146118164,84.22000122070312,85.20999908447266,84.1500015258789,84.7699966430664,4954500
2013-12-02,58.126068115234375,83.33999633789062,84.1500015258789,83.0999984741211,84.04000091552734,7497500
2013-12-03,58.46781921386719,83.83000183105469,84.0,83.2300033569336,83.30000305175781,7533200
2013-12-04,58.13303756713867,83.3499984741211,83.48999786376953,82.58999633789062,83.37999725341797,6807200
2013-12-05,57.672725677490234,82.69000244140625,83.44999694824219,82.30000305175781,83.38999938964844,8186600
2013-12-06,58.94905471801758,84.5199966430664,84.52999877929688,83.16999816894531,83.2300033569336,7189400
2013-12-09,59.13040542602539,84.77999877929688,84.94000244140625,84.33999633789062,84.4800033569336,7395300
2013-12-10,58.34229278564453,83.6500015258789,84.43000030517578,83.43000030517578,84.41000366210938,7373300
2013-12-11,58.60032653808594,84.0199966430664,84.5,83.61000061035156,83.73999786376953,9787900
2013-12-12,57.40074157714844,82.30000305175781,83.87000274658203,81.93000030517578,83.81999969482422,10176300
2013-12-13,57.449527740478516,82.37000274658203,82.45999908447266,81.55999755859375,82.31999969482422,7441600
2013-12-16,56.97525405883789,81.69000244140625,83.06999969482422,81.5999984741211,82.72000122070312,8849700
2013-12-17,56.431251525878906,80.91000366210938,81.8499984741211,80.69000244140625,81.79000091552734,11416400
2013-12-18,57.45649719238281,82.37999725341797,82.41999816894531,80.4800033569336,81.20999908447266,12036100
2013-12-19,57.12172317504883,81.9000015258789,82.29000091552734,81.51000213623047,81.9800033569336,6442600
2013-12-20,57.07989501953125,81.83999633789062,82.54000091552734,81.81999969482422,81.9800033569336,13206100
2013-12-23,56.71022033691406,81.30999755859375,82.13999938964844,81.01000213623047,82.13999938964844,8653600
2013-12-24,56.71022033691406,81.30999755859375,81.61000061035156,81.25,81.33000183105469,2899100
2013-12-26,57.02409362792969,81.76000213623047,81.88999938964844,81.29000091552734,81.48999786376953,5347000
2013-12-27,57.19845199584961,82.01000213623047,82.4800033569336,81.86000061035156,82.08999633789062,4006000
2013-12-30,57.191471099853516,82.0,82.05000305175781,81.56999969482422,82.0,4145600
2013-12-31,56.77995681762695,81.41000366210938,82.0,81.08999633789062,81.83000183105469,5765300
2014-01-02,56.17319107055664,80.54000091552734,81.36000061035156,80.31999969482422,81.33000183105469,6981700
2014-01-03,56.11042404174805,80.44999694824219,80.8499984741211,80.19000244140625,80.76000213623047,6925600
2014-01-06,56.242919921875,80.63999938964844,80.9800033569336,80.30000305175781,80.61000061035156,7208200
2014-01-07,56.786956787109375,81.41999816894531,81.58000183105469,80.62000274658203,80.70999908447266,7158200
2014-01-08,55.96393966674805,80.23999786376953,81.1500015258789,80.05000305175781,80.97000122070312,13458800
2014-01-09,56.0894889831543,80.41999816894531,80.80000305175781,80.02999877929688,80.54000091552734,10833900
2014-01-10,56.00580978393555,80.30000305175781,80.88999938964844,80.19999694824219,80.58999633789062,8448300
2014-01-13,55.80354309082031,80.01000213623047,80.5,79.69000244140625,80.01000213623047,9360800
2014-01-14,56.40335464477539,80.87000274658203,80.91999816894531,80.0199966430664,80.05999755859375,8737100
2014-01-15,56.34756088256836,80.79000091552734,81.18000030517578,80.25,80.69999694824219,8221900
2014-01-16,56.1871223449707,80.55999755859375,80.83000183105469,80.26000213623047,80.6500015258789,11673300
2014-01-17,55.712852478027344,79.87999725341797,80.63999938964844,79.80000305175781,80.41999816894531,13629800
2014-01-21,55.92210006713867,80.18000030517578,80.72000122070312,79.54000091552734,80.58999633789062,13216400
2014-01-22,55.67757034301758,79.2300033569336,79.87999725341797,79.05000305175781,79.56999969482422,8455600
2014-01-23,54.98185348510742,78.23999786376953,78.97000122070312,78.12000274658203,78.70999908447266,12667700
2014-01-24,55.64242172241211,79.18000030517578,81.69999694824219,78.77999877929688,79.33000183105469,20163200
2014-01-27,55.14347839355469,78.47000122070312,79.30000305175781,78.41999816894531,79.23999786376953,10395400
2014-01-28,55.593223571777344,79.11000061035156,79.5199966430664,78.43000030517578,78.66999816894531,10060800
2014-01-29,54.560211181640625,77.63999938964844,78.80000305175781,77.37999725341797,78.80000305175781,13443100
2014-01-30,54.019107818603516,76.87000274658203,78.05000305175781,76.7699966430664,78.05000305175781,9450500
2014-01-31,53.84341812133789,76.62000274658203,77.19000244140625,75.26000213623047,76.02999877929688,12988800
2014-02-03,53.196903228759766,75.69999694824219,76.76000213623047,75.5999984741211,76.69000244140625,14292700
2014-02-04,53.470970153808594,76.08999633789062,76.38999938964844,75.4000015258789,76.0,12055400
2014-02-05,53.72393798828125,76.44999694824219,76.80000305175781,75.66999816894531,75.94000244140625,9734100
2014-02-06,54.04020309448242,76.9000015258789,76.98999786376953,76.4800033569336,76.52999877929688,7819700
2014-02-07,54.32830047607422,77.30999755859375,77.38999938964844,76.75,76.98999786376953,7259200
2014-02-10,54.83426284790039,78.02999877929688,78.08999633789062,77.19000244140625,77.43000030517578,8959700
2014-02-11,55.40348434448242,78.83999633789062,79.11000061035156,77.63999938964844,78.0999984741211,10500800
2014-02-12,54.45476531982422,77.48999786376953,78.52999877929688,77.05999755859375,78.12999725341797,11019700
2014-02-13,54.67264175415039,77.80000305175781,77.91999816894531,77.0,77.08999633789062,7420600
2014-02-14,55.797027587890625,79.4000015258789,79.75,77.25,77.69000244140625,10791900
2014-02-18,54.79210662841797,77.97000122070312,79.62999725341797,77.55999755859375,79.4800033569336,15750700
2014-02-19,54.91157913208008,78.13999938964844,78.95999908447266,77.55000305175781,77.63999938964844,8740000
2014-02-20,54.75697326660156,77.91999816894531,78.44000244140625,77.5,77.95999908447266,8275200
2014-02-21,54.79210662841797,77.97000122070312,78.88999938964844,77.91000366210938,78.05000305175781,8089200
2014-02-24,54.71480941772461,77.86000061035156,78.7699966430664,77.61000061035156,78.02999877929688,7838700
2014-02-25,54.89754104614258,78.12000274658203,78.30999755859375,77.4000015258789,77.7300033569336,8177500
2014-02-26,54.71480941772461,77.86000061035156,78.7699966430664,77.81999969482422,78.2300033569336,7764700
2014-02-27,54.94668960571289,78.19000244140625,78.2300033569336,77.55999755859375,77.7699966430664,6549800
2014-02-28,55.276973724365234,78.66000366210938,78.91000366210938,78.01000213623047,78.23999786376953,8489600
2014-03-03,54.44776916503906,77.4800033569336,78.41000366210938,77.3499984741211,78.26000213623047,8598600
2014-03-04,55.1294059753418,78.44999694824219,78.72000122070312,77.9000015258789,78.08999633789062,8306900
2014-03-05,54.68669128417969,77.81999969482422,78.41000366210938,77.55000305175781,78.31999969482422,8542300
2014-03-06,54.855350494384766,78.05999755859375,78.44000244140625,77.83999633789062,78.04000091552734,6475600
2014-03-07,55.08022689819336,78.37999725341797,78.5999984741211,78.11000061035156,78.41000366210938,5865400
2014-03-10,55.185638427734375,78.52999877929688,78.56999969482422,78.19999694824219,78.29000091552734,5229900
2014-03-11,55.48078155517578,78.94999694824219,79.38999938964844,78.56999969482422,78.58999633789062,6595800
2014-03-12,55.68457794189453,79.23999786376953,79.44999694824219,78.62000274658203,78.66000366210938,7469300
2014-03-13,55.64943313598633,79.19000244140625,79.76000213623047,79.19000244140625,79.31999969482422,9676600
2014-03-14,55.50188064575195,78.9800033569336,79.2300033569336,78.66999816894531,79.0999984741211,14850700
2014-03-17,56.1062126159668,79.83999633789062,79.94999694824219,79.0199966430664,79.0199966430664,8452100
2014-03-18,56.05702590942383,79.7699966430664,80.08000183105469,79.51000213623047,79.83999633789062,7703200
2014-03-19,55.36131286621094,78.77999877929688,79.91000366210938,78.51000213623047,79.68000030517578,8607200
2014-03-20,55.03805923461914,78.31999969482422,78.93000030517578,78.1500015258789,78.69999694824219,8659500
2014-03-21,54.72885513305664,77.87999725341797,79.75,77.87999725341797,79.04000091552734,21244400
2014-03-24,55.72673416137695,79.30000305175781,79.83000183105469,78.47000122070312,78.5,11221600
2014-03-25,56.08514404296875,79.80999755859375,79.98999786376953,79.44000244140625,79.5199966430664,8892500
2014-03-26,55.867271423339844,79.5,80.18000030517578,79.33000183105469,80.02999877929688,8269800
2014-03-27,55.972679138183594,79.6500015258789,80.43000030517578,79.37999725341797,79.55000305175781,8134100
2014-03-28,56.04998016357422,79.76000213623047,80.31999969482422,79.5199966430664,79.94000244140625,6413500
2014-03-31,56.64030838012695,80.5999984741211,80.83000183105469,79.55000305175781,80.0,8492800
2014-04-01,56.45759201049805,80.33999633789062,80.83999633789062,80.20999908447266,80.5999984741211,8222300
2014-04-02,56.31001281738281,80.12999725341797,80.33000183105469,79.80000305175781,80.19000244140625,6741800
2014-04-03,56.28893280029297,80.0999984741211,80.58000183105469,79.93000030517578,80.27999877929688,5646000
2014-04-04,56.05702590942383,79.7699966430664,80.55999755859375,79.75,80.47000122070312,8649600
2014-04-07,56.56297302246094,80.48999786376953,81.06999969482422,79.93000030517578,80.0199966430664,13229000
2014-04-08,57.167354583740234,81.3499984741211,81.37999725341797,80.0199966430664,80.51000213623047,11880700
2014-04-09,57.265724182128906,81.48999786376953,82.23999786376953,81.31999969482422,81.80000305175781,11550700
2014-04-10,56.98463439941406,81.08999633789062,82.12999725341797,80.88999938964844,81.58000183105469,12194300
2014-04-11,56.75274658203125,80.76000213623047,81.66000366210938,80.5,80.9800033569336,11831400
2014-04-14,56.787879943847656,80.80999755859375,81.19999694824219,80.51000213623047,81.0,7105600
2014-04-15,56.8089485168457,80.83999633789062,81.08999633789062,80.5199966430664,80.79000091552734,9000800
2014-04-16,57.37816619873047,81.6500015258789,81.87999725341797,81.02999877929688,81.27999877929688,8300700
2014-04-17,57.455474853515625,81.76000213623047,81.88999938964844,81.33999633789062,81.47000122070312,8374700
2014-04-21,57.314918518066406,81.55999755859375,81.80999755859375,81.29000091552734,81.80999755859375,6391000
2014-04-22,57.09709167480469,81.25,81.66999816894531,81.1500015258789,81.54000091552734,9259100
2014-04-23,56.92283630371094,80.36000061035156,80.72000122070312,79.37999725341797,80.72000122070312,9577500
2014-04-24,57.4824104309082,81.1500015258789,81.37999725341797,80.01000213623047,80.26000213623047,9523200
2014-04-25,57.66657257080078,81.41000366210938,81.58000183105469,80.97000122070312,81.19999694824219,7497400
2014-04-28,58.7503776550293,82.94000244140625,82.9800033569336,81.51000213623047,81.54000091552734,11595100
2014-04-29,58.39618682861328,82.44000244140625,82.94999694824219,82.36000061035156,82.75,7214300
2014-04-30,58.47411346435547,82.55000305175781,82.75,82.23999786376953,82.38999938964844,6243300
2014-05-01,58.325347900390625,82.33999633789062,82.47000122070312,81.76000213623047,82.38999938964844,5305000
2014-05-02,58.027835845947266,81.91999816894531,82.5999984741211,81.75,82.22000122070312,6629200
2014-05-05,57.872005462646484,81.69999694824219,81.87999725341797,81.47000122070312,81.63999938964844,4563600
2014-05-06,57.46824264526367,81.12999725341797,81.76000213623047,81.12000274658203,81.76000213623047,4591300
2014-05-07,58.14825439453125,82.08999633789062,82.13999938964844,81.41999816894531,81.44999694824219,6639500
2014-05-08,58.19785690307617,82.16000366210938,82.31999969482422,81.81999969482422,82.05999755859375,4631200
2014-05-09,58.36077117919922,82.38999938964844,82.80000305175781,82.13999938964844,82.19999694824219,7303500
2014-05-12,57.89324951171875,81.7300033569336,82.70999908447266,81.70999908447266,82.61000061035156,7859000
2014-05-13,57.80826950073242,81.61000061035156,81.9800033569336,81.41999816894531,81.94000244140625,6540200
2014-05-14,57.49657440185547,81.16999816894531,81.91000366210938,81.12000274658203,81.73999786376953,6867200
2014-05-15,57.04325485229492,80.52999877929688,81.37000274658203,80.44000244140625,81.25,9402100
2014-05-16,56.90156555175781,80.33000183105469,80.76000213623047,80.0,80.62999725341797,11558900
2014-05-19,56.61822509765625,79.93000030517578,80.05000305175781,79.54000091552734,80.01000213623047,6068100
2014-05-20,56.83074188232422,80.2300033569336,80.58000183105469,79.97000122070312,80.0199966430664,7057200
2014-05-21,57.01490783691406,80.48999786376953,80.66999816894531,80.0199966430664,80.33999633789062,6339800
2014-05-22,57.12823486328125,80.6500015258789,80.66999816894531,80.05000305175781,80.37000274658203,5561100
2014-05-23,57.036155700683594,80.5199966430664,80.8499984741211,80.4000015258789,80.51000213623047,4472600
2014-05-27,56.724483489990234,80.08000183105469,80.58000183105469,80.05000305175781,80.55000305175781,7003800
2014-05-28,56.73865509033203,80.0999984741211,80.27999877929688,80.0199966430664,80.02999877929688,4201400
2014-05-29,56.95115280151367,80.4000015258789,80.4000015258789,80.08000183105469,80.0999984741211,3886800
2014-05-30,57.227413177490234,80.79000091552734,80.8499984741211,80.16999816894531,80.25,7433000
2014-06-02,56.92283630371094,80.36000061035156,80.66999816894531,80.29000091552734,80.66000366210938,4331700
2014-06-03,56.61822509765625,79.93000030517578,80.30000305175781,79.5999984741211,80.04000091552734,6970600
2014-06-04,56.568634033203125,79.86000061035156,80.22000122070312,79.63999938964844,80.0,5427700
2014-06-05,56.745723724365234,80.11000061035156,80.30999755859375,79.97000122070312,80.11000061035156,5787700
2014-06-06,56.68907165527344,80.02999877929688,80.23999786376953,79.81999969482422,80.08999633789062,5520500
2014-06-09,56.73154830932617,80.08999633789062,80.23999786376953,79.8499984741211,79.91000366210938,6352500
2014-06-10,56.77408218383789,80.1500015258789,80.30000305175781,80.0,80.02999877929688,5658400
2014-06-11,56.71031188964844,80.05999755859375,80.30000305175781,79.87999725341797,80.05000305175781,7453700
2014-06-12,56.497798919677734,79.76000213623047,80.02999877929688,79.69000244140625,79.81999969482422,6526800
2014-06-13,56.41279983520508,79.63999938964844,79.94000244140625,79.5,79.7300033569336,5214000
2014-06-16,56.44822311401367,79.69000244140625,79.94000244140625,79.11000061035156,79.5199966430664,5334600
2014-06-17,56.37030029296875,79.58000183105469,79.79000091552734,79.3499984741211,79.61000061035156,5337300
2014-06-18,56.51906967163086,79.79000091552734,79.94000244140625,79.12999725341797,79.44000244140625,9614200
2014-06-19,56.83780288696289,80.23999786376953,80.56999969482422,79.80000305175781,79.8499984741211,12485100
2014-06-20,56.61822509765625,79.93000030517578,80.5,79.83000183105469,80.44000244140625,11659900
2014-06-23,56.32780456542969,79.5199966430664,80.05999755859375,79.36000061035156,80.05999755859375,6938900
2014-06-24,55.966548919677734,79.01000213623047,79.44000244140625,78.91999816894531,79.41999816894531,8157300
2014-06-25,56.18614196777344,79.31999969482422,79.36000061035156,78.6500015258789,79.04000091552734,12569300
2014-06-26,55.69028091430664,78.62000274658203,79.29000091552734,78.58999633789062,79.23999786376953,7258800
2014-06-27,55.97362518310547,79.0199966430664,79.19000244140625,78.5199966430664,78.5999984741211,8974900
2014-06-30,55.669044494628906,78.58999633789062,79.45999908447266,78.43000030517578,79.01000213623047,10297700
2014-07-01,56.157814025878906,79.27999877929688,79.41000366210938,78.51000213623047,78.87000274658203,8421200
2014-07-02,56.35614776611328,79.55999755859375,79.86000061035156,79.44000244140625,79.55999755859375,6276600
2014-07-03,56.65367126464844,79.9800033569336,80.13999938964844,79.63999938964844,79.93000030517578,5501100
2014-07-07,56.802406311035156,80.19000244140625,80.19999694824219,79.66000366210938,79.75,6673600
2014-07-08,57.06448745727539,80.55999755859375,80.8499984741211,79.91000366210938,80.02999877929688,9150200
2014-07-09,57.85075759887695,81.66999816894531,81.80000305175781,80.5,80.66000366210938,12113100
2014-07-10,57.80826950073242,81.61000061035156,81.91000366210938,81.19000244140625,81.2699966430664,8786500
2014-07-11,57.48948669433594,81.16000366210938,81.56999969482422,81.0,81.05999755859375,7519300
2014-07-14,57.602821350097656,81.31999969482422,81.73999786376953,81.30000305175781,81.36000061035156,6802000
2014-07-15,57.560306549072266,81.26000213623047,81.5199966430664,81.08999633789062,81.51000213623047,9637600
2014-07-16,57.79166793823242,80.94000244140625,81.19999694824219,80.75,80.9000015258789,8940500
2014-07-17,57.406105041503906,80.4000015258789,81.22000122070312,80.38999938964844,80.98999786376953,5844700
2014-07-18,57.513187408447266,80.55000305175781,80.75,80.16000366210938,80.55000305175781,6502400
2014-07-21,57.32042694091797,80.27999877929688,80.4000015258789,79.94999694824219,80.33000183105469,4434300
2014-07-22,57.1919059753418,80.0999984741211,80.58000183105469,79.7699966430664,80.29000091552734,6073200
2014-07-23,57.11335372924805,79.98999786376953,80.5,79.81999969482422,80.33000183105469,5891200
2014-07-24,57.306129455566406,80.26000213623047,80.31999969482422,79.8499984741211,80.12000274658203,6273100
2014-07-25,56.80635070800781,79.55999755859375,80.16000366210938,79.37000274658203,80.0199966430664,6293400
2014-07-28,56.592140197753906,79.26000213623047,79.62000274658203,78.8499984741211,79.41000366210938,6757300
2014-07-29,56.15658187866211,78.6500015258789,79.5,78.6500015258789,79.08999633789062,6419600
2014-07-30,55.80672836303711,78.16000366210938,79.01000213623047,78.13999938964844,78.69999694824219,8296500
2014-07-31,55.206974029541016,77.31999969482422,78.01000213623047,77.29000091552734,77.76000213623047,11235600
2014-08-01,56.87059783935547,79.6500015258789,80.66999816894531,78.83000183105469,79.25,18110700
2014-08-04,56.56357955932617,79.22000122070312,79.45999908447266,78.66000366210938,79.45999908447266,12075300
2014-08-05,56.69924545288086,79.41000366210938,79.73999786376953,78.9800033569336,78.98999786376953,7995900
2014-08-06,57.898773193359375,81.08999633789062,81.30000305175781,79.2699966430664,79.4000015258789,12839000
2014-08-07,57.2204475402832,80.13999938964844,81.18000030517578,80.01000213623047,81.0199966430664,7904000
2014-08-08,57.79880142211914,80.94999694824219,81.02999877929688,80.04000091552734,80.05000305175781,6215600
2014-08-11,58.177249908447266,81.4800033569336,81.87000274658203,81.02999877929688,81.2300033569336,8188000
2014-08-12,58.1343994140625,81.41999816894531,81.86000061035156,81.20999908447266,81.5,6591200
2014-08-13,58.177249908447266,81.4800033569336,81.80000305175781,81.11000061035156,81.63999938964844,5472200
2014-08-14,58.5128173828125,81.94999694824219,82.04000091552734,81.44000244140625,81.58999633789062,5930700
2014-08-15,58.39142608642578,81.77999877929688,82.2300033569336,81.18000030517578,82.2300033569336,7418400
2014-08-18,58.8626823425293,82.44000244140625,82.8499984741211,81.80999755859375,81.98999786376953,8450500
2014-08-19,59.04116439819336,82.69000244140625,82.87000274658203,82.12000274658203,82.3499984741211,6867700
2014-08-20,59.12685012817383,82.80999755859375,82.94000244140625,82.45999908447266,82.45999908447266,4581800
2014-08-21,59.46245193481445,83.27999877929688,83.47000122070312,82.69000244140625,82.80000305175781,7099800
2014-08-22,59.54097366333008,83.38999938964844,83.66000366210938,83.13999938964844,83.16000366210938,6978500
2014-08-25,59.648094177246094,83.54000091552734,83.81999969482422,83.30999755859375,83.73999786376953,5586800
2014-08-26,59.5338249206543,83.37999725341797,83.83000183105469,83.33000183105469,83.61000061035156,5188400
2014-08-27,59.483863830566406,83.30999755859375,83.5999984741211,83.16000366210938,83.43000030517578,4248300
2014-08-28,59.28394317626953,83.02999877929688,83.22000122070312,82.76000213623047,83.0199966430664,4278700
2014-08-29,59.34105682373047,83.11000061035156,83.12999725341797,82.5999984741211,83.08999633789062,4901300
2014-09-02,59.24823760986328,82.9800033569336,83.48999786376953,82.70999908447266,83.20999908447266,5528900
2014-09-03,59.19112777709961,82.9000015258789,83.4800033569336,82.7699966430664,83.26000213623047,5851800
2014-09-04,59.7623291015625,83.69999694824219,83.75,82.77999877929688,82.91999816894531,7444200
2014-09-05,59.81231689453125,83.7699966430664,83.80000305175781,83.06999969482422,83.44000244140625,5888900
2014-09-08,59.490989685058594,83.31999969482422,83.5999984741211,83.12999725341797,83.56999969482422,4899600
2014-09-09,59.2553596496582,82.98999786376953,83.29000091552734,82.83000183105469,83.05000305175781,5202900
2014-09-10,59.71949005126953,83.63999938964844,83.95999908447266,83.1500015258789,83.19999694824219,6715300
2014-09-11,59.61239242553711,83.48999786376953,83.75,83.37000274658203,83.61000061035156,6341600
2014-09-12,59.44817352294922,83.26000213623047,83.37999725341797,82.86000061035156,83.20999908447266,6358500
2014-09-15,59.88370132446289,83.87000274658203,84.25,83.13999938964844,83.18000030517578,7004700
2014-09-16,60.03364181518555,84.08000183105469,84.44999694824219,83.55999755859375,83.58000183105469,7143800
2014-09-17,60.09076690673828,84.16000366210938,84.5,83.93000030517578,84.0199966430664,8273800
2014-09-18,60.1121940612793,84.19000244140625,84.44000244140625,84.06999969482422,84.18000030517578,5309200
2014-09-19,60.31209945678711,84.47000122070312,84.7699966430664,84.18000030517578,84.5199966430664,11377700
2014-09-22,60.554866790771484,84.80999755859375,84.94999694824219,84.48999786376953,84.63999938964844,8397100
2014-09-23,60.290687561035156,84.44000244140625,84.91999816894531,84.44000244140625,84.6500015258789,7723500
2014-09-24,60.86189651489258,85.23999786376953,85.4000015258789,84.33000183105469,84.33000183105469,11694700
2014-09-25,60.21213912963867,84.33000183105469,85.12999725341797,84.33000183105469,85.0199966430664,8212300
2014-09-26,60.39064407348633,84.58000183105469,84.73999786376953,83.86000061035156,84.54000091552734,5478000
2014-09-29,60.290687561035156,84.44000244140625,84.47000122070312,83.66000366210938,84.11000061035156,6360000
2014-09-30,59.79087448120117,83.73999786376953,84.36000061035156,83.68000030517578,84.33999633789062,8074700
2014-10-01,59.36248779296875,83.13999938964844,84.04000091552734,83.02999877929688,84.0199966430664,9024700
2014-10-02,59.2982177734375,83.05000305175781,83.97000122070312,82.94999694824219,83.0999984741211,8858400
2014-10-03,59.82656478881836,83.79000091552734,83.94999694824219,82.87999725341797,83.44000244140625,6701500
2014-10-06,59.66952896118164,83.56999969482422,83.94000244140625,83.19000244140625,83.56999969482422,5656500
2014-10-07,59.376766204833984,83.16000366210938,83.91999816894531,83.12000274658203,83.37999725341797,7378200
2014-10-08,60.10505294799805,84.18000030517578,84.27999877929688,83.20999908447266,83.33999633789062,8107100
2014-10-09,59.733768463134766,83.66000366210938,84.87999725341797,83.52999877929688,84.20999908447266,7765700
2014-10-10,60.46919631958008,84.69000244140625,85.27999877929688,83.91000366210938,83.94999694824219,13732400
2014-10-13,59.526710510253906,83.37000274658203,84.47000122070312,83.30999755859375,84.30999755859375,10066100
2014-10-14,59.65523147583008,83.55000305175781,83.91000366210938,83.02999877929688,83.91000366210938,8210300
2014-10-15,59.2268180847168,82.94999694824219,83.58000183105469,81.76000213623047,82.58999633789062,13283200
2014-10-16,58.719886779785156,82.23999786376953,82.80000305175781,81.56999969482422,81.6500015258789,11310200
2014-10-17,59.45530700683594,83.2699966430664,83.4800033569336,82.02999877929688,82.94999694824219,11786600
2014-10-20,60.10505294799805,84.18000030517578,84.33000183105469,82.83000183105469,83.25,8558100
2014-10-21,60.41204833984375,84.61000061035156,84.63999938964844,83.66000366210938,84.47000122070312,12389600
2014-10-22,60.602020263671875,84.2300033569336,84.58999633789062,83.91999816894531,84.05999755859375,9747600
2014-10-23,59.8825569152832,83.2300033569336,84.33000183105469,82.30000305175781,84.26000213623047,14292100
2014-10-24,61.2711296081543,85.16000366210938,85.97000122070312,84.91000366210938,85.0999984741211,13465600
2014-10-27,61.83954620361328,85.94999694824219,86.4800033569336,84.83000183105469,84.95999908447266,10316600
2014-10-28,62.21366882324219,86.47000122070312,86.6500015258789,86.16999816894531,86.19999694824219,9437700
2014-10-29,62.26399230957031,86.54000091552734,86.66999816894531,85.91000366210938,86.66999816894531,6880600
2014-10-30,62.551788330078125,86.94000244140625,87.0,85.66999816894531,86.16000366210938,5560300
2014-10-31,62.78923034667969,87.2699966430664,87.36000061035156,86.70999908447266,87.08000183105469,9359800
2014-11-03,62.868385314941406,87.37999725341797,87.38999938964844,86.19999694824219,86.66000366210938,7789500
2014-11-04,63.77492141723633,88.63999938964844,88.87000274658203,87.44000244140625,87.48999786376953,10594800
2014-11-05,64.0339584350586,89.0,89.48999786376953,88.36000061035156,88.73999786376953,8462000
2014-11-06,63.96199417114258,88.9000015258789,89.19999694824219,88.56999969482422,89.08000183105469,6628900
2014-11-07,64.12748718261719,89.12999725341797,89.19999694824219,88.25,88.73999786376953,5975700
2014-11-10,64.3576889038086,89.44999694824219,89.5,88.26000213623047,88.91999816894531,5927100
2014-11-11,64.51600646972656,89.66999816894531,89.79000091552734,89.16999816894531,89.37999725341797,6343900
2014-11-12,64.37928009033203,89.4800033569336,89.87999725341797,89.41999816894531,89.5999984741211,6298700
2014-11-13,63.74614715576172,88.5999984741211,89.83999633789062,88.45999908447266,88.94000244140625,10191600
2014-11-14,63.39360046386719,88.11000061035156,88.88999938964844,87.93000030517578,88.69999694824219,7559400
2014-11-17,63.1993408203125,87.83999633789062,88.18000030517578,87.37000274658203,88.0,9475800
2014-11-18,63.27846908569336,87.94999694824219,88.18000030517578,87.48999786376953,88.0199966430664,6419400
2014-11-19,63.839664459228516,88.7300033569336,88.87000274658203,87.93000030517578,88.23999786376953,6570400
2014-11-20,63.65261459350586,88.47000122070312,88.80000305175781,88.33000183105469,88.33000183105469,5527600
2014-11-21,63.74614715576172,88.5999984741211,89.43000030517578,88.45999908447266,89.26000213623047,8984100
2014-11-24,63.39360046386719,88.11000061035156,88.88999938964844,87.86000061035156,88.87999725341797,5569200
2014-11-25,63.890052795410156,88.80000305175781,88.81999969482422,88.08000183105469,88.36000061035156,6439700
2014-11-26,63.9476203918457,88.87999725341797,88.87999725341797,88.44999694824219,88.83000183105469,4420000
2014-11-28,65.06280517578125,90.43000030517578,90.55999755859375,88.97000122070312,89.08999633789062,7661800
2014-12-01,64.81099700927734,90.08000183105469,90.66999816894531,89.5199966430664,90.16999816894531,6745100
2014-12-02,65.52326965332031,91.06999969482422,91.16999816894531,90.12000274658203,90.44000244140625,7432900
2014-12-03,64.75342559814453,90.0,90.97000122070312,89.63999938964844,90.83999633789062,6465600
2014-12-04,65.17073059082031,90.58000183105469,90.94000244140625,90.0999984741211,90.5,6406700
2014-12-05,65.02681732177734,90.37999725341797,90.41999816894531,89.20999908447266,90.31999969482422,6383400
2014-12-08,65.30023956298828,90.76000213623047,91.0,90.31999969482422,90.33999633789062,4721900
2014-12-09,65.26426696777344,90.70999908447266,90.77999877929688,89.87000274658203,90.47000122070312,5704000
2014-12-10,64.75342559814453,90.0,91.0999984741211,89.95999908447266,90.94999694824219,6293300
2014-12-11,65.04842376708984,90.41000366210938,91.27999877929688,89.9800033569336,90.0,6468700
2014-12-12,64.42964935302734,89.55000305175781,90.97000122070312,89.52999877929688,90.01000213623047,6574600
2014-12-15,64.17782592773438,89.19999694824219,90.5999984741211,89.02999877929688,89.69999694824219,6511900
2014-12-16,64.29293060302734,89.36000061035156,90.95999908447266,88.37999725341797,89.13999938964844,8773800
2014-12-17,65.25704956054688,90.69999694824219,91.16000366210938,89.4000015258789,89.55999755859375,7412700
2014-12-18,66.19239807128906,92.0,92.0,90.55000305175781,91.01000213623047,8724500
2014-12-19,66.22837829589844,92.05000305175781,92.7300033569336,91.76000213623047,92.1500015258789,14037800
2014-12-22,66.62407684326172,92.5999984741211,92.7300033569336,92.0,92.0999984741211,7157100
2014-12-23,67.12053680419922,93.29000091552734,93.4800033569336,92.69999694824219,92.73999786376953,5610600
2014-12-24,67.01260375976562,93.13999938964844,93.88999938964844,93.13999938964844,93.5,2403000
2014-12-26,67.24284362792969,93.45999908447266,93.80999755859375,93.05999755859375,93.1500015258789,3148700
2014-12-29,66.65288543701172,92.63999938964844,93.43000030517578,92.5,93.12000274658203,4657700
2014-12-30,66.4802017211914,92.4000015258789,92.81999969482422,92.0999984741211,92.25,4730000
2014-12-31,65.53764343261719,91.08999633789062,92.55000305175781,91.02999877929688,92.04000091552734,5712100
2015-01-02,65.07002258300781,90.44000244140625,91.0,89.91999816894531,90.83999633789062,7251400
2015-01-05,64.76062774658203,90.01000213623047,91.0,89.8499984741211,90.2300033569336,8626100
2015-01-06,64.46562957763672,89.5999984741211,90.55999755859375,89.26000213623047,90.30999755859375,7791200
2015-01-07,64.80377960205078,90.06999969482422,90.37000274658203,89.55999755859375,89.94000244140625,5986600
2015-01-08,65.54485321044922,91.0999984741211,91.2300033569336,90.12999725341797,90.4800033569336,6823300
2015-01-09,64.93328857421875,90.25,91.18000030517578,90.12000274658203,91.18000030517578,4872800
2015-01-12,64.69587707519531,89.91999816894531,90.62000274658203,89.51000213623047,90.4800033569336,5250900
2015-01-13,64.96926879882812,90.30000305175781,91.5,89.7699966430664,90.77999877929688,6727100
2015-01-14,64.74625396728516,89.98999786376953,90.16000366210938,89.43000030517578,89.7300033569336,6418200
2015-01-15,64.65269470214844,89.86000061035156,90.5,89.33999633789062,90.48999786376953,6768200
2015-01-16,65.65279388427734,91.25,91.33999633789062,89.87000274658203,89.94999694824219,8815700
2015-01-20,65.60963439941406,91.19000244140625,91.79000091552734,90.5,91.25,9869900
2015-01-21,65.74295806884766,90.7300033569336,91.19000244140625,89.62999725341797,90.4000015258789,6974500
2015-01-22,66.38783264160156,91.62000274658203,91.69000244140625,89.87000274658203,91.04000091552734,7211200
2015-01-23,65.27194213867188,90.08000183105469,91.19000244140625,89.94999694824219,91.16999816894531,6745700
2015-01-26,64.90966796875,89.58000183105469,89.94999694824219,88.73999786376953,89.94999694824219,9371700
2015-01-27,62.67062759399414,86.48999786376953,87.20999908447266,86.0199966430664,87.0999984741211,14417400
2015-01-28,61.699676513671875,85.1500015258789,86.91000366210938,85.01000213623047,86.62999725341797,14033400
2015-01-29,62.07649612426758,85.66999816894531,86.11000061035156,85.1500015258789,85.77999877929688,12054500
2015-01-30,61.0765266418457,84.29000091552734,85.22000122070312,84.25,85.08999633789062,14685300
2015-02-02,61.67794418334961,85.12000274658203,85.13999938964844,83.68000030517578,84.58000183105469,10278700
2015-02-03,62.27934646606445,85.94999694824219,86.0,85.12000274658203,85.94999694824219,10747900
2015-02-04,62.16341781616211,85.79000091552734,86.4800033569336,85.55000305175781,85.88999938964844,9212800
2015-02-05,62.822792053222656,86.69999694824219,86.77999877929688,86.0999984741211,86.23999786376953,6531300
2015-02-06,62.03300094604492,85.61000061035156,86.61000061035156,85.1500015258789,86.55999755859375,8429800
2015-02-09,61.627197265625,85.05000305175781,85.43000030517578,84.58999633789062,85.30999755859375,8811500
2015-02-10,61.873600006103516,85.38999938964844,85.56999969482422,84.81999969482422,85.33000183105469,7059300
2015-02-11,62.05472183227539,85.63999938964844,86.19999694824219,85.1500015258789,85.94999694824219,7184600
2015-02-12,62.33731460571289,86.02999877929688,86.1500015258789,85.41000366210938,86.05999755859375,6074600
2015-02-13,62.243125915527344,85.9000015258789,86.1500015258789,85.5,86.02999877929688,6272000
2015-02-17,61.94602584838867,85.48999786376953,86.05999755859375,85.0,86.05999755859375,10310400
2015-02-18,62.503990173339844,86.26000213623047,86.38999938964844,85.5199966430664,85.76000213623047,8132300
2015-02-19,61.74314498901367,85.20999908447266,86.30000305175781,85.05000305175781,86.11000061035156,7271600
2015-02-20,61.49677658081055,84.87000274658203,85.05000305175781,84.19000244140625,84.94999694824219,9581300
2015-02-23,61.873600006103516,85.38999938964844,85.5,84.6500015258789,84.95999908447266,7919200
2015-02-24,61.953269958496094,85.5,85.73999786376953,85.01000213623047,85.51000213623047,6502200
2015-02-25,61.92427062988281,85.45999908447266,85.80000305175781,85.23999786376953,85.69999694824219,5975800
2015-02-26,61.71415328979492,85.16999816894531,85.76000213623047,84.88999938964844,85.41999816894531,7964500
2015-02-27,61.68516159057617,85.12999725341797,85.37999725341797,84.56999969482422,85.0199966430664,7685000
2015-03-02,61.888065338134766,85.41000366210938,85.41000366210938,84.83999633789062,85.12999725341797,7235200
2015-03-03,61.70691680908203,85.16000366210938,85.44000244140625,84.54000091552734,85.3499984741211,6095600
2015-03-04,61.12001037597656,84.3499984741211,85.23999786376953,84.20999908447266,85.04000091552734,7370000
2015-03-05,61.322879791259766,84.62999725341797,84.76000213623047,84.08999633789062,84.62000274658203,5914200
2015-03-06,59.89541244506836,82.66000366210938,84.37000274658203,82.37000274658203,84.33999633789062,11338700
2015-03-09,60.20701217651367,83.08999633789062,83.20999908447266,82.68000030517578,82.79000091552734,7326700
2015-03-10,59.083885192871094,81.54000091552734,82.87999725341797,81.54000091552734,82.47000122070312,9681400
2015-03-11,58.97517776489258,81.38999938964844,81.77999877929688,80.80999755859375,81.52999877929688,10066600
2015-03-12,59.48240661621094,82.08999633789062,82.12000274658203,81.51000213623047,81.58999633789062,6951100
2015-03-13,59.29399871826172,81.83000183105469,82.27999877929688,81.1500015258789,81.9800033569336,7492500
2015-03-16,60.54755401611328,83.55999755859375,83.94999694824219,81.98999786376953,82.08000183105469,15618300
2015-03-17,60.0330924987793,82.8499984741211,83.37000274658203,82.43000030517578,83.36000061035156,7509300
2015-03-18,60.685237884521484,83.75,84.05000305175781,82.0199966430664,82.86000061035156,12607900
2015-03-19,60.4171257019043,83.37999725341797,83.75,83.12000274658203,83.45999908447266,9257500
2015-03-20,61.402591705322266,84.73999786376953,84.79000091552734,83.7699966430664,83.98999786376953,22580300
2015-03-23,61.48955535888672,84.86000061035156,85.05000305175781,84.36000061035156,84.37000274658203,9891100
2015-03-24,60.80841064453125,83.91999816894531,85.11000061035156,83.87000274658203,84.88999938964844,7478800
2015-03-25,60.14904022216797,83.01000213623047,84.37000274658203,82.86000061035156,84.37000274658203,8482200
2015-03-26,59.525875091552734,82.1500015258789,82.61000061035156,81.94999694824219,82.58000183105469,7311600
2015-03-27,59.641807556152344,82.30999755859375,82.54000091552734,81.98999786376953,82.08000183105469,6440600
2015-03-30,59.93889236450195,82.72000122070312,82.94999694824219,82.1500015258789,82.62999725341797,6416800
2015-03-31,59.37371826171875,81.94000244140625,82.93000030517578,81.94000244140625,82.76000213623047,8649700
2015-04-01,59.64904022216797,82.31999969482422,82.44999694824219,81.44999694824219,82.44000244140625,7395300
2015-04-02,59.7287712097168,82.43000030517578,82.58999633789062,81.91999816894531,82.16999816894531,6169800
2015-04-06,60.17078399658203,83.04000091552734,83.2300033569336,81.51000213623047,81.91999816894531,6856300
2015-04-07,59.69976806640625,82.38999938964844,83.29000091552734,82.33000183105469,82.93000030517578,6329900
2015-04-08,59.975135803222656,82.7699966430664,83.18000030517578,82.2699966430664,82.30000305175781,6523400
2015-04-09,60.06208419799805,82.88999938964844,82.94999694824219,82.01000213623047,82.62999725341797,6185000
2015-04-10,60.39539337158203,83.3499984741211,83.62999725341797,82.72000122070312,82.80000305175781,7001700
2015-04-13,60.4533576965332,83.43000030517578,83.94999694824219,82.94000244140625,83.0,8290500
2015-04-14,60.576541900634766,83.5999984741211,83.87999725341797,83.05000305175781,83.38999938964844,6792600
2015-04-15,60.51133728027344,83.51000213623047,84.19999694824219,83.4800033569336,83.8499984741211,7006400
2015-04-16,60.50409698486328,83.5,84.06999969482422,83.3499984741211,83.55999755859375,7615900
2015-04-17,59.80122375488281,82.52999877929688,83.22000122070312,82.02999877929688,83.0,9533800
2015-04-20,60.04758071899414,82.87000274658203,83.9800033569336,82.80000305175781,83.08999633789062,7416000
2015-04-21,60.19976043701172,83.08000183105469,83.80000305175781,82.9000015258789,83.38999938964844,7696400
2015-04-22,60.20701217651367,83.08999633789062,83.33999633789062,82.5999984741211,83.22000122070312,6753100
2015-04-23,59.12814712524414,80.94999694824219,82.0999984741211,80.9000015258789,81.41999816894531,14569500
2015-04-24,59.1646614074707,81.0,81.52999877929688,80.9000015258789,81.04000091552734,8785500
2015-04-27,58.87248992919922,80.5999984741211,81.19999694824219,80.47000122070312,80.91000366210938,9192300
2015-04-28,58.74102020263672,80.41999816894531,80.81999969482422,80.19000244140625,80.7300033569336,8395500
2015-04-29,58.324684143066406,79.8499984741211,80.30999755859375,79.72000122070312,80.0,11858500
2015-04-30,58.076324462890625,79.51000213623047,80.1500015258789,79.06999969482422,79.94999694824219,9409300
2015-05-01,58.64607620239258,80.29000091552734,80.31999969482422,79.62999725341797,79.76000213623047,8193000
2015-05-04,58.689910888671875,80.3499984741211,80.97000122070312,80.30000305175781,80.4800033569336,7203800
2015-05-05,58.48536682128906,80.06999969482422,80.6500015258789,79.77999877929688,80.5,6589400
2015-05-06,58.726409912109375,80.4000015258789,80.58000183105469,79.5199966430664,80.33999633789062,7335700
2015-05-07,58.58033752441406,80.19999694824219,80.55000305175781,80.0,80.37000274658203,7224300
2015-05-08,59.13544845581055,80.95999908447266,81.20999908447266,80.81999969482422,80.88999938964844,6929400
2015-05-11,58.6314582824707,80.2699966430664,80.98999786376953,80.26000213623047,80.94999694824219,5237800
2015-05-12,58.39773178100586,79.94999694824219,80.29000091552734,79.36000061035156,80.02999877929688,6305800
2015-05-13,58.215110778808594,79.69999694824219,80.58999633789062,79.55000305175781,80.16000366210938,6459900
2015-05-14,58.85060501098633,80.56999969482422,80.69000244140625,80.08999633789062,80.11000061035156,5634200
2015-05-15,59.20119857788086,81.05000305175781,81.12000274658203,80.7300033569336,80.83000183105469,7454800
2015-05-18,58.97477340698242,80.73999786376953,81.12999725341797,80.5,80.97000122070312,5590800
2015-05-19,59.04050064086914,80.83000183105469,80.94999694824219,80.33000183105469,80.75,5729500
2015-05-20,58.78485107421875,80.4800033569336,81.0,80.44999694824219,80.93000030517578,5487000
2015-05-21,58.733726501464844,80.41000366210938,80.58000183105469,79.83999633789062,80.16999816894531,6054700
2015-05-22,58.39773178100586,79.94999694824219,80.4000015258789,79.91999816894531,80.23999786376953,6003600
2015-05-26,57.806068420410156,79.13999938964844,80.06999969482422,78.94000244140625,79.97000122070312,6698300
2015-05-27,57.98867416381836,79.38999938964844,79.94000244140625,79.08999633789062,79.22000122070312,8094600
2015-05-28,57.94486618041992,79.33000183105469,79.44999694824219,79.0199966430664,79.43000030517578,5803400
2015-05-29,57.25827407836914,78.38999938964844,79.23999786376953,78.19000244140625,79.18000030517578,12551700
2015-06-01,57.59423828125,78.8499984741211,79.06999969482422,78.2699966430664,78.6500015258789,7588000
2015-06-02,57.367820739746094,78.54000091552734,78.72000122070312,78.16999816894531,78.45999908447266,7380800
2015-06-03,57.3824462890625,78.55999755859375,78.93000030517578,78.2699966430664,78.91000366210938,5985800
2015-06-04,57.082950592041016,78.1500015258789,78.83999633789062,78.05999755859375,78.41000366210938,7714600
2015-06-05,56.55706024169922,77.43000030517578,78.12000274658203,77.37000274658203,78.04000091552734,9439700
2015-06-08,56.761566162109375,77.70999908447266,77.9800033569336,77.0999984741211,77.4800033569336,10916200
2015-06-09,57.63079071044922,78.9000015258789,79.33000183105469,77.81999969482422,77.97000122070312,11528900
2015-06-10,58.09824752807617,79.54000091552734,79.79000091552734,79.01000213623047,79.2300033569336,9483500
2015-06-11,58.00331115722656,79.41000366210938,79.93000030517578,79.23999786376953,79.93000030517578,7633300
2015-06-12,57.6088752746582,78.87000274658203,79.31999969482422,78.56999969482422,79.16999816894531,6508600
2015-06-15,57.06105041503906,78.12000274658203,78.45999908447266,77.93000030517578,78.33000183105469,7527900
2015-06-16,57.77687072753906,79.0999984741211,79.5999984741211,78.54000091552734,79.5999984741211,8285700
2015-06-17,58.492679595947266,80.08000183105469,80.19000244140625,79.16000366210938,79.19999694824219,9305800
2015-06-18,59.033199310302734,80.81999969482422,81.22000122070312,80.30000305175781,80.33000183105469,10712500
2015-06-19,58.82869338989258,80.54000091552734,81.19999694824219,80.4800033569336,80.70999908447266,15598800
2015-06-22,58.7629508972168,80.44999694824219,81.18000030517578,80.33000183105469,80.91999816894531,6907900
2015-06-23,58.28086853027344,79.79000091552734,80.44999694824219,79.62000274658203,80.33000183105469,7190600
2015-06-24,58.076324462890625,79.51000213623047,79.8499984741211,79.5,79.80000305175781,8843700
2015-06-25,57.98867416381836,79.38999938964844,79.9000015258789,79.38999938964844,79.70999908447266,5855700
2015-06-26,57.95216369628906,79.33999633789062,79.73999786376953,79.27999877929688,79.54000091552734,7703200
2015-06-29,57.207115173339844,78.31999969482422,79.37000274658203,78.26000213623047,78.94999694824219,7966200
2015-06-30,57.14870071411133,78.23999786376953,79.01000213623047,78.12999725341797,78.91999816894531,8451400
2015-07-01,58.229713439941406,79.72000122070312,79.7699966430664,78.12000274658203,78.38999938964844,8868000
2015-07-02,58.383121490478516,79.93000030517578,80.3499984741211,79.7699966430664,80.01000213623047,6602500
2015-07-06,58.47077560424805,80.05000305175781,80.22000122070312,79.5,79.61000061035156,6601200
2015-07-07,59.69059753417969,81.72000122070312,81.83000183105469,80.05999755859375,80.05999755859375,11690400
2015-07-08,59.157371520996094,80.98999786376953,81.69000244140625,80.88999938964844,81.20999908447266,6724700
2015-07-09,58.916324615478516,80.66000366210938,82.0,80.5199966430664,81.75,10419800
2015-07-10,59.12814712524414,80.94999694824219,81.36000061035156,80.76000213623047,81.2300033569336,6892500
2015-07-13,59.829376220703125,81.91000366210938,82.04000091552734,81.33999633789062,81.5199966430664,7332900
2015-07-14,59.924320220947266,82.04000091552734,82.45999908447266,81.9800033569336,82.04000091552734,6119500
2015-07-15,60.00465393066406,82.1500015258789,82.31999969482422,81.83999633789062,81.91000366210938,6673700
2015-07-16,60.114227294921875,82.30000305175781,82.55000305175781,82.0999984741211,82.44999694824219,6623400
2015-07-17,60.07038879394531,82.23999786376953,82.37999725341797,81.5999984741211,81.88999938964844,5827300
2015-07-20,60.033878326416016,82.19000244140625,82.3499984741211,82.0,82.08999633789062,5012900
2015-07-21,59.62487030029297,81.62999725341797,82.12999725341797,81.37000274658203,82.01000213623047,7512400
2015-07-22,59.52395248413086,80.83000183105469,81.30000305175781,80.66999816894531,81.02999877929688,6106400
2015-07-23,59.428253173828125,80.69999694824219,80.88999938964844,80.13999938964844,80.83000183105469,5380900
2015-07-24,59.126319885253906,80.29000091552734,80.7300033569336,80.2300033569336,80.51000213623047,5660800
2015-07-27,58.89061737060547,79.97000122070312,80.06999969482422,79.43000030517578,79.83000183105469,8613600
2015-07-28,59.082096099853516,80.2300033569336,80.66000366210938,79.91000366210938,80.13999938964844,8649900
2015-07-29,59.36931610107422,80.62000274658203,80.98999786376953,80.16000366210938,80.26000213623047,8921500
2015-07-30,56.990692138671875,77.38999938964844,79.4800033569336,77.1500015258789,79.4000015258789,22067800
2015-07-31,56.48258972167969,76.69999694824219,77.73999786376953,76.66000366210938,77.62999725341797,11877200
2015-08-03,56.26166534423828,76.4000015258789,77.08999633789062,76.01000213623047,76.51000213623047,9511300
2015-08-04,55.90079116821289,75.91000366210938,76.33999633789062,75.75,76.02999877929688,13369100
2015-08-05,55.79772186279297,75.7699966430664,76.54000091552734,75.75,76.05000305175781,10895400
2015-08-06,55.77565002441406,75.73999786376953,76.01000213623047,75.25,76.01000213623047,9353300
2015-08-07,55.58417892456055,75.4800033569336,75.72000122070312,75.33999633789062,75.58999633789062,10045400
2015-08-10,56.24695587158203,76.37999725341797,76.5,75.80000305175781,75.94999694824219,9165900
2015-08-11,56.129112243652344,76.22000122070312,76.44999694824219,75.80999755859375,76.04000091552734,7491900
2015-08-12,56.254302978515625,76.38999938964844,76.43000030517578,75.33999633789062,75.88999938964844,10397700
2015-08-13,55.80508804321289,75.77999877929688,76.51000213623047,75.62999725341797,76.48999786376953,5948000
2015-08-14,55.68727493286133,75.62000274658203,75.80999755859375,75.37999725341797,75.73999786376953,5586900
2015-08-17,55.6209831237793,75.52999877929688,75.80999755859375,74.75,75.80999755859375,8683900
2015-08-18,55.32642364501953,75.12999725341797,75.80000305175781,75.0,75.58000183105469,7445900
2015-08-19,54.5826530456543,74.12000274658203,74.93000030517578,74.0199966430664,74.93000030517578,9865300
2015-08-20,54.42801284790039,73.91000366210938,74.72000122070312,73.45999908447266,73.75,10696500
2015-08-21,52.903629302978516,71.83999633789062,73.9000015258789,71.83000183105469,73.55000305175781,15763900
2015-08-24,50.915340423583984,69.13999938964844,71.06999969482422,65.0199966430664,68.56999969482422,23696300
2015-08-25,50.38511657714844,68.41999816894531,72.2300033569336,68.30000305175781,72.18000030517578,21476900
2015-08-26,52.21141815185547,70.9000015258789,71.0,68.94999694824219,69.9000015258789,17464700
2015-08-27,52.63854217529297,71.4800033569336,71.75,70.0199966430664,71.4000015258789,13434000
2015-08-28,52.43970489501953,71.20999908447266,71.2699966430664,70.58999633789062,71.16999816894531,10020000
2015-08-31,52.042030334472656,70.66999816894531,71.0,70.30000305175781,71.0,9520900
2015-09-01,50.73861312866211,68.9000015258789,69.87999725341797,68.5199966430664,69.37000274658203,15437700
2015-09-02,51.40872573852539,69.80999755859375,69.8499984741211,69.22000122070312,69.6500015258789,8903700
2015-09-03,51.49709701538086,69.93000030517578,70.45999908447266,69.69999694824219,70.18000030517578,8468300
2015-09-04,50.635498046875,68.76000213623047,69.27999877929688,68.5,69.27999877929688,11497500
2015-09-08,51.53391647338867,69.9800033569336,70.44000244140625,69.55999755859375,70.30999755859375,9182300
2015-09-09,50.4293098449707,68.4800033569336,70.54000091552734,68.37000274658203,70.44000244140625,11070600
2015-09-10,50.311485290527344,68.31999969482422,68.94999694824219,67.75,68.12000274658203,12591100
2015-09-11,50.38511657714844,68.41999816894531,68.51000213623047,67.7300033569336,68.05999755859375,11291400
2015-09-14,50.1200065612793,68.05999755859375,68.30000305175781,67.33000183105469,68.2300033569336,9712800
2015-09-15,51.143619537353516,69.44999694824219,69.73999786376953,67.9000015258789,68.0199966430664,11043700
2015-09-16,51.62226867675781,70.0999984741211,70.36000061035156,69.69999694824219,70.12000274658203,8704200
2015-09-17,51.725372314453125,70.23999786376953,71.2699966430664,69.86000061035156,70.0,11029600
2015-09-18,51.504459381103516,69.94000244140625,70.77999877929688,69.37000274658203,69.44000244140625,18210200
2015-09-21,52.02730941772461,70.6500015258789,70.87999725341797,70.01000213623047,70.1500015258789,7742800
2015-09-22,51.68856430053711,70.19000244140625,70.6500015258789,69.9800033569336,70.05999755859375,10207800
2015-09-23,51.74011993408203,70.26000213623047,70.48999786376953,69.95999908447266,70.18000030517578,6294200
2015-09-24,52.55016326904297,71.36000061035156,71.58000183105469,69.73999786376953,69.81999969482422,13423500
2015-09-25,53.51484298706055,72.66999816894531,73.37999725341797,71.94999694824219,72.38999938964844,15080700
2015-09-28,52.85210418701172,71.7699966430664,72.66999816894531,71.75,72.30999755859375,9207300
2015-09-29,53.22764587402344,72.27999877929688,72.41000366210938,71.3499984741211,71.7699966430664,9033300
2015-09-30,52.977256774902344,71.94000244140625,73.05999755859375,71.55000305175781,72.86000061035156,11041900
2015-10-01,52.98465347290039,71.94999694824219,72.18000030517578,71.4000015258789,71.76000213623047,8547600
2015-10-02,53.33076095581055,72.41999816894531,72.41999816894531,71.29000091552734,71.36000061035156,9085600
2015-10-05,53.91987991333008,73.22000122070312,73.43000030517578,72.5,72.97000122070312,9187700
2015-10-06,54.05242919921875,73.4000015258789,73.77999877929688,72.58999633789062,73.33999633789062,8851500
2015-10-07,54.28809356689453,73.72000122070312,73.87000274658203,73.31999969482422,73.72000122070312,8013200
2015-10-08,54.78883743286133,74.4000015258789,74.44000244140625,73.48999786376953,73.68000030517578,6856600
2015-10-09,54.84775924682617,74.4800033569336,74.91000366210938,74.31999969482422,74.58999633789062,6880100
2015-10-12,54.737300872802734,74.33000183105469,74.76000213623047,73.91000366210938,74.69000244140625,6255900
2015-10-13,54.575286865234375,74.11000061035156,74.27999877929688,73.66000366210938,74.23999786376953,8390200
2015-10-14,54.64892578125,74.20999908447266,74.61000061035156,73.9000015258789,74.20999908447266,8479200
2015-10-15,54.693115234375,74.2699966430664,74.83999633789062,74.02999877929688,74.63999938964844,8607400
2015-10-16,55.157047271728516,74.9000015258789,75.04000091552734,74.33999633789062,74.72000122070312,9578900
2015-10-19,55.3485221862793,75.16000366210938,75.19000244140625,74.52999877929688,74.6500015258789,7292200
2015-10-20,54.81093978881836,74.43000030517578,75.05000305175781,74.16000366210938,74.87000274658203,8531900
2015-10-21,54.67940139770508,73.58999633789062,74.54000091552734,73.5,73.75,8302100
2015-10-22,55.61564254760742,74.8499984741211,75.61000061035156,73.61000061035156,73.86000061035156,14080900
2015-10-23,57.23545455932617,77.02999877929688,78.44999694824219,76.30999755859375,76.76000213623047,16451200
2015-10-26,57.57722091674805,77.48999786376953,77.9000015258789,77.0,77.0,11464700
2015-10-27,57.42862319946289,77.29000091552734,77.36000061035156,76.80999755859375,77.12000274658203,9423400
2015-10-28,56.84907913208008,76.51000213623047,77.54000091552734,75.69000244140625,77.38999938964844,10178400
2015-10-29,57.22800827026367,77.0199966430664,77.19000244140625,76.23999786376953,76.75,8230700
2015-10-30,56.75249099731445,76.37999725341797,77.13999938964844,76.37999725341797,76.9800033569336,9547700
2015-11-02,56.91594314575195,76.5999984741211,76.7699966430664,76.05000305175781,76.56999969482422,7152900
2015-11-03,57.25028991699219,77.05000305175781,77.41999816894531,75.95999908447266,76.30000305175781,8013200
2015-11-04,57.25771713256836,77.05999755859375,77.13999938964844,76.51000213623047,77.02999877929688,6375400
2015-11-05,56.75990295410156,76.38999938964844,77.26000213623047,75.95999908447266,77.08999633789062,6860900
2015-11-06,56.150611877441406,75.56999969482422,76.0,74.69000244140625,75.87999725341797,9483500
2015-11-09,56.0243034362793,75.4000015258789,75.62999725341797,74.93000030517578,75.19000244140625,8607200
2015-11-10,56.29922103881836,75.7699966430664,76.23999786376953,75.2300033569336,75.37999725341797,6551000
2015-11-11,56.44038772583008,75.95999908447266,76.43000030517578,75.91999816894531,76.0199966430664,5295900
2015-11-12,55.474464416503906,74.66000366210938,76.01000213623047,74.66000366210938,75.66999816894531,7678600
2015-11-13,54.95433807373047,73.95999908447266,74.9800033569336,73.94999694824219,74.63999938964844,8468800
2015-11-16,55.94998550415039,75.30000305175781,75.33000183105469,74.01000213623047,74.25,7410600
2015-11-17,55.77909851074219,75.06999969482422,76.01000213623047,74.87000274658203,75.33000183105469,8761800
2015-11-18,56.39581298828125,75.9000015258789,75.95999908447266,74.80999755859375,74.9800033569336,6447100
2015-11-19,56.633583068847656,76.22000122070312,76.95999908447266,76.0199966430664,76.13999938964844,7899500
2015-11-20,56.33636474609375,75.81999969482422,76.86000061035156,75.68000030517578,76.55000305175781,9533200
2015-11-23,56.44782638549805,75.97000122070312,76.05999755859375,75.4000015258789,75.81999969482422,9421300
2015-11-24,56.804473876953125,76.44999694824219,76.69000244140625,75.61000061035156,75.62000274658203,7086800
2015-11-25,56.39581298828125,75.9000015258789,76.73999786376953,75.87999725341797,76.52999877929688,4266500
2015-11-27,56.24720764160156,75.69999694824219,76.37000274658203,75.5,75.88999938964844,2390100
2015-11-30,55.60820007324219,74.83999633789062,75.80999755859375,74.83999633789062,75.58000183105469,8935700
2015-12-01,56.4255485534668,75.94000244140625,76.22000122070312,74.87000274658203,74.87000274658203,8391700
2015-12-02,56.3140869140625,75.79000091552734,76.45999908447266,75.6500015258789,75.7300033569336,8104200
2015-12-03,56.276947021484375,75.73999786376953,76.19999694824219,75.16999816894531,75.83000183105469,11177800
2015-12-04,57.82986831665039,77.83000183105469,77.9000015258789,75.91999816894531,75.9800033569336,11961000
2015-12-07,58.23108673095703,78.37000274658203,78.5,77.54000091552734,77.54000091552734,9460000
2015-12-08,57.77040481567383,77.75,78.5,77.3499984741211,77.68000030517578,8312700
2015-12-09,57.73325729370117,77.69999694824219,78.98999786376953,77.44000244140625,77.5999984741211,10081900
2015-12-10,57.800132751464844,77.79000091552734,78.54000091552734,77.56999969482422,77.91000366210938,8984200
2015-12-11,57.792701721191406,77.77999877929688,78.33000183105469,77.11000061035156,77.51000213623047,12280500
2015-12-14,58.17164611816406,78.29000091552734,78.52999877929688,77.44000244140625,77.62999725341797,12179000
2015-12-15,59.20444869995117,79.68000030517578,80.0,78.4800033569336,78.70999908447266,14113400
2015-12-16,60.17781448364258,80.98999786376953,81.2300033569336,79.80000305175781,79.9800033569336,14102600
2015-12-17,59.65773010253906,80.29000091552734,81.02999877929688,80.19999694824219,80.9800033569336,9864200
2015-12-18,58.05276107788086,78.12999725341797,80.12000274658203,78.12999725341797,79.94999694824219,21342100
2015-12-21,58.66205596923828,78.94999694824219,78.9800033569336,78.1500015258789,78.62999725341797,9105800
2015-12-22,59.14502716064453,79.5999984741211,79.75,78.87999725341797,79.16000366210938,9872200
2015-12-23,59.38278579711914,79.91999816894531,80.43000030517578,79.5,79.94999694824219,8254600
2015-12-24,59.28619384765625,79.79000091552734,80.1500015258789,79.5999984741211,79.66000366210938,2498000
2015-12-28,59.38278579711914,79.91999816894531,79.97000122070312,79.47000122070312,79.73999786376953,4150000
2015-12-29,59.709720611572266,80.36000061035156,80.61000061035156,79.8499984741211,80.22000122070312,4406100
2015-12-30,59.49423599243164,80.06999969482422,80.5,80.0,80.45999908447266,3793200
2015-12-31,59.00383758544922,79.41000366210938,80.04000091552734,79.30999755859375,79.91000366210938,5077700
2016-01-04,58.23108673095703,78.37000274658203,78.5,77.54000091552734,78.36000061035156,11529800
2016-01-05,58.41685485839844,78.62000274658203,78.95999908447266,78.20999908447266,78.44000244140625,8133700
2016-01-06,57.85214614868164,77.86000061035156,78.29000091552734,77.12000274658203,77.66999816894531,9551000
2016-01-07,57.34688949584961,77.18000030517578,77.5999984741211,76.06999969482422,76.8499984741211,11973900
2016-01-08,56.44782638549805,75.97000122070312,77.4800033569336,75.66999816894531,77.36000061035156,9676400
2016-01-11,56.96792984008789,76.66999816894531,77.04000091552734,75.5999984741211,76.16999816894531,10209200
2016-01-12,56.84907913208008,76.51000213623047,77.0199966430664,75.75,77.0,8774700
2016-01-13,56.35866165161133,75.8499984741211,76.98999786376953,75.79000091552734,76.97000122070312,9310100
2016-01-14,56.58159637451172,76.1500015258789,76.94999694824219,75.87999725341797,76.0999984741211,12835100
2016-01-15,55.712242126464844,74.9800033569336,75.68000030517578,74.47000122070312,74.5,17023900
2016-01-19,57.01253890991211,76.7300033569336,76.91000366210938,75.72000122070312,75.80000305175781,13457300
2016-01-20,56.83490753173828,75.83000183105469,76.08999633789062,74.45999908447266,75.29000091552734,17795000
2016-01-21,57.50194549560547,76.72000122070312,77.18000030517578,75.41000366210938,76.0199966430664,12712900
2016-01-22,57.981632232666016,77.36000061035156,77.97000122070312,76.55000305175781,77.4000015258789,9465800
2016-01-25,57.59939956665039,76.8499984741211,77.36000061035156,76.55999755859375,77.19999694824219,9870400
2016-01-26,59.06842041015625,78.80999755859375,79.58000183105469,77.54000091552734,78.0,16374800
2016-01-27,59.060935974121094,78.80000305175781,79.8499984741211,78.1500015258789,78.52999877929688,10816100
2016-01-28,59.82542037963867,79.81999969482422,80.0,78.61000061035156,79.4000015258789,9895100
2016-01-29,61.22700500488281,81.69000244140625,82.0,79.83000183105469,79.9800033569336,19895000
2016-02-01,60.7997932434082,81.12000274658203,81.4000015258789,80.52999877929688,81.20999908447266,9657200
2016-02-02,60.125247955322266,80.22000122070312,80.54000091552734,79.80999755859375,80.08999633789062,9116400
2016-02-03,60.78475570678711,81.0999984741211,81.23999786376953,80.0199966430664,80.4800033569336,10149600
2016-02-04,60.4849967956543,80.69999694824219,81.0999984741211,80.33000183105469,80.8499984741211,8295100
2016-02-05,60.85972595214844,81.19999694824219,81.19999694824219,80.56999969482422,80.58000183105469,9957600
2016-02-08,61.92403793334961,82.62000274658203,82.72000122070312,80.29000091552734,80.29000091552734,16530200
2016-02-09,61.93904495239258,82.63999938964844,83.0,81.0199966430664,81.83000183105469,14308900
2016-02-10,61.174530029296875,81.62000274658203,83.0,81.45999908447266,82.91000366210938,10585400
2016-02-11,59.8853759765625,79.9000015258789,80.98999786376953,79.62999725341797,80.38999938964844,12343900
2016-02-12,60.702327728271484,80.98999786376953,81.0199966430664,79.79000091552734,80.36000061035156,9306100
2016-02-16,61.062095642089844,81.47000122070312,81.98999786376953,80.83999633789062,81.98999786376953,9352600
2016-02-17,61.796607971191406,82.44999694824219,82.83000183105469,81.51000213623047,81.6500015258789,10892900
2016-02-18,61.44435119628906,81.9800033569336,82.31999969482422,81.20999908447266,82.2300033569336,7702600
2016-02-19,61.30195617675781,81.79000091552734,82.26000213623047,81.4000015258789,81.95999908447266,7709600
2016-02-22,61.55677795410156,82.12999725341797,82.66999816894531,81.70999908447266,81.79000091552734,6916500
2016-02-23,61.31693649291992,81.80999755859375,82.45999908447266,81.61000061035156,82.0,5840600
2016-02-24,61.12956237792969,81.55999755859375,81.63999938964844,80.66000366210938,81.26000213623047,6759800
2016-02-25,61.71416473388672,82.33999633789062,82.33999633789062,81.47000122070312,81.69999694824219,6789700
2016-02-26,60.78475570678711,81.0999984741211,82.6500015258789,80.94999694824219,82.5199966430664,9281100
2016-02-29,60.17768478393555,80.29000091552734,81.3499984741211,80.20999908447266,81.0999984741211,11065300
2016-03-01,60.88222885131836,81.2300033569336,81.36000061035156,80.52999877929688,80.54000091552734,9483900
2016-03-02,61.87155532836914,82.55000305175781,82.66000366210938,80.8499984741211,81.58000183105469,12096600
2016-03-03,62.08891296386719,82.83999633789062,82.93000030517578,82.18000030517578,82.54000091552734,8747100
2016-03-04,62.576114654541016,83.48999786376953,83.73999786376953,82.26000213623047,82.62000274658203,9406700
2016-03-07,62.283782958984375,83.0999984741211,83.69999694824219,83.0,83.18000030517578,6792400
2016-03-08,62.25382614135742,83.05999755859375,83.75,82.66999816894531,82.97000122070312,7788400
2016-03-09,62.178871154785156,82.95999908447266,83.69000244140625,82.68000030517578,83.30000305175781,8954800
2016-03-10,61.669193267822266,82.27999877929688,83.2300033569336,81.75,83.12999725341797,10385600
2016-03-11,61.271968841552734,81.75,82.80000305175781,81.44000244140625,82.75,11109500
2016-03-14,60.83725357055664,81.16999816894531,81.8499984741211,80.68000030517578,81.56999969482422,12389300
2016-03-15,60.942169189453125,81.30999755859375,81.45999908447266,80.76000213623047,81.0,9297800
2016-03-16,60.96464920043945,81.33999633789062,81.80000305175781,80.4800033569336,81.30999755859375,9490300
2016-03-17,62.0214729309082,82.75,83.2300033569336,81.27999877929688,81.29000091552734,12061500
2016-03-18,62.32128143310547,83.1500015258789,83.5,82.44000244140625,82.86000061035156,33635200
2016-03-21,62.44868469238281,83.31999969482422,83.87000274658203,82.91000366210938,83.12000274658203,8625600
2016-03-22,62.01396179199219,82.73999786376953,83.31999969482422,82.48999786376953,83.27999877929688,7205900
2016-03-23,62.073936462402344,82.81999969482422,83.48999786376953,82.58000183105469,82.72000122070312,5594600
2016-03-24,62.12637710571289,82.88999938964844,83.12000274658203,82.43000030517578,82.45999908447266,6645700
2016-03-28,61.92403793334961,82.62000274658203,83.44999694824219,82.5199966430664,82.98999786376953,4988500
2016-03-29,62.05894088745117,82.80000305175781,83.08999633789062,82.16000366210938,82.66000366210938,6731400
2016-03-30,61.9689826965332,82.68000030517578,83.36000061035156,82.6500015258789,83.08999633789062,6925400
2016-03-31,61.69169998168945,82.30999755859375,83.0,82.1500015258789,82.75,6819200
2016-04-01,62.606075286865234,83.52999877929688,83.62000274658203,81.93000030517578,82.0,8028600
2016-04-04,62.36624526977539,83.20999908447266,83.6500015258789,83.02999877929688,83.6500015258789,5593400
2016-04-05,62.32876205444336,83.16000366210938,83.55999755859375,82.98999786376953,83.16000366210938,5259100
2016-04-06,62.815948486328125,83.80999755859375,83.83999633789062,83.08000183105469,83.13999938964844,6292100
2016-04-07,62.38871765136719,83.23999786376953,83.68000030517578,82.87000274658203,83.23999786376953,6655900
2016-04-08,62.35874557495117,83.19999694824219,83.44999694824219,82.7699966430664,83.44000244140625,5453000
2016-04-11,62.00648498535156,82.7300033569336,83.33999633789062,82.66000366210938,83.02999877929688,7081500
2016-04-12,62.0814323425293,82.83000183105469,83.20999908447266,82.44999694824219,82.70999908447266,7081600
2016-04-13,61.80409622192383,82.45999908447266,83.43000030517578,81.83999633789062,83.05000305175781,11738600
2016-04-14,61.970367431640625,82.01000213623047,82.37000274658203,81.54000091552734,81.94999694824219,6904400
2016-04-15,62.189483642578125,82.30000305175781,82.43000030517578,81.8499984741211,82.05000305175781,7299300
2016-04-18,62.59000778198242,82.83000183105469,82.98999786376953,82.0199966430664,82.30000305175781,5628000
2016-04-19,62.93002700805664,83.27999877929688,83.69999694824219,82.8499984741211,82.91000366210938,6606100
2016-04-20,61.62274169921875,81.55000305175781,83.33999633789062,81.4800033569336,83.29000091552734,9124200
2016-04-21,61.0560188293457,80.80000305175781,81.30999755859375,80.55000305175781,81.04000091552734,8802100
2016-04-22,61.16935729980469,80.94999694824219,80.94999694824219,79.91000366210938,80.4000015258789,8027700
2016-04-25,61.5169563293457,81.41000366210938,81.4800033569336,80.41999816894531,80.91999816894531,7672800
2016-04-26,60.11146545410156,79.55000305175781,81.5,79.20999908447266,81.5,13742300
2016-04-27,60.36839294433594,79.88999938964844,80.1500015258789,79.0999984741211,79.47000122070312,7689700
2016-04-28,60.27015686035156,79.76000213623047,80.2699966430664,79.38999938964844,79.4800033569336,7615900
2016-04-29,60.542179107666016,80.12000274658203,80.1500015258789,79.37000274658203,79.66999816894531,9391000
2016-05-02,61.18446731567383,80.97000122070312,81.30000305175781,80.0199966430664,80.0199966430664,7862600
2016-05-03,61.282718658447266,81.0999984741211,81.69999694824219,80.69000244140625,80.80000305175781,7617500
2016-05-04,61.6605339050293,81.5999984741211,81.7699966430664,80.87000274658203,80.87000274658203,7365900
2016-05-05,61.43384552001953,81.30000305175781,82.08999633789062,80.91999816894531,81.5999984741211,6399500
2016-05-06,62.06105041503906,82.12999725341797,82.25,81.16999816894531,81.41999816894531,6297200
2016-05-09,62.0534782409668,82.12000274658203,82.7300033569336,81.97000122070312,82.20999908447266,6718800
2016-05-10,62.32548904418945,82.4800033569336,82.68000030517578,82.12000274658203,82.1500015258789,6222400
2016-05-11,62.076148986816406,82.1500015258789,82.88999938964844,82.12999725341797,82.5,5975000
2016-05-12,62.27260971069336,82.41000366210938,82.73999786376953,82.11000061035156,82.4800033569336,4925000
2016-05-13,61.380943298339844,81.2300033569336,82.41999816894531,81.0,82.41999816894531,6579000
2016-05-16,61.68321990966797,81.62999725341797,81.88999938964844,80.75,81.01000213623047,6497200
2016-05-17,60.920021057128906,80.62000274658203,82.05999755859375,80.33000183105469,81.63999938964844,10188200
2016-05-18,60.3381462097168,79.8499984741211,80.7699966430664,79.41000366210938,80.58999633789062,8344100
2016-05-19,60.5950927734375,80.19000244140625,80.22000122070312,79.44999694824219,79.63999938964844,6242500
2016-05-20,60.46661376953125,80.0199966430664,80.5,79.79000091552734,80.44000244140625,6526800
2016-05-23,60.60263442993164,80.19999694824219,80.33000183105469,79.8499984741211,80.05000305175781,5620600
2016-05-24,61.18446731567383,80.97000122070312,81.37999725341797,80.30000305175781,80.30000305175781,6293300
2016-05-25,61.569847106933594,81.4800033569336,81.7699966430664,81.01000213623047,81.08000183105469,6049800
2016-05-26,61.37342071533203,81.22000122070312,81.5999984741211,81.08999633789062,81.4800033569336,4622300
2016-05-27,61.53207778930664,81.43000030517578,81.66000366210938,81.16000366210938,81.2699966430664,4322200
2016-05-31,61.237369537353516,81.04000091552734,81.81999969482422,80.73999786376953,81.58000183105469,6705000
2016-06-01,61.80409622192383,81.79000091552734,81.80000305175781,80.86000061035156,80.94999694824219,6184100
2016-06-02,61.924991607666016,81.94999694824219,81.94999694824219,81.33000183105469,81.52999877929688,5186300
2016-06-03,62.31795120239258,82.47000122070312,82.48999786376953,81.77999877929688,81.93000030517578,6306700
2016-06-06,62.54463195800781,82.7699966430664,82.83000183105469,82.2300033569336,82.4000015258789,5292300
2016-06-07,62.20460510253906,82.31999969482422,82.88999938964844,82.25,82.76000213623047,6327500
2016-06-08,62.4539794921875,82.6500015258789,82.75,82.0199966430664,82.37000274658203,4712600
2016-06-09,62.84689712524414,83.16999816894531,83.26000213623047,82.43000030517578,82.58000183105469,6144900
2016-06-10,62.869571685791016,83.19999694824219,83.33999633789062,82.61000061035156,82.7699966430664,6840800
2016-06-13,62.39352798461914,82.56999969482422,83.4000015258789,82.52999877929688,82.95999908447266,6167400
2016-06-14,62.98290252685547,83.3499984741211,83.37000274658203,82.2699966430664,82.55000305175781,6868600
2016-06-15,62.68064498901367,82.94999694824219,83.5,82.81999969482422,83.4000015258789,7082200
2016-06-16,63.028263092041016,83.41000366210938,83.61000061035156,82.66000366210938,82.66999816894531,6630100
2016-06-17,62.81666564941406,83.12999725341797,83.44000244140625,82.3499984741211,83.30999755859375,11741700
2016-06-20,62.7486572265625,83.04000091552734,83.69999694824219,83.02999877929688,83.5199966430664,6164300
2016-06-21,63.028263092041016,83.41000366210938,83.77999877929688,83.08999633789062,83.08999633789062,6594700
2016-06-22,63.14915084838867,83.56999969482422,83.76000213623047,83.29000091552734,83.5,4940100
2016-06-23,63.63276672363281,84.20999908447266,84.20999908447266,83.56999969482422,83.80999755859375,7361300
2016-06-24,62.159236907958984,82.26000213623047,83.81999969482422,81.98999786376953,82.61000061035156,12401100
2016-06-27,61.380943298339844,81.2300033569336,81.88999938964844,81.0,81.83000183105469,9601800
2016-06-28,62.31039810180664,82.45999908447266,82.48999786376953,80.94999694824219,81.44000244140625,9257100
2016-06-29,63.40607452392578,83.91000366210938,83.91000366210938,82.91000366210938,82.95999908447266,7927500
2016-06-30,63.98037338256836,84.66999816894531,84.80000305175781,83.81999969482422,83.91000366210938,10969300
2016-07-01,64.0634994506836,84.77999877929688,84.98999786376953,84.51000213623047,84.5199966430664,9531100
2016-07-05,64.5622329711914,85.44000244140625,85.94999694824219,84.44999694824219,84.4800033569336,11403100
2016-07-06,64.25241088867188,85.02999877929688,85.5,84.73999786376953,85.37000274658203,8356500
2016-07-07,64.10125732421875,84.83000183105469,85.23999786376953,84.52999877929688,85.2300033569336,7905700
2016-07-08,64.81153869628906,85.7699966430664,85.9000015258789,84.7699966430664,84.9800033569336,6827300
2016-07-11,64.7964859008789,85.75,85.94999694824219,84.91000366210938,85.61000061035156,6156800
2016-07-12,64.7964859008789,85.75,85.94000244140625,85.19000244140625,85.48999786376953,6649800
2016-07-13,64.9022445678711,85.88999938964844,86.1500015258789,85.41000366210938,85.80999755859375,7572100
2016-07-14,64.88713836669922,85.87000274658203,86.88999938964844,85.8499984741211,86.44000244140625,11342600
2016-07-15,64.992919921875,86.01000213623047,86.4800033569336,85.79000091552734,86.25,8491300
2016-07-18,64.93247985839844,85.93000030517578,86.05000305175781,85.69999694824219,86.0199966430664,4781300
2016-07-19,65.11382293701172,86.16999816894531,86.18000030517578,85.55999755859375,85.66999816894531,6078200
2016-07-20,64.97673797607422,85.31999969482422,85.7300033569336,85.12999725341797,85.37999725341797,6289000
2016-07-21,64.93107604980469,85.26000213623047,85.37000274658203,84.87999725341797,85.0199966430664,5407000
2016-07-22,65.28137969970703,85.72000122070312,85.9800033569336,85.44999694824219,85.5,6165600
2016-07-25,65.34229278564453,85.80000305175781,85.80000305175781,85.1500015258789,85.52999877929688,5605300
2016-07-26,64.93865966796875,85.2699966430664,86.08000183105469,85.16999816894531,85.68000030517578,5379300
2016-07-27,64.32181549072266,84.45999908447266,85.30000305175781,84.31999969482422,85.23999786376953,7744700
2016-07-28,64.5883560180664,84.80999755859375,84.9800033569336,84.4000015258789,84.41999816894531,5911600
2016-07-29,65.18233489990234,85.58999633789062,85.79000091552734,84.80000305175781,84.88999938964844,7520900
2016-08-01,65.80684661865234,86.41000366210938,86.58000183105469,85.41999816894531,85.44000244140625,10420600
2016-08-02,66.07341003417969,86.76000213623047,87.1500015258789,86.23999786376953,87.0199966430664,13083200
2016-08-03,65.47177124023438,85.97000122070312,86.72000122070312,85.45999908447266,86.51000213623047,8192100
2016-08-04,65.53268432617188,86.05000305175781,86.52999877929688,85.80000305175781,86.12000274658203,5564100
2016-08-05,65.32707214355469,85.77999877929688,86.44000244140625,85.52999877929688,86.08000183105469,6729700
2016-08-08,65.31182861328125,85.76000213623047,85.9000015258789,85.12999725341797,85.61000061035156,5388200
2016-08-09,65.48699951171875,85.98999786376953,86.33999633789062,85.68000030517578,85.86000061035156,4158800
2016-08-10,65.73069763183594,86.30999755859375,86.81999969482422,86.0,86.26000213623047,5981400
2016-08-11,66.05055236816406,86.7300033569336,87.0,86.4000015258789,86.69999694824219,7387100
2016-08-12,66.2866439819336,87.04000091552734,87.44999694824219,86.77999877929688,86.91999816894531,8063400
2016-08-15,66.27141571044922,87.0199966430664,87.56999969482422,86.98999786376953,87.5199966430664,6871200
2016-08-16,65.9363021850586,86.58000183105469,87.4000015258789,86.47000122070312,86.9800033569336,8071100
2016-08-17,66.22572326660156,86.95999908447266,87.11000061035156,85.97000122070312,86.44999694824219,6762100
2016-08-18,66.59125518798828,87.44000244140625,87.45999908447266,86.94000244140625,86.94000244140625,7082800
2016-08-19,66.49227905273438,87.30999755859375,87.41000366210938,87.05000305175781,87.19999694824219,6199900
2016-08-22,66.1419448852539,86.8499984741211,87.20999908447266,86.58000183105469,87.13999938964844,5921100
2016-08-23,66.56078338623047,87.4000015258789,87.5,87.04000091552734,87.12999725341797,5420100
2016-08-24,66.49227905273438,87.30999755859375,87.44999694824219,86.55999755859375,87.31999969482422,5713300
2016-08-25,66.94158935546875,87.9000015258789,87.94000244140625,87.04000091552734,87.30000305175781,10595500
2016-08-26,66.69789123535156,87.58000183105469,88.5,87.16999816894531,87.87000274658203,16408200
2016-08-29,67.24623107910156,88.30000305175781,88.4000015258789,87.31999969482422,87.38999938964844,8934500
2016-08-30,66.66741180419922,87.54000091552734,88.30000305175781,87.45999908447266,87.72000122070312,11619400
2016-08-31,66.49227905273438,87.30999755859375,87.8499984741211,87.02999877929688,87.75,11407800
2016-09-01,67.25382232666016,88.30999755859375,88.30999755859375,86.9800033569336,87.36000061035156,29793300
2016-09-02,67.1700439453125,88.19999694824219,88.87000274658203,88.04000091552734,88.4800033569336,17470400
2016-09-06,67.5051498413086,88.63999938964844,88.63999938964844,87.87999725341797,88.25,14472100
2016-09-07,66.97967529296875,87.94999694824219,88.41000366210938,87.70999908447266,88.30999755859375,17556400
2016-09-08,66.85018920898438,87.77999877929688,88.18000030517578,87.62999725341797,87.94999694824219,23465700
2016-09-09,65.67737579345703,86.23999786376953,87.16999816894531,86.23999786376953,87.0999984741211,21955000
2016-09-12,67.2081298828125,88.25,88.37999725341797,85.95999908447266,86.04000091552734,16105700
2016-09-13,66.29425048828125,87.05000305175781,87.91000366210938,87.01000213623047,87.55000305175781,19682700
2016-09-14,66.26380157470703,87.01000213623047,87.5999984741211,86.87000274658203,87.12000274658203,25397900
2016-09-15,67.06343078613281,88.05999755859375,88.2699966430664,86.75,86.75,13833600
2016-09-16,67.05582427978516,88.05000305175781,88.11000061035156,87.30000305175781,87.62000274658203,23518300
2016-09-19,67.29950714111328,88.37000274658203,88.94999694824219,87.25,87.91999816894531,19173900
2016-09-20,67.45945739746094,88.58000183105469,88.94999694824219,88.18000030517578,88.5,33986500
2016-09-21,66.86542510986328,87.80000305175781,88.79000091552734,86.44000244140625,88.54000091552734,55409800
2016-09-22,67.77167510986328,88.98999786376953,89.30000305175781,87.7699966430664,87.7699966430664,52692700
2016-09-23,66.83495330810547,87.76000213623047,88.94000244140625,87.48999786376953,88.62999725341797,48281400
2016-09-26,66.90351867675781,87.8499984741211,88.43000030517578,86.61000061035156,87.41999816894531,60276600
2016-09-27,67.29190063476562,88.36000061035156,88.80999755859375,87.66000366210938,88.05999755859375,65150800
2016-09-28,68.129638671875,89.45999908447266,89.7300033569336,88.47000122070312,88.9800033569336,89806000
2016-09-29,67.1928939819336,88.2300033569336,89.2699966430664,87.54000091552734,89.16000366210938,74587500
2016-09-30,68.35049438476562,89.75,90.22000122070312,88.29000091552734,88.30000305175781,123735700
2016-10-03,67.52040100097656,88.66000366210938,89.44999694824219,88.41000366210938,89.3499984741211,26789500
2016-10-04,67.28426361083984,88.3499984741211,88.68000030517578,87.94999694824219,88.29000091552734,23317600
2016-10-05,67.66509246826172,88.8499984741211,89.0,88.20999908447266,88.4800033569336,64580300
2016-10-06,67.94683837890625,89.22000122070312,89.7300033569336,88.47000122070312,88.61000061035156,61462800
2016-10-07,68.5408706665039,90.0,90.05000305175781,88.30000305175781,89.01000213623047,20518800
2016-10-10,67.82501220703125,89.05999755859375,90.33000183105469,88.77999877929688,90.19000244140625,15492400
2016-10-11,67.42898559570312,88.54000091552734,89.12000274658203,88.19999694824219,88.83000183105469,11723100
2016-10-12,67.45182800292969,88.56999969482422,89.01000213623047,88.33000183105469,88.73999786376953,17118000
2016-10-13,67.20052337646484,88.23999786376953,88.56999969482422,87.5999984741211,88.05000305175781,11158100
2016-10-14,67.34522247314453,88.43000030517578,88.95999908447266,88.22000122070312,88.5,7369000
2016-10-17,66.88827514648438,87.83000183105469,88.6500015258789,87.70999908447266,88.43000030517578,7610600
2016-10-18,66.598876953125,87.44999694824219,88.2699966430664,87.44000244140625,88.20999908447266,10749500
2016-10-19,65.64725494384766,85.54000091552734,86.81999969482422,85.44000244140625,86.6500015258789,12788800
2016-10-20,65.17910766601562,84.93000030517578,85.5199966430664,84.79000091552734,85.37999725341797,10175100
2016-10-21,64.71863555908203,84.33000183105469,84.86000061035156,84.23999786376953,84.41000366210938,13974100
2016-10-24,64.5421371459961,84.0999984741211,84.69999694824219,84.05999755859375,84.38999938964844,10573200
2016-10-25,66.74468994140625,86.97000122070312,88.08000183105469,86.97000122070312,87.48999786376953,20761200
2016-10-26,67.07470703125,87.4000015258789,87.73999786376953,86.77999877929688,86.91000366210938,8464100
2016-10-27,66.44540405273438,86.58000183105469,87.5999984741211,86.44999694824219,87.51000213623047,6598300
2016-10-28,66.6449203491211,86.83999633789062,87.2300033569336,86.44999694824219,86.87000274658203,7021100
2016-10-31,66.61421966552734,86.80000305175781,87.47000122070312,86.69000244140625,87.01000213623047,8207100
2016-11-01,66.65259552001953,86.8499984741211,86.98999786376953,86.4800033569336,86.58000183105469,8564500
2016-11-02,66.56816101074219,86.73999786376953,87.41000366210938,86.55999755859375,86.7699966430664,7773200
2016-11-03,66.46074676513672,86.5999984741211,86.9800033569336,86.47000122070312,86.80000305175781,6899900
2016-11-04,65.29422760009766,85.08000183105469,86.7300033569336,85.06999969482422,86.69000244140625,9378100
2016-11-07,66.43003845214844,86.55999755859375,86.56999969482422,85.5999984741211,86.0199966430664,8878500
2016-11-08,67.12077331542969,87.45999908447266,87.69000244140625,86.58999633789062,86.7699966430664,7674600
2016-11-09,65.94656372070312,85.93000030517578,86.54000091552734,84.30999755859375,85.26000213623047,11972500
2016-11-10,63.6672248840332,82.95999908447266,85.69999694824219,82.18000030517578,85.51000213623047,22095000
2016-11-11,64.14306640625,83.58000183105469,84.05999755859375,82.6500015258789,82.66999816894531,8905700
2016-11-14,63.69795227050781,83.0,83.77999877929688,82.76000213623047,83.55999755859375,12862500
2016-11-15,64.17374420166016,83.62000274658203,84.58000183105469,82.87999725341797,84.58000183105469,9464000
2016-11-16,63.843753814697266,83.19000244140625,84.19999694824219,83.16999816894531,83.9800033569336,8542900
2016-11-17,63.75166702270508,83.06999969482422,83.5,82.93000030517578,83.2699966430664,9083700
2016-11-18,62.930484771728516,82.0,83.0999984741211,81.98999786376953,82.91999816894531,14565500
2016-11-21,63.421661376953125,82.63999938964844,82.75,81.70999908447266,82.0,11482100
2016-11-22,63.51375961303711,82.76000213623047,83.18000030517578,82.66000366210938,83.01000213623047,7426500
2016-11-23,63.452362060546875,82.68000030517578,82.93000030517578,82.5199966430664,82.58999633789062,7693300
2016-11-25,64.05097198486328,83.45999908447266,83.45999908447266,82.94999694824219,82.98999786376953,3882900
2016-11-28,63.75166702270508,83.06999969482422,83.36000061035156,82.76000213623047,83.12999725341797,6990100
2016-11-29,63.613494873046875,82.88999938964844,83.4800033569336,82.69000244140625,83.41999816894531,6183100
2016-11-30,63.28351974487305,82.45999908447266,82.83000183105469,82.26000213623047,82.5199966430664,12115500
2016-12-01,62.82304382324219,81.86000061035156,82.31999969482422,81.18000030517578,82.20999908447266,12516900
2016-12-02,63.237483978271484,82.4000015258789,82.68000030517578,82.06999969482422,82.3499984741211,9079400
2016-12-05,63.69027328491211,82.98999786376953,83.08000183105469,82.4800033569336,82.55999755859375,8597500
2016-12-06,63.628868103027344,82.91000366210938,83.25,82.61000061035156,83.23999786376953,7327200
2016-12-07,64.60353088378906,84.18000030517578,84.27999877929688,82.70999908447266,82.73999786376953,8567700
2016-12-08,64.0816650390625,83.5,84.18000030517578,83.5,83.79000091552734,7522800
2016-12-09,64.74935913085938,84.37000274658203,84.4000015258789,83.47000122070312,83.5199966430664,8004500
2016-12-12,65.33259582519531,85.12999725341797,85.18000030517578,84.20999908447266,84.20999908447266,7494100
2016-12-13,65.3709716796875,85.18000030517578,85.36000061035156,84.52999877929688,84.66999816894531,11795900
2016-12-14,64.74935913085938,84.37000274658203,85.73999786376953,84.16999816894531,85.29000091552734,12292200
2016-12-15,64.98725128173828,84.68000030517578,84.80000305175781,83.61000061035156,84.1500015258789,8768100
2016-12-16,64.98725128173828,84.68000030517578,85.12000274658203,84.1500015258789,84.9000015258789,21172400
2016-12-19,65.0102767944336,84.70999908447266,84.9800033569336,84.31999969482422,84.75,6431200
2016-12-20,64.90283203125,84.56999969482422,84.70999908447266,84.19000244140625,84.56999969482422,7485400
2016-12-21,64.68029022216797,84.27999877929688,84.7300033569336,84.12000274658203,84.19000244140625,6099300
2016-12-22,64.82608032226562,84.47000122070312,84.61000061035156,83.87000274658203,84.0,7864800
2016-12-23,65.2021255493164,84.95999908447266,85.18000030517578,84.55000305175781,84.68000030517578,5284200
2016-12-27,64.92581939697266,84.5999984741211,84.94000244140625,84.41999816894531,84.9000015258789,3782600
2016-12-28,64.51911163330078,84.06999969482422,84.62999725341797,83.94999694824219,84.4000015258789,4298800
2016-12-29,64.73400115966797,84.3499984741211,84.48999786376953,84.0999984741211,84.23999786376953,3718300
2016-12-30,64.52680969238281,84.08000183105469,84.44999694824219,83.91999816894531,84.16999816894531,6209800
2017-01-03,64.6188735961914,84.19999694824219,84.38999938964844,83.5,83.87999725341797,8792700
2017-01-04,64.84910583496094,84.5,84.5999984741211,84.23999786376953,84.44999694824219,8096700
2017-01-05,65.27886199951172,85.05999755859375,85.43000030517578,84.37999725341797,84.41000366210938,6852400
2017-01-06,65.25584411621094,85.02999877929688,85.25,84.62000274658203,84.94000244140625,4799900
2017-01-09,64.77237701416016,84.4000015258789,84.66000366210938,83.75,84.05999755859375,11000600
2017-01-10,64.073974609375,83.48999786376953,84.43000030517578,83.23999786376953,84.33999633789062,10918200
2017-01-11,64.27352142333984,83.75,83.75,83.27999877929688,83.38999938964844,9572300
2017-01-12,64.34259796142578,83.83999633789062,83.87999725341797,83.37000274658203,83.70999908447266,6545400
2017-01-13,64.4730453491211,84.01000213623047,84.0199966430664,83.44000244140625,83.8499984741211,6762800
2017-01-17,65.39398956298828,85.20999908447266,85.58000183105469,83.87999725341797,83.9000015258789,13145100
2017-01-18,65.69567108154297,84.93000030517578,85.30000305175781,84.58999633789062,84.80000305175781,10520400
2017-01-19,65.51776123046875,84.69999694824219,85.0,84.27999877929688,84.62999725341797,14074500
2017-01-20,67.64494323730469,87.44999694824219,87.9800033569336,86.41999816894531,86.88999938964844,22944400
2017-01-23,67.26591491699219,86.95999908447266,87.3499984741211,86.8499984741211,87.08999633789062,9408900
2017-01-24,67.96210479736328,87.86000061035156,87.94999694824219,87.22000122070312,87.22000122070312,8704700
2017-01-25,67.42063903808594,87.16000366210938,87.9000015258789,87.05999755859375,87.83999633789062,8082900
2017-01-26,66.98746490478516,86.5999984741211,87.2300033569336,86.58999633789062,87.12000274658203,6542300
2017-01-27,67.08029174804688,86.72000122070312,86.8499984741211,86.0199966430664,86.44999694824219,9332300
2017-01-30,67.10348510742188,86.75,86.86000061035156,86.5,86.77999877929688,7350000
2017-01-31,67.76097106933594,87.5999984741211,87.66000366210938,86.52999877929688,86.62999725341797,9712400
2017-02-01,67.55213928222656,87.33000183105469,87.58999633789062,86.75,87.02999877929688,8291000
2017-02-02,67.884765625,87.76000213623047,88.3499984741211,87.25,87.61000061035156,8997200
2017-02-03,67.61402130126953,87.41000366210938,88.16999816894531,87.38999938964844,88.12000274658203,7161900
2017-02-06,67.60627746582031,87.4000015258789,87.79000091552734,87.12999725341797,87.5,7483000
2017-02-07,68.078125,88.01000213623047,88.27999877929688,87.4800033569336,87.63999938964844,6646100
2017-02-08,68.32564544677734,88.33000183105469,88.33999633789062,87.80999755859375,88.06999969482422,6815800
2017-02-09,68.58869171142578,88.66999816894531,88.77999877929688,88.02999877929688,88.33000183105469,9914100
2017-02-10,68.0472183227539,87.97000122070312,88.7300033569336,87.97000122070312,88.55999755859375,11057600
2017-02-13,68.3101806640625,88.30999755859375,88.36000061035156,87.63999938964844,88.04000091552734,6905100
2017-02-14,67.96210479736328,87.86000061035156,88.22000122070312,87.2300033569336,88.0,20123400
2017-02-15,70.48381042480469,91.12000274658203,91.1500015258789,89.80999755859375,89.80999755859375,25847700
2017-02-16,70.22852325439453,90.79000091552734,91.12000274658203,90.54000091552734,90.91999816894531,12408500
2017-02-17,70.4605941772461,91.08999633789062,91.36000061035156,90.44999694824219,90.61000061035156,12152400
2017-02-21,70.90922546386719,91.66999816894531,91.80000305175781,90.58000183105469,90.58000183105469,9018700
2017-02-22,70.73133087158203,91.44000244140625,91.80000305175781,91.25,91.44999694824219,6749900
2017-02-23,70.49152374267578,91.12999725341797,91.80000305175781,90.91000366210938,91.61000061035156,7611600
2017-02-24,70.42965698242188,91.05000305175781,91.33999633789062,90.66999816894531,90.97000122070312,6643400
2017-02-27,70.30589294433594,90.88999938964844,90.91000366210938,90.05999755859375,90.52999877929688,11840300
2017-02-28,70.44512176513672,91.06999969482422,91.79000091552734,90.6500015258789,90.9000015258789,10535600
2017-03-01,70.90150451660156,91.66000366210938,91.88999938964844,90.70999908447266,91.05000305175781,8792200
2017-03-02,70.32134246826172,90.91000366210938,91.58999633789062,90.87999725341797,91.4000015258789,7031200
2017-03-03,70.00421905517578,90.5,90.91000366210938,89.88999938964844,90.91000366210938,8334900
2017-03-06,69.90365600585938,90.37000274658203,90.51000213623047,89.58999633789062,89.88999938964844,9533800
2017-03-07,69.84175872802734,90.29000091552734,90.48999786376953,90.05999755859375,90.13999938964844,5363000
2017-03-08,69.72574615478516,90.13999938964844,90.3499984741211,89.76000213623047,90.0199966430664,5503700
2017-03-09,69.88043975830078,90.33999633789062,90.48999786376953,90.0999984741211,90.13999938964844,5587400
2017-03-10,70.44512176513672,91.06999969482422,91.16000366210938,90.6500015258789,90.80000305175781,6797800
2017-03-13,70.63078308105469,91.30999755859375,91.48999786376953,90.8499984741211,91.05999755859375,7397500
2017-03-14,70.39098358154297,91.0,91.58999633789062,90.81999969482422,91.26000213623047,6686400
2017-03-15,70.70040130615234,91.4000015258789,91.77999877929688,90.7300033569336,91.0,7855300
2017-03-16,70.73133087158203,91.44000244140625,91.72000122070312,91.0999984741211,91.44000244140625,6601200
2017-03-17,70.39098358154297,91.0,92.0,90.91999816894531,91.44999694824219,37010100
2017-03-20,70.56116485595703,91.22000122070312,91.41000366210938,90.94000244140625,90.95999908447266,7772900
2017-03-21,70.5379409790039,91.19000244140625,91.75,91.02999877929688,91.30000305175781,8211000
2017-03-22,70.38324737548828,90.98999786376953,91.80000305175781,90.75,91.30999755859375,7798000
2017-03-23,70.21308898925781,90.7699966430664,91.45999908447266,90.5999984741211,90.91000366210938,6831400
2017-03-24,70.05835723876953,90.56999969482422,90.91999816894531,90.20999908447266,90.7699966430664,9252000
2017-03-27,69.99647521972656,90.48999786376953,90.72000122070312,90.18000030517578,90.44999694824219,10072000
2017-03-28,70.20532989501953,90.76000213623047,91.05999755859375,90.12999725341797,90.16999816894531,11855800
2017-03-29,70.08158874511719,90.5999984741211,90.87000274658203,90.38999938964844,90.55999755859375,4252800
2017-03-30,69.77215576171875,90.19999694824219,90.56999969482422,90.0999984741211,90.5,3691900
2017-03-31,69.50141906738281,89.8499984741211,90.33999633789062,89.83999633789062,90.02999877929688,6942400
2017-04-03,69.36991119384766,89.68000030517578,90.05999755859375,89.44999694824219,89.86000061035156,6967400
2017-04-04,69.5478515625,89.91000366210938,89.95999908447266,89.41999816894531,89.75,5680800
2017-04-05,69.59423828125,89.97000122070312,90.5,89.76000213623047,90.0,6320100
2017-04-06,69.15333557128906,89.4000015258789,89.80999755859375,89.30999755859375,89.7699966430664,7231500
2017-04-07,69.0218276977539,89.2300033569336,89.61000061035156,89.18000030517578,89.45999908447266,4739100
2017-04-10,69.22295379638672,89.48999786376953,89.68000030517578,88.75,89.12999725341797,5956000
2017-04-11,69.4627685546875,89.80000305175781,89.81999969482422,89.29000091552734,89.66000366210938,5186000
2017-04-12,69.85724639892578,90.30999755859375,90.41999816894531,89.55999755859375,89.69999694824219,6286300
2017-04-13,69.6406478881836,90.02999877929688,90.54000091552734,89.79000091552734,90.05000305175781,5040100
2017-04-17,69.91912078857422,90.38999938964844,90.58999633789062,90.12999725341797,90.2300033569336,6931700
2017-04-18,70.23625946044922,90.80000305175781,91.12999725341797,90.33999633789062,90.4000015258789,7087800
2017-04-19,69.83876037597656,89.5999984741211,90.44999694824219,89.5,90.0999984741211,6919000
2017-04-20,69.62830352783203,89.33000183105469,89.69999694824219,89.30999755859375,89.69999694824219,6983500
2017-04-21,69.07487487792969,88.62000274658203,89.27999877929688,88.61000061035156,89.16999816894531,9061200
2017-04-24,69.79975891113281,89.55000305175781,89.66000366210938,89.01000213623047,89.12000274658203,8338500
2017-04-25,70.15052795410156,90.0,90.25,89.47000122070312,89.58000183105469,9088400
2017-04-26,68.38896179199219,87.73999786376953,90.0,87.61000061035156,89.8499984741211,11951300
2017-04-27,68.35000610351562,87.69000244140625,88.23999786376953,87.2300033569336,87.58000183105469,8517500
2017-04-28,68.06940460205078,87.33000183105469,87.58999633789062,87.1500015258789,87.5199966430664,8295400
2017-05-01,67.88231658935547,87.08999633789062,87.5999984741211,87.08000183105469,87.37999725341797,4546600
2017-05-02,67.2042236328125,86.22000122070312,87.29000091552734,86.0199966430664,87.29000091552734,13197500
2017-05-03,67.3678970336914,86.43000030517578,86.62999725341797,85.9000015258789,86.30000305175781,6122000
2017-05-04,67.38348388671875,86.44999694824219,87.23999786376953,86.30000305175781,86.8499984741211,5986200
2017-05-05,67.42245483398438,86.5,86.61000061035156,86.12999725341797,86.54000091552734,4506200
2017-05-08,67.46143341064453,86.55000305175781,86.62000274658203,86.23999786376953,86.33000183105469,4634600
2017-05-09,67.3445053100586,86.4000015258789,86.81999969482422,86.22000122070312,86.80000305175781,9577600
2017-05-10,67.41468048095703,86.48999786376953,86.79000091552734,86.38999938964844,86.4800033569336,6178500
2017-05-11,67.16522979736328,86.16999816894531,86.62999725341797,85.87999725341797,86.61000061035156,6064700
2017-05-12,67.18083190917969,86.19000244140625,86.31999969482422,85.91999816894531,86.23999786376953,5892400
2017-05-15,67.28994750976562,86.33000183105469,86.70999908447266,86.25,86.6500015258789,5820700
2017-05-16,67.21980285644531,86.23999786376953,87.0,86.19000244140625,86.87999725341797,6554500
2017-05-17,67.23538970947266,86.26000213623047,86.62999725341797,85.93000030517578,86.23999786376953,7805800
2017-05-18,66.93140411376953,85.87000274658203,86.22000122070312,85.5199966430664,86.18000030517578,6985600
2017-05-19,67.21980285644531,86.23999786376953,86.37999725341797,85.66999816894531,86.0,7320700
2017-05-22,67.19641876220703,86.20999908447266,86.4000015258789,86.02999877929688,86.25,4260000
2017-05-23,67.09510040283203,86.08000183105469,86.54000091552734,85.9800033569336,86.27999877929688,4394200
2017-05-24,67.42245483398438,86.5,86.6500015258789,86.20999908447266,86.44999694824219,4878800
2017-05-25,67.70305633544922,86.86000061035156,86.9800033569336,86.55000305175781,86.58000183105469,4368000
2017-05-26,68.00704956054688,87.25,87.37999725341797,86.81999969482422,86.93000030517578,4337000
2017-05-30,68.12395477294922,87.4000015258789,87.61000061035156,87.0999984741211,87.25,4594500
2017-05-31,68.66178894042969,88.08999633789062,88.3499984741211,87.44999694824219,87.66999816894531,10146600
2017-06-01,68.69293212890625,88.12999725341797,88.13999938964844,87.37000274658203,88.0199966430664,6251300
2017-06-02,69.05149841308594,88.58999633789062,88.68000030517578,88.01000213623047,88.4000015258789,6136400
2017-06-05,69.16844177246094,88.73999786376953,88.76000213623047,88.0,88.30000305175781,4115300
2017-06-06,69.21519470214844,88.80000305175781,88.97000122070312,88.44999694824219,88.76000213623047,6503000
2017-06-07,69.1917953491211,88.7699966430664,88.88999938964844,88.4000015258789,88.68000030517578,4781600
2017-06-08,68.47471618652344,87.8499984741211,88.80000305175781,87.36000061035156,88.7699966430664,7712100
2017-06-09,68.71635437011719,88.16000366210938,88.20999908447266,87.55000305175781,87.8499984741211,9696900
2017-06-12,68.7786865234375,88.23999786376953,88.66000366210938,88.08999633789062,88.16000366210938,7867700
2017-06-13,68.63839721679688,88.05999755859375,88.4000015258789,87.7699966430664,88.36000061035156,6419300
2017-06-14,68.93458557128906,88.44000244140625,88.75,88.05999755859375,88.48999786376953,6183900
2017-06-15,69.66728973388672,89.37999725341797,89.62000274658203,88.2300033569336,88.2300033569336,7047500
2017-06-16,69.8855209350586,89.66000366210938,89.7699966430664,88.80999755859375,89.72000122070312,13855000
2017-06-19,70.04138946533203,89.86000061035156,89.86000061035156,89.19999694824219,89.5999984741211,5246200
2017-06-20,69.86214447021484,89.62999725341797,90.20999908447266,89.61000061035156,89.7699966430664,5674200
2017-06-21,69.68286895751953,89.4000015258789,89.94999694824219,89.29000091552734,89.62000274658203,4164500
2017-06-22,69.39448547363281,89.02999877929688,89.41000366210938,88.9000015258789,89.2699966430664,4536700
2017-06-23,69.69844818115234,89.41999816894531,89.80000305175781,88.9000015258789,89.02999877929688,8782100
2017-06-26,69.65170288085938,89.36000061035156,89.68000030517578,89.2699966430664,89.62999725341797,4373300
2017-06-27,69.06710815429688,88.61000061035156,89.36000061035156,88.61000061035156,89.36000061035156,5180400
2017-06-28,68.8800277709961,88.37000274658203,89.20999908447266,88.26000213623047,89.08000183105469,4875000
2017-06-29,67.80439758300781,86.98999786376953,88.22000122070312,86.93000030517578,88.0199966430664,8123500
2017-06-30,67.92910766601562,87.1500015258789,87.47000122070312,87.0,87.05000305175781,6070300
2017-07-03,68.38896179199219,87.73999786376953,88.0,87.18000030517578,87.4000015258789,3607400
2017-07-05,68.33441162109375,87.66999816894531,88.0,87.48999786376953,87.86000061035156,4974300
2017-07-06,68.10057830810547,87.37000274658203,87.94999694824219,87.36000061035156,87.6500015258789,6038900
2017-07-07,68.3188247680664,87.6500015258789,87.81999969482422,87.27999877929688,87.69000244140625,5142200
2017-07-10,67.88231658935547,87.08999633789062,87.87000274658203,86.88999938964844,87.62999725341797,5356400
2017-07-11,67.63290405273438,86.7699966430664,87.44999694824219,86.30999755859375,87.2300033569336,5838600
2017-07-12,67.7809829711914,86.95999908447266,87.47000122070312,86.83000183105469,87.23999786376953,4374200
2017-07-13,67.57832336425781,86.69999694824219,87.05000305175781,86.5,86.7699966430664,5448900
2017-07-14,67.89012908935547,87.0999984741211,87.29000091552734,86.7300033569336,86.95999908447266,4577700
2017-07-17,68.24088287353516,87.55000305175781,87.91000366210938,86.73999786376953,87.06999969482422,5227800
2017-07-18,69.0904769897461,88.63999938964844,88.76000213623047,87.45999908447266,87.61000061035156,7492300
2017-07-19,69.40470123291016,88.3499984741211,88.41000366210938,87.5999984741211,87.87000274658203,6008500
2017-07-20,69.60108947753906,88.5999984741211,89.30999755859375,88.30999755859375,88.31999969482422,7285000
2017-07-21,69.60895538330078,88.61000061035156,88.68000030517578,87.80999755859375,88.16000366210938,5714800
2017-07-24,69.27117156982422,88.18000030517578,88.5999984741211,87.97000122070312,88.55000305175781,6202000
2017-07-25,70.02530670166016,89.13999938964844,89.19999694824219,88.54000091552734,88.66999816894531,6766700
2017-07-26,70.15099334716797,89.30000305175781,89.41999816894531,88.87000274658203,89.0,6987000
2017-07-27,71.23506164550781,90.68000030517578,90.75,89.0,90.29000091552734,11089200
2017-07-28,70.8658676147461,90.20999908447266,91.0,89.95999908447266,90.55999755859375,6137500
2017-07-31,71.34507751464844,90.81999969482422,91.06999969482422,90.20999908447266,90.20999908447266,7835700
2017-08-01,71.56500244140625,91.0999984741211,91.7300033569336,90.72000122070312,91.02999877929688,8662100
2017-08-02,71.51788330078125,91.04000091552734,91.30000305175781,90.52999877929688,90.97000122070312,7167700
2017-08-03,71.37647247314453,90.86000061035156,91.75,90.81999969482422,90.86000061035156,6413200
2017-08-04,71.22720336914062,90.66999816894531,91.08000183105469,90.52999877929688,90.69000244140625,5824400
2017-08-07,71.83210754394531,91.44000244140625,91.55999755859375,90.5199966430664,90.66999816894531,5011300
2017-08-08,71.94209289550781,91.58000183105469,91.94000244140625,91.2300033569336,91.4000015258789,5623400
2017-08-09,72.20916748046875,91.91999816894531,91.94000244140625,91.5199966430664,91.5199966430664,5572800
2017-08-10,72.06777954101562,91.73999786376953,92.0,91.69000244140625,91.86000061035156,6338200
2017-08-11,71.75353240966797,91.33999633789062,92.08000183105469,91.29000091552734,91.94000244140625,7094200
2017-08-14,71.99705505371094,91.6500015258789,91.94999694824219,91.25,91.54000091552734,5398400
2017-08-15,72.42913055419922,92.19999694824219,92.36000061035156,91.87999725341797,91.91000366210938,5293400
2017-08-16,72.61766815185547,92.44000244140625,92.94999694824219,92.19000244140625,92.29000091552734,7965500
2017-08-17,72.3270263671875,92.06999969482422,92.66999816894531,92.06999969482422,92.4000015258789,5711400
2017-08-18,72.6412353515625,92.47000122070312,92.77999877929688,91.8499984741211,91.9800033569336,6815000
2017-08-21,72.94762420654297,92.86000061035156,92.95999908447266,92.36000061035156,92.37999725341797,4334300
2017-08-22,72.89260864257812,92.79000091552734,92.95999908447266,92.58999633789062,92.91000366210938,4731500
2017-08-23,72.61766815185547,92.44000244140625,92.66000366210938,92.27999877929688,92.5,3631900
2017-08-24,72.484130859375,92.2699966430664,92.56999969482422,92.04000091552734,92.44000244140625,5173700
2017-08-25,72.67265319824219,92.51000213623047,92.86000061035156,92.41000366210938,92.6500015258789,4933000
2017-08-28,72.6412353515625,92.47000122070312,92.70999908447266,91.9800033569336,92.5199966430664,5386500
2017-08-29,72.5234146118164,92.31999969482422,92.69000244140625,92.23999786376953,92.4800033569336,3676300
2017-08-30,72.16992950439453,91.87000274658203,92.08000183105469,91.66000366210938,92.08000183105469,4709600
2017-08-31,72.484130859375,92.2699966430664,92.38999938964844,91.83999633789062,91.88999938964844,5864400
2017-09-01,72.6883544921875,92.52999877929688,92.66000366210938,92.26000213623047,92.41999816894531,4960700
2017-09-05,72.83760833740234,92.72000122070312,92.73999786376953,92.04000091552734,92.18000030517578,6532100
2017-09-06,72.83760833740234,92.72000122070312,92.91000366210938,92.36000061035156,92.79000091552734,6747200
2017-09-07,73.03402709960938,92.97000122070312,93.36000061035156,92.33000183105469,92.73999786376953,7735400
2017-09-08,72.93189239501953,92.83999633789062,93.1500015258789,92.51000213623047,92.76000213623047,6070100
2017-09-11,73.83528900146484,93.98999786376953,94.19000244140625,92.9000015258789,93.08999633789062,10177300
2017-09-12,73.4582290649414,93.51000213623047,93.9800033569336,93.20999908447266,93.72000122070312,5804000
2017-09-13,73.48965454101562,93.55000305175781,93.7699966430664,93.44999694824219,93.5,5369300
2017-09-14,73.48965454101562,93.55000305175781,93.6500015258789,93.18000030517578,93.2300033569336,5492300
2017-09-15,73.26968383789062,93.2699966430664,93.81999969482422,92.81999969482422,93.81999969482422,12428800
2017-09-18,73.17540740966797,93.1500015258789,93.5,92.86000061035156,93.16999816894531,6177700
2017-09-19,73.97669219970703,94.16999816894531,94.44999694824219,93.33999633789062,93.33999633789062,6587200
2017-09-20,74.15737915039062,94.4000015258789,94.66999816894531,93.83000183105469,94.16999816894531,5941500
2017-09-21,72.7747573852539,92.63999938964844,94.5,92.44999694824219,94.1500015258789,9376700
2017-09-22,72.46056365966797,92.23999786376953,93.0,92.08000183105469,92.55000305175781,6837700
2017-09-25,72.83760833740234,92.72000122070312,93.08999633789062,92.33000183105469,92.43000030517578,6436200
2017-09-26,72.78264617919922,92.6500015258789,92.8499984741211,92.19999694824219,92.81999969482422,4885200
2017-09-27,71.3843002319336,90.87000274658203,92.5199966430664,90.33999633789062,92.5199966430664,9631200
2017-09-28,71.40003967285156,90.88999938964844,91.12000274658203,90.62999725341797,90.86000061035156,4999800
2017-09-29,71.47075653076172,90.9800033569336,91.43000030517578,90.69999694824219,90.97000122070312,6634500
2017-10-02,72.09132385253906,91.7699966430664,92.4000015258789,91.23999786376953,91.26000213623047,7302400
2017-10-03,72.36629486083984,92.12000274658203,92.33999633789062,91.55999755859375,91.95999908447266,5909900
2017-10-04,72.60193634033203,92.41999816894531,92.80000305175781,92.0199966430664,92.12000274658203,6140700
2017-10-05,72.29558563232422,92.02999877929688,92.6500015258789,91.94000244140625,92.48999786376953,6912800
2017-10-06,72.53125,92.33000183105469,92.3499984741211,91.87999725341797,92.0,5241900
2017-10-09,72.36629486083984,92.12000274658203,92.62000274658203,91.93000030517578,92.4000015258789,5149000
2017-10-10,71.97351837158203,91.62000274658203,93.04000091552734,89.86000061035156,92.37000274658203,17125600
2017-10-11,71.84783172607422,91.45999908447266,91.7300033569336,91.06999969482422,91.08999633789062,7115400
2017-10-12,72.38985443115234,92.1500015258789,92.30999755859375,91.38999938964844,91.41000366210938,5984900
2017-10-13,73.08902740478516,93.04000091552734,93.51000213623047,92.58999633789062,92.69999694824219,6956700
2017-10-16,73.16755676269531,93.13999938964844,93.37000274658203,92.70999908447266,92.97000122070312,4159100
2017-10-17,72.90048217773438,92.80000305175781,93.08999633789062,92.4000015258789,93.04000091552734,5316100
2017-10-18,72.87691497802734,92.7699966430664,92.94999694824219,92.01000213623047,92.77999877929688,7399700
2017-10-19,72.48909759521484,91.58999633789062,91.98999786376953,91.13999938964844,91.69999694824219,8585000
2017-10-20,69.84564971923828,88.25,89.95999908447266,87.58999633789062,89.72000122070312,19997800
2017-10-23,69.09376525878906,87.30000305175781,88.86000061035156,86.87000274658203,88.62999725341797,13358200
2017-10-24,68.84049987792969,86.9800033569336,87.41999816894531,86.77999877929688,87.37000274658203,11519000
2017-10-25,68.74553680419922,86.86000061035156,87.11000061035156,86.27999877929688,86.9000015258789,9024300
2017-10-26,69.25203704833984,87.5,87.7699966430664,87.0999984741211,87.19000244140625,6233800
2017-10-27,68.88798522949219,87.04000091552734,87.52999877929688,86.44999694824219,87.52999877929688,7433800
2017-10-30,68.27854919433594,86.2699966430664,87.08000183105469,86.16000366210938,86.91000366210938,5387100
2017-10-31,68.33399963378906,86.33999633789062,86.5,85.72000122070312,86.48999786376953,7119000
2017-11-01,68.76927947998047,86.88999938964844,87.13999938964844,86.11000061035156,86.33000183105469,4884100
2017-11-02,68.4685287475586,86.51000213623047,87.04000091552734,86.2300033569336,86.77999877929688,5021200
2017-11-03,68.52393341064453,86.58000183105469,87.16000366210938,86.45999908447266,86.77999877929688,5106500
2017-11-06,68.10446166992188,86.05000305175781,86.63999938964844,86.02999877929688,86.55000305175781,5186700
2017-11-07,68.84049987792969,86.9800033569336,87.0,85.41999816894531,86.04000091552734,6875100
2017-11-08,69.31538391113281,87.58000183105469,87.5999984741211,86.80000305175781,86.98999786376953,6910000
2017-11-09,69.4736557006836,87.77999877929688,88.16999816894531,87.30000305175781,87.3499984741211,5280000
2017-11-10,69.77442932128906,88.16000366210938,88.38999938964844,87.77999877929688,87.98999786376953,7227300
2017-11-13,70.43924713134766,89.0,89.41000366210938,88.62999725341797,88.66999816894531,6873500
2017-11-14,70.33634185791016,88.87000274658203,89.05000305175781,88.47000122070312,88.73999786376953,5035500
2017-11-15,69.8298110961914,88.2300033569336,88.94000244140625,88.0,88.7300033569336,6688100
2017-11-16,70.6370849609375,89.25,89.9000015258789,88.7699966430664,89.83999633789062,7205100
2017-11-17,69.98809051513672,88.43000030517578,89.08999633789062,88.08000183105469,88.94999694824219,5941800
2017-11-20,69.8614730834961,88.2699966430664,88.55999755859375,87.70999908447266,88.43000030517578,4926200
2017-11-21,70.21761322021484,88.72000122070312,89.20999908447266,88.0199966430664,88.18000030517578,6196400
2017-11-22,69.9089584350586,88.33000183105469,88.91000366210938,88.05999755859375,88.5,6006900
2017-11-24,70.00394439697266,88.44999694824219,88.95999908447266,88.41999816894531,88.58999633789062,2196700
2017-11-27,70.40754699707031,88.95999908447266,89.0999984741211,88.1500015258789,88.33000183105469,6199700
2017-11-28,70.75580596923828,89.4000015258789,89.5199966430664,88.91000366210938,89.4800033569336,4841300
2017-11-29,70.74000549316406,89.37999725341797,89.80999755859375,89.02999877929688,89.4000015258789,5158900
2017-11-30,71.22274780273438,89.98999786376953,90.37000274658203,89.20999908447266,89.3499984741211,9789900
2017-12-01,71.515625,90.36000061035156,90.52999877929688,89.12000274658203,90.18000030517578,7953200
2017-12-04,72.34663391113281,91.41000366210938,91.91000366210938,89.83000183105469,91.76000213623047,9003700
2017-12-05,72.33872985839844,91.4000015258789,91.83999633789062,91.06999969482422,91.5199966430664,8683000
2017-12-06,72.22000122070312,91.25,91.77999877929688,91.06999969482422,91.38999938964844,6737400
2017-12-07,71.3098373413086,90.0999984741211,91.06999969482422,89.88999938964844,91.05000305175781,7273600
2017-12-08,71.52351379394531,90.37000274658203,90.37000274658203,89.58000183105469,90.0199966430664,5883400
2017-12-11,71.4126968383789,90.2300033569336,90.33000183105469,89.75,90.2300033569336,4856000
2017-12-12,71.11195373535156,89.8499984741211,90.51000213623047,89.81999969482422,90.44999694824219,6558900
2017-12-13,71.92716979980469,90.87999725341797,91.41000366210938,89.97000122070312,90.0199966430664,7141000
2017-12-14,72.02213287353516,91.0,91.43000030517578,90.9000015258789,90.94000244140625,5853500
2017-12-15,72.72651672363281,91.88999938964844,92.2699966430664,91.4800033569336,91.56999969482422,15924000
2017-12-18,72.71861267089844,91.87999725341797,93.13999938964844,91.80999755859375,91.9800033569336,7405700
2017-12-19,72.5603256225586,91.68000030517578,92.12999725341797,91.58000183105469,92.0,5644400
2017-12-20,72.44160461425781,91.52999877929688,91.97000122070312,91.3499984741211,91.80000305175781,6938500
2017-12-21,72.55239868164062,91.66999816894531,92.08000183105469,91.52999877929688,91.66000366210938,4860400
2017-12-22,72.91647338867188,92.12999725341797,92.43000030517578,91.72000122070312,91.87999725341797,4919400
2017-12-26,73.19348907470703,92.4800033569336,92.7699966430664,92.1500015258789,92.3499984741211,3431900
2017-12-27,72.89274597167969,92.0999984741211,92.75,91.93000030517578,92.48999786376953,4276700
2017-12-28,72.86898803710938,92.06999969482422,92.54000091552734,91.91000366210938,92.30000305175781,3005400
2017-12-29,72.71861267089844,91.87999725341797,92.45999908447266,91.87999725341797,92.23999786376953,4346700
2018-01-02,71.7451171875,90.6500015258789,91.93000030517578,90.55000305175781,91.91999816894531,7558900
2018-01-03,71.65807342529297,90.54000091552734,91.08999633789062,90.5199966430664,90.7300033569336,5863600
2018-01-04,72.16459655761719,91.18000030517578,91.7699966430664,90.61000061035156,90.83000183105469,6322500
2018-01-05,72.21208953857422,91.23999786376953,91.30000305175781,90.56999969482422,91.2699966430664,5949700
2018-01-08,72.59197998046875,91.72000122070312,91.7699966430664,90.93000030517578,90.93000030517578,4860700
2018-01-09,72.06172943115234,91.05000305175781,91.6500015258789,91.01000213623047,91.47000122070312,6630100
2018-01-10,71.60267639160156,90.47000122070312,90.91000366210938,90.01000213623047,90.91000366210938,6564700
2018-01-11,71.34939575195312,90.1500015258789,90.5199966430664,89.91999816894531,90.4000015258789,5469700
2018-01-12,70.92200469970703,89.61000061035156,90.33999633789062,89.3499984741211,90.05000305175781,8111000
2018-01-16,71.40480041503906,90.22000122070312,90.7699966430664,89.63999938964844,90.13999938964844,9465300
2018-01-17,72.18042755126953,91.19999694824219,91.7300033569336,90.43000030517578,90.55999755859375,8345500
2018-01-18,71.917236328125,90.18000030517578,90.6500015258789,89.66999816894531,90.23999786376953,7699800
2018-01-19,72.62701416015625,91.06999969482422,91.26000213623047,90.23999786376953,90.27999877929688,9364000
2018-01-22,73.28096771240234,91.88999938964844,91.91999816894531,90.7699966430664,90.87999725341797,8658000
2018-01-23,71.01608276367188,89.05000305175781,90.20999908447266,88.5999984741211,89.81999969482422,18756300
2018-01-24,70.42596435546875,88.30999755859375,89.16000366210938,87.69999694824219,89.05999755859375,15141900
2018-01-25,70.44988250732422,88.33999633789062,89.05000305175781,88.01000213623047,88.68000030517578,11264400
2018-01-26,69.96342468261719,87.7300033569336,88.16999816894531,87.2300033569336,88.16999816894531,11503100
2018-01-29,69.26961517333984,86.86000061035156,87.73999786376953,86.69000244140625,87.69000244140625,11685800
2018-01-30,69.34136962890625,86.94999694824219,87.44000244140625,86.62999725341797,86.81999969482422,9662900
2018-01-31,68.85491943359375,86.33999633789062,87.41000366210938,86.08000183105469,86.80999755859375,11798100
2018-02-01,68.4641342163086,85.8499984741211,86.5,85.55999755859375,86.1500015258789,8606300
2018-02-02,67.18815612792969,84.25,85.61000061035156,84.20999908447266,85.55999755859375,12846300
2018-02-05,64.64418029785156,81.05999755859375,84.37000274658203,80.0999984741211,83.98999786376953,17462200
2018-02-06,65.69688415527344,82.37999725341797,82.44999694824219,80.12000274658203,80.52999877929688,19955500
2018-02-07,65.2662353515625,81.83999633789062,83.38999938964844,81.81999969482422,82.30000305175781,11851800
2018-02-08,63.974300384521484,80.22000122070312,82.22000122070312,80.1500015258789,82.02999877929688,14596100
2018-02-09,63.73505783081055,79.91999816894531,81.02999877929688,78.58999633789062,80.9800033569336,18838800
2018-02-12,64.8595199584961,81.33000183105469,81.66999816894531,80.58000183105469,80.61000061035156,10769000
2018-02-13,64.99507141113281,81.5,81.83000183105469,80.91000366210938,81.1500015258789,9278700
2018-02-14,64.34115600585938,80.68000030517578,81.26000213623047,80.2699966430664,81.05999755859375,9412000
2018-02-15,65.72080993652344,82.41000366210938,82.41000366210938,80.5,80.97000122070312,8910700
2018-02-16,65.8723373413086,82.5999984741211,83.25,82.12999725341797,82.20999908447266,10371700
2018-02-20,64.86747741699219,81.33999633789062,82.22000122070312,81.06999969482422,82.19000244140625,7087700
2018-02-21,63.990234375,80.23999786376953,81.80999755859375,80.19000244140625,81.30999755859375,9134500
2018-02-22,64.4687271118164,80.83999633789062,81.27999877929688,80.16999816894531,80.47000122070312,10277700
2018-02-23,64.63623046875,81.05000305175781,81.12000274658203,80.4800033569336,81.01000213623047,10321800
2018-02-26,65.09876251220703,81.62999725341797,81.69000244140625,81.05000305175781,81.44999694824219,9422200
2018-02-27,64.2294921875,80.54000091552734,82.0,80.51000213623047,81.88999938964844,8919600
2018-02-28,62.61855697631836,78.5199966430664,80.79000091552734,78.5,80.68000030517578,16862000
2018-03-01,62.762115478515625,78.69999694824219,79.27999877929688,77.9000015258789,78.4000015258789,13504200
2018-03-02,63.40011215209961,79.5,79.66000366210938,78.41999816894531,78.4800033569336,9317700
2018-03-05,64.03013610839844,80.29000091552734,80.38999938964844,79.1500015258789,79.27999877929688,8177000
2018-03-06,63.81479263305664,80.0199966430664,80.41999816894531,79.37000274658203,80.41000366210938,9085300
2018-03-07,63.12895965576172,79.16000366210938,79.63999938964844,78.9000015258789,79.52999877929688,9089500
2018-03-08,63.77493667602539,79.97000122070312,79.98999786376953,79.0199966430664,79.16999816894531,7951700
2018-03-09,64.03013610839844,80.29000091552734,80.75,79.9000015258789,80.18000030517578,7662200
2018-03-12,63.68721008300781,79.86000061035156,80.62000274658203,79.76000213623047,80.2300033569336,7182000
2018-03-13,63.57554626464844,79.72000122070312,80.19000244140625,79.36000061035156,80.0,9620200
2018-03-14,63.00135803222656,79.0,79.83999633789062,78.86000061035156,79.69000244140625,8898100
2018-03-15,62.73816680908203,78.66999816894531,79.13999938964844,78.54000091552734,79.08999633789062,6996900
2018-03-16,62.977447509765625,78.97000122070312,79.38999938964844,78.83999633789062,78.93000030517578,17715400
2018-03-19,62.7302131652832,78.66000366210938,79.56999969482422,78.2699966430664,78.97000122070312,8368200
2018-03-20,62.45109939575195,78.30999755859375,79.0999984741211,77.95999908447266,78.73999786376953,8465500
2018-03-21,61.43830871582031,77.04000091552734,78.23999786376953,76.87999725341797,78.05000305175781,9822800
2018-03-22,60.93588638305664,76.41000366210938,77.5199966430664,76.37000274658203,76.83000183105469,10481600
2018-03-23,60.53713607788086,75.91000366210938,77.18000030517578,75.80999755859375,76.79000091552734,11728300
2018-03-26,60.93588638305664,76.41000366210938,76.87000274658203,76.0199966430664,76.56999969482422,12937000
2018-03-27,62.036415100097656,77.79000091552734,78.44000244140625,76.30000305175781,76.52999877929688,11288200
2018-03-28,62.8737907409668,78.83999633789062,79.13999938964844,77.94999694824219,77.94999694824219,12857800
2018-03-29,63.22466278076172,79.27999877929688,80.48999786376953,79.18000030517578,79.43000030517578,10036400
2018-04-02,61.72540283203125,77.4000015258789,79.37000274658203,77.05999755859375,79.26000213623047,12017200
2018-04-03,62.57073211669922,78.45999908447266,78.80000305175781,77.18000030517578,77.55999755859375,11933100
2018-04-04,63.04124069213867,79.05000305175781,79.5199966430664,77.58999633789062,77.81999969482422,9030800
2018-04-05,62.84185791015625,78.80000305175781,79.31999969482422,78.51000213623047,79.08999633789062,7864700
2018-04-06,62.54682159423828,78.43000030517578,79.36000061035156,77.9000015258789,78.37000274658203,8300800
2018-04-09,62.331478118896484,78.16000366210938,78.8499984741211,77.56999969482422,78.80000305175781,9031200
2018-04-10,62.498939514160156,78.37000274658203,78.83999633789062,77.94000244140625,78.70999908447266,6779000
2018-04-11,62.419189453125,78.2699966430664,78.69000244140625,78.04000091552734,78.19000244140625,7143500
2018-04-12,62.036415100097656,77.79000091552734,78.69999694824219,77.79000091552734,78.63999938964844,8282300
2018-04-13,62.498939514160156,78.37000274658203,78.44000244140625,77.72000122070312,78.05999755859375,6198500
2018-04-16,62.69033432006836,78.61000061035156,78.86000061035156,78.04000091552734,78.55999755859375,5962200
2018-04-17,62.54682159423828,78.43000030517578,78.94000244140625,78.0999984741211,78.93000030517578,6492400
2018-04-18,62.363380432128906,78.19999694824219,78.68000030517578,78.0199966430664,78.58000183105469,7349400
2018-04-19,60.324676513671875,74.94999694824219,75.72000122070312,74.19999694824219,75.38999938964844,16955600
2018-04-20,59.39906692504883,73.80000305175781,74.91999816894531,73.73999786376953,74.04000091552734,14085000
2018-04-23,58.75516891479492,73.0,73.9800033569336,72.76000213623047,73.58999633789062,13653400
2018-04-24,58.352718353271484,72.5,73.33000183105469,72.1500015258789,73.05999755859375,16551700
2018-04-25,58.1917724609375,72.30000305175781,72.75,71.94999694824219,72.41000366210938,14208800
2018-04-26,58.5539436340332,72.75,73.01000213623047,72.37000274658203,72.56999969482422,11204300
2018-04-27,58.602256774902344,72.80999755859375,73.08000183105469,72.20999908447266,72.52999877929688,8144800
2018-04-30,58.223960876464844,72.33999633789062,72.91999816894531,72.16000366210938,72.91000366210938,13076500
2018-05-01,57.918121337890625,71.95999908447266,72.33000183105469,71.66000366210938,72.05000305175781,8103800
2018-05-02,57.097137451171875,70.94000244140625,72.01000213623047,70.7300033569336,71.94000244140625,10830900
2018-05-03,57.43520736694336,71.36000061035156,71.72000122070312,70.73999786376953,70.80999755859375,9386500
2018-05-04,58.2963981628418,72.43000030517578,72.62000274658203,71.33999633789062,71.37999725341797,8107400
2018-05-07,57.93421173095703,71.9800033569336,73.22000122070312,71.88999938964844,72.66999816894531,6633600
2018-05-08,57.499576568603516,71.44000244140625,72.12000274658203,71.11000061035156,72.05000305175781,8084100
2018-05-09,58.24810791015625,72.37000274658203,72.55000305175781,71.73999786376953,71.7699966430664,7528400
2018-05-10,58.87591552734375,73.1500015258789,73.33999633789062,72.69000244140625,72.94000244140625,7618500
2018-05-11,59.052982330322266,73.37000274658203,74.0999984741211,73.05000305175781,73.62999725341797,7586200
2018-05-14,58.98051834106445,73.27999877929688,73.77999877929688,73.08999633789062,73.77999877929688,8646900
2018-05-15,58.71491241455078,72.94999694824219,73.41000366210938,72.5999984741211,73.30999755859375,11502800
2018-05-16,59.18175506591797,73.52999877929688,73.93000030517578,72.95999908447266,72.9800033569336,8325000
2018-05-17,59.52783966064453,73.95999908447266,74.0,73.4000015258789,73.5199966430664,8053600
2018-05-18,59.11734390258789,73.44999694824219,74.06999969482422,73.11000061035156,73.9800033569336,7042700
2018-05-21,59.60832595825195,74.05999755859375,74.25,73.41999816894531,73.75,6428400
2018-05-22,59.58419418334961,74.02999877929688,74.94000244140625,73.83000183105469,74.45999908447266,7744200
2018-05-23,59.704925537109375,74.18000030517578,74.30000305175781,73.72000122070312,74.0199966430664,6592500
2018-05-24,59.37491989135742,73.7699966430664,74.3499984741211,73.58999633789062,74.08000183105469,6508900
2018-05-25,59.80954360961914,74.30999755859375,74.62000274658203,73.75,73.9000015258789,7546500
2018-05-29,59.60028076171875,74.05000305175781,74.69999694824219,73.7699966430664,74.05999755859375,8905600
2018-05-30,60.27634048461914,74.88999938964844,75.0199966430664,74.05000305175781,74.33000183105469,8128600
2018-05-31,58.89198303222656,73.16999816894531,74.69000244140625,72.80000305175781,74.66999816894531,15526000
2018-06-01,59.11734390258789,73.44999694824219,73.73999786376953,72.86000061035156,73.33000183105469,7209300
2018-06-04,59.704925537109375,74.18000030517578,74.62000274658203,73.44999694824219,73.54000091552734,8743800
2018-06-05,59.53590393066406,73.97000122070312,74.37999725341797,73.5999984741211,74.27999877929688,6910100
2018-06-06,59.84172439575195,74.3499984741211,74.41999816894531,73.72000122070312,74.06999969482422,7002900
2018-06-07,60.97660827636719,75.76000213623047,76.38999938964844,74.0999984741211,74.18000030517578,13476100
2018-06-08,62.11948776245117,77.18000030517578,77.20999908447266,75.73999786376953,75.8499984741211,13625300
2018-06-11,62.40119552612305,77.52999877929688,77.69000244140625,76.87999725341797,76.97000122070312,9049400
2018-06-12,62.167789459228516,77.23999786376953,77.88999938964844,77.11000061035156,77.81999969482422,8786000
2018-06-13,61.54802703857422,76.47000122070312,77.4000015258789,76.19999694824219,77.4000015258789,8022400
2018-06-14,61.16172409057617,75.98999786376953,76.55999755859375,75.69999694824219,76.55999755859375,8895200
2018-06-15,62.28047561645508,77.37999725341797,77.51000213623047,75.91999816894531,76.16000366210938,14943500
2018-06-18,61.04098892211914,75.83999633789062,77.0999984741211,75.38999938964844,76.86000061035156,7384900
2018-06-19,61.43537902832031,76.33000183105469,76.68000030517578,75.56999969482422,75.58999633789062,8514000
2018-06-20,61.04903793334961,75.8499984741211,76.3499984741211,75.54000091552734,76.3499984741211,6603500
2018-06-21,61.52390670776367,76.44000244140625,77.05000305175781,75.52999877929688,75.52999877929688,8691200
2018-06-22,62.32071304321289,77.43000030517578,77.62999725341797,76.7699966430664,76.79000091552734,11446400
2018-06-25,62.61046600341797,77.79000091552734,77.94000244140625,77.18000030517578,77.27999877929688,11300500
2018-06-26,62.77949142456055,78.0,78.30999755859375,77.36000061035156,77.79000091552734,9558500
2018-06-27,62.52998733520508,77.69000244140625,78.70999908447266,77.55999755859375,78.11000061035156,7873300
2018-06-28,62.81974411010742,78.05000305175781,78.31999969482422,77.66000366210938,77.86000061035156,5714400
2018-06-29,62.827781677246094,78.05999755859375,78.54000091552734,77.29000091552734,77.93000030517578,7679900
2018-07-02,62.88412094116211,78.12999725341797,78.30999755859375,77.41999816894531,77.5,6092800
2018-07-03,62.699012756347656,77.9000015258789,78.76000213623047,77.77999877929688,78.54000091552734,5897200
2018-07-05,63.753395080566406,79.20999908447266,79.25,78.12000274658203,78.13999938964844,7956100
2018-07-06,63.8338737487793,79.30999755859375,79.62000274658203,78.9000015258789,79.37999725341797,7244000
2018-07-09,62.666805267333984,77.86000061035156,78.83000183105469,77.77999877929688,78.45999908447266,9095900
2018-07-10,64.24434661865234,79.81999969482422,79.94000244140625,77.98999786376953,78.06999969482422,12773500
2018-07-11,63.713130950927734,79.16000366210938,79.83999633789062,79.02999877929688,79.62999725341797,7851600
2018-07-12,63.495826721191406,78.88999938964844,79.5199966430664,78.56999969482422,79.33999633789062,8556800
2018-07-13,63.8338737487793,79.30999755859375,79.47000122070312,78.9000015258789,79.08000183105469,6021300
2018-07-16,64.01094055175781,79.52999877929688,79.62999725341797,78.83000183105469,79.20999908447266,6931200
2018-07-17,64.41337585449219,80.02999877929688,80.5,79.55000305175781,79.66000366210938,8983400
2018-07-18,64.16384887695312,79.72000122070312,80.20999908447266,79.33000183105469,79.72000122070312,9105100
2018-07-19,63.94214630126953,78.7300033569336,79.19000244140625,77.88999938964844,78.41999816894531,8010600
2018-07-20,63.90153121948242,78.68000030517578,79.05999755859375,78.31999969482422,78.31999969482422,8234700
2018-07-23,63.763450622558594,78.51000213623047,78.94000244140625,78.23999786376953,78.48999786376953,5881600
2018-07-24,64.15331268310547,78.98999786376953,79.01000213623047,77.54000091552734,77.54000091552734,8297100
2018-07-25,64.54314422607422,79.47000122070312,79.5999984741211,78.72000122070312,78.72000122070312,6208400
2018-07-26,65.04668426513672,80.08999633789062,80.7699966430664,79.47000122070312,79.55999755859375,9771100
2018-07-27,65.44466400146484,80.58000183105469,80.83000183105469,79.45999908447266,79.66999816894531,7492900
2018-07-30,65.13605499267578,80.19999694824219,80.5,79.83999633789062,80.06999969482422,7090700
2018-07-31,65.68830871582031,80.87999725341797,80.9800033569336,79.43000030517578,80.38999938964844,9878200
2018-08-01,65.50151062011719,80.6500015258789,80.81999969482422,80.11000061035156,80.41999816894531,7556700
2018-08-02,66.59794616699219,82.0,82.22000122070312,80.58999633789062,80.80000305175781,9261700
2018-08-03,66.86595153808594,82.33000183105469,83.0999984741211,81.91999816894531,82.13999938964844,7102800
2018-08-06,67.02027130126953,82.5199966430664,82.93000030517578,82.1500015258789,82.19999694824219,5669200
2018-08-07,67.11771392822266,82.63999938964844,82.68000030517578,81.7300033569336,82.41000366210938,6418000
2018-08-08,66.8821792602539,82.3499984741211,82.80000305175781,82.0999984741211,82.0999984741211,4891300
2018-08-09,66.11062622070312,81.4000015258789,82.44000244140625,81.30000305175781,82.44000244140625,5167400
2018-08-10,66.13500213623047,81.43000030517578,81.76000213623047,81.0,81.30000305175781,5566000
2018-08-13,66.20807647705078,81.5199966430664,82.08000183105469,81.1500015258789,81.69999694824219,5068100
2018-08-14,66.03755187988281,81.30999755859375,81.72000122070312,81.2300033569336,81.38999938964844,6226900
2018-08-15,66.84158325195312,82.30000305175781,82.37000274658203,80.80999755859375,81.30000305175781,8753500
2018-08-16,67.97049713134766,83.69000244140625,84.0,82.30999755859375,82.45999908447266,12368000
2018-08-17,67.97049713134766,83.69000244140625,84.19999694824219,83.5999984741211,83.7300033569336,8409300
2018-08-20,67.92989349365234,83.63999938964844,83.94999694824219,83.30999755859375,83.88999938964844,6795800
2018-08-21,68.14106750488281,83.9000015258789,84.0,83.08999633789062,83.56999969482422,8534500
2018-08-22,67.72684478759766,83.38999938964844,83.8499984741211,83.05999755859375,83.80999755859375,5132600
2018-08-23,67.60504150390625,83.23999786376953,83.5999984741211,82.83999633789062,83.01000213623047,4323200
2018-08-24,67.70248413085938,83.36000061035156,83.55000305175781,83.02999877929688,83.22000122070312,5356000
2018-08-27,67.76746368408203,83.44000244140625,83.81999969482422,83.0199966430664,83.5,3941500
2018-08-28,67.79994201660156,83.4800033569336,83.86000061035156,83.31999969482422,83.72000122070312,5405200
2018-08-29,67.80806732177734,83.48999786376953,83.76000213623047,83.29000091552734,83.51000213623047,4520400
2018-08-30,67.74308013916016,83.41000366210938,83.73999786376953,83.19000244140625,83.38999938964844,4549700
2018-08-31,67.36951446533203,82.94999694824219,83.52999877929688,82.38999938964844,83.3499984741211,6674900
2018-09-04,67.16645812988281,82.69999694824219,82.95999908447266,82.06999969482422,82.4800033569336,5800700
2018-09-05,67.64562225341797,83.29000091552734,83.47000122070312,82.11000061035156,82.11000061035156,7651900
2018-09-06,67.12586975097656,82.6500015258789,83.30999755859375,82.48999786376953,82.91000366210938,7541100
2018-09-07,66.52484130859375,81.91000366210938,82.19999694824219,81.25,82.0999984741211,11110900
2018-09-10,66.90654754638672,82.37999725341797,83.0999984741211,82.33999633789062,82.58000183105469,6783000
2018-09-11,66.60607147216797,82.01000213623047,82.41999816894531,81.62999725341797,82.12999725341797,5210300
2018-09-12,67.49944305419922,83.11000061035156,83.18000030517578,81.69999694824219,81.9000015258789,5925200
2018-09-13,67.77559661865234,83.44999694824219,83.48999786376953,82.6500015258789,83.2699966430664,5328400
2018-09-14,67.90552520751953,83.61000061035156,83.66999816894531,82.97000122070312,83.47000122070312,5004100
2018-09-17,68.42534637451172,84.25,84.2699966430664,83.33999633789062,83.5,7098800
2018-09-18,68.22229766845703,84.0,84.29000091552734,83.58000183105469,84.29000091552734,6022800
2018-09-19,68.22229766845703,84.0,84.29000091552734,83.7699966430664,83.91999816894531,6157600
2018-09-20,69.32682037353516,85.36000061035156,85.63999938964844,84.2300033569336,84.29000091552734,10053000
2018-09-21,69.70042419433594,85.81999969482422,86.27999877929688,85.5199966430664,85.80999755859375,17402500
2018-09-24,68.44156646728516,84.2699966430664,85.70999908447266,84.2300033569336,85.62999725341797,6389400
2018-09-25,67.50758361816406,83.12000274658203,84.41000366210938,83.08000183105469,84.27999877929688,5657200
2018-09-26,67.62127685546875,83.26000213623047,83.98999786376953,83.02999877929688,83.25,6581000
2018-09-27,67.29639434814453,82.86000061035156,83.62999725341797,82.80999755859375,83.04000091552734,6277600
2018-09-28,67.59693145751953,83.2300033569336,83.29000091552734,82.79000091552734,83.02999877929688,5125800
2018-10-01,67.95426940917969,83.66999816894531,83.72000122070312,83.16999816894531,83.30999755859375,4899900
2018-10-02,68.5146713256836,84.36000061035156,84.44000244140625,83.37000274658203,83.4800033569336,7390900
2018-10-03,67.43450164794922,83.02999877929688,84.5199966430664,82.8499984741211,84.44000244140625,7958700
2018-10-04,66.532958984375,81.91999816894531,82.5,81.0999984741211,82.5,7029900
2018-10-05,66.71975708007812,82.1500015258789,82.44999694824219,81.9800033569336,81.9800033569336,5454600
2018-10-08,66.92279815673828,82.4000015258789,82.73999786376953,81.75,81.9800033569336,7192300
2018-10-09,66.76036834716797,82.19999694824219,82.72000122070312,82.05999755859375,82.38999938964844,6268100
2018-10-10,66.14310455322266,81.44000244140625,82.68000030517578,81.44000244140625,81.80999755859375,9295800
2018-10-11,64.05583953857422,78.87000274658203,81.97000122070312,78.66999816894531,81.63999938964844,12560300
2018-10-12,64.21016693115234,79.05999755859375,79.37999725341797,78.48999786376953,79.37000274658203,9878700
2018-10-15,65.07915496826172,80.12999725341797,80.54000091552734,78.91999816894531,79.01000213623047,9691500
2018-10-16,65.79389953613281,81.01000213623047,81.08999633789062,79.9000015258789,79.91000366210938,9462600
2018-10-17,66.4842300415039,81.86000061035156,82.18000030517578,80.37999725341797,80.76000213623047,10375300
2018-10-18,65.7443618774414,80.23999786376953,81.33999633789062,80.0,80.70999908447266,9869500
2018-10-19,71.5289535522461,87.30000305175781,87.76000213623047,84.86000061035156,84.86000061035156,30276400
2018-10-22,70.95539855957031,86.5999984741211,87.23999786376953,85.2300033569336,86.7300033569336,14124100
2018-10-23,71.41425323486328,87.16000366210938,87.30000305175781,86.01000213623047,86.01000213623047,16269500
2018-10-24,73.29874420166016,89.45999908447266,90.69999694824219,87.22000122070312,87.27999877929688,26703500
2018-10-25,72.9218521118164,89.0,89.33000183105469,87.30999755859375,88.11000061035156,14647000
2018-10-26,71.98777770996094,87.86000061035156,89.16999816894531,87.38999938964844,88.69000244140625,14335900
2018-10-29,72.29910278320312,88.23999786376953,89.41999816894531,87.44000244140625,88.29000091552734,12878900
2018-10-30,73.07752227783203,89.19000244140625,89.43000030517578,88.20999908447266,88.8499984741211,13844000
2018-10-31,72.65962982177734,88.68000030517578,89.31999969482422,87.2699966430664,88.7699966430664,13362400
2018-11-01,73.4052505493164,89.58999633789062,89.83000183105469,88.18000030517578,88.80999755859375,9732400
2018-11-02,73.58550262451172,89.80999755859375,89.94999694824219,88.9800033569336,89.87999725341797,11336000
2018-11-05,74.72441101074219,91.19999694824219,91.44000244140625,89.81999969482422,89.88999938964844,12270100
2018-11-06,74.9783935546875,91.51000213623047,91.52999877929688,90.43000030517578,90.86000061035156,8857800
2018-11-07,74.79814910888672,91.29000091552734,91.62000274658203,90.62000274658203,91.58999633789062,9019800
2018-11-08,74.85549926757812,91.36000061035156,91.52999877929688,90.66999816894531,90.94999694824219,6614400
2018-11-09,75.7157974243164,92.41000366210938,92.66999816894531,91.16999816894531,91.3499984741211,10713500
2018-11-12,75.95341491699219,92.69999694824219,93.44999694824219,91.75,92.20999908447266,12522100
2018-11-13,76.58431243896484,93.47000122070312,93.56999969482422,91.58999633789062,91.97000122070312,13438700
2018-11-14,76.60069274902344,93.48999786376953,93.9000015258789,92.98999786376953,93.41999816894531,11623000
2018-11-15,76.8792953491211,93.83000183105469,93.9000015258789,92.72000122070312,93.33000183105469,12506000
2018-11-16,76.87110137939453,93.81999969482422,94.80999755859375,93.66999816894531,93.81999969482422,13013500
2018-11-19,76.43685150146484,93.29000091552734,94.19000244140625,92.91000366210938,93.72000122070312,9458300
2018-11-20,75.46179962158203,92.0999984741211,93.79000091552734,91.86000061035156,93.23999786376953,12074000
2018-11-21,74.89645385742188,91.41000366210938,92.37000274658203,91.23999786376953,91.66000366210938,8911800
2018-11-23,75.00298309326172,91.54000091552734,91.98999786376953,90.62999725341797,91.25,4399600
2018-11-26,75.33071899414062,91.94000244140625,92.4000015258789,91.1500015258789,91.1500015258789,8171400
2018-11-27,75.96981811523438,92.72000122070312,92.86000061035156,91.8499984741211,91.93000030517578,9023400
2018-11-28,76.20743560791016,93.01000213623047,93.22000122070312,92.20999908447266,92.62999725341797,8093700
2018-11-29,76.0517578125,92.81999969482422,93.30000305175781,92.66000366210938,92.86000061035156,6126900
2018-11-30,77.43643188476562,94.51000213623047,94.6500015258789,92.75,93.18000030517578,16291800
2018-12-03,76.46141815185547,93.31999969482422,94.66999816894531,92.26000213623047,94.66999816894531,13934700
2018-12-04,76.45320892333984,93.30999755859375,94.86000061035156,93.16999816894531,93.48999786376953,11123600
2018-12-06,76.64986419677734,93.55000305175781,93.62999725341797,91.08000183105469,92.69999694824219,14199200
2018-12-07,75.74859619140625,92.44999694824219,93.77999877929688,92.13999938964844,93.58999633789062,7996800
2018-12-10,76.2237777709961,93.02999877929688,93.4000015258789,91.37000274658203,93.25,9307600
2018-12-11,76.94483947753906,93.91000366210938,94.5199966430664,93.4000015258789,93.72000122070312,8743800
2018-12-12,77.04314422607422,94.02999877929688,94.55000305175781,93.0999984741211,94.20999908447266,9644000
2018-12-13,79.05873107910156,96.48999786376953,96.79000091552734,94.80000305175781,94.87000274658203,18541300
2018-12-14,79.18164825439453,96.63999938964844,96.9000015258789,96.0199966430664,96.44999694824219,12657300
2018-12-17,76.0107650756836,92.7699966430664,96.5,92.4000015258789,96.0,12427600
2018-12-18,75.78135681152344,92.48999786376953,93.30999755859375,91.86000061035156,93.12999725341797,12250600
2018-12-19,75.1832504272461,91.76000213623047,93.3499984741211,91.29000091552734,92.55000305175781,10825600
2018-12-20,74.54417419433594,90.9800033569336,92.2300033569336,90.12999725341797,91.51000213623047,14439200
2018-12-21,74.53594970703125,90.97000122070312,93.16999816894531,90.36000061035156,90.61000061035156,24030000
2018-12-24,71.57810974121094,87.36000061035156,90.66000366210938,86.87999725341797,90.44999694824219,7396300
2018-12-26,73.8149185180664,90.08999633789062,90.08999633789062,86.73999786376953,87.41999816894531,8630900
2018-12-27,75.39627075195312,92.0199966430664,92.05000305175781,88.19999694824219,89.61000061035156,11360100
2018-12-28,74.7080078125,91.18000030517578,93.27999877929688,90.83999633789062,92.55999755859375,9611800
2018-12-31,75.31433868408203,91.91999816894531,92.18000030517578,91.1500015258789,91.62999725341797,7239500
2019-01-02,74.78994750976562,91.27999877929688,91.38999938964844,89.93000030517578,91.02999877929688,9843900
2019-01-03,74.26557159423828,90.63999938964844,92.5,90.37999725341797,90.94000244140625,9820200
2019-01-04,75.78135681152344,92.48999786376953,92.48999786376953,90.37000274658203,90.83999633789062,10565700
2019-01-07,75.47821807861328,92.12000274658203,92.5,91.4000015258789,91.91000366210938,9012500
2019-01-08,75.75677490234375,92.45999908447266,93.08999633789062,91.81999969482422,92.69999694824219,9551300
2019-01-09,74.51956939697266,90.94999694824219,92.95999908447266,90.80999755859375,92.69000244140625,15015600
2019-01-10,74.69981384277344,91.16999816894531,91.54000091552734,90.61000061035156,90.88999938964844,11102300
2019-01-11,75.1914291381836,91.7699966430664,91.9800033569336,91.11000061035156,91.66999816894531,7166600
2019-01-14,74.68342590332031,91.1500015258789,91.91000366210938,90.8499984741211,91.5,7952000
2019-01-15,75.38806915283203,92.01000213623047,92.61000061035156,91.13999938964844,91.1500015258789,7834500
2019-01-16,74.86369323730469,91.37000274658203,92.1500015258789,90.98999786376953,91.73999786376953,7964500
2019-01-17,74.85295867919922,90.63999938964844,91.55999755859375,90.3499984741211,90.70999908447266,8044500
2019-01-18,75.49710083007812,91.41999816894531,91.83999633789062,91.04000091552734,91.37000274658203,9100300
2019-01-22,74.68779754638672,90.44000244140625,91.75,89.08000183105469,91.38999938964844,13518500
2019-01-23,78.32141876220703,94.83999633789062,96.41000366210938,93.62999725341797,94.18000030517578,22869000
2019-01-24,77.87550354003906,94.30000305175781,94.55999755859375,93.19000244140625,94.29000091552734,12146400
2019-01-25,77.29740905761719,93.5999984741211,94.88999938964844,93.05999755859375,94.41999816894531,10618000
2019-01-28,77.23133850097656,93.5199966430664,93.97000122070312,92.97000122070312,93.31999969482422,9765600
2019-01-29,77.24784851074219,93.54000091552734,94.12000274658203,93.0999984741211,93.79000091552734,9769800
2019-01-30,78.05717468261719,94.5199966430664,94.66000366210938,93.56999969482422,93.61000061035156,7750200
2019-01-31,79.66754150390625,96.47000122070312,96.80999755859375,94.08000183105469,94.43000030517578,16044400
2019-02-01,80.49335479736328,97.47000122070312,97.61000061035156,95.98999786376953,96.3499984741211,12720800
2019-02-04,80.95580291748047,98.02999877929688,98.22000122070312,96.72000122070312,97.20999908447266,11887500
2019-02-05,80.46858215332031,97.44000244140625,98.0199966430664,97.20999908447266,97.98999786376953,9772300
2019-02-06,80.8649673461914,97.91999816894531,98.31999969482422,97.12000274658203,97.25,8693900
2019-02-07,80.22083282470703,97.13999938964844,97.5999984741211,96.33999633789062,97.5199966430664,8732500
2019-02-08,80.69154357910156,97.70999908447266,97.72000122070312,96.69999694824219,97.01000213623047,7483200
2019-02-11,81.15398406982422,98.2699966430664,98.38999938964844,97.43000030517578,97.48999786376953,8494100
2019-02-12,81.97156524658203,99.26000213623047,99.33999633789062,97.9800033569336,98.37999725341797,11238800
2019-02-13,81.955078125,99.23999786376953,99.69999694824219,99.01000213623047,99.29000091552734,11587200
2019-02-14,81.31090545654297,98.45999908447266,98.81999969482422,97.83999633789062,98.69999694824219,7930100
2019-02-15,81.32744598388672,98.4800033569336,99.19999694824219,98.25,98.94999694824219,12069100
2019-02-19,82.57443237304688,99.98999786376953,100.0,98.47000122070312,98.55999755859375,10098200
2019-02-20,81.98809051513672,99.27999877929688,100.22000122070312,98.94000244140625,99.77999877929688,8947400
2019-02-21,82.40103149414062,99.77999877929688,99.86000061035156,98.58999633789062,99.0999984741211,7444800
2019-02-22,82.78915405273438,100.25,100.4000015258789,99.4000015258789,99.69000244140625,7925400
2019-02-25,82.22758483886719,99.56999969482422,100.44999694824219,99.33000183105469,100.36000061035156,7436100
2019-02-26,82.44229888916016,99.83000183105469,100.18000030517578,99.62999725341797,99.83999633789062,7115300
2019-02-27,81.68254852294922,98.91000366210938,99.62999725341797,98.81999969482422,99.33999633789062,6013600
2019-02-28,81.38524627685547,98.55000305175781,99.19999694824219,98.08000183105469,98.91000366210938,10575400
2019-03-01,81.29438018798828,98.44000244140625,98.77999877929688,97.83000183105469,98.61000061035156,7733200
2019-03-04,81.64950561523438,98.87000274658203,98.87999725341797,97.87999725341797,98.56999969482422,6895300
2019-03-05,81.83120727539062,99.08999633789062,99.68000030517578,98.91000366210938,98.91000366210938,6274600
2019-03-06,81.69905853271484,98.93000030517578,99.0999984741211,98.4000015258789,98.86000061035156,4622300
2019-03-07,81.38524627685547,98.55000305175781,99.5999984741211,98.25,98.97000122070312,8408600
2019-03-08,81.26963806152344,98.41000366210938,99.18000030517578,97.75,98.81999969482422,5144500
2019-03-11,82.23583984375,99.58000183105469,99.68000030517578,98.51000213623047,98.79000091552734,7544400
2019-03-12,82.62397766113281,100.05000305175781,100.5199966430664,99.7300033569336,99.77999877929688,7597500
2019-03-13,83.55715942382812,101.18000030517578,101.58999633789062,99.95999908447266,99.98999786376953,9883300
2019-03-14,83.67277526855469,101.31999969482422,101.77999877929688,100.72000122070312,100.94000244140625,8590200
2019-03-15,84.59769439697266,102.44000244140625,102.88999938964844,101.7300033569336,101.76000213623047,30802700
2019-03-18,83.82969665527344,101.51000213623047,102.29000091552734,101.19999694824219,102.05999755859375,8442800
2019-03-19,84.15177154541016,101.9000015258789,102.13999938964844,101.29000091552734,101.91000366210938,7334100
2019-03-20,84.00314331054688,101.72000122070312,102.30999755859375,101.05000305175781,101.7300033569336,7513800
2019-03-21,84.63898468017578,102.48999786376953,102.91000366210938,101.27999877929688,101.27999877929688,8221000
2019-03-22,83.95357513427734,101.66000366210938,103.1500015258789,99.01000213623047,102.4800033569336,11035900
2019-03-25,84.20130920410156,101.95999908447266,102.33999633789062,101.26000213623047,101.66000366210938,6955500
2019-03-26,85.07670593261719,103.0199966430664,103.4800033569336,102.4000015258789,102.44000244140625,6909400
2019-03-27,84.97760009765625,102.9000015258789,103.0199966430664,102.04000091552734,102.76000213623047,6037100
2019-03-28,85.51437377929688,103.55000305175781,103.68000030517578,103.11000061035156,103.30999755859375,6793700
2019-03-29,85.92729187011719,104.05000305175781,104.1500015258789,103.11000061035156,103.86000061035156,7535400
2019-04-01,85.58869934082031,103.63999938964844,104.2300033569336,103.13999938964844,104.2300033569336,6626500
2019-04-02,85.67953491210938,103.75,104.0199966430664,103.26000213623047,103.61000061035156,6088800
2019-04-03,85.62999725341797,103.69000244140625,103.88999938964844,102.75,103.58000183105469,5226500
2019-04-04,85.41527557373047,103.43000030517578,103.66999816894531,102.79000091552734,103.4800033569336,4786100
2019-04-05,85.59696197509766,103.6500015258789,103.69000244140625,103.16999816894531,103.61000061035156,4281800
2019-04-08,86.68704986572266,104.97000122070312,105.13999938964844,103.5,103.93000030517578,8468600
2019-04-09,86.4310531616211,104.66000366210938,104.76000213623047,104.13999938964844,104.55000305175781,5820300
2019-04-10,86.42279052734375,104.6500015258789,105.0,104.23999786376953,104.66000366210938,5394300
2019-04-11,86.50537109375,104.75,105.05000305175781,104.37000274658203,104.58000183105469,5078400
2019-04-12,86.76138305664062,105.05999755859375,105.05999755859375,104.16999816894531,104.75,6707900
2019-04-15,87.31468200683594,105.7300033569336,105.77999877929688,104.79000091552734,104.9800033569336,5639200
2019-04-16,87.88449096679688,106.41999816894531,106.5,105.6500015258789,105.9800033569336,8136100
2019-04-17,88.03086853027344,105.8499984741211,106.51000213623047,105.3499984741211,106.2699966430664,6778100
2019-04-18,88.19719696044922,106.05000305175781,106.70999908447266,105.83000183105469,106.0199966430664,7248900
2019-04-22,88.1639404296875,106.01000213623047,107.19999694824219,105.73999786376953,106.12999725341797,9057200
2019-04-23,85.79373931884766,103.16000366210938,104.11000061035156,102.12999725341797,104.01000213623047,15979800
2019-04-24,86.23448944091797,103.69000244140625,104.6500015258789,102.79000091552734,103.31999969482422,10094800
2019-04-25,85.89351654052734,103.27999877929688,103.56999969482422,102.58999633789062,103.0999984741211,6085300
2019-04-26,88.03919982910156,105.86000061035156,105.87999725341797,103.91000366210938,103.94999694824219,7747400
2019-04-29,87.1409912109375,104.77999877929688,105.75,104.72000122070312,105.56999969482422,4787600
2019-04-30,88.5548324584961,106.4800033569336,106.62000274658203,104.66000366210938,104.86000061035156,8251300
2019-05-01,87.26573944091797,104.93000030517578,106.38999938964844,104.80999755859375,106.1500015258789,6733800
2019-05-02,87.7896728515625,105.55999755859375,105.76000213623047,105.05000305175781,105.19999694824219,6270300
2019-05-03,88.22216796875,106.08000183105469,106.41000366210938,105.58000183105469,105.98999786376953,4793400
2019-05-06,87.88949584960938,105.68000030517578,105.81999969482422,105.04000091552734,105.12000274658203,4890400
2019-05-07,87.074462890625,104.69999694824219,105.58000183105469,104.0999984741211,105.02999877929688,6021700
2019-05-08,87.38219451904297,105.06999969482422,105.7699966430664,104.16000366210938,104.98999786376953,5392600
2019-05-09,86.6919174194336,104.23999786376953,105.04000091552734,103.77999877929688,104.66999816894531,6901700
2019-05-10,88.1639404296875,106.01000213623047,106.1500015258789,103.91999816894531,103.9800033569336,5815800
2019-05-13,88.24711608886719,106.11000061035156,106.58999633789062,104.8499984741211,105.13999938964844,7575500
2019-05-14,87.82295989990234,105.5999984741211,106.5,105.56999969482422,105.7699966430664,7004000
2019-05-15,88.73777770996094,106.69999694824219,107.0,105.5,105.61000061035156,5535600
2019-05-16,89.91043853759766,108.11000061035156,108.68000030517578,106.58999633789062,106.73999786376953,9284200
2019-05-17,89.36151885986328,107.44999694824219,108.0,107.26000213623047,107.2699966430664,6370200
2019-05-20,89.26171875,107.33000183105469,108.12999725341797,107.13999938964844,107.44000244140625,6565300
2019-05-21,88.4633560180664,106.37000274658203,107.54000091552734,106.29000091552734,107.47000122070312,5226400
2019-05-22,88.75440979003906,106.72000122070312,107.05000305175781,105.94000244140625,106.08999633789062,4889700
2019-05-23,88.78766632080078,106.76000213623047,107.02999877929688,105.88999938964844,106.68000030517578,6175600
2019-05-24,88.7294692993164,106.69000244140625,107.44000244140625,106.54000091552734,107.1500015258789,4372100
2019-05-28,86.87488555908203,104.45999908447266,107.25,104.41999816894531,106.69999694824219,7615500
2019-05-29,86.65029907226562,104.19000244140625,104.80999755859375,103.69999694824219,103.95999908447266,7137300
2019-05-30,87.59842681884766,105.33000183105469,105.37000274658203,104.37000274658203,104.37000274658203,4729200
2019-05-31,85.5858154296875,102.91000366210938,104.9000015258789,102.41000366210938,104.88999938964844,10282300
2019-06-03,86.32597351074219,103.80000305175781,103.95999908447266,102.4000015258789,103.1500015258789,8532900
2019-06-04,87.05783081054688,104.68000030517578,105.0999984741211,103.8499984741211,104.01000213623047,6906400
2019-06-05,88.76274108886719,106.7300033569336,106.75,104.88999938964844,105.23999786376953,6481700
2019-06-06,89.30332946777344,107.37999725341797,107.68000030517578,106.33000183105469,106.8499984741211,6681600
2019-06-07,90.45931243896484,108.7699966430664,109.37999725341797,107.73999786376953,107.73999786376953,8063400
2019-06-10,90.41773223876953,108.72000122070312,109.0199966430664,107.45999908447266,108.31999969482422,4767000
2019-06-11,90.96662139892578,109.37999725341797,109.5999984741211,108.87000274658203,108.94000244140625,8074400
2019-06-12,91.21611022949219,109.68000030517578,110.66000366210938,109.58000183105469,109.5999984741211,7687800
2019-06-13,92.23905181884766,110.91000366210938,110.94999694824219,109.86000061035156,109.9800033569336,8611400
2019-06-14,92.48023986816406,111.19999694824219,111.75,110.6500015258789,110.97000122070312,6438100
2019-06-17,92.30558776855469,110.98999786376953,111.20999908447266,110.23999786376953,111.16000366210938,6020000
2019-06-18,91.14958953857422,109.5999984741211,111.55999755859375,109.43000030517578,111.44999694824219,7731200
2019-06-19,91.83155059814453,110.41999816894531,110.7300033569336,109.26000213623047,109.5,7028000
2019-06-20,92.92933654785156,111.73999786376953,112.0199966430664,110.5,110.77999877929688,7044200
2019-06-21,92.48023986816406,111.19999694824219,112.47000122070312,111.0199966430664,111.62000274658203,13799400
2019-06-24,93.4200210571289,112.33000183105469,112.5,111.4000015258789,111.81999969482422,5518100
2019-06-25,92.91270446777344,111.72000122070312,112.62999725341797,111.30999755859375,112.11000061035156,6805600
2019-06-26,91.25769805908203,109.7300033569336,111.44000244140625,109.66000366210938,111.38999938964844,7170300
2019-06-27,91.2992935180664,109.77999877929688,110.2699966430664,109.29000091552734,109.91999816894531,5613300
2019-06-28,91.1911849975586,109.6500015258789,111.95999908447266,109.0199966430664,111.86000061035156,12152000
2019-07-01,91.88973999023438,110.48999786376953,110.69999694824219,109.61000061035156,109.91999816894531,6775900
2019-07-02,92.71311950683594,111.4800033569336,111.5,110.29000091552734,110.61000061035156,6578200
2019-07-03,94.87541198730469,114.08000183105469,114.2699966430664,111.83999633789062,111.95999908447266,6223300
2019-07-05,94.10197448730469,113.1500015258789,113.44999694824219,112.2300033569336,112.97000122070312,8694800
2019-07-08,94.8504409790039,114.05000305175781,114.2300033569336,113.30000305175781,113.33999633789062,5317800
2019-07-09,93.90238952636719,112.91000366210938,113.91000366210938,112.31999969482422,113.9000015258789,7537700
2019-07-10,94.6009750366211,113.75,114.5,113.4000015258789,113.45999908447266,5600700
2019-07-11,95.12490844726562,114.37999725341797,114.4000015258789,113.44000244140625,113.66000366210938,4625300
2019-07-12,95.6322250366211,114.98999786376953,115.20999908447266,114.06999969482422,114.06999969482422,7058600
2019-07-15,96.03973388671875,115.4800033569336,115.87999725341797,114.79000091552734,115.06999969482422,6240700
2019-07-16,96.38070678710938,115.88999938964844,116.5199966430664,115.44999694824219,115.72000122070312,7644300
2019-07-17,96.42227935791016,115.94000244140625,116.29000091552734,115.7300033569336,115.7300033569336,7861700
2019-07-18,96.6281967163086,115.44000244140625,115.7699966430664,114.79000091552734,114.93000030517578,5828700
2019-07-19,96.26829528808594,115.01000213623047,115.94999694824219,115.01000213623047,115.5,6547000
2019-07-22,96.51102447509766,115.30000305175781,115.44999694824219,114.58000183105469,115.04000091552734,4018800
2019-07-23,95.29729461669922,113.8499984741211,116.05000305175781,113.83999633789062,115.70999908447266,8194600
2019-07-24,94.25100708007812,112.5999984741211,113.87999725341797,112.27999877929688,113.8499984741211,9635900
2019-07-25,94.3932876586914,112.7699966430664,112.9800033569336,111.37999725341797,111.4800033569336,7809400
2019-07-26,96.03390502929688,114.7300033569336,114.87999725341797,112.87999725341797,113.20999908447266,5559600
2019-07-29,97.09693145751953,116.0,116.20999908447266,114.62000274658203,114.7300033569336,7768700
2019-07-30,100.78829956054688,120.41000366210938,121.76000213623047,118.80000305175781,119.81999969482422,18788800
2019-07-31,98.80451965332031,118.04000091552734,120.68000030517578,117.06999969482422,119.66000366210938,12641800
2019-08-01,97.70799255371094,116.7300033569336,119.16999816894531,116.7300033569336,118.55999755859375,11308600
2019-08-02,97.46524810791016,116.44000244140625,117.08000183105469,115.69000244140625,116.51000213623047,12266100
2019-08-05,94.65277099609375,113.08000183105469,116.30000305175781,112.83000183105469,116.08999633789062,12974800
2019-08-06,95.65724182128906,114.27999877929688,115.0,113.18000030517578,113.6500015258789,9490600
2019-08-07,96.69517517089844,115.5199966430664,116.23999786376953,112.68000030517578,113.75,9507600
2019-08-08,98.30229187011719,117.44000244140625,117.48999786376953,115.33999633789062,115.5199966430664,7416600
2019-08-09,97.74983978271484,116.77999877929688,118.04000091552734,115.8499984741211,117.62000274658203,6939500
2019-08-12,97.1220703125,116.02999877929688,117.66999816894531,115.58999633789062,116.77999877929688,4996200
2019-08-13,98.14324951171875,117.25,118.06999969482422,116.33999633789062,116.51000213623047,6722000
2019-08-14,96.92118835449219,115.79000091552734,117.94000244140625,115.66000366210938,116.45999908447266,10148300
2019-08-15,98.26043701171875,117.38999938964844,118.08999633789062,116.44000244140625,116.80000305175781,7758000
2019-08-16,99.75875091552734,119.18000030517578,119.54000091552734,117.5999984741211,118.05999755859375,8302400
2019-08-19,100.6460189819336,120.23999786376953,120.44999694824219,119.11000061035156,119.97000122070312,5867100
2019-08-20,99.52437591552734,118.9000015258789,120.26000213623047,118.79000091552734,120.05000305175781,6744300
2019-08-21,99.7754898071289,119.19999694824219,119.6500015258789,118.68000030517578,119.2699966430664,4037400
2019-08-22,99.95964050292969,119.41999816894531,119.79000091552734,118.69999694824219,119.08000183105469,4558400
2019-08-23,98.20184326171875,117.31999969482422,120.11000061035156,116.43000030517578,119.13999938964844,7336800
2019-08-26,99.87591552734375,119.31999969482422,119.5999984741211,117.22000122070312,117.75,5661500
2019-08-27,100.9054946899414,120.55000305175781,121.05000305175781,119.77999877929688,119.98999786376953,6996300
2019-08-28,101.61698913574219,121.4000015258789,121.43000030517578,119.62999725341797,120.45999908447266,4600300
2019-08-29,101.43281555175781,121.18000030517578,122.0,120.31999969482422,121.79000091552734,5011500
2019-08-30,100.63763427734375,120.2300033569336,122.0,119.51000213623047,121.95999908447266,6007100
2019-09-03,101.58349609375,121.36000061035156,121.54000091552734,119.62999725341797,119.79000091552734,4959300
2019-09-04,103.13203430175781,123.20999908447266,123.27999877929688,121.45999908447266,121.8499984741211,5586900
2019-09-05,102.75535583496094,122.76000213623047,123.43000030517578,122.18000030517578,123.23999786376953,7491900
2019-09-06,102.84741973876953,122.87000274658203,123.37999725341797,122.54000091552734,123.0,5306900
2019-09-09,102.26151275634766,122.16999816894531,122.77999877929688,121.77999877929688,122.70999908447266,7662400
2019-09-10,100.34465026855469,119.87999725341797,121.18000030517578,119.58000183105469,121.02999877929688,9582200
2019-09-11,101.50814056396484,121.2699966430664,121.33999633789062,119.36000061035156,119.86000061035156,7565500
2019-09-12,102.76373291015625,122.7699966430664,123.20999908447266,121.62000274658203,122.6500015258789,6194300
2019-09-13,102.21967315673828,122.12000274658203,122.58000183105469,121.5,121.81999969482422,6777400
2019-09-16,100.23585510253906,119.75,121.95999908447266,119.0199966430664,121.80999755859375,9626700
2019-09-17,101.41609954833984,121.16000366210938,121.98999786376953,119.44000244140625,119.62999725341797,6377100
2019-09-18,101.62535858154297,121.41000366210938,121.95999908447266,120.7699966430664,121.2699966430664,5684200
2019-09-19,102.0354995727539,121.9000015258789,122.2300033569336,121.23999786376953,121.38999938964844,4525800
2019-09-20,102.3200912475586,122.23999786376953,122.5999984741211,121.75,122.12999725341797,15362000
2019-09-23,103.14038848876953,123.22000122070312,123.7699966430664,121.97000122070312,122.19999694824219,6060400
2019-09-24,103.46683502197266,123.61000061035156,124.7300033569336,123.36000061035156,123.69999694824219,7633200
2019-09-25,102.97298431396484,123.0199966430664,123.83000183105469,122.94999694824219,123.55999755859375,5812600
2019-09-26,104.0527572631836,124.30999755859375,125.0,123.52999877929688,123.63999938964844,6984800
2019-09-27,104.27037811279297,124.56999969482422,124.87999725341797,123.72000122070312,124.41000366210938,5589800
2019-09-30,104.11136627197266,124.37999725341797,125.36000061035156,124.12999725341797,124.56999969482422,5206900
2019-10-01,103.66773223876953,123.8499984741211,124.63999938964844,123.19999694824219,124.36000061035156,5415700
2019-10-02,101.34913635253906,121.08000183105469,123.6500015258789,120.20999908447266,123.19999694824219,6755100
2019-10-03,101.90157318115234,121.73999786376953,122.54000091552734,120.83999633789062,121.66999816894531,5171000
2019-10-04,103.79329681396484,124.0,124.05999755859375,121.98999786376953,122.19000244140625,4377900
2019-10-07,102.82233428955078,122.83999633789062,123.88999938964844,122.68000030517578,123.52999877929688,4749700
2019-10-08,101.22357177734375,120.93000030517578,122.93000030517578,120.87999725341797,122.66000366210938,5545300
2019-10-09,102.10247039794922,121.9800033569336,122.38999938964844,121.43000030517578,121.80999755859375,3775600
2019-10-10,102.06897735595703,121.94000244140625,122.19000244140625,120.80000305175781,121.33000183105469,3943400
2019-10-11,101.35746765136719,121.08999633789062,122.05999755859375,120.81999969482422,122.04000091552734,6292200
2019-10-14,100.48697662353516,120.05000305175781,121.62000274658203,119.58000183105469,121.62000274658203,7360200
2019-10-15,98.10139465332031,117.19999694824219,120.55999755859375,116.69999694824219,120.19000244140625,11113900
2019-10-16,98.37763214111328,117.52999877929688,117.7699966430664,116.51000213623047,117.66999816894531,7973100
2019-10-17,98.24787902832031,116.62999725341797,117.63999938964844,116.55000305175781,117.30999755859375,5956900
2019-10-18,98.95549774169922,117.47000122070312,117.75,116.16999816894531,116.55000305175781,9016700
2019-10-21,100.3117446899414,119.08000183105469,119.12000274658203,117.3499984741211,117.41999816894531,6731600
2019-10-22,102.92316436767578,122.18000030517578,124.22000122070312,121.5999984741211,124.0,14410500
2019-10-23,103.61389923095703,123.0,123.7300033569336,121.83999633789062,121.98999786376953,8249300
2019-10-24,105.12178039550781,124.79000091552734,125.7699966430664,123.33999633789062,123.76000213623047,6725600
2019-10-25,103.82452392578125,123.25,124.81999969482422,123.16999816894531,124.81999969482422,6093300
2019-10-28,104.01828002929688,123.4800033569336,124.12000274658203,122.5999984741211,123.4800033569336,5459500
2019-10-29,104.11934661865234,123.5999984741211,124.55999755859375,123.0999984741211,123.19999694824219,5659800
2019-10-30,105.2481689453125,124.94000244140625,125.16999816894531,123.5,123.98999786376953,4734500
2019-10-31,104.88593292236328,124.51000213623047,125.44999694824219,123.36000061035156,124.79000091552734,6399500
2019-11-01,104.34680938720703,123.87000274658203,125.13999938964844,123.25,124.83000183105469,6010200
2019-11-04,100.30333709716797,119.06999969482422,123.91999816894531,118.63999938964844,123.91999816894531,10351400
2019-11-05,100.16011047363281,118.9000015258789,119.58999633789062,118.23999786376953,118.83000183105469,9239600
2019-11-06,101.35630798339844,120.31999969482422,120.3499984741211,118.66000366210938,119.0999984741211,6756300
2019-11-07,100.76665496826172,119.62000274658203,120.33999633789062,118.80999755859375,120.33999633789062,8909700
2019-11-08,100.83402252197266,119.69999694824219,120.58999633789062,119.16000366210938,119.8499984741211,4249900
2019-11-11,100.5223617553711,119.33000183105469,120.0,119.08999633789062,119.4800033569336,3850400
2019-11-12,100.47180938720703,119.2699966430664,119.5999984741211,118.55000305175781,119.48999786376953,4759600
2019-11-13,101.6343002319336,120.6500015258789,121.05000305175781,119.87000274658203,119.9000015258789,7262800
2019-11-14,101.50791931152344,120.5,121.16999816894531,120.11000061035156,120.62000274658203,5188300
2019-11-15,101.54164123535156,120.54000091552734,120.98999786376953,119.97000122070312,120.98999786376953,7108600
2019-11-18,102.67887115478516,121.88999938964844,122.55999755859375,120.16999816894531,120.25,7493700
2019-11-19,102.28294372558594,121.41999816894531,122.77999877929688,121.12999725341797,121.93000030517578,5989000
2019-11-20,103.01581573486328,122.29000091552734,122.37999725341797,120.93000030517578,121.41999816894531,6480000
2019-11-21,101.37315368652344,120.33999633789062,122.54000091552734,120.27999877929688,121.77999877929688,7094200
2019-11-22,101.33103942871094,120.29000091552734,120.61000061035156,119.38999938964844,120.2300033569336,4414900
2019-11-25,101.516357421875,120.51000213623047,120.91999816894531,120.0199966430664,120.44000244140625,5134300
2019-11-26,102.99053192138672,122.26000213623047,122.3499984741211,120.41000366210938,120.7300033569336,8235200
2019-11-27,102.56935119628906,121.76000213623047,122.44000244140625,120.95999908447266,122.41999816894531,3751400
2019-11-29,102.82207489013672,122.05999755859375,122.62999725341797,121.70999908447266,121.98999786376953,2927300
2019-12-02,103.3780746459961,122.72000122070312,122.77999877929688,120.95999908447266,121.94000244140625,6146200
2019-12-03,103.57178497314453,122.94999694824219,122.95999908447266,121.80000305175781,122.30999755859375,6396200
2019-12-04,104.90277099609375,124.52999877929688,124.58000183105469,122.69000244140625,122.75,6857300
2019-12-05,104.97858428955078,124.62000274658203,124.62999725341797,123.66000366210938,124.2699966430664,7029200
2019-12-06,104.6163558959961,124.19000244140625,125.44999694824219,123.88999938964844,124.7300033569336,7150900
2019-12-09,105.189208984375,124.87000274658203,125.13999938964844,124.18000030517578,124.30999755859375,7452800
2019-12-10,104.68375396728516,124.2699966430664,124.87000274658203,124.12000274658203,124.77999877929688,4740100
2019-12-11,105.01229858398438,124.66000366210938,125.2699966430664,124.06999969482422,124.2699966430664,4823300
2019-12-12,104.93644714355469,124.56999969482422,125.76000213623047,123.87999725341797,124.77999877929688,5897800
2019-12-13,105.69462585449219,125.47000122070312,125.73999786376953,123.79000091552734,124.20999908447266,5471600
2019-12-16,105.77043151855469,125.55999755859375,126.3499984741211,125.3499984741211,125.47000122070312,8281900
2019-12-17,105.5598373413086,125.30999755859375,125.9800033569336,124.30999755859375,125.58999633789062,8832200
2019-12-18,104.46472930908203,124.01000213623047,125.87000274658203,123.69000244140625,125.30999755859375,8607600
2019-12-19,105.23131561279297,124.91999816894531,125.19999694824219,123.9000015258789,124.16000366210938,6629100
2019-12-20,105.60195922851562,125.36000061035156,126.5999984741211,125.02999877929688,126.1500015258789,16250500
2019-12-23,105.21446228027344,124.9000015258789,125.81999969482422,124.69000244140625,125.5199966430664,6619500
2019-12-24,105.48402404785156,125.22000122070312,125.30999755859375,124.58000183105469,124.79000091552734,2022100
2019-12-26,105.48402404785156,125.22000122070312,125.75,124.87000274658203,125.0999984741211,4760400
2019-12-27,106.2169189453125,126.08999633789062,126.30000305175781,125.38999938964844,125.55999755859375,5192000
2019-12-30,104.85223388671875,124.47000122070312,125.9800033569336,124.13999938964844,125.76000213623047,3884300
2019-12-31,105.21446228027344,124.9000015258789,124.98999786376953,123.94999694824219,124.43000030517578,4798900
2020-01-02,103.95929718017578,123.41000366210938,124.7300033569336,122.94000244140625,124.5,8130800
2020-01-03,103.26012420654297,122.58000183105469,123.52999877929688,121.86000061035156,122.16000366210938,7970500
2020-01-06,103.40332794189453,122.75,123.19000244140625,122.37999725341797,122.56999969482422,6674400
2020-01-07,102.76310729980469,121.98999786376953,123.20999908447266,121.87000274658203,122.87999725341797,7583400
2020-01-08,103.2011489868164,122.51000213623047,123.43000030517578,122.0,122.19000244140625,5385100
2020-01-09,104.32994842529297,123.8499984741211,123.87999725341797,122.51000213623047,122.51000213623047,5944000
2020-01-10,104.43102264404297,123.97000122070312,124.31999969482422,123.30000305175781,123.9000015258789,3927100
2020-01-13,105.19757843017578,124.87999725341797,124.9000015258789,123.80999755859375,124.0,8409200
2020-01-14,105.03755950927734,124.69000244140625,125.19999694824219,124.4800033569336,124.6500015258789,7829700
2020-01-15,106.10739135742188,125.95999908447266,126.12000274658203,125.01000213623047,125.05999755859375,4843700
2020-01-16,106.20005798339844,126.06999969482422,126.77999877929688,125.58999633789062,126.11000061035156,6233700
2020-01-17,106.48646545410156,126.41000366210938,127.0,125.87999725341797,126.3499984741211,11315200
2020-01-21,106.2169189453125,126.08999633789062,126.62000274658203,124.83999633789062,126.41000366210938,8553100
2020-01-22,106.40221405029297,126.30999755859375,126.68000030517578,125.83000183105469,126.33000183105469,7396700
2020-01-23,105.91582489013672,124.98999786376953,126.55000305175781,123.6500015258789,124.30000305175781,11096500
2020-01-24,106.04293823242188,125.13999938964844,126.79000091552734,124.7699966430664,125.22000122070312,9508600
2020-01-27,106.50900268554688,125.69000244140625,126.38999938964844,124.75,124.75,9338400
2020-01-28,106.79711151123047,126.02999877929688,126.9800033569336,125.72000122070312,125.93000030517578,6200200
2020-01-29,105.97515106201172,125.05999755859375,126.06999969482422,125.02999877929688,125.91000366210938,5271000
2020-01-30,106.72931671142578,125.94999694824219,126.05999755859375,124.41999816894531,124.79000091552734,5894400
2020-01-31,105.602294921875,124.62000274658203,126.94999694824219,124.45999908447266,125.98999786376953,6612900
2020-02-03,106.01751708984375,125.11000061035156,125.94999694824219,124.48999786376953,124.66000366210938,6052300
2020-02-04,106.48356628417969,125.66000366210938,127.3499984741211,125.36000061035156,125.70999908447266,6512200
2020-02-05,107.45806121826172,126.80999755859375,127.05999755859375,125.4000015258789,125.91000366210938,6125400
2020-02-06,107.73770141601562,127.13999938964844,128.08999633789062,126.5999984741211,126.9000015258789,9102700
2020-02-07,106.83946990966797,126.08000183105469,127.2699966430664,126.05000305175781,127.19000244140625,5915100
2020-02-10,106.91573333740234,126.16999816894531,126.83000183105469,125.76000213623047,126.45999908447266,5216100
2020-02-11,105.21248626708984,124.16000366210938,126.2699966430664,124.02999877929688,126.2699966430664,6105700
2020-02-12,104.6108169555664,123.44999694824219,123.97000122070312,122.8499984741211,123.68000030517578,6031700
2020-02-13,105.8904037475586,124.95999908447266,125.27999877929688,123.5199966430664,123.7300033569336,7159000
2020-02-14,106.89033508300781,126.13999938964844,126.1500015258789,124.79000091552734,125.29000091552734,5889100
2020-02-18,105.81414031982422,124.87000274658203,126.18000030517578,124.83000183105469,125.83000183105469,6767600
2020-02-19,106.29714965820312,125.44000244140625,126.47000122070312,124.6500015258789,124.8499984741211,4734000
2020-02-20,107.26318359375,126.58000183105469,126.76000213623047,125.12999725341797,125.47000122070312,6094600
2020-02-21,107.36486053466797,126.69999694824219,128.07000732421875,125.9800033569336,126.12999725341797,8723900
2020-02-24,104.48371124267578,123.30000305175781,126.58999633789062,123.13999938964844,125.26000213623047,7533900
2020-02-25,102.89910125732422,121.43000030517578,123.95999908447266,120.87999725341797,123.0199966430664,8903200
2020-02-26,101.82291412353516,120.16000366210938,122.38999938964844,119.8499984741211,121.41999816894531,6894200
2020-02-27,96.17927551269531,113.5,119.91999816894531,113.43000030517578,119.12000274658203,13298900
2020-02-28,95.9504623413086,113.2300033569336,113.2300033569336,106.66999816894531,109.45999908447266,22784300
2020-03-02,101.31446838378906,119.55999755859375,119.79000091552734,112.55000305175781,113.19000244140625,12399800
2020-03-03,100.13658905029297,118.16999816894531,121.83999633789062,117.13999938964844,119.7300033569336,12510900
2020-03-04,105.5005874633789,124.5,124.69000244140625,119.5999984741211,119.87999725341797,9459300
2020-03-05,103.06858825683594,121.62999725341797,122.9000015258789,120.27999877929688,121.30000305175781,9363500
2020-03-06,103.0940170288086,121.66000366210938,122.61000061035156,117.55000305175781,118.02999877929688,9817400
2020-03-09,98.34857177734375,116.05999755859375,120.02999877929688,115.12000274658203,115.2699966430664,13116500
2020-03-10,102.15338897705078,120.55000305175781,120.81999969482422,114.44000244140625,118.95999908447266,11419100
2020-03-11,94.56071472167969,111.58999633789062,118.44000244140625,110.68000030517578,117.5999984741211,16456000
2020-03-12,86.29863739013672,101.83999633789062,111.58000183105469,101.0,103.0,20988000
2020-03-13,96.66228485107422,114.06999969482422,114.62999725341797,105.41000366210938,106.5,17378700
2020-03-16,91.94229888916016,108.5,115.94999694824219,101.0,101.75,17367400
2020-03-17,100.19591522216797,118.23999786376953,119.69999694824219,110.7699966430664,111.44999694824219,19451400
2020-03-18,99.5264663696289,117.44999694824219,121.5,112.08999633789062,113.0199966430664,23139200
2020-03-19,93.91670989990234,110.83000183105469,118.0,109.79000091552734,116.61000061035156,16428100
2020-03-20,86.79859161376953,102.43000030517578,109.69999694824219,101.58999633789062,109.19000244140625,19922900
2020-03-23,82.7904281616211,97.69999694824219,103.75,94.33999633789062,100.19000244140625,17776800
2020-03-24,87.51043701171875,103.2699966430664,104.0,96.06999969482422,101.2300033569336,14625500
2020-03-25,85.51903533935547,100.91999816894531,104.69999694824219,98.5999984741211,100.51000213623047,13789100
2020-03-26,90.99320983886719,107.37999725341797,108.30999755859375,102.52999877929688,103.87999725341797,15796000
2020-03-27,93.35743713378906,110.16999816894531,114.29000091552734,106.48999786376953,106.48999786376953,16073100
2020-03-30,97.45035552978516,115.0,115.79000091552734,110.19999694824219,113.9000015258789,14571600
2020-03-31,93.21337890625,110.0,114.29000091552734,108.94999694824219,113.5,21691000
2020-04-01,92.64563751220703,109.33000183105469,112.18000030517578,107.0,107.94999694824219,11095800
2020-04-02,96.94192504882812,114.4000015258789,114.98999786376953,107.5,107.69000244140625,9168800
2020-04-03,97.51815032958984,115.08000183105469,115.9000015258789,113.01000213623047,113.73999786376953,7768700
2020-04-06,99.83152770996094,117.80999755859375,119.0,114.58000183105469,117.0,16848400
2020-04-07,95.5606689453125,112.7699966430664,120.05999755859375,112.5,116.70999908447266,14438400
2020-04-08,97.53508758544922,115.0999984741211,117.30000305175781,111.86000061035156,114.38999938964844,12564500
2020-04-09,97.1622543334961,114.66000366210938,118.66000366210938,114.19999694824219,115.26000213623047,12747300
2020-04-13,98.25537872314453,115.94999694824219,116.75,113.16000366210938,113.61000061035156,7926700
2020-04-14,102.50082397460938,120.95999908447266,121.47000122070312,116.25,118.76000213623047,10474200
2020-04-15,102.72113800048828,121.22000122070312,123.41999816894531,119.58999633789062,120.86000061035156,14192900
2020-04-16,102.95842742919922,121.5,122.5,119.9000015258789,122.3499984741211,12020200
2020-04-17,105.66160583496094,124.69000244140625,124.98999786376953,120.54000091552734,122.44999694824219,15899800
2020-04-20,102.19576263427734,120.5999984741211,123.2300033569336,120.54000091552734,121.47000122070312,10832000
2020-04-21,101.41616821289062,119.68000030517578,120.30000305175781,118.43000030517578,119.5,9465400
2020-04-22,101.17886352539062,119.4000015258789,120.27999877929688,118.77999877929688,119.98999786376953,10259400
2020-04-23,101.85364532470703,119.4000015258789,119.66999816894531,118.05000305175781,118.6500015258789,17277000
2020-04-24,101.32476043701172,118.77999877929688,119.76000213623047,118.62000274658203,119.0999984741211,12751100
2020-04-27,100.19022369384766,117.44999694824219,119.19000244140625,116.9000015258789,119.19000244140625,10635700
2020-04-28,99.71249389648438,116.88999938964844,117.91000366210938,116.16999816894531,117.0999984741211,9958000
2020-04-29,99.87459564208984,117.08000183105469,118.05000305175781,115.08000183105469,117.5199966430664,8707900
2020-04-30,100.54850006103516,117.87000274658203,118.27999877929688,115.66000366210938,115.91999816894531,10026400
2020-05-01,99.65278625488281,116.81999969482422,118.37000274658203,116.31999969482422,117.5999984741211,7366400
2020-05-04,98.75709533691406,115.7699966430664,117.19999694824219,115.0,117.08999633789062,5636000
2020-05-05,98.96183776855469,116.01000213623047,117.26000213623047,115.20999908447266,115.80000305175781,5425200
2020-05-06,96.47945404052734,113.0999984741211,116.13999938964844,112.88999938964844,115.54000091552734,7892200
2020-05-07,95.6861343383789,112.16999816894531,114.13999938964844,111.81999969482422,114.05999755859375,8762800
2020-05-08,98.91064453125,115.94999694824219,116.30000305175781,113.38999938964844,113.5199966430664,9279900
2020-05-11,98.36468505859375,115.30999755859375,116.01000213623047,114.91999816894531,115.75,6947500
2020-05-12,97.71636199951172,114.55000305175781,115.9000015258789,114.13999938964844,115.19999694824219,6734400
2020-05-13,97.17896270751953,113.91999816894531,115.3499984741211,113.7300033569336,114.27999877929688,9312600
2020-05-14,97.08513641357422,113.80999755859375,114.44999694824219,111.25,113.54000091552734,9310000
2020-05-15,97.76756286621094,114.61000061035156,114.79000091552734,112.05000305175781,113.93000030517578,10694800
2020-05-18,99.13243865966797,116.20999908447266,116.98999786376953,114.70999908447266,116.02999877929688,10020800
2020-05-19,95.91645812988281,112.44000244140625,115.63999938964844,112.33999633789062,115.08999633789062,8047600
2020-05-20,96.63302612304688,113.27999877929688,113.7699966430664,112.12999725341797,113.0,6593800
2020-05-21,95.21696472167969,111.62000274658203,113.19999694824219,111.43000030517578,112.80000305175781,6552700
2020-05-22,96.05292510986328,112.5999984741211,113.5999984741211,111.76000213623047,112.29000091552734,5571900
2020-05-26,95.56671142578125,112.02999877929688,114.1500015258789,111.68000030517578,114.1500015258789,10432400
2020-05-27,97.15335083007812,113.88999938964844,113.97000122070312,111.81999969482422,112.5,8279700
2020-05-28,99.00447082519531,116.05999755859375,116.98999786376953,114.9000015258789,115.52999877929688,6586700
2020-05-29,98.88504791259766,115.91999816894531,116.72000122070312,114.62000274658203,116.12999725341797,7868000
2020-06-01,100.01960754394531,117.25,117.5,115.26000213623047,116.0,5105600
2020-06-02,100.71056365966797,118.05999755859375,118.13999938964844,116.81999969482422,117.06999969482422,6327900
2020-06-03,101.11149597167969,118.52999877929688,119.19000244140625,117.94999694824219,118.0999984741211,6171000
2020-06-04,98.9959487915039,116.05000305175781,118.83000183105469,115.56999969482422,118.0,6895800
2020-06-05,100.9408950805664,118.33000183105469,118.83000183105469,116.05000305175781,116.25,7337800
2020-06-08,101.55509948730469,119.05000305175781,119.12000274658203,116.83999633789062,117.44000244140625,6926700
2020-06-09,100.94942474365234,118.33999633789062,119.76000213623047,118.1500015258789,119.4000015258789,5563200
2020-06-10,101.70862579345703,119.2300033569336,119.88999938964844,118.11000061035156,119.0,6678200
2020-06-11,99.17509460449219,116.26000213623047,119.56999969482422,116.0,118.80999755859375,8937500
2020-06-12,98.62915802001953,115.62000274658203,118.05000305175781,115.26000213623047,116.58999633789062,7998500
2020-06-15,99.54190826416016,116.69000244140625,117.27999877929688,113.76000213623047,114.55000305175781,8786000
2020-06-16,100.77025604248047,118.12999725341797,118.97000122070312,116.93000030517578,118.52999877929688,8165200
2020-06-17,100.59967041015625,117.93000030517578,119.11000061035156,117.44000244140625,118.38999938964844,6320800
2020-06-18,101.75127410888672,119.27999877929688,119.95999908447266,117.37000274658203,117.45999908447266,6274400
2020-06-19,101.44418334960938,118.91999816894531,121.81999969482422,118.83000183105469,120.48999786376953,17506200
2020-06-22,100.44609832763672,117.75,119.08000183105469,117.33999633789062,118.77999877929688,5695600
2020-06-23,100.4290771484375,117.7300033569336,119.19000244140625,117.6500015258789,118.66999816894531,5340400
2020-06-24,99.31158447265625,116.41999816894531,117.95999908447266,116.27999877929688,117.22000122070312,6547800
2020-06-25,100.5655517578125,117.88999938964844,118.02999877929688,116.02999877929688,116.98999786376953,5489300
2020-06-26,98.29644775390625,115.2300033569336,118.47000122070312,115.04000091552734,117.58999633789062,23201700
2020-06-29,100.36935424804688,117.66000366210938,118.05000305175781,116.3499984741211,116.51000213623047,6866900
2020-06-30,101.99864959716797,119.56999969482422,119.98999786376953,117.80000305175781,117.97000122070312,7818000
2020-07-01,102.3484115600586,119.9800033569336,120.38999938964844,118.9000015258789,119.6500015258789,6501200
2020-07-02,103.11614990234375,120.87999725341797,122.56999969482422,120.52999877929688,121.0,6150900
2020-07-06,103.75593566894531,121.62999725341797,122.41000366210938,120.87999725341797,121.7699966430664,6023300
2020-07-07,104.25924682617188,122.22000122070312,123.25,120.88999938964844,121.30000305175781,6866300
2020-07-08,104.8307876586914,122.88999938964844,123.23999786376953,122.0,122.1500015258789,6494100
2020-07-09,104.48104858398438,122.4800033569336,123.9800033569336,121.80999755859375,122.81999969482422,5341000
2020-07-10,105.68383026123047,123.88999938964844,124.5,122.47000122070312,122.56999969482422,6752600
2020-07-13,105.82032012939453,124.05000305175781,125.58999633789062,123.33999633789062,124.0,7681500
2020-07-14,106.70748901367188,125.08999633789062,125.66000366210938,123.5,123.98999786376953,6272100
2020-07-15,106.20417785644531,124.5,126.9000015258789,124.26000213623047,125.9800033569336,8145000
2020-07-16,106.42597961425781,124.76000213623047,125.5199966430664,123.91000366210938,125.08000183105469,3959300
2020-07-17,107.1681137084961,125.62999725341797,126.06999969482422,124.83000183105469,125.08999633789062,4868600
2020-07-20,106.8354263305664,125.23999786376953,125.83999633789062,124.79000091552734,125.47000122070312,4242100
2020-07-21,106.69042205810547,125.06999969482422,126.63999938964844,124.91999816894531,125.48999786376953,5162300
2020-07-22,107.60317993164062,126.13999938964844,126.4000015258789,124.20999908447266,125.5,5929200
2020-07-23,108.29937744140625,126.16000366210938,127.18000030517578,125.5999984741211,126.12000274658203,6664800
2020-07-24,108.12767791748047,125.95999908447266,127.7699966430664,125.31999969482422,126.98999786376953,6014200
2020-07-27,108.43672943115234,126.31999969482422,126.63999938964844,125.54000091552734,125.70999908447266,6464600
2020-07-28,109.77586364746094,127.87999725341797,128.4600067138672,126.29000091552734,126.37000274658203,7644400
2020-07-29,110.14498138427734,128.30999755859375,129.24000549316406,127.36000061035156,127.55999755859375,6702000
2020-07-30,112.81470489501953,131.4199981689453,132.02999877929688,129.64999389648438,130.66000366210938,10400700
2020-07-31,112.5571517944336,131.1199951171875,131.2100067138672,129.27000427246094,130.66000366210938,8487000
2020-08-03,112.70311737060547,131.2899932861328,131.9199981689453,130.47000122070312,130.47000122070312,7769400
2020-08-04,114.84917449951172,133.7899932861328,133.92999267578125,130.6999969482422,130.77000427246094,7773700
2020-08-05,114.54874420166016,133.44000244140625,134.64999389648438,133.1199951171875,133.58999633789062,5680000
2020-08-06,113.9220962524414,132.7100067138672,133.3699951171875,132.1199951171875,132.85000610351562,3974100
2020-08-07,114.64317321777344,133.5500030517578,133.63999938964844,132.4499969482422,132.88999938964844,4934900
2020-08-10,115.11528778076172,134.10000610351562,134.44000244140625,133.19000244140625,133.6999969482422,5812700
2020-08-11,114.36846160888672,133.22999572753906,134.74000549316406,132.7899932861328,134.27000427246094,5329900
2020-08-12,116.28276824951172,135.4600067138672,135.97000122070312,133.6999969482422,133.77000427246094,5920400
2020-08-13,116.55744171142578,135.77999877929688,135.8699951171875,134.92999267578125,135.0800018310547,4989500
2020-08-14,115.97373962402344,135.10000610351562,135.63999938964844,134.5500030517578,135.61000061035156,5845200
2020-08-17,116.31708526611328,135.5,135.6999969482422,134.66000366210938,134.94000244140625,5603800
2020-08-18,117.18409729003906,136.50999450683594,137.52000427246094,135.4199981689453,135.80999755859375,8670700
2020-08-19,116.54888153076172,135.77000427246094,136.32000732421875,135.5,135.5399932861328,6827700
2020-08-20,117.47599029541016,136.85000610351562,136.97999572753906,135.19000244140625,135.24000549316406,4352200
2020-08-21,117.982421875,137.44000244140625,138.10000610351562,135.91000366210938,136.60000610351562,5706600
2020-08-24,118.90091705322266,138.50999450683594,138.77999877929688,137.1999969482422,137.49000549316406,7420500
2020-08-25,119.37308502197266,139.05999755859375,139.14999389648438,137.8000030517578,139.0,4718300
2020-08-26,118.7979507446289,138.38999938964844,139.32000732421875,138.25,138.57000732421875,4746200
2020-08-27,118.6434326171875,138.2100067138672,139.69000244140625,138.17999267578125,138.83999633789062,6156100
2020-08-28,119.12416076660156,138.77000427246094,138.91000366210938,136.9499969482422,138.32000732421875,4166300
2020-08-31,118.74644470214844,138.3300018310547,138.72999572753906,137.82000732421875,138.19000244140625,5596800
2020-09-01,118.6176528930664,138.17999267578125,138.22000122070312,137.07000732421875,137.86000061035156,5671800
2020-09-02,120.61781311035156,140.50999450683594,141.44000244140625,137.61000061035156,138.11000061035156,8384800
2020-09-03,118.68635559082031,138.25999450683594,141.6999969482422,137.08999633789062,140.74000549316406,7277900
2020-09-04,118.42882537841797,137.9600067138672,139.19000244140625,136.1199951171875,137.80999755859375,7437700
2020-09-08,116.6948013305664,135.94000244140625,138.63999938964844,135.0399932861328,138.52000427246094,6847500
2020-09-09,118.59190368652344,138.14999389648438,139.55999755859375,136.27000427246094,136.4199981689453,6002900
2020-09-10,117.34718322753906,136.6999969482422,138.72000122070312,136.50999450683594,138.1199951171875,5242500
2020-09-11,118.58333587646484,138.13999938964844,138.66000366210938,137.16000366210938,137.69000244140625,4398000
2020-09-14,119.00394439697266,138.6300048828125,139.5800018310547,138.3300018310547,138.44000244140625,4767400
2020-09-15,119.00394439697266,138.6300048828125,139.77000427246094,138.38999938964844,138.7899932861328,4046500
2020-09-16,118.20563507080078,137.6999969482422,140.1699981689453,137.60000610351562,139.57000732421875,6049900
2020-09-17,118.05110931396484,137.52000427246094,137.8800048828125,136.19000244140625,137.05999755859375,4648500
2020-09-18,117.9223403930664,137.3699951171875,137.92999267578125,136.25999450683594,136.91000366210938,10192800
2020-09-21,117.35577392578125,136.7100067138672,137.47000122070312,134.6999969482422,137.0,7092600
2020-09-22,118.42882537841797,137.9600067138672,139.02999877929688,136.24000549316406,136.49000549316406,4722800
2020-09-23,117.01242065429688,136.30999755859375,138.4199981689453,136.08999633789062,138.4199981689453,6373700
2020-09-24,117.53604888916016,136.9199981689453,137.14999389648438,135.7100067138672,136.6699981689453,5708200
2020-09-25,118.136962890625,137.6199951171875,137.99000549316406,135.88999938964844,135.88999938964844,4969900
2020-09-28,118.47173309326172,138.00999450683594,139.94000244140625,137.77999877929688,138.55999755859375,5810800
2020-09-29,117.82792663574219,137.25999450683594,138.4199981689453,136.66000366210938,138.38999938964844,4492100
2020-09-30,119.31304931640625,138.99000549316406,139.85000610351562,137.80999755859375,138.16000366210938,8727800
2020-10-01,119.5276107788086,139.24000549316406,139.99000549316406,138.2100067138672,139.5800018310547,5713400
2020-10-02,118.5661392211914,138.1199951171875,139.1199951171875,136.9499969482422,137.92999267578125,6077900
2020-10-05,119.6563720703125,139.38999938964844,139.64999389648438,138.3000030517578,138.72000122070312,6333900
2020-10-06,119.84523010253906,139.61000061035156,140.77000427246094,138.80999755859375,139.4199981689453,6042900
2020-10-07,120.78092193603516,140.6999969482422,141.38999938964844,139.3699951171875,140.0800018310547,4640900
2020-10-08,121.596435546875,141.64999389648438,141.92999267578125,140.36000061035156,140.55999755859375,4569800
2020-10-09,122.68659973144531,142.9199981689453,143.63999938964844,141.6999969482422,141.83999633789062,6551700
2020-10-12,124.03434753417969,144.49000549316406,145.3300018310547,143.3300018310547,143.3300018310547,5791500
2020-10-13,123.79399871826172,144.2100067138672,144.83999633789062,143.4600067138672,143.82000732421875,4509400
2020-10-14,123.64805603027344,144.0399932861328,145.10000610351562,143.0800018310547,144.17999267578125,3860700
2020-10-15,123.46780395507812,143.8300018310547,144.38999938964844,142.88999938964844,143.05999755859375,4997100
2020-10-16,123.94851684570312,144.38999938964844,145.8699951171875,143.9199981689453,144.4199981689453,6806100
2020-10-19,121.81964111328125,141.91000366210938,145.38999938964844,141.1300048828125,144.47000122070312,6427600
2020-10-20,122.30891418457031,142.47999572753906,145.69000244140625,141.89999389648438,145.61000061035156,7582100
2020-10-21,122.96991729736328,143.25,144.33999633789062,142.47000122070312,142.49000549316406,5649700
2020-10-22,122.09893035888672,141.4499969482422,142.75,141.0800018310547,141.49000549316406,4502900
2020-10-23,122.90174865722656,142.3800048828125,142.8800048828125,141.75999450683594,141.75999450683594,4278100
2020-10-26,121.9695053100586,141.3000030517578,142.0500030517578,140.00999450683594,141.5,5315500
2020-10-27,122.88447570800781,142.36000061035156,143.33999633789062,141.64999389648438,141.94000244140625,6806700
2020-10-28,118.82745361328125,137.66000366210938,140.94000244140625,137.30999755859375,140.4499969482422,8192200
2020-10-29,118.749755859375,137.57000732421875,139.08999633789062,135.8000030517578,137.35000610351562,5476900
2020-10-30,118.34406280517578,137.10000610351562,137.99000549316406,134.67999267578125,137.17999267578125,6422000
2020-11-02,119.55250549316406,138.5,140.0,137.44000244140625,138.50999450683594,6682800
2020-11-03,121.90042114257812,141.22000122070312,142.66000366210938,139.32000732421875,139.32000732421875,6244200
2020-11-04,121.3997573852539,140.63999938964844,143.0,140.27000427246094,140.4600067138672,5820600
2020-11-05,122.90174865722656,142.3800048828125,143.52999877929688,141.77999877929688,142.44000244140625,5673100
2020-11-06,123.63544464111328,143.22999572753906,144.07000732421875,142.3800048828125,142.6699981689453,4702300
2020-11-09,119.11231231689453,137.99000549316406,146.9199981689453,137.60000610351562,146.14999389648438,12664700
2020-11-10,121.07174682617188,140.25999450683594,140.6199951171875,137.14999389648438,138.10000610351562,7854000
2020-11-11,122.63411712646484,142.07000732421875,143.0,140.64999389648438,141.85000610351562,5554300
2020-11-12,122.70317077636719,142.14999389648438,142.5500030517578,141.07000732421875,142.2899932861328,5631700
2020-11-13,124.54178619384766,144.27999877929688,144.47999572753906,141.8800048828125,142.2100067138672,6466800
2020-11-16,122.94488525390625,142.42999267578125,144.77999877929688,141.25999450683594,144.77999877929688,7976600
2020-11-17,122.47015380859375,141.8800048828125,143.47000122070312,141.75,141.88999938964844,6396800
2020-11-18,120.58834838867188,139.6999969482422,142.10000610351562,139.66000366210938,141.99000549316406,6097100
2020-11-19,120.44163513183594,139.52999877929688,140.1199951171875,138.4499969482422,139.8699951171875,5284100
2020-11-20,120.24308776855469,139.3000030517578,140.35000610351562,138.6300048828125,139.52999877929688,4726900
2020-11-23,119.7769546508789,138.75999450683594,139.9499969482422,137.86000061035156,139.32000732421875,4770600
2020-11-24,119.38851165771484,138.30999755859375,139.83999633789062,138.07000732421875,138.8300018310547,7101800
2020-11-25,119.70792388916016,138.67999267578125,139.38999938964844,138.0399932861328,138.16000366210938,8411300
2020-11-27,119.64746856689453,138.61000061035156,138.88999938964844,137.52999877929688,138.58999633789062,4252200
2020-11-30,119.87187957763672,138.8699951171875,139.1999969482422,136.74000549316406,138.0,11640400
2020-12-01,120.3034896850586,139.3699951171875,139.5399932861328,138.16000366210938,139.16000366210938,7169700
2020-12-02,119.43164825439453,138.36000061035156,139.94000244140625,137.49000549316406,139.3699951171875,6963000
2020-12-03,118.55120086669922,137.33999633789062,138.35000610351562,135.5399932861328,138.08999633789062,8742500
2020-12-04,118.6634292602539,137.47000122070312,137.86000061035156,135.8699951171875,137.2100067138672,6617200
2020-12-07,118.84469604492188,137.67999267578125,137.74000549316406,136.55999755859375,136.61000061035156,6918000
2020-12-08,119.16407775878906,138.0500030517578,138.77999877929688,136.42999267578125,137.02000427246094,6493500
2020-12-09,117.74846649169922,136.41000366210938,138.0399932861328,136.25,137.8300018310547,6773400
2020-12-10,116.9715576171875,135.50999450683594,136.9199981689453,135.0399932861328,136.52000427246094,6800500
2020-12-11,117.83477020263672,136.50999450683594,136.8000030517578,134.1999969482422,134.4600067138672,6548000
2020-12-14,117.26504516601562,135.85000610351562,137.92999267578125,135.77000427246094,137.02000427246094,6485300
2020-12-15,117.95561218261719,136.64999389648438,137.5399932861328,136.24000549316406,136.38999938964844,5397000
2020-12-16,118.49079895019531,137.27000427246094,138.27000427246094,136.7100067138672,136.7100067138672,5382500
2020-12-17,119.33670806884766,138.25,139.1199951171875,137.9499969482422,138.00999450683594,7405300
2020-12-18,120.01861572265625,139.0399932861328,140.07000732421875,137.4499969482422,138.25999450683594,19988800
2020-12-21,118.70658111572266,137.52000427246094,138.42999267578125,136.22000122070312,137.9600067138672,6732400
2020-12-22,117.8692855834961,136.5500030517578,138.07000732421875,136.3800048828125,137.2899932861328,5023100
2020-12-23,117.68802642822266,136.33999633789062,137.5500030517578,136.1300048828125,137.38999938964844,6004200
2020-12-24,118.8792495727539,137.72000122070312,138.1300048828125,136.1999969482422,136.1999969482422,2588200
2020-12-28,119.70792388916016,138.67999267578125,139.38999938964844,137.9499969482422,138.14999389648438,3714700
2020-12-29,119.48347473144531,138.4199981689453,139.94000244140625,138.1999969482422,139.22000122070312,5139300
2020-12-30,118.92239379882812,137.77000427246094,138.9199981689453,137.5500030517578,138.60000610351562,3261400
2020-12-31,120.10496520996094,139.13999938964844,139.2899932861328,137.38999938964844,138.30999755859375,4076400
2021-01-04,118.9655532836914,137.82000732421875,139.86000061035156,136.35000610351562,139.66000366210938,8330900
2021-01-05,119.72518157958984,138.6999969482422,138.9199981689453,136.27000427246094,137.99000549316406,6856400
2021-01-06,120.98540496826172,140.16000366210938,141.0399932861328,138.60000610351562,138.77000427246094,10578000
2021-01-07,119.85464477539062,138.85000610351562,140.1300048828125,138.0399932861328,139.75,7355400
2021-01-08,119.80282592773438,138.7899932861328,139.05999755859375,137.0,138.47000122070312,7448500
2021-01-11,118.9914779663086,137.85000610351562,139.44000244140625,137.60000610351562,138.75,7239900
2021-01-12,118.30091094970703,137.0500030517578,138.25,136.24000549316406,137.85000610351562,6333500
2021-01-13,118.48217010498047,137.25999450683594,138.07000732421875,137.10000610351562,137.10000610351562,6078800
2021-01-14,117.22191619873047,135.8000030517578,137.64999389648438,135.27999877929688,137.42999267578125,6172800
2021-01-15,116.34144592285156,134.77999877929688,136.1999969482422,134.66000366210938,135.25,7757600
2021-01-19,115.32286834716797,133.60000610351562,136.36000061035156,133.55999755859375,135.6999969482422,9184900
2021-01-20,113.88131713867188,131.92999267578125,133.8000030517578,131.25999450683594,132.52999877929688,12506600
2021-01-21,113.7693099975586,131.00999450683594,131.99000549316406,130.50999450683594,130.64999389648438,8761600
2021-01-22,112.89222717285156,130.0,131.47000122070312,129.99000549316406,131.02000427246094,7202800
2021-01-25,114.83744049072266,132.24000549316406,133.0,129.89999389648438,129.9499969482422,9640000
2021-01-26,115.57557678222656,133.08999633789062,133.47000122070312,131.42999267578125,132.25,5996700
2021-01-27,111.48541259765625,128.3800048828125,133.10000610351562,127.69999694824219,132.38999938964844,10826700
2021-01-28,113.2048568725586,130.36000061035156,131.64999389648438,127.44000244140625,127.83999633789062,8242000
2021-01-29,111.33780670166016,128.2100067138672,130.2899932861328,128.07000732421875,130.19000244140625,8344100
2021-02-01,111.99778747558594,128.97000122070312,129.66000366210938,128.1999969482422,129.0,6534200
2021-02-02,111.8414535522461,128.7899932861328,130.72000122070312,128.69000244140625,129.60000610351562,6825600
2021-02-03,111.98038482666016,128.9499969482422,129.1999969482422,127.75,128.9499969482422,7309400
2021-02-04,112.04985809326172,129.02999877929688,129.4600067138672,128.5800018310547,129.3800048828125,6613700
2021-02-05,112.51880645751953,129.57000732421875,130.10000610351562,129.02999877929688,129.1199951171875,5063700
2021-02-08,112.17146301269531,129.1699981689453,130.10000610351562,128.11000061035156,129.92999267578125,7011200
2021-02-09,111.73725891113281,128.6699981689453,129.94000244140625,128.22999572753906,129.4600067138672,5917800
2021-02-10,111.34647369384766,128.22000122070312,129.16000366210938,127.95999908447266,128.75,8594100
2021-02-11,111.44197082519531,128.3300018310547,129.3300018310547,128.2100067138672,128.5399932861328,6139200
2021-02-12,110.825439453125,127.62000274658203,128.1300048828125,126.58000183105469,128.0,8407300
2021-02-16,111.0859375,127.91999816894531,128.1699981689453,126.98999786376953,127.97000122070312,8246000
2021-02-17,111.55488586425781,128.4600067138672,129.49000549316406,127.11000061035156,127.19000244140625,8845200
2021-02-18,112.48406982421875,129.52999877929688,129.85000610351562,127.58999633789062,127.80999755859375,6936400
2021-02-19,110.39122009277344,127.12000274658203,129.44000244140625,127.0199966430664,129.35000610351562,8277900
2021-02-22,109.92230224609375,126.58000183105469,127.23999786376953,126.37999725341797,126.79000091552734,6975500
2021-02-23,110.73858642578125,127.5199966430664,129.92999267578125,127.19000244140625,127.77999877929688,10145300
2021-02-24,110.86019134521484,127.66000366210938,128.24000549316406,126.91000366210938,127.3499984741211,7263000
2021-02-25,109.92230224609375,126.58000183105469,128.99000549316406,126.29000091552734,127.48999786376953,7790800
2021-02-26,107.27366638183594,123.52999877929688,126.93000030517578,121.81999969482422,126.54000091552734,17718800
2021-03-01,107.93366241455078,124.29000091552734,125.48999786376953,124.0,124.16000366210938,7740200
2021-03-02,107.59497833251953,123.9000015258789,124.86000061035156,123.43000030517578,123.87000274658203,10206500
2021-03-03,106.95236206054688,123.16000366210938,124.19999694824219,122.79000091552734,123.7699966430664,7537000
2021-03-04,106.07527923583984,122.1500015258789,124.7699966430664,121.54000091552734,123.0999984741211,10228100
2021-03-05,109.40125274658203,125.9800033569336,126.33000183105469,122.55000305175781,122.76000213623047,10490900
2021-03-08,110.55622100830078,127.30999755859375,128.89999389648438,125.31999969482422,125.76000213623047,9224700
2021-03-09,109.5749282836914,126.18000030517578,128.9199981689453,126.05999755859375,127.6500015258789,8859700
2021-03-10,110.58226776123047,127.33999633789062,128.4199981689453,125.47000122070312,126.1500015258789,9070900
2021-03-11,110.20887756347656,126.91000366210938,127.8499984741211,126.72000122070312,127.12999725341797,6941500
2021-03-12,111.2770004272461,128.13999938964844,128.82000732421875,127.6500015258789,127.6500015258789,6521900
2021-03-15,111.6417236328125,128.55999755859375,129.0399932861328,127.19000244140625,128.38999938964844,7172600
2021-03-16,111.97171020507812,128.94000244140625,129.97999572753906,128.50999450683594,128.50999450683594,6485200
2021-03-17,111.52015686035156,128.4199981689453,129.83999633789062,128.35000610351562,129.11000061035156,6192900
2021-03-18,111.76329803466797,128.6999969482422,129.0399932861328,127.04000091552734,128.2100067138672,6871300
2021-03-19,111.16412353515625,128.00999450683594,129.74000549316406,127.9000015258789,129.10000610351562,20262100
2021-03-22,113.04852294921875,130.17999267578125,130.88999938964844,128.00999450683594,128.00999450683594,8077600
2021-03-23,115.15005493164062,132.60000610351562,133.2899932861328,129.99000549316406,130.41000366210938,9503800
2021-03-24,115.1153335571289,132.55999755859375,133.13999938964844,130.6199951171875,130.94000244140625,8318000
2021-03-25,115.91426086425781,133.47999572753906,133.6199951171875,132.0500030517578,133.08999633789062,7517300
2021-03-26,117.62501525878906,135.4499969482422,135.61000061035156,132.47999572753906,133.22000122070312,10821200
2021-03-29,119.46605682373047,137.57000732421875,137.60000610351562,135.0,135.0,11176000
2021-03-30,117.62501525878906,135.4499969482422,137.0,135.13999938964844,136.61000061035156,8090600
2021-03-31,117.6076431274414,135.42999267578125,136.75,135.25999450683594,135.67999267578125,9202600
2021-04-01,116.60897827148438,134.27999877929688,135.47999572753906,133.3300018310547,135.0500030517578,9117800
2021-04-05,118.4934310913086,136.4499969482422,137.25,134.72999572753906,134.9600067138672,8279100
2021-04-06,118.53679656982422,136.5,137.02000427246094,135.63999938964844,136.0,6180600
2021-04-07,118.74527740478516,136.74000549316406,137.3300018310547,136.25,137.1199951171875,10244500
2021-04-08,119.19683837890625,137.25999450683594,137.6300048828125,136.58999633789062,136.89999389648438,6190300
2021-04-09,118.42395782470703,136.3699951171875,137.27000427246094,135.55999755859375,136.50999450683594,5855400
2021-04-12,118.90155792236328,136.9199981689453,137.0399932861328,135.7100067138672,136.5,6440900
2021-04-13,117.32975006103516,135.11000061035156,136.38999938964844,134.83999633789062,136.02000427246094,9161200
2021-04-14,117.75527954101562,135.60000610351562,135.7899932861328,134.5800018310547,135.52000427246094,7584000
2021-04-15,119.17945098876953,137.24000549316406,137.75999450683594,135.8699951171875,135.97000122070312,7945300
2021-04-16,119.18814086914062,137.25,137.89999389648438,136.8800048828125,137.61000061035156,7708500
2021-04-19,118.63236999511719,136.61000061035156,137.0800018310547,135.38999938964844,136.94000244140625,9149400
2021-04-20,119.62230682373047,137.75,138.58999633789062,133.52999877929688,134.83999633789062,10040500
2021-04-21,118.84078979492188,136.85000610351562,138.57000732421875,136.60000610351562,137.88999938964844,8465900
2021-04-22,117.66093444824219,134.6300048828125,135.7899932861328,134.05999755859375,135.3699951171875,7338300
2021-04-23,117.05791473388672,133.94000244140625,135.0800018310547,133.25,134.92999267578125,6708300
2021-04-26,114.71570587158203,131.25999450683594,133.75999450683594,131.1699981689453,133.49000549316406,9910600
2021-04-27,114.64575958251953,131.17999267578125,131.88999938964844,130.2899932861328,131.24000549316406,8296800
2021-04-28,114.83804321289062,131.39999389648438,131.85000610351562,130.8800048828125,131.7100067138672,6262800
2021-04-29,115.80810546875,132.50999450683594,132.99000549316406,131.30999755859375,131.30999755859375,6786800
2021-04-30,116.60344696044922,133.4199981689453,133.6699981689453,132.25999450683594,132.75,9188600
2021-05-03,117.98429107666016,135.0,135.67999267578125,134.02999877929688,134.02999877929688,8070300
2021-05-04,117.58226776123047,134.5399932861328,135.8300018310547,134.2100067138672,134.97999572753906,9624000
2021-05-05,116.6384048461914,133.4600067138672,134.97000122070312,133.3699951171875,134.3699951171875,8295900
2021-05-06,118.10665130615234,135.13999938964844,135.3699951171875,133.9199981689453,134.00999450683594,9771100
2021-05-07,118.1153793334961,135.14999389648438,136.02999877929688,134.75999450683594,135.0800018310547,6299100
2021-05-10,120.3177719116211,137.6699981689453,138.4199981689453,135.69000244140625,135.88999938964844,8852700
2021-05-11,119.72347259521484,136.99000549316406,138.7899932861328,136.47000122070312,138.49000549316406,10973700
2021-05-12,118.45623779296875,135.5399932861328,137.0,135.49000549316406,136.49000549316406,8853700
2021-05-13,120.36145782470703,137.72000122070312,138.52999877929688,135.38999938964844,135.88999938964844,8753600
2021-05-14,120.61490631103516,138.00999450683594,139.10000610351562,137.6699981689453,137.6699981689453,5989500
2021-05-17,120.37020111083984,137.72999572753906,139.07000732421875,137.61000061035156,137.97000122070312,7690700
2021-05-18,119.1379165649414,136.32000732421875,137.8300018310547,136.14999389648438,136.4600067138672,9239100
2021-05-19,119.38263702392578,136.60000610351562,136.8300018310547,135.58999633789062,136.05999755859375,9806800
2021-05-20,120.60618591308594,138.0,138.7100067138672,136.72000122070312,136.7899932861328,8768200
2021-05-21,120.60618591308594,138.0,138.94000244140625,137.77999877929688,138.1999969482422,10161000
2021-05-24,120.57120513916016,137.9600067138672,138.8000030517578,137.72999572753906,138.0,6981300
2021-05-25,120.98198699951172,138.42999267578125,138.47999572753906,136.75,138.0500030517578,8142400
2021-05-26,120.71102142333984,138.1199951171875,138.86000061035156,137.8699951171875,138.7899932861328,8122900
2021-05-27,117.96681213378906,134.97999572753906,138.27999877929688,134.66000366210938,138.1199951171875,33095700
2021-05-28,117.85317993164062,134.85000610351562,136.1300048828125,134.63999938964844,135.14999389648438,10477100
2021-06-01,116.13150787353516,132.8800048828125,136.0,132.47999572753906,135.7899932861328,9993900
2021-06-02,116.6384048461914,133.4600067138672,133.6300048828125,132.52000427246094,133.0,8254100
2021-06-03,118.72716522216797,135.85000610351562,135.91000366210938,133.1999969482422,133.22999572753906,11249800
2021-06-04,118.81455993652344,135.9499969482422,136.6199951171875,135.39999389648438,135.6999969482422,6894400
2021-06-07,119.22534942626953,136.4199981689453,136.83999633789062,135.67999267578125,136.36000061035156,8418000
2021-06-08,117.84445190429688,134.83999633789062,136.75,134.75,136.67999267578125,6911500
2021-06-09,117.80077362060547,134.7899932861328,136.44000244140625,134.74000549316406,135.5500030517578,6200700
2021-06-10,118.67469024658203,135.7899932861328,136.35000610351562,134.6199951171875,135.02000427246094,6515500
2021-06-11,117.8619384765625,134.86000061035156,135.8699951171875,133.89999389648438,135.75,10641400
2021-06-14,117.90565490722656,134.91000366210938,135.02999877929688,133.9600067138672,134.97999572753906,6302000
2021-06-15,117.67842102050781,134.64999389648438,135.63999938964844,134.5500030517578,135.1999969482422,5543400
2021-06-16,116.04410552978516,132.77999877929688,135.5800018310547,132.64999389648438,135.17999267578125,8936400
2021-06-17,117.10162353515625,133.99000549316406,134.16000366210938,132.64999389648438,132.82000732421875,7875600
2021-06-18,115.3886489868164,132.02999877929688,133.35000610351562,131.94000244140625,133.33999633789062,13997600
2021-06-21,116.29757690429688,133.07000732421875,133.25999450683594,132.39999389648438,132.69000244140625,8014800
2021-06-22,116.34125518798828,133.1199951171875,134.02000427246094,132.8800048828125,133.0399932861328,6550900
2021-06-23,116.1751937866211,132.92999267578125,133.36000061035156,132.32000732421875,132.9499969482422,5796000
2021-06-24,116.25386047363281,133.02000427246094,133.30999755859375,132.6999969482422,132.9499969482422,6056700
2021-06-25,117.91439819335938,134.9199981689453,135.5399932861328,132.9499969482422,133.25999450683594,24504900
2021-06-28,118.26394653320312,135.32000732421875,136.16000366210938,134.75999450683594,134.89999389648438,6065400
2021-06-29,117.45992279052734,134.39999389648438,135.8300018310547,133.82000732421875,135.50999450683594,5792300
2021-06-30,117.92310333251953,134.92999267578125,135.2899932861328,134.2899932861328,134.5800018310547,5776600
2021-07-01,118.19406127929688,135.24000549316406,136.13999938964844,134.9199981689453,135.42999267578125,5922300
2021-07-02,118.77085876464844,135.89999389648438,136.63999938964844,135.4199981689453,135.60000610351562,5572000
2021-07-06,118.84080505371094,135.97999572753906,136.3000030517578,135.36000061035156,135.52000427246094,6534400
2021-07-07,119.73223114013672,137.0,137.58999633789062,136.02999877929688,136.02999877929688,5532700
2021-07-08,119.71473693847656,136.97999572753906,137.39999389648438,135.88999938964844,136.99000549316406,7585200
2021-07-09,119.75843811035156,137.02999877929688,137.64999389648438,136.83999633789062,137.24000549316406,5948700
2021-07-12,119.85456085205078,137.13999938964844,137.47000122070312,136.42999267578125,136.89999389648438,6807300
2021-07-13,119.70600891113281,136.97000122070312,137.57000732421875,136.38999938964844,136.38999938964844,5603800
2021-07-14,120.58868408203125,137.97999572753906,138.22999572753906,136.3699951171875,137.00999450683594,5903600
2021-07-15,121.61994934082031,139.16000366210938,139.25999450683594,137.6999969482422,138.00999450683594,7357100
2021-07-16,122.79981231689453,140.50999450683594,140.77999877929688,139.11000061035156,139.3000030517578,9346300
2021-07-19,122.73861694335938,140.44000244140625,141.8699951171875,138.80999755859375,140.32000732421875,9544100
2021-07-20,122.0831527709961,139.69000244140625,141.97999572753906,139.63999938964844,140.44000244140625,8136300
2021-07-21,121.65495300292969,139.1999969482422,140.1999969482422,138.99000549316406,139.9499969482422,6954700
2021-07-22,121.18882751464844,137.8000030517578,138.3300018310547,136.7100067138672,137.2899932861328,6013800
2021-07-23,122.93892669677734,139.7899932861328,139.97999572753906,137.0800018310547,137.47999572753906,7906000
2021-07-26,123.36986541748047,140.27999877929688,140.82000732421875,139.22000122070312,139.6199951171875,5925800
2021-07-27,123.87114715576172,140.85000610351562,141.6199951171875,140.0,140.14999389648438,7075400
2021-07-28,122.03309631347656,138.75999450683594,140.6699981689453,138.7100067138672,140.6699981689453,8520000
2021-07-29,122.66629028320312,139.47999572753906,140.17999267578125,138.72999572753906,139.75999450683594,5430500
2021-07-30,125.08477783203125,142.22999572753906,144.5399932861328,141.5500030517578,142.0,14394300
2021-08-02,124.77698516845703,141.8800048828125,142.42999267578125,140.8000030517578,141.77000427246094,7009500
2021-08-03,126.59748077392578,143.9499969482422,144.2100067138672,141.52000427246094,141.86000061035156,8455700
2021-08-04,125.26069641113281,142.42999267578125,144.08999633789062,142.35000610351562,143.0399932861328,6628000
2021-08-05,125.322265625,142.5,143.5500030517578,141.47000122070312,143.35000610351562,5363300
2021-08-06,124.36363220214844,141.41000366210938,143.1199951171875,141.22000122070312,143.02999877929688,6030100
2021-08-09,125.04083251953125,142.17999267578125,142.58999633789062,141.6999969482422,141.9499969482422,4743800
2021-08-10,125.12000274658203,142.27000427246094,142.50999450683594,141.66000366210938,141.91000366210938,5253500
2021-08-11,125.4277572631836,142.6199951171875,143.24000549316406,142.47000122070312,142.74000549316406,4205000
2021-08-12,125.7179946899414,142.9499969482422,143.14999389648438,142.35000610351562,143.14999389648438,4956100
2021-08-13,126.32482147216797,143.63999938964844,143.99000549316406,142.69000244140625,142.9499969482422,4888800
2021-08-16,127.20427703857422,144.63999938964844,144.69000244140625,143.3800048828125,143.6699981689453,6040800
2021-08-17,127.41534423828125,144.8800048828125,145.60000610351562,143.88999938964844,144.39999389648438,7577000
2021-08-18,126.02581024169922,143.3000030517578,144.8800048828125,143.17999267578125,144.6999969482422,7162000
2021-08-19,127.51210021972656,144.99000549316406,145.27999877929688,143.16000366210938,143.16000366210938,5787200
2021-08-20,127.5999984741211,145.08999633789062,145.97999572753906,144.77999877929688,145.25,5273800
2021-08-23,126.94926452636719,144.35000610351562,145.33999633789062,144.22999572753906,144.2899932861328,4522200
2021-08-24,125.92027282714844,143.17999267578125,144.14999389648438,142.97999572753906,144.00999450683594,4560400
2021-08-25,125.47176361083984,142.6699981689453,143.1300048828125,142.25,143.07000732421875,3861500
2021-08-26,125.25192260742188,142.4199981689453,142.7100067138672,141.47000122070312,142.55999755859375,4749400
2021-08-27,125.15514373779297,142.30999755859375,142.77000427246094,141.63999938964844,142.47999572753906,4741200
2021-08-30,125.70040893554688,142.92999267578125,142.99000549316406,142.0500030517578,142.60000610351562,3845800
2021-08-31,125.22549438476562,142.38999938964844,143.52999877929688,142.0500030517578,143.0399932861328,9642400
2021-09-01,126.50072479248047,143.83999633789062,144.19000244140625,142.22999572753906,142.3300018310547,6214200
2021-09-02,126.59748077392578,143.9499969482422,144.72999572753906,143.5800018310547,143.97000122070312,5392500
2021-09-03,126.68543243408203,144.0500030517578,144.3699951171875,143.52000427246094,143.75999450683594,5466400
2021-09-07,126.21047973632812,143.50999450683594,144.5,143.2899932861328,144.32000732421875,6520600
2021-09-08,127.16913604736328,144.60000610351562,144.94000244140625,143.00999450683594,143.0800018310547,6897800
2021-09-09,126.63265991210938,143.99000549316406,144.8800048828125,143.64999389648438,144.57000732421875,6354700
2021-09-10,126.75577545166016,144.1300048828125,144.4600067138672,143.32000732421875,144.05999755859375,5750000
2021-09-13,128.118896484375,145.67999267578125,147.22999572753906,144.85000610351562,144.85000610351562,9952500
2021-09-14,127.89906311035156,145.42999267578125,146.36000061035156,144.9499969482422,146.1300048828125,5831800
2021-09-15,127.62641143798828,145.1199951171875,145.77000427246094,144.74000549316406,145.35000610351562,6237100
2021-09-16,126.73815155029297,144.11000061035156,145.19000244140625,142.82000732421875,144.83999633789062,6142100
2021-09-17,126.94044494628906,144.33999633789062,146.27999877929688,144.22999572753906,144.3699951171875,18737400
2021-09-20,125.66522216796875,142.88999938964844,144.85000610351562,141.97000122070312,144.22000122070312,10238700
2021-09-21,125.8587417602539,143.11000061035156,144.52999877929688,142.8800048828125,142.97999572753906,6651300
2021-09-22,126.28963470458984,143.60000610351562,144.35000610351562,142.86000061035156,143.82000732421875,6332500
2021-09-23,126.80850219726562,144.19000244140625,144.69000244140625,143.49000549316406,144.05999755859375,5171200
2021-09-24,126.24571228027344,143.5500030517578,144.4499969482422,143.08999633789062,143.8000030517578,5009400
2021-09-27,124.58351135253906,141.66000366210938,143.1699981689453,141.52000427246094,143.14999389648438,5749700
2021-09-28,123.64247131347656,140.58999633789062,141.3699951171875,139.55999755859375,141.0500030517578,7015300
2021-09-29,124.90009307861328,142.02000427246094,142.67999267578125,140.17999267578125,140.27000427246094,5460000
2021-09-30,122.94770050048828,139.8000030517578,142.74000549316406,139.52999877929688,142.63999938964844,6934900
2021-10-01,122.75424194335938,139.5800018310547,140.22999572753906,138.32000732421875,139.92999267578125,5587200
2021-10-04,122.05946350097656,138.7899932861328,140.39999389648438,137.60000610351562,139.38999938964844,5816000
2021-10-05,122.53435516357422,139.3300018310547,140.52000427246094,138.72000122070312,138.8000030517578,6902700
2021-10-06,124.17015075683594,141.19000244140625,141.25999450683594,138.6199951171875,138.99000549316406,5332900
2021-10-07,125.16397094726562,142.32000732421875,143.02999877929688,141.75,141.75,5334600
2021-10-08,124.64505767822266,141.72999572753906,142.6199951171875,141.0399932861328,142.2899932861328,6131800
2021-10-11,125.16397094726562,142.32000732421875,142.77000427246094,141.77000427246094,142.3699951171875,5995600
2021-10-12,124.9792709350586,142.11000061035156,143.0399932861328,141.6999969482422,142.60000610351562,6734800
2021-10-13,125.26949310302734,142.44000244140625,142.75999450683594,141.02999877929688,142.39999389648438,5689800
2021-10-14,126.68543243408203,144.0500030517578,144.30999755859375,142.80999755859375,142.8300018310547,6777800
2021-10-15,127.01079559326172,144.4199981689453,144.8699951171875,143.67999267578125,144.52000427246094,6923700
2021-10-18,125.18153381347656,142.33999633789062,143.6999969482422,142.10000610351562,143.5500030517578,9119000
2021-10-19,123.70404052734375,140.66000366210938,140.82000732421875,138.8000030517578,139.0800018310547,9555300
2021-10-20,124.1877670288086,141.2100067138672,141.9600067138672,139.85000610351562,140.14999389648438,7352700
2021-10-21,123.29395294189453,139.3300018310547,141.16000366210938,139.17999267578125,140.86000061035156,6545500
2021-10-22,124.62135314941406,140.8300018310547,141.00999450683594,139.32000732421875,139.38999938964844,5265000
2021-10-25,124.63906860351562,140.85000610351562,140.9199981689453,139.0500030517578,140.41000366210938,5382100
2021-10-26,126.40887451171875,142.85000610351562,143.17999267578125,141.24000549316406,141.6199951171875,6234900
2021-10-27,125.50627899169922,141.8300018310547,143.67999267578125,141.69000244140625,143.13999938964844,9643500
2021-10-28,126.25840759277344,142.67999267578125,142.8800048828125,141.7100067138672,141.88999938964844,4538500
2021-10-29,126.53275299072266,142.99000549316406,143.47999572753906,142.02000427246094,142.16000366210938,6239500
2021-11-01,126.22303771972656,142.63999938964844,143.8000030517578,142.49000549316406,143.36000061035156,5038900
2021-11-02,127.47960662841797,144.05999755859375,144.5800018310547,142.27999877929688,142.72000122070312,9954300
2021-11-03,128.3556671142578,145.0500030517578,145.11000061035156,143.52000427246094,144.1300048828125,7620100
2021-11-04,128.59458923339844,145.32000732421875,145.38999938964844,142.33999633789062,142.83999633789062,6402500
2021-11-05,129.23171997070312,146.0399932861328,146.3699951171875,144.8000030517578,145.44000244140625,6062700
2021-11-08,128.26712036132812,144.9499969482422,146.10000610351562,144.02000427246094,145.5,5854400
2021-11-09,128.65652465820312,145.38999938964844,145.8300018310547,144.5800018310547,145.02999877929688,4873100
2021-11-10,129.9219512939453,146.82000732421875,147.30999755859375,145.58999633789062,145.74000549316406,7334900
2021-11-11,129.55029296875,146.39999389648438,146.97000122070312,146.2100067138672,146.86000061035156,4096300
2021-11-12,129.69186401367188,146.55999755859375,147.0800018310547,145.97999572753906,146.74000549316406,5687400
2021-11-15,130.4351806640625,147.39999389648438,147.75,146.47000122070312,147.02999877929688,5510200
2021-11-16,130.24937438964844,147.19000244140625,148.58999633789062,147.00999450683594,147.38999938964844,7603900
2021-11-17,130.1697235107422,147.10000610351562,147.77999877929688,146.4199981689453,146.97000122070312,4900200
2021-11-18,130.1874237060547,147.1199951171875,148.0800018310547,146.50999450683594,147.0399932861328,5509300
2021-11-19,129.9219512939453,146.82000732421875,148.22999572753906,146.7899932861328,147.9499969482422,6274300
2021-11-22,130.78916931152344,147.8000030517578,148.94000244140625,146.8300018310547,146.97000122070312,6625400
2021-11-23,132.24041748046875,149.44000244140625,149.5,147.6699981689453,147.8300018310547,7912800
2021-11-24,131.55020141601562,148.66000366210938,148.8800048828125,147.67999267578125,148.77000427246094,5665200
2021-11-26,130.49710083007812,147.47000122070312,149.72000122070312,147.30999755859375,148.5800018310547,6299800
2021-11-29,131.86875915527344,149.02000427246094,149.66000366210938,146.7899932861328,147.7899932861328,7113300
2021-11-30,127.93977355957031,144.5800018310547,148.5399932861328,144.1199951171875,147.80999755859375,11696400
2021-12-01,129.55029296875,146.39999389648438,147.8699951171875,144.85000610351562,144.85000610351562,8313500
2021-12-02,130.311279296875,147.25999450683594,148.4600067138672,146.94000244140625,147.00999450683594,9468800
2021-12-03,132.62977600097656,149.8800048828125,150.0,147.66000366210938,148.02000427246094,11200800
2021-12-06,134.6384735107422,152.14999389648438,152.38999938964844,150.19000244140625,150.19000244140625,11935100
2021-12-07,134.28457641601562,151.75,152.5800018310547,151.27000427246094,151.9499969482422,7913400
2021-12-08,134.8862762451172,152.42999267578125,152.66000366210938,150.27999877929688,151.6699981689453,8329300
2021-12-09,135.67384338378906,153.32000732421875,154.19000244140625,151.60000610351562,152.30999755859375,8334300
2021-12-10,137.56753540039062,155.4600067138672,155.8000030517578,153.42999267578125,153.85000610351562,7172300
2021-12-13,139.52320861816406,157.6699981689453,158.3300018310547,154.91000366210938,155.3000030517578,8944000
2021-12-14,140.03643798828125,158.25,158.6300048828125,156.66000366210938,157.89999389648438,8677500
2021-12-15,140.57623291015625,158.86000061035156,159.63999938964844,157.63999938964844,157.63999938964844,9152600
2021-12-16,142.5672607421875,161.11000061035156,161.32000732421875,158.4199981689453,158.72999572753906,10852900
2021-12-17,139.3373565673828,157.4600067138672,161.72000122070312,157.30999755859375,160.66000366210938,24349400
2021-12-20,139.6913299560547,157.86000061035156,158.4600067138672,156.57000732421875,156.60000610351562,9202600
2021-12-21,139.60279846191406,157.75999450683594,158.14999389648438,156.7899932861328,157.64999389648438,6946000
2021-12-22,140.9832763671875,159.32000732421875,159.5800018310547,157.27000427246094,157.77000427246094,6626300
2021-12-23,141.67347717285156,160.10000610351562,160.9199981689453,159.44000244140625,159.5,5640900
2021-12-27,143.3282928466797,161.97000122070312,161.99000549316406,160.61000061035156,160.6699981689453,4548600
2021-12-28,144.09815979003906,162.83999633789062,163.3800048828125,161.94000244140625,161.9600067138672,5929400
2021-12-29,145.29275512695312,164.19000244140625,164.97999572753906,163.0800018310547,163.2100067138672,5346100
2021-12-30,144.0361785888672,162.77000427246094,164.58999633789062,162.61000061035156,164.39999389648438,5911500
2021-12-31,144.7529754638672,163.5800018310547,163.72999572753906,162.4600067138672,162.86000061035156,5327000
2022-01-03,144.15122985839844,162.89999389648438,162.94000244140625,159.8800048828125,161.69000244140625,9317300
2022-01-04,144.6556396484375,163.47000122070312,164.38999938964844,162.17999267578125,162.2899932861328,9253800
2022-01-05,145.3104705810547,164.2100067138672,165.32000732421875,163.39999389648438,163.44000244140625,9330200
2022-01-06,144.0893096923828,162.8300018310547,165.1999969482422,162.61000061035156,164.33999633789062,7556000
2022-01-07,144.0096893310547,162.74000549316406,163.52999877929688,161.9499969482422,163.1300048828125,6098500
2022-01-10,142.04519653320312,160.52000427246094,163.1199951171875,160.1699981689453,162.50999450683594,8055000
2022-01-11,140.3992462158203,158.66000366210938,160.22000122070312,156.91000366210938,160.22000122070312,11957900
2022-01-12,140.70895385742188,159.00999450683594,159.36000061035156,157.8300018310547,158.25999450683594,7127500
2022-01-13,140.07180786132812,158.2899932861328,159.4499969482422,157.77999877929688,159.30999755859375,6551000
2022-01-14,141.4168701171875,159.80999755859375,160.49000549316406,157.55999755859375,158.07000732421875,10708000
2022-01-18,138.69134521484375,156.72999572753906,158.52999877929688,156.0399932861328,158.52999877929688,10988400
2022-01-19,143.35484313964844,162.0,164.19000244140625,156.97000122070312,157.61000061035156,14088300
2022-01-20,144.1288604736328,162.0,164.3300018310547,160.1199951171875,160.1199951171875,10799100
2022-01-21,144.6804656982422,162.6199951171875,165.35000610351562,162.10000610351562,163.0,10900400
2022-01-24,143.50607299804688,161.3000030517578,164.1199951171875,158.72000122070312,163.42999267578125,14838100
2022-01-25,141.9402313232422,159.5399932861328,161.3000030517578,157.88999938964844,160.4499969482422,9369600
2022-01-26,140.70355224609375,158.14999389648438,159.57000732421875,156.3800048828125,157.33999633789062,10707100
2022-01-27,141.575439453125,159.1300048828125,161.35000610351562,158.5800018310547,158.72999572753906,9083000
2022-01-28,142.79434204101562,160.5,160.9499969482422,157.32000732421875,158.61000061035156,9494200
2022-01-31,142.7498321533203,160.4499969482422,160.64999389648438,158.8699951171875,159.35000610351562,8950100
2022-02-01,142.1181640625,159.74000549316406,161.3000030517578,157.72999572753906,160.7899932861328,6284100
2022-02-02,144.6626739501953,162.60000610351562,162.83999633789062,159.47000122070312,160.13999938964844,7558800
2022-02-03,146.0327606201172,164.13999938964844,164.97999572753906,161.6199951171875,161.97999572753906,10474500
2022-02-04,143.71067810058594,161.52999877929688,164.49000549316406,161.41000366210938,163.1300048828125,8959900
2022-02-07,142.63417053222656,160.32000732421875,162.25999450683594,159.6699981689453,161.8699951171875,6430500
2022-02-08,142.31390380859375,159.9600067138672,161.27000427246094,159.64999389648438,161.1199951171875,5048700
2022-02-09,141.99362182617188,159.60000610351562,160.63999938964844,159.27000427246094,160.36000061035156,8077400
2022-02-10,139.83164978027344,157.1699981689453,159.5,156.64999389648438,159.08999633789062,7033000
2022-02-11,139.0487518310547,156.2899932861328,158.5800018310547,155.5800018310547,158.00999450683594,9341400
2022-02-14,139.44908142089844,156.74000549316406,157.05999755859375,153.36000061035156,156.13999938964844,9472200
2022-02-15,139.52029418945312,156.82000732421875,159.32000732421875,156.11000061035156,157.77000427246094,6659200
2022-02-16,140.57901000976562,158.00999450683594,158.77999877929688,156.27000427246094,156.8300018310547,9315700
2022-02-17,142.1893310546875,159.82000732421875,160.3800048828125,157.35000610351562,158.3800048828125,7925500
2022-02-18,142.26051330566406,159.89999389648438,161.05999755859375,158.82000732421875,159.5,8063200
2022-02-22,140.5078125,157.92999267578125,160.8800048828125,156.66000366210938,160.11000061035156,8179500
2022-02-23,138.7551727294922,155.9600067138672,158.60000610351562,155.60000610351562,158.3000030517578,6273000
2022-02-24,135.0184783935547,151.75999450683594,155.97999572753906,150.55999755859375,155.63999938964844,13145100
2022-02-25,140.78363037109375,158.24000549316406,158.94000244140625,152.25,152.3300018310547,8888800
2022-02-28,138.69287109375,155.88999938964844,157.19000244140625,153.82000732421875,156.2899932861328,8669200
2022-03-01,136.3974609375,153.30999755859375,155.39999389648438,152.33999633789062,154.30999755859375,8311900
2022-03-02,136.82452392578125,153.7899932861328,155.0800018310547,152.60000610351562,152.9600067138672,6111300
2022-03-03,137.3316650390625,154.36000061035156,155.86000061035156,153.77000427246094,153.77000427246094,7451200
2022-03-04,138.02560424804688,155.13999938964844,155.35000610351562,152.5500030517578,153.1199951171875,8639100
2022-03-07,135.97930908203125,152.83999633789062,154.52000427246094,151.13999938964844,154.49000549316406,8374500
2022-03-08,130.5967559814453,146.7899932861328,152.9499969482422,146.5800018310547,152.17999267578125,9517200
2022-03-09,132.35833740234375,148.77000427246094,150.47000122070312,147.80999755859375,148.8300018310547,7044100
2022-03-10,128.9508056640625,144.94000244140625,148.27999877929688,143.94000244140625,147.8000030517578,9221000
2022-03-11,127.42057800292969,143.22000122070312,146.16000366210938,143.02999877929688,145.39999389648438,7086100
2022-03-14,129.04869079589844,145.0500030517578,146.0399932861328,143.35000610351562,144.4499969482422,7964600
2022-03-15,133.69287109375,150.27000427246094,150.5399932861328,146.88999938964844,147.00999450683594,9868400
2022-03-16,133.23915100097656,149.75999450683594,151.7899932861328,148.0399932861328,150.6300048828125,6908900
2022-03-17,133.65725708007812,150.22999572753906,150.47000122070312,148.5,149.99000549316406,6003800
2022-03-18,133.58609008789062,150.14999389648438,150.8699951171875,148.24000549316406,150.8699951171875,15570300
2022-03-21,134.0932159423828,150.72000122070312,151.4199981689453,149.24000549316406,150.44000244140625,6937500
2022-03-22,135.12525939941406,151.8800048828125,153.60000610351562,150.52000427246094,153.42999267578125,7292100
2022-03-23,134.1821746826172,150.82000732421875,153.00999450683594,150.69000244140625,152.1999969482422,5531900
2022-03-24,134.41351318359375,151.0800018310547,151.55999755859375,150.16000366210938,150.88999938964844,4203100
2022-03-25,135.97044372558594,152.8300018310547,153.9199981689453,151.50999450683594,151.6300048828125,5047700
2022-03-28,136.90463256835938,153.8800048828125,153.89999389648438,152.6300048828125,153.63999938964844,4234000
2022-03-29,138.310302734375,155.4600067138672,156.47000122070312,154.02000427246094,155.3699951171875,5643400
2022-03-30,137.35838317871094,154.38999938964844,154.42999267578125,151.94000244140625,152.5,5779300
2022-03-31,135.94378662109375,152.8000030517578,154.33999633789062,152.39999389648438,154.10000610351562,7538600
2022-04-01,137.98110961914062,155.08999633789062,155.4600067138672,152.05999755859375,153.52000427246094,5742600
2022-04-04,137.08253479003906,154.0800018310547,154.35000610351562,151.25999450683594,153.80999755859375,5992000
2022-04-05,137.56295776367188,154.6199951171875,157.3699951171875,153.5399932861328,153.61000061035156,7653000
2022-04-06,139.5291748046875,156.8300018310547,157.2899932861328,153.94000244140625,154.4199981689453,8884700
2022-04-07,141.3352508544922,158.86000061035156,159.38999938964844,156.97000122070312,157.8699951171875,6889700
2022-04-08,142.43844604492188,160.10000610351562,160.52999877929688,158.9199981689453,159.6999969482422,6045400
2022-04-11,141.89576721191406,159.49000549316406,161.2100067138672,158.6300048828125,159.9499969482422,6158400
2022-04-12,141.46868896484375,159.00999450683594,160.6300048828125,158.6999969482422,159.30999755859375,7221500
2022-04-13,141.86907958984375,159.4600067138672,160.41000366210938,158.7100067138672,159.0800018310547,5247700
2022-04-14,141.0772247314453,158.57000732421875,160.3000030517578,158.4499969482422,159.97999572753906,7806500
2022-04-18,139.73382568359375,157.05999755859375,158.97999572753906,156.52999877929688,158.47999572753906,6034500
2022-04-19,141.82455444335938,159.41000366210938,160.02999877929688,156.3000030517578,156.77000427246094,7897000
2022-04-20,145.59681701660156,163.64999389648438,164.47999572753906,160.0,160.5,10196100
2022-04-21,145.4832000732422,162.61000061035156,164.89999389648438,162.42999267578125,163.82000732421875,9365700
2022-04-22,144.26644897460938,161.25,163.52000427246094,160.91000366210938,163.24000549316406,9394600
2022-04-25,145.4295196533203,162.5500030517578,163.2899932861328,159.8000030517578,161.6999969482422,6986800
2022-04-26,142.96017456054688,159.7899932861328,163.63999938964844,159.75,162.67999267578125,7769500
2022-04-27,142.57553100585938,159.36000061035156,161.4499969482422,159.11000061035156,160.2100067138672,6754900
2022-04-28,146.198974609375,163.41000366210938,163.7100067138672,159.27000427246094,160.5399932861328,9306800
2022-04-29,143.64016723632812,160.5500030517578,162.9499969482422,160.1999969482422,162.47000122070312,10637000
2022-05-02,141.69873046875,158.3800048828125,162.0,156.19000244140625,161.60000610351562,10351600
2022-05-03,139.75726318359375,156.2100067138672,158.99000549316406,155.00999450683594,158.22000122070312,10344000
2022-05-04,140.78616333007812,157.36000061035156,157.5500030517578,155.14999389648438,155.8300018310547,7771000
2022-05-05,138.19161987304688,154.4600067138672,157.2899932861328,153.13999938964844,156.3000030517578,8217100
2022-05-06,139.5694122314453,156.0,156.24000549316406,153.8699951171875,154.77000427246094,7304800
2022-05-09,139.2205047607422,155.61000061035156,156.75999450683594,152.75,153.9600067138672,8540800
2022-05-10,138.4868621826172,154.7899932861328,156.6199951171875,153.94000244140625,155.5500030517578,7447400
2022-05-11,136.5364532470703,152.61000061035156,155.89999389648438,152.35000610351562,154.02999877929688,7692200
2022-05-12,135.98175048828125,151.99000549316406,153.61000061035156,149.8800048828125,153.52000427246094,9600800
2022-05-13,137.4401092529297,153.6199951171875,153.72999572753906,150.4199981689453,152.5800018310547,5675500
2022-05-16,138.78207397460938,155.1199951171875,155.89999389648438,152.02999877929688,153.47000122070312,5971000
2022-05-17,138.38841247558594,154.67999267578125,156.75,153.07000732421875,155.1300048828125,6509100
2022-05-18,129.76376342773438,145.0399932861328,154.75999450683594,144.5399932861328,154.6699981689453,9670700
2022-05-19,126.77552795410156,141.6999969482422,143.4199981689453,140.60000610351562,143.41000366210938,9694100
2022-05-20,126.85604095458984,141.7899932861328,142.4499969482422,139.17999267578125,142.14999389648438,7786900
2022-05-23,129.77268981933594,145.0500030517578,145.6300048828125,142.0800018310547,142.83999633789062,7134500
2022-05-24,132.0809783935547,147.6300048828125,147.94000244140625,144.82000732421875,144.88999938964844,7207400
2022-05-25,129.91586303710938,145.2100067138672,147.13999938964844,143.5,147.11000061035156,8217800
2022-05-26,131.0520782470703,146.47999572753906,147.3800048828125,145.0399932861328,146.47999572753906,5702600
2022-05-27,133.05615234375,148.72000122070312,148.72000122070312,146.6300048828125,146.97000122070312,6028800
2022-05-31,132.3046417236328,147.8800048828125,148.99000549316406,146.16000366210938,147.2899932861328,12416700
2022-06-01,130.30055236816406,145.63999938964844,148.1199951171875,144.7100067138672,148.0,7036000
2022-06-02,131.70521545410156,147.2100067138672,147.25999450683594,142.6300048828125,145.97000122070312,6479800
2022-06-03,130.52420043945312,145.88999938964844,147.2100067138672,145.1199951171875,146.36000061035156,4720700
2022-06-06,130.01426696777344,145.32000732421875,147.63999938964844,144.58999633789062,147.3699951171875,4751100
2022-06-07,131.46360778808594,146.94000244140625,147.17999267578125,143.42999267578125,143.6699981689453,4918600
2022-06-08,129.8263702392578,145.11000061035156,146.42999267578125,144.99000549316406,146.3000030517578,4369600
2022-06-09,127.48235321044922,142.49000549316406,146.88999938964844,142.33999633789062,145.41000366210938,4625700
2022-06-10,126.99919128417969,141.9499969482422,143.14999389648438,139.4499969482422,140.88999938964844,6630800
2022-06-13,123.59944152832031,138.14999389648438,140.49000549316406,137.6300048828125,139.5,8549500
2022-06-14,119.74337768554688,133.83999633789062,137.5800018310547,132.5399932861328,137.50999450683594,9980200
2022-06-15,118.553466796875,132.50999450683594,134.89999389648438,129.5,134.44000244140625,12178100
2022-06-16,119.27818298339844,133.32000732421875,135.07000732421875,130.60000610351562,131.02999877929688,9683300
2022-06-17,118.41927337646484,132.36000061035156,134.25999450683594,131.42999267578125,132.55999755859375,17113300
2022-06-21,122.00691986083984,136.3699951171875,137.0,133.42999267578125,134.6199951171875,9017000
2022-06-22,123.91259765625,138.5,139.69000244140625,135.6699981689453,135.67999267578125,8374500
2022-06-23,127.31230926513672,142.3000030517578,142.47999572753906,138.89999389648438,139.0500030517578,6418300
2022-06-24,129.14646911621094,144.35000610351562,145.24000549316406,143.1199951171875,144.1999969482422,19440600
2022-06-27,128.1622772216797,143.25,144.75999450683594,142.7100067138672,144.1199951171875,5618500
2022-06-28,126.07767486572266,140.9199981689453,144.08999633789062,140.5800018310547,143.5399932861328,6077300
2022-06-29,127.22286224365234,142.1999969482422,142.86000061035156,141.14999389648438,141.60000610351562,5174600
2022-06-30,128.64541625976562,143.7899932861328,144.44000244140625,141.22999572753906,141.69000244140625,7410100
2022-07-01,130.72105407714844,146.11000061035156,146.25,143.39999389648438,144.24000549316406,5937200
2022-07-05,129.45957946777344,144.6999969482422,146.10000610351562,142.5399932861328,144.5800018310547,5760900
2022-07-06,130.6674041748047,146.0500030517578,147.49000549316406,144.97000122070312,145.50999450683594,5485200
2022-07-07,130.62265014648438,146.0,146.19000244140625,144.60000610351562,145.2899932861328,6623400
2022-07-08,129.74586486816406,145.02000427246094,146.80999755859375,144.57000732421875,145.99000549316406,4294200
2022-07-11,130.65846252441406,146.0399932861328,146.5800018310547,144.67999267578125,145.14999389648438,5482900
2022-07-12,129.50428771972656,144.75,146.9199981689453,144.3699951171875,145.86000061035156,5204400
2022-07-13,130.35423278808594,145.6999969482422,146.9600067138672,144.2100067138672,144.41000366210938,5075600
2022-07-14,129.9695281982422,145.27000427246094,145.52999877929688,143.47000122070312,143.75999450683594,4867000
2022-07-15,129.7906036376953,145.07000732421875,145.6999969482422,144.10000610351562,145.33999633789062,6264600
2022-07-18,128.2159423828125,143.30999755859375,145.08999633789062,143.1699981689453,144.94000244140625,6047500
2022-07-19,128.8690643310547,144.0399932861328,145.00999450683594,143.63999938964844,144.57000732421875,5943600
2022-07-20,126.64132690429688,141.5500030517578,144.22000122070312,140.63999938964844,144.0,8635300
2022-07-21,126.76110076904297,140.77000427246094,141.36000061035156,138.9499969482422,140.60000610351562,8310200
2022-07-22,128.78717041015625,143.02000427246094,143.1699981689453,140.6699981689453,140.75999450683594,5292700
2022-07-25,129.66065979003906,143.99000549316406,144.4199981689453,142.52999877929688,142.8000030517578,5262100
2022-07-26,129.9127655029297,144.27000427246094,144.49000549316406,141.7100067138672,142.69000244140625,5375700
2022-07-27,131.146484375,145.63999938964844,146.2100067138672,143.52999877929688,143.8800048828125,5500000
2022-07-28,133.32562255859375,148.05999755859375,148.61000061035156,145.0800018310547,146.13999938964844,7115700
2022-07-29,125.08621978759766,138.91000366210938,142.5,138.22999572753906,141.42999267578125,18694700
2022-08-01,128.67910766601562,142.89999389648438,143.94000244140625,138.27000427246094,138.33999633789062,12590000
2022-08-02,127.82365417480469,141.9499969482422,143.72000122070312,141.77000427246094,143.11000061035156,7495000
2022-08-03,130.4621124267578,144.8800048828125,145.27000427246094,140.91000366210938,141.66000366210938,6811000
2022-08-04,130.25497436523438,144.64999389648438,146.4600067138672,144.00999450683594,144.85000610351562,6124700
2022-08-05,130.31802368164062,144.72000122070312,144.83999633789062,142.77000427246094,143.75,4580300
2022-08-08,130.8132781982422,145.27000427246094,146.47000122070312,144.72999572753906,145.02999877929688,4486800
2022-08-09,130.50711059570312,144.92999267578125,145.94000244140625,144.49000549316406,145.57000732421875,3977300
2022-08-10,131.7407989501953,146.3000030517578,146.5,145.38999938964844,145.88999938964844,4641300
2022-08-11,130.80426025390625,145.25999450683594,147.2899932861328,144.92999267578125,146.80999755859375,5954300
2022-08-12,132.07398986816406,146.6699981689453,146.72999572753906,144.9600067138672,145.91000366210938,5038700
2022-08-15,133.77586364746094,148.55999755859375,148.77000427246094,146.75,146.8699951171875,6008000
2022-08-16,135.00955200195312,149.92999267578125,150.60000610351562,148.36000061035156,148.36000061035156,7093000
2022-08-17,134.3882293701172,149.24000549316406,149.75,148.8800048828125,149.10000610351562,4834600
2022-08-18,134.86544799804688,149.77000427246094,149.99000549316406,148.52000427246094,148.8699951171875,3829000
2022-08-19,134.82943725585938,149.72999572753906,150.6300048828125,148.72000122070312,149.2100067138672,6502500
2022-08-22,134.46922302246094,149.3300018310547,150.1300048828125,148.83999633789062,148.97999572753906,6380700
2022-08-23,131.87586975097656,146.4499969482422,148.44000244140625,145.8300018310547,148.42999267578125,5268200
2022-08-24,131.30856323242188,145.82000732421875,147.25999450683594,145.1199951171875,146.61000061035156,5903200
2022-08-25,131.20046997070312,145.6999969482422,145.77999877929688,144.49000549316406,145.22999572753906,5097600
2022-08-26,128.12982177734375,142.2899932861328,146.52999877929688,142.02000427246094,146.0,6086600
2022-08-29,127.58955383300781,141.69000244140625,142.69000244140625,141.02000427246094,141.3000030517578,5272100
2022-08-30,126.22978210449219,140.17999267578125,142.41000366210938,139.91000366210938,142.41000366210938,5203700
2022-08-31,124.21273803710938,137.94000244140625,140.8800048828125,137.86000061035156,140.39999389648438,8406900
2022-09-01,125.74351501464844,139.63999938964844,139.75999450683594,136.75999450683594,137.8300018310547,7446500
2022-09-02,123.51034545898438,137.16000366210938,141.14999389648438,136.5500030517578,140.4199981689453,7077800
2022-09-06,122.13262939453125,135.6300048828125,137.94000244140625,135.2899932861328,135.8800048828125,8217200
2022-09-07,123.9786148071289,137.67999267578125,137.75999450683594,136.02000427246094,136.02999877929688,6609400
2022-09-08,124.14067840576172,137.86000061035156,138.49000549316406,136.05999755859375,137.00999450683594,7380500
2022-09-09,126.03173065185547,139.9600067138672,141.08999633789062,137.3000030517578,137.9499969482422,6434300
2022-09-12,127.05826568603516,141.10000610351562,141.8000030517578,139.11000061035156,139.41000366210938,5818700
2022-09-13,124.4288558959961,138.17999267578125,141.42999267578125,137.86000061035156,140.77999877929688,6350200
2022-09-14,124.72599029541016,138.50999450683594,139.66000366210938,137.6699981689453,138.66000366210938,6137800
2022-09-15,123.7624740600586,137.44000244140625,138.88999938964844,136.63999938964844,138.77999877929688,5320700
2022-09-16,124.51888275146484,138.27999877929688,139.05999755859375,137.11000061035156,137.44000244140625,9321500
2022-09-19,124.25775146484375,137.99000549316406,138.4600067138672,137.22999572753906,138.1999969482422,6056000
2022-09-20,123.81653594970703,137.5,137.97000122070312,136.52999877929688,137.41000366210938,5589800
2022-09-21,122.22264099121094,135.72999572753906,138.1999969482422,135.7100067138672,138.0800018310547,6413900
2022-09-22,122.65489959716797,136.2100067138672,137.07000732421875,135.24000549316406,135.74000549316406,5061600
2022-09-23,122.08760833740234,135.5800018310547,136.5,133.9499969482422,135.67999267578125,6523600
2022-09-26,122.20464324951172,135.7100067138672,136.82000732421875,134.99000549316406,135.5800018310547,7396400
2022-09-27,118.84585571289062,131.97999572753906,136.94000244140625,131.7100067138672,135.9600067138672,7722200
2022-09-28,118.84585571289062,131.97999572753906,133.02000427246094,131.19000244140625,133.02000427246094,10455100
2022-09-29,115.89225769042969,128.6999969482422,131.8699951171875,128.25999450683594,131.8699951171875,7128500
2022-09-30,113.68608856201172,126.25,129.0399932861328,126.20999908447266,129.0,9431900
2022-10-03,115.72115325927734,128.50999450683594,129.10000610351562,126.68000030517578,127.25,8477700
2022-10-04,117.1529541015625,130.10000610351562,130.8699951171875,128.6999969482422,129.10000610351562,7211600
2022-10-05,116.34249877929688,129.1999969482422,130.08999633789062,128.08999633789062,129.1999969482422,5071100
2022-10-06,113.89317321777344,126.4800033569336,129.05999755859375,126.3499984741211,128.88999938964844,5530800
2022-10-07,111.90312194824219,124.2699966430664,126.58000183105469,123.76000213623047,126.5,6095400
2022-10-10,111.44386291503906,123.76000213623047,124.25,122.18000030517578,123.37000274658203,6923300
2022-10-11,111.86710357666016,124.2300033569336,125.69999694824219,123.5999984741211,123.69000244140625,5516200
2022-10-12,112.04718780517578,124.43000030517578,125.80999755859375,124.41000366210938,124.83999633789062,6823500
2022-10-13,113.74010467529297,126.30999755859375,126.75,122.91999816894531,123.51000213623047,6910500
2022-10-14,112.63249206542969,125.08000183105469,127.0199966430664,124.7699966430664,126.75,5516800
2022-10-17,114.6676025390625,127.33999633789062,128.27999877929688,125.86000061035156,126.01000213623047,6664600
2022-10-18,115.5950927734375,128.3699951171875,130.07000732421875,127.66000366210938,129.3300018310547,7114200
2022-10-19,116.66667938232422,129.55999755859375,133.0,129.50999450683594,131.63999938964844,9993700
2022-10-20,115.16397857666016,126.98999786376953,129.77000427246094,126.68000030517578,128.6199951171875,8168000
2022-10-21,116.60591888427734,128.5800018310547,128.9499969482422,126.4800033569336,126.54000091552734,6394600
2022-10-24,117.32233428955078,129.3699951171875,130.44000244140625,128.35000610351562,129.49000549316406,6946000
2022-10-25,118.673583984375,130.86000061035156,131.17999267578125,128.47000122070312,129.60000610351562,6776000
2022-10-26,119.5079345703125,131.77999877929688,132.57000732421875,130.39999389648438,130.64999389648438,6612800
2022-10-27,119.5986099243164,131.8800048828125,133.1199951171875,131.5,132.0,6676700
2022-10-28,122.62754821777344,135.22000122070312,135.50999450683594,132.9199981689453,133.1699981689453,6996400
2022-10-31,122.1287841796875,134.6699981689453,135.6699981689453,134.25999450683594,135.1999969482422,8346300
2022-11-01,122.31924438476562,134.8800048828125,136.27999877929688,133.83999633789062,134.6999969482422,6428300
2022-11-02,120.55989074707031,132.94000244140625,136.5399932861328,132.80999755859375,134.72000122070312,7318100
2022-11-03,119.73462677001953,132.02999877929688,132.63999938964844,130.9600067138672,131.72999572753906,5204000
2022-11-04,121.9201889038086,134.44000244140625,135.0,132.52000427246094,133.32000732421875,5555400
2022-11-07,123.78833770751953,136.5,137.19000244140625,135.05999755859375,135.35000610351562,6746800
2022-11-08,124.06951904296875,136.80999755859375,137.52000427246094,135.8000030517578,136.82000732421875,5266200
2022-11-09,123.77024841308594,136.47999572753906,137.97000122070312,136.33999633789062,136.8699951171875,5690700
2022-11-10,128.0325469970703,141.17999267578125,141.6300048828125,138.1999969482422,139.4600067138672,8068700
2022-11-11,127.84207916259766,140.97000122070312,141.6300048828125,139.11000061035156,141.1999969482422,7175200
2022-11-14,127.85115814208984,140.97999572753906,143.55999755859375,140.25999450683594,140.50999450683594,8516200
2022-11-15,127.40677642822266,140.49000549316406,143.1999969482422,139.6999969482422,142.08999633789062,7732400
2022-11-16,128.5403594970703,141.74000549316406,142.91000366210938,140.97999572753906,141.5,6193700
2022-11-17,127.75140380859375,140.8699951171875,141.69000244140625,139.86000061035156,141.11000061035156,5186300
2022-11-18,129.2930908203125,142.57000732421875,142.75999450683594,141.27000427246094,141.9199981689453,5671400
2022-11-21,130.9345245361328,144.3800048828125,145.19000244140625,142.8300018310547,143.05999755859375,6377200
2022-11-22,132.0590362548828,145.6199951171875,145.7899932861328,144.83999633789062,145.42999267578125,5372900
2022-11-23,132.81175231933594,146.4499969482422,146.6300048828125,145.57000732421875,145.89999389648438,4296000
2022-11-25,133.056640625,146.72000122070312,147.1999969482422,146.39999389648438,146.7899932861328,2411100
2022-11-28,132.9477996826172,146.60000610351562,147.33999633789062,146.13999938964844,146.38999938964844,6628200
2022-11-29,131.9320831298828,145.47999572753906,146.05999755859375,144.52999877929688,145.75,5634200
2022-11-30,135.26942443847656,149.16000366210938,149.16000366210938,145.1300048828125,145.64999389648438,12396800
2022-12-01,135.3510284423828,149.25,150.36000061035156,148.57000732421875,149.52999877929688,6927400
2022-12-02,136.58436584472656,150.61000061035156,150.77000427246094,148.0800018310547,148.47000122070312,4938300
2022-12-05,135.20590209960938,149.08999633789062,149.6699981689453,148.27000427246094,148.7100067138672,5402500
2022-12-06,135.37820434570312,149.27999877929688,150.0800018310547,148.27999877929688,149.72000122070312,6866700
2022-12-07,136.24879455566406,150.24000549316406,150.42999267578125,149.00999450683594,149.00999450683594,6175500
2022-12-08,137.22825622558594,151.32000732421875,151.3800048828125,149.00999450683594,149.4600067138672,5187100
2022-12-09,136.86546325683594,150.9199981689453,151.9499969482422,150.22000122070312,150.6999969482422,5868200
2022-12-12,138.27114868164062,152.47000122070312,152.55999755859375,151.0399932861328,151.22000122070312,6142400
2022-12-13,138.06259155273438,152.24000549316406,154.22999572753906,150.7899932861328,153.41000366210938,7680600
2022-12-14,138.60665893554688,152.83999633789062,154.44000244140625,152.1699981689453,152.7899932861328,7385600
2022-12-15,137.03781127929688,151.11000061035156,152.0,149.74000549316406,151.72000122070312,7117200
2022-12-16,136.43019104003906,150.44000244140625,151.07000732421875,149.02000427246094,150.36000061035156,19966400
2022-12-19,136.3939208984375,150.39999389648438,151.3800048828125,149.24000549316406,150.22000122070312,5881800
2022-12-20,136.44833374023438,150.4600067138672,150.89999389648438,149.27000427246094,149.32000732421875,5646100
2022-12-21,137.69979858398438,151.83999633789062,152.6300048828125,150.72000122070312,150.75,5024700
2022-12-22,138.0172119140625,152.19000244140625,152.41000366210938,150.8800048828125,151.1300048828125,5904900
2022-12-23,138.40716552734375,152.6199951171875,152.9199981689453,151.6699981689453,152.30999755859375,3401800
2022-12-27,139.6133270263672,153.9499969482422,154.32000732421875,152.66000366210938,152.6999969482422,4215100
2022-12-28,137.80865478515625,151.9600067138672,154.64999389648438,151.89999389648438,154.27999877929688,4197500
2022-12-29,138.37997436523438,152.58999633789062,153.24000549316406,152.13999938964844,152.80999755859375,3809100
2022-12-30,137.4458770751953,151.55999755859375,152.67999267578125,150.44000244140625,152.42999267578125,4532000
2023-01-03,137.45497131347656,151.57000732421875,151.7100067138672,149.1199951171875,150.9499969482422,6447300
2023-01-04,138.0535125732422,152.22999572753906,153.38999938964844,151.22999572753906,151.99000549316406,7313400
2023-01-05,136.3394775390625,150.33999633789062,152.47999572753906,150.1300048828125,152.2100067138672,5373800
2023-01-06,139.5861053466797,153.9199981689453,154.4600067138672,151.75,151.85000610351562,7882200
2023-01-09,137.88119506835938,152.0399932861328,154.8000030517578,152.0,153.44000244140625,5727000
2023-01-10,137.74517822265625,151.88999938964844,152.6999969482422,150.94000244140625,152.10000610351562,4716400
2023-01-11,136.62969970703125,150.66000366210938,152.55999755859375,149.35000610351562,152.32000732421875,8691300
2023-01-12,135.85885620117188,149.80999755859375,151.72999572753906,149.52000427246094,151.6999969482422,7801600
2023-01-13,136.8292236328125,150.8800048828125,151.0500030517578,149.4199981689453,149.61000061035156,5535800
2023-01-17,136.43019104003906,150.44000244140625,152.1300048828125,150.39999389648438,150.7899932861328,9611800
2023-01-18,132.7754669189453,146.41000366210938,149.92999267578125,146.0399932861328,149.66000366210938,10461200
2023-01-19,129.96751403808594,142.4199981689453,146.22000122070312,142.24000549316406,143.30999755859375,12683700
2023-01-20,130.4694366455078,142.97000122070312,143.14999389648438,140.14999389648438,142.32000732421875,8603300
2023-01-23,128.71731567382812,141.0500030517578,143.6999969482422,140.69000244140625,143.36000061035156,7473100
2023-01-24,129.4199981689453,141.82000732421875,142.3800048828125,139.80999755859375,140.69000244140625,6822500
2023-01-25,129.3287353515625,141.72000122070312,141.75,138.72999572753906,140.38999938964844,6902600
2023-01-26,128.8085479736328,141.14999389648438,141.74000549316406,140.74000549316406,141.72999572753906,5398600
2023-01-27,128.27928161621094,140.57000732421875,141.36000061035156,139.2899932861328,141.07000732421875,6870800
2023-01-30,128.6807861328125,141.00999450683594,142.1199951171875,140.27999877929688,140.9600067138672,6369300
2023-01-31,129.9310302734375,142.3800048828125,142.47000122070312,140.75999450683594,141.22999572753906,9373400
2023-02-01,130.6702117919922,143.19000244140625,144.10000610351562,141.35000610351562,142.0800018310547,7207900
2023-02-02,129.7393798828125,142.1699981689453,142.7100067138672,141.2100067138672,142.1699981689453,6444300
2023-02-03,130.1409454345703,142.61000061035156,143.3800048828125,141.1699981689453,142.77999877929688,5993100
2023-02-06,129.0366973876953,141.39999389648438,142.63999938964844,141.00999450683594,142.00999450683594,6108100
2023-02-07,127.77737426757812,140.02000427246094,140.7899932861328,138.77999877929688,139.97000122070312,6278300
2023-02-08,126.45415496826172,138.57000732421875,139.5399932861328,138.41000366210938,139.05999755859375,7123800
2023-02-09,125.0670394897461,137.0500030517578,139.3300018310547,137.0,138.8800048828125,6547400
2023-02-10,126.17127227783203,138.25999450683594,138.3000030517578,135.8300018310547,136.9499969482422,8108900
2023-02-13,127.82300567626953,140.07000732421875,140.4499969482422,138.74000549316406,138.94000244140625,5081600
2023-02-14,127.1020736694336,139.27999877929688,140.24000549316406,138.6199951171875,140.13999938964844,5253500
2023-02-15,126.81004333496094,138.9600067138672,139.32000732421875,138.07000732421875,139.11000061035156,5530300
2023-02-16,125.14918518066406,137.13999938964844,138.1999969482422,136.5500030517578,137.38999938964844,7595700
2023-02-17,127.76824951171875,140.00999450683594,140.0399932861328,136.58999633789062,136.58999633789062,8034700
2023-02-21,127.6769790649414,139.91000366210938,140.88999938964844,138.8699951171875,138.8699951171875,6899500
2023-02-22,128.2154083251953,140.5,141.5800018310547,139.8800048828125,139.97999572753906,6126300
2023-02-23,127.80474853515625,140.0500030517578,141.13999938964844,139.10000610351562,140.22999572753906,5835400
2023-02-24,127.08380889892578,139.25999450683594,139.42999267578125,138.0800018310547,138.92999267578125,5260700
2023-02-27,126.97430419921875,139.13999938964844,140.47000122070312,138.52999877929688,139.61000061035156,5820900
2023-02-28,125.532470703125,137.55999755859375,138.58999633789062,137.27999877929688,138.4499969482422,6709900
2023-03-01,125.62368774414062,137.66000366210938,138.3300018310547,136.50999450683594,138.0500030517578,7101800
2023-03-02,127.69520568847656,139.92999267578125,140.42999267578125,137.77999877929688,138.0,5924600
2023-03-03,128.62603759765625,140.9499969482422,141.24000549316406,139.97000122070312,141.19000244140625,5259400
2023-03-06,128.07852172851562,140.35000610351562,141.13999938964844,139.94000244140625,140.72999572753906,4943100
2023-03-07,125.532470703125,137.55999755859375,140.6199951171875,137.33999633789062,140.42999267578125,5606800
2023-03-08,125.55073547363281,137.5800018310547,137.69000244140625,136.60000610351562,137.1999969482422,5518800
2023-03-09,124.62903594970703,136.57000732421875,138.55999755859375,136.10000610351562,138.14999389648438,4467200
2023-03-10,125.19482421875,137.19000244140625,137.99000549316406,136.35000610351562,136.9499969482422,5928000
2023-03-13,126.06173706054688,138.13999938964844,141.32000732421875,137.0399932861328,137.0399932861328,8337100
2023-03-14,127.62223052978516,139.85000610351562,140.11000061035156,137.39999389648438,138.2899932861328,9219700
2023-03-15,129.42910766601562,141.8300018310547,142.14999389648438,138.80999755859375,138.80999755859375,8823500
2023-03-16,130.39642333984375,142.88999938964844,143.1199951171875,141.61000061035156,141.94000244140625,7063400
2023-03-17,130.4329071044922,142.92999267578125,143.38999938964844,141.52999877929688,142.5,16018800
2023-03-20,132.44056701660156,145.1300048828125,145.39999389648438,143.22999572753906,143.5,8379200
2023-03-21,131.48240661621094,144.0800018310547,145.22999572753906,142.83999633789062,144.91000366210938,7753200
2023-03-22,131.4002685546875,143.99000549316406,145.75,143.8300018310547,144.0399932861328,5729100
2023-03-23,131.2177276611328,143.7899932861328,145.1199951171875,143.19000244140625,144.24000549316406,5788400
2023-03-24,133.89158630371094,146.72000122070312,146.75999450683594,144.3000030517578,144.3000030517578,6144800
2023-03-27,133.1888427734375,145.9499969482422,147.4199981689453,145.8699951171875,146.88999938964844,5917200
2023-03-28,133.56304931640625,146.36000061035156,146.82000732421875,145.8000030517578,146.5500030517578,4213800
2023-03-29,133.9737091064453,146.80999755859375,147.2899932861328,146.25999450683594,147.0800018310547,4987700
2023-03-30,134.55772399902344,147.4499969482422,147.5399932861328,146.3000030517578,146.9199981689453,4117700
2023-03-31,135.68930053710938,148.69000244140625,148.69000244140625,147.57000732421875,147.74000549316406,7685900
2023-04-03,136.43763732910156,149.50999450683594,150.07000732421875,147.08999633789062,148.42999267578125,5721700
2023-04-04,137.09463500976562,150.22999572753906,151.7100067138672,150.0800018310547,150.0800018310547,6714300
2023-04-05,138.03460693359375,151.25999450683594,152.35000610351562,151.14999389648438,151.3300018310547,6094800
2023-04-06,138.91065979003906,152.22000122070312,152.9600067138672,151.4199981689453,151.8699951171875,5399700
2023-04-10,137.76084899902344,150.9600067138672,151.6699981689453,149.50999450683594,151.64999389648438,4891800
2023-04-11,137.487060546875,150.66000366210938,151.44000244140625,150.52000427246094,151.25999450683594,6311800
2023-04-12,137.8612060546875,151.07000732421875,152.41000366210938,149.92999267578125,150.30999755859375,6137900
2023-04-13,138.5,151.77000427246094,151.8699951171875,149.82000732421875,150.89999389648438,5489500
2023-04-14,137.7973175048828,151.0,151.58999633789062,150.50999450683594,151.35000610351562,4478800
2023-04-17,137.84298706054688,151.0500030517578,151.47000122070312,150.33999633789062,151.1699981689453,4296400
2023-04-18,137.9889678955078,151.2100067138672,151.58999633789062,150.10000610351562,150.97999572753906,4158400
2023-04-19,138.01634216308594,151.24000549316406,151.89999389648438,150.7100067138672,151.1699981689453,3837600
2023-04-20,138.52232360839844,150.85000610351562,151.36000061035156,150.3699951171875,150.3699951171875,5370900
2023-04-21,143.3157501220703,156.07000732421875,158.11000061035156,154.5,154.94000244140625,14876900
2023-04-24,143.5728759765625,156.35000610351562,157.25,155.22000122070312,155.22000122070312,8109800
2023-04-25,143.60955810546875,156.38999938964844,157.94000244140625,155.7899932861328,156.50999450683594,8341800
2023-04-26,141.94749450683594,154.5800018310547,156.0,154.33999633789062,155.3000030517578,4843700
2023-04-27,143.6830596923828,156.47000122070312,156.61000061035156,155.00999450683594,155.3000030517578,4805600
2023-04-28,143.6003875732422,156.3800048828125,157.3699951171875,155.75999450683594,156.27999877929688,5754700
2023-05-01,143.77488708496094,156.57000732421875,157.39999389648438,155.8000030517578,156.02999877929688,3844600
2023-05-02,143.6463165283203,156.42999267578125,156.92999267578125,155.6699981689453,156.58999633789062,5262900
2023-05-03,143.462646484375,156.22999572753906,157.57000732421875,155.42999267578125,156.63999938964844,5775000
2023-05-04,142.80148315429688,155.50999450683594,156.60000610351562,155.08999633789062,156.10000610351562,4892600
2023-05-05,143.27899169921875,156.02999877929688,156.30999755859375,154.69000244140625,155.39999389648438,3989200
2023-05-08,142.60865783691406,155.3000030517578,155.72999572753906,154.8699951171875,155.35000610351562,4950700
2023-05-09,141.1486053466797,153.7100067138672,155.97999572753906,153.5800018310547,155.85000610351562,4472100
2023-05-10,141.44244384765625,154.02999877929688,154.32000732421875,152.44000244140625,153.4499969482422,4754900
2023-05-11,141.77301025390625,154.38999938964844,154.88999938964844,153.38999938964844,154.80999755859375,3495300
2023-05-12,143.2147216796875,155.9600067138672,156.0500030517578,154.38999938964844,154.6999969482422,5252900
2023-05-15,143.26063537597656,156.00999450683594,156.75,154.63999938964844,156.61000061035156,5414900
2023-05-16,143.01271057128906,155.74000549316406,156.9199981689453,154.92999267578125,155.8699951171875,5591500
2023-05-17,142.4066619873047,155.0800018310547,156.55999755859375,153.89999389648438,156.25999450683594,4286900
2023-05-18,140.06503295898438,152.52999877929688,153.64999389648438,151.60000610351562,153.30999755859375,6997600
2023-05-19,140.6527557373047,153.1699981689453,153.32000732421875,151.83999633789062,152.47000122070312,4754100
2023-05-22,136.97039794921875,149.16000366210938,152.60000610351562,148.8300018310547,152.5,7876200
2023-05-23,135.4920196533203,147.5500030517578,148.8800048828125,147.07000732421875,148.7899932861328,6116000
2023-05-24,134.37168884277344,146.3300018310547,148.1999969482422,146.08999633789062,147.58999633789062,5755400
2023-05-25,133.50851440429688,145.38999938964844,146.2100067138672,144.35000610351562,145.49000549316406,6510300
2023-05-26,133.5177001953125,145.39999389648438,146.00999450683594,144.72999572753906,145.3300018310547,4716400
2023-05-30,131.47911071777344,143.17999267578125,144.0399932861328,142.35000610351562,143.86000061035156,5561000
2023-05-31,130.8546905517578,142.5,143.97999572753906,141.89999389648438,143.16000366210938,19854800
2023-06-01,132.1953887939453,143.9600067138672,144.1199951171875,142.4499969482422,143.25,6091100
2023-06-02,134.54617309570312,146.52000427246094,146.67999267578125,144.38999938964844,144.50999450683594,6124400
2023-06-05,134.0135955810547,145.94000244140625,147.85000610351562,145.72999572753906,146.0500030517578,4753700
2023-06-06,132.68206787109375,144.49000549316406,146.30999755859375,143.5500030517578,146.07000732421875,4635900
2023-06-07,132.9667205810547,144.8000030517578,145.1199951171875,143.47000122070312,144.00999450683594,6194400
2023-06-08,134.4727325439453,146.44000244140625,146.64999389648438,144.9199981689453,145.33999633789062,4863700
2023-06-09,134.58291625976562,146.55999755859375,146.77999877929688,144.72999572753906,145.67999267578125,5569500
2023-06-12,133.52688598632812,145.41000366210938,147.00999450683594,144.5500030517578,147.0,5354000
2023-06-13,133.20550537109375,145.05999755859375,145.67999267578125,144.27999877929688,144.50999450683594,5321200
2023-06-14,134.454345703125,146.4199981689453,146.88999938964844,144.8300018310547,145.30999755859375,5693300
2023-06-15,136.3184356689453,148.4499969482422,148.97000122070312,146.5399932861328,147.1699981689453,5863000
2023-06-16,137.31939697265625,149.5399932861328,150.08999633789062,148.89999389648438,148.9199981689453,11244900
2023-06-20,136.05215454101562,148.16000366210938,150.27999877929688,148.11000061035156,149.75,5340700
2023-06-21,137.22755432128906,149.44000244140625,149.60000610351562,147.8699951171875,148.25999450683594,4649700
2023-06-22,137.6958770751953,149.9499969482422,151.10000610351562,149.47999572753906,150.35000610351562,6666800
2023-06-23,136.32762145996094,148.4600067138672,150.52999877929688,147.9600067138672,150.25,13843300
2023-06-26,136.4653778076172,148.61000061035156,148.97000122070312,146.72000122070312,148.10000610351562,4353100
2023-06-27,137.7601318359375,150.02000427246094,150.1699981689453,148.38999938964844,148.44000244140625,5445400
2023-06-28,137.73260498046875,149.99000549316406,150.3000030517578,147.9600067138672,149.3300018310547,6733300
2023-06-29,137.1724395751953,149.3800048828125,149.6999969482422,147.10000610351562,148.47999572753906,7343000
2023-06-30,139.339599609375,151.74000549316406,152.07000732421875,149.7899932861328,149.8300018310547,7058300
2023-07-03,140.03749084472656,152.5,152.52999877929688,150.47000122070312,151.47999572753906,3996100
2023-07-05,139.79872131347656,152.24000549316406,152.4600067138672,151.44000244140625,151.6300048828125,8279800
2023-07-06,139.56915283203125,151.99000549316406,152.19000244140625,150.75999450683594,151.1999969482422,7958300
2023-07-07,136.63986206054688,148.8000030517578,151.9199981689453,148.75,151.7100067138672,9169500
2023-07-10,136.69496154785156,148.86000061035156,150.32000732421875,148.74000549316406,148.94000244140625,5529200
2023-07-11,135.97869873046875,148.0800018310547,149.0500030517578,146.9600067138672,148.72999572753906,5150300
2023-07-12,136.68576049804688,148.85000610351562,149.39999389648438,147.63999938964844,148.02999877929688,6764600
2023-07-13,136.77757263183594,148.9499969482422,149.52000427246094,148.1999969482422,149.0,5561400
2023-07-14,137.7876739501953,150.0500030517578,150.6300048828125,148.72999572753906,149.27000427246094,6128900
2023-07-17,136.8143310546875,148.99000549316406,150.16000366210938,148.97000122070312,149.64999389648438,4625300
2023-07-18,137.07142639160156,149.27000427246094,150.47999572753906,148.3800048828125,148.63999938964844,5351200
2023-07-19,138.00807189941406,150.2899932861328,150.82000732421875,148.86000061035156,149.5500030517578,6203600
2023-07-20,139.12709045410156,150.55999755859375,150.75,148.13999938964844,149.5500030517578,6445400
2023-07-21,141.3171844482422,152.92999267578125,153.6699981689453,150.6999969482422,151.14999389648438,9938400
2023-07-24,141.7699432373047,153.4199981689453,153.9499969482422,152.3000030517578,152.83999633789062,5549500
2023-07-25,142.10260009765625,153.77999877929688,153.86000061035156,152.4499969482422,153.47999572753906,5883800
2023-07-26,142.25047302246094,153.94000244140625,154.83999633789062,152.88999938964844,153.1199951171875,7013800
2023-07-27,140.55943298339844,152.11000061035156,154.60000610351562,151.9199981689453,154.16000366210938,7191600
2023-07-28,144.53286743164062,156.41000366210938,157.47999572753906,154.60000610351562,154.66000366210938,9397300
2023-07-31,144.4312744140625,156.3000030517578,157.67999267578125,155.05999755859375,156.39999389648438,7955200
2023-08-01,144.38504028320312,156.25,157.1699981689453,155.8699951171875,155.8800048828125,5718800
2023-08-02,144.69923400878906,156.58999633789062,157.72999572753906,155.97000122070312,155.97000122070312,5636000
2023-08-03,145.07810974121094,157.0,157.6999969482422,156.2100067138672,156.75999450683594,5792700
2023-08-04,143.48870849609375,155.27999877929688,157.72999572753906,155.14999389648438,157.42999267578125,4785900
2023-08-07,145.00416564941406,156.9199981689453,157.14999389648438,155.49000549316406,155.6699981689453,4107400
2023-08-08,145.16127014160156,157.08999633789062,157.6300048828125,156.52999877929688,157.27999877929688,4625500
2023-08-09,144.9764404296875,156.88999938964844,158.08999633789062,156.77000427246094,157.30999755859375,4293200
2023-08-10,144.25567626953125,156.11000061035156,158.3800048828125,155.8000030517578,157.1699981689453,4307800
2023-08-11,145.0965576171875,157.02000427246094,157.4600067138672,155.7899932861328,156.42999267578125,3862300
2023-08-14,143.95994567871094,155.7899932861328,157.52999877929688,155.5,157.1300048828125,4297600
2023-08-15,143.03590393066406,154.7899932861328,155.97000122070312,154.4600067138672,155.7899932861328,6921100
2023-08-16,141.57591247558594,153.2100067138672,155.72999572753906,152.8699951171875,154.75999450683594,6356800
2023-08-17,140.55943298339844,152.11000061035156,153.55999755859375,151.7899932861328,153.2100067138672,6419500
2023-08-18,140.95675659179688,152.5399932861328,152.88999938964844,151.1699981689453,151.6199951171875,5448200
2023-08-21,140.2452392578125,151.77000427246094,152.77999877929688,151.25999450683594,152.08999633789062,4504700
2023-08-22,140.3007049560547,151.8300018310547,152.14999389648438,150.92999267578125,151.4199981689453,4195600
2023-08-23,141.61288452148438,153.25,153.47999572753906,152.47000122070312,152.47000122070312,4522500
2023-08-24,140.95675659179688,152.5399932861328,154.67999267578125,152.47999572753906,152.5500030517578,4088900
2023-08-25,141.880859375,153.5399932861328,154.0800018310547,152.4600067138672,153.39999389648438,3541500
2023-08-28,142.10260009765625,153.77999877929688,154.3699951171875,153.0500030517578,153.7100067138672,3614700
2023-08-29,142.185791015625,153.8699951171875,154.0399932861328,152.02999877929688,153.9499969482422,4034600
2023-08-30,142.3428497314453,154.0399932861328,154.8699951171875,153.7100067138672,154.10000610351562,3712200
2023-08-31,142.6200714111328,154.33999633789062,155.16000366210938,153.8300018310547,154.1199951171875,5451400
2023-09-01,142.7771759033203,154.50999450683594,155.27999877929688,153.55999755859375,154.89999389648438,4126300
2023-09-05,140.86439514160156,152.44000244140625,154.85000610351562,152.39999389648438,153.8000030517578,5097000
2023-09-06,140.58712768554688,152.13999938964844,152.4499969482422,151.5399932861328,152.2899932861328,3877400
2023-09-07,141.92703247070312,153.58999633789062,154.19000244140625,152.3699951171875,152.49000549316406,4824800
2023-09-08,141.3171844482422,152.92999267578125,153.4600067138672,152.35000610351562,153.4199981689453,3384700
2023-09-11,142.99893188476562,154.75,155.10000610351562,153.0800018310547,153.3300018310547,4288500
2023-09-12,140.48548889160156,152.02999877929688,155.14999389648438,151.57000732421875,154.99000549316406,4537800
2023-09-13,141.46502685546875,153.08999633789062,153.58999633789062,151.66000366210938,151.97999572753906,4040600
2023-09-14,143.01744079589844,154.77000427246094,154.9199981689453,153.3699951171875,153.85000610351562,4606800
2023-09-15,141.81613159179688,153.47000122070312,155.32000732421875,153.22999572753906,154.02999877929688,10262400
2023-09-18,142.35208129882812,154.0500030517578,154.47999572753906,153.50999450683594,154.4499969482422,3536500
2023-09-19,141.936279296875,153.60000610351562,154.05999755859375,151.74000549316406,153.75,4704200
2023-09-20,141.81613159179688,153.47000122070312,154.77999877929688,153.36000061035156,153.77000427246094,5446400
2023-09-21,140.58712768554688,152.13999938964844,153.7100067138672,152.07000732421875,153.4499969482422,5096400
2023-09-22,140.06967163085938,151.5800018310547,153.33999633789062,151.3800048828125,152.44000244140625,6327000
2023-09-25,139.2195281982422,150.66000366210938,151.27999877929688,150.02000427246094,151.17999267578125,5527000
2023-09-26,137.98129272460938,149.32000732421875,150.36000061035156,148.7899932861328,149.97999572753906,6366500
2023-09-27,136.151611328125,147.33999633789062,149.6999969482422,146.6300048828125,149.4199981689453,5403700
2023-09-28,135.2275848388672,146.33999633789062,147.97999572753906,145.67999267578125,147.82000732421875,6237100
2023-09-29,134.7840118408203,145.86000061035156,146.77000427246094,144.82000732421875,146.5399932861328,6683300
2023-10-02,134.16488647460938,145.19000244140625,145.60000610351562,143.89999389648438,144.77999877929688,5153800
2023-10-03,134.442138671875,145.49000549316406,146.49000549316406,145.00999450683594,145.1699981689453,4670600
2023-10-04,134.88565063476562,145.97000122070312,146.30999755859375,144.92999267578125,145.58999633789062,4727800
2023-10-05,132.8804473876953,143.8000030517578,146.08999633789062,143.69000244140625,145.67999267578125,5205700
2023-10-06,133.1484375,144.08999633789062,144.55999755859375,141.4499969482422,143.60000610351562,7406700
2023-10-09,132.47384643554688,143.36000061035156,143.97000122070312,141.60000610351562,143.36000061035156,5062200
2023-10-10,133.78602600097656,144.77999877929688,145.22000122070312,143.72000122070312,143.97999572753906,5988900
2023-10-11,132.1411895751953,143.0,145.55999755859375,142.55999755859375,145.13999938964844,5469100
2023-10-12,132.43690490722656,143.32000732421875,143.92999267578125,141.66000366210938,142.7899932861328,5965600
2023-10-13,133.70285034179688,144.69000244140625,145.02999877929688,143.19000244140625,143.19000244140625,7078900
2023-10-16,134.9781036376953,146.07000732421875,147.05999755859375,145.4600067138672,145.86000061035156,6509800
2023-10-17,135.15365600585938,146.25999450683594,146.82000732421875,145.24000549316406,146.11000061035156,6160100
2023-10-18,138.6373748779297,150.02999877929688,151.3000030517578,148.77000427246094,150.05999755859375,10508500
2023-10-19,137.85719299316406,148.25,150.27999877929688,147.17999267578125,149.61000061035156,8146000
2023-10-20,137.6712188720703,148.0500030517578,149.8800048828125,147.9199981689453,149.0500030517578,7284200
2023-10-23,137.76417541503906,148.14999389648438,149.5,147.55999755859375,147.86000061035156,5981800
2023-10-24,139.3914794921875,149.89999389648438,150.07000732421875,148.07000732421875,148.1199951171875,6322000
2023-10-25,140.04246520996094,150.60000610351562,151.19000244140625,149.1199951171875,149.63999938964844,6172900
2023-10-26,139.29852294921875,149.8000030517578,151.3800048828125,149.74000549316406,151.0500030517578,7582100
2023-10-27,136.84361267089844,147.16000366210938,149.9499969482422,146.27999877929688,148.97999572753906,8131800
2023-10-30,138.79637145996094,149.25999450683594,149.5500030517578,147.5399932861328,147.89999389648438,5412800
2023-10-31,139.51239013671875,150.02999877929688,150.25999450683594,148.63999938964844,149.4600067138672,6762100
2023-11-01,139.1218719482422,149.61000061035156,150.67999267578125,149.2100067138672,150.67999267578125,5896900
2023-11-02,140.82354736328125,151.44000244140625,151.64999389648438,148.91000366210938,149.5399932861328,5859200
2023-11-03,139.54959106445312,150.07000732421875,152.2899932861328,149.6199951171875,151.7899932861328,6587700
2023-11-06,140.35861206054688,150.94000244140625,151.25,150.10000610351562,150.36000061035156,6480800
2023-11-07,140.03317260742188,150.58999633789062,151.25,150.1199951171875,150.9199981689453,6003800
2023-11-08,139.4938201904297,150.00999450683594,151.1999969482422,149.50999450683594,150.9600067138672,4832600
2023-11-09,139.80996704101562,150.35000610351562,150.35000610351562,149.1199951171875,149.74000549316406,6581500
2023-11-10,140.795654296875,151.41000366210938,151.44000244140625,149.9199981689453,150.83999633789062,5387200
2023-11-13,141.77206420898438,152.4600067138672,152.89999389648438,151.4499969482422,151.4499969482422,6297500
2023-11-14,141.45587158203125,152.1199951171875,153.5,151.67999267578125,152.5500030517578,7982600
2023-11-15,140.80496215820312,151.4199981689453,152.38999938964844,150.3800048828125,152.05999755859375,7672600
2023-11-16,142.11610412597656,152.8300018310547,152.88999938964844,151.30999755859375,151.99000549316406,7590500
2023-11-17,140.47950744628906,151.07000732421875,152.83999633789062,150.88999938964844,152.72000122070312,8495600
2023-11-20,139.73558044433594,150.27000427246094,151.02999877929688,149.66000366210938,150.2100067138672,6856500
2023-11-21,139.1218719482422,149.61000061035156,150.00999450683594,148.8300018310547,149.85000610351562,7310400
2023-11-22,140.43301391601562,151.02000427246094,151.47999572753906,150.10000610351562,150.10000610351562,4372700
2023-11-24,140.7677459716797,151.3800048828125,151.74000549316406,151.02999877929688,151.17999267578125,2132500
2023-11-27,140.6375732421875,151.24000549316406,151.63999938964844,150.74000549316406,151.52000427246094,6021300
2023-11-28,141.6139678955078,152.2899932861328,152.77000427246094,151.14999389648438,151.14999389648438,6110400
2023-11-29,140.5352783203125,151.1300048828125,152.4499969482422,150.99000549316406,152.2899932861328,5342700
2023-11-30,142.7577362060547,153.52000427246094,153.6300048828125,150.0800018310547,150.89999389648438,9771300
2023-12-01,141.9580535888672,152.66000366210938,153.49000549316406,152.22999572753906,153.3300018310547,5685400
2023-12-04,141.4001007080078,152.05999755859375,152.52999877929688,151.66000366210938,151.77000427246094,6578300
2023-12-05,136.4716339111328,146.75999450683594,152.61000061035156,146.17999267578125,152.13999938964844,11895800
2023-12-06,136.3693389892578,146.64999389648438,147.16000366210938,145.63999938964844,147.00999450683594,7610000
2023-12-07,136.2298583984375,146.5,147.10000610351562,146.02000427246094,146.57000732421875,6119600
2023-12-08,134.9744873046875,145.14999389648438,146.24000549316406,144.52000427246094,145.9199981689453,6385300
2023-12-11,135.5975341796875,145.82000732421875,145.8699951171875,144.64999389648438,144.8000030517578,8471200
2023-12-12,135.70913696289062,145.94000244140625,146.22999572753906,145.0800018310547,145.86000061035156,6069200
2023-12-13,138.16403198242188,148.5800018310547,148.64999389648438,145.4499969482422,145.86000061035156,9055500
2023-12-14,134.51885986328125,144.66000366210938,148.5500030517578,144.3800048828125,148.4600067138672,10565200
2023-12-15,133.86793518066406,143.9600067138672,144.25,142.5,143.17999267578125,14550000
2023-12-18,135.92300415039062,146.1699981689453,147.49000549316406,144.14999389648438,144.1699981689453,8421800
2023-12-19,135.92300415039062,146.1699981689453,146.33999633789062,145.38999938964844,145.6699981689453,5233600
2023-12-20,133.82144165039062,143.91000366210938,146.07000732421875,143.83999633789062,145.57000732421875,7663800
2023-12-21,134.1468963623047,144.25999450683594,144.7899932861328,143.1300048828125,144.52000427246094,6104700
2023-12-22,135.09536743164062,145.27999877929688,145.6300048828125,144.2899932861328,144.5,4413800
2023-12-26,135.70913696289062,145.94000244140625,146.1699981689453,144.97000122070312,145.08999633789062,3634900
2023-12-27,135.82070922851562,146.05999755859375,146.30999755859375,145.36000061035156,145.64999389648438,4569400
2023-12-28,135.51385498046875,145.72999572753906,146.00999450683594,145.0399932861328,146.0,5023000
2023-12-29,136.26705932617188,146.5399932861328,146.9600067138672,145.72999572753906,146.0,5300900
2024-01-02,138.3128662109375,148.74000549316406,149.41000366210938,146.30999755859375,146.36000061035156,7238400
2024-01-03,137.47592163085938,147.83999633789062,149.1999969482422,147.17999267578125,148.33999633789062,7697500
2024-01-04,138.2291259765625,148.64999389648438,149.27000427246094,147.77000427246094,148.0500030517578,7067400
2024-01-05,137.08535766601562,147.4199981689453,148.8699951171875,146.5500030517578,148.72000122070312,5294200
2024-01-08,138.26634216308594,148.69000244140625,148.9199981689453,147.64999389648438,147.91000366210938,8255300
2024-01-09,138.83358764648438,149.3000030517578,149.39999389648438,148.0500030517578,148.57000732421875,9786800
2024-01-10,139.4287109375,149.94000244140625,150.0,149.25999450683594,149.35000610351562,8591100
2024-01-11,139.958740234375,150.50999450683594,150.8000030517578,149.2899932861328,150.0500030517578,6659400
2024-01-12,140.04246520996094,150.60000610351562,151.3000030517578,149.88999938964844,150.9499969482422,5684700
2024-01-16,139.2892303466797,149.7899932861328,151.5,148.8800048828125,150.14999389648438,8120100
2024-01-17,139.4287109375,149.94000244140625,150.60000610351562,149.00999450683594,149.16000366210938,6541400
2024-01-18,138.62489318847656,148.13999938964844,148.39999389648438,146.9199981689453,148.22999572753906,6526200
2024-01-19,138.0915069580078,147.57000732421875,148.6199951171875,147.30999755859375,148.25,7848100
2024-01-22,138.3628692626953,147.86000061035156,148.2100067138672,146.27999877929688,146.97000122070312,11084100
2024-01-23,144.08978271484375,153.97999572753906,156.39999389648438,152.88999938964844,153.11000061035156,19101600
2024-01-24,142.34922790527344,152.1199951171875,154.22999572753906,152.08999633789062,153.92999267578125,11592700
2024-01-25,145.62442016601562,155.6199951171875,155.66000366210938,152.05999755859375,152.39999389648438,10352500
2024-01-26,146.1110382080078,156.13999938964844,156.16000366210938,155.33999633789062,155.80999755859375,8356600
2024-01-29,146.1297607421875,156.16000366210938,157.3300018310547,155.39999389648438,156.67999267578125,8987400
2024-01-30,147.3743438720703,157.49000549316406,157.9199981689453,155.82000732421875,156.33999633789062,7794700
2024-01-31,147.04681396484375,157.13999938964844,158.5,156.6999969482422,157.99000549316406,8870000
2024-02-01,148.9557647705078,159.17999267578125,159.3000030517578,156.6199951171875,156.77000427246094,7601100
2024-02-02,147.93576049804688,158.08999633789062,159.60000610351562,157.52999877929688,158.97000122070312,7937700
2024-02-05,148.04811096191406,158.2100067138672,159.0,157.55999755859375,158.1699981689453,6931900
2024-02-06,148.74990844726562,158.9600067138672,159.07000732421875,157.8699951171875,158.30999755859375,6185400
2024-02-07,148.89964294433594,159.1199951171875,159.8300018310547,158.74000549316406,159.10000610351562,7209300
2024-02-08,148.45046997070312,158.63999938964844,159.10000610351562,157.77000427246094,158.8000030517578,6121600
2024-02-09,147.30882263183594,157.4199981689453,158.33999633789062,156.9600067138672,158.25999450683594,5978000
2024-02-12,147.01873779296875,157.11000061035156,157.61000061035156,155.49000549316406,157.36000061035156,5482000
2024-02-13,146.23269653320312,156.27000427246094,158.97000122070312,155.47999572753906,157.75,6046800
2024-02-14,145.63377380371094,155.6300048828125,156.16000366210938,154.91000366210938,156.16000366210938,5727300
2024-02-15,146.92515563964844,157.00999450683594,157.4199981689453,156.14999389648438,156.3000030517578,6249200
2024-02-16,147.39305114746094,157.50999450683594,158.4499969482422,156.6699981689453,157.0399932861328,6617600
2024-02-20,148.3288116455078,158.50999450683594,159.7899932861328,158.1300048828125,158.6999969482422,6622100
2024-02-21,150.09742736816406,160.39999389648438,160.39999389648438,159.19000244140625,159.19000244140625,7121000
2024-02-22,150.2471466064453,160.55999755859375,161.08999633789062,158.6300048828125,159.4600067138672,6619500
2024-02-23,150.68695068359375,161.02999877929688,161.74000549316406,160.16000366210938,160.60000610351562,5486500
2024-02-26,149.9290008544922,160.22000122070312,161.1699981689453,160.07000732421875,161.02999877929688,4531900
2024-02-27,149.06805419921875,159.3000030517578,159.8000030517578,158.9600067138672,159.41000366210938,3868200
2024-02-28,149.76988220214844,160.0500030517578,160.1199951171875,158.63999938964844,159.07000732421875,3802900
2024-02-29,148.73118591308594,158.94000244140625,160.11000061035156,158.17999267578125,159.92999267578125,8348100
2024-03-01,148.64698791503906,158.85000610351562,159.02999877929688,157.61000061035156,158.0500030517578,4819800
2024-03-04,149.3113555908203,159.55999755859375,159.75999450683594,157.6699981689453,157.74000549316406,3841600
2024-03-05,149.0867919921875,159.32000732421875,159.99000549316406,158.77999877929688,159.4600067138672,4481600
2024-03-06,149.3207244873047,159.57000732421875,159.99000549316406,158.91000366210938,159.67999267578125,5405700
2024-03-07,150.3032989501953,160.6199951171875,160.91000366210938,159.47000122070312,159.9499969482422,4783900
2024-03-08,150.05062866210938,160.35000610351562,161.25,158.2899932861328,159.85000610351562,5080200
2024-03-11,151.17356872558594,161.5500030517578,162.6199951171875,160.82000732421875,161.33999633789062,5170900
2024-03-12,151.52914428710938,161.92999267578125,162.52000427246094,161.22999572753906,161.82000732421875,4229100
2024-03-13,151.87539672851562,162.3000030517578,162.72999572753906,161.3300018310547,162.3800048828125,5410500
2024-03-14,151.12677001953125,161.5,162.6199951171875,161.1300048828125,162.24000549316406,5848100
2024-03-15,151.0144805908203,161.3800048828125,161.5,160.3000030517578,160.6999969482422,10956900
2024-03-18,150.8553924560547,161.2100067138672,162.72000122070312,161.0,161.47999572753906,6086300
2024-03-19,151.43556213378906,161.8300018310547,162.1699981689453,161.1699981689453,161.8000030517578,6148100
2024-03-20,151.5852813720703,161.99000549316406,162.39999389648438,161.47000122070312,162.00999450683594,4870300
2024-03-21,151.46365356445312,161.86000061035156,162.4600067138672,161.1199951171875,162.08999633789062,5211500
2024-03-22,151.2764892578125,161.66000366210938,162.41000366210938,161.47000122070312,162.1999969482422,6393200
2024-03-25,149.9009246826172,160.19000244140625,161.66000366210938,159.72999572753906,161.1699981689453,7145600
2024-03-26,150.23776245117188,160.5500030517578,161.13999938964844,160.13999938964844,160.36000061035156,5842700
2024-03-27,152.16546630859375,162.61000061035156,162.74000549316406,161.33999633789062,161.36000061035156,6599700
2024-03-28,151.8285675048828,162.25,163.13999938964844,161.6999969482422,162.82000732421875,7191500
2024-04-01,150.26585388183594,160.5800018310547,162.07000732421875,159.8000030517578,161.77999877929688,5971900
2024-04-02,150.25650024414062,160.57000732421875,160.7100067138672,159.63999938964844,159.63999938964844,6771200
2024-04-03,146.12039184570312,156.14999389648438,160.8800048828125,155.67999267578125,160.6300048828125,9601800
2024-04-04,145.46536254882812,155.4499969482422,157.0800018310547,155.41000366210938,156.8800048828125,6801700
2024-04-05,146.07359313964844,156.10000610351562,157.05999755859375,154.69000244140625,155.2899932861328,5121200
2024-04-08,146.0174560546875,156.0399932861328,156.6999969482422,155.6300048828125,155.97000122070312,5476800
2024-04-09,146.59764099121094,156.66000366210938,156.75,155.6999969482422,156.27000427246094,4608100
2024-04-10,147.14039611816406,157.24000549316406,157.5800018310547,155.64999389648438,155.64999389648438,7784900
2024-04-11,145.83030700683594,155.83999633789062,157.60000610351562,155.77000427246094,157.5500030517578,8209800
2024-04-12,145.35305786132812,155.3300018310547,155.97000122070312,154.74000549316406,155.22000122070312,6770500
2024-04-15,145.46536254882812,155.4499969482422,156.82000732421875,155.3300018310547,156.4199981689453,5754000
2024-04-16,145.93324279785156,155.9499969482422,156.94000244140625,155.6699981689453,155.85000610351562,6103300
2024-04-17,146.8783721923828,156.9600067138672,157.1199951171875,155.74000549316406,156.3000030517578,6621900
2024-04-18,148.1375732421875,157.2899932861328,157.6300048828125,155.9600067138672,156.33999633789062,7819300
2024-04-19,148.93812561035156,158.13999938964844,158.17999267578125,153.52000427246094,154.97999572753906,12034200
2024-04-22,151.1984405517578,160.5399932861328,161.2899932861328,157.25,158.42999267578125,8926300
2024-04-23,152.10260009765625,161.5,162.10000610351562,160.4199981689453,161.67999267578125,7707300
2024-04-24,153.13861083984375,162.60000610351562,162.86000061035156,159.4199981689453,161.1999969482422,7217600
2024-04-25,153.0915069580078,162.5500030517578,164.32000732421875,162.0800018310547,162.97000122070312,7094600
2024-04-26,151.9048309326172,161.2899932861328,163.32000732421875,160.49000549316406,162.5,5659800
2024-04-29,152.25328063964844,161.66000366210938,161.7899932861328,160.41000366210938,161.1699981689453,4621000
2024-04-30,153.70367431640625,163.1999969482422,163.35000610351562,161.60000610351562,161.83999633789062,8106100
2024-05-01,153.8920440673828,163.39999389648438,164.24000549316406,162.22000122070312,163.27999877929688,7543000
2024-05-02,154.30642700195312,163.83999633789062,164.49000549316406,162.63999938964844,163.5399932861328,5647500
2024-05-03,154.89036560058594,164.4600067138672,164.7100067138672,162.16000366210938,163.5399932861328,5581500
2024-05-06,154.8715362548828,164.44000244140625,164.97999572753906,163.25999450683594,164.77999877929688,5472400
2024-05-07,156.11471557617188,165.75999450683594,166.0399932861328,164.58999633789062,164.97999572753906,6433000
2024-05-08,155.46487426757812,165.07000732421875,166.3699951171875,164.92999267578125,165.97999572753906,4579400
2024-05-09,156.37841796875,166.0399932861328,166.3300018310547,165.0500030517578,165.0500030517578,4671100
2024-05-10,157.14129638671875,166.85000610351562,167.36000061035156,165.6999969482422,166.08999633789062,4879400
2024-05-13,156.21829223632812,165.8699951171875,167.64999389648438,165.36000061035156,166.85000610351562,5725500
2024-05-14,156.11471557617188,165.75999450683594,166.07000732421875,163.9499969482422,165.52999877929688,6009800
2024-05-15,156.82106018066406,166.50999450683594,166.67999267578125,165.1199951171875,165.30999755859375,5102700
2024-05-16,158.09251403808594,167.86000061035156,168.33999633789062,166.58999633789062,166.92999267578125,6793600
2024-05-17,157.8853302001953,167.63999938964844,168.0,166.8800048828125,167.6699981689453,4700800
2024-05-20,157.5745086669922,167.30999755859375,167.8800048828125,166.7899932861328,167.5500030517578,3804600
2024-05-21,158.5540313720703,168.35000610351562,168.5399932861328,167.2899932861328,167.75999450683594,5147100
2024-05-22,158.04542541503906,167.80999755859375,168.42999267578125,167.6300048828125,168.00999450683594,4536700
2024-05-23,155.86044311523438,165.49000549316406,168.11000061035156,165.32000732421875,167.2899932861328,4729800
2024-05-24,155.70973205566406,165.3300018310547,166.30999755859375,165.14999389648438,165.85000610351562,3820100
2024-05-28,153.61891174316406,163.11000061035156,164.75999450683594,162.25999450683594,164.49000549316406,6466200
2024-05-29,152.2438507080078,161.64999389648438,162.74000549316406,161.4199981689453,162.64999389648438,4360400
2024-05-30,153.11976623535156,162.5800018310547,162.6999969482422,161.47999572753906,161.64999389648438,4748200
2024-05-31,154.96571350097656,164.5399932861328,164.77000427246094,161.97000122070312,162.44000244140625,10341400
2024-06-03,155.06930541992188,164.64999389648438,166.24000549316406,163.6300048828125,163.92999267578125,5828400
2024-06-04,157.29197692871094,167.00999450683594,167.1199951171875,164.39999389648438,164.7899932861328,6277000
2024-06-05,156.38784790039062,166.0500030517578,167.00999450683594,164.97999572753906,167.00999450683594,5243300
2024-06-06,158.6670379638672,168.47000122070312,168.5800018310547,165.0800018310547,165.8300018310547,6302000
2024-06-07,157.33909606933594,167.05999755859375,168.97000122070312,166.83999633789062,168.39999389648438,4558200
2024-06-10,157.6122283935547,167.35000610351562,167.72000122070312,166.0800018310547,166.77999877929688,4110600
2024-06-11,157.73463439941406,167.47999572753906,167.5,166.02000427246094,166.97000122070312,3947700
2024-06-12,155.56845092773438,165.17999267578125,167.63999938964844,164.22000122070312,167.5,5474500
2024-06-13,156.72691345214844,166.41000366210938,167.0,164.47000122070312,164.47000122070312,4902200
2024-06-14,157.08480834960938,166.7899932861328,166.92999267578125,165.25,165.99000549316406,3695000
2024-06-17,157.75347900390625,167.5,168.7100067138672,165.39999389648438,165.85000610351562,6759400
2024-06-18,158.75181579589844,168.55999755859375,168.64999389648438,166.94000244140625,167.02999877929688,5112600
2024-06-20,157.91358947753906,167.6699981689453,168.77999877929688,166.86000061035156,168.3699951171875,8483600
2024-06-21,158.46925354003906,168.25999450683594,168.8800048828125,167.17999267578125,167.47999572753906,14682000
2024-06-24,158.648193359375,168.4499969482422,169.41000366210938,167.47999572753906,168.75999450683594,7565200
2024-06-25,157.14129638671875,166.85000610351562,168.91000366210938,165.89999389648438,168.6300048828125,7968200
2024-06-26,157.70639038085938,167.4499969482422,167.80999755859375,165.66000366210938,166.0500030517578,5164000
2024-06-27,156.92466735839844,166.6199951171875,168.10000610351562,165.5,167.49000549316406,5007000
2024-06-28,155.3236083984375,164.9199981689453,167.24000549316406,164.5800018310547,166.0,9253100
2024-07-01,153.25161743164062,162.72000122070312,166.2100067138672,162.1999969482422,165.58999633789062,7638600
2024-07-02,154.36297607421875,163.89999389648438,164.0399932861328,161.7100067138672,162.5800018310547,5449200
2024-07-03,154.29701232910156,163.8300018310547,164.2100067138672,162.97999572753906,163.2100067138672,2980500
2024-07-05,155.5967559814453,165.2100067138672,165.6300048828125,163.5,164.00999450683594,6509200
2024-07-08,156.8304901123047,166.52000427246094,166.6699981689453,165.6199951171875,165.9499969482422,5144500
2024-07-09,156.02053833007812,165.66000366210938,166.75999450683594,165.13999938964844,166.6300048828125,4393100
2024-07-10,157.09420776367188,166.8000030517578,166.9199981689453,165.5399932861328,165.89999389648438,5037100
2024-07-11,155.9075164794922,165.5399932861328,166.6300048828125,164.77999877929688,166.3000030517578,5831500
2024-07-12,156.91525268554688,166.61000061035156,167.63999938964844,166.02000427246094,166.22000122070312,4684600
2024-07-15,155.00340270996094,164.5800018310547,166.6199951171875,164.4600067138672,166.47000122070312,5752500
2024-07-16,157.2354736328125,166.9499969482422,167.07000732421875,164.61000061035156,164.91000366210938,6378300
2024-07-17,159.58058166503906,169.44000244140625,170.1699981689453,167.3300018310547,167.75,7982300
2024-07-18,158.63876342773438,168.44000244140625,170.9199981689453,168.27999877929688,168.8000030517578,5926300
2024-07-19,159.1381072998047,167.9600067138672,169.0399932861328,167.1300048828125,167.97000122070312,6597100
2024-07-22,159.41287231445312,168.25,168.6999969482422,167.6999969482422,167.92999267578125,6383000
2024-07-23,157.8684844970703,166.6199951171875,168.4199981689453,166.32000732421875,168.11000061035156,4863400
2024-07-24,159.17599487304688,168.0,168.27999877929688,165.5800018310547,166.32000732421875,5907000
2024-07-25,158.13377380371094,166.89999389648438,170.08999633789062,166.8699951171875,168.32000732421875,7338300
2024-07-26,160.2277069091797,169.11000061035156,169.32000732421875,167.02999877929688,167.25,5581600
2024-07-29,161.00462341308594,169.92999267578125,170.5399932861328,168.11000061035156,168.85000610351562,6797800
2024-07-30,153.2069091796875,161.6999969482422,162.3800048828125,158.0399932861328,161.7899932861328,15746300
2024-07-31,152.31626892089844,160.75999450683594,162.86000061035156,159.2100067138672,160.80999755859375,9660900
2024-08-01,156.98733520507812,165.69000244140625,166.30999755859375,160.67999267578125,160.8800048828125,12532700
2024-08-02,161.14675903320312,170.0800018310547,170.35000610351562,165.14999389648438,167.44000244140625,11899000
2024-08-05,159.23284912109375,168.05999755859375,170.8800048828125,166.6699981689453,170.8800048828125,10338800
2024-08-06,159.26126098632812,168.08999633789062,170.3300018310547,167.85000610351562,167.89999389648438,7454900
2024-08-07,161.0899200439453,170.02000427246094,171.72000122070312,168.00999450683594,168.57000732421875,8385500
2024-08-08,161.89527893066406,170.8699951171875,171.55999755859375,169.0,169.4199981689453,6386900
2024-08-09,161.58258056640625,170.5399932861328,171.25999450683594,169.64999389648438,170.1199951171875,5377300
2024-08-12,158.04849243164062,166.80999755859375,169.64999389648438,166.1999969482422,169.39999389648438,7208100
2024-08-13,158.50328063964844,167.2899932861328,167.8000030517578,166.4600067138672,167.33999633789062,3770000
2024-08-14,159.93399047851562,168.8000030517578,169.47000122070312,165.82000732421875,166.5,5476600
2024-08-15,159.10020446777344,167.9199981689453,169.67999267578125,166.75,169.4600067138672,9491400
2024-08-16,159.07176208496094,167.88999938964844,168.35000610351562,166.8000030517578,167.82000732421875,5640800
2024-08-19,159.5739288330078,168.4199981689453,169.24000549316406,168.1699981689453,168.17999267578125,3885300
2024-08-20,161.4594268798828,170.41000366210938,170.55999755859375,168.11000061035156,168.77000427246094,4513600
2024-08-21,161.2225341796875,170.16000366210938,171.88999938964844,169.60000610351562,170.19000244140625,4082000
2024-08-22,161.2130584716797,170.14999389648438,171.24000549316406,169.13999938964844,170.8800048828125,4097300
2024-08-23,160.2845458984375,169.1699981689453,170.11000061035156,168.25,170.0500030517578,4771300
2024-08-26,161.40255737304688,170.35000610351562,170.97000122070312,168.6999969482422,168.6999969482422,6472400
2024-08-27,160.3603515625,169.25,171.10000610351562,169.0800018310547,170.8300018310547,4456400
2024-08-28,160.18031311035156,169.05999755859375,171.1999969482422,168.5800018310547,169.4199981689453,5644800
2024-08-29,161.09938049316406,170.02999877929688,170.60000610351562,168.94000244140625,169.75,4413200
2024-08-30,162.53005981445312,171.5399932861328,171.8800048828125,169.69000244140625,170.16000366210938,7301600
2024-09-03,165.35354614257812,174.52000427246094,175.0,170.99000549316406,171.02999877929688,10101400
2024-09-04,166.66104125976562,175.89999389648438,176.0,173.6300048828125,173.6300048828125,7517500
2024-09-05,166.25364685058594,175.47000122070312,176.5500030517578,174.6699981689453,175.99000549316406,6061900
2024-09-06,166.36734008789062,175.58999633789062,177.0399932861328,175.33999633789062,175.75999450683594,5785700
2024-09-09,166.81268310546875,176.05999755859375,176.83999633789062,174.66000366210938,175.5399932861328,6450200
2024-09-10,168.45176696777344,177.7899932861328,177.94000244140625,175.91000366210938,175.91000366210938,6396300
2024-09-11,164.78504943847656,173.9199981689453,177.0,173.6300048828125,176.60000610351562,6828200
2024-09-12,164.3586883544922,173.47000122070312,174.61000061035156,172.44000244140625,173.89999389648438,4838900
2024-09-13,164.9366455078125,174.0800018310547,174.5399932861328,172.8000030517578,173.3699951171875,3918000
2024-09-16,167.93067932128906,177.24000549316406,177.30999755859375,174.32000732421875,174.7100067138672,6892300
2024-09-17,166.64210510253906,175.8800048828125,176.97000122070312,175.36000061035156,176.6300048828125,4757100
2024-09-18,164.78504943847656,173.9199981689453,175.89999389648438,172.57000732421875,175.0500030517578,5102900
2024-09-19,162.53005981445312,171.5399932861328,173.16000366210938,170.3800048828125,172.8800048828125,8692000
2024-09-20,165.06930541992188,174.22000122070312,174.5399932861328,171.5,171.50999450683594,28647500
2024-09-23,164.64292907714844,173.77000427246094,175.19000244140625,172.58999633789062,174.00999450683594,10265000
2024-09-24,164.1407928466797,173.24000549316406,174.5,172.6199951171875,172.8800048828125,5422400
2024-09-25,163.21224975585938,172.25999450683594,174.67999267578125,172.05999755859375,174.07000732421875,8916500
2024-09-26,164.11236572265625,173.2100067138672,174.61000061035156,171.36000061035156,171.5,4957200
2024-09-27,164.4344940185547,173.5500030517578,174.4499969482422,172.5800018310547,173.00999450683594,4599500
2024-09-30,164.10289001464844,173.1999969482422,174.0,172.7100067138672,173.72999572753906,6296600
2024-10-01,163.9512481689453,173.0399932861328,174.0,172.1999969482422,173.24000549316406,7130600
2024-10-02,162.8900909423828,171.9199981689453,172.4499969482422,171.0800018310547,172.00999450683594,6212700
2024-10-03,161.1846466064453,170.1199951171875,171.3699951171875,169.77000427246094,171.3699951171875,4794300
2024-10-04,160.009765625,168.8800048828125,170.08999633789062,168.25999450683594,168.85000610351562,6002800
2024-10-07,158.3422088623047,167.1199951171875,169.5800018310547,166.8699951171875,169.16000366210938,6325300
2024-10-08,159.3275909423828,168.16000366210938,168.58999633789062,166.27000427246094,166.85000610351562,7473000
2024-10-09,160.37928771972656,169.27000427246094,169.80999755859375,168.0,168.3800048828125,8758800
2024-10-10,160.0760955810547,168.9499969482422,169.7899932861328,168.3699951171875,168.8000030517578,6932300
2024-10-11,162.10369873046875,171.08999633789062,171.41000366210938,168.97000122070312,169.4600067138672,7036500
2024-10-14,163.44911193847656,172.50999450683594,172.83999633789062,170.74000549316406,171.02000427246094,5909000
2024-10-15,164.4534454345703,173.57000732421875,174.91000366210938,172.82000732421875,172.88999938964844,7172200
2024-10-16,163.32594299316406,172.3800048828125,172.58999633789062,170.88999938964844,171.8800048828125,6117000
2024-10-17,163.231201171875,172.27999877929688,173.67999267578125,171.75999450683594,172.17999267578125,7045600
2024-10-18,163.23785400390625,171.27999877929688,172.2100067138672,168.4600067138672,170.3000030517578,8372500
2024-10-21,161.57955932617188,169.5399932861328,171.47999572753906,168.4499969482422,170.97999572753906,5522500
2024-10-22,161.73207092285156,169.6999969482422,170.72999572753906,168.57000732421875,168.57000732421875,7511400
2024-10-23,161.61770629882812,169.5800018310547,170.1699981689453,168.72999572753906,169.5500030517578,4837800
2024-10-24,161.65579223632812,169.6199951171875,169.9600067138672,168.92999267578125,169.4199981689453,5861200
2024-10-25,160.321533203125,168.22000122070312,169.39999389648438,168.0399932861328,168.9199981689453,4877900
2024-10-28,161.350830078125,169.3000030517578,169.66000366210938,168.3800048828125,169.27999877929688,5753800
2024-10-29,159.3208465576172,167.1699981689453,168.86000061035156,166.8300018310547,168.86000061035156,5681000
2024-10-30,158.3582763671875,166.16000366210938,167.32000732421875,165.9600067138672,167.08999633789062,5518100
2024-10-31,157.42425537109375,165.17999267578125,167.0399932861328,165.08999633789062,165.75999450683594,6056500
2024-11-01,157.34803771972656,165.10000610351562,166.35000610351562,164.99000549316406,165.30999755859375,5454800
2024-11-04,157.32899475097656,165.0800018310547,166.27000427246094,164.5800018310547,165.72000122070312,5130200
2024-11-05,157.97703552246094,165.75999450683594,166.32000732421875,164.3300018310547,164.3300018310547,4397400
2024-11-06,153.4882049560547,161.0500030517578,166.0399932861328,159.80999755859375,165.61000061035156,11473700
2024-11-07,155.73736572265625,163.41000366210938,163.9499969482422,161.47999572753906,161.9600067138672,9056700
2024-11-08,159.83551025390625,167.7100067138672,167.75,163.92999267578125,164.02000427246094,7506200
2024-11-11,158.23435974121094,166.02999877929688,168.52000427246094,165.77999877929688,167.0,6364400
2024-11-12,158.05328369140625,165.83999633789062,167.05999755859375,165.57000732421875,166.13999938964844,6507500
2024-11-13,158.75852966308594,166.5800018310547,166.8000030517578,165.67999267578125,166.05999755859375,5412300
2024-11-14,159.2350616455078,167.0800018310547,168.0399932861328,166.50999450683594,166.7100067138672,7444300
2024-11-15,161.57955932617188,169.5399932861328,170.57000732421875,166.8800048828125,167.94000244140625,9939400
2024-11-18,162.73277282714844,170.75,171.4499969482422,168.8300018310547,169.11000061035156,6681000
2024-11-19,162.74229431152344,170.75999450683594,171.1699981689453,169.66000366210938,170.69000244140625,5683700
2024-11-20,162.86618041992188,170.88999938964844,171.07000732421875,169.50999450683594,170.00999450683594,7081100
2024-11-21,164.6388397216797,172.75,173.50999450683594,170.22000122070312,171.66000366210938,6240400
2024-11-22,168.00311279296875,176.27999877929688,177.39999389648438,173.8800048828125,174.14999389648438,10609800
2024-11-25,169.0609893798828,177.38999938964844,178.82000732421875,176.89999389648438,177.47999572753906,19357000
2024-11-26,170.89083862304688,179.30999755859375,179.4600067138672,177.1999969482422,177.1999969482422,6276700
2024-11-27,170.9384765625,179.36000061035156,180.42999267578125,178.72999572753906,180.0,5522900
2024-11-29,170.84317016601562,179.25999450683594,179.6300048828125,178.27999877929688,178.6999969482422,3823700
2024-12-02,171.26251220703125,179.6999969482422,180.16000366210938,178.00999450683594,179.1199951171875,5728200
2024-12-03,167.1834716796875,175.4199981689453,179.6199951171875,175.1999969482422,178.77000427246094,8127300
2024-12-04,166.88803100585938,175.11000061035156,175.14999389648438,173.4600067138672,174.1699981689453,6823500
2024-12-05,167.7648468017578,176.02999877929688,176.4600067138672,174.4499969482422,174.86000061035156,5022200
2024-12-06,165.65859985351562,173.82000732421875,176.74000549316406,173.75,175.3699951171875,5741200
2024-12-09,162.77085876464844,170.7899932861328,173.75999450683594,170.42999267578125,173.63999938964844,7164300
2024-12-10,164.19093322753906,172.27999877929688,172.92999267578125,169.92999267578125,170.4199981689453,6219900
2024-12-11,162.61839294433594,170.6300048828125,173.38999938964844,170.39999389648438,173.00999450683594,5237500
2024-12-12,162.82806396484375,170.85000610351562,171.82000732421875,170.02000427246094,171.42999267578125,4072800
2024-12-13,163.02821350097656,171.05999755859375,171.7899932861328,170.1199951171875,170.77000427246094,3884500
2024-12-16,163.1044158935547,171.13999938964844,172.77999877929688,171.10000610351562,171.4499969482422,5943600
2024-12-17,162.33245849609375,170.3300018310547,171.9499969482422,170.02000427246094,170.6699981689453,6069200
2024-12-18,161.14114379882812,169.0800018310547,170.55999755859375,169.02000427246094,169.75999450683594,7517100
2024-12-19,161.24600219726562,169.19000244140625,170.10000610351562,167.35000610351562,169.00999450683594,8585200
2024-12-20,160.16905212402344,168.05999755859375,169.8699951171875,167.5,168.8699951171875,21999300
2024-12-23,160.21669006347656,168.11000061035156,168.67999267578125,166.36000061035156,168.05999755859375,6983900
2024-12-24,161.0077362060547,168.94000244140625,169.17999267578125,167.4199981689453,167.6199951171875,2460800
2024-12-26,162.17044067382812,170.16000366210938,170.3000030517578,168.07000732421875,168.30999755859375,3629400
2024-12-27,161.57003784179688,169.52999877929688,170.75999450683594,169.25999450683594,169.4199981689453,4367900
2024-12-30,159.24461364746094,167.08999633789062,168.97999572753906,166.7100067138672,168.6699981689453,4354500
2024-12-31,159.77830505371094,167.64999389648438,168.0800018310547,166.58999633789062,167.36000061035156,3957600
2025-01-02,158.18670654296875,165.97999572753906,168.7100067138672,165.91000366210938,168.08999633789062,5401700
2025-01-03,157.37661743164062,165.1300048828125,166.5,164.25,166.25,5256600
2025-01-06,153.059326171875,160.60000610351562,163.5,160.44000244140625,162.80999755859375,8731700
2025-01-07,153.72645568847656,161.3000030517578,162.61000061035156,160.74000549316406,161.4600067138672,8447400
2025-01-08,154.48890686035156,162.10000610351562,162.39999389648438,160.57000732421875,160.99000549316406,4974800
2025-01-10,151.11509704589844,158.55999755859375,161.2100067138672,157.47000122070312,160.14999389648438,8501500
2025-01-13,151.38197326660156,158.83999633789062,160.08999633789062,158.41000366210938,159.35000610351562,6772200
2025-01-14,152.23971557617188,159.74000549316406,160.07000732421875,158.30999755859375,158.85000610351562,5982200
2025-01-15,152.15391540527344,159.64999389648438,161.14999389648438,159.33999633789062,160.58999633789062,8059200
2025-01-16,152.96401977539062,160.5,160.5800018310547,159.13999938964844,159.6199951171875,5774400
2025-01-17,153.56443786621094,161.1300048828125,161.75,159.60000610351562,159.74000549316406,7262700
2025-01-21,154.12672424316406,161.72000122070312,162.35000610351562,160.9600067138672,160.9600067138672,13914700
2025-01-22,157.00494384765625,164.74000549316406,168.13999938964844,164.44000244140625,167.10000610351562,14356700
2025-01-23,158.34873962402344,166.14999389648438,166.47999572753906,163.32000732421875,163.8800048828125,7614300
2025-01-24,157.36782836914062,164.1199951171875,165.91000366210938,163.1999969482422,165.91000366210938,6199800
2025-01-27,162.6798858642578,169.66000366210938,169.94000244140625,166.11000061035156,166.72000122070312,9170800
2025-01-28,159.3526611328125,166.19000244140625,169.58999633789062,166.11000061035156,168.91000366210938,6716300
2025-01-29,159.39100646972656,166.22999572753906,167.2899932861328,165.8800048828125,166.72000122070312,4850300
2025-01-30,160.5224609375,167.41000366210938,167.60000610351562,165.92999267578125,167.47999572753906,4136500
2025-01-31,159.16090393066406,165.99000549316406,166.6199951171875,165.2100067138672,166.0,5464700
2025-02-03,161.81690979003906,168.75999450683594,169.3800048828125,165.22999572753906,165.47000122070312,8668600
2025-02-04,161.2128448486328,168.1300048828125,169.2899932861328,166.27999877929688,169.2899932861328,6410900
2025-02-05,162.05662536621094,169.00999450683594,169.13999938964844,166.61000061035156,168.08999633789062,7536800
2025-02-06,161.93199157714844,168.8800048828125,169.92999267578125,168.02999877929688,169.3699951171875,4957900
2025-02-07,161.05941772460938,167.97000122070312,169.1199951171875,167.8699951171875,169.08999633789062,4535600
2025-02-10,160.6375274658203,167.52999877929688,168.47999572753906,166.39999389648438,167.69000244140625,7062900
2025-02-11,162.4593505859375,169.42999267578125,169.57000732421875,166.5,167.69000244140625,5438100
2025-02-12,162.6031951904297,169.5800018310547,170.0800018310547,167.97000122070312,168.35000610351562,6037400
2025-02-13,163.98394775390625,171.02000427246094,171.3800048828125,169.13999938964844,169.6300048828125,6328300
2025-02-14,156.1884307861328,162.88999938964844,170.0,162.3000030517578,169.7899932861328,13179500
2025-02-18,158.6239013671875,165.42999267578125,165.75999450683594,162.1999969482422,163.35000610351562,7075300
2025-02-19,159.64031982421875,166.49000549316406,166.8699951171875,165.24000549316406,166.10000610351562,7910700
2025-02-20,160.33071899414062,167.2100067138672,167.77999877929688,162.8000030517578,163.14999389648438,6162600
2025-02-21,163.22642517089844,170.22999572753906,170.5500030517578,165.9199981689453,167.44000244140625,9813700
2025-02-24,163.52366638183594,170.5399932861328,172.97999572753906,169.7899932861328,170.22000122070312,8564100
2025-02-25,165.54689025878906,172.64999389648438,173.9499969482422,170.8000030517578,171.27999877929688,7314900
2025-02-26,164.25244140625,171.3000030517578,172.64999389648438,170.64999389648438,172.27999877929688,5519000
2025-02-27,164.89486694335938,171.97000122070312,173.08999633789062,170.6300048828125,170.85000610351562,5467000
2025-02-28,166.68792724609375,173.83999633789062,174.64999389648438,171.85000610351562,173.5800018310547,10240100
2025-03-03,168.3659210205078,175.58999633789062,176.2899932861328,173.50999450683594,173.5800018310547,7615300
2025-03-04,166.05506896972656,173.17999267578125,179.99000549316406,172.91000366210938,176.75,12117600
2025-03-05,167.42623901367188,174.61000061035156,175.8699951171875,173.02000427246094,173.3800048828125,6989100
2025-03-06,167.47418212890625,174.66000366210938,175.83999633789062,172.83999633789062,174.88999938964844,6702500
2025-03-07,168.71112060546875,175.9499969482422,178.88999938964844,174.0500030517578,174.08999633789062,9566700
2025-03-10,169.00836181640625,176.25999450683594,179.99000549316406,175.8300018310547,176.75999450683594,11047000
2025-03-11,165.99754333496094,173.1199951171875,175.99000549316406,172.32000732421875,175.8300018310547,11032300
2025-03-12,161.4429473876953,168.3699951171875,171.8300018310547,167.77000427246094,169.6999969482422,10158800
2025-03-13,161.65390014648438,168.58999633789062,169.2899932861328,167.27999877929688,167.6999969482422,6609000
2025-03-14,161.05941772460938,167.97000122070312,168.58999633789062,166.6199951171875,167.7899932861328,6790500
2025-03-17,162.77577209472656,169.75999450683594,171.08999633789062,168.1300048828125,168.3699951171875,9931700
2025-03-18,160.81015014648438,167.7100067138672,170.25999450683594,167.5800018310547,170.07000732421875,6099900
2025-03-19,161.63475036621094,168.57000732421875,168.75,167.11000061035156,167.8699951171875,7569200
2025-03-20,160.65670776367188,167.5500030517578,169.2100067138672,166.02999877929688,168.88999938964844,8789200
2025-03-21,159.83209228515625,166.69000244140625,168.13999938964844,164.1199951171875,167.13999938964844,16027300
2025-03-24,158.8348846435547,165.64999389648438,166.8699951171875,165.36000061035156,166.42999267578125,6102100
2025-03-25,156.15008544921875,162.85000610351562,165.3699951171875,162.1999969482422,165.3000030517578,8366700
2025-03-26,159.7266082763672,166.5800018310547,166.82000732421875,162.99000549316406,163.35000610351562,7756000
2025-03-27,161.7689971923828,168.7100067138672,169.02999877929688,166.6199951171875,167.8699951171875,6211700
2025-03-28,161.11695861816406,168.02999877929688,169.7100067138672,167.6199951171875,169.3800048828125,5479100
2025-03-31,163.40863037109375,170.4199981689453,171.13999938964844,168.10000610351562,168.10000610351562,11520100
2025-04-01,163.54287719726562,170.55999755859375,171.0500030517578,169.05999755859375,170.57000732421875,7021100
2025-04-02,162.52647399902344,169.5,170.8800048828125,168.30999755859375,170.07000732421875,6274500
2025-04-03,165.29757690429688,172.38999938964844,174.8000030517578,170.72999572753906,174.22999572753906,9393300
2025-04-04,157.01304626464844,163.75,173.60000610351562,163.47000122070312,171.77000427246094,13454200
2025-04-07,153.63784790039062,160.22999572753906,164.6999969482422,159.19000244140625,163.66000366210938,15708000
2025-04-08,151.87355041503906,158.38999938964844,163.27999877929688,156.7100067138672,162.30999755859375,11541100
2025-04-09,155.64190673828125,162.32000732421875,164.67999267578125,156.69000244140625,157.36000061035156,10670200
2025-04-10,156.83084106445312,163.55999755859375,165.07000732421875,160.75,162.89999389648438,10581600
2025-04-11,160.04302978515625,166.91000366210938,168.02000427246094,162.6199951171875,163.3699951171875,8602800
2025-04-14,162.17169189453125,169.1300048828125,170.11000061035156,165.77999877929688,167.0399932861328,9877300
2025-04-15,161.53884887695312,168.47000122070312,170.16000366210938,168.27999877929688,169.13999938964844,8765000
2025-04-16,159.54444885253906,166.38999938964844,169.67999267578125,165.7899932861328,169.2899932861328,5897500
2025-04-17,163.61000061035156,170.6300048828125,171.64999389648438,167.35000610351562,167.52999877929688,7227100
2025-04-21,159.92144775390625,165.75,169.9499969482422,164.27999877929688,169.88999938964844,8062400
2025-04-22,161.97653198242188,167.8800048828125,168.77000427246094,164.5399932861328,165.86000061035156,7907400
2025-04-23,159.902099609375,165.72999572753906,166.61000061035156,163.11000061035156,166.39999389648438,9309200
2025-04-24,153.92015075683594,159.52999877929688,160.9600067138672,156.5800018310547,160.5,20077700
2025-04-25,155.35775756835938,161.02000427246094,161.8000030517578,157.77000427246094,159.8800048828125,12892800
2025-04-28,156.15858459472656,161.85000610351562,162.55999755859375,160.38999938964844,161.0399932861328,8127000
2025-04-29,156.5541534423828,162.25999450683594,162.38999938964844,159.1999969482422,161.2899932861328,8266200
2025-04-30,156.853271484375,162.57000732421875,163.16000366210938,159.9499969482422,162.4499969482422,12475500
2025-05-01,154.35433959960938,159.97999572753906,161.35000610351562,159.0500030517578,160.66000366210938,6792800
2025-05-02,154.87533569335938,160.52000427246094,161.80999755859375,159.89999389648438,160.92999267578125,5750200
2025-05-05,153.24476623535156,158.8300018310547,160.91000366210938,158.02000427246094,160.88999938964844,7576200
2025-05-06,153.6499786376953,159.25,159.7100067138672,157.64999389648438,158.0399932861328,7703800
2025-05-07,153.6885986328125,159.2899932861328,160.0500030517578,158.5399932861328,159.02000427246094,6430000
2025-05-08,153.07107543945312,158.64999389648438,160.0,158.00999450683594,158.3800048828125,7230800
2025-05-09,152.11590576171875,157.66000366210938,159.1300048828125,157.41000366210938,158.02000427246094,6453200
2025-05-12,155.24195861816406,160.89999389648438,161.0500030517578,156.69000244140625,157.42999267578125,7378400
2025-05-13,153.14828491210938,158.72999572753906,160.72000122070312,157.36000061035156,160.02000427246094,7780800
2025-05-14,152.46327209472656,158.02000427246094,159.16000366210938,157.57000732421875,158.1199951171875,5988900
2025-05-15,156.69888305664062,162.41000366210938,162.91000366210938,158.6999969482422,159.58999633789062,8727300
2025-05-16,157.53826904296875,163.27999877929688,163.42999267578125,161.85000610351562,162.64999389648438,7100800
2025-05-19,158.9759063720703,164.77000427246094,165.14999389648438,163.41000366210938,163.47000122070312,8119900
2025-05-20,159.81529235839844,165.63999938964844,166.0,164.60000610351562,164.61000061035156,5576600
2025-05-21,159.6126708984375,165.42999267578125,166.3699951171875,164.6199951171875,164.82000732421875,6424200
2025-05-22,159.22674560546875,165.02999877929688,166.1999969482422,164.02000427246094,164.44000244140625,6245600
2025-05-23,160.02757263183594,165.86000061035156,166.22000122070312,163.47999572753906,164.8300018310547,5349800
2025-05-27,161.86074829101562,167.75999450683594,167.97999572753906,165.27000427246094,165.27000427246094,11423800
2025-05-28,161.47482299804688,167.36000061035156,168.83999633789062,167.05999755859375,167.64999389648438,5385900
2025-05-29,162.6326141357422,168.55999755859375,168.99000549316406,166.44000244140625,166.74000549316406,4842500
2025-05-30,163.91586303710938,169.88999938964844,170.99000549316406,168.60000610351562,168.75,12587500
2025-06-02,161.8800506591797,167.77999877929688,169.0399932861328,166.22999572753906,169.02000427246094,7574400
2025-06-03,160.98275756835938,166.85000610351562,167.41000366210938,165.89999389648438,166.77999877929688,6223000
2025-06-04,160.11441040039062,165.9499969482422,168.0500030517578,165.9199981689453,166.69000244140625,4939000
2025-06-05,157.07516479492188,162.8000030517578,165.44000244140625,162.50999450683594,165.42999267578125,10351800
2025-06-06,158.2522735595703,164.02000427246094,165.24000549316406,163.27999877929688,163.2899932861328,5697700
2025-06-09,156.84359741210938,162.55999755859375,164.02000427246094,162.07000732421875,163.38999938964844,6544200
2025-06-10,157.11375427246094,162.83999633789062,163.50999450683594,161.9199981689453,162.69000244140625,7680000
2025-06-11,156.409423828125,162.11000061035156,162.77000427246094,161.69000244140625,162.6300048828125,5960100
2025-06-12,157.44178771972656,163.17999267578125,163.30999755859375,161.67999267578125,161.97000122070312,6509900
2025-06-13,154.64376831054688,160.27999877929688,163.02999877929688,159.91000366210938,162.75999450683594,7104500
2025-06-16,155.22268676757812,160.8800048828125,161.9499969482422,160.00999450683594,160.8800048828125,6332000
2025-06-17,152.9456787109375,158.52000427246094,160.3699951171875,158.30999755859375,160.05999755859375,6809700
2025-06-18,152.46327209472656,158.02000427246094,158.64999389648438,157.66000366210938,158.5500030517578,7211200
2025-06-20,153.48599243164062,159.0800018310547,159.33999633789062,157.85000610351562,158.02999877929688,16173400
2025-06-23,155.3673858642578,161.02999877929688,161.19000244140625,159.0,159.07000732421875,6588200
2025-06-24,154.72097778320312,160.36000061035156,161.74000549316406,159.64999389648438,161.17999267578125,7470100
2025-06-25,153.3798370361328,158.97000122070312,160.33999633789062,158.7100067138672,159.82000732421875,5933700
2025-06-26,153.0518035888672,158.6300048828125,159.55999755859375,157.1699981689453,159.5500030517578,7410400
2025-06-27,154.23854064941406,159.86000061035156,160.1300048828125,158.2899932861328,158.67999267578125,19257000
2025-06-30,153.71754455566406,159.32000732421875,159.89999389648438,158.1300048828125,159.25999450683594,11238200
2025-07-01,155.55072021484375,161.22000122070312,162.52999877929688,159.3800048828125,159.8800048828125,10664900
2025-07-02,155.53143310546875,161.1999969482422,161.35000610351562,159.86000061035156,161.13999938964844,8848700
2025-07-03,155.1744384765625,160.8300018310547,162.02000427246094,159.7899932861328,161.7899932861328,6999600
2025-07-07,154.8560333251953,160.5,161.17999267578125,159.2899932861328,160.88999938964844,7225700
2025-07-08,152.3378143310547,157.88999938964844,159.77999877929688,157.44000244140625,159.52000427246094,12034800
2025-07-09,151.9808349609375,157.52000427246094,158.1999969482422,155.9499969482422,158.10000610351562,18770900
2025-07-10,152.91673278808594,158.49000549316406,159.61000061035156,157.0399932861328,157.75999450683594,7200500
2025-07-11,151.52735900878906,157.0500030517578,158.0500030517578,156.44000244140625,158.0500030517578,8053800
2025-07-14,148.35304260253906,153.75999450683594,155.8000030517578,152.86000061035156,155.5800018310547,11491700
2025-07-15,147.31101989746094,152.67999267578125,154.0500030517578,151.89999389648438,153.55999755859375,9142600
2025-07-16,148.32411193847656,153.72999572753906,153.75999450683594,152.27000427246094,152.74000549316406,8479000
2025-07-17,150.14764404296875,155.6199951171875,155.75,153.8800048828125,154.0399932861328,8320000
2025-07-18,150.6693115234375,155.10000610351562,155.57000732421875,153.6300048828125,153.77999877929688,7337300
2025-07-21,150.60130310058594,155.02999877929688,155.94000244140625,154.88999938964844,155.07000732421875,6328400
2025-07-22,153.79733276367188,158.32000732421875,158.3699951171875,154.89999389648438,154.9199981689453,8187000
2025-07-23,153.75845336914062,158.27999877929688,158.8800048828125,157.67999267578125,158.22000122070312,4804800
2025-07-24,154.2733154296875,158.80999755859375,159.02000427246094,158.0500030517578,158.8699951171875,7027400
2025-07-25,153.7779083251953,158.3000030517578,158.44000244140625,157.02000427246094,157.33999633789062,5799900
2025-07-28,152.62188720703125,157.11000061035156,158.08999633789062,156.22999572753906,157.6300048828125,7885000
2025-07-29,152.13616943359375,156.61000061035156,158.64999389648438,154.83999633789062,158.64999389648438,11466100
2025-07-30,148.51272583007812,152.8800048828125,157.0,152.0500030517578,157.0,8162900
2025-07-31,146.1715850830078,150.47000122070312,152.0,149.91000366210938,151.8000030517578,11845400
2025-08-01,146.346435546875,150.64999389648438,153.49000549316406,150.52000427246094,151.77999877929688,8594200
2025-08-04,146.4532928466797,150.75999450683594,151.4600067138672,150.02000427246094,150.25,7679400
2025-08-05,146.21041870117188,150.50999450683594,152.0800018310547,150.32000732421875,150.7100067138672,6670100
2025-08-06,148.49330139160156,152.86000061035156,153.47999572753906,150.2100067138672,150.86000061035156,7376200
2025-08-07,149.1053009033203,153.49000549316406,154.00999450683594,152.6999969482422,153.1199951171875,6719000
2025-08-08,149.12472534179688,153.50999450683594,153.7899932861328,152.57000732421875,152.77000427246094,5811000
2025-08-11,150.55274963378906,154.97999572753906,155.38999938964844,153.30999755859375,153.5399932861328,7331700
2025-08-12,150.6595916748047,155.08999633789062,155.5399932861328,154.30999755859375,155.05999755859375,6938000
2025-08-13,150.970458984375,155.41000366210938,157.00999450683594,154.9499969482422,155.2100067138672,5812400
2025-08-14,149.34817504882812,153.74000549316406,154.6999969482422,153.27000427246094,154.63999938964844,6343700
2025-08-15,149.95045471191406,154.36000061035156,155.60000610351562,154.2100067138672,154.47000122070312,7121700
2025-08-18,151.27159118652344,155.72000122070312,156.9199981689453,154.1699981689453,154.4199981689453,8274500
2025-08-19,153.8750457763672,158.39999389648438,158.6999969482422,155.6699981689453,155.72999572753906,7868100
2025-08-20,154.95333862304688,159.50999450683594,161.02999877929688,158.41000366210938,158.5800018310547,7840400
2025-08-21,154.19561767578125,158.72999572753906,159.05999755859375,157.17999267578125,157.92999267578125,6417500
2025-08-22,154.13731384277344,158.6699981689453,160.67999267578125,158.30999755859375,159.3800048828125,5797300
2025-08-25,151.68931579589844,156.14999389648438,158.6999969482422,155.88999938964844,158.38999938964844,4692500
2025-08-26,151.51446533203125,155.97000122070312,156.6999969482422,155.33999633789062,155.9199981689453,6338000
2025-08-27,152.4761962890625,156.9600067138672,157.1300048828125,155.7899932861328,156.14999389648438,4551200
2025-08-28,151.20359802246094,155.64999389648438,157.00999450683594,155.02999877929688,157.0,5857400
2025-08-29,152.5538787841797,157.0399932861328,157.55999755859375,155.64999389648438,156.08999633789062,5318200
2025-09-02,153.47674560546875,157.99000549316406,158.86000061035156,156.97999572753906,157.36000061035156,6432800
2025-09-03,153.65159606933594,158.1699981689453,158.63999938964844,156.5,157.64999389648438,6592500
2025-09-04,154.64248657226562,159.19000244140625,159.75,157.80999755859375,158.52000427246094,6934900
2025-09-05,155.44876098632812,160.02000427246094,160.55999755859375,158.41000366210938,158.5500030517578,6436200
2025-09-08,154.46762084960938,159.00999450683594,160.27000427246094,158.25,159.61000061035156,7178400
2025-09-09,154.90476989746094,159.4600067138672,159.8699951171875,158.1999969482422,158.61000061035156,4984900
2025-09-10,152.85504150390625,157.35000610351562,158.94000244140625,155.88999938964844,158.60000610351562,6205500
2025-09-11,154.09848022460938,158.6300048828125,159.35000610351562,157.38999938964844,157.72000122070312,5819500
2025-09-12,153.38931274414062,157.89999389648438,159.1300048828125,157.77999877929688,157.92999267578125,5957000
2025-09-15,152.34988403320312,156.8300018310547,158.52000427246094,156.1999969482422,157.8800048828125,5995000
2025-09-16,153.5350341796875,158.0500030517578,158.38999938964844,156.88999938964844,157.13999938964844,6559600
2025-09-17,155.74989318847656,160.3300018310547,161.6699981689453,158.42999267578125,158.42999267578125,6764200
2025-09-18,152.82589721679688,157.32000732421875,159.02000427246094,157.16000366210938,158.14999389648438,7651500
2025-09-19,151.5824432373047,156.0399932861328,157.6199951171875,155.97000122070312,157.61000061035156,17224800
2025-09-22,148.69729614257812,153.07000732421875,156.0800018310547,153.0500030517578,156.0800018310547,8712900
2025-09-23,148.14358520507812,152.5,153.2899932861328,150.97000122070312,153.1999969482422,8853400
2025-09-24,148.0658721923828,152.4199981689453,153.6300048828125,151.7899932861328,152.0500030517578,6483300
2025-09-25,147.80357360839844,152.14999389648438,153.8800048828125,151.77999877929688,153.22999572753906,7511400
2025-09-26,148.14358520507812,152.5,152.67999267578125,151.52999877929688,152.22999572753906,5721100
2025-09-29,149.1441650390625,153.52999877929688,153.72000122070312,151.7899932861328,152.4199981689453,8139700
2025-09-30,149.26072692871094,153.64999389648438,154.3800048828125,152.83999633789062,153.4600067138672,7762600
2025-10-01,148.80413818359375,153.17999267578125,153.88999938964844,151.41000366210938,153.6999969482422,7566000
2025-10-02,147.70643615722656,152.0500030517578,152.8000030517578,151.6300048828125,152.72000122070312,6892100
2025-10-03,147.920166015625,152.27000427246094,153.42999267578125,152.0,152.0,5212600
2025-10-06,146.11329650878906,150.41000366210938,152.32000732421875,150.39999389648438,151.5,6737000
2025-10-07,148.1824493408203,152.5399932861328,153.1699981689453,150.0500030517578,150.75999450683594,6844400
2025-10-08,146.3852996826172,150.69000244140625,152.7899932861328,150.6300048828125,152.7899932861328,5254700
2025-10-09,146.2784423828125,150.5800018310547,150.8699951171875,149.5800018310547,150.74000549316406,6134500
2025-10-10,145.4138641357422,149.69000244140625,151.50999450683594,149.4499969482422,150.94000244140625,7374000
2025-10-13,143.27670288085938,147.49000549316406,149.42999267578125,146.97000122070312,149.0,7511100
2025-10-14,144.89898681640625,149.16000366210938,149.25,147.0800018310547,147.57000732421875,8585300
2025-10-15,143.20870971679688,147.4199981689453,149.41000366210938,147.27000427246094,148.52999877929688,10003100
2025-10-16,145.32643127441406,149.60000610351562,150.39999389648438,147.9199981689453,148.00999450683594,8809700
2025-10-17,147.0749969482422,151.39999389648438,152.02999877929688,150.42999267578125,150.57000732421875,8612900
2025-10-20,147.6190185546875,151.9600067138672,152.38999938964844,151.3000030517578,151.58999633789062,5601300
2025-10-21,147.2886962890625,151.6199951171875,152.27999877929688,150.8699951171875,151.9600067138672,6013400
2025-10-22,147.85214233398438,152.1999969482422,153.4600067138672,150.7899932861328,151.3000030517578,6394400
2025-10-23,147.86187744140625,152.2100067138672,153.3000030517578,150.5800018310547,152.35000610351562,8205400
2025-10-24,149.1697540283203,152.49000549316406,157.39999389648438,151.52999877929688,156.39999389648438,11968500
2025-10-27,148.4361114501953,151.74000549316406,151.75999450683594,150.1300048828125,151.61000061035156,7775300
2025-10-28,148.0741424560547,151.3699951171875,153.1699981689453,150.6199951171875,151.1199951171875,5819300
2025-10-29,145.53074645996094,148.77000427246094,150.97000122070312,148.47000122070312,150.66000366210938,7405500
2025-10-30,146.32313537597656,149.5800018310547,150.8000030517578,149.33999633789062,149.47000122070312,6760700
2025-10-31,147.09591674804688,150.3699951171875,151.10000610351562,148.52999877929688,148.7100067138672,7930300
2025-11-03,144.79708862304688,148.02000427246094,150.22000122070312,147.77000427246094,150.10000610351562,8946400
2025-11-04,143.96559143066406,147.1699981689453,149.5,146.25,148.60000610351562,9295400
2025-11-05,142.61563110351562,145.7899932861328,147.4199981689453,145.64999389648438,146.8699951171875,11199900
2025-11-06,142.94822692871094,146.1300048828125,146.67999267578125,144.4600067138672,145.8800048828125,10024500
2025-11-07,143.77972412109375,146.97999572753906,147.94000244140625,146.0,146.9499969482422,8500100
2025-11-10,142.3319549560547,145.5,146.6199951171875,144.08999633789062,146.3800048828125,10208100
2025-11-11,145.30575561523438,148.5399932861328,148.64999389648438,145.6699981689453,145.9600067138672,7332500
2025-11-12,144.78729248046875,148.00999450683594,149.14999389648438,147.50999450683594,148.52999877929688,7851100
2025-11-13,144.73838806152344,147.9600067138672,149.0,147.63999938964844,148.17999267578125,7566800
2025-11-14,144.45469665527344,147.6699981689453,149.3800048828125,147.61000061035156,149.10000610351562,9150800
2025-11-17,142.64498901367188,145.82000732421875,147.97999572753906,145.00999450683594,147.75,9902300
2025-11-18,143.78952026367188,146.99000549316406,147.38999938964844,145.50999450683594,146.3300018310547,10735200
2025-11-19,143.78952026367188,146.99000549316406,147.5399932861328,145.86000061035156,146.9600067138672,6367000
2025-11-20,144.96337890625,148.19000244140625,148.66000366210938,146.1300048828125,146.63999938964844,9021300
2025-11-21,147.63394165039062,150.9199981689453,151.5,148.3000030517578,148.3800048828125,12018000
2025-11-24,143.77972412109375,146.97999572753906,150.41000366210938,146.5399932861328,150.10000610351562,13846900
2025-11-25,145.25685119628906,148.49000549316406,148.64999389648438,147.22000122070312,147.32000732421875,10477700
2025-11-26,145.02207946777344,148.25,148.97000122070312,147.61000061035156,147.9199981689453,9238500
2025-11-28,144.9340362548828,148.16000366210938,148.7100067138672,147.17999267578125,147.8000030517578,4707200
2025-12-01,144.22972106933594,147.44000244140625,148.88999938964844,147.35000610351562,148.10000610351562,8240700
2025-12-02,142.6841278076172,145.86000061035156,146.19000244140625,142.50999450683594,145.2899932861328,16376800
2025-12-03,143.51560974121094,146.7100067138672,148.2899932861328,145.86000061035156,145.9199981689453,9125300
2025-12-04,142.1950225830078,145.36000061035156,147.4199981689453,144.5,146.6699981689453,10479300
2025-12-05,140.3265838623047,143.4499969482422,145.6300048828125,143.25,145.16000366210938,12791700
2025-12-08,135.32785034179688,138.33999633789062,142.91000366210938,138.13999938964844,142.91000366210938,17507500
2025-12-09,136.5897674560547,139.6300048828125,140.8800048828125,139.0,139.19000244140625,10375700
2025-12-10,136.775634765625,139.82000732421875,141.27999877929688,139.5399932861328,139.64999389648438,13650400
2025-12-11,137.69515991210938,140.75999450683594,141.83999633789062,140.36000061035156,141.0,11798000
2025-12-12,139.72987365722656,142.83999633789062,143.11000061035156,140.83999633789062,141.0,10268800
2025-12-15,141.97000122070312,145.1300048828125,145.32000732421875,143.1999969482422,143.27000427246094,13877700
2025-12-16,142.04827880859375,145.2100067138672,146.5399932861328,144.64999389648438,146.10000610351562,10251700
2025-12-17,144.59165954589844,147.80999755859375,148.4499969482422,146.4499969482422,146.69000244140625,9833300
2025-12-18,142.3515167236328,145.52000427246094,147.5,145.35000610351562,146.6199951171875,12239900
2025-12-19,141.31459045410156,144.4600067138672,146.0500030517578,143.94000244140625,145.50999450683594,19345600
2025-12-22,139.5831298828125,142.69000244140625,144.39999389648438,142.4199981689453,143.7100067138672,11731400
2025-12-23,140.0624542236328,143.17999267578125,143.72999572753906,142.0800018310547,142.49000549316406,9541600
2025-12-24,141.34396362304688,144.49000549316406,144.74000549316406,142.8300018310547,142.89999389648438,3259200
2025-12-26,141.5885009765625,144.74000549316406,145.63999938964844,144.30999755859375,144.30999755859375,4711500
2025-12-29,141.4221954345703,144.57000732421875,145.07000732421875,143.9499969482422,144.8000030517578,7662100
2025-12-30,140.9135284423828,144.0500030517578,144.4600067138672,143.57000732421875,144.2899932861328,6006400
2025-12-31,140.1896514892578,143.30999755859375,144.13999938964844,143.22999572753906,144.0,5293200
2026-01-02,138.70272827148438,141.7899932861328,143.33999633789062,141.24000549316406,143.11000061035156,8946100
2026-01-05,137.31365966796875,140.3699951171875,141.35000610351562,139.60000610351562,141.10000610351562,12297300
2026-01-06,136.86366271972656,139.91000366210938,141.4199981689453,139.50999450683594,140.38999938964844,10421800
2026-01-07,135.0343780517578,138.0399932861328,139.8000030517578,137.6199951171875,139.8000030517578,14369100
2026-01-08,138.44837951660156,141.52999877929688,141.77999877929688,137.82000732421875,137.88999938964844,9297100
2026-01-09,138.78099060058594,141.8699951171875,142.3300018310547,140.8300018310547,141.6999969482422,9528500
2026-01-12,140.33636474609375,143.4600067138672,143.8800048828125,141.7100067138672,142.27999877929688,12812000
2026-01-13,141.09938049316406,144.24000549316406,144.33999633789062,142.97000122070312,144.0,15549200
2026-01-14,143.1634521484375,146.35000610351562,146.89999389648438,144.3699951171875,144.67999267578125,13475000
2026-01-15,141.48089599609375,144.6300048828125,146.35000610351562,144.35000610351562,145.67999267578125,10102800
2026-01-16,141.38307189941406,144.52999877929688,144.72999572753906,143.66000366210938,143.75999450683594,11729300
2026-01-20,143.79928588867188,147.0,147.0,144.1199951171875,144.4600067138672,12901400
2026-01-21,142.8797607421875,146.05999755859375,147.3699951171875,144.97000122070312,147.05999755859375,14126800
2026-01-22,146.6654815673828,149.92999267578125,150.91000366210938,147.5,148.0800018310547,18501900
2026-01-23,147.92355346679688,150.14999389648438,151.64999389648438,149.8000030517578,150.83999633789062,14562600
2026-01-26,147.2733612060547,149.49000549316406,150.8800048828125,148.52000427246094,150.1199951171875,12655700
2026-01-27,146.14039611816406,148.33999633789062,149.63999938964844,147.92999267578125,148.07000732421875,9546000
2026-01-28,145.1552276611328,147.33999633789062,148.7100067138672,146.7899932861328,148.0,7465800
2026-01-29,147.67726135253906,149.89999389648438,150.1300048828125,147.11000061035156,147.2899932861328,11035600
2026-01-30,149.51954650878906,151.77000427246094,151.97000122070312,149.14999389648438,150.42999267578125,12651400
2026-02-02,150.91848754882812,153.19000244140625,153.72999572753906,151.25,152.4199981689453,10554900
2026-02-03,153.01690673828125,155.32000732421875,156.52999877929688,152.1999969482422,152.58999633789062,12424700
2026-02-04,154.54391479492188,156.8699951171875,158.3699951171875,155.75999450683594,156.1300048828125,12178500
2026-02-05,156.25811767578125,158.61000061035156,159.64999389648438,156.1199951171875,158.83999633789062,13077700
2026-02-06,156.80979919433594,159.1699981689453,159.99000549316406,158.00999450683594,158.24000549316406,10441700
2026-02-09,154.99710083007812,157.3300018310547,159.27999877929688,156.02000427246094,158.75999450683594,11439900
2026-02-10,156.7211456298828,159.0800018310547,160.14999389648438,156.72000122070312,157.52999877929688,9910100
2026-02-11,157.62750244140625,160.0,161.13999938964844,158.19000244140625,158.63999938964844,10217300
2026-02-12,158.81956481933594,161.2100067138672,163.13999938964844,159.64999389648438,160.02000427246094,13512900
2026-02-13,157.6964874267578,160.07000732421875,162.57000732421875,159.7100067138672,161.74000549316406,13998900
2026-02-17,157.18417358398438,159.5500030517578,162.1699981689453,158.8800048828125,159.9499969482422,13319100
2026-02-18,154.53407287597656,156.86000061035156,158.97999572753906,155.77000427246094,158.97999572753906,14434300
2026-02-19,156.20884704589844,158.55999755859375,159.9600067138672,156.8300018310547,156.8300018310547,10724600
2026-02-20,158.39593505859375,160.77999877929688,161.05999755859375,158.16000366210938,159.1300048828125,11508100
2026-02-23,162.72085571289062,165.1699981689453,165.36000061035156,160.3000030517578,160.32000732421875,14772400
2026-02-24,162.8292236328125,165.27999877929688,166.8699951171875,163.94000244140625,164.89999389648438,9709500
2026-02-25,160.9672393798828,163.38999938964844,165.0,162.10000610351562,164.5399932861328,7878500
2026-02-26,161.3218994140625,163.75,164.5,162.86000061035156,164.22000122070312,7028600
2026-02-27,164.72073364257812,167.1999969482422,167.25,163.69000244140625,164.0399932861328,14878500
2026-03-02,161.08546447753906,163.50999450683594,166.5500030517578,163.4499969482422,165.2899932861328,9095500
2026-03-03,157.35165405273438,159.72000122070312,162.19000244140625,158.6199951171875,162.19000244140625,10161000
2026-03-04,155.95272827148438,158.3000030517578,159.61000061035156,157.30999755859375,159.44000244140625,8752700
2026-03-05,151.70663452148438,153.99000549316406,157.10000610351562,153.77000427246094,156.94000244140625,10060300
2026-03-06,151.3519744873047,153.6300048828125,154.42999267578125,151.88999938964844,153.66000366210938,8187900
2026-03-09,152.9183807373047,155.22000122070312,156.22999572753906,152.89999389648438,153.14999389648438,12494900
2026-03-10,153.69667053222656,156.00999450683594,157.14999389648438,153.60000610351562,155.49000549316406,7756800
2026-03-11,151.04656982421875,153.32000732421875,155.3800048828125,151.42999267578125,155.22999572753906,8855100
2026-03-12,148.26837158203125,150.5,153.0500030517578,150.3300018310547,152.2100067138672,8489300
2026-03-13,148.41615295410156,150.64999389648438,152.5500030517578,150.17999267578125,151.3699951171875,7298900
2026-03-16,149.86434936523438,152.1199951171875,152.63999938964844,150.64999389648438,151.86000061035156,6944000
2026-03-17,149.2338409423828,151.47999572753906,153.4600067138672,151.1999969482422,153.00999450683594,6147700
2026-03-18,144.53457641601562,146.7100067138672,149.6199951171875,146.4600067138672,149.30999755859375,10059300
2026-03-19,142.69229125976562,144.83999633789062,147.3800048828125,144.7899932861328,146.22000122070312,10340300
2026-03-20,142.14060974121094,144.27999877929688,145.82000732421875,144.25,144.99000549316406,60620900
2026-03-23,141.85491943359375,143.99000549316406,146.14999389648438,143.47999572753906,146.14999389648438,10315600
2026-03-24,141.03721618652344,143.16000366210938,145.22999572753906,142.22999572753906,143.3300018310547,8567600
2026-03-25,141.78594970703125,143.9199981689453,144.10000610351562,142.22999572753906,143.74000549316406,8418100
2026-03-26,140.30819702148438,142.4199981689453,144.57000732421875,142.24000549316406,143.69000244140625,6443200
2026-03-27,140.59390258789062,142.7100067138672,144.0800018310547,142.00999450683594,142.72000122070312,11558300
2026-03-30,142.57408142089844,144.72000122070312,145.57000732421875,142.57000732421875,143.0399932861328,11616300
2026-03-31,142.29823303222656,144.44000244140625,144.9199981689453,142.27999877929688,144.82000732421875,10407500
2026-04-01,141.95343017578125,144.08999633789062,144.97000122070312,143.2100067138672,143.9199981689453,8061700
2026-04-02,140.997802734375,143.1199951171875,144.2100067138672,142.5800018310547,144.08999633789062,5941700
2026-04-06,140.6529998779297,142.77000427246094,143.6699981689453,141.9199981689453,143.00999450683594,6823100
2026-04-07,139.2047882080078,141.3000030517578,142.77000427246094,140.74000549316406,142.52000427246094,7207500
2026-04-08,142.75140380859375,144.89999389648438,145.11000061035156,141.8699951171875,143.14999389648438,10849700
2026-04-09,144.48532104492188,146.66000366210938,146.94000244140625,143.0,144.38999938964844,6794800
2026-04-10,143.007568359375,145.16000366210938,146.88999938964844,144.75999450683594,146.88999938964844,9790300
2026-04-13,141.4509735107422,143.5800018310547,145.08999633789062,142.6300048828125,145.0,7121400
2026-04-14,142.2391357421875,144.3800048828125,144.72000122070312,142.77000427246094,143.24000549316406,6621600
2026-04-15,141.2539520263672,143.3800048828125,144.39999389648438,142.25999450683594,144.36000061035156,7698200
2026-04-16,140.9879608154297,143.11000061035156,144.2899932861328,142.66000366210938,143.1999969482422,6947100
2026-04-17,144.75131225585938,146.92999267578125,147.58999633789062,143.16000366210938,143.41000366210938,10886000
2026-04-20,142.34750366210938,144.49000549316406,146.66000366210938,143.58999633789062,146.05999755859375,8084700
2026-04-21,140.20968627929688,142.32000732421875,144.6199951171875,142.32000732421875,144.6199951171875,11197200
2026-04-22,140.7318115234375,142.85000610351562,143.3000030517578,142.22000122070312,142.5,7236300
2026-04-23,143.54940795898438,145.7100067138672,146.22999572753906,143.39999389648438,143.39999389648438,11288800
2026-04-24,147.08203125,148.17999267578125,152.4199981689453,147.6199951171875,152.00999450683594,13786200
2026-04-27,147.30039978027344,148.39999389648438,149.6999969482422,147.4199981689453,147.4199981689453,9166400
2026-04-28,148.064697265625,149.1699981689453,151.19000244140625,148.42999267578125,150.02999877929688,7965700
2026-04-29,145.37478637695312,146.4600067138672,148.75,145.88999938964844,148.3000030517578,9002400
2026-04-30,146.00010681152344,147.08999633789062,147.72000122070312,145.9499969482422,147.08999633789062,9491700
2026-05-01,146.16883850097656,147.25999450683594,149.27999877929688,146.4600067138672,147.8699951171875,6814800
2026-05-04,142.3572998046875,143.4199981689453,146.05999755859375,143.27000427246094,146.05999755859375,9642800
2026-05-05,143.82632446289062,144.89999389648438,145.89999389648438,142.17999267578125,143.3800048828125,7664300
2026-05-06,146.80410766601562,147.89999389648438,148.9499969482422,145.94000244140625,146.39999389648438,9399500
2026-05-07,144.9777374267578,146.05999755859375,147.99000549316406,146.02000427246094,147.99000549316406,9545800
2026-05-08,145.33506774902344,146.4199981689453,147.52000427246094,146.2100067138672,146.5500030517578,5741000
2026-05-11,142.29774475097656,143.36000061035156,145.9499969482422,141.97000122070312,145.7899932861328,7489500
2026-05-12,142.8436737060547,143.91000366210938,145.86000061035156,142.86000061035156,144.35000610351562,9051200
2026-05-13,141.18605041503906,142.24000549316406,144.6699981689453,141.66000366210938,143.14999389648438,6685900
2026-05-14,141.65257263183594,142.7100067138672,144.27999877929688,142.6300048828125,143.17999267578125,9636200
2026-05-15,140.52101135253906,141.57000732421875,143.39999389648438,141.1999969482422,143.39999389648438,6989400
2026-05-18,141.33493041992188,142.38999938964844,144.42999267578125,141.6300048828125,142.10000610351562,7731200
2026-05-19,140.2530059814453,141.3000030517578,143.7100067138672,140.85000610351562,142.47000122070312,8355800
2026-05-20,141.3845672607422,142.44000244140625,143.22000122070312,140.6199951171875,141.4499969482422,8375600
2026-05-21,142.3374481201172,143.39999389648438,143.72000122070312,140.08999633789062,141.8800048828125,6297300
2026-05-22,143.3697509765625,144.44000244140625,144.63999938964844,143.52999877929688,143.8699951171875,4616700
2026-05-26,141.9007110595703,142.9600067138672,145.61000061035156,142.52999877929688,144.50999450683594,8157200
2026-05-27,146.39715576171875,147.49000549316406,148.5399932861328,143.4600067138672,143.4600067138672,10048900
2026-05-28,144.828857421875,145.91000366210938,146.6999969482422,145.00999450683594,146.6999969482422,10196700
2026-05-29,142.4962615966797,143.55999755859375,145.63999938964844,143.1999969482422,145.52000427246094,12355800
2026-06-01,139.24057006835938,140.27999877929688,141.82000732421875,138.86000061035156,141.52000427246094,11093800
2026-06-02,139.77658081054688,140.82000732421875,141.1199951171875,139.02999877929688,140.1199951171875,9599500
2026-06-03,139.1512451171875,140.19000244140625,142.4499969482422,140.0,140.92999267578125,9351000
2026-06-04,139.7368621826172,140.77999877929688,143.13999938964844,139.88999938964844,142.6999969482422,8194000
2026-06-05,145.4541778564453,146.5399932861328,148.22999572753906,141.8000030517578,142.22000122070312,10963200
2026-06-08,144.0248565673828,145.10000610351562,146.5500030517578,145.02000427246094,145.7899932861328,7200700
2026-06-09,147.5684051513672,148.6699981689453,149.47999572753906,144.52999877929688,144.6699981689453,8259300
2026-06-10,147.94558715820312,149.0500030517578,150.42999267578125,148.3800048828125,149.91000366210938,7345900
2026-06-11,147.2408447265625,148.33999633789062,149.6199951171875,147.77000427246094,148.6999969482422,6684700
2026-06-12,148.50143432617188,149.61000061035156,150.1999969482422,148.3000030517578,149.3800048828125,6832000
2026-06-15,149.3451385498047,150.4600067138672,151.5,148.75999450683594,148.75999450683594,9158900
2026-06-16,151.360107421875,152.49000549316406,153.02000427246094,150.5500030517578,151.50999450683594,8518900
2026-06-17,149.44439697265625,150.55999755859375,152.94000244140625,149.77000427246094,152.3800048828125,7055800
2026-06-18,149.26573181152344,150.3800048828125,152.2899932861328,150.17999267578125,150.8699951171875,17076100
2026-06-22,146.58572387695312,147.67999267578125,150.88999938964844,147.57000732421875,150.11000061035156,10533000
2026-06-23,149.74217224121094,150.86000061035156,151.3699951171875,149.3699951171875,149.66000366210938,7259600
2026-06-24,150.91342163085938,152.0399932861328,153.35000610351562,150.9199981689453,151.99000549316406,8618500
2026-06-25,147.399658203125,148.5,152.2899932861328,147.82000732421875,151.57000732421875,11197200
2026-06-26,147.9158172607422,149.02000427246094,150.8800048828125,148.4199981689453,150.33999633789062,16724600
2026-06-29,147.3500213623047,148.4499969482422,149.0500030517578,147.0399932861328,148.72999572753906,10387700
2026-06-30,145.55343627929688,146.63999938964844,147.52999877929688,144.1699981689453,147.52999877929688,9353800
2026-07-01,146.33758544921875,147.42999267578125,147.5,145.5500030517578,146.52999877929688,9571700
2026-07-02,150.28810119628906,151.41000366210938,151.6699981689453,147.74000549316406,148.5800018310547,9256000
2026-07-06,148.2036590576172,149.30999755859375,151.22000122070312,146.9600067138672,150.67999267578125,8323100
2026-07-07,151.6181640625,152.75,153.49000549316406,150.61000061035156,152.66000366210938,8061400
2026-07-08,147.30039978027344,148.39999389648438,151.07000732421875,148.35000610351562,150.9600067138672,14272300
2026-07-09,145.7618865966797,146.85000610351562,147.66000366210938,145.60000610351562,146.77000427246094,7748000
2026-07-10,145.95046997070312,147.0399932861328,148.58999633789062,146.7100067138672,147.10000610351562,12473000
2026-07-13,147.27061462402344,148.3699951171875,150.0500030517578,147.11000061035156,148.0800018310547,7816100
2026-07-14,144.99758911132812,146.0800018310547,148.75,145.58999633789062,148.3699951171875,7668100
2026-07-15,146.9530029296875,148.0500030517578,148.58999633789062,144.66000366210938,145.27999877929688,6180000
2026-07-16,150.37742614746094,151.5,151.52000427246094,148.17999267578125,149.49000549316406,6485400
2026-07-17,148.86868286132812,149.97999572753906,154.32000732421875,149.30999755859375,152.86000061035156,8917400
2026-07-20,148.02499389648438,149.1300048828125,150.10000610351562,148.42999267578125,149.55999755859375,5788300
2026-07-21,147.00262451171875,148.10000610351562,148.41000366210938,146.8800048828125,147.86000061035156,7027600
2026-07-22,148.02499389648438,149.1300048828125,150.4600067138672,148.82000732421875,149.5,5371200
2026-07-23,145.88099670410156,146.97000122070312,147.61000061035156,145.58999633789062,146.13999938964844,6499200
2026-07-24,147.41000366210938,147.41000366210938,147.99000549316406,145.39999389648438,146.4499969482422,6620700
2026-07-27,148.6300048828125,148.6300048828125,150.25,147.85000610351562,147.85000610351562,7301800
2026-07-28,148.8800048828125,148.8800048828125,153.67999267578125,148.52000427246094,151.5,12848800
2026-07-29,146.10000610351562,146.10000610351562,146.3800048828125,140.1999969482422,141.3800048828125,14616800
2026-07-30,143.9600067138672,143.9600067138672,144.4499969482422,142.25,143.75999450683594,9571100
2026-07-31,144.49000549316406,144.49000549316406,144.6999969482422,141.4600067138672,143.50999450683594,9152600
2026-08-03,144.97000122070312,144.97000122070312,147.14999389648438,144.25999450683594,145.85000610351562,8843600
2026-08-04,148.00999450683594,148.00999450683594,148.25,143.7899932861328,144.0399932861328,7362300
2026-08-05,146.8000030517578,146.8000030517578,147.85000610351562,144.66000366210938,147.85000610351562,9753300
2026-08-06,146.97000122070312,146.97000122070312,148.5,145.4499969482422,147.82000732421875,8766700
2026-08-07,145.7899932861328,145.7899932861328,146.0,143.8800048828125,144.89999389648438,7565500
2026-08-10,146.44000244140625,146.44000244140625,146.4600067138672,144.14999389648438,144.72999572753906,7386500
2026-08-11,145.2100067138672,145.2100067138672,145.7100067138672,143.92999267578125,145.41000366210938,7936700
2026-08-12,144.0800018310547,144.0800018310547,144.94000244140625,143.7899932861328,144.0500030517578,7195000
2026-08-13,144.25999450683594,144.25999450683594,145.8000030517578,144.0,144.58999633789062,7491300
2026-08-14,144.5500030517578,144.5500030517578,144.91000366210938,143.4199981689453,144.3300018310547,7249600
2026-08-17,143.1199951171875,143.1199951171875,143.97000122070312,142.47999572753906,143.63999938964844,9867500
2026-08-18,143.4499969482422,143.4499969482422,144.4199981689453,142.67999267578125,143.27999877929688,12746100
2026-08-19,144.3800048828125,144.3800048828125,146.22999572753906,143.6199951171875,144.3000030517578,13948500
2026-08-20,142.97000122070312,142.97000122070312,144.9199981689453,142.55999755859375,144.47000122070312,15794100
2026-08-21,144.67999267578125,144.67999267578125,145.27000427246094,142.13999938964844,143.02000427246094,9785200
2026-08-24,146.60000610351562,146.60000610351562,146.8000030517578,145.0,145.24000549316406,7061800
2026-08-25,145.39999389648438,145.39999389648438,146.1199951171875,144.9499969482422,145.72999572753906,9125700
2026-08-26,145.0,145.0,145.92999267578125,144.5,145.27999877929688,8249100
2026-08-27,143.13999938964844,143.13999938964844,144.14999389648438,142.7100067138672,143.6999969482422,7817200
2026-08-28,143.77999877929688,143.77999877929688,144.39999389648438,143.00999450683594,143.25,5868900
2026-08-31,145.1199951171875,145.1199951171875,145.89999389648438,142.5,143.44000244140625,12097900
2026-09-01,146.2100067138672,146.2100067138672,148.36000061035156,145.08999633789062,145.75999450683594,8503800
2026-09-02,147.63999938964844,147.63999938964844,148.32000732421875,145.7899932861328,146.4199981689453,7431100
2026-09-03,146.9199981689453,146.9199981689453,148.22000122070312,146.5,147.67999267578125,6105800
2026-09-04,146.44000244140625,146.44000244140625,147.14999389648438,145.82000732421875,146.47000122070312,5588200
2026-09-08,145.5800018310547,145.5800018310547,146.16000366210938,144.3000030517578,145.60000610351562,8325100
2026-09-09,142.63999938964844,142.63999938964844,144.47000122070312,142.33999633789062,144.16000366210938,9270000
2026-09-10,142.97000122070312,142.97000122070312,143.50999450683594,141.86000061035156,142.60000610351562,10925000
2026-09-11,145.27000427246094,145.27000427246094,145.49000549316406,143.5500030517578,143.72000122070312,11526600
