Date,adj_close,Close,High,Low,Open,Volume
2000-01-03,0.6227737665176392,0.8888890147209167,0.8888890147209167,0.8559669852256775,0.8779150247573853,416897
2000-01-04,0.6176479458808899,0.8815730214118958,0.8888890147209167,0.8815730214118958,0.8815730214118958,198197
2000-01-05,0.615085244178772,0.8779150247573853,0.8852310180664062,0.8705989718437195,0.8815730214118958,534790
2000-01-06,0.6202105283737183,0.8852310180664062,0.8852310180664062,0.8779150247573853,0.8779150247573853,370765
2000-01-07,0.6253366470336914,0.8925470113754272,0.8925470113754272,0.8852310180664062,0.8925470113754272,85430
2000-01-10,0.6304624080657959,0.8998630046844482,0.8998630046844482,0.8888890147209167,0.8925470113754272,105933
2000-01-11,0.6278995871543884,0.8962050080299377,0.9035210013389587,0.8962050080299377,0.8962050080299377,71761
2000-01-12,0.6278995871543884,0.8962050080299377,0.8998630046844482,0.8925470113754272,0.8962050080299377,88847
2000-01-13,0.6253366470336914,0.8925470113754272,0.8998630046844482,0.8925470113754272,0.8998630046844482,71761
2000-01-14,0.6278995871543884,0.8962050080299377,0.9071789979934692,0.8962050080299377,0.8962050080299377,541624
2000-01-18,0.6202105283737183,0.8852310180664062,0.8925470113754272,0.8815730214118958,0.8925470113754272,256289
2000-01-19,0.6176479458808899,0.8815730214118958,0.8925470113754272,0.8779150247573853,0.8852310180664062,341719
2000-01-20,0.6227737665176392,0.8888890147209167,0.8888890147209167,0.8779150247573853,0.8815730214118958,80304
2000-01-21,0.615085244178772,0.8779150247573853,0.8888890147209167,0.8779150247573853,0.8888890147209167,111059
2000-01-24,0.5971450805664062,0.852308988571167,0.8815730214118958,0.852308988571167,0.8779150247573853,99098
2000-01-25,0.6048337817192078,0.8632829785346985,0.8998630046844482,0.8632829785346985,0.8705989718437195,883343
2000-01-26,0.6073967814445496,0.866940975189209,0.8815730214118958,0.8632829785346985,0.8705989718437195,275084
2000-01-27,0.599707841873169,0.8559669852256775,0.8779150247573853,0.852308988571167,0.8742570281028748,252872
2000-01-28,0.5894567966461182,0.8413349986076355,0.859624981880188,0.8413349986076355,0.859624981880188,340010
2000-01-31,0.6355882287025452,0.9071789979934692,0.9071789979934692,0.8267030119895935,0.8340190052986145,751781
2000-02-01,0.6278995871543884,0.8962050080299377,0.9071789979934692,0.8962050080299377,0.9071789979934692,181111
2000-02-02,0.6355882287025452,0.9071789979934692,0.9071789979934692,0.8925470113754272,0.8998630046844482,158899
2000-02-03,0.6407139301300049,0.9144949913024902,0.9144949913024902,0.8998630046844482,0.9035210013389587,228952
2000-02-04,0.6432768702507019,0.9181529879570007,0.9218109846115112,0.9144949913024902,0.9218109846115112,56384
2000-02-07,0.6432768702507019,0.9181529879570007,0.9181529879570007,0.9071789979934692,0.9144949913024902,116184
2000-02-08,0.6556177735328674,0.9327849745750427,0.9327849745750427,0.9108369946479797,0.9108369946479797,170859
2000-02-09,0.6530463099479675,0.9291269779205322,0.9327849745750427,0.9254689812660217,0.9327849745750427,117893
2000-02-10,0.6581885814666748,0.9364429712295532,0.9364429712295532,0.9218109846115112,0.9291269779205322,292170
2000-02-11,0.6736140251159668,0.9583899974822998,0.9583899974822998,0.9327849745750427,0.9327849745750427,211866
2000-02-14,0.6633309125900269,0.943759024143219,0.9583899974822998,0.9327849745750427,0.9583899974822998,273375
2000-02-15,0.6659020185470581,0.9474170207977295,0.9474170207977295,0.9327849745750427,0.9401010274887085,206740
2000-02-16,0.6633309125900269,0.943759024143219,0.943759024143219,0.9327849745750427,0.9401010274887085,141813
2000-02-17,0.6684731841087341,0.95107501745224,0.95107501745224,0.9364429712295532,0.9364429712295532,83721
2000-02-18,0.6633309125900269,0.943759024143219,0.95107501745224,0.943759024143219,0.9474170207977295,381016
2000-02-22,0.6633309125900269,0.943759024143219,0.943759024143219,0.9327849745750427,0.9401010274887085,384434
2000-02-23,0.6659020185470581,0.9474170207977295,0.9474170207977295,0.9401010274887085,0.943759024143219,97390
2000-02-24,0.6530463099479675,0.9291269779205322,0.943759024143219,0.9291269779205322,0.943759024143219,970481
2000-02-25,0.6401913166046143,0.9108369946479797,0.9364429712295532,0.9071789979934692,0.9291269779205322,695398
2000-02-28,0.6350494623184204,0.9035210013389587,0.9071789979934692,0.8925470113754272,0.9071789979934692,129853
2000-02-29,0.6659020185470581,0.9474170207977295,0.9474170207977295,0.8998630046844482,0.8998630046844482,278501
2000-03-01,0.6659020185470581,0.9474170207977295,0.9474170207977295,0.9327849745750427,0.9474170207977295,1037116
2000-03-02,0.6607598066329956,0.9401010274887085,0.9474170207977295,0.9364429712295532,0.9474170207977295,227243
2000-03-03,0.650475263595581,0.9254689812660217,0.9364429712295532,0.9254689812660217,0.9327849745750427,152065
2000-03-06,0.6221933960914612,0.8852310180664062,0.9291269779205322,0.8852310180664062,0.9291269779205322,300713
2000-03-07,0.6221933960914612,0.8852310180664062,0.8925470113754272,0.8779150247573853,0.8852310180664062,153773
2000-03-08,0.6299071311950684,0.8962050080299377,0.8998630046844482,0.8852310180664062,0.8852310180664062,201614
2000-03-09,0.6350494623184204,0.9035210013389587,0.9035210013389587,0.8888890147209167,0.8888890147209167,56384
2000-03-10,0.6324780583381653,0.8998630046844482,0.9071789979934692,0.8962050080299377,0.9071789979934692,249455
2000-03-13,0.6299071311950684,0.8962050080299377,0.8998630046844482,0.8888890147209167,0.8925470113754272,85430
2000-03-14,0.6324780583381653,0.8998630046844482,0.8998630046844482,0.8852310180664062,0.8888890147209167,447652
2000-03-15,0.6273360848426819,0.8925470113754272,0.8998630046844482,0.8852310180664062,0.8998630046844482,131562
2000-03-16,0.6479045748710632,0.9218109846115112,0.9218109846115112,0.8852310180664062,0.8852310180664062,415188
2000-03-17,0.6299071311950684,0.8962050080299377,0.8962050080299377,0.8779150247573853,0.8779150247573853,478406
2000-03-20,0.6350494623184204,0.9035210013389587,0.9035210013389587,0.8925470113754272,0.8925470113754272,150356
2000-03-21,0.6324780583381653,0.8998630046844482,0.9035210013389587,0.8962050080299377,0.9035210013389587,633888
2000-03-22,0.6350494623184204,0.9035210013389587,0.9035210013389587,0.8998630046844482,0.8998630046844482,269958
2000-03-23,0.6041963696479797,0.859624981880188,0.8962050080299377,0.859624981880188,0.8962050080299377,404937
2000-03-24,0.5861990451812744,0.8340190052986145,0.852308988571167,0.8340190052986145,0.852308988571167,107641
2000-03-27,0.5347782969474792,0.760860025882721,0.8340190052986145,0.760860025882721,0.8340190052986145,170859
2000-03-28,0.5347782969474792,0.760860025882721,0.7681760191917419,0.7535439729690552,0.760860025882721,560419
2000-03-29,0.5399205088615417,0.7681760191917419,0.7681760191917419,0.7572020292282104,0.7645180225372314,316090
2000-03-30,0.5964831113815308,0.8486509919166565,0.852308988571167,0.7754920125007629,0.7754920125007629,331467
2000-03-31,0.6119097471237183,0.8705989718437195,0.8779150247573853,0.8413349986076355,0.844992995262146,1436927
2000-04-03,0.5964831113815308,0.8486509919166565,0.8815730214118958,0.8340190052986145,0.8632829785346985,1587284
2000-04-04,0.5810570120811462,0.8267030119895935,0.844992995262146,0.8193870186805725,0.8413349986076355,500618
2000-04-05,0.5990540981292725,0.852308988571167,0.859624981880188,0.8193870186805725,0.823045015335083,394685
2000-04-06,0.5990540981292725,0.852308988571167,0.866940975189209,0.8486509919166565,0.8559669852256775,97390
2000-04-07,0.5913411974906921,0.8413349986076355,0.844992995262146,0.830361008644104,0.844992995262146,112767
2000-04-10,0.5733435750007629,0.815729022026062,0.8413349986076355,0.815729022026062,0.837677001953125,263123
2000-04-11,0.5733435750007629,0.815729022026062,0.8193870186805725,0.815729022026062,0.8193870186805725,104224
2000-04-12,0.5836279392242432,0.830361008644104,0.830361008644104,0.8120710253715515,0.8120710253715515,263123
2000-04-13,0.5759146809577942,0.8193870186805725,0.8267030119895935,0.8193870186805725,0.8267030119895935,93973
2000-04-14,0.5784855484962463,0.823045015335083,0.8340190052986145,0.823045015335083,0.823045015335083,116184
2000-04-17,0.6170520186424255,0.8779150247573853,0.8779150247573853,0.8267030119895935,0.830361008644104,273375
2000-04-18,0.609338641166687,0.866940975189209,0.8779150247573853,0.8632829785346985,0.8705989718437195,223826
2000-04-19,0.5553462505340576,0.7901229858398438,0.8632829785346985,0.7901229858398438,0.8632829785346985,1055911
2000-04-20,0.5553462505340576,0.7901229858398438,0.7937809824943542,0.7681760191917419,0.7937809824943542,317798
2000-04-24,0.5399205088615417,0.7681760191917419,0.7937809824943542,0.7681760191917419,0.7828069925308228,216991
2000-04-25,0.5759146809577942,0.8193870186805725,0.8193870186805725,0.760860025882721,0.760860025882721,336593
2000-04-26,0.5810570120811462,0.8267030119895935,0.837677001953125,0.8267030119895935,0.8267030119895935,351970
2000-04-27,0.5913411974906921,0.8413349986076355,0.859624981880188,0.8193870186805725,0.8340190052986145,693689
2000-04-28,0.5913411974906921,0.8413349986076355,0.844992995262146,0.8340190052986145,0.8413349986076355,116184
2000-05-01,0.5939122438430786,0.844992995262146,0.8632829785346985,0.8413349986076355,0.844992995262146,524538
2000-05-02,0.5836279392242432,0.830361008644104,0.8486509919166565,0.830361008644104,0.837677001953125,377599
2000-05-03,0.5759146809577942,0.8193870186805725,0.8340190052986145,0.8193870186805725,0.830361008644104,261415
2000-05-04,0.5861990451812744,0.8340190052986145,0.8486509919166565,0.8193870186805725,0.8193870186805725,659517
2000-05-05,0.5810570120811462,0.8267030119895935,0.8413349986076355,0.8193870186805725,0.837677001953125,218700
2000-05-08,0.5805404782295227,0.823045015335083,0.830361008644104,0.8193870186805725,0.830361008644104,105933
2000-05-09,0.5805404782295227,0.823045015335083,0.830361008644104,0.815729022026062,0.830361008644104,264832
2000-05-10,0.5676395297050476,0.8047549724578857,0.8193870186805725,0.8047549724578857,0.815729022026062,150356
2000-05-11,0.572799801826477,0.8120710253715515,0.815729022026062,0.7901229858398438,0.7974389791488647,288752
2000-05-12,0.5650593638420105,0.8010969758033752,0.815729022026062,0.8010969758033752,0.8047549724578857,184528
2000-05-15,0.5366779565811157,0.760860025882721,0.808413028717041,0.7572020292282104,0.808413028717041,396394
2000-05-16,0.5340979099273682,0.7572020292282104,0.7718340158462524,0.7572020292282104,0.760860025882721,126436
2000-05-17,0.5289375185966492,0.7498859763145447,0.7535439729690552,0.7462279796600342,0.7498859763145447,165734
2000-05-18,0.4876542389392853,0.6913579702377319,0.7462279796600342,0.6876999735832214,0.7462279796600342,1539443
2000-05-19,0.49023422598838806,0.6950160264968872,0.7023320198059082,0.6876999735832214,0.6986740231513977,124727
2000-05-22,0.47475335001945496,0.6730679869651794,0.6950160264968872,0.6730679869651794,0.6950160264968872,100807
2000-05-23,0.4695928990840912,0.6657519936561584,0.6803839802742004,0.6657519936561584,0.6730679869651794,99098
2000-05-24,0.4695928990840912,0.6657519936561584,0.6657519936561584,0.6511200070381165,0.662093997001648,244329
2000-05-25,0.4799135625362396,0.6803839802742004,0.6876999735832214,0.662093997001648,0.662093997001648,242620
2000-05-26,0.4928143620491028,0.6986740231513977,0.6986740231513977,0.6803839802742004,0.6876999735832214,148648
2000-05-30,0.5031353235244751,0.7133060097694397,0.7133060097694397,0.6950160264968872,0.6986740231513977,317798
2000-05-31,0.49023422598838806,0.6950160264968872,0.7389119863510132,0.6950160264968872,0.7206220030784607,331467
2000-06-01,0.5005553364753723,0.7096480131149292,0.7096480131149292,0.7023320198059082,0.7023320198059082,128145
2000-06-02,0.5315175652503967,0.7535439729690552,0.7535439729690552,0.7169640064239502,0.7169640064239502,326341
2000-06-05,0.5186166167259216,0.7352539896965027,0.760860025882721,0.7315959930419922,0.760860025882721,256289
2000-06-06,0.5237765908241272,0.7425699830055237,0.7498859763145447,0.7315959930419922,0.7315959930419922,186237
2000-06-07,0.5392579436302185,0.7645180225372314,0.7645180225372314,0.7425699830055237,0.7425699830055237,59801
2000-06-08,0.5392579436302185,0.7645180225372314,0.7645180225372314,0.7498859763145447,0.760860025882721,85430
2000-06-09,0.5366779565811157,0.760860025882721,0.7645180225372314,0.7572020292282104,0.7572020292282104,78595
2000-06-12,0.5418384671211243,0.7681760191917419,0.7754920125007629,0.7681760191917419,0.7681760191917419,160608
2000-06-13,0.559898853302002,0.7937809824943542,0.7937809824943542,0.7645180225372314,0.7645180225372314,278501
2000-06-14,0.5521582961082458,0.7828069925308228,0.8047549724578857,0.7828069925308228,0.7937809824943542,143522
2000-06-15,0.5444183349609375,0.7718340158462524,0.7901229858398438,0.7681760191917419,0.7828069925308228,239203
2000-06-16,0.5624791383743286,0.7974389791488647,0.815729022026062,0.7645180225372314,0.7645180225372314,968773
2000-06-19,0.5702198147773743,0.808413028717041,0.808413028717041,0.7974389791488647,0.7974389791488647,95681
2000-06-20,0.5779600739479065,0.8193870186805725,0.8193870186805725,0.8047549724578857,0.808413028717041,254580
2000-06-21,0.598601758480072,0.8486509919166565,0.8486509919166565,0.8193870186805725,0.8193870186805725,121310
2000-06-22,0.5805404782295227,0.823045015335083,0.844992995262146,0.823045015335083,0.8413349986076355,239203
2000-06-23,0.572799801826477,0.8120710253715515,0.8193870186805725,0.8120710253715515,0.8193870186805725,39298
2000-06-26,0.5831207633018494,0.8267030119895935,0.8267030119895935,0.8120710253715515,0.8120710253715515,194780
2000-06-27,0.5573186874389648,0.7901229858398438,0.8413349986076355,0.7901229858398438,0.830361008644104,225534
2000-06-28,0.5882810950279236,0.8340190052986145,0.8340190052986145,0.7828069925308228,0.7901229858398438,234077
2000-06-29,0.601182222366333,0.852308988571167,0.8632829785346985,0.8267030119895935,0.8340190052986145,346845
2000-06-30,0.6140831708908081,0.8705989718437195,0.8742570281028748,0.8486509919166565,0.8486509919166565,232369
2000-07-03,0.6037619709968567,0.8559669852256775,0.866940975189209,0.8559669852256775,0.866940975189209,97390
2000-07-05,0.6037619709968567,0.8559669852256775,0.866940975189209,0.8486509919166565,0.8486509919166565,249455
2000-07-06,0.6115028858184814,0.866940975189209,0.866940975189209,0.8559669852256775,0.859624981880188,182820
2000-07-07,0.6037619709968567,0.8559669852256775,0.8705989718437195,0.8559669852256775,0.8705989718437195,82013
2000-07-10,0.6037619709968567,0.8559669852256775,0.859624981880188,0.8486509919166565,0.8559669852256775,121310
2000-07-11,0.6140831708908081,0.8705989718437195,0.8705989718437195,0.8559669852256775,0.859624981880188,184528
2000-07-12,0.6192435622215271,0.8779150247573853,0.8779150247573853,0.866940975189209,0.8705989718437195,350262
2000-07-13,0.6269839406013489,0.8888890147209167,0.8888890147209167,0.8742570281028748,0.8742570281028748,281918
2000-07-14,0.6269839406013489,0.8888890147209167,0.8925470113754272,0.8852310180664062,0.8852310180664062,78595
2000-07-17,0.6373047828674316,0.9035210013389587,0.9071789979934692,0.8925470113754272,0.8925470113754272,104224
2000-07-18,0.6269839406013489,0.8888890147209167,0.9071789979934692,0.8888890147209167,0.9071789979934692,73470
2000-07-19,0.6192435622215271,0.8779150247573853,0.8925470113754272,0.8779150247573853,0.8888890147209167,102516
2000-07-20,0.6244036555290222,0.8852310180664062,0.8852310180664062,0.8742570281028748,0.8742570281028748,82013
2000-07-21,0.6140831708908081,0.8705989718437195,0.8888890147209167,0.8705989718437195,0.8888890147209167,75178
2000-07-24,0.6244036555290222,0.8852310180664062,0.8925470113754272,0.8559669852256775,0.8705989718437195,203323
2000-07-25,0.6218234896659851,0.8815730214118958,0.8888890147209167,0.8742570281028748,0.8888890147209167,136688
2000-07-26,0.6269839406013489,0.8888890147209167,0.8888890147209167,0.8742570281028748,0.8779150247573853,175985
2000-07-27,0.6218234896659851,0.8815730214118958,0.8852310180664062,0.8779150247573853,0.8852310180664062,124727
2000-07-28,0.6166631579399109,0.8742570281028748,0.8815730214118958,0.8742570281028748,0.8815730214118958,157191
2000-07-31,0.6244036555290222,0.8852310180664062,0.8852310180664062,0.8705989718437195,0.8742570281028748,199905
2000-08-01,0.6218234896659851,0.8815730214118958,0.8852310180664062,0.8815730214118958,0.8815730214118958,146939
2000-08-02,0.6140831708908081,0.8705989718437195,0.8815730214118958,0.8705989718437195,0.8779150247573853,145230
2000-08-03,0.6218234896659851,0.8815730214118958,0.8815730214118958,0.844992995262146,0.8705989718437195,310964
2000-08-04,0.6244036555290222,0.8852310180664062,0.8888890147209167,0.8815730214118958,0.8815730214118958,623637
2000-08-07,0.6063423156738281,0.859624981880188,0.8888890147209167,0.8340190052986145,0.8852310180664062,334884
2000-08-08,0.6006463766098022,0.8486509919166565,0.8632829785346985,0.8486509919166565,0.8632829785346985,319507
2000-08-09,0.6006463766098022,0.8486509919166565,0.8486509919166565,0.8413349986076355,0.8486509919166565,78595
2000-08-10,0.5980573296546936,0.844992995262146,0.844992995262146,0.8340190052986145,0.8413349986076355,237495
2000-08-11,0.6058242321014404,0.8559669852256775,0.8559669852256775,0.8413349986076355,0.844992995262146,158899
2000-08-14,0.611002504825592,0.8632829785346985,0.8632829785346985,0.852308988571167,0.852308988571167,59801
2000-08-15,0.6058242321014404,0.8559669852256775,0.8632829785346985,0.8559669852256775,0.8632829785346985,82013
2000-08-16,0.6084132194519043,0.859624981880188,0.859624981880188,0.852308988571167,0.8559669852256775,88847
2000-08-17,0.6187692284584045,0.8742570281028748,0.8742570281028748,0.8632829785346985,0.8632829785346985,52966
2000-08-18,0.6135915517807007,0.866940975189209,0.8779150247573853,0.8632829785346985,0.8705989718437195,280209
2000-08-21,0.611002504825592,0.8632829785346985,0.866940975189209,0.859624981880188,0.8632829785346985,129853
2000-08-22,0.6058242321014404,0.8559669852256775,0.859624981880188,0.844992995262146,0.859624981880188,502327
2000-08-23,0.6084132194519043,0.859624981880188,0.859624981880188,0.8486509919166565,0.8486509919166565,44423
2000-08-24,0.6187692284584045,0.8742570281028748,0.8742570281028748,0.859624981880188,0.8632829785346985,136688
2000-08-25,0.611002504825592,0.8632829785346985,0.8815730214118958,0.8486509919166565,0.8779150247573853,299004
2000-08-28,0.6084132194519043,0.859624981880188,0.866940975189209,0.859624981880188,0.8632829785346985,76887
2000-08-29,0.6135915517807007,0.866940975189209,0.866940975189209,0.8559669852256775,0.8632829785346985,158899
2000-08-30,0.6161805987358093,0.8705989718437195,0.8742570281028748,0.866940975189209,0.8705989718437195,58092
2000-08-31,0.6213586330413818,0.8779150247573853,0.8779150247573853,0.8705989718437195,0.8705989718437195,175985
2000-09-01,0.6161805987358093,0.8705989718437195,0.8779150247573853,0.8632829785346985,0.8779150247573853,136688
2000-09-05,0.6135915517807007,0.866940975189209,0.8742570281028748,0.8632829785346985,0.866940975189209,208448
2000-09-06,0.6135915517807007,0.866940975189209,0.866940975189209,0.8632829785346985,0.8632829785346985,111059
2000-09-07,0.6187692284584045,0.8742570281028748,0.8742570281028748,0.8632829785346985,0.8632829785346985,509161
2000-09-08,0.6187692284584045,0.8742570281028748,0.8815730214118958,0.8742570281028748,0.8742570281028748,199905
2000-09-11,0.6187692284584045,0.8742570281028748,0.8742570281028748,0.8742570281028748,0.8742570281028748,32463
2000-09-12,0.6213586330413818,0.8779150247573853,0.8779150247573853,0.8742570281028748,0.8742570281028748,37589
2000-09-13,0.6161805987358093,0.8705989718437195,0.8779150247573853,0.8705989718437195,0.8779150247573853,164025
2000-09-14,0.6213586330413818,0.8779150247573853,0.8779150247573853,0.8705989718437195,0.8705989718437195,73470
2000-09-15,0.6187692284584045,0.8742570281028748,0.8815730214118958,0.8742570281028748,0.8815730214118958,751781
2000-09-18,0.5902902483940125,0.8340190052986145,0.8705989718437195,0.8340190052986145,0.8705989718437195,191363
2000-09-19,0.611002504825592,0.8632829785346985,0.8632829785346985,0.837677001953125,0.8413349986076355,254580
2000-09-20,0.6161805987358093,0.8705989718437195,0.8742570281028748,0.8632829785346985,0.8632829785346985,111059
2000-09-21,0.611002504825592,0.8632829785346985,0.8742570281028748,0.8632829785346985,0.8632829785346985,290461
2000-09-22,0.6084132194519043,0.859624981880188,0.866940975189209,0.852308988571167,0.859624981880188,218700
2000-09-25,0.6032353043556213,0.852308988571167,0.859624981880188,0.852308988571167,0.859624981880188,100807
2000-09-26,0.6084132194519043,0.859624981880188,0.859624981880188,0.852308988571167,0.852308988571167,109350
2000-09-27,0.6084132194519043,0.859624981880188,0.859624981880188,0.8559669852256775,0.8559669852256775,51258
2000-09-28,0.611002504825592,0.8632829785346985,0.866940975189209,0.8559669852256775,0.8559669852256775,495492
2000-09-29,0.6135915517807007,0.866940975189209,0.866940975189209,0.8559669852256775,0.8632829785346985,1055911
2000-10-02,0.6084132194519043,0.859624981880188,0.8742570281028748,0.859624981880188,0.866940975189209,281918
2000-10-03,0.6084132194519043,0.859624981880188,0.866940975189209,0.859624981880188,0.8632829785346985,155482
2000-10-04,0.6187692284584045,0.8742570281028748,0.8742570281028748,0.8632829785346985,0.8632829785346985,102516
2000-10-05,0.6161805987358093,0.8705989718437195,0.8705989718437195,0.866940975189209,0.866940975189209,182820
2000-10-06,0.6161805987358093,0.8705989718437195,0.8705989718437195,0.866940975189209,0.8705989718437195,179402
2000-10-09,0.6135915517807007,0.866940975189209,0.8705989718437195,0.866940975189209,0.8705989718437195,123019
2000-10-10,0.6213586330413818,0.8779150247573853,0.8779150247573853,0.8705989718437195,0.8705989718437195,474989
2000-10-11,0.6213586330413818,0.8779150247573853,0.8815730214118958,0.8742570281028748,0.8779150247573853,162316
2000-10-12,0.6239473819732666,0.8815730214118958,0.8815730214118958,0.8779150247573853,0.8779150247573853,129853
2000-10-13,0.6343035101890564,0.8962050080299377,0.8962050080299377,0.8779150247573853,0.8815730214118958,288752
2000-10-16,0.6343035101890564,0.8962050080299377,0.8962050080299377,0.8925470113754272,0.8962050080299377,131562
2000-10-17,0.6368923187255859,0.8998630046844482,0.9035210013389587,0.8888890147209167,0.8925470113754272,642431
2000-10-18,0.6420704126358032,0.9071789979934692,0.9071789979934692,0.8925470113754272,0.8925470113754272,331467
2000-10-19,0.6627825498580933,0.9364429712295532,0.9364429712295532,0.9108369946479797,0.9108369946479797,242620
2000-10-20,0.6731386780738831,0.95107501745224,0.95107501745224,0.9327849745750427,0.9327849745750427,140105
2000-10-23,0.6834938526153564,0.9657059907913208,0.9693639874458313,0.9474170207977295,0.9474170207977295,210157
2000-10-24,0.6990283131599426,0.9876539707183838,0.9876539707183838,0.9657059907913208,0.9657059907913208,343427
2000-10-25,0.7067949771881104,0.9986280202865601,0.9986280202865601,0.9803379774093628,0.9839959740638733,423731
2000-10-26,0.7223289608955383,1.020576000213623,1.020576000213623,0.9949700236320496,0.9986280202865601,386142
2000-10-27,0.7456303834915161,1.0534980297088623,1.0681300163269043,1.020576000213623,1.0242340564727783,608259
2000-10-30,0.7508082389831543,1.0608140230178833,1.0608140230178833,1.0461820363998413,1.0534980297088623,386142
2000-10-31,0.7482189536094666,1.057155966758728,1.057155966758728,1.049839973449707,1.0534980297088623,254580
2000-11-01,0.7508082389831543,1.0608140230178833,1.064471960067749,1.057155966758728,1.057155966758728,500618
2000-11-02,0.7766983509063721,1.0973939895629883,1.0973939895629883,1.057155966758728,1.0608140230178833,355388
2000-11-03,0.7559859752655029,1.0681300163269043,1.0900779962539673,1.0681300163269043,1.0900779962539673,162316
2000-11-06,0.7585750818252563,1.07178795337677,1.0754460096359253,1.0681300163269043,1.07178795337677,52966
2000-11-07,0.7508082389831543,1.0608140230178833,1.0754460096359253,1.0461820363998413,1.07178795337677,234077
2000-11-08,0.765865683555603,1.079103946685791,1.079103946685791,1.0608140230178833,1.0608140230178833,225534
2000-11-09,0.7632693648338318,1.0754460096359253,1.079103946685791,1.0681300163269043,1.079103946685791,317798
2000-11-10,0.7580772638320923,1.0681300163269043,1.0754460096359253,1.0681300163269043,1.0754460096359253,216991
2000-11-13,0.765865683555603,1.079103946685791,1.0827620029449463,1.064471960067749,1.064471960067749,225534
2000-11-14,0.7632693648338318,1.0754460096359253,1.0864200592041016,1.064471960067749,1.079103946685791,198197
2000-11-15,0.7684620022773743,1.0827620029449463,1.0827620029449463,1.0681300163269043,1.0681300163269043,247746
2000-11-16,0.7554805278778076,1.064471960067749,1.0864200592041016,1.0608140230178833,1.0754460096359253,208448
2000-11-17,0.765865683555603,1.079103946685791,1.0900779962539673,1.0754460096359253,1.0754460096359253,145230
2000-11-20,0.7606731057167053,1.07178795337677,1.0827620029449463,1.07178795337677,1.0754460096359253,230660
2000-11-21,0.773654043674469,1.0900779962539673,1.0900779962539673,1.0681300163269043,1.0754460096359253,348553
2000-11-22,0.7892312407493591,1.1120259761810303,1.1120259761810303,1.0827620029449463,1.0864200592041016,275084
2000-11-24,0.8307694792747498,1.1705529689788818,1.1705529689788818,1.1083680391311646,1.1120259761810303,158899
2000-11-27,0.89307701587677,1.2583450078964233,1.309556007385254,1.1632369756698608,1.1632369756698608,1035408
2000-11-28,0.8307694792747498,1.1705529689788818,1.247370958328247,1.1522630453109741,1.247370958328247,953395
2000-11-29,0.8723081350326538,1.2290810346603394,1.2290810346603394,1.1559209823608398,1.1632369756698608,374182
2000-11-30,0.8697121143341064,1.225422978401184,1.232738971710205,1.2144490480422974,1.218106985092163,558710
2000-12-01,0.8826920986175537,1.2437130212783813,1.2437130212783813,1.2217650413513184,1.2217650413513184,237495
2000-12-04,0.8671156167984009,1.2217650413513184,1.247370958328247,1.210790991783142,1.2437130212783813,427148
2000-12-05,0.8411536812782288,1.1851849555969238,1.2290810346603394,1.1632369756698608,1.2071330547332764,562127
2000-12-06,0.8359612822532654,1.1778689622879028,1.2144490480422974,1.1705529689788818,1.1925009489059448,557002
2000-12-07,0.8826920986175537,1.2437130212783813,1.247370958328247,1.1778689622879028,1.1778689622879028,220409
2000-12-08,0.8904811143875122,1.254686951637268,1.3058979511260986,1.1998169422149658,1.2437130212783813,1093500
2000-12-11,0.9086542725563049,1.2802929878234863,1.2802929878234863,1.225422978401184,1.254686951637268,1387378
2000-12-12,0.8775001764297485,1.2363970279693604,1.2802929878234863,1.2290810346603394,1.2766350507736206,418605
2000-12-13,0.8567306995391846,1.2071330547332764,1.240054965019226,1.203474998474121,1.2363970279693604,416897
2000-12-14,0.8749037981033325,1.232738971710205,1.2510290145874023,1.203474998474121,1.203474998474121,387851
2000-12-15,0.8411536812782288,1.1851849555969238,1.225422978401184,1.1851849555969238,1.218106985092163,931184
2000-12-18,0.8333653807640076,1.174211025238037,1.1925009489059448,1.1632369756698608,1.188843011856079,170859
2000-12-19,0.8515380620956421,1.1998169422149658,1.2217650413513184,1.174211025238037,1.174211025238037,439109
2000-12-20,0.8125958442687988,1.1449470520019531,1.1925009489059448,1.1449470520019531,1.1925009489059448,150356
2000-12-21,0.8411536812782288,1.1851849555969238,1.1925009489059448,1.1449470520019531,1.1449470520019531,252872
2000-12-22,0.8697121143341064,1.225422978401184,1.225422978401184,1.174211025238037,1.1851849555969238,278501
2000-12-26,0.8255770802497864,1.1632369756698608,1.232738971710205,1.1632369756698608,1.225422978401184,251163
2000-12-27,0.8099998831748962,1.1412889957427979,1.174211025238037,1.1376310586929321,1.1595790386199951,322924
2000-12-28,0.8749037981033325,1.232738971710205,1.232738971710205,1.1412889957427979,1.1412889957427979,278501
2000-12-29,0.8333653807640076,1.174211025238037,1.2290810346603394,1.1705529689788818,1.218106985092163,425440
2001-01-02,0.797019898891449,1.1230000257492065,1.181527018547058,1.1193419694900513,1.181527018547058,316090
2001-01-03,0.8074033856391907,1.1376310586929321,1.1412889957427979,1.1303160190582275,1.1303160190582275,358805
2001-01-04,0.7892312407493591,1.1120259761810303,1.1412889957427979,1.1120259761810303,1.1339730024337769,794496
2001-01-05,0.7892312407493591,1.1120259761810303,1.1193419694900513,1.1120259761810303,1.1120259761810303,145230
2001-01-08,0.7918272614479065,1.1156840324401855,1.1156840324401855,1.1047099828720093,1.1120259761810303,155482
2001-01-09,0.7996152639389038,1.1266579627990723,1.1339730024337769,1.1120259761810303,1.1120259761810303,225534
2001-01-10,0.8229803442955017,1.1595790386199951,1.1595790386199951,1.1120259761810303,1.1266579627990723,329759
2001-01-11,0.8177879452705383,1.1522630453109741,1.1632369756698608,1.1486049890518188,1.1595790386199951,76887
2001-01-12,0.8177879452705383,1.1522630453109741,1.174211025238037,1.1486049890518188,1.1522630453109741,413480
2001-01-16,0.8151923418045044,1.1486049890518188,1.1559209823608398,1.1449470520019531,1.1449470520019531,134979
2001-01-17,0.7788464426994324,1.0973939895629883,1.1522630453109741,1.0973939895629883,1.1412889957427979,423731
2001-01-18,0.7710579037666321,1.0864200592041016,1.1047099828720093,1.0827620029449463,1.1047099828720093,271666
2001-01-19,0.7632693648338318,1.0754460096359253,1.1047099828720093,1.0754460096359253,1.0864200592041016,191363
2001-01-22,0.7606731057167053,1.07178795337677,1.0827620029449463,1.0681300163269043,1.0827620029449463,97390
2001-01-23,0.7580772638320923,1.0681300163269043,1.079103946685791,1.0681300163269043,1.0681300163269043,206740
2001-01-24,0.7476922869682312,1.0534980297088623,1.0827620029449463,1.0534980297088623,1.0754460096359253,280209
2001-01-25,0.7217307090759277,1.0169179439544678,1.0534980297088623,1.0169179439544678,1.0534980297088623,121310
2001-01-26,0.7009612917900085,0.9876539707183838,1.020576000213623,0.9876539707183838,1.020576000213623,153773
2001-01-29,0.7040770649909973,0.9920439720153809,1.0002379417419434,0.9861909747123718,0.9932140111923218,228952
2001-01-30,0.706153929233551,0.9949700236320496,0.9949700236320496,0.9856060147285461,0.9949700236320496,551876
2001-01-31,0.7331540584564209,1.0330129861831665,1.0534980297088623,0.9949700236320496,0.9949700236320496,2742293
2001-02-01,0.7306619882583618,1.029502034187317,1.0330129861831665,1.0183809995651245,1.0330129861831665,235786
2001-02-02,0.7485226988792419,1.0546679496765137,1.0593509674072266,1.0330129861831665,1.0330129861831665,225534
2001-02-05,0.7576622366905212,1.0675450563430786,1.0675450563430786,1.0505720376968384,1.0534980297088623,143522
2001-02-06,0.7643077373504639,1.0769089460372925,1.0839320421218872,1.0652029514312744,1.0675450563430786,293878
2001-02-07,0.7747209072113037,1.0886149406433105,1.091541051864624,1.0693000555038452,1.0769089460372925,121310
2001-02-08,0.7618086338043213,1.0704710483551025,1.0886149406433105,1.0698859691619873,1.0886149406433105,230660
2001-02-09,0.7755528092384338,1.0897849798202515,1.0991499423980713,1.0681300163269043,1.0739829540252686,302421
2001-02-12,0.7697219252586365,1.081591010093689,1.0921260118484497,1.081591010093689,1.0921260118484497,268249
2001-02-13,0.8155390620231628,1.1459720134735107,1.1459720134735107,1.0874439477920532,1.0874439477920532,369056
2001-02-14,0.8055425882339478,1.1319249868392944,1.1471420526504517,1.1266579627990723,1.1471420526504517,206740
2001-02-15,0.8288679718971252,1.164700984954834,1.164700984954834,1.1295839548110962,1.1295839548110962,237495
2001-02-16,0.8192873001098633,1.151239037513733,1.1793320178985596,1.1494829654693604,1.1793320178985596,420314
2001-02-20,0.8038765788078308,1.1295839548110962,1.1535799503326416,1.1295839548110962,1.148313045501709,128145
2001-02-21,0.8321992754936218,1.1693830490112305,1.1851849555969238,1.1442159414291382,1.1442159414291382,273375
2001-02-22,0.8109573721885681,1.1395339965820312,1.1705529689788818,1.1360219717025757,1.1705529689788818,345136
2001-02-23,0.818455159664154,1.150068998336792,1.152994990348816,1.1266579627990723,1.1395339965820312,109350
2001-02-26,0.8301169872283936,1.1664559841156006,1.1664559841156006,1.1524100303649902,1.1524100303649902,199905
2001-02-27,0.8134559392929077,1.1430449485778809,1.1652859449386597,1.1325099468231201,1.164700984954834,322924
2001-02-28,0.8413630723953247,1.1822589635849,1.1822589635849,1.1430449485778809,1.1430449485778809,483532
2001-03-01,0.8309503197669983,1.167626976966858,1.1769909858703613,1.1617740392684937,1.1769909858703613,114476
2001-03-02,0.8380312323570251,1.177577018737793,1.177577018737793,1.1682120561599731,1.1682120561599731,531373
2001-03-05,0.8380312323570251,1.177577018737793,1.1881120204925537,1.1717239618301392,1.1822589635849,128145
2001-03-06,0.843445360660553,1.1851849555969238,1.189281940460205,1.1793320178985596,1.1793320178985596,220409
2001-03-07,0.8651043772697449,1.2156200408935547,1.2261550426483154,1.1851849555969238,1.1851849555969238,545041
2001-03-08,0.865937352180481,1.216789960861206,1.2243989706039429,1.2115230560302734,1.2173750400543213,246038
2001-03-09,0.8767666816711426,1.2320070266723633,1.2466390132904053,1.2056699991226196,1.2144490480422974,669769
2001-03-12,0.8496930599212646,1.1939640045166016,1.2466390132904053,1.190453052520752,1.2466390132904053,252872
2001-03-13,0.8355318307876587,1.1740649938583374,1.1939640045166016,1.162945032119751,1.1910380125045776,234077
2001-03-14,0.8205369710922241,1.152994990348816,1.1705529689788818,1.150068998336792,1.1705529689788818,172568
2001-03-15,0.8197041749954224,1.1518239974975586,1.152994990348816,1.137192964553833,1.1518239974975586,99098
2001-03-16,0.8051263093948364,1.1313400268554688,1.152994990348816,1.1313400268554688,1.152994990348816,572379
2001-03-19,0.8163720369338989,1.1471420526504517,1.1471420526504517,1.1184639930725098,1.1325099468231201,275084
2001-03-20,0.7951293587684631,1.1172930002212524,1.152994990348816,1.1149519681930542,1.150068998336792,220409
2001-03-21,0.7892982363700867,1.10909903049469,1.1149519681930542,1.1032459735870361,1.1149519681930542,68344
2001-03-22,0.7726373672485352,1.0856879949569702,1.1067579984664917,1.0681300163269043,1.1067579984664917,146939
2001-03-23,0.8163720369338989,1.1471420526504517,1.1471420526504517,1.086272954940796,1.0868589878082275,198197
2001-03-26,0.8122066855430603,1.1412889957427979,1.1471420526504517,1.1395339965820312,1.1442159414291382,107641
2001-03-27,0.8338656425476074,1.1717239618301392,1.1717239618301392,1.130753993988037,1.137192964553833,189654
2001-03-28,0.8142897486686707,1.1442159414291382,1.174649953842163,1.1395339965820312,1.1693830490112305,145230
2001-03-29,0.7997116446495056,1.123731017112732,1.1448010206222534,1.10909903049469,1.1412889957427979,187945
2001-03-30,0.8038765788078308,1.1295839548110962,1.1295839548110962,1.1120259761810303,1.123731017112732,813291
2001-04-02,0.8238692283630371,1.1576770544052124,1.1822589635849,1.125486969947815,1.1295839548110962,259706
2001-04-03,0.8267846703529358,1.1617740392684937,1.1617740392684937,1.1518239974975586,1.1576770544052124,80304
2001-04-04,0.8230365514755249,1.1565070152282715,1.164700984954834,1.1559209823608398,1.1588480472564697,99098
2001-04-05,0.8601058721542358,1.2085959911346436,1.2085959911346436,1.1588480472564697,1.1588480472564697,215283
2001-04-06,0.8455286026000977,1.1881120204925537,1.2103519439697266,1.1851849555969238,1.2085959911346436,425440
2001-04-09,0.8297005891799927,1.165871024131775,1.1881120204925537,1.152994990348816,1.1881120204925537,252872
2001-04-10,0.8117901086807251,1.1407040357589722,1.1594330072402954,1.136607050895691,1.1412889957427979,293878
2001-04-11,0.7997116446495056,1.123731017112732,1.145385980606079,1.122560977935791,1.1412889957427979,169151
2001-04-12,0.8005445599555969,1.1249020099639893,1.1266579627990723,1.1190489530563354,1.125486969947815,68344
2001-04-16,0.7997116446495056,1.123731017112732,1.1266579627990723,1.123731017112732,1.123731017112732,64927
2001-04-17,0.8084582090377808,1.1360219717025757,1.1360219717025757,1.123731017112732,1.1249020099639893,213574
2001-04-18,0.8051263093948364,1.1313400268554688,1.1412889957427979,1.1126110553741455,1.13543701171875,370765
2001-04-19,0.8017937541007996,1.1266579627990723,1.1342660188674927,1.1149519681930542,1.1295839548110962,280209
2001-04-20,0.7643076777458191,1.0739829540252686,1.1260720491409302,1.0593509674072266,1.1260720491409302,425440
2001-04-23,0.7538946866989136,1.0593509674072266,1.0710560083389282,1.0476449728012085,1.0710560083389282,121310
2001-04-24,0.730985701084137,1.0271600484848022,1.0681300163269043,1.0136990547180176,1.0622769594192505,215283
2001-04-25,0.7580591440200806,1.0652029514312744,1.0652029514312744,1.0242340564727783,1.0300869941711426,167442
2001-04-26,0.7684723734855652,1.079835057258606,1.079835057258606,1.0681300163269043,1.0710560083389282,107641
2001-04-27,0.787216067314148,1.106173038482666,1.106173038482666,1.0821759700775146,1.0821759700775146,169151
2001-04-30,0.777219295501709,1.0921260118484497,1.120805025100708,1.0921260118484497,1.1149519681930542,205031
2001-05-01,0.7897146344184875,1.1096839904785156,1.1120259761810303,1.0827620029449463,1.094467043876648,111059
2001-05-02,0.7926301956176758,1.1137809753417969,1.1172930002212524,1.10909903049469,1.1120259761810303,27338
2001-05-03,0.7768032550811768,1.091541051864624,1.1178779602050781,1.091541051864624,1.10909903049469,114476
2001-05-04,0.8084582090377808,1.1360219717025757,1.1360219717025757,1.0769089460372925,1.0886149406433105,343427
2001-05-07,0.7955455780029297,1.1178779602050781,1.1360219717025757,1.1172930002212524,1.1360219717025757,131562
2001-05-08,0.7809295058250427,1.094467043876648,1.1120259761810303,1.0827620029449463,1.1120259761810303,114476
2001-05-09,0.7663134336471558,1.0739829540252686,1.1003199815750122,1.0622769594192505,1.1003199815750122,155482
2001-05-10,0.7775886058807373,1.0897849798202515,1.0897849798202515,1.0710560083389282,1.0769089460372925,210157
2001-05-11,0.7600486278533936,1.0652029514312744,1.0856879949569702,1.0652029514312744,1.0856879949569702,54675
2001-05-14,0.757125973701477,1.0611070394515991,1.0681300163269043,1.0564240217208862,1.0652029514312744,64927
2001-05-15,0.7579610347747803,1.0622769594192505,1.0769089460372925,1.049401044845581,1.0611070394515991,181111
2001-05-16,0.7913694381713867,1.10909903049469,1.1178779602050781,1.0652029514312744,1.0652029514312744,256289
2001-05-17,0.7759178876876831,1.0874439477920532,1.120805025100708,1.0716420412063599,1.10909903049469,456195
2001-05-18,0.7642251253128052,1.0710560083389282,1.0827620029449463,1.0652029514312744,1.0827620029449463,136688
2001-05-21,0.8018102049827576,1.123731017112732,1.123731017112732,1.0739829540252686,1.0739829540252686,401520
2001-05-22,0.7934581637382507,1.1120259761810303,1.1190489530563354,1.106173038482666,1.1190489530563354,97390
2001-05-23,0.7763357162475586,1.0880290269851685,1.1149519681930542,1.0845179557800293,1.1149519681930542,148648
2001-05-24,0.7717417478561401,1.081591010093689,1.0886149406433105,1.0546679496765137,1.0886149406433105,175985
2001-05-25,0.7734123468399048,1.0839320421218872,1.0886149406433105,1.0780800580978394,1.0780800580978394,164025
2001-05-29,0.7725777626037598,1.0827620029449463,1.0886149406433105,1.0728119611740112,1.0839320421218872,141813
2001-05-30,0.7775886058807373,1.0897849798202515,1.09505295753479,1.0769089460372925,1.083346962928772,225534
2001-05-31,0.7871934175491333,1.1032459735870361,1.1149519681930542,1.0927109718322754,1.0927109718322754,239203
2001-06-01,0.7800946235656738,1.093297004699707,1.1003199815750122,1.0839320421218872,1.1003199815750122,76887
2001-06-04,0.7947102785110474,1.1137809753417969,1.1137809753417969,1.0903700590133667,1.0903700590133667,83721
2001-06-05,0.80389803647995,1.1266579627990723,1.1266579627990723,1.1167080402374268,1.1167080402374268,302421
2001-06-06,0.7938752770423889,1.1126110553741455,1.123731017112732,1.1003199815750122,1.120805025100708,201614
2001-06-07,0.7888644933700562,1.1055879592895508,1.10909903049469,1.097978949546814,1.10909903049469,104224
2001-06-08,0.7846881747245789,1.0997350215911865,1.106173038482666,1.083346962928772,1.1032459735870361,280209
2001-06-11,0.7913694381713867,1.10909903049469,1.1102700233459473,1.1003199815750122,1.1003199815750122,177694
2001-06-12,0.7838529944419861,1.0985640287399292,1.1102700233459473,1.0921260118484497,1.10909903049469,252872
2001-06-13,0.7884461283683777,1.1050020456314087,1.1120259761810303,1.1014909744262695,1.106173038482666,292170
2001-06-14,0.7692368626594543,1.0780800580978394,1.1050020456314087,1.0745680332183838,1.1050020456314087,146939
2001-06-15,0.7976334691047668,1.1178779602050781,1.1178779602050781,1.0681300163269043,1.0681300163269043,744947
2001-06-18,0.7955461144447327,1.1149519681930542,1.1249020099639893,1.1149519681930542,1.1172930002212524,66635
2001-06-19,0.790535032749176,1.107928991317749,1.1202189922332764,1.107928991317749,1.1149519681930542,49549
2001-06-20,0.80389803647995,1.1266579627990723,1.1266579627990723,1.110854983329773,1.110854983329773,276792
2001-06-21,0.8013926148414612,1.1231460571289062,1.1266579627990723,1.1196340322494507,1.1266579627990723,396394
2001-06-22,0.7788416743278503,1.091541051864624,1.1213899850845337,1.0856879949569702,1.1178779602050781,201614
2001-06-25,0.7767540216445923,1.0886149406433105,1.0927109718322754,1.083346962928772,1.0886149406433105,164025
2001-06-26,0.7863585948944092,1.1020760536193848,1.10909903049469,1.0880290269851685,1.091541051864624,293878
2001-06-27,0.8030630946159363,1.125486969947815,1.1266579627990723,1.1050020456314087,1.1050020456314087,288752
2001-06-28,0.80389803647995,1.1266579627990723,1.1266579627990723,1.120805025100708,1.123731017112732,580922
2001-06-29,0.8314605355262756,1.1652859449386597,1.1652859449386597,1.123731017112732,1.123731017112732,1160135
2001-07-02,0.8406476974487305,1.1781619787216187,1.1998169422149658,1.145385980606079,1.167626976966858,657809
2001-07-03,0.8427354097366333,1.1810879707336426,1.1863559484481812,1.165871024131775,1.1793320178985596,129853
2001-07-05,0.8414831757545471,1.1793320178985596,1.1881120204925537,1.1617740392684937,1.1769909858703613,553584
2001-07-06,0.8247783184051514,1.1559209823608398,1.1764060258865356,1.1442159414291382,1.1764060258865356,170859
2001-07-09,0.8268667459487915,1.1588480472564697,1.160017967224121,1.1494829654693604,1.152994990348816,117893
2001-07-10,0.7955461144447327,1.1149519681930542,1.152994990348816,1.1120259761810303,1.152994990348816,469863
2001-07-11,0.7930400967597961,1.1114399433135986,1.1143670082092285,1.1003199815750122,1.1143670082092285,199905
2001-07-12,0.8122502565383911,1.138363003730774,1.1471420526504517,1.1143670082092285,1.1143670082092285,281918
2001-07-13,0.8348011374473572,1.1699680089950562,1.1764060258865356,1.140118956565857,1.140118956565857,184528
2001-07-16,0.8226904273033142,1.152994990348816,1.1734800338745117,1.150068998336792,1.1705529689788818,210157
2001-07-17,0.8143384456634521,1.1412889957427979,1.1436309814453125,1.1243159770965576,1.1436309814453125,355388
2001-07-18,0.8089095950126648,1.133681058883667,1.152994990348816,1.1266579627990723,1.1412889957427979,138396
2001-07-19,0.8268667459487915,1.1588480472564697,1.1594330072402954,1.1295839548110962,1.1295839548110962,71761
2001-07-20,0.8581869602203369,1.2027430534362793,1.2062549591064453,1.1576770544052124,1.1588480472564697,281918
2001-07-23,0.8410652875900269,1.1787470579147339,1.1998169422149658,1.177577018737793,1.1998169422149658,152065
2001-07-24,0.8256142735481262,1.1570919752120972,1.1822589635849,1.1395339965820312,1.1822589635849,196488
2001-07-25,0.8373067378997803,1.1734800338745117,1.1734800338745117,1.1570919752120972,1.1588480472564697,95681
2001-07-26,0.8623630404472351,1.2085959911346436,1.2203019857406616,1.1705529689788818,1.1734800338745117,389559
2001-07-27,0.8581869602203369,1.2027430534362793,1.2144490480422974,1.196890950202942,1.2085959911346436,76887
2001-07-30,0.8185141682624817,1.1471420526504517,1.2027430534362793,1.1295839548110962,1.2027430534362793,1327577
2001-07-31,0.8247783184051514,1.1559209823608398,1.1588480472564697,1.1471420526504517,1.1471420526504517,338302
2001-08-01,0.8185141682624817,1.1471420526504517,1.1518239974975586,1.13543701171875,1.1518239974975586,128145
2001-08-02,0.8293725252151489,1.1623589992523193,1.1623589992523193,1.138363003730774,1.150068998336792,165734
2001-08-03,0.8302074074745178,1.1635299921035767,1.164700984954834,1.150068998336792,1.1588480472564697,189654
2001-08-06,0.8243611454963684,1.1553360223770142,1.164700984954834,1.1553360223770142,1.1635299921035767,30755
2001-08-07,0.8239439129829407,1.154750943183899,1.164700984954834,1.151239037513733,1.152994990348816,140105
2001-08-08,0.7958919405937195,1.1126110553741455,1.1559209823608398,1.0973939895629883,1.150068998336792,867966
2001-08-09,0.7896119952201843,1.1038320064544678,1.1120259761810303,1.094467043876648,1.1120259761810303,237495
2001-08-10,0.7875182628631592,1.100904941558838,1.1026610136032104,1.0973939895629883,1.1026610136032104,268249
2001-08-13,0.7891930937767029,1.1032459735870361,1.1032459735870361,1.094467043876648,1.09505295753479,184528
2001-08-14,0.80677729845047,1.1278280019760132,1.1448010206222534,1.0973939895629883,1.0973939895629883,340010
2001-08-15,0.7954738736152649,1.1120259761810303,1.122560977935791,1.1120259761810303,1.122560977935791,56384
2001-08-16,0.800916314125061,1.1196340322494507,1.123731017112732,1.110854983329773,1.1126110553741455,167442
2001-08-17,0.8004975318908691,1.1190489530563354,1.125486969947815,1.1178779602050781,1.1196340322494507,66635
2001-08-20,0.8185004591941833,1.1442159414291382,1.1442159414291382,1.1172930002212524,1.1172930002212524,234077
2001-08-21,0.8226873278617859,1.150068998336792,1.167626976966858,1.1471420526504517,1.1471420526504517,80304
2001-08-22,0.8331544399261475,1.164700984954834,1.164700984954834,1.1471420526504517,1.1471420526504517,198197
2001-08-23,0.8448761701583862,1.1810879707336426,1.1886969804763794,1.1588480472564697,1.1588480472564697,104224
2001-08-24,0.8729276061058044,1.2203019857406616,1.2203019857406616,1.1822589635849,1.1822589635849,228952
2001-08-27,0.8607860207557678,1.2033289670944214,1.2214720249176025,1.2033289670944214,1.2203019857406616,116184
2001-08-28,0.8205935955047607,1.1471420526504517,1.2056699991226196,1.1295839548110962,1.2056699991226196,425440
2001-08-29,0.8251993656158447,1.1535799503326416,1.1535799503326416,1.1442159414291382,1.1471420526504517,153773
2001-08-30,0.8348283171653748,1.1670420169830322,1.1670420169830322,1.1535799503326416,1.1535799503326416,97390
2001-08-31,0.8490633964538574,1.1869410276412964,1.196890950202942,1.1623589992523193,1.167626976966858,225534
2001-09-04,0.8746023178100586,1.2226430177688599,1.2261550426483154,1.189281940460205,1.189281940460205,148648
2001-09-05,0.8691591024398804,1.215034008026123,1.227910041809082,1.2085959911346436,1.2232279777526855,124727
2001-09-06,0.8565991520881653,1.1974760293960571,1.2115230560302734,1.1916229724884033,1.2115230560302734,191363
2001-09-07,0.8264553546905518,1.1553360223770142,1.1974760293960571,1.1553360223770142,1.1939640045166016,206740
2001-09-10,0.7996597290039062,1.1178779602050781,1.164700984954834,1.106173038482666,1.164700984954834,521121
2001-09-17,0.7661664485931396,1.0710560083389282,1.1120259761810303,1.0652029514312744,1.1120259761810303,293878
2001-09-18,0.7435583472251892,1.039451003074646,1.0564240217208862,1.038280963897705,1.0564240217208862,252872
2001-09-19,0.7113209366798401,0.9943850040435791,1.0335990190505981,0.9943850040435791,1.0335990190505981,379308
2001-09-20,0.6594057679176331,0.9218109846115112,0.9943850040435791,0.9218109846115112,0.9943850040435791,208448
2001-09-21,0.628423810005188,0.8784999847412109,0.8984000086784363,0.8761590123176575,0.8779150247573853,758616
2001-09-24,0.6476829648017883,0.9054229855537415,0.9054229855537415,0.881426990032196,0.881426990032196,280209
2001-09-25,0.6514503359794617,0.9106900095939636,0.9106900095939636,0.8984000086784363,0.9013260006904602,131562
2001-09-26,0.6300985813140869,0.8808410167694092,0.9071789979934692,0.8779150247573853,0.9071789979934692,346845
2001-09-27,0.6305177211761475,0.881426990032196,0.882597029209137,0.8779150247573853,0.8808410167694092,521121
2001-09-28,0.651032030582428,0.9101049900054932,0.9147869944572449,0.881426990032196,0.881426990032196,415188
2001-10-01,0.6292614340782166,0.8796709775924683,0.908935010433197,0.8796709775924683,0.908935010433197,199905
2001-10-02,0.6342853903770447,0.8866940140724182,0.8866940140724182,0.8779150247573853,0.8796709775924683,560419
2001-10-03,0.64433354139328,0.9007409811019897,0.9019110202789307,0.8779150247573853,0.8779150247573853,249455
2001-10-04,0.6573122143745422,0.9188839793205261,0.9188839793205261,0.9013260006904602,0.9013260006904602,138396
2001-10-05,0.6422401070594788,0.8978139758110046,0.9218109846115112,0.8773300051689148,0.9188839793205261,1959757
2001-10-08,0.6455900073051453,0.9024969935417175,0.9048380255699158,0.8984000086784363,0.8984000086784363,124727
2001-10-09,0.6321924328804016,0.8837680220603943,0.9042519927024841,0.8773300051689148,0.8984000086784363,987567
2001-10-10,0.6468452215194702,0.9042519927024841,0.9042519927024841,0.8837680220603943,0.8837680220603943,386142
2001-10-11,0.6430776119232178,0.8989850282669067,0.9130319952964783,0.8896200060844421,0.9042519927024841,227243
2001-10-12,0.6405652761459351,0.8954730033874512,0.8989850282669067,0.8925470113754272,0.8989850282669067,158899
2001-10-15,0.6447520852088928,0.9013260006904602,0.9036669731140137,0.8954730033874512,0.8984000086784363,152065
2001-10-16,0.6635921001434326,0.9276630282402039,0.9276630282402039,0.9013260006904602,0.9013260006904602,257998
2001-10-17,0.6681978702545166,0.9341019988059998,0.9440510272979736,0.9335160255432129,0.9335160255432129,594591
2001-10-18,0.6698724627494812,0.9364429712295532,0.9534159898757935,0.9364429712295532,0.9487329721450806,210157
2001-10-19,0.6573122143745422,0.9188839793205261,0.9370279908180237,0.9013260006904602,0.9370279908180237,406645
2001-10-22,0.6761524677276611,0.945222020149231,0.945222020149231,0.9194700121879578,0.9218109846115112,179402
2001-10-23,0.6866195797920227,0.959854006767273,0.9657059907913208,0.9446359872817993,0.945222020149231,80304
2001-10-24,0.6870376467704773,0.9604390263557434,0.9657059907913208,0.959854006767273,0.959854006767273,124727
2001-10-25,0.6991792321205139,0.9774119853973389,0.9774119853973389,0.9481480121612549,0.9604390263557434,276792
2001-10-26,0.6991792321205139,0.9774119853973389,0.9879469871520996,0.9657059907913208,0.9803379774093628,230660
2001-10-29,0.6832696199417114,0.9551709890365601,0.9715589880943298,0.9534159898757935,0.9715589880943298,112767
2001-10-30,0.6719658374786377,0.9393690228462219,0.9540010094642639,0.9364429712295532,0.9540010094642639,97390
2001-10-31,0.6803396344184875,0.95107501745224,0.95107501745224,0.9393690228462219,0.9393690228462219,155482
2001-11-01,0.6928994655609131,0.9686329960823059,0.9686329960823059,0.9440510272979736,0.95107501745224,136688
2001-11-02,0.6983414888381958,0.9762409925460815,0.9774119853973389,0.9651209712028503,0.9680479764938354,52966
2001-11-05,0.7012724876403809,0.9803379774093628,0.9885320067405701,0.9762409925460815,0.9762409925460815,215283
2001-11-06,0.7113209366798401,0.9943850040435791,0.9943850040435791,0.9803379774093628,0.9861909747123718,211866
2001-11-07,0.7159262895584106,1.0008230209350586,1.0008230209350586,0.9891179800033569,0.9891179800033569,136688
2001-11-08,0.6970863342285156,0.9744859933853149,1.0008230209350586,0.9744859933853149,0.9984819889068604,216991
2001-11-09,0.699597954750061,0.9779970049858093,0.9803379774093628,0.9774119853973389,0.9774119853973389,54675
2001-11-12,0.7125769257545471,0.9961410164833069,0.9961410164833069,0.9803379774093628,0.9803379774093628,76887
2001-11-13,0.7242997884750366,1.0125290155410767,1.0125290155410767,0.9926289916038513,0.9949700236320496,164025
2001-11-14,0.7494195699691772,1.0476449728012085,1.0476449728012085,1.0125290155410767,1.0125290155410767,93973
2001-11-15,0.7410465478897095,1.0359400510787964,1.0681300163269043,1.0359400510787964,1.0476449728012085,485241
2001-11-16,0.7565371990203857,1.0575950145721436,1.0593509674072266,1.0330129861831665,1.0388660430908203,357096
2001-11-19,0.7552812695503235,1.055838942527771,1.0564240217208862,1.0447189807891846,1.0564240217208862,107641
2001-11-20,0.7556993365287781,1.0564240217208862,1.0628620386123657,1.0534980297088623,1.0564240217208862,136688
2001-11-21,0.7536064386367798,1.0534980297088623,1.0534980297088623,1.0447189807891846,1.0534980297088623,92264
2001-11-23,0.7628172636032104,1.0663739442825317,1.0681300163269043,1.0534980297088623,1.0534980297088623,80304
2001-11-26,0.8076152801513672,1.1289989948272705,1.1289989948272705,1.0710560083389282,1.0710560083389282,348553
2001-11-27,0.8021720051765442,1.1213899850845337,1.1266579627990723,1.1120259761810303,1.1266579627990723,240912
2001-11-28,0.7958919405937195,1.1126110553741455,1.1167080402374268,1.1096839904785156,1.1155370473861694,181111
2001-11-29,0.8310602903366089,1.1617740392684937,1.1617740392684937,1.1149519681930542,1.1149519681930542,297295
2001-11-30,0.8080334663391113,1.1295839548110962,1.2495659589767456,1.1295839548110962,1.1705529689788818,2074233
2001-12-03,0.7954738736152649,1.1120259761810303,1.123731017112732,1.094467043876648,1.123731017112732,394685
2001-12-04,0.8205935955047607,1.1471420526504517,1.151239037513733,1.1149519681930542,1.1149519681930542,440817
2001-12-05,0.8205935955047607,1.1471420526504517,1.1764060258865356,1.1471420526504517,1.150068998336792,505744
2001-12-06,0.8298044800758362,1.160017967224121,1.160017967224121,1.1471420526504517,1.1471420526504517,199905
2001-12-07,0.8394337892532349,1.1734800338745117,1.1810879707336426,1.160017967224121,1.160017967224121,266541
2001-12-10,0.8310602903366089,1.1617740392684937,1.1758209466934204,1.1606040000915527,1.1734800338745117,107641
2001-12-11,0.8222681879997253,1.1494829654693604,1.1617740392684937,1.1488980054855347,1.1617740392684937,271666
2001-12-12,0.8243617415428162,1.1524100303649902,1.1535799503326416,1.148313045501709,1.152994990348816,141813
2001-12-13,0.8097083568572998,1.1319249868392944,1.1588480472564697,1.1319249868392944,1.1559209823608398,558710
2001-12-14,0.8314793109893799,1.1623589992523193,1.1623589992523193,1.13543701171875,1.13543701171875,165734
2001-12-17,0.8411082625389099,1.1758209466934204,1.1822589635849,1.164700984954834,1.164700984954834,406645
2001-12-18,0.8570176959037781,1.1980609893798828,1.1980609893798828,1.1670420169830322,1.1752350330352783,519413
2001-12-19,0.8666480183601379,1.2115230560302734,1.227910041809082,1.1998169422149658,1.2056699991226196,464738
2001-12-20,0.8645536303520203,1.2085959911346436,1.2203019857406616,1.1822589635849,1.2121080160140991,457903
2001-12-21,0.8658098578453064,1.2103519439697266,1.2115230560302734,1.1986470222473145,1.2027430534362793,1170387
2001-12-24,0.8658098578453064,1.2103519439697266,1.2115230560302734,1.1986470222473145,1.1986470222473145,223826
2001-12-26,0.8708337545394897,1.2173750400543213,1.2173750400543213,1.2039140462875366,1.2103519439697266,203323
2001-12-27,0.8641355037689209,1.2080110311508179,1.2144490480422974,1.2056699991226196,1.2115230560302734,317798
2001-12-28,0.8687410950660706,1.2144490480422974,1.2144490480422974,1.2068400382995605,1.2068400382995605,162316
2001-12-31,0.8373406529426575,1.1705529689788818,1.2103519439697266,1.1705529689788818,1.2103519439697266,539916
2002-01-02,0.8310602903366089,1.1617740392684937,1.1705529689788818,1.13543701171875,1.1705529689788818,444234
2002-01-03,0.8545063734054565,1.1945500373840332,1.1945500373840332,1.1611889600753784,1.1611889600753784,191363
2002-01-04,0.8725093603134155,1.219717025756836,1.2203019857406616,1.1945500373840332,1.1945500373840332,331467
2002-01-07,0.8436207175254822,1.1793320178985596,1.2203019857406616,1.1793320178985596,1.2173750400543213,310964
2002-01-08,0.8373406529426575,1.1705529689788818,1.1822589635849,1.1652859449386597,1.1822589635849,239203
2002-01-09,0.8323163986206055,1.1635299921035767,1.174649953842163,1.1606040000915527,1.1699680089950562,254580
2002-01-10,0.8369218111038208,1.1699680089950562,1.1711390018463135,1.160017967224121,1.1635299921035767,222117
2002-01-11,0.8318979144096375,1.162945032119751,1.1734800338745117,1.162945032119751,1.1705529689788818,111059
2002-01-14,0.8314793109893799,1.1623589992523193,1.1723090410232544,1.1617740392684937,1.164700984954834,353679
2002-01-15,0.8365029692649841,1.1693830490112305,1.1693830490112305,1.1588480472564697,1.165871024131775,152065
2002-01-16,0.824780285358429,1.152994990348816,1.1752350330352783,1.152994990348816,1.1705529689788818,357096
2002-01-17,0.8394337892532349,1.1734800338745117,1.1793320178985596,1.154750943183899,1.154750943183899,461320
2002-01-18,0.7988230586051941,1.1167080402374268,1.1752350330352783,1.1167080402374268,1.1734800338745117,449360
2002-01-22,0.8017538785934448,1.120805025100708,1.13543701171875,1.1149519681930542,1.1149519681930542,271666
2002-01-23,0.8021720051765442,1.1213899850845337,1.1266579627990723,1.1143670082092285,1.1178779602050781,189654
2002-01-24,0.7870998382568359,1.1003199815750122,1.1190489530563354,1.1003199815750122,1.1178779602050781,271666
2002-01-25,0.801334798336029,1.1202189922332764,1.123731017112732,1.1003199815750122,1.1003199815750122,167442
2002-01-28,0.8138951659202576,1.1377780437469482,1.1412889957427979,1.1190489530563354,1.120805025100708,196488
2002-01-29,0.8080334663391113,1.1295839548110962,1.1389479637145996,1.1266579627990723,1.1377780437469482,186237
2002-01-30,0.8210119009017944,1.1477270126342773,1.1477270126342773,1.1131960153579712,1.1295839548110962,362222
2002-01-31,0.8398525714874268,1.1740649938583374,1.1740649938583374,1.1442159414291382,1.1471420526504517,557002
2002-02-01,0.8289671540260315,1.1588480472564697,1.1740649938583374,1.1588480472564697,1.1740649938583374,157191
2002-02-04,0.8205935955047607,1.1471420526504517,1.164700984954834,1.1418750286102295,1.1588480472564697,257998
2002-02-05,0.8264553546905518,1.1553360223770142,1.1723090410232544,1.1459720134735107,1.1459720134735107,225534
2002-02-06,0.8134765028953552,1.137192964553833,1.1576770544052124,1.137192964553833,1.152994990348816,247746
2002-02-07,0.8034018874168396,1.1202189922332764,1.13543701171875,1.1196340322494507,1.1342660188674927,148648
2002-02-08,0.8235501646995544,1.148313045501709,1.148313045501709,1.1167080402374268,1.1196340322494507,314381
2002-02-11,0.828167736530304,1.154750943183899,1.154750943183899,1.1412889957427979,1.1424599885940552,165734
2002-02-12,0.8155750036239624,1.137192964553833,1.1518239974975586,1.1325099468231201,1.1518239974975586,187945
2002-02-13,0.8340441584587097,1.162945032119751,1.162945032119751,1.137192964553833,1.137192964553833,133270
2002-02-14,0.8336243629455566,1.1623589992523193,1.1734800338745117,1.1588480472564697,1.162945032119751,266541
2002-02-15,0.8298468589782715,1.1570919752120972,1.164700984954834,1.1477270126342773,1.1606040000915527,222117
2002-02-19,0.8101180195808411,1.1295839548110962,1.152994990348816,1.1272430419921875,1.152994990348816,143522
2002-02-20,0.8428579568862915,1.1752350330352783,1.1752350330352783,1.1325099468231201,1.1325099468231201,348553
2002-02-21,0.8231297135353088,1.1477270126342773,1.1758209466934204,1.1471420526504517,1.174649953842163,353679
2002-02-22,0.8457967638969421,1.1793320178985596,1.1793320178985596,1.1471420526504517,1.1477270126342773,307547
2002-02-25,0.8436980247497559,1.1764060258865356,1.1764060258865356,1.160017967224121,1.1764060258865356,167442
2002-02-26,0.8395006656646729,1.1705529689788818,1.1793320178985596,1.1705529689788818,1.1764060258865356,138396
2002-02-27,0.8457967638969421,1.1793320178985596,1.1793320178985596,1.1705529689788818,1.1764060258865356,136688
2002-02-28,0.840759813785553,1.1723090410232544,1.1793320178985596,1.167626976966858,1.1793320178985596,175985
2002-03-01,0.8457967638969421,1.1793320178985596,1.1793320178985596,1.1617740392684937,1.1764060258865356,256289
2002-03-04,0.8583892583847046,1.196890950202942,1.1998169422149658,1.1793320178985596,1.1793320178985596,411771
2002-03-05,0.8604876399040222,1.1998169422149658,1.1998169422149658,1.1939640045166016,1.196890950202942,215283
2002-03-06,0.8646853566169739,1.2056699991226196,1.2074259519577026,1.1992319822311401,1.1998169422149658,230660
2002-03-07,0.8567106127738953,1.1945500373840332,1.2115230560302734,1.1939640045166016,1.2027430534362793,234077
2002-03-08,0.8625866770744324,1.2027430534362793,1.2097669839859009,1.196890950202942,1.1986470222473145,305838
2002-03-11,0.8646853566169739,1.2056699991226196,1.2085959911346436,1.1998169422149658,1.2027430534362793,58092
2002-03-12,0.8604876399040222,1.1998169422149658,1.2085959911346436,1.196890950202942,1.2056699991226196,114476
2002-03-13,0.8558710217475891,1.1933790445327759,1.2027430534362793,1.1851849555969238,1.2027430534362793,61509
2002-03-14,0.8646853566169739,1.2056699991226196,1.2062549591064453,1.1881120204925537,1.1933790445327759,184528
2002-03-15,0.8722416758537292,1.2162050008773804,1.2162050008773804,1.1939640045166016,1.1939640045166016,517704
2002-03-18,0.8772778511047363,1.2232279777526855,1.2232279777526855,1.215034008026123,1.2162050008773804,148648
2002-03-19,0.8802163600921631,1.2273249626159668,1.2284959554672241,1.2185460329055786,1.2232279777526855,78595
2002-03-20,0.8709821701049805,1.2144490480422974,1.2290810346603394,1.2144490480422974,1.2290810346603394,148648
2002-03-21,0.8856737613677979,1.2349339723587036,1.2349339723587036,1.2144490480422974,1.2144490480422974,193071
2002-03-22,0.8856737613677979,1.2349339723587036,1.2407859563827515,1.2290810346603394,1.2349339723587036,140105
2002-03-25,0.8835740089416504,1.2320070266723633,1.2407859563827515,1.2203019857406616,1.2320070266723633,281918
2002-03-26,0.9003633260726929,1.2554179430007935,1.256003975868225,1.2349339723587036,1.2349339723587036,143522
2002-03-27,0.8902902007102966,1.241371989250183,1.2729769945144653,1.241371989250183,1.2612709999084473,358805
2002-03-28,0.8856737613677979,1.2349339723587036,1.2483949661254883,1.2320070266723633,1.241371989250183,288752
2002-04-01,0.8814759850502014,1.2290810346603394,1.2320070266723633,1.2232279777526855,1.2320070266723633,244329
2002-04-02,0.8772778511047363,1.2232279777526855,1.2349339723587036,1.2232279777526855,1.2320070266723633,123019
2002-04-03,0.8646853566169739,1.2056699991226196,1.2232279777526855,1.2056699991226196,1.2232279777526855,126436
2002-04-04,0.8688835501670837,1.2115230560302734,1.2115230560302734,1.1998169422149658,1.2056699991226196,117893
2002-04-05,0.8688835501670837,1.2115230560302734,1.2203019857406616,1.2115230560302734,1.2115230560302734,222117
2002-04-08,0.8730800747871399,1.2173750400543213,1.2173750400543213,1.1998169422149658,1.2085959911346436,174277
2002-04-09,0.8806357383728027,1.227910041809082,1.231421947479248,1.2203019857406616,1.2203019857406616,305838
2002-04-10,0.8898702263832092,1.2407859563827515,1.2495659589767456,1.2261550426483154,1.2290810346603394,403228
2002-04-11,0.8814759850502014,1.2290810346603394,1.2536629438400269,1.2290810346603394,1.2407859563827515,196488
2002-04-12,0.9003633260726929,1.2554179430007935,1.2554179430007935,1.2290810346603394,1.2308369874954224,599716
2002-04-15,0.8877720236778259,1.2378599643707275,1.2612709999084473,1.2349339723587036,1.2524919509887695,312673
2002-04-16,0.9045618772506714,1.2612709999084473,1.270635962486267,1.2437130212783813,1.2437130212783813,268249
2002-04-17,0.9003633260726929,1.2554179430007935,1.2641979455947876,1.2524919509887695,1.2583450078964233,322924
2002-04-18,0.8877720236778259,1.2378599643707275,1.2554179430007935,1.2320070266723633,1.2554179430007935,232369
2002-04-19,0.8848335146903992,1.2337629795074463,1.2448829412460327,1.2320070266723633,1.2349339723587036,182820
2002-04-22,0.8844142556190491,1.2331780195236206,1.2402009963989258,1.2173750400543213,1.2320070266723633,271666
2002-04-23,0.8856737613677979,1.2349339723587036,1.2437130212783813,1.2320070266723633,1.2320070266723633,187945
2002-04-24,0.8583892583847046,1.196890950202942,1.2407859563827515,1.196890950202942,1.2355190515518188,345136
2002-04-25,0.8541919589042664,1.1910380125045776,1.2027430534362793,1.1822589635849,1.196890950202942,480115
2002-04-26,0.8474758863449097,1.1816740036010742,1.2027430534362793,1.1816740036010742,1.1939640045166016,430566
2002-04-29,0.8386608958244324,1.1693830490112305,1.1851849555969238,1.1588480472564697,1.1816740036010742,177694
2002-04-30,0.8478955030441284,1.1822589635849,1.1822589635849,1.1617740392684937,1.164700984954834,1114003
2002-05-01,0.8428579568862915,1.1752350330352783,1.1851849555969238,1.1617740392684937,1.1851849555969238,340010
2002-05-02,0.8386608958244324,1.1693830490112305,1.1764060258865356,1.165871024131775,1.1723090410232544,189654
2002-05-03,0.8499942421913147,1.1851849555969238,1.1863559484481812,1.167626976966858,1.1705529689788818,324633
2002-05-06,0.8520935773849487,1.1881120204925537,1.190453052520752,1.1840150356292725,1.1851849555969238,169151
2002-05-07,0.8436980247497559,1.1764060258865356,1.1881120204925537,1.1711390018463135,1.1881120204925537,328050
2002-05-08,0.8693664073944092,1.2091820240020752,1.2091820240020752,1.174649953842163,1.174649953842163,370765
2002-05-09,0.852113664150238,1.1851849555969238,1.2232279777526855,1.1840150356292725,1.2115230560302734,283627
2002-05-10,0.8441187739372253,1.1740649938583374,1.1851849555969238,1.167626976966858,1.1851849555969238,375891
2002-05-13,0.8689451217651367,1.2085959911346436,1.2085959911346436,1.1693830490112305,1.1764060258865356,237495
2002-05-14,0.8916683793067932,1.2402009963989258,1.2407859563827515,1.2085959911346436,1.2085959911346436,551876
2002-05-15,0.8962972164154053,1.2466390132904053,1.2554179430007935,1.2372750043869019,1.2378599643707275,357096
2002-05-16,0.8904054164886475,1.2384450435638428,1.2448829412460327,1.2378599643707275,1.2448829412460327,126436
2002-05-17,0.8984017968177795,1.2495659589767456,1.2495659589767456,1.2378599643707275,1.2384450435638428,119602
2002-05-20,0.8870397806167603,1.2337629795074463,1.2524919509887695,1.2337629795074463,1.2495659589767456,216991
2002-05-21,0.8542182445526123,1.1881120204925537,1.2372750043869019,1.1881120204925537,1.2349339723587036,97390
2002-05-22,0.8634753823280334,1.2009880542755127,1.2144490480422974,1.1881120204925537,1.1881120204925537,273375
2002-05-23,0.9013472199440002,1.2536629438400269,1.2583450078964233,1.1998169422149658,1.1998169422149658,594591
2002-05-24,0.8899856209754944,1.2378599643707275,1.2565890550613403,1.2331780195236206,1.2554179430007935,213574
2002-05-28,0.875678539276123,1.2179609537124634,1.2407859563827515,1.1910380125045776,1.2407859563827515,288752
2002-05-29,0.8537969589233398,1.187525987625122,1.2162050008773804,1.187525987625122,1.2115230560302734,187945
2002-05-30,0.8714709281921387,1.2121080160140991,1.2144490480422974,1.1910380125045776,1.1910380125045776,517704
2002-05-31,0.8794652819633484,1.2232279777526855,1.2290810346603394,1.2121080160140991,1.2121080160140991,452777
2002-06-03,0.839910089969635,1.1682120561599731,1.2232279777526855,1.1664559841156006,1.2232279777526855,211866
2002-06-04,0.8256036639213562,1.148313045501709,1.1693830490112305,1.13543701171875,1.1682120561599731,273375
2002-06-05,0.824761688709259,1.1471420526504517,1.1559209823608398,1.1325099468231201,1.1471420526504517,237495
2002-06-06,0.7814200520515442,1.0868589878082275,1.1418750286102295,1.0827620029449463,1.1412889957427979,538207
2002-06-07,0.7889946699142456,1.0973939895629883,1.1067579984664917,1.078665018081665,1.0827620029449463,227243
2002-06-10,0.79109787940979,1.1003199815750122,1.1102700233459473,1.0886149406433105,1.1032459735870361,225534
2002-06-11,0.7826826572418213,1.0886149406433105,1.1137809753417969,1.0810060501098633,1.1032459735870361,652683
2002-06-12,0.7995142936706543,1.1120259761810303,1.1120259761810303,1.079835057258606,1.0856879949569702,656100
2002-06-13,0.7772119045257568,1.0810060501098633,1.1178779602050781,1.0810060501098633,1.106173038482666,404937
2002-06-14,0.7868900299072266,1.094467043876648,1.0956380367279053,1.0769089460372925,1.0810060501098633,439109
2002-06-17,0.7894148230552673,1.097978949546814,1.1260720491409302,1.0886149406433105,1.0886149406433105,558710
2002-06-18,0.7969890832901001,1.1085139513015747,1.1155370473861694,1.1032459735870361,1.1032459735870361,199905
2002-06-19,0.7700582146644592,1.0710560083389282,1.1266579627990723,1.0652029514312744,1.1032459735870361,917515
2002-06-20,0.783523440361023,1.0897849798202515,1.10909903049469,1.0681300163269043,1.0716420412063599,367348
2002-06-21,0.7847861647605896,1.091541051864624,1.1178779602050781,1.0868589878082275,1.091541051864624,895303
2002-06-24,0.7868900299072266,1.094467043876648,1.1120259761810303,1.0897849798202515,1.091541051864624,623637
2002-06-25,0.7877317667007446,1.0956380367279053,1.1044169664382935,1.091541051864624,1.094467043876648,804748
2002-06-26,0.8373865485191345,1.164700984954834,1.1705529689788818,1.091541051864624,1.091541051864624,630471
2002-06-27,0.8373865485191345,1.164700984954834,1.1939640045166016,1.1559209823608398,1.1705529689788818,1322452
2002-06-28,0.8559011220932007,1.190453052520752,1.1998169422149658,1.167626976966858,1.167626976966858,938018
2002-07-01,0.8142420649528503,1.1325099468231201,1.1881120204925537,1.1295839548110962,1.1881120204925537,437400
2002-07-02,0.79109787940979,1.1003199815750122,1.1325099468231201,1.0973939895629883,1.1325099468231201,367348
2002-07-03,0.793201744556427,1.1032459735870361,1.1032459735870361,1.0886149406433105,1.094467043876648,1937545
2002-07-05,0.8213955760002136,1.1424599885940552,1.1442159414291382,1.1055879592895508,1.106173038482666,179402
2002-07-08,0.8070884943008423,1.122560977935791,1.148313045501709,1.1219749450683594,1.136607050895691,244329
2002-07-09,0.7936229109764099,1.1038320064544678,1.1295839548110962,1.1032459735870361,1.123731017112732,146939
2002-07-10,0.7868900299072266,1.094467043876648,1.10909903049469,1.094467043876648,1.100904941558838,386142
2002-07-11,0.794464111328125,1.1050020456314087,1.106173038482666,1.091541051864624,1.094467043876648,654391
2002-07-12,0.7847861647605896,1.091541051864624,1.1120259761810303,1.091541051864624,1.10909903049469,295587
2002-07-15,0.8024603724479675,1.1161229610443115,1.1266579627990723,1.0886149406433105,1.091541051864624,773993
2002-07-16,0.7868900299072266,1.094467043876648,1.120805025100708,1.0868589878082275,1.1149519681930542,469863
2002-07-17,0.7927811145782471,1.1026610136032104,1.1313400268554688,1.094467043876648,1.094467043876648,334884
2002-07-18,0.7776322960853577,1.081591010093689,1.1196340322494507,1.079835057258606,1.1032459735870361,389559
2002-07-19,0.7868900299072266,1.094467043876648,1.09505295753479,1.0728119611740112,1.079835057258606,835502
2002-07-22,0.7814200520515442,1.0868589878082275,1.10909903049469,1.079835057258606,1.094467043876648,439109
2002-07-23,0.7734244465827942,1.0757379531860352,1.0886149406433105,1.0722270011901855,1.0886149406433105,1498437
2002-07-24,0.8268664479255676,1.150068998336792,1.150068998336792,1.0710560083389282,1.0751529932022095,715901
2002-07-25,0.812138020992279,1.1295839548110962,1.1617740392684937,1.106173038482666,1.1442159414291382,813291
2002-07-26,0.8083507418632507,1.1243159770965576,1.1325099468231201,1.1073429584503174,1.1325099468231201,341719
2002-07-29,0.8487476110458374,1.180503010749817,1.185770034790039,1.1266579627990723,1.1266579627990723,476698
2002-07-30,0.8458017706871033,1.1764060258865356,1.1863559484481812,1.1442159414291382,1.1863559484481812,596299
2002-07-31,0.8584254384040833,1.1939640045166016,1.2015730142593384,1.1793320178985596,1.1793320178985596,449360
2002-08-01,0.8542182445526123,1.1881120204925537,1.1945500373840332,1.1840150356292725,1.1945500373840332,242620
2002-08-02,0.8268664479255676,1.150068998336792,1.1881120204925537,1.140118956565857,1.1881120204925537,550167
2002-08-05,0.7885729074478149,1.0968079566955566,1.158262014389038,1.0968079566955566,1.1471420526504517,545041
2002-08-06,0.8159247636795044,1.1348509788513184,1.1407040357589722,1.0985640287399292,1.0985640287399292,420314
2002-08-07,0.8277379274368286,1.148313045501709,1.148313045501709,1.123731017112732,1.13543701171875,312673
2002-08-08,0.8441911935806274,1.1711390018463135,1.1711390018463135,1.1389479637145996,1.1395339965820312,276792
2002-08-09,0.844613254070282,1.1717239618301392,1.1723090410232544,1.1412889957427979,1.1588480472564697,297295
2002-08-12,0.8332216739654541,1.1559209823608398,1.1652859449386597,1.138363003730774,1.164700984954834,227243
2002-08-13,0.8066436052322388,1.1190489530563354,1.164700984954834,1.1190489530563354,1.1565070152282715,488658
2002-08-14,0.8475668430328369,1.1758209466934204,1.1758209466934204,1.106173038482666,1.120805025100708,592882
2002-08-15,0.8631762862205505,1.1974760293960571,1.1974760293960571,1.1705529689788818,1.177577018737793,365639
2002-08-16,0.88173907995224,1.2232279777526855,1.2232279777526855,1.1951349973678589,1.1951349973678589,194780
2002-08-19,0.8863793611526489,1.229665994644165,1.2349339723587036,1.2232279777526855,1.2232279777526855,198197
2002-08-20,0.8943951725959778,1.2407859563827515,1.2466390132904053,1.2290810346603394,1.2308369874954224,370765
2002-08-21,0.899880051612854,1.2483949661254883,1.2483949661254883,1.2273249626159668,1.2407859563827515,420314
2002-08-22,0.9053646326065063,1.256003975868225,1.257174015045166,1.2337629795074463,1.2495659589767456,396394
2002-08-23,0.8686609268188477,1.205085039138794,1.2554179430007935,1.205085039138794,1.2554179430007935,515995
2002-08-26,0.8914423584938049,1.2366900444030762,1.2366900444030762,1.1963050365447998,1.205085039138794,362222
2002-08-27,0.8551602959632874,1.1863559484481812,1.2384450435638428,1.1851849555969238,1.2384450435638428,505744
2002-08-28,0.8311127424240112,1.152994990348816,1.1851849555969238,1.1442159414291382,1.1851849555969238,474989
2002-08-29,0.844613254070282,1.1717239618301392,1.1734800338745117,1.1559209823608398,1.1559209823608398,333176
2002-08-30,0.8382846117019653,1.162945032119751,1.2027430534362793,1.162945032119751,1.17289400100708,478406
2002-09-03,0.7935645580291748,1.100904941558838,1.151239037513733,1.097978949546814,1.151239037513733,464738
2002-09-04,0.8353316783905029,1.1588480472564697,1.1588480472564697,1.106173038482666,1.106173038482666,557002
2002-09-05,0.8079095482826233,1.120805025100708,1.1588480472564697,1.120805025100708,1.1559209823608398,398102
2002-09-06,0.8488322496414185,1.177577018737793,1.1793320178985596,1.123731017112732,1.123731017112732,309255
2002-09-09,0.8522069454193115,1.1822589635849,1.1851849555969238,1.151239037513733,1.1705529689788818,292170
2002-09-10,0.8564258813858032,1.1881120204925537,1.1881120204925537,1.1588480472564697,1.1793320178985596,340010
2002-09-11,0.837441086769104,1.1617740392684937,1.1998169422149658,1.1570919752120972,1.1998169422149658,432274
2002-09-12,0.8121282458305359,1.1266579627990723,1.1594330072402954,1.1243159770965576,1.1588480472564697,635597
2002-09-13,0.8361754417419434,1.160017967224121,1.1606040000915527,1.1190489530563354,1.1243159770965576,326341
2002-09-16,0.8319569826126099,1.1541659832000732,1.165871024131775,1.1412889957427979,1.1588480472564697,278501
2002-09-17,0.8133929967880249,1.1284129619598389,1.1576770544052124,1.123731017112732,1.1559209823608398,179402
2002-09-18,0.8057990074157715,1.1178779602050781,1.1284129619598389,1.1120259761810303,1.1266579627990723,240912
2002-09-19,0.7889240384101868,1.094467043876648,1.1120259761810303,1.094467043876648,1.1120259761810303,570670
2002-09-20,0.7990495562553406,1.1085139513015747,1.1202189922332764,1.106173038482666,1.106173038482666,1110586
2002-09-23,0.8015808463096619,1.1120259761810303,1.1120259761810303,1.1073429584503174,1.1085139513015747,362222
2002-09-24,0.8091748356819153,1.122560977935791,1.123731017112732,1.1067579984664917,1.10909903049469,365639
2002-09-25,0.8496754169464111,1.1787470579147339,1.1881120204925537,1.1161229610443115,1.1167080402374268,931184
2002-09-26,0.8635976314544678,1.1980609893798828,1.202157974243164,1.1758209466934204,1.1787470579147339,693689
2002-09-27,0.8315343856811523,1.1535799503326416,1.2027430534362793,1.152994990348816,1.1939640045166016,445943
2002-09-30,0.8184564113616943,1.13543701171875,1.1535799503326416,1.1249020099639893,1.1535799503326416,394685
2002-10-01,0.8420814871788025,1.1682120561599731,1.1682120561599731,1.1120259761810303,1.1348509788513184,512578
2002-10-02,0.8015808463096619,1.1120259761810303,1.1664559841156006,1.1120259761810303,1.164700984954834,357096
2002-10-03,0.8142377138137817,1.1295839548110962,1.145385980606079,1.1137809753417969,1.1149519681930542,435691
2002-10-04,0.7851272821426392,1.0892000198364258,1.1325099468231201,1.0892000198364258,1.1325099468231201,628763
2002-10-07,0.797362208366394,1.106173038482666,1.123731017112732,1.0897849798202515,1.0897849798202515,471572
2002-10-08,0.8218308687210083,1.140118956565857,1.140118956565857,1.1044169664382935,1.106173038482666,305838
2002-10-09,0.797362208366394,1.106173038482666,1.1412889957427979,1.106173038482666,1.1412889957427979,589465
2002-10-10,0.8264720439910889,1.1465569734573364,1.151239037513733,1.1038320064544678,1.106173038482666,1172095
2002-10-11,0.8353316783905029,1.1588480472564697,1.1734800338745117,1.1541659832000732,1.1588480472564697,505744
2002-10-14,0.8340663909912109,1.1570919752120972,1.167626976966858,1.1524100303649902,1.1559209823608398,355388
2002-10-15,0.8749889731407166,1.2138639688491821,1.2144490480422974,1.1617740392684937,1.1617740392684937,673186
2002-10-16,0.8311127424240112,1.152994990348816,1.2115230560302734,1.152994990348816,1.2115230560302734,346845
2002-10-17,0.8652852177619934,1.200402021408081,1.200402021408081,1.150068998336792,1.1588480472564697,755198
2002-10-18,0.8821607828140259,1.2238130569458008,1.2349339723587036,1.196890950202942,1.1998169422149658,941435
2002-10-21,0.9197084307670593,1.2759029865264893,1.281756043434143,1.2203019857406616,1.2203019857406616,1011488
2002-10-22,0.9281461238861084,1.2876089811325073,1.2876089811325073,1.2641979455947876,1.2788289785385132,721027
2002-10-23,0.9821476340293884,1.3625240325927734,1.3625240325927734,1.2840969562530518,1.2876089811325073,1363458
2002-10-24,0.9378491640090942,1.301069974899292,1.372473955154419,1.296388030052185,1.3654500246047974,1170387
2002-10-25,0.9876324534416199,1.3701330423355103,1.3783260583877563,1.303995966911316,1.303995966911316,1401047
2002-10-28,0.9914289116859436,1.3753999471664429,1.3958849906921387,1.3695470094680786,1.3958849906921387,951687
2002-10-29,0.9863669872283936,1.3683769702911377,1.387105941772461,1.3537449836730957,1.3859349489212036,881634
2002-10-30,1.0289766788482666,1.427489995956421,1.432757019996643,1.3742300271987915,1.3753999471664429,1399338
2002-10-31,0.9977567195892334,1.3841789960861206,1.4555829763412476,1.3783260583877563,1.4485599994659424,943144
2002-11-01,1.023069977760315,1.4192960262298584,1.432757019996643,1.3812530040740967,1.3988109827041626,1031991
2002-11-04,1.0504931211471558,1.4573390483856201,1.4702149629592896,1.432757019996643,1.4339280128479004,1233605
2002-11-05,1.0420540571212769,1.445633053779602,1.462020993232727,1.4216370582580566,1.4573390483856201,362222
2002-11-06,1.0547370910644531,1.460265040397644,1.46377694606781,1.4397809505462646,1.4514859914779663,440817
2002-11-07,1.0314865112304688,1.4280749559402466,1.46377694606781,1.4140280485153198,1.4514859914779663,922641
2002-11-08,1.0103487968444824,1.3988109827041626,1.4286600351333618,1.3765710592269897,1.4192960262298584,498909
2002-11-11,1.0268362760543823,1.4216370582580566,1.4251489639282227,1.3824230432510376,1.3988109827041626,1404464
2002-11-12,1.043323040008545,1.4444630146026611,1.4725559949874878,1.4280749559402466,1.4339280128479004,1172095
2002-11-13,0.999358057975769,1.383594036102295,1.4444630146026611,1.3666210174560547,1.4444630146026611,1197724
2002-11-14,1.0378273725509644,1.4368540048599243,1.4386099576950073,1.3988109827041626,1.3988109827041626,748364
2002-11-15,1.0352911949157715,1.4333419799804688,1.4339280128479004,1.4105169773101807,1.4310009479522705,762033
2002-11-18,1.0238769054412842,1.4175399541854858,1.4573390483856201,1.3988109827041626,1.4280749559402466,517704
2002-11-19,1.0056984424591064,1.392372965812683,1.4245630502700806,1.3812530040740967,1.4105169773101807,568962
2002-11-20,1.0221861600875854,1.4151990413665771,1.4216370582580566,1.3800820112228394,1.3812530040740967,430566
2002-11-21,1.0420540571212769,1.4427069425582886,1.4427069425582886,1.4269039630889893,1.4280749559402466,522830
2002-11-22,1.0543144941329956,1.4596799612045288,1.4596799612045288,1.4368540048599243,1.4368540048599243,256289
2002-11-25,1.0314865112304688,1.4280749559402466,1.4544119834899902,1.3753999471664429,1.4514859914779663,495492
2002-11-26,0.9532794952392578,1.3197989463806152,1.4233930110931396,1.3028260469436646,1.422806978225708,1392504
2002-11-27,1.012885570526123,1.4023230075836182,1.4023230075836182,1.328577995300293,1.3344310522079468,729570
2002-11-29,0.9862522482872009,1.3654500246047974,1.4192960262298584,1.3648649454116821,1.4093459844589233,288752
2002-12-02,1.0116173028945923,1.4005670547485352,1.407004952430725,1.3373570442199707,1.387105941772461,702232
2002-12-03,0.9892125725746155,1.3695470094680786,1.4011520147323608,1.3672059774398804,1.4011520147323608,384434
2002-12-04,0.996398389339447,1.3794970512390137,1.4064199924468994,1.3473069667816162,1.3666210174560547,365639
2002-12-05,1.0234546661376953,1.4169549942016602,1.4485599994659424,1.3549150228500366,1.3912030458450317,609968
2002-12-06,1.0576963424682617,1.4643620252609253,1.471971035003662,1.4222220182418823,1.4432920217514038,876509
2002-12-09,1.0509328842163086,1.4549980163574219,1.474897027015686,1.4280749559402466,1.4438769817352295,1214810
2002-12-10,1.060655117034912,1.4684590101242065,1.4754819869995117,1.4573390483856201,1.4631919860839844,627054
2002-12-11,1.0543144941329956,1.4596799612045288,1.4760680198669434,1.445633053779602,1.474897027015686,770576
2002-12-12,1.0513556003570557,1.4555829763412476,1.471971035003662,1.4427069425582886,1.471971035003662,316090
2002-12-13,1.0416321754455566,1.442121982574463,1.4573390483856201,1.4280749559402466,1.4497300386428833,598008
2002-12-16,1.0560053586959839,1.462020993232727,1.4684590101242065,1.4514859914779663,1.4514859914779663,621928
2002-12-17,1.0306406021118164,1.4269039630889893,1.4678740501403809,1.419880986213684,1.4678740501403809,495492
2002-12-18,0.9934399724006653,1.3753999471664429,1.4204659461975098,1.370718002319336,1.419880986213684,500618
2002-12-19,1.072492241859436,1.4848469495773315,1.4848469495773315,1.3695470094680786,1.3753999471664429,1910208
2002-12-20,1.140976071357727,1.5796619653701782,1.5796619653701782,1.494210958480835,1.4965519905090332,6554166
2002-12-23,1.1726810932159424,1.6235569715499878,1.6288249492645264,1.5468859672546387,1.5802470445632935,1667588
2002-12-24,1.1667639017105103,1.6153639554977417,1.6475540399551392,1.6153639554977417,1.6329220533370972,996110
2002-12-26,1.1502765417099,1.5925379991531372,1.668038010597229,1.585513949394226,1.6019020080566406,941435
2002-12-27,1.1037745475769043,1.5281569957733154,1.5925379991531372,1.5123549699783325,1.5925379991531372,1624873
2002-12-30,1.1063112020492554,1.531669020652771,1.5615179538726807,1.5047459602355957,1.5422040224075317,1541152
2002-12-31,1.0758743286132812,1.489529013633728,1.54454505443573,1.4889440536499023,1.5340100526809692,1209684
2003-01-02,1.1418215036392212,1.5808320045471191,1.5849289894104004,1.4983079433441162,1.4983079433441162,890177
2003-01-03,1.1194168329238892,1.5498130321502686,1.5919519662857056,1.5146960020065308,1.5890259742736816,1050785
2003-01-06,1.1925500631332397,1.6510649919509888,1.65516197681427,1.5685410499572754,1.5685410499572754,1898248
2003-01-07,1.1604219675064087,1.6065839529037476,1.6510649919509888,1.5632740259170532,1.6510649919509888,1334412
2003-01-08,1.137171745300293,1.5743939876556396,1.6095110177993774,1.5656150579452515,1.5978050231933594,609968
2003-01-09,1.1857870817184448,1.6417009830474854,1.6417009830474854,1.570881962776184,1.5714679956436157,898720
2003-01-10,1.1840956211090088,1.639359951019287,1.6446269750595093,1.6089249849319458,1.6387749910354614,861131
2003-01-13,1.16422700881958,1.6118520498275757,1.6475540399551392,1.6036579608917236,1.6399450302124023,743238
2003-01-14,1.1857870817184448,1.6417009830474854,1.6446269750595093,1.6083400249481201,1.6083400249481201,1124255
2003-01-15,1.1845184564590454,1.6399450302124023,1.6481389999389648,1.6153639554977417,1.6417009830474854,1811109
2003-01-16,1.1857870817184448,1.6417009830474854,1.6516510248184204,1.6270689964294434,1.6329220533370972,690272
2003-01-17,1.168454885482788,1.61770498752594,1.6487239599227905,1.5843440294265747,1.6417009830474854,1491602
2003-01-21,1.1709905862808228,1.621216058731079,1.6294100284576416,1.6007319688796997,1.6241430044174194,856005
2003-01-22,1.1570396423339844,1.6019020080566406,1.6182899475097656,1.5966349840164185,1.6153639554977417,1358332
2003-01-23,1.183249831199646,1.6381889581680298,1.6417009830474854,1.5860999822616577,1.6007319688796997,1541152
2003-01-24,1.1731044054031372,1.6241430044174194,1.6387749910354614,1.5960489511489868,1.6381889581680298,1243856
2003-01-27,1.1709905862808228,1.621216058731079,1.6352629661560059,1.6124370098114014,1.6247279644012451,1100334
2003-01-28,1.1819820404052734,1.6364330053329468,1.6446269750595093,1.6065839529037476,1.6270689964294434,922641
2003-01-29,1.2039645910263062,1.666867971420288,1.6709649562835693,1.5995609760284424,1.6510649919509888,2022975
2003-01-30,1.2077687978744507,1.6721349954605103,1.7242250442504883,1.6621860265731812,1.6709649562835693,2892649
2003-01-31,1.2382062673568726,1.7142750024795532,1.7148610353469849,1.677988052368164,1.677988052368164,1243856
2003-02-03,1.2386294603347778,1.7148610353469849,1.7312480211257935,1.6855969429016113,1.7113490104675293,1640250
2003-02-04,1.2677981853485107,1.7552449703216553,1.7809970378875732,1.709007978439331,1.7148610353469849,2267304
2003-02-05,1.2711801528930664,1.7599270343780518,1.7874350547790527,1.7458800077438354,1.7792409658432007,1445470
2003-02-06,1.2620686292648315,1.7429540157318115,1.7704620361328125,1.737686038017273,1.7499769926071167,1221645
2003-02-07,1.1934133768081665,1.6481389999389648,1.7605119943618774,1.6469680070877075,1.7499769926071167,1305366
2003-02-10,1.2345219850540161,1.7049109935760498,1.7049109935760498,1.6270689964294434,1.6481389999389648,1981969
2003-02-11,1.255287528038025,1.7335890531539917,1.7552449703216553,1.697301983833313,1.7195429801940918,1356623
2003-02-12,1.2417268753051758,1.7148610353469849,1.7546590566635132,1.7107640504837036,1.7335890531539917,914098
2003-02-13,1.2671542167663574,1.7499769926071167,1.7593419551849365,1.7212990522384644,1.7353450059890747,1906791
2003-02-14,1.265882968902588,1.7482210397720337,1.7675349712371826,1.738271951675415,1.7587560415267944,1375418
2003-02-18,1.3002105951309204,1.7956290245056152,1.8085050582885742,1.7312480211257935,1.7482210397720337,1858950
2003-02-19,1.3002105951309204,1.7956290245056152,1.8383539915084839,1.7605119943618774,1.7956290245056152,1797441
2003-02-20,1.3252148628234863,1.8301600217819214,1.8418660163879395,1.796213984489441,1.796213984489441,1525774
2003-02-21,1.3438613414764404,1.8559119701385498,1.8611799478530884,1.8360129594802856,1.843621015548706,1151592
2003-02-24,1.3137725591659546,1.8143579959869385,1.858253002166748,1.8067489862442017,1.856497049331665,1223353
2003-02-25,1.3281805515289307,1.8342570066452026,1.8494739532470703,1.7909469604492188,1.8137719631195068,1081540
2003-02-26,1.318009614944458,1.8202099800109863,1.8447920083999634,1.8038229942321777,1.828989028930664,758616
2003-02-27,1.3349610567092896,1.843621015548706,1.8553270101547241,1.8073339462280273,1.8202099800109863,2175040
2003-02-28,1.3383527994155884,1.848304033279419,1.8676179647445679,1.8424509763717651,1.8494739532470703,895303
2003-03-03,1.330299973487854,1.8371829986572266,1.8611799478530884,1.8248929977416992,1.8553270101547241,2144285
2003-03-04,1.335809588432312,1.8447920083999634,1.8641060590744019,1.8383539915084839,1.8459630012512207,1442053
2003-03-05,1.349371314048767,1.8635209798812866,1.8699589967727661,1.8319159746170044,1.8360129594802856,1428384
2003-03-06,1.3290287256240845,1.83542799949646,1.8652770519256592,1.8342570066452026,1.858253002166748,433983
2003-03-07,1.3349610567092896,1.843621015548706,1.8553270101547241,1.825477957725525,1.8295749425888062,1006362
2003-03-10,1.3010581731796265,1.7967989444732666,1.8500590324401855,1.791532039642334,1.8319159746170044,1534317
2003-03-11,1.3031775951385498,1.7997260093688965,1.8427430391311646,1.7927019596099854,1.8058710098266602,1083248
2003-03-12,1.303813099861145,1.800603985786438,1.8216739892959595,1.7918239831924438,1.7997260093688965,994402
2003-03-13,1.3521252870559692,1.867324948310852,1.8743480443954468,1.7997260093688965,1.7997260093688965,915806
2003-03-14,1.3425897359848022,1.8541560173034668,1.909464955329895,1.843621015548706,1.8883949518203735,1509258
2003-03-17,1.4061596393585205,1.9419480562210083,1.9419480562210083,1.8611799478530884,1.867324948310852,1513814
2003-03-18,1.3800956010818481,1.905953049659729,1.9621399641036987,1.8787380456924438,1.9621399641036987,1602661
2003-03-19,1.382638931274414,1.909464955329895,1.913854956626892,1.865568995475769,1.8927849531173706,1036547
2003-03-20,1.394081711769104,1.925266981124878,1.925266981124878,1.8532780408859253,1.891906976699829,1036547
2003-03-21,1.4589228630065918,2.014815092086792,2.014815092086792,1.9217560291290283,1.925266981124878,1348650
2003-03-24,1.4303163290023804,1.9753090143203735,2.014815092086792,1.9665290117263794,2.010425090789795,1937545
2003-03-25,1.4818081855773926,2.046420097351074,2.0753910541534424,1.9682849645614624,1.9840879440307617,1280306
2003-03-26,1.4983359575271606,2.0692460536956787,2.098217010498047,2.0490529537200928,2.098217010498047,1699481
2003-03-27,1.5053290128707886,2.0789029598236084,2.085047960281372,2.0323729515075684,2.054321050643921,1412438
2003-03-28,1.4907081127166748,2.058711051940918,2.082413911819458,2.056077003479004,2.0631000995635986,637875
2003-03-31,1.46400785446167,2.0218379497528076,2.0762689113616943,2.0218379497528076,2.056955099105835,1723402
2003-04-01,1.4551079273223877,2.009546995162964,2.052565097808838,1.993744969367981,2.052565097808838,1286002
2003-04-02,1.460829496383667,2.017448902130127,2.0604660511016846,2.0060360431671143,2.047297954559326,1590131
2003-04-03,1.4322229623794556,1.9779419898986816,2.0279839038848877,1.970041036605835,2.0279839038848877,1690369
2003-04-04,1.4195095300674438,1.9603840112686157,1.9928669929504395,1.8998080492019653,1.9928669929504395,1856672
2003-04-07,1.3839102983474731,1.9112210273742676,2.0192039012908936,1.9006860256195068,1.9796979427337646,2585672
2003-04-08,1.405523419380188,1.9410699605941772,1.9489710330963135,1.905953049659729,1.9112210273742676,1876036
2003-04-09,1.4265018701553345,1.970041036605835,1.9911110401153564,1.947214961051941,1.9586280584335327,2082206
2003-04-10,1.47100031375885,2.0314950942993164,2.0367629528045654,1.9630179405212402,1.9753090143203735,1653919
2003-04-11,1.4525656700134277,2.0060360431671143,2.080657958984375,2.0060360431671143,2.047297954559326,1293975
2003-04-14,1.5040571689605713,2.0771470069885254,2.081536054611206,2.0350069999694824,2.041152000427246,1360041
2003-04-15,1.4945213794708252,2.0639779567718506,2.085047960281372,2.045542001724243,2.0771470069885254,1185764
2003-04-16,1.448751449584961,2.000767946243286,2.081536054611206,1.9972569942474365,2.081536054611206,1704038
2003-04-17,1.4888007640838623,2.056077003479004,2.058711051940918,2.001646041870117,2.0060360431671143,1169817
2003-04-21,1.4824433326721191,2.047297954559326,2.0631000995635986,2.0192039012908936,2.056077003479004,1066163
2003-04-22,1.5396559238433838,2.126310110092163,2.14035701751709,2.0218379497528076,2.047297954559326,3213295
2003-04-23,1.5434706211090088,2.131577968597412,2.1429901123046875,2.1096301078796387,2.1429901123046875,987567
2003-04-24,1.5135927200317383,2.0903160572052,2.1175310611724854,2.0648560523986816,2.096461057662964,845184
2003-04-25,1.4964288473129272,2.0666120052337646,2.0911929607391357,2.041152000427246,2.0911929607391357,680020
2003-04-28,1.5561842918395996,2.1491360664367676,2.1860079765319824,2.058711051940918,2.08417010307312,1406742
2003-04-29,1.5275784730911255,2.1096301078796387,2.1491360664367676,2.1052401065826416,2.13070011138916,2205225
2003-04-30,1.5396559238433838,2.126310110092163,2.139478921890259,2.089437961578369,2.096461057662964,967064
2003-05-01,1.5358418226242065,2.1210429668426514,2.1359670162200928,2.054321050643921,2.1359670162200928,1312200
2003-05-02,1.547284483909607,2.136845111846924,2.136845111846924,2.098217010498047,2.1342110633850098,1443192
2003-05-05,1.5428342819213867,2.13070011138916,2.1456239223480225,2.128943920135498,2.139478921890259,1132228
2003-05-06,1.5428342819213867,2.13070011138916,2.14035701751709,2.1078739166259766,2.128943920135498,1226770
2003-05-07,1.5313689708709717,2.1105079650878906,2.1201651096343994,2.087682008743286,2.1201651096343994,1243856
2003-05-08,1.5339168310165405,2.1140189170837402,2.1201651096343994,2.082413911819458,2.1043620109558105,911250
2003-05-09,1.5472941398620605,2.1324551105499268,2.1860079765319824,2.1043620109558105,2.122797966003418,841767
2003-05-12,1.541560173034668,2.124553918838501,2.131577968597412,2.1034839153289795,2.1192870140075684,1079831
2003-05-13,1.5320054292678833,2.1113851070404053,2.139478921890259,2.089437961578369,2.1069960594177246,579783
2003-05-14,1.5326422452926636,2.1122629642486572,2.1157751083374023,2.08417010307312,2.1069960594177246,585478
2003-05-15,1.5600345134735107,2.1500139236450195,2.1552810668945312,2.098217010498047,2.128943920135498,995541
2003-05-16,1.491873860359192,2.056077003479004,2.1517701148986816,2.056077003479004,2.137722969055176,1624303
2003-05-19,1.323066234588623,1.823428988456726,1.9928669929504395,1.8023589849472046,1.9858440160751343,3856866
2003-05-20,1.305230736732483,1.798848032951355,1.8137719631195068,1.7646089792251587,1.7997260093688965,3349983
2003-05-21,1.299498200416565,1.7909469604492188,1.8128939867019653,1.774266004562378,1.7821669578552246,2089041
2003-05-22,1.3045942783355713,1.7979700565338135,1.8128939867019653,1.7733880281448364,1.7909469604492188,1331564
2003-05-23,1.2899426221847534,1.7777780294418335,1.7997260093688965,1.7646089792251587,1.7953360080718994,1473947
2003-05-27,1.2587289810180664,1.734760046005249,1.754073977470398,1.691741943359375,1.733881950378418,5470917
2003-05-28,1.27019464969635,1.7505619525909424,1.7689989805221558,1.733881950378418,1.734760046005249,2493408
2003-05-29,1.284210205078125,1.7698769569396973,1.7707539796829224,1.7461730241775513,1.7681210041046143,1411298
2003-05-30,1.3128756284713745,1.8093830347061157,1.8128939867019653,1.7681210041046143,1.7698769569396973,1595827
2003-06-02,1.280387043952942,1.7646089792251587,1.8216739892959595,1.7646089792251587,1.7997260093688965,1271194
2003-06-03,1.2797504663467407,1.7637310028076172,1.800603985786438,1.752318024635315,1.7997260093688965,1172095
2003-06-04,1.293127417564392,1.7821669578552246,1.8058710098266602,1.7646089792251587,1.7646089792251587,772284
2003-06-05,1.2835731506347656,1.7689989805221558,1.780411958694458,1.7470510005950928,1.7646089792251587,1312200
2003-06-06,1.2517222166061401,1.7251030206680298,1.7874350547790527,1.7049109935760498,1.7777780294418335,1479642
2003-06-09,1.2039463520050049,1.6592589616775513,1.6768180131912231,1.6197530031204224,1.6197530031204224,1382822
2003-06-10,1.2326117753982544,1.6987650394439697,1.7172019481658936,1.6241430044174194,1.6241430044174194,1175513
2003-06-11,1.249173641204834,1.7215909957885742,1.729491949081421,1.692620038986206,1.7207130193710327,976177
2003-06-12,1.25681734085083,1.732125997543335,1.752318024635315,1.7066669464111328,1.730370044708252,774563
2003-06-13,1.2230567932128906,1.6855969429016113,1.7312480211257935,1.669793963432312,1.7259809970855713,889608
2003-06-16,1.1912059783935547,1.6417009830474854,1.696131944656372,1.6171189546585083,1.672428011894226,2142577
2003-06-17,1.1918431520462036,1.6425789594650269,1.6539920568466187,1.601317048072815,1.6460909843444824,1633416
2003-06-18,1.2695577144622803,1.7496839761734009,1.7558300495147705,1.6346780061721802,1.668038010597229,2876133
2003-06-19,1.2478996515274048,1.7198350429534912,1.8085050582885742,1.7198350429534912,1.7444169521331787,2112961
2003-06-20,1.2421668767929077,1.711933970451355,1.776021957397461,1.6987650394439697,1.7251030206680298,2290655
2003-06-23,1.1657254695892334,1.6065839529037476,1.6768180131912231,1.6004389524459839,1.668038010597229,1918181
2003-06-24,1.201398491859436,1.6557480096817017,1.665405035018921,1.6021950244903564,1.6021950244903564,1394213
2003-06-25,1.1708216667175293,1.6136080026626587,1.672428011894226,1.5986829996109009,1.6513580083847046,894164
2003-06-26,1.2077685594558716,1.6645270586013794,1.6855969429016113,1.6092180013656616,1.6136080026626587,1714289
2003-06-27,1.216686487197876,1.6768180131912231,1.7207130193710327,1.6592589616775513,1.6592589616775513,1378266
2003-06-30,1.2007617950439453,1.6548700332641602,1.7198350429534912,1.6004389524459839,1.6021950244903564,3746377
2003-07-01,1.2001241445541382,1.6539920568466187,1.668038010597229,1.6179970502853394,1.6592589616775513,1962605
2003-07-02,1.220508098602295,1.6820850372314453,1.6987650394439697,1.6539920568466187,1.6539920568466187,2022975
2003-07-03,1.1994878053665161,1.6531139612197876,1.6855969429016113,1.6513580083847046,1.669793963432312,527386
2003-07-07,1.2160495519638062,1.6759400367736816,1.6855969429016113,1.6531139612197876,1.6531139612197876,759755
2003-07-08,1.2275153398513794,1.691741943359375,1.716323971748352,1.6662830114364624,1.6768180131912231,998958
2003-07-09,1.2084053754806519,1.665405035018921,1.691741943359375,1.650480031967163,1.691741943359375,1060467
2003-07-10,1.1848363876342773,1.6329220533370972,1.6715500354766846,1.6109739542007446,1.6636489629745483,1339538
2003-07-11,1.2039463520050049,1.6592589616775513,1.6636489629745483,1.6373109817504883,1.6373109817504883,531942
2003-07-14,1.201398491859436,1.6557480096817017,1.6855969429016113,1.6417009830474854,1.6689159870147705,1070719
2003-07-15,1.220508098602295,1.6820850372314453,1.7005209922790527,1.6636489629745483,1.6855969429016113,1625442
2003-07-16,1.216686487197876,1.6768180131912231,1.7110559940338135,1.674183964729309,1.6908639669418335,682298
2003-07-17,1.1612673997879028,1.6004389524459839,1.6908639669418335,1.6004389524459839,1.672428011894226,931753
2003-07-18,1.1733694076538086,1.6171189546585083,1.645213007926941,1.5978050231933594,1.6153639554977417,847463
2003-07-21,1.125594139099121,1.5512759685516357,1.6399450302124023,1.5512759685516357,1.6171189546585083,1370292
2003-07-22,1.0982028245925903,1.5135250091552734,1.5512759685516357,1.4590950012207031,1.5512759685516357,3076608
2003-07-23,1.152348279953003,1.5881479978561401,1.6065839529037476,1.5152809619903564,1.5451300144195557,2479739
2003-07-24,1.2103161811828613,1.668038010597229,1.732125997543335,1.605705976486206,1.605705976486206,2057147
2003-07-25,1.2090426683425903,1.6662830114364624,1.710178017616272,1.6460909843444824,1.6539920568466187,1174373
2003-07-28,1.1982134580612183,1.6513580083847046,1.6768180131912231,1.6179970502853394,1.6636489629745483,1133367
2003-07-29,1.2039463520050049,1.6592589616775513,1.6803289651870728,1.6241430044174194,1.6531139612197876,1009209
2003-07-30,1.2154128551483154,1.6750619411468506,1.6768180131912231,1.6021950244903564,1.668038010597229,2619844
2003-07-31,1.1931172609329224,1.6443350315093994,1.6750619411468506,1.6329220533370972,1.6750619411468506,721027
2003-08-01,1.1472525596618652,1.581125020980835,1.6592589616775513,1.576735019683838,1.6592589616775513,1291697
2003-08-04,1.125594139099121,1.5512759685516357,1.5863920450210571,1.501235008239746,1.5846359729766846,3197348
2003-08-05,1.0644418001174927,1.4669959545135498,1.5688339471817017,1.4573390483856201,1.5688339471817017,3025350
2003-08-06,1.0701744556427002,1.474897027015686,1.4915779829025269,1.4371470212936401,1.4713850021362305,2462653
2003-08-07,1.1123429536819458,1.5284500122070312,1.5302059650421143,1.4959670305252075,1.5056240558624268,2042339
2003-08-08,1.1340656280517578,1.558298945426941,1.558298945426941,1.5231820344924927,1.5319620370864868,2388614
2003-08-11,1.1500381231307983,1.5802470445632935,1.5890259742736816,1.5231820344924927,1.5670779943466187,1652780
2003-08-12,1.1666505336761475,1.603073000907898,1.603073000907898,1.5644439458847046,1.5758570432662964,874800
2003-08-13,1.1877343654632568,1.6320439577102661,1.6408230066299438,1.6153639554977417,1.6329220533370972,1634555
2003-08-14,1.1628164052963257,1.5978050231933594,1.6373109817504883,1.5793689489364624,1.6373109817504883,1068441
2003-08-15,1.1755955219268799,1.6153639554977417,1.6197530031204224,1.5863920450210571,1.6065839529037476,362222
2003-08-18,1.1685668230056763,1.605705976486206,1.6285320520401,1.5881479978561401,1.6197530031204224,921502
2003-08-19,1.1787893772125244,1.6197530031204224,1.6215089559555054,1.5899039506912231,1.6109739542007446,962508
2003-08-20,1.1870958805084229,1.6311659812927246,1.6329220533370972,1.6021950244903564,1.6241430044174194,691411
2003-08-21,1.1973183155059814,1.645213007926941,1.647845983505249,1.6171189546585083,1.6373109817504883,601425
2003-08-22,1.1519551277160645,1.582880973815918,1.6460909843444824,1.5758570432662964,1.6399450302124023,1405603
2003-08-25,1.1391767263412476,1.5653220415115356,1.5934159755706787,1.560932993888855,1.5881479978561401,943144
2003-08-26,1.1391767263412476,1.5653220415115356,1.5688339471817017,1.5275720357894897,1.562688946723938,766589
2003-08-27,1.1640944480895996,1.5995609760284424,1.6021950244903564,1.558298945426941,1.5758570432662964,616233
2003-08-28,1.1449275016784668,1.5732239484786987,1.605705976486206,1.5539089441299438,1.5986829996109009,893025
2003-08-29,1.145566701889038,1.5741020441055298,1.5793689489364624,1.5442520380020142,1.5714679956436157,602564
2003-09-02,1.1283153295516968,1.5503979921340942,1.5688339471817017,1.5275720357894897,1.562688946723938,1536595
2003-09-03,1.109787106513977,1.5249379873275757,1.558298945426941,1.5223050117492676,1.5530320405960083,1328147
2003-09-04,1.0976481437683105,1.5082579851150513,1.5310839414596558,1.492455005645752,1.5310839414596558,1355484
2003-09-05,1.086147427558899,1.492455005645752,1.5100140571594238,1.479287028312683,1.5056240558624268,1524066
2003-09-08,1.112981915473938,1.5293279886245728,1.5398629903793335,1.4801650047302246,1.492455005645752,1003514
2003-09-09,1.141732931137085,1.5688339471817017,1.581125020980835,1.5372289419174194,1.5416189432144165,1678978
2003-09-10,1.1027590036392212,1.5152809619903564,1.5662000179290771,1.496845006942749,1.5662000179290771,1567350
2003-09-11,1.116175651550293,1.5337170362472534,1.5451300144195557,1.5056240558624268,1.5152809619903564,675464
2003-09-12,1.1212873458862305,1.540740966796875,1.556542992591858,1.5196709632873535,1.5451300144195557,603703
2003-09-15,1.1206490993499756,1.5398629903793335,1.562688946723938,1.5100140571594238,1.536350965499878,1003514
2003-09-16,1.131509780883789,1.554787039756775,1.562688946723938,1.5319620370864868,1.536350965499878,863409
2003-09-17,1.1193711757659912,1.5381070375442505,1.558298945426941,1.536350965499878,1.558298945426941,439678
2003-09-18,1.1110652685165405,1.5266940593719482,1.5653220415115356,1.5266940593719482,1.540740966796875,406645
2003-09-19,1.1487603187561035,1.578490972518921,1.5802470445632935,1.518792986869812,1.5319620370864868,1911347
2003-09-22,1.116175651550293,1.5337170362472534,1.582880973815918,1.5328400135040283,1.582880973815918,782536
2003-09-23,1.1244817972183228,1.5451300144195557,1.562688946723938,1.5293279886245728,1.5451300144195557,519413
2003-09-24,1.103398084640503,1.5161590576171875,1.5688339471817017,1.5100140571594238,1.562688946723938,523969
2003-09-25,1.1340656280517578,1.558298945426941,1.5881479978561401,1.536350965499878,1.536350965499878,2936503
2003-09-26,1.1340656280517578,1.558298945426941,1.5723459720611572,1.5451300144195557,1.558298945426941,1506980
2003-09-29,1.1468437910079956,1.5758570432662964,1.5863920450210571,1.5539089441299438,1.562688946723938,945422
2003-09-30,1.1398155689239502,1.5662000179290771,1.605705976486206,1.5539089441299438,1.5846359729766846,2015002
2003-10-01,1.1762336492538452,1.6162409782409668,1.6162409782409668,1.562688946723938,1.5714679956436157,1391934
2003-10-02,1.1660112142562866,1.6021950244903564,1.625020980834961,1.5890259742736816,1.6162409782409668,545611
2003-10-03,1.1858168840408325,1.6294100284576416,1.6417009830474854,1.6109739542007446,1.6197530031204224,2243953
2003-10-06,1.1947623491287231,1.6417009830474854,1.6460909843444824,1.6197530031204224,1.6241430044174194,608259
2003-10-07,1.2043466567993164,1.6548700332641602,1.6557480096817017,1.6197530031204224,1.6329220533370972,888469
2003-10-08,1.1928454637527466,1.6390670537948608,1.652235984802246,1.625020980834961,1.652235984802246,620789
2003-10-09,1.203707218170166,1.6539920568466187,1.6855969429016113,1.6373109817504883,1.6460909843444824,1538873
2003-10-10,1.2043466567993164,1.6548700332641602,1.6671600341796875,1.6469680070877075,1.650480031967163,815569
2003-10-13,1.2235130071640015,1.6812069416046143,1.6891080141067505,1.647845983505249,1.652235984802246,698245
2003-10-14,1.2145686149597168,1.6689159870147705,1.6812069416046143,1.652235984802246,1.6812069416046143,985289
2003-10-15,1.2094576358795166,1.6618930101394653,1.6768180131912231,1.6548700332641602,1.674183964729309,1458000
2003-10-16,1.211374282836914,1.6645270586013794,1.6855969429016113,1.6557480096817017,1.6592589616775513,588895
2003-10-17,1.2107354402542114,1.6636489629745483,1.6750619411468506,1.6557480096817017,1.672428011894226,996680
2003-10-20,1.2043466567993164,1.6548700332641602,1.6592589616775513,1.6390670537948608,1.6496020555496216,727861
2003-10-21,1.2215964794158936,1.6785730123519897,1.6803289651870728,1.650480031967163,1.650480031967163,567253
2003-10-22,1.1851786375045776,1.6285320520401,1.672428011894226,1.627653956413269,1.672428011894226,1054772
2003-10-23,1.1845394372940063,1.627653956413269,1.6381889581680298,1.6188750267028809,1.6285320520401,936309
2003-10-24,1.1845394372940063,1.627653956413269,1.6338000297546387,1.5960489511489868,1.6197530031204224,593452
2003-10-27,1.1807063817977905,1.6223870515823364,1.6417009830474854,1.6153639554977417,1.6241430044174194,615094
2003-10-28,1.1947623491287231,1.6417009830474854,1.6460909843444824,1.6241430044174194,1.6285320520401,537638
2003-10-29,1.2957102060317993,1.780411958694458,1.8172839879989624,1.6636489629745483,1.668038010597229,4617759
2003-10-30,1.2925152778625488,1.776021957397461,1.8304530382156372,1.772510051727295,1.7979700565338135,1825917
2003-10-31,1.2982652187347412,1.7839230298995972,1.8172839879989624,1.772510051727295,1.772510051727295,963647
2003-11-03,1.3602399826049805,1.8690810203552246,1.8927849531173706,1.8374760150909424,1.843621015548706,2290655
2003-11-04,1.4094356298446655,1.9366799592971802,1.9621399641036987,1.8752260208129883,1.8787380456924438,2220033
2003-11-05,1.3883522748947144,1.907709002494812,1.9393140077590942,1.8962960243225098,1.9182440042495728,2058286
2003-11-06,1.4120463132858276,1.9358019828796387,1.9437040090560913,1.890151023864746,1.9041980504989624,850880
2003-11-07,1.4088449478149414,1.9314130544662476,1.9489710330963135,1.9235119819641113,1.9358019828796387,849741
2003-11-10,1.402441143989563,1.9226340055465698,1.934046983718872,1.912099003791809,1.932291030883789,1047938
2003-11-11,1.3909133672714233,1.9068310260772705,1.9305349588394165,1.8910290002822876,1.912099003791809,1059328
2003-11-12,1.4184507131576538,1.9445819854736328,1.9551169872283936,1.905074954032898,1.905074954032898,904416
2003-11-13,1.4088449478149414,1.9314130544662476,1.9507269859313965,1.9270230531692505,1.9314130544662476,731278
2003-11-14,1.4088449478149414,1.9314130544662476,1.947214961051941,1.9182440042495728,1.9305349588394165,887330
2003-11-17,1.4184507131576538,1.9445819854736328,1.9489710330963135,1.905074954032898,1.9129769802093506,2376084
2003-11-18,1.3685003519058228,1.8761039972305298,1.9437040090560913,1.8752260208129883,1.9401919841766357,1325869
2003-11-19,1.4037216901779175,1.9243899583816528,1.9270230531692505,1.883128046989441,1.883128046989441,807595
2003-11-20,1.411406397819519,1.9349249601364136,1.951604962348938,1.9182440042495728,1.9182440042495728,952256
2003-11-21,1.4351004362106323,1.967406988143921,1.9788199663162231,1.9410699605941772,1.9463369846343994,872522
2003-11-24,1.4703220129013062,2.015692949295044,2.0192039012908936,1.955994963645935,1.9647740125656128,1062745
2003-11-25,1.4383023977279663,1.971796989440918,2.0288610458374023,1.9682849645614624,2.0288610458374023,1620886
2003-11-26,1.4383023977279663,1.971796989440918,1.993744969367981,1.9358019828796387,1.993744969367981,1473947
2003-11-28,1.4267762899398804,1.955994963645935,1.9770640134811401,1.955994963645935,1.971796989440918,173138
2003-12-01,1.4696816205978394,2.014815092086792,2.014815092086792,1.9647740125656128,1.9647740125656128,899859
2003-12-02,1.4856915473937988,2.0367629528045654,2.054321050643921,1.9928669929504395,2.012181043624878,1570767
2003-12-03,1.4728827476501465,2.0192039012908936,2.0613439083099365,2.007791042327881,2.0279839038848877,1193738
2003-12-04,1.4664794206619263,2.010425090789795,2.012181043624878,1.9489710330963135,2.010425090789795,1098056
2003-12-05,1.4530315399169922,1.991989016532898,2.006913900375366,1.970041036605835,1.9928669929504395,911250
2003-12-08,1.4805668592453003,2.0297389030456543,2.0367629528045654,1.9972569942474365,1.9972569942474365,1167539
2003-12-09,1.456874132156372,1.9972569942474365,2.0244719982147217,1.9805760383605957,2.0192039012908936,741530
2003-12-10,1.4504692554473877,1.9884769916534424,2.001646041870117,1.976186990737915,1.9928669929504395,905555
2003-12-11,1.4786468744277954,2.0271060466766357,2.041152000427246,1.9928669929504395,1.9928669929504395,1899956
2003-12-12,1.4728827476501465,2.0192039012908936,2.0271060466766357,1.993744969367981,2.0271060466766357,1837308
2003-12-15,1.4613569974899292,2.0034019947052,2.0358850955963135,2.0034019947052,2.0323729515075684,2975231
2003-12-16,1.4645577669143677,2.007791042327881,2.0314950942993164,1.9972569942474365,1.9972569942474365,3561848
2003-12-17,1.4639182090759277,2.006913900375366,2.014815092086792,1.9796979427337646,2.012181043624878,1588992
2003-12-18,1.4824891090393066,2.0323729515075684,2.0323729515075684,1.9911110401153564,2.001646041870117,1279167
2003-12-19,1.4888923168182373,2.041152000427246,2.041152000427246,2.0060360431671143,2.0192039012908936,746086
2003-12-22,1.4856915473937988,2.0367629528045654,2.041152000427246,2.0244719982147217,2.0385189056396484,3043575
2003-12-23,1.4818484783172607,2.0314950942993164,2.041152000427246,2.0200819969177246,2.0323729515075684,633319
2003-12-24,1.47608482837677,2.0235939025878906,2.0314950942993164,2.0200819969177246,2.0235939025878906,441956
2003-12-26,1.4792869091033936,2.0279839038848877,2.0323729515075684,2.0192039012908936,2.0192039012908936,268819
2003-12-29,1.4792869091033936,2.0279839038848877,2.0367629528045654,2.0192039012908936,2.0279839038848877,853158
2003-12-30,1.4748042821884155,2.0218379497528076,2.0279839038848877,2.014815092086792,2.0235939025878906,711914
2003-12-31,1.4440652132034302,1.9796979427337646,2.0279839038848877,1.9796979427337646,2.0218379497528076,1388517
2004-01-02,1.4632775783538818,2.0060360431671143,2.0235939025878906,1.9832099676132202,1.9840879440307617,572948
2004-01-05,1.4536715745925903,1.9928669929504395,2.01305890083313,1.9814540147781372,2.0060360431671143,1348650
2004-01-06,1.4242138862609863,1.952483057975769,1.9867219924926758,1.952483057975769,1.9840879440307617,993263
2004-01-07,1.4453463554382324,1.9814540147781372,1.9840879440307617,1.9665290117263794,1.9709190130233765,1152731
2004-01-08,1.4664794206619263,2.010425090789795,2.012181043624878,1.9867219924926758,1.9928669929504395,569531
2004-01-09,1.536921739578247,2.1069960594177246,2.1465020179748535,1.9990119934082031,2.012181043624878,6286486
2004-01-12,1.5849506855010986,2.172840118408203,2.172840118408203,2.099095106124878,2.1026060581207275,3897872
2004-01-13,1.5817493200302124,2.168450117111206,2.169327974319458,2.128066062927246,2.168450117111206,953395
2004-01-14,1.595837116241455,2.1877639293670654,2.1912760734558105,2.168450117111206,2.1816189289093018,729000
2004-01-15,1.6144083738327026,2.213223934173584,2.2176129817962646,2.172840118408203,2.1772289276123047,2439872
2004-01-16,1.658595085144043,2.2737998962402344,2.284334897994995,2.212346076965332,2.2211248874664307,2548083
2004-01-20,1.6342599391937256,2.240438938140869,2.2737998962402344,2.2167348861694336,2.2737998962402344,1722263
2004-01-21,1.6342599391937256,2.240438938140869,2.2720439434051514,2.2342939376831055,2.243072986602783,1145897
2004-01-22,1.616329312324524,2.2158570289611816,2.2579970359802246,2.21058988571167,2.243072986602783,1151592
2004-01-23,1.6233733892440796,2.2255139350891113,2.2334160804748535,2.2009329795837402,2.2211248874664307,1712011
2004-01-26,1.6278561353683472,2.2316598892211914,2.243072986602783,2.212346076965332,2.2167348861694336,783675
2004-01-27,1.612486720085144,2.21058988571167,2.2263920307159424,2.1877639293670654,2.214102029800415,1436358
2004-01-28,1.6086444854736328,2.205322027206421,2.2255139350891113,2.1816189289093018,2.2255139350891113,1503563
2004-01-29,1.618249773979187,2.2184910774230957,2.2211248874664307,2.164937973022461,2.2035670280456543,1262081
2004-01-30,1.620171070098877,2.2211248874664307,2.2281479835510254,2.19478702545166,2.209712028503418,1411298
2004-02-02,1.606723666191101,2.2026889324188232,2.2167348861694336,2.171083927154541,2.2167348861694336,1685813
2004-02-03,1.5823886394500732,2.169327974319458,2.2035670280456543,2.163182020187378,2.1991770267486572,2056008
2004-02-04,1.5586943626403809,2.136845111846924,2.1886420249938965,2.1333329677581787,2.1596710681915283,2548083
2004-02-05,1.5401232242584229,2.1113851070404053,2.164060115814209,2.099095106124878,2.1421120166778564,1456861
2004-02-06,1.5362709760665894,2.1008501052856445,2.1359670162200928,2.0674901008605957,2.098217010498047,2813484
2004-02-09,1.554247260093689,2.125432014465332,2.1544029712677,2.1069960594177246,2.1096301078796387,1133367
2004-02-10,1.5433329343795776,2.1105079650878906,2.1175310611724854,2.0657339096069336,2.1157751083374023,1652780
2004-02-11,1.5645182132720947,2.139478921890259,2.139478921890259,2.081536054611206,2.098217010498047,976177
2004-02-12,1.553604245185852,2.124553918838501,2.141235113143921,2.1069960594177246,2.1333329677581787,572948
2004-02-13,1.5568139553070068,2.128943920135498,2.14035701751709,2.1069960594177246,2.1201651096343994,979594
2004-02-17,1.5722227096557617,2.1500139236450195,2.152647018432617,2.1201651096343994,2.1421120166778564,1684673
2004-02-18,1.646051287651062,2.25097393989563,2.2615089416503906,2.168450117111206,2.168450117111206,2610731
2004-02-19,1.5959757566452026,2.182497024536133,2.2694098949432373,2.1816189289093018,2.254486083984375,1571906
2004-02-20,1.5754326581954956,2.1544029712677,2.1816189289093018,2.1517701148986816,2.1772289276123047,559280
2004-02-23,1.5170111656188965,2.0745129585266113,2.163182020187378,2.0631000995635986,2.1596710681915283,949978
2004-02-24,1.5080238580703735,2.0622220039367676,2.098217010498047,2.0367629528045654,2.0753910541534424,985289
2004-02-25,1.4958261251449585,2.045542001724243,2.0718789100646973,2.0209600925445557,2.0490529537200928,855436
2004-02-26,1.509307861328125,2.0639779567718506,2.085047960281372,2.0306169986724854,2.045542001724243,735834
2004-02-27,1.4913315773010254,2.039396047592163,2.08417010307312,2.039396047592163,2.0639779567718506,554723
2004-03-01,1.549753189086914,2.1192870140075684,2.1192870140075684,2.0481760501861572,2.049931049346924,1249552
2004-03-02,1.5587412118911743,2.131577968597412,2.1359670162200928,2.1034839153289795,2.1113851070404053,1465973
2004-03-03,1.5548886060714722,2.126310110092163,2.1447460651397705,2.09382700920105,2.1157751083374023,1090083
2004-03-04,1.5420491695404053,2.1087520122528076,2.1201651096343994,2.09382700920105,2.1201651096343994,856575
2004-03-05,1.5279254913330078,2.089437961578369,2.127187967300415,2.086803913116455,2.098217010498047,536498
2004-03-08,1.5741482973098755,2.152647018432617,2.152647018432617,2.085047960281372,2.085047960281372,2069677
2004-03-09,1.6621006727218628,2.2729220390319824,2.2755560874938965,2.1517701148986816,2.152647018432617,3109641
2004-03-10,1.656322717666626,2.2650210857391357,2.326474905014038,2.2641429901123047,2.278188943862915,2557195
2004-03-11,1.640273094177246,2.243072986602783,2.2650210857391357,2.2316598892211914,2.2606310844421387,1340677
2004-03-12,1.6755821704864502,2.29135799407959,2.294869899749756,2.207956075668335,2.2342939376831055,824681
2004-03-15,1.653112530708313,2.2606310844421387,2.2860910892486572,2.255363941192627,2.2737998962402344,1341816
2004-03-16,1.6447662115097046,2.249217987060547,2.277311086654663,2.197421073913574,2.2650210857391357,825820
2004-03-17,1.678791880607605,2.295747995376587,2.295747995376587,2.249217987060547,2.249217987060547,798483
2004-03-18,1.6794346570968628,2.296626091003418,2.3001370429992676,2.236927032470703,2.295747995376587,873661
2004-03-19,1.6755821704864502,2.29135799407959,2.320328950881958,2.282578945159912,2.296626091003418,945422
2004-03-22,1.6338531970977783,2.2342939376831055,2.29135799407959,2.2290260791778564,2.29135799407959,879356
2004-03-23,1.6499024629592896,2.2562410831451416,2.2694098949432373,2.2334160804748535,2.251852035522461,422592
2004-03-24,1.6139508485794067,2.207077980041504,2.2694098949432373,2.206199884414673,2.2650210857391357,659517
2004-03-25,1.6466931104660034,2.251852035522461,2.2597529888153076,2.2202470302581787,2.2211248874664307,687994
2004-03-26,1.6210134029388428,2.2167348861694336,2.2650210857391357,2.212346076965332,2.2571189403533936,564975
2004-03-29,1.671730637550354,2.2860910892486572,2.3159399032592773,2.2211248874664307,2.2211248874664307,887330
2004-03-30,1.6178038120269775,2.212346076965332,2.2869679927825928,2.212346076965332,2.2650210857391357,1902234
2004-03-31,1.654396414756775,2.2623870372772217,2.2746779918670654,2.2167348861694336,2.2211248874664307,1010348
2004-04-01,1.6820018291473389,2.3001370429992676,2.3089160919189453,2.253607988357544,2.253607988357544,888469
2004-04-02,1.708965539932251,2.337009906768799,2.376516103744507,2.3141839504241943,2.317694902420044,1667588
2004-04-05,1.6999781131744385,2.324718952178955,2.3396430015563965,2.3018929958343506,2.3326199054718018,903277
2004-04-06,1.6903477907180786,2.3115499019622803,2.3291079998016357,2.3036489486694336,2.317694902420044,1052494
2004-04-07,1.7205212116241455,2.3528120517730713,2.3800270557403564,2.3115499019622803,2.3115499019622803,897581
2004-04-08,1.701261281967163,2.326474905014038,2.3545680046081543,2.317694902420044,2.3545680046081543,1443192
2004-04-12,1.6980516910552979,2.322084903717041,2.336132049560547,2.3062829971313477,2.327353000640869,751781
2004-04-13,1.6537542343139648,2.2615089416503906,2.3440330028533936,2.2562410831451416,2.3405210971832275,1160705
2004-04-14,1.6537542343139648,2.2615089416503906,2.326474905014038,2.236048936843872,2.252729892730713,739252
2004-04-15,1.640273094177246,2.243072986602783,2.289602041244507,2.196542978286743,2.2658979892730713,528525
2004-04-16,1.6229387521743774,2.2193689346313477,2.238682985305786,2.20444393157959,2.2299039363861084,1019461
2004-04-19,1.668520212173462,2.28170108795166,2.28170108795166,2.2035670280456543,2.2149789333343506,531942
2004-04-20,1.6056057214736938,2.195664882659912,2.2869679927825928,2.178985118865967,2.277311086654663,946561
2004-04-21,1.6447662115097046,2.249217987060547,2.249217987060547,2.1860079765319824,2.19478702545166,871383
2004-04-22,1.676866054534912,2.293113946914673,2.3089160919189453,2.238682985305786,2.238682985305786,791648
2004-04-23,1.6332111358642578,2.2334160804748535,2.3001370429992676,2.2167348861694336,2.295747995376587,600286
2004-04-26,1.653112530708313,2.2606310844421387,2.2746779918670654,2.2255139350891113,2.2255139350891113,640153
2004-04-27,1.6691627502441406,2.282578945159912,2.293113946914673,2.250096082687378,2.2562410831451416,906694
2004-04-28,1.6627429723739624,2.2737998962402344,2.3080379962921143,2.2220029830932617,2.2694098949432373,1091222
2004-04-29,1.6036802530288696,2.1930320262908936,2.29135799407959,2.1860079765319824,2.282578945159912,947700
2004-04-30,1.5247150659561157,2.085047960281372,2.212346076965332,2.08417010307312,2.1991770267486572,2145994
2004-05-03,1.5362709760665894,2.1008501052856445,2.1157751083374023,2.0683679580688477,2.0718789100646973,1947797
2004-05-04,1.5099493265151978,2.0648560523986816,2.094705104827881,2.041152000427246,2.0780251026153564,1657336
2004-05-05,1.5253576040267944,2.085926055908203,2.1043620109558105,2.0183260440826416,2.0631000995635986,1581019
2004-05-06,1.5079799890518188,2.056955099105835,2.0771470069885254,2.010425090789795,2.0718789100646973,1051355
2004-05-07,1.4481242895126343,1.9753090143203735,2.042030096054077,1.973552942276001,2.0350069999694824,1796302
2004-05-10,1.4088634252548218,1.9217560291290283,1.973552942276001,1.9006860256195068,1.9314130544662476,1733653
2004-05-11,1.4442620277404785,1.970041036605835,1.973552942276001,1.9182440042495728,1.927901029586792,1292836
2004-05-12,1.4597091674804688,1.9911110401153564,1.9972569942474365,1.9261449575424194,1.9621399641036987,1108308
2004-05-13,1.488026738166809,2.0297389030456543,2.0367629528045654,1.9840879440307617,1.991989016532898,1157288
2004-05-14,1.461639642715454,1.993744969367981,2.051687002182007,1.993744969367981,2.0192039012908936,1244995
2004-05-17,1.4481242895126343,1.9753090143203735,1.9902329444885254,1.9428260326385498,1.9840879440307617,1026295
2004-05-18,1.4558472633361816,1.9858440160751343,1.9902329444885254,1.9665290117263794,1.9884769916534424,1127672
2004-05-19,1.4481242895126343,1.9753090143203735,2.005157947540283,1.9656519889831543,2.001646041870117,1459139
2004-05-20,1.4590643644332886,1.9902329444885254,2.0042800903320312,1.9638960361480713,1.9709190130233765,681159
2004-05-21,1.4751554727554321,2.012181043624878,2.0262279510498047,1.9805760383605957,1.9972569942474365,697106
2004-05-24,1.499612808227539,2.045542001724243,2.058711051940918,2.009546995162964,2.0192039012908936,881634
2004-05-25,1.5343672037124634,2.0929489135742188,2.1061179637908936,2.0253500938415527,2.0350069999694824,823542
2004-05-26,1.5350104570388794,2.09382700920105,2.1201651096343994,2.0780251026153564,2.0929489135742188,642431
2004-05-27,1.5362987518310547,2.095582962036133,2.1140189170837402,2.039396047592163,2.09382700920105,980733
2004-05-28,1.569766879081726,2.141235113143921,2.1456239223480225,2.085047960281372,2.095582962036133,801900
2004-06-01,1.5659048557281494,2.1359670162200928,2.1587929725646973,2.087682008743286,2.1421120166778564,779119
2004-06-02,1.5755586624145508,2.1491360664367676,2.1579151153564453,2.1140189170837402,2.1421120166778564,534220
2004-06-03,1.5021861791610718,2.0490529537200928,2.1421120166778564,2.0490529537200928,2.1421120166778564,799622
2004-06-04,1.5285753011703491,2.085047960281372,2.1350889205932617,2.056955099105835,2.057832956314087,757477
2004-06-07,1.5710525512695312,2.1429901123046875,2.168450117111206,2.085047960281372,2.089437961578369,620789
2004-06-08,1.5774903297424316,2.1517701148986816,2.1623051166534424,2.122797966003418,2.1333329677581787,595730
2004-06-09,1.554319977760315,2.1201651096343994,2.1772289276123047,2.1184089183807373,2.1579151153564453,644709
2004-06-10,1.5375854969024658,2.097338914871216,2.1333329677581787,2.089437961578369,2.128943920135498,1538873
2004-06-14,1.451985478401184,1.9805760383605957,2.094705104827881,1.9805760383605957,2.09382700920105,2445567
2004-06-15,1.4449058771133423,1.9709190130233765,2.009546995162964,1.9586280584335327,1.9911110401153564,2552639
2004-06-16,1.4223793745040894,1.9401919841766357,1.9884769916534424,1.9401919841766357,1.9884769916534424,1804275
2004-06-17,1.3934178352355957,1.9006860256195068,1.9401919841766357,1.8954180479049683,1.9401919841766357,1917042
2004-06-18,1.3940606117248535,1.9015640020370483,1.9358019828796387,1.8962960243225098,1.9006860256195068,2439872
2004-06-21,1.3895550966262817,1.8954180479049683,1.9314130544662476,1.8717149496078491,1.9015640020370483,1098056
2004-06-22,1.3940606117248535,1.9015640020370483,1.925266981124878,1.8524010181427002,1.9006860256195068,804178
2004-06-23,1.4313899278640747,1.952483057975769,1.9533610343933105,1.9006860256195068,1.9015640020370483,919223
2004-06-24,1.3831188678741455,1.8866389989852905,1.9366799592971802,1.8796160221099854,1.9358019828796387,1355484
2004-06-25,1.4249540567398071,1.9437040090560913,1.9437040090560913,1.8787380456924438,1.8910290002822876,2960423
2004-06-28,1.4552040100097656,1.9849660396575928,2.0244719982147217,1.9533610343933105,1.9577499628067017,1560516
2004-06-29,1.480947494506836,2.0200819969177246,2.056955099105835,1.9796979427337646,1.9796979427337646,1521788
2004-06-30,1.480947494506836,2.0200819969177246,2.0631000995635986,2.014815092086792,2.014815092086792,2339634
2004-07-01,1.489958643913269,2.0323729515075684,2.0631000995635986,2.0253500938415527,2.0367629528045654,1565072
2004-07-02,1.4667882919311523,2.000767946243286,2.0367629528045654,2.000767946243286,2.0288610458374023,805317
2004-07-06,1.4712944030761719,2.006913900375366,2.0192039012908936,1.9946229457855225,2.000767946243286,691411
2004-07-07,1.4674322605133057,2.001646041870117,2.0279839038848877,2.001646041870117,2.006913900375366,594591
2004-07-08,1.451341986656189,1.9796979427337646,2.0192039012908936,1.974431037902832,1.9928669929504395,1371431
2004-07-09,1.4455498456954956,1.971796989440918,1.9911110401153564,1.9630179405212402,1.9796979427337646,771145
2004-07-12,1.480947494506836,2.0200819969177246,2.0297389030456543,1.929656982421875,1.9577499628067017,1191459
2004-07-13,1.4680755138397217,2.002523899078369,2.0288610458374023,2.002523899078369,2.014815092086792,768867
2004-07-14,1.461639642715454,1.993744969367981,2.0235939025878906,1.9753090143203735,1.993744969367981,1001236
2004-07-15,1.4951072931289673,2.039396047592163,2.0745129585266113,1.9928669929504395,1.993744969367981,1394213
2004-07-16,1.4642143249511719,1.9972569942474365,2.049931049346924,1.9972569942474365,2.045542001724243,750642
2004-07-19,1.483522653579712,2.0235939025878906,2.0376410484313965,1.996379017829895,2.0060360431671143,781397
2004-07-20,1.509909749031067,2.0595879554748535,2.0762689113616943,2.014815092086792,2.0192039012908936,951117
2004-07-21,1.480947494506836,2.0200819969177246,2.081536054611206,2.0192039012908936,2.0631000995635986,1240439
2004-07-22,1.4629274606704712,1.9955010414123535,2.0279839038848877,1.9665290117263794,2.014815092086792,855436
2004-07-23,1.457777738571167,1.9884769916534424,2.002523899078369,1.9533610343933105,1.9884769916534424,920363
2004-07-26,1.5054057836532593,2.05344295501709,2.0613439083099365,1.9884769916534424,1.996379017829895,2182444
2004-07-27,1.543378233909607,2.1052401065826416,2.1087520122528076,2.047297954559326,2.05344295501709,1316756
2004-07-28,1.5311498641967773,2.088560104370117,2.1122629642486572,2.0192039012908936,2.1052401065826416,1635694
2004-07-29,1.5073360204696655,2.056077003479004,2.1087520122528076,2.0358850955963135,2.0762689113616943,1349789
2004-07-30,1.489958643913269,2.0323729515075684,2.1026060581207275,2.0271060466766357,2.041152000427246,1626581
2004-08-02,1.5317935943603516,2.089437961578369,2.089437961578369,1.993744969367981,2.0332510471343994,979594
2004-08-03,1.5041180849075317,2.051687002182007,2.128066062927246,2.045542001724243,2.0762689113616943,1247273
2004-08-04,1.5021861791610718,2.0490529537200928,2.0666120052337646,1.9779419898986816,2.0192039012908936,1604939
2004-08-05,1.4751554727554321,2.012181043624878,2.041152000427246,2.010425090789795,2.041152000427246,883913
2004-08-06,1.4177227020263672,1.9287790060043335,2.0235939025878906,1.9173660278320312,1.9928669929504395,1412438
2004-08-09,1.4441810846328735,1.9647740125656128,1.970041036605835,1.9226340055465698,1.9270230531692505,748364
2004-08-10,1.5093560218811035,2.05344295501709,2.05344295501709,1.976186990737915,1.9823319911956787,853158
2004-08-11,1.4990311861038208,2.039396047592163,2.058711051940918,1.9779419898986816,2.041152000427246,2417091
2004-08-12,1.4899972677230835,2.0271060466766357,2.0350069999694824,2.000767946243286,2.0209600925445557,1349789
2004-08-13,1.481608271598816,2.015692949295044,2.0367629528045654,2.0060360431671143,2.0271060466766357,792788
2004-08-16,1.4435356855392456,1.9638960361480713,2.0358850955963135,1.9586280584335327,1.9990119934082031,2094736
2004-08-17,1.4590232372283936,1.9849660396575928,1.9981340169906616,1.9612619876861572,1.9638960361480713,1215380
2004-08-18,1.4777361154556274,2.010425090789795,2.014815092086792,1.949849009513855,1.9665290117263794,1161844
2004-08-19,1.4745101928710938,2.0060360431671143,2.01305890083313,1.9902329444885254,1.9972569942474365,1450027
2004-08-20,1.4958041906356812,2.0350069999694824,2.0367629528045654,1.9972569942474365,1.9972569942474365,1344094
2004-08-23,1.4777361154556274,2.010425090789795,2.0385189056396484,1.9840879440307617,2.0350069999694824,930614
2004-08-24,1.482254147529602,2.016571044921875,2.0376410484313965,2.001646041870117,2.010425090789795,1483059
2004-08-25,1.4964498281478882,2.0358850955963135,2.0367629528045654,1.9832099676132202,2.010425090789795,2351025
2004-08-26,1.5164545774459839,2.0631000995635986,2.0745129585266113,2.0235939025878906,2.0279839038848877,1092361
2004-08-27,1.5293599367141724,2.080657958984375,2.086803913116455,2.054321050643921,2.054321050643921,813291
2004-08-30,1.4945138692855835,2.0332510471343994,2.0736351013183594,2.0235939025878906,2.0718789100646973,596869
2004-08-31,1.5074197053909302,2.050808906555176,2.0701229572296143,1.9981340169906616,2.041152000427246,890747
2004-09-01,1.5312966108322144,2.083292007446289,2.083292007446289,2.0306169986724854,2.0367629528045654,908972
2004-09-02,1.5596894025802612,2.121920108795166,2.128066062927246,2.0674901008605957,2.0674901008605957,607120
2004-09-03,1.546783208847046,2.1043620109558105,2.1333329677581787,2.1008501052856445,2.1157751083374023,569531
2004-09-07,1.5713051557540894,2.137722969055176,2.1429901123046875,2.083292007446289,2.09382700920105,1008070
2004-09-08,1.5564625263214111,2.1175310611724854,2.1596710681915283,2.1069960594177246,2.128943920135498,873661
2004-09-09,1.5809842348098755,2.1508920192718506,2.163182020187378,2.1096301078796387,2.1113851070404053,1124255
2004-09-10,1.5784032344818115,2.1473801136016846,2.1579151153564453,2.1192870140075684,2.1421120166778564,890747
2004-09-13,1.5745311975479126,2.1421120166778564,2.1482579708099365,2.128943920135498,2.1482579708099365,699384
2004-09-14,1.5538817644119263,2.1140189170837402,2.1579151153564453,2.1052401065826416,2.1421120166778564,504605
2004-09-15,1.5609794855117798,2.123676061630249,2.1491360664367676,2.1052401065826416,2.1052401065826416,659517
2004-09-16,1.59453547000885,2.169327974319458,2.1921539306640625,2.1201651096343994,2.1201651096343994,924919
2004-09-17,1.5519458055496216,2.1113851070404053,2.1772289276123047,2.1043620109558105,2.1772289276123047,1424967
2004-09-20,1.5235521793365479,2.0727570056915283,2.1166529655456543,2.0718789100646973,2.1061179637908936,719888
2004-09-21,1.5674335956573486,2.1324551105499268,2.1421120166778564,2.0701229572296143,2.0753910541534424,865688
2004-09-22,1.547428846359253,2.1052401065826416,2.123676061630249,2.0718789100646973,2.123676061630249,1058189
2004-09-23,1.5738868713378906,2.141235113143921,2.141235113143921,2.09382700920105,2.098217010498047,424870
2004-09-24,1.5874369144439697,2.1596710681915283,2.1623051166534424,2.1157751083374023,2.1333329677581787,1050216
2004-09-27,1.5616250038146973,2.124553918838501,2.1587929725646973,2.1096301078796387,2.1552810668945312,1133367
2004-09-28,1.590663194656372,2.164060115814209,2.171962022781372,2.1157751083374023,2.1157751083374023,811013
2004-09-29,1.5919541120529175,2.165816068649292,2.193908929824829,2.1552810668945312,2.1552810668945312,729000
2004-09-30,1.5674335956573486,2.1324551105499268,2.178985118865967,2.1324551105499268,2.1482579708099365,949978
2004-10-01,1.643578052520752,2.236048936843872,2.2439510822296143,2.1333329677581787,2.137722969055176,1290558
2004-10-04,1.6500321626663208,2.244828939437866,2.2606310844421387,2.2220029830932617,2.236048936843872,749503
2004-10-05,1.6448688507080078,2.237804889678955,2.255363941192627,2.2281479835510254,2.244828939437866,590034
2004-10-06,1.6493866443634033,2.2439510822296143,2.254486083984375,2.2307820320129395,2.237804889678955,587756
2004-10-07,1.6364800930023193,2.2263920307159424,2.239561080932617,2.212346076965332,2.23517107963562,632180
2004-10-08,1.659066081047058,2.2571189403533936,2.2737998962402344,2.2167348861694336,2.2167348861694336,1347511
2004-10-11,1.6797146797180176,2.285212993621826,2.285212993621826,2.247462034225464,2.247462034225464,519413
2004-10-12,1.6661640405654907,2.2667760848999023,2.3018929958343506,2.251852035522461,2.285212993621826,590034
2004-10-13,1.6661640405654907,2.2667760848999023,2.2869679927825928,2.247462034225464,2.2737998962402344,880495
2004-10-14,1.6764882802963257,2.280822992324829,2.287846088409424,2.2606310844421387,2.2606310844421387,997819
2004-10-15,1.6713266372680664,2.2737998962402344,2.290479898452759,2.2667760848999023,2.280822992324829,812152
2004-10-18,1.6771334409713745,2.28170108795166,2.3115499019622803,2.238682985305786,2.2650210857391357,787092
2004-10-19,1.661646842956543,2.2606310844421387,2.295747995376587,2.2562410831451416,2.278188943862915,700523
2004-10-20,1.6971389055252075,2.3089160919189453,2.318572998046875,2.240438938140869,2.2562410831451416,1264359
2004-10-21,1.6939113140106201,2.3045270442962646,2.319451093673706,2.2746779918670654,2.3089160919189453,975038
2004-10-22,1.661646842956543,2.2606310844421387,2.326474905014038,2.255363941192627,2.3001370429992676,1213102
2004-10-25,1.6764882802963257,2.280822992324829,2.295747995376587,2.236927032470703,2.250096082687378,945422
2004-10-26,1.6777796745300293,2.282578945159912,2.322084903717041,2.238682985305786,2.282578945159912,1729097
2004-10-27,1.7423090934753418,2.3703699111938477,2.3703699111938477,2.2720439434051514,2.283457040786743,1904513
2004-10-28,1.7487622499465942,2.379149913787842,2.395829916000366,2.3413989543914795,2.3528120517730713,2019558
2004-10-29,1.7003651857376099,2.3133060932159424,2.409877061843872,2.282578945159912,2.3703699111938477,1468252
2004-11-01,1.7390834093093872,2.365981101989746,2.3738820552825928,2.288723945617676,2.320328950881958,896442
2004-11-02,1.710044264793396,2.326474905014038,2.3993420600891113,2.322084903717041,2.365981101989746,1550264
2004-11-03,1.7358556985855103,2.361591100692749,2.3817830085754395,2.3326199054718018,2.3528120517730713,1558238
2004-11-04,1.7345654964447021,2.359834909439087,2.37827205657959,2.3422770500183105,2.3528120517730713,1237022
2004-11-05,1.7242404222488403,2.3457889556884766,2.3967080116271973,2.3308639526367188,2.365981101989746,1206267
2004-11-08,1.7138923406600952,2.326474905014038,2.3536899089813232,2.322084903717041,2.335253953933716,1168678
2004-11-09,1.680261492729187,2.280822992324829,2.3431549072265625,2.2737998962402344,2.335253953933716,1962605
2004-11-10,1.6776738166809082,2.277311086654663,2.293992042541504,2.2694098949432373,2.280822992324829,2025253
2004-11-11,1.6919031143188477,2.296626091003418,2.3089160919189453,2.280822992324829,2.282578945159912,1472808
2004-11-12,1.6854348182678223,2.287846088409424,2.3045270442962646,2.278188943862915,2.3001370429992676,1342955
2004-11-15,1.6750869750976562,2.2737998962402344,2.3124279975891113,2.2562410831451416,2.287846088409424,1381683
2004-11-16,1.6433964967727661,2.2307820320129395,2.2755560874938965,2.2299039363861084,2.2755560874938965,1025156
2004-11-17,1.6466302871704102,2.23517107963562,2.29135799407959,2.20444393157959,2.25097393989563,1362319
2004-11-18,1.634988784790039,2.2193689346313477,2.237804889678955,2.1816189289093018,2.237804889678955,1324730
2004-11-19,1.6084707975387573,2.1833739280700684,2.2193689346313477,2.164060115814209,2.2193689346313477,894164
2004-11-22,1.6324012279510498,2.2158570289611816,2.2158570289611816,2.178985118865967,2.178985118865967,817847
2004-11-23,1.6233470439910889,2.2035670280456543,2.209712028503418,2.163182020187378,2.209712028503418,1055911
2004-11-24,1.6285207271575928,2.21058988571167,2.2342939376831055,2.198298931121826,2.198298931121826,801900
2004-11-26,1.6129993200302124,2.1895198822021484,2.2193689346313477,2.1886420249938965,2.2167348861694336,170859
2004-11-29,1.6039445400238037,2.1772289276123047,2.212346076965332,2.1605489253997803,2.193908929824829,1362319
2004-11-30,1.5877753496170044,2.1552810668945312,2.1763510704040527,2.1465020179748535,2.172840118408203,1398769
2004-12-01,1.6660327911376953,2.2615089416503906,2.2667760848999023,2.1517701148986816,2.1517701148986816,1184625
2004-12-02,1.6233470439910889,2.2035670280456543,2.247462034225464,2.163182020187378,2.238682985305786,1358902
2004-12-03,1.6356356143951416,2.2202470302581787,2.238682985305786,2.1903979778289795,2.212346076965332,721027
2004-12-06,1.5942437648773193,2.164060115814209,2.2176129817962646,2.1465020179748535,2.212346076965332,977316
2004-12-07,1.5573781728744507,2.1140189170837402,2.172840118408203,2.1140189170837402,2.164060115814209,705080
2004-12-08,1.613645315170288,2.1903979778289795,2.1903979778289795,2.1017279624938965,2.124553918838501,1387378
2004-12-09,1.6356356143951416,2.2202470302581787,2.2263920307159424,2.164937973022461,2.1860079765319824,2319131
2004-12-10,1.641456127166748,2.2281479835510254,2.238682985305786,2.1991770267486572,2.212346076965332,1123116
2004-12-13,1.6770278215408325,2.276432991027832,2.2860910892486572,2.2342939376831055,2.2342939376831055,1194877
2004-12-14,1.6944897174835205,2.3001370429992676,2.3141839504241943,2.2702879905700684,2.2737998962402344,1022878
2004-12-15,1.695783257484436,2.3018929958343506,2.326474905014038,2.295747995376587,2.3001370429992676,883913
2004-12-16,1.6692655086517334,2.2658979892730713,2.2992589473724365,2.240438938140869,2.2975029945373535,536498
2004-12-17,1.6511584520339966,2.2413170337677,2.2615089416503906,2.2167348861694336,2.249217987060547,809873
2004-12-20,1.6660327911376953,2.2615089416503906,2.2615089416503906,2.2149789333343506,2.247462034225464,508022
2004-12-21,1.6899622678756714,2.293992042541504,2.295747995376587,2.249217987060547,2.2694098949432373,747225
2004-12-22,1.7190662622451782,2.333498001098633,2.334376096725464,2.282578945159912,2.282578945159912,1442053
2004-12-23,1.7281204462051392,2.3457889556884766,2.3457889556884766,2.317694902420044,2.324718952178955,1052494
2004-12-27,1.720359444618225,2.335253953933716,2.349299907684326,2.324718952178955,2.337009906768799,1401047
2004-12-28,1.7423495054244995,2.365103006362915,2.376516103744507,2.335253953933716,2.335253953933716,1776938
2004-12-29,1.7410558462142944,2.363347053527832,2.3730039596557617,2.3440330028533936,2.365103006362915,334884
2004-12-30,1.7436429262161255,2.366858959197998,2.3730039596557617,2.3572020530700684,2.3572020530700684,522830
2004-12-31,1.7022507190704346,2.3106720447540283,2.3721261024475098,2.3106720447540283,2.366858959197998,1443192
2005-01-03,1.6828480958938599,2.284334897994995,2.325597047805786,2.2650210857391357,2.3106720447540283,2182444
2005-01-04,1.6511584520339966,2.2413170337677,2.307159900665283,2.238682985305786,2.3001370429992676,1296253
2005-01-05,1.6563313007354736,2.248339891433716,2.2650210857391357,2.2299039363861084,2.2342939376831055,1395352
2005-01-06,1.6673262119293213,2.2632648944854736,2.2702879905700684,2.23517107963562,2.2615089416503906,1217658
2005-01-07,1.6427502632141113,2.2299039363861084,2.2623870372772217,2.2299039363861084,2.2623870372772217,1071858
2005-01-10,1.6750869750976562,2.2737998962402344,2.276432991027832,2.2299039363861084,2.2299039363861084,1036547
2005-01-11,1.6259337663650513,2.207077980041504,2.2746779918670654,2.207077980041504,2.2746779918670654,1120838
2005-01-12,1.655684232711792,2.247462034225464,2.2579970359802246,2.2035670280456543,2.207077980041504,1018322
2005-01-13,1.6298151016235352,2.212346076965332,2.2562410831451416,2.1991770267486572,2.247462034225464,908972
2005-01-14,1.649216890335083,2.238682985305786,2.247462034225464,2.212346076965332,2.2211248874664307,469294
2005-01-18,1.6666791439056396,2.2623870372772217,2.2623870372772217,2.2035670280456543,2.2299039363861084,770006
2005-01-19,1.6375757455825806,2.2228810787200928,2.2562410831451416,2.2158570289611816,2.2562410831451416,732417
2005-01-20,1.6382226943969727,2.2237589359283447,2.247462034225464,2.213223934173584,2.2211248874664307,888469
2005-01-21,1.6278741359710693,2.209712028503418,2.238682985305786,2.209712028503418,2.2272698879241943,672047
2005-01-24,1.5826020240783691,2.1482579708099365,2.2228810787200928,2.141235113143921,2.2035670280456543,691411
2005-01-25,1.5948899984359741,2.164937973022461,2.182497024536133,2.1421120166778564,2.1552810668945312,611677
2005-01-26,1.6000645160675049,2.171962022781372,2.251852035522461,2.166693925857544,2.2035670280456543,1939823
2005-01-27,1.618820071220398,2.197421073913574,2.2184910774230957,2.168450117111206,2.1772289276123047,727861
2005-01-28,1.5547910928726196,2.1105079650878906,2.2167348861694336,2.1043620109558105,2.1921539306640625,1814527
2005-01-31,1.6039445400238037,2.1772289276123047,2.1930320262908936,2.1034839153289795,2.1034839153289795,2611870
2005-02-01,1.5948899984359741,2.164937973022461,2.1877639293670654,2.1552810668945312,2.1772289276123047,2833988
2005-02-02,1.616878867149353,2.19478702545166,2.208833932876587,2.1579151153564453,2.164937973022461,1280306
2005-02-03,1.602003812789917,2.1745951175689697,2.2035670280456543,2.1508920192718506,2.2035670280456543,1489894
2005-02-04,1.616878867149353,2.19478702545166,2.1991770267486572,2.1745951175689697,2.1745951175689697,1174373
2005-02-07,1.613645315170288,2.1903979778289795,2.211467981338501,2.1781070232391357,2.1991770267486572,1118559
2005-02-08,1.6418639421463013,2.2220029830932617,2.2237589359283447,2.1868860721588135,2.1868860721588135,755198
2005-02-09,1.6087796688079834,2.1772289276123047,2.2334160804748535,2.172840118408203,2.212346076965332,1557098
2005-02-10,1.6204575300216675,2.1930320262908936,2.1991770267486572,2.137722969055176,2.1903979778289795,2135742
2005-02-11,1.6509462594985962,2.2342939376831055,2.252729892730713,2.1473801136016846,2.1816189289093018,1102613
2005-02-14,1.6191600561141968,2.1912760734558105,2.2167348861694336,2.168450117111206,2.213223934173584,812152
2005-02-15,1.6022928953170776,2.168450117111206,2.198298931121826,2.1517701148986816,2.1816189289093018,1213102
2005-02-16,1.5990495681762695,2.164060115814209,2.1903979778289795,2.137722969055176,2.1816189289093018,1423828
2005-02-17,1.5601277351379395,2.1113851070404053,2.167572021484375,2.1069960594177246,2.1552810668945312,1540013
2005-02-18,1.559478998184204,2.1105079650878906,2.1596710681915283,2.1069960594177246,2.1201651096343994,1098056
2005-02-22,1.5737504959106445,2.129822015762329,2.1508920192718506,2.088560104370117,2.1113851070404053,1795163
2005-02-23,1.5555862188339233,2.1052401065826416,2.1544029712677,2.1026060581207275,2.129822015762329,1663031
2005-02-24,1.5977528095245361,2.1623051166534424,2.168450117111206,2.1078739166259766,2.1078739166259766,1550264
2005-02-25,1.6256471872329712,2.200054883956909,2.207956075668335,2.1421120166778564,2.1596710681915283,1444331
2005-02-28,1.655486822128296,2.240438938140869,2.252729892730713,2.19478702545166,2.200054883956909,1528622
2005-03-01,1.6911656856536865,2.288723945617676,2.292236089706421,2.244828939437866,2.247462034225464,1186903
2005-03-02,1.6937601566314697,2.292236089706421,2.319451093673706,2.2641429901123047,2.282578945159912,1641389
2005-03-03,1.7041397094726562,2.3062829971313477,2.317694902420044,2.2737998962402344,2.293113946914673,968203
2005-03-04,1.7210063934326172,2.3291079998016357,2.3572020530700684,2.325597047805786,2.3308639526367188,1172095
2005-03-07,1.6983009576797485,2.2983810901641846,2.335253953933716,2.2869679927825928,2.335253953933716,1226770
2005-03-08,1.684678554534912,2.279944896697998,2.2983810901641846,2.2606310844421387,2.29135799407959,2665406
2005-03-09,1.6775431632995605,2.2702879905700684,2.287846088409424,2.250096082687378,2.2694098949432373,1082109
2005-03-10,1.6723527908325195,2.2632648944854736,2.3045270442962646,2.2606310844421387,2.2694098949432373,869105
2005-03-11,1.6901922225952148,2.2874069213867188,2.29135799407959,2.254486083984375,2.2716050148010254,1174753
2005-03-14,1.6901922225952148,2.2874069213867188,2.3111109733581543,2.2650210857391357,2.2874069213867188,1010728
2005-03-15,1.6541889905929565,2.238682985305786,2.3124279975891113,2.2255139350891113,2.2874069213867188,1338019
2005-03-16,1.6464049816131592,2.2281479835510254,2.2676539421081543,2.213663101196289,2.240000009536743,1015284
2005-03-17,1.6824071407318115,2.276871919631958,2.2847740650177,2.1991770267486572,2.2176129817962646,1517231
2005-03-18,1.705761432647705,2.3084769248962402,2.324280023574829,2.2149789333343506,2.276871919631958,6519994
2005-03-21,1.7339801788330078,2.3466670513153076,2.350616931915283,2.3058440685272217,2.317694902420044,1889325
2005-03-22,1.7320334911346436,2.3440330028533936,2.3730039596557617,2.3400819301605225,2.3466670513153076,2227247
2005-03-23,1.7933355569839478,2.4269959926605225,2.448065996170044,2.3545680046081543,2.3572020530700684,2354822
2005-03-24,1.804038405418396,2.441481113433838,2.4994239807128906,2.3967080116271973,2.449383020401001,3338972
2005-03-28,1.7797132730484009,2.408560037612915,2.441481113433838,2.408560037612915,2.441481113433838,1265119
2005-03-29,1.780686855316162,2.409877061843872,2.4599180221557617,2.392756938934326,2.403291940689087,1269675
2005-03-30,1.7982007265090942,2.433579921722412,2.436213970184326,2.3980250358581543,2.4230449199676514,1008450
2005-03-31,1.8098790645599365,2.449383020401001,2.4533329010009766,2.3703699111938477,2.419095039367676,1454203
2005-04-01,1.808905005455017,2.448065996170044,2.4625511169433594,2.3980250358581543,2.4559669494628906,1664550
2005-04-04,1.8303114175796509,2.477036952972412,2.479671001434326,2.3848559856414795,2.449383020401001,1244616
2005-04-05,1.8653427362442017,2.524444103240967,2.562633991241455,2.4823050498962402,2.5020580291748047,1901475
2005-04-06,1.9295634031295776,2.6113579273223877,2.631110906600952,2.5376129150390625,2.5534160137176514,2527200
2005-04-07,1.9256713390350342,2.606091022491455,2.6245269775390625,2.5837039947509766,2.6087241172790527,1622784
2005-04-08,1.8964788913726807,2.5665841102600098,2.6192591190338135,2.5389299392700195,2.6139919757843018,1054013
2005-04-11,1.864369511604309,2.523128032684326,2.563951015472412,2.5086419582366943,2.562633991241455,587756
2005-04-12,1.890641450881958,2.558682918548584,2.5771191120147705,2.48888897895813,2.5086419582366943,1136025
2005-04-13,1.8614501953125,2.519176959991455,2.562633991241455,2.5033740997314453,2.562633991241455,1638731
2005-04-14,1.8050123453140259,2.442797899246216,2.519176959991455,2.436213970184326,2.5020580291748047,881634
2005-04-15,1.7972275018692017,2.432262897491455,2.484937906265259,2.4269959926605225,2.444114923477173,711534
2005-04-18,1.7904161214828491,2.4230449199676514,2.4559669494628906,2.376955032348633,2.409877061843872,924159
2005-04-19,1.8001477718353271,2.436213970184326,2.4401650428771973,2.3703699111938477,2.436213970184326,968203
2005-04-20,1.7719300985336304,2.3980250358581543,2.4586009979248047,2.3703699111938477,2.436213970184326,934031
2005-04-21,1.8332304954528809,2.480988025665283,2.480988025665283,2.420412063598633,2.433579921722412,890747
2005-04-22,1.7641453742980957,2.3874900341033936,2.47308611869812,2.3585190773010254,2.47308611869812,1239300
2005-04-25,1.8127968311309814,2.4533329010009766,2.4678189754486084,2.3888070583343506,2.3888070583343506,1497488
2005-04-26,1.775821328163147,2.403291940689087,2.479671001434326,2.394073963165283,2.4520161151885986,699384
2005-04-27,1.9169138669967651,2.5942389965057373,2.600822925567627,2.409877061843872,2.4230449199676514,2180166
2005-04-28,1.8711808919906616,2.53234601020813,2.615309000015259,2.531028985977173,2.5942389965057373,1359281
2005-04-29,1.9208060503005981,2.59950590133667,2.604773998260498,2.5349791049957275,2.5415639877319336,1224872
2005-05-02,1.9723780155181885,2.669300079345703,2.7061729431152344,2.5876541137695312,2.600822925567627,2435316
2005-05-03,1.9188593626022339,2.596872091293335,2.6600821018218994,2.588970899581909,2.6600821018218994,1222594
2005-05-04,1.9139947891235352,2.590287923812866,2.616626024246216,2.5758020877838135,2.600822925567627,2919797
2005-05-05,1.9276171922683716,2.6087241172790527,2.6218929290771484,2.5455141067504883,2.563951015472412,1005413
2005-05-06,1.9607844352722168,2.646914005279541,2.6613988876342773,2.6205759048461914,2.628477096557617,700144
2005-05-09,1.9890741109848022,2.685102939605713,2.7035388946533203,2.633744955062866,2.6534979343414307,2521884
2005-05-10,1.9754165410995483,2.6666669845581055,2.679835081100464,2.633744955062866,2.6548149585723877,1341816
2005-05-11,1.9520050287246704,2.6350619792938232,2.679835081100464,2.6087241172790527,2.679835081100464,1388897
2005-05-12,1.9510289430618286,2.633744955062866,2.671933889389038,2.604773998260498,2.639012098312378,1046419
2005-05-13,1.9022533893585205,2.5679008960723877,2.633744955062866,2.5376129150390625,2.633744955062866,801900
2005-05-16,1.95005464553833,2.632427930831909,2.6350619792938232,2.562633991241455,2.562633991241455,523209
2005-05-17,1.954931616783142,2.639012098312378,2.640328884124756,2.5784358978271484,2.6179420948028564,478406
2005-05-18,1.9432247877120972,2.6232099533081055,2.641645908355713,2.602139949798584,2.6363790035247803,889228
2005-05-19,1.9734652042388916,2.6640329360961914,2.6653499603271484,2.6179420948028564,2.6218929290771484,507263
2005-05-20,1.9598091840744019,2.645596981048584,2.6679840087890625,2.6245269775390625,2.6653499603271484,477647
2005-05-23,1.9900507926940918,2.68641996383667,2.6916871070861816,2.645596981048584,2.646914005279541,553584
2005-05-24,1.9861479997634888,2.681152105331421,2.7364609241485596,2.6574490070343018,2.675884962081909,602944
2005-05-25,1.9227395057678223,2.5955560207366943,2.6666669845581055,2.5850210189819336,2.6666669845581055,877838
2005-05-26,1.97151517868042,2.6613988876342773,2.6916871070861816,2.6139919757843018,2.6139919757843018,945422
2005-05-27,1.978342890739441,2.67061710357666,2.6890530586242676,2.6521809101104736,2.6627159118652344,359944
2005-05-31,1.9900507926940918,2.68641996383667,2.6956379413604736,2.6534979343414307,2.6666669845581055,1243856
2005-06-01,2.00858473777771,2.711440086364746,2.711440086364746,2.6508638858795166,2.68641996383667,835313
2005-06-02,2.0076088905334473,2.710123062133789,2.714073896408081,2.679835081100464,2.6982719898223877,940866
2005-06-03,1.9666386842727661,2.6548149585723877,2.724608898162842,2.646914005279541,2.712757110595703,1120078
2005-06-06,1.9968785047531128,2.6956379413604736,2.7022221088409424,2.628477096557617,2.6561319828033447,678122
2005-06-07,1.9939523935317993,2.6916871070861816,2.716707944869995,2.679835081100464,2.6943209171295166,901378
2005-06-08,1.9568825960159302,2.641645908355713,2.7088069915771484,2.6218929290771484,2.6982719898223877,628003
2005-06-09,1.9793190956115723,2.671933889389038,2.679835081100464,2.602139949798584,2.637695074081421,1120078
2005-06-10,1.947127103805542,2.628477096557617,2.679835081100464,2.6205759048461914,2.679835081100464,419175
2005-06-13,1.925666093826294,2.59950590133667,2.639012098312378,2.5771191120147705,2.6205759048461914,1193738
2005-06-14,1.926641583442688,2.600822925567627,2.631110906600952,2.5441980361938477,2.6074070930480957,1339538
2005-06-15,1.9285929203033447,2.603456974029541,2.6139919757843018,2.5415639877319336,2.603456974029541,2537831
2005-06-16,1.9851726293563843,2.679835081100464,2.7009050846099854,2.5823869705200195,2.59950590133667,2093597
2005-06-17,1.9344450235366821,2.6113579273223877,2.7061729431152344,2.606091022491455,2.6995880603790283,1760231
2005-06-20,1.876890778541565,2.533663034439087,2.6074070930480957,2.5257608890533447,2.5955560207366943,1502803
2005-06-21,1.8622571229934692,2.513909101486206,2.5665841102600098,2.48888897895813,2.5257608890533447,2240916
2005-06-22,1.8690863847732544,2.523128032684326,2.528394937515259,2.5020580291748047,2.5020580291748047,1194497
2005-06-23,1.8476243019104004,2.4941558837890625,2.5455141067504883,2.4941558837890625,2.519176959991455,1768584
2005-06-24,1.9022533893585205,2.5679008960723877,2.5823869705200195,2.4954729080200195,2.4954729080200195,2123972
2005-06-27,1.8827427625656128,2.5415639877319336,2.571851968765259,2.5415639877319336,2.561316967010498,1240819
2005-06-28,1.9227395057678223,2.5955560207366943,2.6100409030914307,2.557365894317627,2.557365894317627,822403
2005-06-29,1.9510289430618286,2.633744955062866,2.640328884124756,2.5929219722747803,2.596872091293335,1144378
2005-06-30,1.954931616783142,2.639012098312378,2.685102939605713,2.639012098312378,2.644279956817627,956813
2005-07-01,1.9685887098312378,2.6574490070343018,2.682468891143799,2.633744955062866,2.646914005279541,824681
2005-07-05,2.0095608234405518,2.712757110595703,2.716707944869995,2.6508638858795166,2.6508638858795166,987188
2005-07-06,2.0202910900115967,2.727242946624756,2.7377779483795166,2.7009050846099854,2.711440086364746,1256766
2005-07-07,2.0115110874176025,2.715390920639038,2.725925922393799,2.685102939605713,2.6982719898223877,806456
2005-07-08,2.00565767288208,2.7074899673461914,2.712757110595703,2.5692179203033447,2.7061729431152344,2050313
2005-07-11,2.0378499031066895,2.7509469985961914,2.770699977874756,2.6995880603790283,2.710123062133789,921122
2005-07-12,2.047605037689209,2.76411509513855,2.7799179553985596,2.719341993331909,2.7483129501342773,659138
2005-07-13,2.038825750350952,2.752263069152832,2.7720160484313965,2.7325100898742676,2.760164976119995,476128
2005-07-14,2.0358994007110596,2.7483129501342773,2.7720160484313965,2.725925922393799,2.768065929412842,550547
2005-07-15,2.030046224594116,2.7404119968414307,2.7772839069366455,2.687736988067627,2.728559970855713,568013
2005-07-18,2.0173637866973877,2.723292112350464,2.7720160484313965,2.72065806388855,2.7351438999176025,1341816
2005-07-19,2.0963809490203857,2.829958915710449,2.837860107421875,2.72987699508667,2.72987699508667,696347
2005-07-20,2.0778465270996094,2.8049380779266357,2.8102059364318848,2.671933889389038,2.8102059364318848,1840725
2005-07-21,2.0905282497406006,2.8220579624176025,2.8602468967437744,2.725925922393799,2.8049380779266357,1133747
2005-07-22,2.1207685470581055,2.8628809452056885,2.8681480884552,2.811522960662842,2.8260080814361572,770006
2005-07-25,2.054434061050415,2.7733330726623535,2.8444440364837646,2.7430450916290283,2.8444440364837646,498909
2005-07-26,2.0758936405181885,2.802304983139038,2.836543083190918,2.7654318809509277,2.7786009311676025,523209
2005-07-27,2.086625576019287,2.8167901039123535,2.835226058959961,2.7311930656433105,2.8181068897247314,613575
2005-07-28,2.1490590572357178,2.9010701179504395,2.907654047012329,2.811522960662842,2.84049391746521,671288
2005-07-29,2.0378499031066895,2.7509469985961914,2.878683090209961,2.712757110595703,2.877366065979004,1509638
2005-08-01,2.0241923332214355,2.7325100898742676,2.7720160484313965,2.7088069915771484,2.752263069152832,847463
2005-08-02,2.058336019515991,2.7786009311676025,2.7786009311676025,2.7311930656433105,2.7311930656433105,1174753
2005-08-03,2.022243022918701,2.72987699508667,2.7746500968933105,2.719341993331909,2.7733330726623535,809494
2005-08-04,1.9598091840744019,2.645596981048584,2.7443621158599854,2.64296293258667,2.714073896408081,926438
2005-08-05,1.9246906042099,2.598189115524292,2.645596981048584,2.5665841102600098,2.633744955062866,827719
2005-08-08,1.925666093826294,2.59950590133667,2.641645908355713,2.59950590133667,2.6179420948028564,867206
2005-08-09,1.941273808479309,2.6205759048461914,2.64296293258667,2.602139949798584,2.6087241172790527,889988
2005-08-10,1.913891077041626,2.5771191120147705,2.6561319828033447,2.5547330379486084,2.640328884124756,1604559
2005-08-11,1.9481196403503418,2.6232099533081055,2.6363790035247803,2.571851968765259,2.571851968765259,836831
2005-08-12,1.9481196403503418,2.6232099533081055,2.640328884124756,2.606091022491455,2.6232099533081055,1020600
2005-08-15,1.912912130355835,2.5758020877838135,2.6205759048461914,2.5547330379486084,2.6179420948028564,1275750
2005-08-16,1.8874859809875488,2.5415639877319336,2.5679008960723877,2.521811008453369,2.5679008960723877,1373709
2005-08-17,1.907044768333435,2.5679008960723877,2.6074070930480957,2.490206003189087,2.528394937515259,1194497
2005-08-18,1.8923752307891846,2.5481479167938232,2.5837039947509766,2.5349791049957275,2.557365894317627,946941
2005-08-19,1.8982431888580322,2.556049108505249,2.5955560207366943,2.5455141067504883,2.5481479167938232,839109
2005-08-22,1.9354063272476196,2.606091022491455,2.6100409030914307,2.559999942779541,2.562633991241455,1478503
2005-08-23,1.9168248176574707,2.5810699462890625,2.6074070930480957,2.546830892562866,2.606091022491455,1476984
2005-08-24,1.929538607597351,2.598189115524292,2.628477096557617,2.5823869705200195,2.5823869705200195,1593928
2005-08-25,1.9393178224563599,2.6113579273223877,2.616626024246216,2.5929219722747803,2.603456974029541,1133747
2005-08-26,1.9383394718170166,2.6100409030914307,2.6258440017700195,2.5837039947509766,2.6113579273223877,1745044
2005-08-29,1.9451853036880493,2.6192591190338135,2.631110906600952,2.588970899581909,2.5942389965057373,713053
2005-08-30,1.9041123390197754,2.563951015472412,2.639012098312378,2.563951015472412,2.6192591190338135,867966
2005-08-31,1.9226924180984497,2.588970899581909,2.6126749515533447,2.5547330379486084,2.5652670860290527,1010728
2005-09-01,1.9246487617492676,2.5916049480438232,2.6218929290771484,2.586337089538574,2.590287923812866,710016
2005-09-02,1.8953089714050293,2.5520989894866943,2.6179420948028564,2.5376129150390625,2.5942389965057373,946181
2005-09-06,1.9559428691864014,2.633744955062866,2.6495471000671387,2.562633991241455,2.562633991241455,737353
2005-09-07,1.9256271123886108,2.5929219722747803,2.5942389965057373,2.5692179203033447,2.5942389965057373,478406
2005-09-08,1.8992208242416382,2.557365894317627,2.5876541137695312,2.5349791049957275,2.5810699462890625,1008450
2005-09-09,1.8982431888580322,2.556049108505249,2.59950590133667,2.556049108505249,2.5652670860290527,744188
2005-09-12,1.8982431888580322,2.556049108505249,2.600822925567627,2.5349791049957275,2.5415639877319336,803419
2005-09-13,1.8884634971618652,2.5428810119628906,2.590287923812866,2.524444103240967,2.5428810119628906,864928
2005-09-14,1.8513009548187256,2.492840051651001,2.573168992996216,2.478353977203369,2.5455141067504883,1355484
2005-09-15,1.8992208242416382,2.557365894317627,2.559999942779541,2.5086419582366943,2.5125930309295654,1670625
2005-09-16,1.9911495447158813,2.681152105331421,2.723292112350464,2.557365894317627,2.5652670860290527,9215775
2005-09-19,1.9725695848464966,2.6561319828033447,2.674567937850952,2.6179420948028564,2.6600821018218994,2151309
2005-09-20,1.907044768333435,2.5679008960723877,2.6600821018218994,2.559999942779541,2.6482300758361816,1476984
2005-09-21,1.907044768333435,2.5679008960723877,2.5797529220581055,2.5428810119628906,2.5547330379486084,1057050
2005-09-22,1.913891077041626,2.5771191120147705,2.600822925567627,2.5481479167938232,2.5679008960723877,1834650
2005-09-23,1.8972656726837158,2.5547330379486084,2.5850210189819336,2.5547330379486084,2.5692179203033447,1297772
2005-09-26,1.9187800884246826,2.5837039947509766,2.6087241172790527,2.561316967010498,2.561316967010498,808734
2005-09-27,1.9031329154968262,2.562633991241455,2.59950590133667,2.523128032684326,2.5876541137695312,1211963
2005-09-28,1.9090008735656738,2.5705349445343018,2.59950590133667,2.5520989894866943,2.5679008960723877,956813
2005-09-29,1.9158453941345215,2.5797529220581055,2.5916049480438232,2.5534160137176514,2.5797529220581055,993263
2005-09-30,1.9090008735656738,2.5705349445343018,2.588970899581909,2.561316967010498,2.5758020877838135,863409
2005-10-03,1.9275825023651123,2.5955560207366943,2.633744955062866,2.5692179203033447,2.5837039947509766,602184
2005-10-04,1.907044768333435,2.5679008960723877,2.714073896408081,2.5679008960723877,2.628477096557617,957572
2005-10-05,1.8689030408859253,2.516542911529541,2.600822925567627,2.516542911529541,2.561316967010498,1488375
2005-10-06,1.9217153787612915,2.5876541137695312,2.59950590133667,2.528394937515259,2.528394937515259,1731375
2005-10-07,1.9178025722503662,2.5823869705200195,2.633744955062866,2.573168992996216,2.600822925567627,652303
2005-10-10,1.9178025722503662,2.5823869705200195,2.5916049480438232,2.5415639877319336,2.5876541137695312,706219
2005-10-11,1.902154803276062,2.561316967010498,2.5916049480438232,2.557365894317627,2.5876541137695312,1018322
2005-10-12,1.8992208242416382,2.557365894317627,2.5929219722747803,2.5507819652557373,2.556049108505249,1502044
2005-10-13,1.9168248176574707,2.5810699462890625,2.600822925567627,2.5362958908081055,2.5481479167938232,1264359
2005-10-14,1.9246487617492676,2.5916049480438232,2.6074070930480957,2.5679008960723877,2.5942389965057373,710775
2005-10-17,1.929538607597351,2.598189115524292,2.598189115524292,2.561316967010498,2.5810699462890625,857334
2005-10-18,1.902154803276062,2.561316967010498,2.604773998260498,2.5547330379486084,2.604773998260498,584719
2005-10-19,1.9833263158798218,2.67061710357666,2.67061710357666,2.5349791049957275,2.557365894317627,782916
2005-10-20,1.9314943552017212,2.600822925567627,2.6600821018218994,2.5376129150390625,2.6600821018218994,1462556
2005-10-21,1.930516004562378,2.59950590133667,2.6666669845581055,2.596872091293335,2.604773998260498,718369
2005-10-24,1.958877682685852,2.637695074081421,2.6653499603271484,2.600822925567627,2.600822925567627,606741
2005-10-25,1.9275825023651123,2.5955560207366943,2.6245269775390625,2.561316967010498,2.6245269775390625,896822
2005-10-26,1.9031329154968262,2.562633991241455,2.5942389965057373,2.5257608890533447,2.5810699462890625,937828
2005-10-27,1.8483664989471436,2.48888897895813,2.5389299392700195,2.4599180221557617,2.5389299392700195,1325869
2005-10-28,1.8307632207870483,2.4651849269866943,2.484937906265259,2.409877061843872,2.4691359996795654,1978931
2005-10-31,1.8601019382476807,2.5046908855438232,2.513909101486206,2.4546499252319336,2.4546499252319336,1798200
2005-11-01,1.8278292417526245,2.4612350463867188,2.4954729080200195,2.442797899246216,2.475719928741455,2210541
2005-11-02,1.889441967010498,2.5441980361938477,2.5507819652557373,2.4559669494628906,2.4559669494628906,1448128
2005-11-03,1.8865073919296265,2.5402469635009766,2.5679008960723877,2.516542911529541,2.5547330379486084,1083628
2005-11-04,1.9001996517181396,2.558682918548584,2.5692179203033447,2.5349791049957275,2.546830892562866,1158806
2005-11-07,1.910956621170044,2.573168992996216,2.5942389965057373,2.5494649410247803,2.558682918548584,816328
2005-11-08,1.917819857597351,2.5758020877838135,2.5850210189819336,2.520493984222412,2.5520989894866943,1437497
2005-11-09,1.9070351123809814,2.561316967010498,2.600822925567627,2.559999942779541,2.5679008960723877,1028194
2005-11-10,1.9707664251327515,2.646914005279541,2.6508638858795166,2.5507819652557373,2.5547330379486084,945422
2005-11-11,1.957038164138794,2.628477096557617,2.6587650775909424,2.6087241172790527,2.639012098312378,396394
2005-11-14,1.9403716325759888,2.606091022491455,2.629793882369995,2.588970899581909,2.6205759048461914,807216
2005-11-15,1.9442933797836304,2.6113579273223877,2.6561319828033447,2.5942389965057373,2.600822925567627,1339538
2005-11-16,1.935469388961792,2.59950590133667,2.6087241172790527,2.574486017227173,2.606091022491455,539156
2005-11-17,1.96292245388031,2.6363790035247803,2.637695074081421,2.5876541137695312,2.5942389965057373,514097
2005-11-18,1.9923368692398071,2.675884962081909,2.6890530586242676,2.632427930831909,2.6640329360961914,623447
2005-11-21,2.010965585708618,2.7009050846099854,2.718024969100952,2.6205759048461914,2.6666669845581055,741909
2005-11-22,2.0227317810058594,2.716707944869995,2.758847951889038,2.674567937850952,2.681152105331421,1085906
2005-11-23,2.0148873329162598,2.7061729431152344,2.725925922393799,2.6785190105438232,2.7022221088409424,359184
2005-11-25,2.0246920585632324,2.719341993331909,2.7390949726104736,2.68641996383667,2.719341993331909,202753
2005-11-28,2.010965585708618,2.7009050846099854,2.715390920639038,2.641645908355713,2.714073896408081,987947
2005-11-29,2.0227317810058594,2.716707944869995,2.8220579624176025,2.7009050846099854,2.725925922393799,1692647
2005-11-30,1.9952770471572876,2.679835081100464,2.7443621158599854,2.6587650775909424,2.711440086364746,1155009
2005-12-01,2.0227317810058594,2.716707944869995,2.7614810466766357,2.683785915374756,2.68641996383667,1835409
2005-12-02,1.9923368692398071,2.675884962081909,2.719341993331909,2.5665841102600098,2.719341993331909,1151213
2005-12-05,1.9746876955032349,2.6521809101104736,2.6943209171295166,2.586337089538574,2.681152105331421,1530900
2005-12-06,1.9844930171966553,2.6653499603271484,2.711440086364746,2.5758020877838135,2.6666669845581055,762413
2005-12-07,1.985472321510315,2.6666669845581055,2.681152105331421,2.640328884124756,2.646914005279541,469294
2005-12-08,1.9942976236343384,2.6785190105438232,2.711440086364746,2.645596981048584,2.673250913619995,634078
2005-12-09,2.005082845687866,2.6930038928985596,2.7061729431152344,2.6548149585723877,2.673250913619995,369816
2005-12-12,1.9952770471572876,2.679835081100464,2.724608898162842,2.6363790035247803,2.7074899673461914,804178
2005-12-13,2.0099849700927734,2.6995880603790283,2.7338271141052246,2.6679840087890625,2.675884962081909,747225
2005-12-14,2.0227317810058594,2.716707944869995,2.752263069152832,2.687736988067627,2.6995880603790283,537638
2005-12-15,1.9707664251327515,2.646914005279541,2.718024969100952,2.6363790035247803,2.710123062133789,751781
2005-12-16,2.004101514816284,2.6916871070861816,2.6995880603790283,2.640328884124756,2.645596981048584,1776938
2005-12-19,1.9501756429672241,2.6192591190338135,2.685102939605713,2.604773998260498,2.615309000015259,780638
2005-12-20,1.9776290655136108,2.6561319828033447,2.7009050846099854,2.602139949798584,2.616626024246216,1186903
2005-12-21,2.0011613368988037,2.687736988067627,2.728559970855713,2.6666669845581055,2.6666669845581055,665213
2005-12-22,1.983511209487915,2.6640329360961914,2.712757110595703,2.6508638858795166,2.683785915374756,929475
2005-12-23,1.9580190181732178,2.629793882369995,2.6995880603790283,2.6232099533081055,2.6600821018218994,520931
2005-12-27,1.931546688079834,2.5942389965057373,2.675884962081909,2.5823869705200195,2.633744955062866,1491413
2005-12-28,1.9599798917770386,2.632427930831909,2.6363790035247803,2.5916049480438232,2.6074070930480957,494353
2005-12-29,1.9168392419815063,2.574486017227173,2.646914005279541,2.574486017227173,2.62716007232666,771525
2005-12-30,1.9325274229049683,2.5955560207366943,2.604773998260498,2.5547330379486084,2.5692179203033447,817847
2006-01-03,1.989394187927246,2.671933889389038,2.6916871070861816,2.556049108505249,2.6205759048461914,1336500
2006-01-04,2.028614044189453,2.724608898162842,2.757530927658081,2.6627159118652344,2.671933889389038,1190700
2006-01-05,2.005082845687866,2.6930038928985596,2.7390949726104736,2.6903700828552246,2.728559970855713,623447
2006-01-06,2.031555652618408,2.728559970855713,2.7404119968414307,2.685102939605713,2.719341993331909,453347
2006-01-09,2.0717551708221436,2.7825510501861572,2.7878189086914062,2.728559970855713,2.7390949726104736,412341
2006-01-10,2.084500789642334,2.799670934677124,2.799670934677124,2.757530927658081,2.7772839069366455,700903
2006-01-11,2.1011695861816406,2.8220579624176025,2.828641891479492,2.7786009311676025,2.794403076171875,1101853
2006-01-12,2.0688135623931885,2.7786009311676025,2.8246910572052,2.7759668827056885,2.8246910572052,523969
2006-01-13,2.060969829559326,2.768065929412842,2.798353910446167,2.758847951889038,2.7746500968933105,915806
2006-01-17,2.0599889755249023,2.7667489051818848,2.769382953643799,2.721975088119507,2.7456789016723633,700144
2006-01-18,2.060969829559326,2.768065929412842,2.7917699813842773,2.725925922393799,2.757530927658081,631800
2006-01-19,2.0717551708221436,2.7825510501861572,2.7838680744171143,2.7417280673980713,2.7759668827056885,761653
2006-01-20,2.0148873329162598,2.7061729431152344,2.7851850986480713,2.6982719898223877,2.7825510501861572,481444
2006-01-23,2.0256731510162354,2.72065806388855,2.7456789016723633,2.6943209171295166,2.7074899673461914,342478
2006-01-24,2.0756773948669434,2.7878189086914062,2.7904529571533203,2.715390920639038,2.719341993331909,608259
2006-01-25,2.034496545791626,2.7325100898742676,2.7838680744171143,2.716707944869995,2.7786009311676025,695588
2006-01-26,2.1090140342712402,2.8325929641723633,2.835226058959961,2.7417280673980713,2.7417280673980713,566494
2006-01-27,2.0933263301849365,2.811522960662842,2.841810941696167,2.798353910446167,2.8312759399414062,755578
2006-01-30,2.0894038677215576,2.8062551021575928,2.8589301109313965,2.8049380779266357,2.8088889122009277,598388
2006-01-31,2.1070520877838135,2.829958915710449,2.8444440364837646,2.752263069152832,2.7825510501861572,1040344
2006-02-01,2.124701499938965,2.8536629676818848,2.8628809452056885,2.8049380779266357,2.8181068897247314,599906
2006-02-02,2.10313081741333,2.8246910572052,2.837860107421875,2.7430450916290283,2.837860107421875,899100
2006-02-03,2.1050925254821777,2.8273251056671143,2.8641979694366455,2.798353910446167,2.8049380779266357,396394
2006-02-06,2.0982279777526855,2.8181068897247314,2.8325929641723633,2.7786009311676025,2.8181068897247314,479166
2006-02-07,2.0276331901550293,2.723292112350464,2.8141560554504395,2.719341993331909,2.8049380779266357,858853
2006-02-08,2.06333327293396,2.7627980709075928,2.7746500968933105,2.719341993331909,2.72065806388855,577125
2006-02-09,2.0328454971313477,2.721975088119507,2.79703688621521,2.716707944869995,2.758847951889038,518653
2006-02-10,2.083003282546997,2.7891359329223633,2.8049380779266357,2.67061710357666,2.712757110595703,896063
2006-02-13,2.0210447311401367,2.7061729431152344,2.7904529571533203,2.6956379413604736,2.786501884460449,817088
2006-02-14,2.034813165664673,2.724608898162842,2.7417280673980713,2.681152105331421,2.7061729431152344,812531
2006-02-15,2.0741519927978516,2.7772839069366455,2.7838680744171143,2.6982719898223877,2.719341993331909,930994
2006-02-16,2.0938210487365723,2.8036210536956787,2.828641891479492,2.7469959259033203,2.7851850986480713,511819
2006-02-17,2.0613675117492676,2.760164976119995,2.8088889122009277,2.757530927658081,2.8088889122009277,523209
2006-02-21,1.9885897636413574,2.6627159118652344,2.753580093383789,2.637695074081421,2.753580093383789,968203
2006-02-22,2.012193441390991,2.6943209171295166,2.7022221088409424,2.62716007232666,2.6613988876342773,669009
2006-02-23,1.9463003873825073,2.606091022491455,2.687736988067627,2.59950590133667,2.679835081100464,667491
2006-02-24,1.9158121347427368,2.5652670860290527,2.6113579273223877,2.5455141067504883,2.600822925567627,1255247
2006-02-27,1.955151081085205,2.6179420948028564,2.6179420948028564,2.5520989894866943,2.5652670860290527,1562794
2006-02-28,1.904994010925293,2.5507819652557373,2.600822925567627,2.546830892562866,2.600822925567627,1858191
2006-03-01,1.9472832679748535,2.6074070930480957,2.616626024246216,2.546830892562866,2.559999942779541,1488375
2006-03-02,1.9040106534957886,2.5494649410247803,2.600822925567627,2.529711961746216,2.5942389965057373,2188519
2006-03-03,1.902043342590332,2.546830892562866,2.588970899581909,2.521811008453369,2.528394937515259,776841
2006-03-06,1.8981094360351562,2.5415639877319336,2.5481479167938232,2.5033740997314453,2.5415639877319336,985669
2006-03-07,1.8931924104690552,2.5349791049957275,2.5481479167938232,2.5086419582366943,2.521811008453369,2070816
2006-03-08,1.8902418613433838,2.531028985977173,2.573168992996216,2.529711961746216,2.533663034439087,3576656
2006-03-09,1.8922096490859985,2.533663034439087,2.5547330379486084,2.516542911529541,2.531028985977173,1285622
2006-03-10,1.8951585292816162,2.5376129150390625,2.563951015472412,2.5125930309295654,2.531028985977173,1208166
2006-03-13,1.9197460412979126,2.5705349445343018,2.573168992996216,2.5389299392700195,2.5402469635009766,1367634
2006-03-14,1.9305648803710938,2.5850210189819336,2.598189115524292,2.5534160137176514,2.5665841102600098,1120838
2006-03-15,1.9295817613601685,2.5837039947509766,2.6126749515533447,2.561316967010498,2.5810699462890625,1056291
2006-03-16,1.9423660039901733,2.600822925567627,2.6179420948028564,2.5547330379486084,2.574486017227173,1040344
2006-03-17,1.9413814544677734,2.59950590133667,2.6245269775390625,2.561316967010498,2.6074070930480957,2495306
2006-03-20,1.9266303777694702,2.5797529220581055,2.600822925567627,2.5692179203033447,2.600822925567627,845184
2006-03-21,1.924662709236145,2.5771191120147705,2.6113579273223877,2.561316967010498,2.5810699462890625,1320553
2006-03-22,1.9384329319000244,2.5955560207366943,2.604773998260498,2.571851968765259,2.574486017227173,732038
2006-03-23,1.9099109172821045,2.557365894317627,2.5929219722747803,2.5415639877319336,2.5929219722747803,824681
2006-03-24,1.9472832679748535,2.6074070930480957,2.6139919757843018,2.561316967010498,2.561316967010498,686475
2006-03-27,1.924662709236145,2.5771191120147705,2.6074070930480957,2.5520989894866943,2.6074070930480957,463219
2006-03-28,1.9325313568115234,2.5876541137695312,2.62716007232666,2.561316967010498,2.5810699462890625,836831
2006-03-29,1.9492506980895996,2.6100409030914307,2.6534979343414307,2.521811008453369,2.6534979343414307,452588
2006-03-30,1.9767879247665405,2.646914005279541,2.6627159118652344,2.5955560207366943,2.6192591190338135,1407881
2006-03-31,1.9905565977096558,2.6653499603271484,2.674567937850952,2.6205759048461914,2.640328884124756,1207406
2006-04-03,1.9905565977096558,2.6653499603271484,2.673250913619995,2.62716007232666,2.673250913619995,1678978
2006-04-04,2.0033414363861084,2.682468891143799,2.715390920639038,2.6666669845581055,2.685102939605713,1078313
2006-04-05,2.0171093940734863,2.7009050846099854,2.7074899673461914,2.6600821018218994,2.6785190105438232,852778
2006-04-06,2.0180935859680176,2.7022221088409424,2.7074899673461914,2.671933889389038,2.6890530586242676,620409
2006-04-07,2.0131778717041016,2.6956379413604736,2.7338271141052246,2.6613988876342773,2.7009050846099854,1325869
2006-04-10,2.0200605392456055,2.7048559188842773,2.716707944869995,2.673250913619995,2.6995880603790283,1091981
2006-04-11,2.0082597732543945,2.6890530586242676,2.7048559188842773,2.67061710357666,2.7048559188842773,984150
2006-04-12,2.022026538848877,2.7074899673461914,2.754897117614746,2.6482300758361816,2.6482300758361816,706978
2006-04-13,2.0161261558532715,2.6995880603790283,2.716707944869995,2.675884962081909,2.6956379413604736,647747
2006-04-17,2.0161261558532715,2.6995880603790283,2.711440086364746,2.6587650775909424,2.6995880603790283,1132988
2006-04-18,2.069234609603882,2.770699977874756,2.7733330726623535,2.6995880603790283,2.6995880603790283,1460278
2006-04-19,2.0682523250579834,2.769382953643799,2.786501884460449,2.7469959259033203,2.7720160484313965,887709
2006-04-20,2.067267894744873,2.768065929412842,2.7786009311676025,2.7469959259033203,2.769382953643799,923400
2006-04-21,2.075136184692383,2.7786009311676025,2.798353910446167,2.760164976119995,2.7786009311676025,1170197
2006-04-24,2.044647693634033,2.7377779483795166,2.768065929412842,2.719341993331909,2.768065929412842,1273472
2006-04-25,2.047597646713257,2.7417280673980713,2.756213903427124,2.7061729431152344,2.7377779483795166,626484
2006-04-26,2.011209726333618,2.6930038928985596,2.7443621158599854,2.683785915374756,2.7390949726104736,1099575
2006-04-27,1.9885897636413574,2.6627159118652344,2.711440086364746,2.629793882369995,2.6666669845581055,1646325
2006-04-28,1.991538405418396,2.6666669845581055,2.681152105331421,2.596872091293335,2.596872091293335,1322831
2006-05-01,1.9482665061950684,2.6087241172790527,2.673250913619995,2.5837039947509766,2.67061710357666,2571244
2006-05-02,1.9266303777694702,2.5797529220581055,2.6087241172790527,2.561316967010498,2.6074070930480957,2711728
2006-05-03,1.9226969480514526,2.574486017227173,2.5929219722747803,2.5534160137176514,2.5679008960723877,814050
2006-05-04,1.966953158378601,2.633744955062866,2.633744955062866,2.5481479167938232,2.571851968765259,1964503
2006-05-05,1.9771147966384888,2.639012098312378,2.6666669845581055,2.6192591190338135,2.6350619792938232,1284863
2006-05-08,1.9820482730865479,2.645596981048584,2.6640329360961914,2.6205759048461914,2.6258440017700195,1273472
2006-05-09,1.9781008958816528,2.640328884124756,2.6495471000671387,2.633744955062866,2.64296293258667,811013
2006-05-10,1.9790877103805542,2.641645908355713,2.6600821018218994,2.62716007232666,2.6363790035247803,2762606
2006-05-11,1.9544225931167603,2.6087241172790527,2.64296293258667,2.6087241172790527,2.640328884124756,1473188
2006-05-12,1.9208790063858032,2.563951015472412,2.606091022491455,2.5428810119628906,2.5428810119628906,907453
2006-05-15,1.9297581911087036,2.5758020877838135,2.5810699462890625,2.521811008453369,2.5547330379486084,985669
2006-05-16,1.9179189205169678,2.559999942779541,2.5823869705200195,2.546830892562866,2.5679008960723877,1344853
2006-05-17,1.8824028968811035,2.5125930309295654,2.562633991241455,2.5060079097747803,2.5415639877319336,1350928
2006-05-18,1.8883213996887207,2.520493984222412,2.5507819652557373,2.5033740997314453,2.521811008453369,540675
2006-05-19,1.9011471271514893,2.5376129150390625,2.5705349445343018,2.4967899322509766,2.515225887298584,1017563
2006-05-22,1.8833885192871094,2.513909101486206,2.5494649410247803,2.5033740997314453,2.519176959991455,1363838
2006-05-23,1.870563268661499,2.4967899322509766,2.606091022491455,2.4954729080200195,2.5349791049957275,1037306
2006-05-24,1.8922687768936157,2.5257608890533447,2.5415639877319336,2.4704530239105225,2.4941558837890625,1615950
2006-05-25,1.9100269079208374,2.5494649410247803,2.5547330379486084,2.5007410049438477,2.5481479167938232,592313
2006-05-26,1.8991738557815552,2.5349791049957275,2.561316967010498,2.5257608890533447,2.561316967010498,757097
2006-05-30,1.8873355388641357,2.519176959991455,2.5455141067504883,2.5046908855438232,2.5349791049957275,961369
2006-05-31,1.9435710906982422,2.5942389965057373,2.598189115524292,2.513909101486206,2.5270779132843018,1797441
2006-06-01,1.9593563079833984,2.615309000015259,2.6192591190338135,2.5679008960723877,2.603456974029541,929475
2006-06-02,1.9514636993408203,2.604773998260498,2.6600821018218994,2.588970899581909,2.633744955062866,526247
2006-06-05,1.9070664644241333,2.5455141067504883,2.598189115524292,2.5389299392700195,2.5942389965057373,1261322
2006-06-06,1.9189059734344482,2.561316967010498,2.571851968765259,2.531028985977173,2.5520989894866943,1100334
2006-06-07,1.9080532789230347,2.546830892562866,2.615309000015259,2.5415639877319336,2.571851968765259,881634
2006-06-08,1.934691309928894,2.5823869705200195,2.600822925567627,2.5046908855438232,2.5362958908081055,1229428
2006-06-09,1.9129867553710938,2.5534160137176514,2.606091022491455,2.5402469635009766,2.600822925567627,975797
2006-06-12,1.9001601934432983,2.5362958908081055,2.5705349445343018,2.520493984222412,2.558682918548584,959850
2006-06-13,1.9297581911087036,2.5758020877838135,2.598189115524292,2.5270779132843018,2.529711961746216,1646325
2006-06-14,1.9396237134933472,2.588970899581909,2.600822925567627,2.5481479167938232,2.5810699462890625,1526344
2006-06-15,1.960342526435852,2.616626024246216,2.6245269775390625,2.5679008960723877,2.6087241172790527,1054013
2006-06-16,1.921865701675415,2.5652670860290527,2.6232099533081055,2.5455141067504883,2.6126749515533447,3515147
2006-06-19,1.898188829421997,2.533663034439087,2.571851968765259,2.528394937515259,2.571851968765259,1335741
2006-06-20,1.9060806035995483,2.5441980361938477,2.5784358978271484,2.517859935760498,2.528394937515259,824681
2006-06-21,1.914960265159607,2.556049108505249,2.574486017227173,2.5402469635009766,2.5441980361938477,1920459
2006-06-22,1.9198927879333496,2.562633991241455,2.5692179203033447,2.5349791049957275,2.5481479167938232,1262081
2006-06-23,1.9267985820770264,2.571851968765259,2.588970899581909,2.5349791049957275,2.5520989894866943,741150
2006-06-26,1.9583687782287598,2.6139919757843018,2.6139919757843018,2.562633991241455,2.586337089538574,827719
2006-06-27,1.9386364221572876,2.5876541137695312,2.632427930831909,2.5692179203033447,2.6205759048461914,924159
2006-06-28,1.9277851581573486,2.573168992996216,2.604773998260498,2.556049108505249,2.5929219722747803,1014525
2006-06-29,1.9613289833068848,2.6179420948028564,2.6205759048461914,2.5705349445343018,2.5916049480438232,1251450
2006-06-30,1.93765127658844,2.586337089538574,2.631110906600952,2.5837039947509766,2.62716007232666,1237022
2006-07-03,1.9711954593658447,2.631110906600952,2.631110906600952,2.574486017227173,2.5810699462890625,528525
2006-07-05,1.924825668334961,2.5692179203033447,2.629793882369995,2.563951015472412,2.629793882369995,1128431
2006-07-06,1.928773045539856,2.574486017227173,2.5955560207366943,2.561316967010498,2.574486017227173,1551403
2006-07-07,1.9189059734344482,2.561316967010498,2.604773998260498,2.5547330379486084,2.561316967010498,829238
2006-07-10,1.924825668334961,2.5692179203033447,2.6074070930480957,2.561316967010498,2.561316967010498,573328
2006-07-11,1.9613289833068848,2.6179420948028564,2.6192591190338135,2.5520989894866943,2.558682918548584,655341
2006-07-12,1.9100269079208374,2.5494649410247803,2.606091022491455,2.5455141067504883,2.606091022491455,1003134
2006-07-13,1.9001601934432983,2.5362958908081055,2.574486017227173,2.521811008453369,2.5362958908081055,1199813
2006-07-14,1.9011471271514893,2.5376129150390625,2.557365894317627,2.521811008453369,2.5349791049957275,817847
2006-07-17,1.8942426443099976,2.528394937515259,2.571851968765259,2.516542911529541,2.5376129150390625,522450
2006-07-18,1.9090399742126465,2.5481479167938232,2.574486017227173,2.5020580291748047,2.5428810119628906,719888
2006-07-19,1.9721815586090088,2.632427930831909,2.6508638858795166,2.5349791049957275,2.5455141067504883,688753
2006-07-20,1.9070664644241333,2.5455141067504883,2.6521809101104736,2.533663034439087,2.64296293258667,1359281
2006-07-21,1.9001601934432983,2.5362958908081055,2.5494649410247803,2.4981069564819336,2.5349791049957275,917325
2006-07-24,1.9859936237335205,2.6508638858795166,2.6521809101104736,2.5481479167938232,2.5547330379486084,893025
2006-07-25,1.964288592338562,2.6218929290771484,2.6666669845581055,2.590287923812866,2.6534979343414307,974278
2006-07-26,2.104384422302246,2.8088889122009277,2.8312759399414062,2.5810699462890625,2.6218929290771484,2861325
2006-07-27,2.026445150375366,2.7048559188842773,2.870781898498535,2.6982719898223877,2.8246910572052,2614528
2006-07-28,2.094517707824707,2.795720100402832,2.811522960662842,2.719341993331909,2.719341993331909,1558997
2006-07-31,2.0846519470214844,2.7825510501861572,2.79703688621521,2.752263069152832,2.7759668827056885,1536975
2006-08-01,2.082679033279419,2.7799179553985596,2.7904529571533203,2.7614810466766357,2.768065929412842,1088944
2006-08-02,2.080704689025879,2.7772839069366455,2.7917699813842773,2.753580093383789,2.7917699813842773,1066163
2006-08-03,2.1408870220184326,2.8576130867004395,2.8602468967437744,2.7627980709075928,2.7654318809509277,1230947
2006-08-04,2.0895845890045166,2.7891359329223633,2.8892180919647217,2.7654318809509277,2.88395094871521,1294734
2006-08-07,2.1211562156677246,2.8312759399414062,2.8562960624694824,2.7667489051818848,2.7851850986480713,2021456
2006-08-08,2.0856378078460693,2.7838680744171143,2.8628809452056885,2.7746500968933105,2.837860107421875,1104131
2006-08-09,2.0859358310699463,2.7759668827056885,2.8260080814361572,2.7654318809509277,2.794403076171875,1266638
2006-08-10,2.128486156463623,2.8325929641723633,2.837860107421875,2.7456789016723633,2.7654318809509277,1019081
2006-08-11,2.1077053546905518,2.8049380779266357,2.8325929641723633,2.7917699813842773,2.8246910572052,741150
2006-08-14,2.106715202331543,2.8036210536956787,2.876049041748047,2.8036210536956787,2.8246910572052,675844
2006-08-15,2.1393704414367676,2.8470780849456787,2.8576130867004395,2.8325929641723633,2.839176893234253,1088944
2006-08-16,2.173013925552368,2.8918519020080566,2.907654047012329,2.8549790382385254,2.8576130867004395,1372950
2006-08-17,2.1759824752807617,2.8958020210266113,2.8984360694885254,2.8628809452056885,2.870781898498535,824681
2006-08-18,2.1710355281829834,2.8892180919647217,2.8971190452575684,2.837860107421875,2.8971190452575684,606741
2006-08-21,2.1354117393493652,2.841810941696167,2.873415946960449,2.8207409381866455,2.870781898498535,634078
2006-08-22,2.125516414642334,2.828641891479492,2.8510289192199707,2.8154730796813965,2.8246910572052,497391
2006-08-23,2.0701024532318115,2.754897117614746,2.8536629676818848,2.7483129501342773,2.833909034729004,1480781
2006-08-24,2.0780189037323,2.7654318809509277,2.7772839069366455,2.715390920639038,2.7614810466766357,1304606
2006-08-25,2.0681238174438477,2.752263069152832,2.7786009311676025,2.724608898162842,2.752263069152832,573328
2006-08-28,2.071091890335083,2.756213903427124,2.7627980709075928,2.723292112350464,2.7430450916290283,766209
2006-08-29,2.092862606048584,2.7851850986480713,2.793086051940918,2.723292112350464,2.7654318809509277,842906
2006-08-30,2.1096837520599365,2.8075718879699707,2.841810941696167,2.798353910446167,2.798353910446167,1026675
2006-08-31,2.1017682552337646,2.79703688621521,2.8273251056671143,2.7917699813842773,2.8181068897247314,559659
2006-09-01,2.104736089706421,2.800987958908081,2.836543083190918,2.799670934677124,2.8049380779266357,410063
2006-09-05,2.098799705505371,2.793086051940918,2.8220579624176025,2.7733330726623535,2.8049380779266357,565734
2006-09-06,2.0641653537750244,2.7469959259033203,2.7746500968933105,2.7430450916290283,2.7720160484313965,820884
2006-09-07,2.0414066314697266,2.716707944869995,2.7667489051818848,2.7022221088409424,2.7390949726104736,602944
2006-09-08,2.040416955947876,2.715390920639038,2.7351438999176025,2.7022221088409424,2.725925922393799,416897
2006-09-11,2.043386220932007,2.719341993331909,2.7456789016723633,2.6890530586242676,2.7061729431152344,431325
2006-09-12,2.0869247913360596,2.7772839069366455,2.79703688621521,2.716707944869995,2.725925922393799,1274991
2006-09-13,2.0869247913360596,2.7772839069366455,2.7917699813842773,2.7654318809509277,2.7851850986480713,560419
2006-09-14,2.0720813274383545,2.757530927658081,2.7825510501861572,2.7456789016723633,2.7759668827056885,1156528
2006-09-15,2.076040029525757,2.7627980709075928,2.7720160484313965,2.752263069152832,2.758847951889038,2187759
2006-09-18,2.0582284927368164,2.7390949726104736,2.770699977874756,2.72065806388855,2.752263069152832,1479263
2006-09-19,2.0552587509155273,2.7351438999176025,2.758847951889038,2.687736988067627,2.7351438999176025,826200
2006-09-20,2.075049877166748,2.7614810466766357,2.798353910446167,2.7469959259033203,2.7469959259033203,2569725
2006-09-21,2.063176155090332,2.7456789016723633,2.7917699813842773,2.72065806388855,2.7720160484313965,1030472
2006-09-22,2.0542705059051514,2.7338271141052246,2.7456789016723633,2.6916871070861816,2.7390949726104736,716091
2006-09-25,2.0780189037323,2.7654318809509277,2.7838680744171143,2.721975088119507,2.7338271141052246,904416
2006-09-26,2.1106741428375244,2.8088889122009277,2.812839984893799,2.752263069152832,2.7654318809509277,1028953
2006-09-27,2.1156208515167236,2.8154730796813965,2.837860107421875,2.798353910446167,2.8049380779266357,572569
2006-09-28,2.116610527038574,2.8167901039123535,2.8549790382385254,2.7851850986480713,2.8154730796813965,636356
2006-09-29,2.088904619216919,2.7799179553985596,2.833909034729004,2.7746500968933105,2.8220579624176025,512578
2006-10-02,2.074061155319214,2.760164976119995,2.8167901039123535,2.7430450916290283,2.7746500968933105,656100
2006-10-03,2.079998731613159,2.768065929412842,2.7825510501861572,2.7009050846099854,2.758847951889038,1250691
2006-10-04,2.146296262741089,2.8562960624694824,2.8562960624694824,2.757530927658081,2.7627980709075928,1363078
2006-10-05,2.1641077995300293,2.880000114440918,2.881316900253296,2.8312759399414062,2.843127965927124,659897
2006-10-06,2.163118600845337,2.878683090209961,2.88395094871521,2.8312759399414062,2.870781898498535,853538
2006-10-09,2.160151243209839,2.8747329711914062,2.8865840435028076,2.8444440364837646,2.866831064224243,555863
2006-10-10,2.173013925552368,2.8918519020080566,2.9010701179504395,2.8602468967437744,2.88395094871521,638634
2006-10-11,2.1482763290405273,2.8589301109313965,2.8865840435028076,2.8273251056671143,2.880000114440918,621928
2006-10-12,2.1819205284118652,2.9037039279937744,2.9037039279937744,2.8536629676818848,2.877366065979004,481444
2006-10-13,2.1937944889068604,2.919506072998047,2.926090955734253,2.873415946960449,2.906337022781372,570291
2006-10-16,2.2175424098968506,2.951111078262329,2.955061912536621,2.9010701179504395,2.910288095474243,675084
2006-10-17,2.209628105163574,2.9405760765075684,2.955061912536621,2.922139883041382,2.9313580989837646,456384
2006-10-18,2.2106165885925293,2.9418931007385254,2.965596914291382,2.9353089332580566,2.949794054031372,805697
2006-10-19,2.215564012527466,2.948477029800415,2.96164608001709,2.9287240505218506,2.9366259574890137,609019
2006-10-20,2.209628105163574,2.9405760765075684,2.962963104248047,2.9300410747528076,2.956378936767578,425250
2006-10-23,2.200721025466919,2.9287240505218506,2.96164608001709,2.907654047012329,2.9405760765075684,593831
2006-10-24,2.156191825866699,2.8694651126861572,2.916872024536133,2.8457610607147217,2.916872024536133,865688
2006-10-25,2.1077053546905518,2.8049380779266357,2.8576130867004395,2.758847951889038,2.836543083190918,1300809
2006-10-26,2.1225476264953613,2.8246910572052,2.8312759399414062,2.7812349796295166,2.8154730796813965,813291
2006-10-27,2.13244366645813,2.837860107421875,2.8497118949890137,2.8049380779266357,2.8154730796813965,744188
2006-10-30,2.1552019119262695,2.8681480884552,2.877366065979004,2.811522960662842,2.8246910572052,517134
2006-10-31,2.1413495540618896,2.8497118949890137,2.8905351161956787,2.8207409381866455,2.872098922729492,510300
2006-11-01,2.081977605819702,2.770699977874756,2.8628809452056885,2.7483129501342773,2.8602468967437744,1191459
2006-11-02,2.104736089706421,2.800987958908081,2.8102059364318848,2.7509469985961914,2.752263069152832,694069
2006-11-03,2.1106741428375244,2.8088889122009277,2.8260080814361572,2.7825510501861572,2.8141560554504395,530803
2006-11-06,2.1195807456970215,2.8207409381866455,2.835226058959961,2.800987958908081,2.8181068897247314,455625
2006-11-07,2.1680655479431152,2.8852670192718506,2.8905351161956787,2.8154730796813965,2.8181068897247314,1009969
2006-11-08,2.1882119178771973,2.9037039279937744,2.926090955734253,2.8444440364837646,2.8628809452056885,587756
2006-11-09,2.168363571166992,2.877366065979004,2.906337022781372,2.8470780849456787,2.906337022781372,613575
2006-11-10,2.168363571166992,2.877366065979004,2.8944859504699707,2.8589301109313965,2.877366065979004,421453
2006-11-13,2.1822569370269775,2.8958020210266113,2.907654047012329,2.8641979694366455,2.877366065979004,429806
2006-11-14,2.2179832458496094,2.9432098865509033,2.9445269107818604,2.84049391746521,2.8641979694366455,886191
2006-11-15,2.2318763732910156,2.96164608001709,2.9827160835266113,2.907654047012329,2.9432098865509033,775322
2006-11-16,2.23783016204834,2.9695470333099365,2.989300012588501,2.9313580989837646,2.989300012588501,586238
2006-11-17,2.242793083190918,2.9761319160461426,2.9761319160461426,2.9458439350128174,2.9748148918151855,568772
2006-11-20,2.2328689098358154,2.962963104248047,2.9734981060028076,2.910288095474243,2.9366259574890137,468534
2006-11-21,2.2100439071655273,2.9326748847961426,2.9721810817718506,2.907654047012329,2.9682300090789795,499669
2006-11-22,2.181265354156494,2.8944859504699707,2.96164608001709,2.873415946960449,2.9379420280456543,740391
2006-11-24,2.1901967525482178,2.906337022781372,2.914238929748535,2.865514039993286,2.873415946960449,126056
2006-11-27,2.1465322971343994,2.8483951091766357,2.8971190452575684,2.8075718879699707,2.8641979694366455,1240819
2006-11-28,2.1594326496124268,2.865514039993286,2.873415946960449,2.8246910572052,2.8312759399414062,902897
2006-11-29,2.1941661834716797,2.911604881286621,2.91818904876709,2.8681480884552,2.878683090209961,439678
2006-11-30,2.1743180751800537,2.8852670192718506,2.908971071243286,2.878683090209961,2.9037039279937744,550547
2006-12-01,2.1554627418518066,2.8602468967437744,2.8918519020080566,2.7891359329223633,2.877366065979004,1138303
2006-12-04,2.209052324295044,2.9313580989837646,2.9392590522766113,2.8510289192199707,2.8510289192199707,645469
2006-12-05,2.238823175430298,2.9708640575408936,2.9827160835266113,2.906337022781372,2.9405760765075684,906694
2006-12-06,2.218975305557251,2.9445269107818604,2.9853498935699463,2.9432098865509033,2.960329055786133,461700
2006-12-07,2.1872189044952393,2.9023869037628174,2.947160005569458,2.8984360694885254,2.9432098865509033,414619
2006-12-08,2.1782877445220947,2.8905351161956787,2.8997530937194824,2.8523459434509277,2.8918519020080566,682678
2006-12-11,2.1663804054260254,2.8747329711914062,2.8958020210266113,2.8562960624694824,2.882633924484253,334125
2006-12-12,2.1584413051605225,2.8641979694366455,2.8944859504699707,2.8470780849456787,2.878683090209961,455625
2006-12-13,2.1792798042297363,2.8918519020080566,2.923456907272339,2.8747329711914062,2.88395094871521,529284
2006-12-14,2.2159979343414307,2.9405760765075684,2.9682300090789795,2.9010701179504395,2.9010701179504395,487519
2006-12-15,2.213021993637085,2.9366259574890137,2.951111078262329,2.914238929748535,2.9379420280456543,1167919
2006-12-18,2.1673710346221924,2.876049041748047,2.9432098865509033,2.8523459434509277,2.9392590522766113,578644
2006-12-19,2.18027400970459,2.8931689262390137,2.9010701179504395,2.8260080814361572,2.8628809452056885,520172
2006-12-20,2.191188335418701,2.907654047012329,2.912921905517578,2.878683090209961,2.8984360694885254,306788
2006-12-21,2.193173885345459,2.910288095474243,2.949794054031372,2.8918519020080566,2.916872024536133,428288
2006-12-22,2.184242010116577,2.8984360694885254,2.915555953979492,2.873415946960449,2.914238929748535,257428
2006-12-26,2.218975305557251,2.9445269107818604,2.951111078262329,2.870781898498535,2.8905351161956787,336403
2006-12-27,2.2576792240142822,2.995884895324707,3.0222220420837402,2.960329055786133,2.960329055786133,528525
2006-12-28,2.235846519470215,2.966913938522339,3.007736921310425,2.962963104248047,2.9853498935699463,441197
2006-12-29,2.1941661834716797,2.911604881286621,2.9708640575408936,2.906337022781372,2.959012031555176,564975
2007-01-03,2.224931478500366,2.952428102493286,2.9813990592956543,2.9010701179504395,2.924773931503296,733556
2007-01-04,2.2308835983276367,2.960329055786133,2.994568109512329,2.8931689262390137,2.9458439350128174,584719
2007-01-05,2.1524856090545654,2.8562960624694824,2.9287240505218506,2.8562960624694824,2.923456907272339,599147
2007-01-08,2.154470682144165,2.8589301109313965,2.8641979694366455,2.7772839069366455,2.8457610607147217,855816
2007-01-09,2.139585018157959,2.839176893234253,2.8615639209747314,2.794403076171875,2.8615639209747314,469294
2007-01-10,2.1296615600585938,2.8260080814361572,2.839176893234253,2.793086051940918,2.811522960662842,505744
2007-01-11,2.1495087146759033,2.8523459434509277,2.881316900253296,2.812839984893799,2.835226058959961,520931
2007-01-12,2.1455395221710205,2.8470780849456787,2.8641979694366455,2.8273251056671143,2.8470780849456787,341719
2007-01-16,2.1435539722442627,2.8444440364837646,2.882633924484253,2.8220579624176025,2.8483951091766357,603703
2007-01-17,2.116760015487671,2.8088889122009277,2.8444440364837646,2.8049380779266357,2.8444440364837646,1483059
2007-01-18,2.1028671264648438,2.7904529571533203,2.811522960662842,2.7614810466766357,2.7878189086914062,1031991
2007-01-19,2.0919508934020996,2.7759668827056885,2.7904529571533203,2.7351438999176025,2.7786009311676025,419934
2007-01-22,2.0810341835021973,2.7614810466766357,2.7733330726623535,2.714073896408081,2.768065929412842,563456
2007-01-23,2.0998895168304443,2.786501884460449,2.8049380779266357,2.723292112350464,2.754897117614746,701663
2007-01-24,2.1117985248565674,2.802304983139038,2.8220579624176025,2.7746500968933105,2.7786009311676025,706219
2007-01-25,2.0869884490966797,2.769382953643799,2.794403076171875,2.7469959259033203,2.7812349796295166,1132988
2007-01-26,2.115767002105713,2.8075718879699707,2.812839984893799,2.753580093383789,2.7772839069366455,4902525
2007-01-29,2.1336305141448975,2.8312759399414062,2.8444440364837646,2.7786009311676025,2.79703688621521,1426106
2007-01-30,2.1495087146759033,2.8523459434509277,2.8536629676818848,2.8088889122009277,2.8444440364837646,2972194
2007-01-31,2.165386915206909,2.873415946960449,2.88395094871521,2.811522960662842,2.841810941696167,1180828
2007-02-01,2.171341896057129,2.881316900253296,2.9037039279937744,2.8576130867004395,2.881316900253296,614334
2007-02-02,2.1723334789276123,2.882633924484253,2.9023869037628174,2.8641979694366455,2.8905351161956787,491316
2007-02-05,2.1643948554992676,2.872098922729492,2.9050209522247314,2.8510289192199707,2.8747329711914062,978075
2007-02-06,2.175309896469116,2.8865840435028076,2.8997530937194824,2.866831064224243,2.877366065979004,518653
2007-02-07,2.1991281509399414,2.91818904876709,2.922139883041382,2.8694651126861572,2.8971190452575684,859613
2007-02-08,2.232487201690674,2.952428102493286,2.955061912536621,2.8523459434509277,2.8747329711914062,1284863
2007-02-09,2.2175495624542236,2.9326748847961426,2.9682300090789795,2.8918519020080566,2.955061912536621,968963
2007-02-12,2.220536708831787,2.9366259574890137,2.953744888305664,2.911604881286621,2.9300410747528076,1045659
2007-02-13,2.240452289581299,2.962963104248047,2.9721810817718506,2.9300410747528076,2.947160005569458,724444
2007-02-14,2.240452289581299,2.962963104248047,2.9827160835266113,2.948477029800415,2.96164608001709,968203
2007-02-15,2.2334823608398438,2.953744888305664,2.9695470333099365,2.9405760765075684,2.956378936767578,899100
2007-02-16,2.275303363800049,3.0090529918670654,3.0156381130218506,2.9458439350128174,2.952428102493286,1086666
2007-02-20,2.2952194213867188,3.035391092300415,3.036708116531372,2.962963104248047,2.995884895324707,965925
2007-02-21,2.311150550842285,3.0564610958099365,3.0590949058532715,3.0116870403289795,3.0182719230651855,1655438
2007-02-22,2.3230996131896973,3.07226300239563,3.076214075088501,3.0248560905456543,3.0538270473480225,1148175
2007-02-23,2.34500789642334,3.1012349128723145,3.110452890396118,3.036708116531372,3.061728000640869,1322831
2007-02-26,2.326087474822998,3.076214075088501,3.1012349128723145,3.0485599040985107,3.1012349128723145,1219556
2007-02-27,2.263354778289795,2.993251085281372,3.0432920455932617,2.836543083190918,2.9576950073242188,3225066
2007-02-28,2.290240526199341,3.0288069248199463,3.0406579971313477,2.949794054031372,2.9853498935699463,2100431
2007-03-01,2.3161299228668213,3.063045024871826,3.0827980041503906,2.965596914291382,2.9787650108337402,1500525
2007-03-02,2.2892446517944336,3.0274899005889893,3.07226300239563,3.0156381130218506,3.0419750213623047,1883250
2007-03-05,2.2792863845825195,3.0143210887908936,3.0525100231170654,2.9787650108337402,2.995884895324707,1950075
2007-03-06,2.296213388442993,3.036708116531372,3.076214075088501,3.0261731147766113,3.034074068069458,1590131
2007-03-07,2.2713208198547363,3.003786087036133,3.036708116531372,2.9748148918151855,3.0288069248199463,1597725
2007-03-08,2.297210454940796,3.03802490234375,3.0577778816223145,3.020905017852783,3.0261731147766113,1587094
2007-03-09,2.283269166946411,3.019587993621826,3.0551440715789795,3.0103700160980225,3.047243118286133,1035028
2007-03-12,2.3011932373046875,3.0432920455932617,3.0498769283294678,3.0116870403289795,3.019587993621826,967444
2007-03-13,2.2713208198547363,3.003786087036133,3.035391092300415,2.995884895324707,3.0222220420837402,1473947
2007-03-14,2.273313522338867,3.0064198970794678,3.030122995376587,2.9458439350128174,2.997201919555664,1675941
2007-03-15,2.2723169326782227,3.00510311126709,3.019587993621826,2.995884895324707,3.007736921310425,1323591
2007-03-16,2.2464263439178467,2.9708640575408936,3.0090529918670654,2.960329055786133,3.003786087036133,2525681
2007-03-19,2.286256790161133,3.0235390663146973,3.0274899005889893,2.9695470333099365,2.993251085281372,1338778
2007-03-20,2.291236400604248,3.030122995376587,3.035391092300415,2.990617036819458,3.0130040645599365,954534
2007-03-21,2.3071680068969727,3.0511929988861084,3.0577778816223145,3.0103700160980225,3.031440019607544,1474706
2007-03-22,2.297210454940796,3.03802490234375,3.0604119300842285,3.0130040645599365,3.0604119300842285,2316853
2007-03-23,2.2872531414031982,3.0248560905456543,3.03802490234375,3.0064198970794678,3.03802490234375,1286381
2007-03-26,2.293227434158325,3.032757043838501,3.032757043838501,2.9879839420318604,3.0222220420837402,785953
2007-03-27,2.299201726913452,3.0406579971313477,3.0511929988861084,3.0090529918670654,3.0288069248199463,1877175
2007-03-28,2.293227434158325,3.032757043838501,3.0498769283294678,3.0090529918670654,3.035391092300415,2540109
2007-03-29,2.293227434158325,3.032757043838501,3.0551440715789795,2.9734981060028076,3.0551440715789795,1091981
2007-03-30,2.291236400604248,3.030122995376587,3.0498769283294678,2.990617036819458,3.030122995376587,1100334
2007-04-02,2.2942230701446533,3.034074068069458,3.0511929988861084,3.0090529918670654,3.0419750213623047,959850
2007-04-03,2.3131418228149414,3.0590949058532715,3.073580026626587,3.0261731147766113,3.047243118286133,1038825
2007-04-04,2.2982072830200195,3.039341926574707,3.0577778816223145,3.0235390663146973,3.0498769283294678,1947797
2007-04-05,2.299201726913452,3.0406579971313477,3.0525100231170654,3.0261731147766113,3.0525100231170654,786713
2007-04-09,2.2952194213867188,3.035391092300415,3.0446090698242188,3.0169548988342285,3.03802490234375,529284
2007-04-10,2.2982072830200195,3.039341926574707,3.047243118286133,3.0288069248199463,3.0288069248199463,527766
2007-04-11,2.2653467655181885,2.995884895324707,3.039341926574707,2.9840331077575684,3.039341926574707,961369
2007-04-12,2.309159994125366,3.0538270473480225,3.0538270473480225,2.9761319160461426,2.991934061050415,557381
2007-04-13,2.3191184997558594,3.0669960975646973,3.068312883377075,3.0156381130218506,3.0538270473480225,624966
2007-04-16,2.3519771099090576,3.110452890396118,3.111769914627075,3.078847885131836,3.078847885131836,637875
2007-04-17,2.3240950107574463,3.073580026626587,3.1091361045837402,3.0538270473480225,3.1091361045837402,608259
2007-04-18,2.296213388442993,3.036708116531372,3.076214075088501,3.0261731147766113,3.061728000640869,673566
2007-04-19,2.286256790161133,3.0235390663146973,3.061728000640869,2.995884895324707,3.0064198970794678,822403
2007-04-20,2.309159994125366,3.0538270473480225,3.0841150283813477,3.019587993621826,3.047243118286133,1061606
2007-04-23,2.3021886348724365,3.0446090698242188,3.0564610958099365,3.034074068069458,3.045926094055176,629522
2007-04-24,2.2772953510284424,3.0116870403289795,3.078847885131836,3.003786087036133,3.0261731147766113,1351688
2007-04-25,2.3629302978515625,3.1249380111694336,3.186830997467041,3.0485599040985107,3.0485599040985107,2299388
2007-04-26,2.355961561203003,3.11572003364563,3.1381070613861084,3.076214075088501,3.114403009414673,1085147
2007-04-27,2.3420181274414062,3.0972840785980225,3.1354730129241943,3.0959670543670654,3.103868007659912,1237022
2007-04-30,2.297210454940796,3.03802490234375,3.118354082107544,3.032757043838501,3.106502056121826,1658475
2007-05-01,2.3001980781555176,3.0419750213623047,3.0485599040985107,3.00510311126709,3.0288069248199463,1643288
2007-05-02,2.315133571624756,3.061728000640869,3.077531099319458,3.0274899005889893,3.034074068069458,1120838
2007-05-03,2.304180860519409,3.047243118286133,3.074897050857544,3.0419750213623047,3.061728000640869,1024397
2007-05-04,2.3071680068969727,3.0511929988861084,3.0590949058532715,3.0274899005889893,3.0590949058532715,893784
2007-05-07,2.3011932373046875,3.0432920455932617,3.074897050857544,3.0274899005889893,3.0511929988861084,644709
2007-05-08,2.30816388130188,3.0525100231170654,3.0604119300842285,3.0116870403289795,3.0261731147766113,1006931
2007-05-09,2.3156566619873047,3.0525100231170654,3.0709469318389893,3.0222220420837402,3.039341926574707,604463
2007-05-10,2.318652868270874,3.0564610958099365,3.061728000640869,3.0182719230651855,3.035391092300415,1693406
2007-05-11,2.339632272720337,3.0841150283813477,3.0880661010742188,3.0577778816223145,3.0709469318389893,648506
2007-05-14,2.32364821434021,3.063045024871826,3.0854320526123047,3.0485599040985107,3.078847885131836,1290178
2007-05-15,2.2906808853149414,3.019587993621826,3.0841150283813477,3.0156381130218506,3.0604119300842285,1057809
2007-05-16,2.331639528274536,3.073580026626587,3.073580026626587,3.0182719230651855,3.031440019607544,779119
2007-05-17,2.331639528274536,3.073580026626587,3.0867490768432617,3.0432920455932617,3.0590949058532715,1194497
2007-05-18,2.338632106781006,3.0827980041503906,3.0920159816741943,3.0288069248199463,3.073580026626587,987947
2007-05-21,2.3676040172576904,3.120987892150879,3.1328399181365967,3.0577778816223145,3.073580026626587,714572
2007-05-22,2.366605043411255,3.119671106338501,3.1275720596313477,3.0841150283813477,3.114403009414673,750263
2007-05-23,2.3516199588775635,3.0999178886413574,3.147325038909912,3.0709469318389893,3.117037057876587,713813
2007-05-24,2.321650981903076,3.0604119300842285,3.1012349128723145,3.035391092300415,3.0906999111175537,1215000
2007-05-25,2.3406310081481934,3.0854320526123047,3.0906999111175537,3.0525100231170654,3.076214075088501,830756
2007-05-29,2.3066654205322266,3.0406579971313477,3.0959670543670654,3.035391092300415,3.0867490768432617,1196016
2007-05-30,2.3106613159179688,3.045926094055176,3.047243118286133,3.00510311126709,3.0235390663146973,1906791
2007-05-31,2.3066654205322266,3.0406579971313477,3.064362049102783,3.0261731147766113,3.0525100231170654,1756434
2007-06-01,2.3296422958374023,3.0709469318389893,3.0827980041503906,3.034074068069458,3.0446090698242188,2294831
2007-06-04,2.3246474266052246,3.064362049102783,3.07226300239563,3.036708116531372,3.0590949058532715,417656
2007-06-05,2.312659740447998,3.0485599040985107,3.0525100231170654,2.994568109512329,3.0498769283294678,952256
2007-06-06,2.2906808853149414,3.019587993621826,3.0432920455932617,3.00510311126709,3.030122995376587,811013
2007-06-07,2.272700309753418,2.995884895324707,3.034074068069458,2.995884895324707,3.0090529918670654,1143619
2007-06-08,2.3086636066436768,3.0432920455932617,3.045926094055176,2.9787650108337402,2.995884895324707,801141
2007-06-11,2.3036673069000244,3.036708116531372,3.0551440715789795,3.0169548988342285,3.032757043838501,931753
2007-06-12,2.2766950130462646,3.0011520385742188,3.03802490234375,2.994568109512329,3.0288069248199463,1328147
2007-06-13,2.2986743450164795,3.030122995376587,3.03802490234375,2.9800820350646973,3.0103700160980225,1030472
2007-06-14,2.295677661895752,3.0261731147766113,3.0525100231170654,3.0130040645599365,3.039341926574707,665972
2007-06-15,2.3106613159179688,3.045926094055176,3.0880661010742188,3.03802490234375,3.07226300239563,1709353
2007-06-18,2.3036673069000244,3.036708116531372,3.0564610958099365,3.0143210887908936,3.0564610958099365,770766
2007-06-19,2.2986743450164795,3.030122995376587,3.03802490234375,3.00510311126709,3.0235390663146973,1007691
2007-06-20,2.280693292617798,3.0064198970794678,3.0406579971313477,3.002469062805176,3.039341926574707,811013
2007-06-21,2.289682626724243,3.0182719230651855,3.0235390663146973,2.9774489402770996,2.994568109512329,1052494
2007-06-22,2.2786941528320312,3.003786087036133,3.0116870403289795,2.9761319160461426,3.00510311126709,2454300
2007-06-25,2.2057676315307617,2.907654047012329,2.9879839420318604,2.8931689262390137,2.9708640575408936,3121791
2007-06-26,2.2237496376037598,2.9313580989837646,2.9458439350128174,2.9037039279937744,2.919506072998047,1899956
2007-06-27,2.248725652694702,2.964279890060425,2.9721810817718506,2.9010701179504395,2.911604881286621,1380544
2007-06-28,2.2736992835998535,2.997201919555664,3.020905017852783,2.9721810817718506,2.9721810817718506,838350
2007-06-29,2.274698495864868,2.998518943786621,3.0248560905456543,2.9813990592956543,3.0103700160980225,1434459
2007-07-02,2.3116605281829834,3.047243118286133,3.0604119300842285,3.0156381130218506,3.0182719230651855,662934
2007-07-03,2.335637092590332,3.078847885131836,3.0814809799194336,3.031440019607544,3.0577778816223145,643950
2007-07-05,2.3276445865631104,3.068312883377075,3.077531099319458,3.0432920455932617,3.076214075088501,751781
2007-07-06,2.335637092590332,3.078847885131836,3.080164909362793,3.034074068069458,3.0590949058532715,460941
2007-07-09,2.328644275665283,3.0696299076080322,3.073580026626587,3.032757043838501,3.073580026626587,917325
2007-07-10,2.29267954826355,3.0222220420837402,3.063045024871826,3.020905017852783,3.047243118286133,1230188
2007-07-11,2.3176543712615967,3.0551440715789795,3.068312883377075,3.0064198970794678,3.0156381130218506,638634
2007-07-12,2.3526206016540527,3.1012349128723145,3.113085985183716,3.0604119300842285,3.073580026626587,1597725
2007-07-13,2.3466265201568604,3.0933330059051514,3.103868007659912,3.0564610958099365,3.102550983428955,728241
2007-07-16,2.3276445865631104,3.068312883377075,3.0906999111175537,3.0551440715789795,3.0841150283813477,619650
2007-07-17,2.3416309356689453,3.0867490768432617,3.106502056121826,3.0696299076080322,3.0814809799194336,1209684
2007-07-18,2.326646566390991,3.0669960975646973,3.0709469318389893,3.03802490234375,3.0709469318389893,940866
2007-07-19,2.3476240634918213,3.0946500301361084,3.0999178886413574,3.061728000640869,3.077531099319458,874800
2007-07-20,2.331639528274536,3.073580026626587,3.0986011028289795,3.0406579971313477,3.0880661010742188,1461797
2007-07-23,2.339632272720337,3.0841150283813477,3.110452890396118,3.0656790733337402,3.0656790733337402,785194
2007-07-24,2.321650981903076,3.0604119300842285,3.0696299076080322,3.036708116531372,3.061728000640869,1668347
2007-07-25,2.366605043411255,3.119671106338501,3.152592897415161,3.064362049102783,3.064362049102783,1419272
2007-07-26,2.4325380325317383,3.2065839767456055,3.215801954269409,3.0525100231170654,3.0525100231170654,2395828
2007-07-27,2.3835880756378174,3.1420578956604004,3.228971004486084,3.1262550354003906,3.188148021697998,1969059
2007-07-30,2.386584758758545,3.146008014678955,3.1670780181884766,3.0946500301361084,3.1354730129241943,2401144
2007-07-31,2.377593755722046,3.1341559886932373,3.1749789714813232,3.1262550354003906,3.152592897415161,1623544
2007-08-01,2.425544500350952,3.1973659992218018,3.203950881958008,3.122304916381836,3.122304916381836,1619747
2007-08-02,2.4864840507507324,3.2776949405670166,3.285597085952759,3.193416118621826,3.1973659992218018,1352447
2007-08-03,2.3825888633728027,3.1407411098480225,3.2895469665527344,3.1394240856170654,3.2776949405670166,1600003
2007-08-06,2.51845121383667,3.3198349475860596,3.3264200687408447,3.106502056121826,3.15917706489563,1751878
2007-08-07,2.6313371658325195,3.468641996383667,3.5660910606384277,3.2934980392456055,3.301398992538452,4128722
2007-08-08,2.7771050930023193,3.650369882583618,3.6872429847717285,3.4620580673217773,3.4936630725860596,3516666
2007-08-09,2.8993306159973145,3.8110289573669434,3.865020990371704,3.5660910606384277,3.5753090381622314,3904706
2007-08-10,2.566718816757202,3.3738269805908203,3.7544031143188477,3.346173048019409,3.7544031143188477,5554828
2007-08-13,2.5957720279693604,3.412015914916992,3.42386794090271,3.31325101852417,3.4212350845336914,2036644
2007-08-14,2.5526931285858154,3.355391025543213,3.4080660343170166,3.3198349475860596,3.4080660343170166,1555959
2007-08-15,2.550689697265625,3.352756977081299,3.429136037826538,3.3382720947265625,3.347490072250366,977316
2007-08-16,2.5957720279693604,3.412015914916992,3.4804940223693848,3.318519115447998,3.347490072250366,2287997
2007-08-17,2.6037850379943848,3.422550916671753,3.550287961959839,3.413332939147949,3.550287961959839,3000291
2007-08-20,2.5907630920410156,3.4054319858551025,3.4739089012145996,3.3646090030670166,3.42386794090271,2151309
2007-08-21,2.607794761657715,3.427819013595581,3.497612953186035,3.383044958114624,3.383044958114624,1040344
2007-08-22,2.6809287071228027,3.5239510536193848,3.5331690311431885,3.42386794090271,3.4449379444122314,1079831
2007-08-23,2.6168105602264404,3.439671039581299,3.541069984436035,3.425184965133667,3.5292179584503174,662934
2007-08-24,2.62282133102417,3.4475719928741455,3.4739089012145996,3.388313055038452,3.425184965133667,796584
2007-08-27,2.5887577533721924,3.4027979373931885,3.4475719928741455,3.3922629356384277,3.4357199668884277,656100
2007-08-28,2.5336575508117676,3.3303699493408203,3.386996030807495,3.3290529251098633,3.383044958114624,832275
2007-08-29,2.6398539543151855,3.469959020614624,3.4804940223693848,3.318519115447998,3.351439952850342,1290178
2007-08-30,2.6158084869384766,3.438354015350342,3.4897119998931885,3.4093830585479736,3.430453062057495,937828
2007-08-31,2.6608917713165283,3.497612953186035,3.514733076095581,3.4488890171051025,3.4752259254455566,615853
2007-09-04,2.7039711475372314,3.55423903465271,3.580575942993164,3.4515230655670166,3.483128070831299,683438
2007-09-05,2.6348440647125244,3.463373899459839,3.5226340293884277,3.456789970397949,3.5226340293884277,1630378
2007-09-06,2.656883955001831,3.4923460483551025,3.496295928955078,3.426501989364624,3.469959020614624,711534
2007-09-07,2.5677199363708496,3.3751440048217773,3.4594240188598633,3.3685600757598877,3.4436209201812744,888469
2007-09-10,2.5466811656951904,3.347490072250366,3.438354015350342,3.2842800617218018,3.386996030807495,705459
2007-09-11,2.5957720279693604,3.412015914916992,3.429136037826538,3.352756977081299,3.3804121017456055,603703
2007-09-12,2.558704376220703,3.3632919788360596,3.425184965133667,3.355391025543213,3.4080660343170166,783675
2007-09-13,2.544677972793579,3.344856023788452,3.4054319858551025,3.3303699493408203,3.3777780532836914,1142100
2007-09-14,2.56571626663208,3.3725099563598633,3.384361982345581,3.2948150634765625,3.309299945831299,558900
2007-09-17,2.52363920211792,3.317202091217041,3.3672430515289307,3.304033041000366,3.358025074005127,2621363
2007-09-18,2.592766284942627,3.4080660343170166,3.4159669876098633,3.3066670894622803,3.3330039978027344,1638731
2007-09-19,2.68894362449646,3.5344860553741455,3.542387008666992,3.429136037826538,3.4344029426574707,1610634
2007-09-20,2.6729140281677246,3.513416051864624,3.5766260623931885,3.4752259254455566,3.5252668857574463,930994
2007-09-21,2.670910596847534,3.51078200340271,3.5647740364074707,3.4778599739074707,3.5463368892669678,2090559
2007-09-24,2.662895441055298,3.500247001647949,3.596379041671753,3.4804940223693848,3.4844439029693604,745706
2007-09-25,2.6478679180145264,3.4804940223693848,3.5239510536193848,3.4475719928741455,3.4910290241241455,574088
2007-09-26,2.7029690742492676,3.552922010421753,3.583209991455078,3.4910290241241455,3.4910290241241455,395634
2007-09-27,2.727013349533081,3.584527015686035,3.587160110473633,3.551604986190796,3.5726749897003174,348553
2007-09-28,2.6739156246185303,3.514733076095581,3.627984046936035,3.5028810501098633,3.5700409412384033,1041103
2007-10-01,2.6669023036956787,3.505513906478882,3.5581889152526855,3.4923460483551025,3.5041980743408203,1235503
2007-10-02,2.7871241569519043,3.663538932800293,3.6714398860931396,3.508147954940796,3.5265839099884033,822403
2007-10-03,2.711984872817993,3.5647740364074707,3.668807029724121,3.5568718910217285,3.6319339275360107,659138
2007-10-04,2.772096633911133,3.6437859535217285,3.6477370262145996,3.535801887512207,3.587160110473633,801141
2007-10-05,2.8622615337371826,3.7623050212860107,3.778106927871704,3.6424689292907715,3.6964609622955322,952256
2007-10-08,2.837216854095459,3.7293829917907715,3.7675719261169434,3.7148969173431396,3.74255108833313,712294
2007-10-09,2.8642656803131104,3.7649381160736084,3.7649381160736084,3.701728105545044,3.7399179935455322,676603
2007-10-10,2.8752870559692383,3.779423952102661,3.786007881164551,3.6727569103240967,3.750452995300293,898341
2007-10-11,2.815176010131836,3.7004120349884033,3.8057610988616943,3.659588098526001,3.789958953857422,1156528
2007-10-12,2.869274139404297,3.7715229988098145,3.792593002319336,3.691193103790283,3.6977779865264893,607500
2007-10-15,2.755065441131592,3.62139892578125,3.7623050212860107,3.6016459465026855,3.7596709728240967,1068441
2007-10-16,2.779109001159668,3.6530039310455322,3.695143938064575,3.6095468997955322,3.635885000228882,1230947
2007-10-17,2.776103973388672,3.6490530967712402,3.703044891357422,3.592427968978882,3.692509889602661,996300
2007-10-18,2.7730977535247803,3.6451029777526855,3.678025007247925,3.6055970191955566,3.6424689292907715,996300
2007-10-19,2.711984872817993,3.5647740364074707,3.6832919120788574,3.5595059394836426,3.6398348808288574,1069200
2007-10-22,2.7650833129882812,3.634567975997925,3.6530039310455322,3.5173659324645996,3.555556058883667,861131
2007-10-23,2.792132616043091,3.6701231002807617,3.6753909587860107,3.5687239170074463,3.667490005493164,708497
2007-10-24,2.87929368019104,3.784691095352173,3.81892991065979,3.6832919120788574,3.747818946838379,1613672
2007-10-25,2.985488176345825,3.9242799282073975,3.929547071456909,3.786007881164551,3.8057610988616943,1211203
2007-10-26,3.0586235523223877,4.020411968231201,4.069136142730713,3.9084770679473877,3.9111111164093018,1493691
2007-10-29,2.989495038986206,3.929547071456909,4.069136142730713,3.9111111164093018,4.042798042297363,1043381
2007-10-30,3.007528066635132,3.9532508850097656,4.0098772048950195,3.929547071456909,3.929547071456909,858853
2007-10-31,3.0425939559936523,3.9993419647216797,4.00065803527832,3.8413169384002686,3.94008207321167,1533178
2007-11-01,2.9233744144439697,3.8426339626312256,3.971687078475952,3.832098960876465,3.930864095687866,1186144
2007-11-02,2.9514260292053223,3.8795061111450195,3.933497905731201,3.8123459815979004,3.933497905731201,1264359
2007-11-05,2.931389331817627,3.8531689643859863,3.899259090423584,3.789958953857422,3.858436107635498,1498247
2007-11-06,3.089681386947632,4.061234951019287,4.065185070037842,3.8452670574188232,3.904526948928833,1726059
2007-11-07,2.9756946563720703,3.901892900466919,4.041481018066406,3.8939919471740723,4.0335798263549805,1359281
2007-11-08,3.0128531455993652,3.9506170749664307,3.982222080230713,3.8781890869140625,3.929547071456909,1613672
2007-11-09,2.9305014610290527,3.8426339626312256,3.9203290939331055,3.830781936645508,3.899259090423584,1229428
2007-11-12,2.9104151725769043,3.816296100616455,3.8821399211883545,3.778106927871704,3.832098960876465,1287900
2007-11-13,2.938535690307617,3.8531689643859863,3.8900411128997803,3.7307000160217285,3.8900411128997803,1483819
2007-11-14,2.9104151725769043,3.816296100616455,3.857119083404541,3.782058000564575,3.8531689643859863,1079831
2007-11-15,2.8099865913391113,3.6846089363098145,3.7965428829193115,3.668807029724121,3.7965428829193115,1592409
2007-11-16,2.8029568195343018,3.6753909587860107,3.706995964050293,3.5739920139312744,3.6898770332336426,1707075
2007-11-19,2.709559202194214,3.552922010421753,3.6727569103240967,3.5450210571289062,3.6424689292907715,1401806
2007-11-20,2.769815683364868,3.6319339275360107,3.6859259605407715,3.537118911743164,3.537118911743164,1076034
2007-11-21,2.7517385482788086,3.6082301139831543,3.6872429847717285,3.6003289222717285,3.624032974243164,1044141
2007-11-23,2.8270602226257324,3.706995964050293,3.7267489433288574,3.6319339275360107,3.6319339275360107,313622
2007-11-26,2.7517385482788086,3.6082301139831543,3.733333110809326,3.6016459465026855,3.6977779865264893,1016803
2007-11-27,2.8953514099121094,3.7965428829193115,3.826831102371216,3.62139892578125,3.62139892578125,1311441
2007-11-28,2.9154367446899414,3.822880983352661,3.8834569454193115,3.791275978088379,3.7965428829193115,1757194
2007-11-29,2.887317657470703,3.786007881164551,3.8544859886169434,3.7702059745788574,3.7939090728759766,912769
2007-11-30,2.956613779067993,3.8768720626831055,3.899259090423584,3.822880983352661,3.8531689643859863,1300809
2007-12-03,2.9094114303588867,3.814979076385498,3.9150619506835938,3.8097119331359863,3.86238694190979,720647
2007-12-04,2.9284932613372803,3.8399999141693115,3.861069917678833,3.75177001953125,3.7557199001312256,954534
2007-12-05,2.9535999298095703,3.872921943664551,3.9255969524383545,3.8518519401550293,3.8966259956359863,713813
2007-12-06,3.0128531455993652,3.9506170749664307,3.9585189819335938,3.857119083404541,3.887407064437866,883153
2007-12-07,3.0058231353759766,3.941399097442627,3.970370054244995,3.8926749229431152,3.970370054244995,571809
2007-12-10,3.0108444690704346,3.947983980178833,3.969053030014038,3.9111111164093018,3.944032907485962,1248413
2007-12-11,2.8727550506591797,3.766913890838623,4.013826847076416,3.766913890838623,3.970370054244995,1588613
2007-12-12,2.951090097427368,3.8696300983428955,3.9407410621643066,3.820246934890747,3.84592604637146,1323844
2007-12-13,2.975192070007324,3.9012351036071777,3.9229629039764404,3.8143210411071777,3.859752893447876,1238794
2007-12-14,2.9857373237609863,3.9150619506835938,3.9486420154571533,3.830122947692871,3.8518519401550293,754313
2007-12-17,2.9616355895996094,3.8834569454193115,3.9624691009521484,3.873579978942871,3.8972840309143066,976050
2007-12-18,3.0068283081054688,3.942715883255005,3.9506170749664307,3.887407064437866,3.9249379634857178,1091981
2007-12-19,2.9842307567596436,3.9130859375,3.9407410621643066,3.885432004928589,3.928889036178589,1006931
2007-12-20,3.0128531455993652,3.9506170749664307,3.9506170749664307,3.8834569454193115,3.9111111164093018,1293469
2007-12-21,3.0595521926879883,4.011851787567139,4.159999847412109,4.011851787567139,4.047407150268555,2654269
2007-12-24,3.0987191200256348,4.0632100105285645,4.075061798095703,3.978271961212158,4.017777919769287,309825
2007-12-26,3.0941991806030273,4.057283878326416,4.088889122009277,3.9940741062164307,4.059258937835693,617625
2007-12-27,3.0429813861846924,3.9901230335235596,4.069136142730713,3.9881479740142822,4.069136142730713,645975
2007-12-28,3.0128531455993652,3.9506170749664307,4.067160129547119,3.9229629039764404,4.025679111480713,534094
2007-12-31,2.892338514328003,3.792593002319336,3.9506170749664307,3.792593002319336,3.9130859375,976050
2008-01-02,2.8441336154937744,3.7293829917907715,3.8439509868621826,3.693826913833618,3.7965428829193115,1306631
2008-01-03,2.9631402492523193,3.885432004928589,3.9249379634857178,3.762963056564331,3.762963056564331,1639238
2008-01-04,2.868234872817993,3.7609879970550537,3.8676540851593018,3.75901198387146,3.841974973678589,1016044
2008-01-07,2.9194538593292236,3.8281478881835938,3.8518519401550293,3.747159957885742,3.792593002319336,1202344
2008-01-08,2.823042869567871,3.701728105545044,3.8518519401550293,3.6977779865264893,3.841974973678589,1555200
2008-01-09,2.8953514099121094,3.7965428829193115,3.818272113800049,3.634567975997925,3.6819748878479004,1065656
2008-01-10,2.850158452987671,3.737283945083618,3.792593002319336,3.7037041187286377,3.733333110809326,1385100
2008-01-11,2.8109922409057617,3.6859259605407715,3.8143210411071777,3.678025007247925,3.7135798931121826,841894
2008-01-14,2.771824359893799,3.634567975997925,3.6859259605407715,3.5990118980407715,3.6740739345550537,1074263
2008-01-15,2.7356700897216797,3.587160110473633,3.6325929164886475,3.5634570121765137,3.583209991455078,1235756
2008-01-16,2.7281382083892822,3.577284097671509,3.6286420822143555,3.512099027633667,3.5595059394836426,1368900
2008-01-17,2.6965019702911377,3.535801887512207,3.622715950012207,3.525926113128662,3.5851850509643555,1302075
2008-01-18,2.645284414291382,3.468641996383667,3.555556058883667,3.413332939147949,3.4883949756622314,1491413
2008-01-22,2.5488743782043457,3.342221975326538,3.456789970397949,3.257283926010132,3.358025074005127,1874644
2008-01-23,2.5880401134490967,3.3935799598693848,3.4271600246429443,3.160494089126587,3.162468910217285,3195450
2008-01-24,2.496147394180298,3.2730860710144043,3.4172840118408203,3.1545679569244385,3.389630079269409,2532769
2008-01-25,2.509707450866699,3.2908639907836914,3.4172840118408203,3.2474069595336914,3.3046910762786865,3276956
2008-01-28,2.7115678787231445,3.555556058883667,3.569382905960083,3.284938097000122,3.284938097000122,2635031
2008-01-29,2.660349130630493,3.4883949756622314,3.6148149967193604,3.4666669368743896,3.579258918762207,2012344
2008-01-30,2.6498043537139893,3.4745678901672363,3.618765115737915,3.4311110973358154,3.4883949756622314,1718719
2008-01-31,2.6648685932159424,3.49432110786438,3.555556058883667,3.359999895095825,3.3916049003601074,1797694
2008-02-01,2.8049654960632324,3.678025007247925,3.680000066757202,3.5140740871429443,3.5140740871429443,2061956
2008-02-04,2.7416956424713135,3.595062017440796,3.662221908569336,3.581234931945801,3.662221908569336,1843256
2008-02-05,2.738682746887207,3.591110944747925,3.638519048690796,3.543704032897949,3.591110944747925,1511156
2008-02-06,2.7466952800750732,3.5891358852386475,3.6464200019836426,3.5733330249786377,3.6167900562286377,2316600
2008-02-07,2.7754173278808594,3.626667022705078,3.6681480407714844,3.581234931945801,3.581234931945801,1817438
2008-02-08,2.785998582839966,3.6404941082000732,3.69185209274292,3.6009879112243652,3.626667022705078,1409906
2008-02-11,2.7875096797943115,3.6424689292907715,3.683950901031494,3.569382905960083,3.636543035507202,1150706
2008-02-12,2.8237903118133545,3.6898770332336426,3.7511110305786133,3.6148149967193604,3.6464200019836426,1397756
2008-02-13,2.888791799545288,3.774815082550049,3.8261730670928955,3.723457098007202,3.7530860900878906,1662525
2008-02-14,2.872161865234375,3.7530860900878906,3.820246934890747,3.7412350177764893,3.8103699684143066,1201838
2008-02-15,2.8207662105560303,3.6859259605407715,3.731358051300049,3.6404941082000732,3.7254319190979004,929981
2008-02-19,2.801114559173584,3.6602470874786377,3.762963056564331,3.634567975997925,3.737283945083618,853031
2008-02-20,2.846464157104492,3.719506025314331,3.719506025314331,3.634567975997925,3.701728105545044,835313
2008-02-21,2.7633228302001953,3.6108639240264893,3.792593002319336,3.6009879112243652,3.749135971069336,880369
2008-02-22,2.7723922729492188,3.622715950012207,3.636543035507202,3.512099027633667,3.587160110473633,933525
2008-02-25,2.802626132965088,3.662221908569336,3.6701231002807617,3.5239510536193848,3.5239510536193848,1089450
2008-02-26,2.7996037006378174,3.6582720279693604,3.723457098007202,3.5990118980407715,3.644443988800049,1065150
2008-02-27,2.8751866817474365,3.7570369243621826,3.762963056564331,3.593086004257202,3.634567975997925,1405350
2008-02-28,2.7723922729492188,3.622715950012207,3.737283945083618,3.595062017440796,3.7214810848236084,1002375
2008-02-29,2.668088436126709,3.486419916152954,3.618765115737915,3.4706170558929443,3.5733330249786377,943144
2008-03-03,2.6741344928741455,3.49432110786438,3.5180249214172363,3.4054319858551025,3.4804940223693848,1145138
2008-03-04,2.6590185165405273,3.4745678901672363,3.5061728954315186,3.40740704536438,3.4350619316101074,1574944
2008-03-05,2.633319139480591,3.440988063812256,3.500247001647949,3.403456926345825,3.500247001647949,1017056
2008-03-06,2.569828987121582,3.358025074005127,3.4528400897979736,3.332345962524414,3.413332939147949,1375988
2008-03-07,2.5789005756378174,3.3698770999908447,3.415308952331543,3.2553091049194336,3.300740957260132,842906
2008-03-10,2.501805067062378,3.2691359519958496,3.397531032562256,3.2632100582122803,3.381727933883667,938588
2008-03-11,2.642390251159668,3.4528400897979736,3.4528400897979736,3.318519115447998,3.385679006576538,1004906
2008-03-12,2.643901824951172,3.454814910888672,3.5239510536193848,3.439012050628662,3.482469081878662,1112231
2008-03-13,2.6998329162597656,3.5279009342193604,3.555556058883667,3.3876540660858154,3.40740704536438,1710113
2008-03-14,2.607621192932129,3.40740704536438,3.581234931945801,3.3916049003601074,3.5496299266815186,901125
2008-03-17,2.5955283641815186,3.3916049003601074,3.4587650299072266,3.192099094390869,3.3402469158172607,990731
2008-03-18,2.7134392261505127,3.5456790924072266,3.551604986190796,3.371851921081543,3.4488890171051025,1042875
2008-03-19,2.624249219894409,3.429136037826538,3.60493803024292,3.429136037826538,3.569382905960083,852019
2008-03-20,2.7739040851593018,3.6246910095214844,3.6582720279693604,3.4271600246429443,3.4883949756622314,3328088
2008-03-24,2.7844860553741455,3.638519048690796,3.687901020050049,3.593086004257202,3.6286420822143555,709763
2008-03-25,2.7829747200012207,3.636543035507202,3.6681480407714844,3.5990118980407715,3.6543209552764893,654075
2008-03-26,2.789020538330078,3.644443988800049,3.650369882583618,3.5279009342193604,3.608889102935791,928969
2008-03-27,2.749717950820923,3.593086004257202,3.6641979217529297,3.5851850509643555,3.662221908569336,413100
2008-03-28,2.7073917388916016,3.537777900695801,3.622715950012207,3.5199999809265137,3.591110944747925,604463
2008-03-31,2.6741344928741455,3.49432110786438,3.5733330249786377,3.425184965133667,3.5733330249786377,1062619
2008-04-01,2.6469242572784424,3.4587650299072266,3.537777900695801,3.257283926010132,3.4923460483551025,2676544
2008-04-02,2.7769272327423096,3.6286420822143555,3.701728105545044,3.4350619316101074,3.4350619316101074,2335331
2008-04-03,2.7134392261505127,3.5456790924072266,3.618765115737915,3.512099027633667,3.587160110473633,1243856
2008-04-04,2.751230001449585,3.595062017440796,3.6207408905029297,3.529876947402954,3.533827066421509,1187156
2008-04-07,2.7119252681732178,3.543704032897949,3.6108639240264893,3.5199999809265137,3.6108639240264893,808988
2008-04-08,2.7104146480560303,3.5417280197143555,3.5417280197143555,3.464690923690796,3.512099027633667,1507106
2008-04-09,2.6952993869781494,3.521975040435791,3.5535800457000732,3.464690923690796,3.5535800457000732,1431675
2008-04-10,2.7119252681732178,3.543704032897949,3.5496299266815186,3.49432110786438,3.5160489082336426,1156275
2008-04-11,2.609133720397949,3.4093830585479736,3.5061728954315186,3.3916049003601074,3.5061728954315186,975544
2008-04-14,2.636342763900757,3.4449379444122314,3.472593069076538,3.3876540660858154,3.397531032562256,713813
2008-04-15,2.5683186054229736,3.356049060821533,3.5140740871429443,3.328394889831543,3.4706170558929443,2678063
2008-04-16,2.657505989074707,3.472593069076538,3.472593069076538,3.354074001312256,3.358025074005127,2068538
2008-04-17,2.6182031631469727,3.4212350845336914,3.4488890171051025,3.367901086807251,3.4488890171051025,940106
2008-04-18,2.7240190505981445,3.5595059394836426,3.5595059394836426,3.446913957595825,3.4765429496765137,1272206
2008-04-21,2.643901824951172,3.454814910888672,3.525926113128662,3.411358118057251,3.525926113128662,1158806
2008-04-22,2.5773890018463135,3.367901086807251,3.508147954940796,3.346173048019409,3.4172840118408203,2195606
2008-04-23,2.652970790863037,3.4666669368743896,3.5535800457000732,3.381727933883667,3.5535800457000732,1039331
2008-04-24,2.6227381229400635,3.4271600246429443,3.4804940223693848,3.3204939365386963,3.4765429496765137,1242844
2008-04-25,2.550178289413452,3.332345962524414,3.472593069076538,3.314568042755127,3.472593069076538,2610225
2008-04-28,2.4987823963165283,3.2651851177215576,3.3619749546051025,3.217777967453003,3.3402469158172607,3061800
2008-04-29,2.435291051864624,3.1822218894958496,3.284938097000122,3.1269140243530273,3.267159938812256,3135206
2008-04-30,2.4080817699432373,3.146667003631592,3.2395060062408447,3.1269140243530273,3.203950881958008,1594181
2008-05-01,2.4836645126342773,3.245431900024414,3.25333309173584,3.1328399181365967,3.1585190296173096,1051481
2008-05-02,2.435291051864624,3.1822218894958496,3.300740957260132,3.1822218894958496,3.259258985519409,1274738
2008-05-05,2.4368038177490234,3.1841979026794434,3.200000047683716,3.144690990447998,3.178272008895874,1366369
2008-05-06,2.439826250076294,3.188148021697998,3.213826894760132,3.130863904953003,3.152592897415161,1445850
2008-05-07,2.4569759368896484,3.1980249881744385,3.3066670894622803,3.188148021697998,3.200000047683716,1763269
2008-05-08,2.455458164215088,3.1960489749908447,3.23555588722229,3.170370101928711,3.2237040996551514,1415981
2008-05-09,2.4478697776794434,3.1861729621887207,3.2217280864715576,3.1427159309387207,3.174320936203003,798863
2008-05-12,2.57686448097229,3.354074001312256,3.3639509677886963,3.1861729621887207,3.201975107192993,1814400
2008-05-13,2.548031806945801,3.3165431022644043,3.3619749546051025,3.298764944076538,3.3619749546051025,1177538
2008-05-14,2.529820203781128,3.292840003967285,3.397531032562256,3.275062084197998,3.3086419105529785,1422056
2008-05-15,2.55106520652771,3.3204939365386963,3.354074001312256,3.2770369052886963,3.2770369052886963,681413
2008-05-16,2.5434772968292236,3.310616970062256,3.40740704536438,3.267159938812256,3.3639509677886963,1500019
2008-05-19,2.4933969974517822,3.245431900024414,3.324444055557251,3.2197530269622803,3.298764944076538,1835156
2008-05-20,2.4569759368896484,3.1980249881744385,3.245431900024414,3.1723461151123047,3.2217280864715576,974531
2008-05-21,2.4493870735168457,3.188148021697998,3.259258985519409,3.160494089126587,3.1980249881744385,569531
2008-05-22,2.4827747344970703,3.231605052947998,3.267159938812256,3.188148021697998,3.188148021697998,575606
2008-05-23,2.4205524921417236,3.1506168842315674,3.2237040996551514,3.1288890838623047,3.1861729621887207,998831
2008-05-27,2.4235873222351074,3.1545679569244385,3.1901230812072754,3.1190121173858643,3.1367900371551514,970481
2008-05-28,2.4144821166992188,3.1427159309387207,3.188148021697998,3.0992588996887207,3.156543016433716,865181
2008-05-29,2.4675984382629395,3.2118520736694336,3.249382972717285,3.1407411098480225,3.148642063140869,989213
2008-05-30,2.4144821166992188,3.1427159309387207,3.2237040996551514,3.1288890838623047,3.2237040996551514,1522800
2008-06-02,2.362884759902954,3.0755560398101807,3.1664199829101562,3.0676538944244385,3.144690990447998,1639238
2008-06-03,2.362884759902954,3.0755560398101807,3.1071600914001465,3.051851987838745,3.091357946395874,1654931
2008-06-04,2.4008240699768066,3.1249380111694336,3.1506168842315674,3.051851987838745,3.0577778816223145,1358269
2008-06-05,2.455458164215088,3.1960489749908447,3.200000047683716,3.113085985183716,3.1249380111694336,1122356
2008-06-06,2.3993077278137207,3.1229629516601562,3.2098770141601562,3.1190121173858643,3.162468910217285,1893375
2008-06-09,2.3507444858551025,3.059752941131592,3.1427159309387207,3.0281479358673096,3.1249380111694336,1139569
2008-06-10,2.3735079765319824,3.0893828868865967,3.1150619983673096,3.004443883895874,3.004443883895874,1250438
2008-06-11,2.283970594406128,2.9728400707244873,3.0755560398101807,2.9728400707244873,3.0755560398101807,1106663
2008-06-12,2.288522720336914,2.9787650108337402,3.020246982574463,2.959012031555176,2.9846909046173096,1518244
2008-06-13,2.326462745666504,3.0281479358673096,3.0320990085601807,2.9609880447387695,2.9886419773101807,1396238
2008-06-16,2.30521559715271,3.0004940032958984,3.0419750213623047,2.9570369720458984,3.024198055267334,1860975
2008-06-17,2.320392370223999,3.020246982574463,3.0419750213623047,2.962963104248047,2.998518943786621,1423069
2008-06-18,2.365919589996338,3.0795059204101562,3.103209972381592,2.9827160835266113,2.9827160835266113,1939950
2008-06-19,2.4235873222351074,3.1545679569244385,3.178272008895874,3.0577778816223145,3.0755560398101807,2023988
2008-06-20,2.352261781692505,3.061728000640869,3.1861729621887207,3.002469062805176,3.134814977645874,2711475
2008-06-23,2.337085723876953,3.0419750213623047,3.0933330059051514,3.0399999618530273,3.0795059204101562,1337513
2008-06-24,2.293074607849121,2.9846909046173096,3.0399999618530273,2.9451849460601807,3.024198055267334,1292456
2008-06-25,2.3188741207122803,3.0182719230651855,3.047900915145874,2.980741024017334,2.9827160835266113,1305113
2008-06-26,2.27182936668396,2.9570369720458984,3.008394956588745,2.9313580989837646,2.976789951324463,1600763
2008-06-27,2.2460312843322754,2.923456907272339,3.0004940032958984,2.8859260082244873,2.9609880447387695,4382100
2008-06-30,2.2490646839141846,2.9274070262908936,2.9491360187530518,2.8562960624694824,2.9135799407958984,2385956
2008-07-01,2.2490646839141846,2.9274070262908936,2.9451849460601807,2.872098922729492,2.8958020210266113,1247400
2008-07-02,2.2566535472869873,2.937283992767334,3.008394956588745,2.921480894088745,2.9609880447387695,2177888
2008-07-03,2.258171558380127,2.9392590522766113,3.024198055267334,2.9313580989837646,2.941235065460205,912769
2008-07-07,2.1807751655578613,2.8385190963745117,2.9708640575408936,2.826667070388794,2.955061912536621,1588106
2008-07-08,2.280935287475586,2.968888998031616,2.9708640575408936,2.828641891479492,2.828641891479492,1020600
2008-07-09,2.1701512336730957,2.8246910572052,3.008394956588745,2.8167901039123535,2.962963104248047,1252969
2008-07-10,2.1807751655578613,2.8385190963745117,2.8958020210266113,2.7733330726623535,2.8306169509887695,1166400
2008-07-11,2.1337296962738037,2.7772839069366455,2.8325929641723633,2.7338271141052246,2.812839984893799,2154600
2008-07-14,2.1064116954803467,2.7417280673980713,2.8088889122009277,2.6903700828552246,2.800987958908081,960863
2008-07-15,2.0305325984954834,2.64296293258667,2.714073896408081,2.625185012817383,2.712099075317383,2360644
2008-07-16,2.0532965660095215,2.672593116760254,2.682468891143799,2.6192591190338135,2.656790018081665,2260406
2008-07-17,2.083649158477783,2.712099075317383,2.7239511013031006,2.6232099533081055,2.7022221088409424,2557069
2008-07-18,2.0957891941070557,2.727900981903076,2.7417280673980713,2.631110906600952,2.727900981903076,1476225
2008-07-21,2.1170361042022705,2.755556106567383,2.7654318809509277,2.710123062133789,2.7318520545959473,933525
2008-07-22,2.1640806198120117,2.8167901039123535,2.828641891479492,2.725925922393799,2.725925922393799,1023131
2008-07-23,2.3902008533477783,3.1111109256744385,3.1427159309387207,2.812839984893799,2.812839984893799,2232056
2008-07-24,2.602663040161133,3.3876540660858154,3.521975040435791,3.120987892150879,3.130863904953003,3990263
2008-07-25,2.55106520652771,3.3204939365386963,3.456789970397949,3.2809879779815674,3.3797531127929688,3099263
2008-07-28,2.5343730449676514,3.298764944076538,3.385679006576538,3.2908639907836914,3.3264200687408447,1949569
2008-07-29,2.582935333251953,3.3619749546051025,3.381727933883667,3.3125929832458496,3.324444055557251,2272050
2008-07-30,2.628462791442871,3.4212350845336914,3.4232099056243896,3.3520989418029785,3.389630079269409,1859456
2008-07-31,2.592041015625,3.3738269805908203,3.4488890171051025,3.342221975326538,3.342221975326538,1672650
2008-08-01,2.61480450630188,3.403456926345825,3.4883949756622314,3.3481481075286865,3.399506092071533,1444331
2008-08-04,2.55106520652771,3.3204939365386963,3.411358118057251,3.314568042755127,3.411358118057251,1485338
2008-08-05,2.5753471851348877,3.3520989418029785,3.3797531127929688,3.3125929832458496,3.3501229286193848,1346625
2008-08-06,2.5453388690948486,3.300740957260132,3.3520989418029785,3.2829630374908447,3.3520989418029785,1002375
2008-08-07,2.517920732498169,3.2651851177215576,3.3264200687408447,3.261234998703003,3.2790119647979736,1148681
2008-08-08,2.6108384132385254,3.385679006576538,3.4093830585479736,3.257283926010132,3.275062084197998,1234238
2008-08-11,2.661104679107666,3.45086407661438,3.498271942138672,3.3639509677886963,3.385679006576538,1010981
2008-08-12,2.5986528396606445,3.3698770999908447,3.472593069076538,3.3481481075286865,3.446913957595825,1227150
2008-08-13,2.636733293533325,3.4192590713500977,3.440988063812256,3.3501229286193848,3.367901086807251,733556
2008-08-14,2.6778616905212402,3.472593069076538,3.4923460483551025,3.367901086807251,3.40740704536438,1142606
2008-08-15,2.6854770183563232,3.482469081878662,3.618765115737915,3.4666669368743896,3.4923460483551025,2356594
2008-08-18,2.6473958492279053,3.4330859184265137,3.5160489082336426,3.3955559730529785,3.4883949756622314,851006
2008-08-19,2.6534883975982666,3.440988063812256,3.4627161026000977,3.3876540660858154,3.415308952331543,1477744
2008-08-20,2.6443495750427246,3.429136037826538,3.472593069076538,3.389630079269409,3.464690923690796,585225
2008-08-21,2.650442600250244,3.4370369911193848,3.4627161026000977,3.358025074005127,3.3916049003601074,874294
2008-08-22,2.70223331451416,3.5041980743408203,3.5140740871429443,3.45086407661438,3.4627161026000977,796838
2008-08-25,2.632164478302002,3.413332939147949,3.498271942138672,3.403456926345825,3.498271942138672,515869
2008-08-26,2.638256788253784,3.4212350845336914,3.4271600246429443,3.3659260272979736,3.403456926345825,639900
2008-08-27,2.6839540004730225,3.4804940223693848,3.5199999809265137,3.3955559730529785,3.4212350845336914,877838
2008-08-28,2.749452590942383,3.565432071685791,3.565432071685791,3.4804940223693848,3.486419916152954,751275
2008-08-29,2.7068018913269043,3.5101230144500732,3.569382905960083,3.4765429496765137,3.565432071685791,542700
2008-09-02,2.688523054122925,3.486419916152954,3.5970370769500732,3.4488890171051025,3.5595059394836426,807469
2008-09-03,2.674814462661743,3.468641996383667,3.5022220611572266,3.4014809131622314,3.4765429496765137,1468631
2008-09-04,2.6047451496124268,3.3777780532836914,3.4587650299072266,3.344197988510132,3.4587650299072266,882900
2008-09-05,2.5925590991973877,3.3619749546051025,3.381727933883667,3.2948150634765625,3.3738269805908203,1162856
2008-09-08,2.7052788734436035,3.508147954940796,3.537777900695801,3.425184965133667,3.468641996383667,1011994
2008-09-09,2.671767473220825,3.464690923690796,3.581234931945801,3.464690923690796,3.521975040435791,796331
2008-09-10,2.6778616905212402,3.472593069076538,3.555556058883667,3.4528400897979736,3.5061728954315186,1011994
2008-09-11,2.679384231567383,3.4745678901672363,3.521975040435791,3.4232099056243896,3.4627161026000977,1114256
2008-09-12,2.712895154953003,3.5180249214172363,3.539752960205078,3.3916049003601074,3.4350619316101074,744188
2008-09-15,2.6702449321746826,3.4627161026000977,3.5634570121765137,3.3520989418029785,3.358025074005127,876825
2008-09-16,2.77230167388916,3.595062017440796,3.595062017440796,3.2395060062408447,3.2809879779815674,1359281
2008-09-17,2.7037570476531982,3.5061728954315186,3.5891358852386475,3.4370369911193848,3.5891358852386475,1638731
2008-09-18,3.073903799057007,3.986172914505005,4.316049098968506,3.4923460483551025,3.551604986190796,3424781
2008-09-19,2.856081008911133,3.7037041187286377,4.444444179534912,3.662221908569336,4.201480865478516,5028581
2008-09-22,2.942904233932495,3.816296100616455,3.9130859375,3.6325929164886475,3.662221908569336,1386619
2008-09-23,2.901777982711792,3.762963056564331,3.8577780723571777,3.7155559062957764,3.824198007583618,730013
2008-09-24,2.836277723312378,3.678025007247925,3.7728400230407715,3.6582720279693604,3.762963056564331,679894
2008-09-25,2.8591268062591553,3.7076539993286133,3.792593002319336,3.6108639240264893,3.6898770332336426,777094
2008-09-26,2.8774054050445557,3.731358051300049,3.7550621032714844,3.6325929164886475,3.678025007247925,848981
2008-09-29,2.856081008911133,3.7037041187286377,3.859752893447876,3.6464200019836426,3.687901020050049,2264456
2008-09-30,2.8911147117614746,3.749135971069336,3.762963056564331,3.587160110473633,3.762963056564331,1209938
2008-10-01,2.897207498550415,3.7570369243621826,3.762963056564331,3.6898770332336426,3.7175309658050537,842400
2008-10-02,2.816476821899414,3.652345895767212,3.776789903640747,3.644443988800049,3.776789903640747,567506
2008-10-03,2.6976633071899414,3.498271942138672,3.7609879970550537,3.4844439029693604,3.652345895767212,1100588
2008-10-06,2.537722587585449,3.2908639907836914,3.4449379444122314,3.1506168842315674,3.4449379444122314,1947038
2008-10-07,2.426525831222534,3.146667003631592,3.64839506149292,3.1367900371551514,3.318519115447998,1616456
2008-10-08,2.4371883869171143,3.160494089126587,3.3264200687408447,3.0538270473480225,3.0755560398101807,2092838
2008-10-09,2.0777029991149902,2.6943209171295166,3.1960489749908447,2.6943209171295166,3.148642063140869,3922425
2008-10-10,2.345794200897217,3.0419750213623047,3.1940739154815674,1.850864052772522,2.0227160453796387,3015225
2008-10-13,2.4051995277404785,3.1190121173858643,3.200000047683716,2.9866669178009033,3.1288890838623047,856069
2008-10-14,2.2711551189422607,2.9451849460601807,3.2513580322265625,2.8898770809173584,3.200000047683716,1603800
2008-10-15,1.9406119585037231,2.516542911529541,3.0103700160980225,2.516542911529541,2.976789951324463,1365356
2008-10-16,2.313805341720581,3.0004940032958984,3.0399999618530273,2.506666898727417,2.5362958908081055,2598075
2008-10-17,2.2117481231689453,2.8681480884552,3.0360488891601562,2.7911109924316406,2.880000114440918,1730363
2008-10-20,2.4006311893463135,3.113085985183716,3.113085985183716,2.8641979694366455,2.976789951324463,935044
2008-10-21,2.367119073867798,3.0696299076080322,3.1545679569244385,2.947160005569458,3.0795059204101562,1199813
2008-10-22,2.325991153717041,3.016295909881592,3.160494089126587,2.937283992767334,2.9787650108337402,1568869
2008-10-23,2.0777029991149902,2.6943209171295166,3.1111109256744385,2.5935800075531006,3.0972840785980225,2692744
2008-10-24,2.190423011779785,2.84049391746521,2.8859260082244873,2.3980250358581543,2.431605100631714,2434050
2008-10-27,2.2665855884552,2.9392590522766113,3.012346029281616,2.68641996383667,2.7990119457244873,2023481
2008-10-28,2.388443946838379,3.0972840785980225,3.0972840785980225,2.779258966445923,2.976789951324463,2182444
2008-10-29,2.4463279247283936,3.1723461151123047,3.2553091049194336,3.059752941131592,3.1545679569244385,2397600
2008-10-30,2.4965953826904297,3.2375309467315674,3.314568042755127,3.1723461151123047,3.2651851177215576,1402819
2008-10-31,2.676337242126465,3.4706170558929443,3.680000066757202,3.105185031890869,3.2296299934387207,3197475
2008-11-03,2.624547243118286,3.403456926345825,3.5713579654693604,3.328394889831543,3.4587650299072266,1053000
2008-11-04,2.5590479373931885,3.318519115447998,3.4587650299072266,3.2790119647979736,3.4587650299072266,1739981
2008-11-05,2.4630823135375977,3.1940739154815674,3.3520989418029785,3.1861729621887207,3.286914110183716,1932863
2008-11-06,2.439075231552124,3.1506168842315674,3.2908639907836914,3.120987892150879,3.1683950424194336,2015381
2008-11-07,2.5124752521514893,3.245431900024414,3.257283926010132,3.1506168842315674,3.1822218894958496,1087931
2008-11-10,2.5537660121917725,3.298764944076538,3.358025074005127,3.213826894760132,3.3125929832458496,1294988
2008-11-11,2.549178123474121,3.292840003967285,3.367901086807251,3.1861729621887207,3.2651851177215576,1251450
2008-11-12,2.4558968544006348,3.1723461151123047,3.3738269805908203,3.1644439697265625,3.227653980255127,1620506
2008-11-13,2.6852760314941406,3.468641996383667,3.468641996383667,3.091357946395874,3.1980249881744385,1832625
2008-11-14,2.4711873531341553,3.192099094390869,3.555556058883667,3.178272008895874,3.555556058883667,1560263
2008-11-17,2.504831314086914,3.23555588722229,3.3204939365386963,3.113085985183716,3.174320936203003,1047431
2008-11-18,2.483421802520752,3.2079010009765625,3.358025074005127,3.120987892150879,3.318519115447998,1478250
2008-11-19,2.354968547821045,3.0419750213623047,3.302716016769409,3.0399999618530273,3.1980249881744385,1573931
2008-11-20,2.2020487785339355,2.8444440364837646,3.1683950424194336,2.8424689769744873,3.002469062805176,1875656
2008-11-21,2.4344873428344727,3.144690990447998,3.144690990447998,2.753580093383789,2.9491360187530518,2131313
2008-11-24,2.572115421295166,3.3224689960479736,3.3837039470672607,3.1229629516601562,3.144690990447998,1727831
2008-11-25,2.5308268070220947,3.2691359519958496,3.3481481075286865,3.1723461151123047,3.3224689960479736,1792631
2008-11-26,2.6042284965515137,3.3639509677886963,3.4271600246429443,3.1644439697265625,3.1762959957122803,2497331
2008-11-28,2.648576021194458,3.4212350845336914,3.4212350845336914,3.292840003967285,3.3086419105529785,398419
2008-12-01,2.3993144035339355,3.0992588996887207,3.3520989418029785,3.0814809799194336,3.3066670894622803,2275088
2008-12-02,2.5170631408691406,3.2513580322265625,3.288888931274414,3.1387650966644287,3.152592897415161,1165894
2008-12-03,2.5369436740875244,3.2770369052886963,3.3264200687408447,3.117037057876587,3.1861729621887207,1863000
2008-12-04,2.436016798019409,3.146667003631592,3.2908639907836914,3.0972840785980225,3.2296299934387207,1629619
2008-12-05,2.5094172954559326,3.241481065750122,3.284938097000122,3.024198055267334,3.105185031890869,2847656
2008-12-08,2.569056749343872,3.318519115447998,3.3777780532836914,3.2651851177215576,3.342221975326538,1680750
2008-12-09,2.4344873428344727,3.144690990447998,3.3698770999908447,3.1190121173858643,3.2691359519958496,1224619
2008-12-10,2.50177264213562,3.231605052947998,3.2967898845672607,3.160494089126587,3.1841979026794434,885431
2008-12-11,2.44366192817688,3.156543016433716,3.3501229286193848,3.117037057876587,3.215801954269409,1567856
2008-12-12,2.4971847534179688,3.2256789207458496,3.3046910762786865,3.0261731147766113,3.0360488891601562,1422563
2008-12-15,2.4497792720794678,3.1644439697265625,3.271111011505127,3.1012349128723145,3.2513580322265625,1167919
2008-12-16,2.6042284965515137,3.3639509677886963,3.4192590713500977,3.200000047683716,3.2118520736694336,1482806
2008-12-17,2.5078887939453125,3.2395060062408447,3.3797531127929688,3.1980249881744385,3.3382720947265625,1456481
2008-12-18,2.549178123474121,3.292840003967285,3.3916049003601074,3.178272008895874,3.245431900024414,2535300
2008-12-19,2.637871265411377,3.40740704536438,3.4192590713500977,3.3224689960479736,3.3797531127929688,3031425
2008-12-22,2.6072869300842285,3.367901086807251,3.4528400897979736,3.259258985519409,3.415308952331543,1284863
2008-12-23,2.5476486682891846,3.2908639907836914,3.456789970397949,3.275062084197998,3.4054319858551025,1045406
2008-12-24,2.579761028289795,3.332345962524414,3.3698770999908447,3.241481065750122,3.302716016769409,208069
2008-12-26,2.5935230255126953,3.3501229286193848,3.3619749546051025,3.298764944076538,3.3520989418029785,406519
2008-12-29,2.5308268070220947,3.2691359519958496,3.359999895095825,3.2256789207458496,3.3224689960479736,732544
2008-12-30,2.7020978927612305,3.490370035171509,3.4923460483551025,3.2553091049194336,3.3165431022644043,946688
2008-12-31,2.7647948265075684,3.5713579654693604,3.608889102935791,3.4883949756622314,3.5239510536193848,998325
2009-01-02,2.73573899269104,3.533827066421509,3.6069140434265137,3.49432110786438,3.5595059394836426,732544
2009-01-05,2.731151580810547,3.5279009342193604,3.5535800457000732,3.411358118057251,3.5535800457000732,1275244
2009-01-06,2.7173893451690674,3.5101230144500732,3.6543209552764893,3.486419916152954,3.5535800457000732,1451419
2009-01-07,2.6546926498413086,3.429136037826538,3.5713579654693604,3.3916049003601074,3.4449379444122314,1433194
2009-01-08,2.6852760314941406,3.468641996383667,3.535801887512207,3.371851921081543,3.371851921081543,860119
2009-01-09,2.5736443996429443,3.324444055557251,3.5022220611572266,3.3204939365386963,3.456789970397949,1061100
2009-01-12,2.564470052719116,3.3125929832458496,3.371851921081543,3.292840003967285,3.3165431022644043,470813
2009-01-13,2.5629398822784424,3.310616970062256,3.3797531127929688,3.2809879779815674,3.3165431022644043,792788
2009-01-14,2.4268412590026855,3.134814977645874,3.310616970062256,3.130863904953003,3.2197530269622803,1413450
2009-01-15,2.504831314086914,3.23555588722229,3.2513580322265625,3.1111109256744385,3.1861729621887207,1831106
2009-01-16,2.5262396335601807,3.2632100582122803,3.2829630374908447,3.1841979026794434,3.271111011505127,1082869
2009-01-20,2.4039032459259033,3.105185031890869,3.288888931274414,3.103209972381592,3.267159938812256,1144631
2009-01-21,2.5109481811523438,3.243457078933716,3.261234998703003,3.134814977645874,3.1960489749908447,1286888
2009-01-22,2.454367160797119,3.170370101928711,3.267159938812256,3.1071600914001465,3.217777967453003,645975
2009-01-23,2.422253370285034,3.1288890838623047,3.1841979026794434,3.0893828868865967,3.1190121173858643,909731
2009-01-26,2.5155344009399414,3.249382972717285,3.2829630374908447,3.1328399181365967,3.160494089126587,1090463
2009-01-27,2.5201222896575928,3.2553091049194336,3.3382720947265625,3.2375309467315674,3.25333309173584,932006
2009-01-28,2.596583127975464,3.354074001312256,3.4370369911193848,3.2513580322265625,3.25333309173584,1137038
2009-01-29,2.420725107192993,3.1269140243530273,3.3698770999908447,3.1111109256744385,3.3382720947265625,1100588
2009-01-30,2.3855514526367188,3.0814809799194336,3.1644439697265625,3.008394956588745,3.113085985183716,1232719
2009-02-02,2.552234649658203,3.2967898845672607,3.3224689960479736,3.0577778816223145,3.0834569931030273,1672650
2009-02-03,2.617990493774414,3.381727933883667,3.415308952331543,3.25333309173584,3.3086419105529785,1588106
2009-02-04,2.565997838973999,3.314568042755127,3.456789970397949,3.292840003967285,3.3837039470672607,645469
2009-02-05,2.63328218460083,3.4014809131622314,3.464690923690796,3.2217280864715576,3.300740957260132,1002881
2009-02-06,2.720803737640381,3.500247001647949,3.5713579654693604,3.389630079269409,3.397531032562256,1692394
2009-02-09,2.6363539695739746,3.3916049003601074,3.5101230144500732,3.367901086807251,3.5101230144500732,914288
2009-02-10,2.5350148677825928,3.261234998703003,3.4627161026000977,3.243457078933716,3.359999895095825,910744
2009-02-11,2.568794012069702,3.3046910762786865,3.381727933883667,3.245431900024414,3.2651851177215576,770006
2009-02-12,2.5872206687927246,3.328394889831543,3.3698770999908447,3.2237040996551514,3.2395060062408447,968456
2009-02-13,2.5718648433685303,3.3086419105529785,3.40740704536438,3.243457078933716,3.3402469158172607,1172475
2009-02-17,2.43367600440979,3.130863904953003,3.267159938812256,3.1249380111694336,3.152592897415161,1325363
2009-02-18,2.4198575019836426,3.113085985183716,3.1980249881744385,3.1012349128723145,3.1545679569244385,933525
2009-02-19,2.4198575019836426,3.113085985183716,3.1506168842315674,3.0992588996887207,3.1249380111694336,1004906
2009-02-20,2.4306046962738037,3.1269140243530273,3.1901230812072754,3.03802490234375,3.063704013824463,1463569
2009-02-23,2.4628498554229736,3.1683950424194336,3.23555588722229,3.1012349128723145,3.1367900371551514,2428988
2009-02-24,2.545762777328491,3.275062084197998,3.310616970062256,3.1960489749908447,3.201975107192993,2457844
2009-02-25,2.432140588760376,3.1288890838623047,3.300740957260132,3.0992588996887207,3.2474069595336914,2443669
2009-02-26,2.3446195125579834,3.016295909881592,3.1841979026794434,2.9787650108337402,3.160494089126587,2480625
2009-02-27,2.4259984493255615,3.120987892150879,3.1407411098480225,2.9037039279937744,2.9886419773101807,1208419
2009-03-02,2.381471872329712,3.063704013824463,3.1150619983673096,3.0222220420837402,3.0854320526123047,1764281
2009-03-03,2.3584392070770264,3.034074068069458,3.105185031890869,3.0261731147766113,3.0676538944244385,1414463
2009-03-04,2.3691864013671875,3.047900915145874,3.1091361045837402,2.964937925338745,3.0360488891601562,1485844
2009-03-05,2.2233200073242188,2.8602468967437744,3.004443883895874,2.836543083190918,3.002469062805176,1556719
2009-03-06,2.227926731109619,2.866173028945923,2.915555953979492,2.7634570598602295,2.8464200496673584,1767825
2009-03-09,2.1956822872161865,2.8246910572052,2.8958020210266113,2.8029630184173584,2.8602468967437744,1610888
2009-03-10,2.293950319290161,2.951111078262329,2.968888998031616,2.8681480884552,2.8879010677337646,1234744
2009-03-11,2.2309978008270264,2.8701229095458984,2.955061912536621,2.858272075653076,2.947160005569458,1429650
2009-03-12,2.3507614135742188,3.024198055267334,3.03802490234375,2.8325929641723633,2.8622219562530518,1144631
2009-03-13,2.349226474761963,3.0222220420837402,3.0498769283294678,2.955061912536621,3.0498769283294678,676856
2009-03-16,2.3799352645874023,3.061728000640869,3.1762959957122803,3.034074068069458,3.077531099319458,1930838
2009-03-17,2.4597787857055664,3.1644439697265625,3.1644439697265625,3.0419750213623047,3.0716049671173096,1035788
2009-03-18,2.502770185470581,3.2197530269622803,3.259258985519409,3.1150619983673096,3.170370101928711,794813
2009-03-19,2.4735960960388184,3.1822218894958496,3.257283926010132,3.1664199829101562,3.257283926010132,562950
2009-03-20,2.4843454360961914,3.1960489749908447,3.292840003967285,3.1901230812072754,3.200000047683716,1531913
2009-03-23,2.6102511882781982,3.358025074005127,3.358025074005127,3.178272008895874,3.2770369052886963,1166906
2009-03-24,2.614858388900757,3.3639509677886963,3.40740704536438,3.2790119647979736,3.344197988510132,1779469
2009-03-25,2.6302132606506348,3.3837039470672607,3.4488890171051025,3.25333309173584,3.381727933883667,905175
2009-03-26,2.599504232406616,3.344197988510132,3.4488890171051025,3.241481065750122,3.3738269805908203,1792631
2009-03-27,2.442887783050537,3.1427159309387207,3.3165431022644043,3.1328399181365967,3.241481065750122,1537481
2009-03-30,2.4705257415771484,3.178272008895874,3.1940739154815674,3.012346029281616,3.073580026626587,1163869
2009-03-31,2.6332836151123047,3.3876540660858154,3.425184965133667,3.203950881958008,3.215801954269409,1971338
2009-04-01,2.596432685852051,3.3402469158172607,3.3758020401000977,3.2256789207458496,3.3402469158172607,935550
2009-04-02,2.754582166671753,3.543704032897949,3.6029629707336426,3.403456926345825,3.40740704536438,1391175
2009-04-03,2.739229440689087,3.5239510536193848,3.5535800457000732,3.4745678901672363,3.551604986190796,572569
2009-04-06,2.6824166774749756,3.45086407661438,3.5496299266815186,3.399506092071533,3.5140740871429443,794813
2009-04-07,2.570329189300537,3.3066670894622803,3.425184965133667,3.300740957260132,3.413332939147949,1009463
2009-04-08,2.594897508621216,3.3382720947265625,3.354074001312256,3.2790119647979736,3.3343210220336914,516881
2009-04-09,2.6916301250457764,3.4627161026000977,3.482469081878662,3.354074001312256,3.3876540660858154,887456
2009-04-13,2.6532440185546875,3.413332939147949,3.4627161026000977,3.354074001312256,3.429136037826538,646481
2009-04-14,2.616393566131592,3.3659260272979736,3.397531032562256,3.3086419105529785,3.359999895095825,833288
2009-04-15,2.70084285736084,3.4745678901672363,3.5041980743408203,3.354074001312256,3.354074001312256,618131
2009-04-16,2.7591898441314697,3.5496299266815186,3.5595059394836426,3.425184965133667,3.500247001647949,733556
2009-04-17,2.8175363540649414,3.6246910095214844,3.6424689292907715,3.5417280197143555,3.5496299266815186,803925
2009-04-20,2.7131266593933105,3.490370035171509,3.7570369243621826,3.4804940223693848,3.7570369243621826,1193738
2009-04-21,2.7760794162750244,3.5713579654693604,3.5851850509643555,3.472593069076538,3.4923460483551025,1055025
2009-04-22,2.739229440689087,3.5239510536193848,3.6069140434265137,3.512099027633667,3.535801887512207,971494
2009-04-23,2.6977713108062744,3.4706170558929443,3.56148099899292,3.397531032562256,3.543704032897949,1419525
2009-04-24,2.7776148319244385,3.5733330249786377,3.6207408905029297,3.490370035171509,3.500247001647949,1055025
2009-04-27,2.74076509475708,3.525926113128662,3.6306169033050537,3.486419916152954,3.5674068927764893,1035281
2009-04-28,2.773007869720459,3.5674068927764893,3.618765115737915,3.4745678901672363,3.486419916152954,1435725
2009-04-29,2.8052523136138916,3.608889102935791,3.830122947692871,3.587160110473633,3.6641979217529297,1839206
2009-04-30,2.7637951374053955,3.555556058883667,3.766913890838623,3.547653913497925,3.6543209552764893,1324350
2009-05-01,2.7223386764526367,3.5022220611572266,3.56148099899292,3.4587650299072266,3.529876947402954,1172475
2009-05-04,2.6716701984405518,3.4370369911193848,3.56148099899292,3.4172840118408203,3.543704032897949,1394719
2009-05-05,2.628676414489746,3.381727933883667,3.4370369911193848,3.3520989418029785,3.413332939147949,1273725
2009-05-06,2.634843111038208,3.3758020401000977,3.425184965133667,3.3382720947265625,3.411358118057251,1654425
2009-05-07,2.631760835647583,3.371851921081543,3.389630079269409,3.3303699493408203,3.3777780532836914,1346119
2009-05-08,2.69034743309021,3.446913957595825,3.4587650299072266,3.3876540660858154,3.442962884902954,862144
2009-05-11,2.6286768913269043,3.367901086807251,3.4350619316101074,3.3382720947265625,3.3837039470672607,921375
2009-05-12,2.642552614212036,3.385679006576538,3.468641996383667,3.3402469158172607,3.3738269805908203,771019
2009-05-13,2.6394686698913574,3.381727933883667,3.4014809131622314,3.3204939365386963,3.3264200687408447,1407881
2009-05-14,2.6271350383758545,3.3659260272979736,3.4271600246429443,3.318519115447998,3.4014809131622314,1049963
2009-05-15,2.579340696334839,3.3046910762786865,3.3797531127929688,3.2967898845672607,3.358025074005127,1696950
2009-05-18,2.6410109996795654,3.3837039470672607,3.385679006576538,3.300740957260132,3.3343210220336914,884419
2009-05-19,2.6163442134857178,3.3520989418029785,3.3876540660858154,3.3086419105529785,3.3659260272979736,964913
2009-05-20,2.6086337566375732,3.342221975326538,3.403456926345825,3.3204939365386963,3.367901086807251,1022119
2009-05-21,2.585508346557617,3.3125929832458496,3.3659260272979736,3.249382972717285,3.2908639907836914,1187663
2009-05-22,2.5623812675476074,3.2829630374908447,3.3481481075286865,3.2730860710144043,3.318519115447998,940106
2009-05-26,2.681095600128174,3.4350619316101074,3.4765429496765137,3.2098770141601562,3.25333309173584,1166400
2009-05-27,2.5947580337524414,3.324444055557251,3.4311110973358154,3.3224689960479736,3.4311110973358154,831769
2009-05-28,2.5839650630950928,3.310616970062256,3.354074001312256,3.271111011505127,3.3382720947265625,1616963
2009-05-29,2.57625675201416,3.300740957260132,3.318519115447998,3.2691359519958496,3.3165431022644043,1394719
2009-06-01,2.7103891372680664,3.472593069076538,3.482469081878662,3.346173048019409,3.346173048019409,1114763
2009-06-02,2.7674336433410645,3.5456790924072266,3.555556058883667,3.413332939147949,3.446913957595825,1657463
2009-06-03,2.7982680797576904,3.5851850509643555,3.5891358852386475,3.500247001647949,3.500247001647949,1068694
2009-06-04,2.7489333152770996,3.521975040435791,3.5891358852386475,3.4804940223693848,3.5713579654693604,708244
2009-06-05,2.7119312286376953,3.4745678901672363,3.565432071685791,3.4745678901672363,3.5417280197143555,913781
2009-06-08,2.699596643447876,3.4587650299072266,3.498271942138672,3.403456926345825,3.4745678901672363,843413
2009-06-09,2.66105318069458,3.4093830585479736,3.486419916152954,3.403456926345825,3.4804940223693848,977063
2009-06-10,2.6086337566375732,3.342221975326538,3.429136037826538,3.310616970062256,3.4093830585479736,1564819
2009-06-11,2.614800453186035,3.3501229286193848,3.399506092071533,3.328394889831543,3.342221975326538,836831
2009-06-12,2.6302196979522705,3.3698770999908447,3.3738269805908203,3.2967898845672607,3.3343210220336914,764944
2009-06-15,2.5777981281280518,3.302716016769409,3.344197988510132,3.2651851177215576,3.344197988510132,975038
2009-06-16,2.533087968826294,3.245431900024414,3.3264200687408447,3.23555588722229,3.324444055557251,932513
2009-06-17,2.5392558574676514,3.25333309173584,3.275062084197998,3.2118520736694336,3.2474069595336914,1293975
2009-06-18,2.604008197784424,3.3362960815429688,3.344197988510132,3.2079010009765625,3.249382972717285,462206
2009-06-19,2.66259503364563,3.411358118057251,3.4271600246429443,3.3402469158172607,3.3402469158172607,1763269
2009-06-22,2.57625675201416,3.300740957260132,3.4232099056243896,3.298764944076538,3.3777780532836914,822150
2009-06-23,2.560840606689453,3.2809879779815674,3.3382720947265625,3.2809879779815674,3.3066670894622803,429300
2009-06-24,2.568549633026123,3.2908639907836914,3.3303699493408203,3.267159938812256,3.3204939365386963,557888
2009-06-25,2.664137601852417,3.413332939147949,3.415308952331543,3.261234998703003,3.2770369052886963,739125
2009-06-26,2.7258071899414062,3.4923460483551025,3.49432110786438,3.356049060821533,3.3955559730529785,2912963
2009-06-29,2.6934292316436768,3.45086407661438,3.4923460483551025,3.397531032562256,3.4923460483551025,656606
2009-06-30,2.6687614917755127,3.4192590713500977,3.4844439029693604,3.4054319858551025,3.4627161026000977,824681
2009-07-01,2.730433225631714,3.498271942138672,3.5140740871429443,3.4172840118408203,3.468641996383667,731531
2009-07-02,2.651803493499756,3.397531032562256,3.4765429496765137,3.356049060821533,3.4607410430908203,1023131
2009-07-06,2.6687614917755127,3.4192590713500977,3.446913957595825,3.342221975326538,3.397531032562256,599400
2009-07-07,2.585508346557617,3.3125929832458496,3.464690923690796,3.3086419105529785,3.4172840118408203,537638
2009-07-08,2.5901336669921875,3.318519115447998,3.3520989418029785,3.271111011505127,3.292840003967285,717863
2009-07-09,2.540797233581543,3.2553091049194336,3.342221975326538,3.245431900024414,3.342221975326538,584719
2009-07-10,2.5300045013427734,3.241481065750122,3.2948150634765625,3.201975107192993,3.227653980255127,582694
2009-07-13,2.5747156143188477,3.298764944076538,3.300740957260132,3.1664199829101562,3.2237040996551514,750769
2009-07-14,2.6163442134857178,3.3520989418029785,3.358025074005127,3.2809879779815674,3.286914110183716,558900
2009-07-15,2.7180984020233154,3.482469081878662,3.482469081878662,3.3659260272979736,3.3955559730529785,842906
2009-07-16,2.716555595397949,3.4804940223693848,3.490370035171509,3.4093830585479736,3.4607410430908203,601931
2009-07-17,2.724264621734619,3.490370035171509,3.5239510536193848,3.4330859184265137,3.4844439029693604,619144
2009-07-20,2.681095600128174,3.4350619316101074,3.525926113128662,3.385679006576538,3.5160489082336426,719381
2009-07-21,2.699596643447876,3.4587650299072266,3.472593069076538,3.3777780532836914,3.454814910888672,514856
2009-07-22,2.7258071899414062,3.4923460483551025,3.5279009342193604,3.456789970397949,3.4785189628601074,862650
2009-07-23,2.8460636138916016,3.6464200019836426,3.6602470874786377,3.4627161026000977,3.512099027633667,1048950
2009-07-24,2.8198533058166504,3.612839937210083,3.618765115737915,3.543704032897949,3.6148149967193604,797850
2009-07-27,2.809061050415039,3.5990118980407715,3.618765115737915,3.5318520069122314,3.6029629707336426,500681
2009-07-28,2.8198533058166504,3.612839937210083,3.6325929164886475,3.5041980743408203,3.5496299266815186,724950
2009-07-29,2.738140344619751,3.508147954940796,3.652345895767212,3.354074001312256,3.644443988800049,1107675
2009-07-30,2.8522305488586426,3.6543209552764893,3.774815082550049,3.533827066421509,3.5496299266815186,1357256
2009-07-31,2.826019525527954,3.6207408905029297,3.6997530460357666,3.6148149967193604,3.6325929164886475,976050
2009-08-03,2.8830652236938477,3.693826913833618,3.7116050720214844,3.6069140434265137,3.6859259605407715,1000856
2009-08-04,2.90619158744812,3.723457098007202,3.7530860900878906,3.6740739345550537,3.6740739345550537,539663
2009-08-05,2.8321876525878906,3.6286420822143555,3.7175309658050537,3.6069140434265137,3.7135798931121826,502200
2009-08-06,2.8430211544036865,3.6286420822143555,3.6602470874786377,3.593086004257202,3.64839506149292,834300
2009-08-07,2.870878219604492,3.6641979217529297,3.7432100772857666,3.6582720279693604,3.6997530460357666,740644
2009-08-10,2.8739736080169678,3.6681480407714844,3.7392590045928955,3.6167900562286377,3.636543035507202,687488
2009-08-11,2.8445687294006348,3.6306169033050537,3.709630012512207,3.5713579654693604,3.644443988800049,1151719
2009-08-12,2.8832595348358154,3.680000066757202,3.733333110809326,3.6167900562286377,3.6207408905029297,781650
2009-08-13,2.8615920543670654,3.652345895767212,3.7037041187286377,3.60493803024292,3.6720991134643555,334631
2009-08-14,2.808971881866455,3.5851850509643555,3.6424689292907715,3.5239510536193848,3.6207408905029297,866194
2009-08-17,2.7579002380371094,3.5199999809265137,3.56148099899292,3.5101230144500732,3.56148099899292,619650
2009-08-18,2.7625436782836914,3.525926113128662,3.543704032897949,3.4883949756622314,3.539752960205078,578644
2009-08-19,2.7981388568878174,3.5713579654693604,3.5713579654693604,3.500247001647949,3.5061728954315186,757856
2009-08-20,2.807424783706665,3.583209991455078,3.593086004257202,3.525926113128662,3.5535800457000732,476888
2009-08-21,2.864687442779541,3.6562960147857666,3.6562960147857666,3.591110944747925,3.608889102935791,1043888
2009-08-24,2.8693301677703857,3.662221908569336,3.687901020050049,3.6424689292907715,3.652345895767212,567506
2009-08-25,2.8523058891296387,3.6404941082000732,3.7037041187286377,3.6325929164886475,3.6859259605407715,456131
2009-08-26,2.8337345123291016,3.6167900562286377,3.6562960147857666,3.593086004257202,3.6246910095214844,333113
2009-08-27,2.816710948944092,3.595062017440796,3.636543035507202,3.539752960205078,3.6069140434265137,572569
2009-08-28,2.7640910148620605,3.5279009342193604,3.638519048690796,3.5061728954315186,3.6148149967193604,1373963
2009-08-31,2.7625436782836914,3.525926113128662,3.529876947402954,3.4883949756622314,3.5101230144500732,1110713
2009-09-01,2.760995626449585,3.5239510536193848,3.6029629707336426,3.4883949756622314,3.5022220611572266,780131
2009-09-02,2.765639066696167,3.529876947402954,3.555556058883667,3.5041980743408203,3.5140740871429443,454106
2009-09-03,2.7857577800750732,3.555556058883667,3.555556058883667,3.482469081878662,3.525926113128662,589275
2009-09-04,2.790400505065918,3.56148099899292,3.595062017440796,3.5199999809265137,3.5496299266815186,673819
2009-09-08,2.7996859550476074,3.5733330249786377,3.5851850509643555,3.5180249214172363,3.5753090381622314,579150
2009-09-09,2.810518980026245,3.587160110473633,3.5990118980407715,3.4785189628601074,3.5753090381622314,580163
2009-09-10,2.8136157989501953,3.591110944747925,3.612839937210083,3.5417280197143555,3.595062017440796,478406
2009-09-11,2.8290913105010986,3.6108639240264893,3.626667022705078,3.5674068927764893,3.5891358852386475,433856
2009-09-14,2.8909988403320312,3.6898770332336426,3.69185209274292,3.579258918762207,3.579258918762207,679388
2009-09-15,2.8848066329956055,3.6819748878479004,3.687901020050049,3.636543035507202,3.676048994064331,322988
2009-09-16,2.915759801864624,3.7214810848236084,3.7214810848236084,3.650369882583618,3.6740739345550537,458156
2009-09-17,2.940521717071533,3.7530860900878906,3.7649381160736084,3.6977779865264893,3.7274069786071777,441956
2009-09-18,2.9312362670898438,3.7412350177764893,3.80246901512146,3.7392590045928955,3.7550621032714844,2156625
2009-09-21,2.926593065261841,3.735308885574341,3.7570369243621826,3.6740739345550537,3.7135798931121826,511313
2009-09-22,2.9018311500549316,3.7037041187286377,3.747159957885742,3.6898770332336426,3.747159957885742,470813
2009-09-23,2.8848066329956055,3.6819748878479004,3.7550621032714844,3.6641979217529297,3.7175309658050537,446513
2009-09-24,2.892544984817505,3.69185209274292,3.735308885574341,3.6641979217529297,3.687901020050049,563963
2009-09-25,2.850759267807007,3.638519048690796,3.7116050720214844,3.555556058883667,3.6958019733428955,715838
2009-09-28,2.914212226867676,3.719506025314331,3.7550621032714844,3.64839506149292,3.6602470874786377,581175
2009-09-29,2.892544984817505,3.69185209274292,3.7274069786071777,3.683950901031494,3.7116050720214844,489544
2009-09-30,2.9173078536987305,3.723457098007202,3.7570369243621826,3.6148149967193604,3.6997530460357666,933525
2009-10-01,2.867783308029175,3.6602470874786377,3.7037041187286377,3.5970370769500732,3.7037041187286377,824175
2009-10-02,2.9111168384552,3.7155559062957764,3.733333110809326,3.6543209552764893,3.6543209552764893,993263
2009-10-05,2.9234979152679443,3.731358051300049,3.7432100772857666,3.6898770332336426,3.7214810848236084,810000
2009-10-06,2.9823086261749268,3.806420087814331,3.806420087814331,3.735308885574341,3.749135971069336,707738
2009-10-07,2.9575467109680176,3.774815082550049,3.841974973678589,3.7688889503479004,3.8103699684143066,540169
2009-10-08,2.962188959121704,3.780740976333618,3.8123459815979004,3.766913890838623,3.8004939556121826,1054013
2009-10-09,2.977666139602661,3.8004939556121826,3.8004939556121826,3.7550621032714844,3.766913890838623,422213
2009-10-12,2.940521717071533,3.7530860900878906,3.8103699684143066,3.7274069786071777,3.8103699684143066,427781
2009-10-13,2.9296886920928955,3.7392590045928955,3.75901198387146,3.719506025314331,3.7550621032714844,450056
2009-10-14,2.966832160949707,3.7866671085357666,3.7945680618286133,3.7116050720214844,3.7649381160736084,427781
2009-10-15,2.9745705127716064,3.7965428829193115,3.8123459815979004,3.7570369243621826,3.7609879970550537,500175
2009-10-16,2.9529035091400146,3.7688889503479004,3.7866671085357666,3.7175309658050537,3.784691095352173,613575
2009-10-19,2.9838552474975586,3.8083949089050293,3.8103699684143066,3.7392590045928955,3.7688889503479004,423225
2009-10-20,2.9296886920928955,3.7392590045928955,3.806420087814331,3.6898770332336426,3.806420087814331,398419
2009-10-21,2.9188549518585205,3.7254319190979004,3.8261730670928955,3.719506025314331,3.7254319190979004,1038319
2009-10-22,2.966832160949707,3.7866671085357666,3.8044440746307373,3.650369882583618,3.7175309658050537,634838
2009-10-23,2.963737726211548,3.7827160358428955,3.820246934890747,3.7392590045928955,3.7866671085357666,827213
2009-10-26,2.969926595687866,3.790616989135742,3.84592604637146,3.762963056564331,3.792593002319336,705713
2009-10-27,2.9529035091400146,3.7688889503479004,3.8518519401550293,3.7609879970550537,3.8083949089050293,1054519
2009-10-28,2.8399245738983154,3.6246910095214844,3.766913890838623,3.618765115737915,3.7432100772857666,764944
2009-10-29,2.819805860519409,3.5990118980407715,3.652345895767212,3.5733330249786377,3.650369882583618,754819
2009-10-30,2.7981388568878174,3.5713579654693604,3.6325929164886475,3.5279009342193604,3.579258918762207,1261575
2009-11-02,2.8290913105010986,3.6108639240264893,3.626667022705078,3.555556058883667,3.595062017440796,903656
2009-11-03,2.8383781909942627,3.622715950012207,3.626667022705078,3.5733330249786377,3.5891358852386475,712800
2009-11-04,2.8136157989501953,3.591110944747925,3.6464200019836426,3.5851850509643555,3.6325929164886475,695588
2009-11-05,2.892544984817505,3.69185209274292,3.693826913833618,3.6246910095214844,3.6246910095214844,692550
2009-11-06,2.892545223236084,3.678025007247925,3.6997530460357666,3.644443988800049,3.6641979217529297,381713
2009-11-09,2.9127402305603027,3.7037041187286377,3.7155559062957764,3.678025007247925,3.7037041187286377,386269
2009-11-10,2.8630285263061523,3.6404941082000732,3.7155559062957764,3.6286420822143555,3.6859259605407715,726975
2009-11-11,2.8645825386047363,3.6424689292907715,3.693826913833618,3.6207408905029297,3.6681480407714844,442969
2009-11-12,2.8195316791534424,3.5851850509643555,3.662221908569336,3.579258918762207,3.650369882583618,479925
2009-11-13,2.8474948406219482,3.6207408905029297,3.64839506149292,3.5674068927764893,3.6069140434265137,443475
2009-11-16,2.9220616817474365,3.7155559062957764,3.7432100772857666,3.6464200019836426,3.6464200019836426,513338
2009-11-17,2.9267210960388184,3.7214810848236084,3.7392590045928955,3.69185209274292,3.693826913833618,510300
2009-11-18,2.898759365081787,3.6859259605407715,3.733333110809326,3.6602470874786377,3.733333110809326,313369
2009-11-19,2.824192762374878,3.591110944747925,3.650369882583618,3.565432071685791,3.650369882583618,611044
2009-11-20,2.8304059505462646,3.5990118980407715,3.6108639240264893,3.565432071685791,3.565432071685791,583200
2009-11-23,2.889437675476074,3.6740739345550537,3.7116050720214844,3.6424689292907715,3.644443988800049,455119
2009-11-24,2.8832242488861084,3.666172981262207,3.683950901031494,3.6207408905029297,3.6720991134643555,347794
2009-11-25,2.8723506927490234,3.652345895767212,3.6977779865264893,3.6464200019836426,3.662221908569336,229838
2009-11-27,2.8133187294006348,3.577284097671509,3.6306169033050537,3.5595059394836426,3.5595059394836426,286538
2009-11-30,2.7605011463165283,3.5101230144500732,3.5713579654693604,3.4370369911193848,3.5634570121765137,1742513
2009-12-01,2.8350670337677,3.60493803024292,3.608889102935791,3.5239510536193848,3.547653913497925,805950
2009-12-02,2.8630285263061523,3.6404941082000732,3.6641979217529297,3.587160110473633,3.6009879112243652,554344
2009-12-03,2.8630285263061523,3.6404941082000732,3.701728105545044,3.638519048690796,3.6543209552764893,608006
2009-12-04,2.971771717071533,3.7787649631500244,3.80246901512146,3.683950901031494,3.693826913833618,729000
2009-12-07,2.996626138687134,3.8103699684143066,3.8518519401550293,3.780740976333618,3.780740976333618,484988
2009-12-08,2.965557336807251,3.7708640098571777,3.849877119064331,3.737283945083618,3.7728400230407715,516375
2009-12-09,2.9593441486358643,3.762963056564331,3.784691095352173,3.737283945083618,3.7708640098571777,373613
2009-12-10,2.953130006790161,3.7550621032714844,3.8222219944000244,3.735308885574341,3.7866671085357666,573075
2009-12-11,2.981091260910034,3.790616989135742,3.80246901512146,3.749135971069336,3.7787649631500244,328556
2009-12-14,3.0541045665740967,3.8834569454193115,3.8933329582214355,3.7866671085357666,3.8083949089050293,522956
2009-12-15,3.0028414726257324,3.818272113800049,3.920988082885742,3.816296100616455,3.873579978942871,972506
2009-12-16,2.990413188934326,3.80246901512146,3.8814809322357178,3.780740976333618,3.841974973678589,597881
2009-12-17,2.9329352378845215,3.7293829917907715,3.7945680618286133,3.7274069786071777,3.7945680618286133,718369
2009-12-18,2.908079147338867,3.6977779865264893,3.7708640098571777,3.6958019733428955,3.7609879970550537,2574788
2009-12-21,2.943809747695923,3.7432100772857666,3.75901198387146,3.701728105545044,3.701728105545044,577125
2009-12-22,2.985752820968628,3.7965428829193115,3.8123459815979004,3.731358051300049,3.737283945083618,446006
2009-12-23,3.021482229232788,3.841974973678589,3.8676540851593018,3.774815082550049,3.8044440746307373,578138
2009-12-24,3.035463809967041,3.859752893447876,3.877531051635742,3.8439509868621826,3.8518519401550293,165038
2009-12-28,3.027695655822754,3.849877119064331,3.88938307762146,3.8380250930786133,3.8814809322357178,455625
2009-12-29,3.035463809967041,3.859752893447876,3.873579978942871,3.8439509868621826,3.863703966140747,158456
2009-12-30,3.0541045665740967,3.8834569454193115,3.8834569454193115,3.8222219944000244,3.8360490798950195,486506
2009-12-31,2.995072841644287,3.8083949089050293,3.9091360569000244,3.8083949089050293,3.8617279529571533,579656
2010-01-04,3.0463368892669678,3.873579978942871,3.9091360569000244,3.8083949089050293,3.832098960876465,839363
2010-01-05,3.0308029651641846,3.8538269996643066,3.885432004928589,3.8360490798950195,3.8795061111450195,701663
2010-01-06,3.032355308532715,3.855802059173584,3.9012351036071777,3.84592604637146,3.84592604637146,841388
2010-01-07,3.0556581020355225,3.885432004928589,3.88938307762146,3.8004939556121826,3.841974973678589,536119
2010-01-08,3.050997734069824,3.8795061111450195,3.88938307762146,3.849877119064331,3.8716049194335938,330581
2010-01-11,3.0463368892669678,3.873579978942871,3.891357898712158,3.8479011058807373,3.891357898712158,466763
2010-01-12,3.0292491912841797,3.8518519401550293,3.8716049194335938,3.830122947692871,3.8439509868621826,521438
2010-01-13,3.064979076385498,3.8972840309143066,3.9012351036071777,3.832098960876465,3.8617279529571533,385256
2010-01-14,3.0742995738983154,3.9091360569000244,3.9130859375,3.8676540851593018,3.9130859375,224269
2010-01-15,3.00439453125,3.820246934890747,3.920988082885742,3.7787649631500244,3.9150619506835938,887963
2010-01-19,3.035463809967041,3.859752893447876,3.859752893447876,3.790616989135742,3.7945680618286133,732544
2010-01-20,2.9702179431915283,3.776789903640747,3.832098960876465,3.7214810848236084,3.830122947692871,748744
2010-01-21,2.939148426055908,3.737283945083618,3.8143210411071777,3.6859259605407715,3.788641929626465,582188
2010-01-22,2.904972553253174,3.693826913833618,3.7708640098571777,3.6819748878479004,3.719506025314331,683438
2010-01-25,2.8878846168518066,3.6720991134643555,3.7116050720214844,3.6464200019836426,3.7076539993286133,377663
2010-01-26,2.85526180267334,3.6306169033050537,3.678025007247925,3.6246910095214844,3.652345895767212,463219
2010-01-27,3.0976016521453857,3.938765048980713,3.9683949947357178,3.666172981262207,3.6681480407714844,2176369
2010-01-28,3.0152673721313477,3.834074020385742,3.9525930881500244,3.766913890838623,3.9525930881500244,1029713
2010-01-29,3.0572118759155273,3.887407064437866,3.920988082885742,3.8360490798950195,3.8360490798950195,1010981
2010-02-01,3.050997734069824,3.8795061111450195,3.9091360569000244,3.8518519401550293,3.885432004928589,543713
2010-02-02,3.0261423587799072,3.8479011058807373,3.9150619506835938,3.8399999141693115,3.887407064437866,646988
2010-02-03,3.0385711193084717,3.863703966140747,3.8814809322357178,3.7985188961029053,3.8439509868621826,758363
2010-02-04,2.995072841644287,3.8083949089050293,3.8518519401550293,3.7866671085357666,3.849877119064331,829238
2010-02-05,3.0183746814727783,3.8380250930786133,3.8439509868621826,3.7728400230407715,3.8083949089050293,737100
2010-02-08,2.980919361114502,3.7728400230407715,3.8399999141693115,3.766913890838623,3.8360490798950195,717356
2010-02-09,3.010571002960205,3.8103699684143066,3.834074020385742,3.7708640098571777,3.7985188961029053,592819
2010-02-10,2.996526002883911,3.792593002319336,3.8123459815979004,3.7688889503479004,3.80246901512146,490556
2010-02-11,3.05271053314209,3.863703966140747,3.863703966140747,3.7570369243621826,3.774815082550049,484481
2010-02-12,3.1401097774505615,3.974320888519287,3.982222080230713,3.903209924697876,3.928889036178589,1897931
2010-02-16,3.160398483276367,4.0,4.007901191711426,3.95654296875,4.007901191711426,655594
2010-02-17,3.2072181701660156,4.059258937835693,4.059258937835693,4.005926132202148,4.017777919769287,586238
2010-02-18,3.266526222229004,4.134321212768555,4.142221927642822,4.067160129547119,4.073085784912109,609525
2010-02-19,3.3008601665496826,4.1777777671813965,4.1876540184021,4.110617160797119,4.142221927642822,811519
2010-02-22,3.3414382934570312,4.229135990142822,4.239011764526367,4.181727886199951,4.197531223297119,712800
2010-02-23,3.316467761993408,4.197531223297119,4.239011764526367,4.165925979614258,4.229135990142822,1106663
2010-02-24,3.333634376525879,4.219258785247803,4.252840042114258,4.193580150604248,4.217284202575684,581175
2010-02-25,3.3445589542388916,4.233086109161377,4.239011764526367,4.175802230834961,4.175802230834961,478406
2010-02-26,3.316467761993408,4.197531223297119,4.2271599769592285,4.1777777671813965,4.2271599769592285,773044
2010-03-01,3.3695294857025146,4.26469087600708,4.266666889190674,4.191605091094971,4.246913909912109,912769
2010-03-02,3.400744915008545,4.304197788238525,4.321975231170654,4.252840042114258,4.282468795776367,1088944
2010-03-03,3.4085471630096436,4.3140740394592285,4.3437042236328125,4.298272132873535,4.3180251121521,623700
2010-03-04,3.3976235389709473,4.3002471923828125,4.33580207824707,4.294321060180664,4.329876899719238,412088
2010-03-05,3.492826461791992,4.420741081237793,4.436542987823486,4.32395076751709,4.325925827026367,1030219
2010-03-08,3.486582040786743,4.412839889526367,4.464198112487793,4.408888816833496,4.4286417961120605,562950
2010-03-09,3.5209176540374756,4.456295967102051,4.478024959564209,4.402963161468506,4.406914234161377,713813
2010-03-10,3.542768955230713,4.483951091766357,4.507654190063477,4.444444179534912,4.444444179534912,1629619
2010-03-11,3.5271615982055664,4.464198112487793,4.487901210784912,4.444444179534912,4.454320907592773,435375
2010-03-12,3.5115535259246826,4.444444179534912,4.483951091766357,4.432592868804932,4.464198112487793,626231
2010-03-15,3.4694149494171143,4.391110897064209,4.448394775390625,4.3713579177856445,4.43851900100708,1015031
2010-03-16,3.461611032485962,4.381235122680664,4.39506196975708,4.355556011199951,4.389135837554932,736088
2010-03-17,3.486582040786743,4.412839889526367,4.446420192718506,4.365431785583496,4.381235122680664,518906
2010-03-18,3.492826461791992,4.420741081237793,4.450369834899902,4.39506196975708,4.418765068054199,344250
2010-03-19,3.478778123855591,4.402963161468506,4.450369834899902,4.37925910949707,4.402963161468506,1211456
2010-03-22,3.508432149887085,4.440494060516357,4.450369834899902,4.363457202911377,4.377284049987793,786206
2010-03-23,3.5505707263946533,4.493826866149902,4.501728057861328,4.39506196975708,4.452345848083496,1102613
2010-03-24,3.491264581680298,4.418765068054199,4.489877223968506,4.406914234161377,4.489877223968506,612563
2010-03-25,3.402303695678711,4.306172847747803,4.412839889526367,4.296296119689941,4.359506130218506,1471669
2010-03-26,3.3788950443267822,4.276543140411377,4.325925827026367,4.244937896728516,4.325925827026367,701156
2010-03-29,3.410109043121338,4.316049098968506,4.341728210449219,4.278519153594971,4.282468795776367,474863
2010-03-30,3.4132297039031982,4.320000171661377,4.329876899719238,4.268641948699951,4.306172847747803,725963
2010-03-31,3.383577346801758,4.282468795776367,4.337778091430664,4.280494213104248,4.298272132873535,735075
2010-04-01,3.3710930347442627,4.266666889190674,4.30814790725708,4.250864028930664,4.288394927978516,574594
2010-04-05,3.416351079940796,4.32395076751709,4.331851959228516,4.2706170082092285,4.286419868469238,627750
2010-04-06,3.449125289916992,4.365431785583496,4.365431785583496,4.306172847747803,4.312098979949951,517894
2010-04-07,3.4522476196289062,4.369382858276367,4.3713579177856445,4.33580207824707,4.349629878997803,790763
2010-04-08,3.4210338592529297,4.329876899719238,4.359506130218506,4.3180251121521,4.341728210449219,362981
2010-04-09,3.392941474914551,4.294321060180664,4.345678806304932,4.272593021392822,4.345678806304932,632813
2010-04-12,3.3913800716400146,4.292346000671387,4.304197788238525,4.2706170082092285,4.304197788238525,396900
2010-04-13,3.428837776184082,4.339753150939941,4.341728210449219,4.268641948699951,4.278519153594971,407531
2010-04-14,3.4740958213806152,4.397037029266357,4.399012088775635,4.306172847747803,4.35160493850708,535106
2010-04-15,3.488142728805542,4.4148149490356445,4.4286417961120605,4.3713579177856445,4.3713579177856445,386775
2010-04-16,3.460050344467163,4.37925910949707,4.432592868804932,4.365431785583496,4.412839889526367,659138
2010-04-19,3.455368995666504,4.373332977294922,4.393085956573486,4.32395076751709,4.355556011199951,431325
2010-04-20,3.491264581680298,4.418765068054199,4.4286417961120605,4.377284049987793,4.3851847648620605,416138
2010-04-21,3.5302815437316895,4.468148231506348,4.476048946380615,4.4009881019592285,4.408888816833496,430819
2010-04-22,3.5380849838256836,4.478024959564209,4.483951091766357,4.410863876342773,4.434567928314209,490556
2010-04-23,3.5193593502044678,4.454320907592773,4.468148231506348,4.426667213439941,4.4582719802856445,755325
2010-04-26,3.506870985031128,4.43851900100708,4.474073886871338,4.416790008544922,4.460247039794922,541181
2010-04-27,3.463172674179077,4.383210182189941,4.483951091766357,4.375308990478516,4.432592868804932,574594
2010-04-28,3.492826461791992,4.420741081237793,4.485926151275635,4.363457202911377,4.420741081237793,549788
2010-04-29,3.4569289684295654,4.375308990478516,4.444444179534912,4.331851959228516,4.436542987823486,854550
2010-04-30,3.394500732421875,4.296296119689941,4.424691200256348,4.296296119689941,4.361481189727783,1075275
2010-05-03,3.461611032485962,4.381235122680664,4.389135837554932,4.290369987487793,4.321975231170654,749250
2010-05-04,3.422595739364624,4.331851959228516,4.355556011199951,4.276543140411377,4.316049098968506,904669
2010-05-05,3.422595739364624,4.331851959228516,4.408888816833496,4.3140740394592285,4.3140740394592285,652050
2010-05-06,3.334836006164551,4.203456878662109,4.339753150939941,4.041481018066406,4.304197788238525,1052494
2010-05-07,3.2549121379852295,4.102715969085693,4.209383010864258,4.075061798095703,4.161974906921387,1263094
2010-05-10,3.4586379528045654,4.359506130218506,4.359506130218506,4.183703899383545,4.217284202575684,1156781
2010-05-11,3.4915482997894287,4.4009881019592285,4.442469120025635,4.282468795776367,4.302221775054932,679894
2010-05-12,3.5934109687805176,4.529383182525635,4.53925895690918,4.393085956573486,4.420741081237793,882394
2010-05-13,3.5119211673736572,4.426667213439941,4.527407169342041,4.410863876342773,4.501728057861328,1144125
2010-05-14,3.482144355773926,4.389135837554932,4.408888816833496,4.35160493850708,4.397037029266357,808988
2010-05-17,3.524458646774292,4.442469120025635,4.468148231506348,4.294321060180664,4.42271614074707,1423575
2010-05-18,3.4194600582122803,4.310122966766357,4.491851806640625,4.280494213104248,4.491851806640625,1740488
2010-05-19,3.436699628829956,4.331851959228516,4.367406845092773,4.288394927978516,4.288394927978516,1290431
2010-05-20,3.256479501724243,4.104691028594971,4.329876899719238,4.102715969085693,4.250864028930664,1365356
2010-05-21,3.2643163204193115,4.11456823348999,4.154074192047119,4.021728038787842,4.04345703125,1244869
2010-05-24,3.256479501724243,4.104691028594971,4.152099132537842,4.055308818817139,4.11456823348999,824681
2010-05-25,3.2690165042877197,4.1204938888549805,4.146173000335693,3.978271961212158,4.015801906585693,1256006
2010-05-26,3.279986619949341,4.134321212768555,4.207406997680664,4.1066670417785645,4.122468948364258,1134506
2010-05-27,3.3661773204803467,4.242962837219238,4.242962837219238,4.154074192047119,4.209383010864258,725456
2010-05-28,3.3317015171051025,4.199505805969238,4.237037181854248,4.173827171325684,4.223209857940674,536119
2010-06-01,3.279986619949341,4.134321212768555,4.242962837219238,4.118518829345703,4.156048774719238,857588
2010-06-02,3.363043785095215,4.239011764526367,4.240987777709961,4.118518829345703,4.142221927642822,839869
2010-06-03,3.363043785095215,4.239011764526367,4.254815101623535,4.197531223297119,4.237037181854248,837844
2010-06-04,3.247077226638794,4.092840194702148,4.195556163787842,4.080987930297852,4.150123119354248,1144125
2010-06-07,3.2329723834991455,4.075061798095703,4.156048774719238,4.045432090759277,4.11456823348999,939600
2010-06-08,3.2768516540527344,4.130370140075684,4.148148059844971,4.067160129547119,4.0869140625,946688
2010-06-09,3.2737181186676025,4.126420021057129,4.2133331298828125,4.098764896392822,4.152099132537842,1036294
2010-06-10,3.334836006164551,4.203456878662109,4.203456878662109,4.136295795440674,4.193580150604248,569531
2010-06-11,3.361476182937622,4.237037181854248,4.237037181854248,4.152099132537842,4.158024787902832,326531
2010-06-14,3.312896490097046,4.175802230834961,4.260741233825684,4.171852111816406,4.260741233825684,738619
2010-06-15,3.388118267059326,4.2706170082092285,4.286419868469238,4.191605091094971,4.199505805969238,834806
2010-06-16,3.359910488128662,4.235062122344971,4.272593021392822,4.223209857940674,4.2567901611328125,593831
2010-06-17,3.363043785095215,4.239011764526367,4.252840042114258,4.205431938171387,4.237037181854248,626231
2010-06-18,3.3583426475524902,4.233086109161377,4.248888969421387,4.219258785247803,4.246913909912109,1366875
2010-06-21,3.3442399501800537,4.215309143066406,4.2844438552856445,4.201480865478516,4.2844438552856445,670781
2010-06-22,3.3254330158233643,4.191605091094971,4.26469087600708,4.179752826690674,4.233086109161377,997313
2010-06-23,3.297224283218384,4.156048774719238,4.195556163787842,4.128395080566406,4.1777777671813965,610538
2010-06-24,3.2690165042877197,4.1204938888549805,4.203456878662109,4.116542816162109,4.124444007873535,554344
2010-06-25,3.3160293102264404,4.179752826690674,4.189630031585693,4.11456823348999,4.11456823348999,1995638
2010-06-28,3.353640556335449,4.2271599769592285,4.252840042114258,4.165925979614258,4.1777777671813965,905681
2010-06-29,3.267448902130127,4.118518829345703,4.175802230834961,4.094814777374268,4.159999847412109,1213988
2010-06-30,3.2423760890960693,4.0869140625,4.169877052307129,4.079011917114258,4.122468948364258,852525
2010-07-01,3.2000625133514404,4.0335798263549805,4.079011917114258,3.9762959480285645,4.079011917114258,942131
2010-07-02,3.1859583854675293,4.015801906585693,4.067160129547119,3.9881479740142822,4.067160129547119,879356
2010-07-06,3.189093828201294,4.0197529792785645,4.11456823348999,3.9881479740142822,4.069136142730713,1228163
2010-07-07,3.259613513946533,4.108642101287842,4.112593173980713,4.0197529792785645,4.0335798263549805,692550
2010-07-08,3.3489391803741455,4.2212347984313965,4.2212347984313965,4.108642101287842,4.108642101287842,978581
2010-07-09,3.359910488128662,4.235062122344971,4.235062122344971,4.191605091094971,4.2212347984313965,479925
2010-07-12,3.369312286376953,4.246913909912109,4.260741233825684,4.211358070373535,4.211358070373535,1657463
2010-07-13,3.439833641052246,4.33580207824707,4.345678806304932,4.286419868469238,4.3140740394592285,1289419
2010-07-14,3.4037888050079346,4.290369987487793,4.33580207824707,4.260741233825684,4.3140740394592285,642431
2010-07-15,3.3677446842193604,4.244937896728516,4.294321060180664,4.197531223297119,4.286419868469238,775575
2010-07-16,3.272150754928589,4.124444007873535,4.240987777709961,4.112593173980713,4.240987777709961,1123875
2010-07-19,3.305060625076294,4.165925979614258,4.169877052307129,4.108642101287842,4.134321212768555,664706
2010-07-20,3.353640556335449,4.2271599769592285,4.229135990142822,4.108642101287842,4.118518829345703,591806
2010-07-21,3.29565691947937,4.154074192047119,4.2567901611328125,4.150123119354248,4.2567901611328125,634838
2010-07-22,3.364610433578491,4.240987777709961,4.254815101623535,4.189630031585693,4.205431938171387,1469138
2010-07-23,3.427295684814453,4.320000171661377,4.325925827026367,4.2212347984313965,4.2271599769592285,854550
2010-07-26,3.469606876373291,4.373332977294922,4.37925910949707,4.298272132873535,4.329876899719238,870750
2010-07-27,3.4539377689361572,4.353579998016357,4.416790008544922,4.3279008865356445,4.410863876342773,831263
2010-07-28,3.4664745330810547,4.369382858276367,4.416790008544922,4.310122966766357,4.3279008865356445,664200
2010-07-29,3.435131549835205,4.329876899719238,4.424691200256348,4.288394927978516,4.4148149490356445,420694
2010-07-30,3.4225950241088867,4.3140740394592285,4.359506130218506,4.240987777709961,4.312098979949951,642431
2010-08-02,3.4539377689361572,4.353579998016357,4.387159824371338,4.3002471923828125,4.387159824371338,710775
2010-08-03,3.427295684814453,4.320000171661377,4.39506196975708,4.298272132873535,4.325925827026367,630281
2010-08-04,3.471174716949463,4.375308990478516,4.375308990478516,4.321975231170654,4.321975231170654,540675
2010-08-05,3.4257290363311768,4.3180251121521,4.369382858276367,4.3140740394592285,4.363457202911377,447525
2010-08-06,3.395829439163208,4.262715816497803,4.290369987487793,4.199505805969238,4.2567901611328125,567000
2010-08-09,3.447758913040161,4.3279008865356445,4.333827018737793,4.260741233825684,4.294321060180664,398419
2010-08-10,3.3926825523376465,4.25876522064209,4.310122966766357,4.235062122344971,4.278519153594971,578138
2010-08-11,3.293546438217163,4.134321212768555,4.207406997680664,4.126420021057129,4.207406997680664,1243350
2010-08-12,3.2793829441070557,4.116542816162109,4.142221927642822,4.094814777374268,4.104691028594971,721406
2010-08-13,3.2526330947875977,4.082962989807129,4.138271808624268,4.069136142730713,4.092840194702148,921881
2010-08-16,3.2825310230255127,4.1204938888549805,4.124444007873535,4.035555839538574,4.051358222961426,658125
2010-08-17,3.3391809463500977,4.191605091094971,4.2133331298828125,4.134321212768555,4.165925979614258,670781
2010-08-18,3.3281655311584473,4.1777777671813965,4.219258785247803,4.142221927642822,4.173827171325684,681919
2010-08-19,3.2337491512298584,4.059258937835693,4.158024787902832,4.051358222961426,4.158024787902832,1076288
2010-08-20,3.2384707927703857,4.065185070037842,4.07111120223999,3.9901230335235596,4.049383163452148,788738
2010-08-23,3.2148663997650146,4.035555839538574,4.096789836883545,4.017777919769287,4.092840194702148,686475
2010-08-24,3.181821346282959,3.9940741062164307,4.051358222961426,3.9841980934143066,4.001975059509277,563963
2010-08-25,3.2148663997650146,4.035555839538574,4.055308818817139,3.9585189819335938,3.9762959480285645,592819
2010-08-26,3.1959826946258545,4.011851787567139,4.065185070037842,4.007901191711426,4.04345703125,421706
2010-08-27,3.3108556270599365,4.156048774719238,4.161974906921387,3.9980249404907227,4.047407150268555,855056
2010-08-30,3.2746634483337402,4.110617160797119,4.161974906921387,4.108642101287842,4.134321212768555,1151719
2010-08-31,3.2227346897125244,4.045432090759277,4.116542816162109,4.025679111480713,4.11456823348999,783675
2010-09-01,3.3187243938446045,4.165925979614258,4.1876540184021,4.065185070037842,4.108642101287842,897075
2010-09-02,3.3281655311584473,4.1777777671813965,4.181727886199951,4.1066670417785645,4.146173000335693,725963
2010-09-03,3.3911094665527344,4.2567901611328125,4.262715816497803,4.201480865478516,4.211358070373535,699638
2010-09-07,3.3706536293029785,4.2311110496521,4.276543140411377,4.211358070373535,4.250864028930664,1020094
2010-09-08,3.350196123123169,4.205431938171387,4.26469087600708,4.183703899383545,4.2311110496521,710775
2010-09-09,3.36907958984375,4.229135990142822,4.246913909912109,4.181727886199951,4.209383010864258,1060088
2010-09-10,3.384815216064453,4.248888969421387,4.26469087600708,4.191605091094971,4.246913909912109,663188
2010-09-13,3.4729366302490234,4.359506130218506,4.365431785583496,4.260741233825684,4.272593021392822,1120331
2010-09-14,3.4493327140808105,4.329876899719238,4.365431785583496,4.310122966766357,4.331851959228516,590288
2010-09-15,3.469789743423462,4.355556011199951,4.365431785583496,4.288394927978516,4.331851959228516,510300
2010-09-16,3.417860984802246,4.290369987487793,4.35160493850708,4.268641948699951,4.35160493850708,765450
2010-09-17,3.5169968605041504,4.4148149490356445,4.454320907592773,4.26469087600708,4.331851959228516,2443163
2010-09-20,3.6318705081939697,4.559011936187744,4.568889141082764,4.402963161468506,4.440494060516357,1495969
2010-09-21,3.5390288829803467,4.442469120025635,4.519505977630615,4.369382858276367,4.519505977630615,2186494
2010-09-22,3.5531914234161377,4.460247039794922,4.483951091766357,4.387159824371338,4.416790008544922,1138556
2010-09-23,3.443037986755371,4.321975231170654,4.529383182525635,4.3180251121521,4.426667213439941,1625063
2010-09-24,3.5799403190612793,4.493826866149902,4.493826866149902,4.375308990478516,4.381235122680664,1045913
2010-09-27,3.551616668701172,4.4582719802856445,4.507654190063477,4.446420192718506,4.503704071044922,553838
2010-09-28,3.625575065612793,4.551111221313477,4.5550618171691895,4.408888816833496,4.478024959564209,838350
2010-09-29,3.6287224292755127,4.5550618171691895,4.58271598815918,4.521481037139893,4.525432109832764,683438
2010-09-30,3.679080009460449,4.618271827697754,4.6479010581970215,4.5471601486206055,4.592593193054199,1325363
2010-10-01,3.649181842803955,4.580740928649902,4.65975284576416,4.566914081573486,4.65975284576416,794306
2010-10-04,3.598825693130493,4.517530918121338,4.588642120361328,4.483951091766357,4.572840213775635,524981
2010-10-05,3.729433536529541,4.681480884552002,4.752593040466309,4.570864200592041,4.572840213775635,1557225
2010-10-06,3.7923779487609863,4.760494232177734,4.780247211456299,4.667654037475586,4.681480884552002,1668094
2010-10-07,3.7829365730285645,4.7486419677734375,4.807900905609131,4.726913928985596,4.794074058532715,719381
2010-10-08,3.836437940597534,4.815802097320557,4.837531089782715,4.713086128234863,4.760494232177734,568519
2010-10-11,3.834864616394043,4.813827037811279,4.84740686416626,4.803950786590576,4.807900905609131,467775
2010-10-12,3.786083221435547,4.752593040466309,4.8059258460998535,4.732840061187744,4.7920989990234375,766463
2010-10-13,3.889941453933716,4.882963180541992,4.910616874694824,4.744690895080566,4.764443874359131,1097550
2010-10-14,3.8537487983703613,4.837531089782715,4.906667232513428,4.823703765869141,4.888888835906982,1014525
2010-10-15,3.849026918411255,4.831604957580566,4.879012107849121,4.794074058532715,4.865184783935547,1096538
2010-10-18,3.9245622158050537,4.926420211791992,4.928394794464111,4.819753170013428,4.839506149291992,846450
2010-10-19,3.8600425720214844,4.845431804656982,4.965926170349121,4.823703765869141,4.863210201263428,914794
2010-10-20,3.9434423446655273,4.950122833251953,5.035061836242676,4.873085975646973,4.873085975646973,790763
2010-10-21,3.8993799686431885,4.894814968109131,5.042963027954102,4.825678825378418,4.97777795791626,760388
2010-10-22,3.926133871078491,4.928394794464111,4.938271999359131,4.875061988830566,4.8928399085998535,537131
2010-10-25,3.956033229827881,4.965926170349121,5.0291361808776855,4.948147773742676,4.948147773742676,419681
2010-10-26,3.937150478363037,4.9422221183776855,5.035061836242676,4.900741100311279,4.924444198608398,756844
2010-10-27,4.105525970458984,5.153580188751221,5.337284088134766,4.930369853973389,4.958024978637695,1886794
2010-10-28,4.1181135177612305,5.1693830490112305,5.204937934875488,5.086420059204102,5.1832098960876465,754313
2010-10-29,4.099228858947754,5.145678997039795,5.202962875366211,5.137777805328369,5.163456916809082,559406
2010-11-01,4.113393783569336,5.163456916809082,5.246419906616211,5.116048812866211,5.187160015106201,996806
2010-11-02,4.160600185394287,5.222715854644775,5.287900924682617,5.175309181213379,5.218764781951904,835313
2010-11-03,4.168467044830322,5.232593059539795,5.287900924682617,5.19308614730835,5.232593059539795,896569
2010-11-04,4.23613166809082,5.317531108856201,5.345184803009033,5.289876937866211,5.299753189086914,1162856
2010-11-05,4.2392802238464355,5.321481227874756,5.351110935211182,5.28000020980835,5.335309028625488,680906
2010-11-08,4.242437362670898,5.307653903961182,5.327406883239746,5.254321098327637,5.307653903961182,496125
2010-11-09,4.221912860870361,5.281974792480469,5.3629631996154785,5.258272171020508,5.32938289642334,805444
2010-11-10,4.259805679321289,5.32938289642334,5.32938289642334,5.2404937744140625,5.297778129577637,633825
2010-11-11,4.202966690063477,5.258272171020508,5.321481227874756,5.234568119049072,5.274074077606201,848981
2010-11-12,4.17612361907959,5.224690914154053,5.258272171020508,5.177283763885498,5.216790199279785,762919
2010-11-15,4.195071220397949,5.248394966125488,5.299753189086914,5.230617046356201,5.254321098327637,732038
2010-11-16,4.122446060180664,5.157530784606934,5.232593059539795,5.123950958251953,5.202962875366211,620663
2010-11-17,4.130336761474609,5.167407035827637,5.181234836578369,5.106173038482666,5.1693830490112305,464738
2010-11-18,4.204545974731445,5.260247230529785,5.2839508056640625,5.216790199279785,5.234568119049072,520931
2010-11-19,4.201385021209717,5.256296157836914,5.281974792480469,5.202962875366211,5.232593059539795,615600
2010-11-22,4.207703113555908,5.264197826385498,5.281974792480469,5.175309181213379,5.2128400802612305,559406
2010-11-23,4.182439804077148,5.232593059539795,5.250370025634766,5.171358108520508,5.202962875366211,488531
2010-11-24,4.338749408721924,5.428147792816162,5.436048984527588,5.268147945404053,5.2839508056640625,605475
2010-11-26,4.318225383758545,5.402469158172607,5.441975116729736,5.359012126922607,5.386666774749756,163519
2010-11-29,4.3119096755981445,5.394567966461182,5.4064202308654785,5.250370025634766,5.355062007904053,540169
2010-11-30,4.266121864318848,5.337284088134766,5.353085994720459,5.244443893432617,5.335309028625488,1251956
2010-12-01,4.41611385345459,5.524938106536865,5.554567813873291,5.40049409866333,5.424198150634766,872269
2010-12-02,4.40032434463501,5.505185127258301,5.578271865844727,5.487407207489014,5.509136199951172,1317263
2010-12-03,4.435060501098633,5.548642158508301,5.570370197296143,5.469629764556885,5.491357803344727,774056
2010-12-06,4.411375999450684,5.519011974334717,5.556542873382568,5.505185127258301,5.526914119720459,689006
2010-12-07,4.496636390686035,5.625679016113281,5.682962894439697,5.558518886566162,5.5743207931518555,1196269
2010-12-08,4.529793739318848,5.6671600341796875,5.7106170654296875,5.639505863189697,5.639505863189697,886444
2010-12-09,4.550319194793701,5.692840099334717,5.726419925689697,5.59407377243042,5.71851921081543,1515206
2010-12-10,4.564529895782471,5.7106170654296875,5.71851921081543,5.623703956604004,5.716543197631836,844425
2010-12-13,4.587421894073486,5.739258766174316,5.979259014129639,5.71851921081543,5.71851921081543,1584900
2010-12-14,4.551898002624512,5.694815158843994,5.777778148651123,5.662221908569336,5.7688889503479,1517400
2010-12-15,4.604001045227051,5.760000228881836,5.851851940155029,5.682962894439697,5.69185209274292,1113413
2010-12-16,4.656103610992432,5.8251848220825195,5.881481170654297,5.709630012512207,5.760000228881836,939600
2010-12-17,4.677420616149902,5.851851940155029,5.872592926025391,5.7688889503479,5.837037086486816,3116813
2010-12-20,4.693996429443359,5.872592926025391,5.8933329582214355,5.819259166717529,5.887406826019287,711113
2010-12-21,4.6963653564453125,5.875555992126465,5.9229631423950195,5.851851940155029,5.911110877990723,614588
2010-12-22,4.667943477630615,5.840000152587891,5.878519058227539,5.783703804016113,5.878519058227539,832275
2010-12-23,4.743732452392578,5.934814929962158,5.949629783630371,5.8222222328186035,5.834074020385742,739125
2010-12-27,4.755573272705078,5.949629783630371,5.979259014129639,5.902222156524658,5.908147811889648,441450
2010-12-28,4.753204345703125,5.946667194366455,5.964444160461426,5.8933329582214355,5.952592849731445,375975
2010-12-29,4.741363525390625,5.931851863861084,5.97333288192749,5.911110877990723,5.9674072265625,320625
2010-12-30,4.698734283447266,5.878519058227539,5.949629783630371,5.875555992126465,5.917037010192871,397913
2010-12-31,4.677420616149902,5.851851940155029,5.92888879776001,5.848888874053955,5.890369892120361,815738
2011-01-03,4.7318902015686035,5.920000076293945,5.982222080230713,5.866666793823242,5.914073944091797,642263
2011-01-04,4.570846080780029,5.71851921081543,5.931851863861084,5.611852169036865,5.9229631423950195,1430325
2011-01-05,4.6537346839904785,5.8222222328186035,5.8251848220825195,5.682962894439697,5.700740814208984,698288
2011-01-06,4.551898002624512,5.694815158843994,5.828147888183594,5.679999828338623,5.828147888183594,767813
2011-01-07,4.495058059692383,5.623703956604004,5.7155561447143555,5.537777900695801,5.712593078613281,1007438
2011-01-10,4.521111011505127,5.6562957763671875,5.679999828338623,5.537777900695801,5.591111183166504,873788
2011-01-11,4.547162055969238,5.688889026641846,5.7688889503479,5.647407054901123,5.6859259605407715,637200
2011-01-12,4.570846080780029,5.71851921081543,5.745184898376465,5.671111106872559,5.745184898376465,656100
2011-01-13,4.551898002624512,5.694815158843994,5.727406978607178,5.659258842468262,5.727406978607178,456975
2011-01-14,4.530584335327148,5.668148040771484,5.706666946411133,5.602962970733643,5.679999828338623,1622025
2011-01-18,4.580317974090576,5.730370044708252,5.7540740966796875,5.611852169036865,5.66518497467041,1942650
2011-01-19,4.525844573974609,5.662221908569336,5.760000228881836,5.647407054901123,5.712593078613281,922050
2011-01-20,4.516373157501221,5.650370121002197,5.71851921081543,5.611852169036865,5.626667022705078,936225
2011-01-21,4.504531383514404,5.635556221008301,5.706666946411133,5.62074089050293,5.674074172973633,928125
2011-01-24,4.573212146759033,5.721480846405029,5.742221832275391,5.623703956604004,5.629630088806152,774225
2011-01-25,4.570846080780029,5.71851921081543,5.748147964477539,5.662221908569336,5.682962894439697,780975
2011-01-26,4.663208484649658,5.834074020385742,5.899259090423584,5.697778224945068,5.71851921081543,905175
2011-01-27,4.639525413513184,5.804443836212158,5.8548150062561035,5.739258766174316,5.8251848220825195,680738
2011-01-28,4.47611141204834,5.599999904632568,5.848888874053955,5.597036838531494,5.810369968414307,1407713
2011-01-31,4.497426986694336,5.626667022705078,5.66518497467041,5.534814834594727,5.605926036834717,1232888
2011-02-01,4.599264144897461,5.7540740966796875,5.777778148651123,5.650370121002197,5.66518497467041,1006763
2011-02-02,4.596895694732666,5.751111030578613,5.804443836212158,5.7244439125061035,5.760000228881836,637538
2011-02-03,4.587421894073486,5.739258766174316,5.757037162780762,5.662221908569336,5.751111030578613,850838
2011-02-04,4.556634902954102,5.700740814208984,5.730370044708252,5.6562957763671875,5.730370044708252,825188
2011-02-07,4.604001045227051,5.760000228881836,5.7688889503479,5.66518497467041,5.694815158843994,817088
2011-02-08,4.632523059844971,5.774815082550049,5.783703804016113,5.712593078613281,5.733333110809326,830588
2011-02-09,4.608753681182861,5.745184898376465,5.777778148651123,5.7362961769104,5.745184898376465,675338
2011-02-10,4.6111297607421875,5.748147964477539,5.804443836212158,5.688889026641846,5.688889026641846,556200
2011-02-11,4.708583354949951,5.869629859924316,5.884444236755371,5.71851921081543,5.71851921081543,883238
2011-02-14,4.684815406799316,5.840000152587891,5.911110877990723,5.8222222328186035,5.887406826019287,374625
2011-02-15,4.642031192779541,5.7866668701171875,5.851851940155029,5.774815082550049,5.842963218688965,498488
2011-02-16,4.646784782409668,5.792593002319336,5.816296100616455,5.751111030578613,5.807406902313232,481275
2011-02-17,4.665799617767334,5.816296100616455,5.831110954284668,5.760000228881836,5.783703804016113,409050
2011-02-18,4.715714931488037,5.878519058227539,5.8933329582214355,5.798519134521484,5.804443836212158,620663
2011-02-22,4.625391483306885,5.765925884246826,5.875555992126465,5.762962818145752,5.8222222328186035,563288
2011-02-23,4.535069465637207,5.6533331871032715,5.79555606842041,5.602962970733643,5.7688889503479,844763
2011-02-24,4.539825439453125,5.659258842468262,5.677036762237549,5.579258918762207,5.647407054901123,1494450
2011-02-25,4.642031192779541,5.7866668701171875,5.7866668701171875,5.6533331871032715,5.6859259605407715,634500
2011-02-28,4.663419723510742,5.813333034515381,5.860741138458252,5.760000228881836,5.837037086486816,584550
2011-03-01,4.5802321434021,5.709630012512207,5.860741138458252,5.659258842468262,5.840000152587891,970988
2011-03-02,4.625391483306885,5.765925884246826,5.79555606842041,5.679999828338623,5.706666946411133,543038
2011-03-03,4.720468044281006,5.884444236755371,5.905185222625732,5.804443836212158,5.8251848220825195,930150
2011-03-04,4.663419723510742,5.813333034515381,5.881481170654297,5.739258766174316,5.875555992126465,714825
2011-03-07,4.620639801025391,5.760000228881836,5.851851940155029,5.6859259605407715,5.840000152587891,770850
2011-03-08,4.699076175689697,5.857778072357178,5.908147811889648,5.703703880310059,5.745184898376465,631125
2011-03-09,4.701451778411865,5.860741138458252,5.914073944091797,5.816296100616455,5.848888874053955,460350
2011-03-10,4.549333572387695,5.671111106872559,5.792593002319336,5.6533331871032715,5.792593002319336,812700
2011-03-11,4.570723533630371,5.697778224945068,5.742221832275391,5.58814811706543,5.641480922698975,796163
2011-03-14,4.549333572387695,5.671111106872559,5.7244439125061035,5.611852169036865,5.638518810272217,610875
2011-03-15,4.5089263916015625,5.62074089050293,5.674074172973633,5.419259071350098,5.531851768493652,870413
2011-03-16,4.473272323608398,5.576295852661133,5.641480922698975,5.56148099899292,5.602962970733643,1009463
2011-03-17,4.470895290374756,5.573332786560059,5.682962894439697,5.56148099899292,5.629630088806152,748238
2011-03-18,4.5089263916015625,5.62074089050293,5.644443988800049,5.591111183166504,5.605926036834717,1008113
2011-03-21,4.623015880584717,5.762962818145752,5.7866668701171875,5.679999828338623,5.679999828338623,711113
2011-03-22,4.644408702850342,5.789629936218262,5.807406902313232,5.760000228881836,5.760000228881836,630450
2011-03-23,4.67055606842041,5.8222222328186035,5.842963218688965,5.7540740966796875,5.7866668701171875,873788
2011-03-24,4.668176174163818,5.819259166717529,5.851851940155029,5.7866668701171875,5.851851940155029,413775
2011-03-25,4.701451778411865,5.860741138458252,5.931851863861084,5.810369968414307,5.857778072357178,565313
2011-03-28,4.67055606842041,5.8222222328186035,5.8933329582214355,5.810369968414307,5.857778072357178,630113
2011-03-29,4.696697235107422,5.8548150062561035,5.872592926025391,5.7688889503479,5.816296100616455,473175
2011-03-30,4.777513027191162,5.9555559158325195,5.9555559158325195,5.869629859924316,5.878519058227539,567338
2011-03-31,4.825051784515381,6.014814853668213,6.017777919769287,5.899259090423584,5.92888879776001,737775
2011-04-01,4.891602516174316,6.097777843475342,6.136295795440674,6.035555839538574,6.065185070037842,584213
2011-04-04,4.932009696960449,6.148148059844971,6.168889045715332,6.079999923706055,6.115555763244629,470813
2011-04-05,4.951023578643799,6.171852111816406,6.222221851348877,6.100740909576416,6.124444007873535,563288
2011-04-06,4.99143123626709,6.222221851348877,6.260741233825684,6.171852111816406,6.207406997680664,469125
2011-04-07,4.903487682342529,6.112593173980713,6.272593021392822,6.112593173980713,6.210370063781738,740475
2011-04-08,4.82980489730835,6.020740985870361,6.151111125946045,6.0,6.139258861541748,508275
2011-04-11,4.7751359939575195,5.952592849731445,6.050370216369629,5.92888879776001,6.038518905639648,673650
2011-04-12,4.696697235107422,5.8548150062561035,5.979259014129639,5.851851940155029,5.92888879776001,510300
2011-04-13,4.703830718994141,5.863704204559326,5.917037010192871,5.783703804016113,5.887406826019287,639900
2011-04-14,4.7418599128723145,5.911110877990723,5.931851863861084,5.798519134521484,5.798519134521484,629438
2011-04-15,4.77988862991333,5.958518981933594,5.979259014129639,5.819259166717529,5.875555992126465,678375
2011-04-18,4.656292915344238,5.804443836212158,5.887406826019287,5.742221832275391,5.887406826019287,718538
2011-04-19,4.6491618156433105,5.79555606842041,5.848888874053955,5.730370044708252,5.834074020385742,416475
2011-04-20,4.7394819259643555,5.908147811889648,5.952592849731445,5.848888874053955,5.887406826019287,639900
2011-04-21,4.765628814697266,5.940741062164307,5.958518981933594,5.899259090423584,5.952592849731445,524138
2011-04-25,4.768004894256592,5.943704128265381,5.97333288192749,5.8933329582214355,5.940741062164307,751613
2011-04-26,4.9272565841674805,6.142221927642822,6.159999847412109,5.949629783630371,5.9674072265625,1409063
2011-04-27,4.946271896362305,6.165925979614258,6.1748151779174805,5.964444160461426,5.988148212432861,850838
2011-04-28,4.934386253356934,6.151111125946045,6.201480865478516,6.115555763244629,6.201480865478516,506925
2011-04-29,4.984299659729004,6.2133331298828125,6.278519153594971,6.165925979614258,6.168889045715332,810000
2011-05-02,4.903487682342529,6.112593173980713,6.260741233825684,6.112593173980713,6.20444393157959,553500
2011-05-03,4.860702991485596,6.059258937835693,6.148148059844971,5.994073867797852,6.10370397567749,631125
2011-05-04,4.794149875640869,5.9762959480285645,6.091852188110352,5.934814929962158,6.079999923706055,648000
2011-05-05,4.751367568969727,5.9229631423950195,5.997036933898926,5.887406826019287,5.943704128265381,646313
2011-05-06,4.787145137786865,5.946667194366455,6.038518905639648,5.92888879776001,5.982222080230713,471150
2011-05-09,4.8348493576049805,6.005926132202148,6.020740985870361,5.905185222625732,5.925926208496094,455625
2011-05-10,4.9135637283325195,6.10370397567749,6.1066670417785645,6.0325927734375,6.047407150268555,546075
2011-05-11,4.803842067718506,5.9674072265625,6.10370397567749,5.917037010192871,6.07111120223999,830588
2011-05-12,4.9135637283325195,6.10370397567749,6.118518829345703,5.908147811889648,5.946667194366455,627750
2011-05-13,4.86585807800293,6.0444440841674805,6.115555763244629,6.002963066101074,6.112593173980713,778613
2011-05-16,4.763293266296387,5.917037010192871,6.008889198303223,5.911110877990723,6.002963066101074,730013
2011-05-17,4.7060465812683105,5.845925807952881,5.9229631423950195,5.828147888183594,5.869629859924316,1138725
2011-05-18,4.765678405761719,5.920000076293945,5.92888879776001,5.845925807952881,5.869629859924316,874800
2011-05-19,4.803842067718506,5.9674072265625,6.005926132202148,5.917037010192871,5.9762959480285645,779288
2011-05-20,4.753751754760742,5.905185222625732,5.958518981933594,5.866666793823242,5.934814929962158,904500
2011-05-23,4.644033432006836,5.7688889503479,5.8251848220825195,5.7362961769104,5.819259166717529,993600
2011-05-24,4.61302375793457,5.730370044708252,5.798519134521484,5.7244439125061035,5.7688889503479,1041525
2011-05-25,4.66311502456665,5.792593002319336,5.804443836212158,5.694815158843994,5.709630012512207,855225
2011-05-26,4.694121837615967,5.831110954284668,5.837037086486816,5.739258766174316,5.757037162780762,762075
2011-05-27,4.686969757080078,5.8222222328186035,5.881481170654297,5.807406902313232,5.860741138458252,623025
2011-05-31,4.799070835113525,5.961481094360352,5.964444160461426,5.819259166717529,5.890369892120361,3155963
2011-06-01,4.644033432006836,5.7688889503479,5.961481094360352,5.7688889503479,5.952592849731445,1752975
2011-06-02,4.648801803588867,5.774815082550049,5.845925807952881,5.742221832275391,5.777778148651123,815063
2011-06-03,4.582014560699463,5.69185209274292,5.748147964477539,5.6533331871032715,5.6562957763671875,1287900
2011-06-06,4.541467189788818,5.641480922698975,5.712593078613281,5.638518810272217,5.697778224945068,987188
2011-06-07,4.574861526489258,5.682962894439697,5.745184898376465,5.644443988800049,5.6859259605407715,690188
2011-06-08,4.562933444976807,5.668148040771484,5.7155561447143555,5.662221908569336,5.679999828338623,1528875
2011-06-09,4.572475433349609,5.679999828338623,5.709630012512207,5.674074172973633,5.679999828338623,763763
2011-06-10,4.527156829833984,5.623703956604004,5.679999828338623,5.608889102935791,5.641480922698975,1246725
2011-06-13,4.541467189788818,5.641480922698975,5.69185209274292,5.611852169036865,5.644443988800049,1154250
2011-06-14,4.591557025909424,5.703703880310059,5.739258766174316,5.682962894439697,5.700740814208984,822825
2011-06-15,4.520001411437988,5.6148152351379395,5.694815158843994,5.59407377243042,5.647407054901123,998663
2011-06-16,4.548623085021973,5.650370121002197,5.712593078613281,5.591111183166504,5.6148152351379395,1025325
2011-06-17,4.589171886444092,5.700740814208984,5.774815082550049,5.674074172973633,5.682962894439697,2144475
2011-06-20,4.66311502456665,5.792593002319336,5.813333034515381,5.668148040771484,5.668148040771484,1016888
2011-06-21,4.772834777832031,5.92888879776001,5.940741062164307,5.807406902313232,5.840000152587891,1602788
2011-06-22,4.708432674407959,5.848888874053955,5.92888879776001,5.845925807952881,5.89629602432251,737775
2011-06-23,4.694121837615967,5.831110954284668,5.845925807952881,5.703703880310059,5.774815082550049,821813
2011-06-24,4.698892116546631,5.837037086486816,5.869629859924316,5.777778148651123,5.837037086486816,1531575
2011-06-27,4.741825103759766,5.890369892120361,5.92888879776001,5.816296100616455,5.842963218688965,627413
2011-06-28,4.820539474487305,5.988148212432861,5.997036933898926,5.890369892120361,5.899259090423584,472163
2011-06-29,4.837235927581787,6.008889198303223,6.02666711807251,5.949629783630371,6.0,715500
2011-06-30,4.861087322235107,6.038518905639648,6.094814777374268,6.002963066101074,6.002963066101074,787725
2011-07-01,4.9397993087768555,6.136295795440674,6.1451849937438965,6.038518905639648,6.053332805633545,883238
2011-07-05,4.9684224128723145,6.171852111816406,6.192593097686768,6.121480941772461,6.1451849937438965,508613
2011-07-06,5.039978981018066,6.260741233825684,6.266666889190674,6.139258861541748,6.162962913513184,1056038
2011-07-07,5.101995944976807,6.337778091430664,6.400000095367432,6.269629955291748,6.30814790725708,805613
2011-07-08,5.0733723640441895,6.302221775054932,6.320000171661377,6.248888969421387,6.248888969421387,603788
2011-07-11,5.0018157958984375,6.2133331298828125,6.28148078918457,6.171852111816406,6.222221851348877,619313
2011-07-12,5.013742446899414,6.228147983551025,6.2844438552856445,6.162962913513184,6.180740833282471,921375
2011-07-13,4.997045516967773,6.207406997680664,6.302221775054932,6.192593097686768,6.254815101623535,920025
2011-07-14,4.920718669891357,6.112593173980713,6.293333053588867,6.097777843475342,6.219258785247803,733388
2011-07-15,4.956497669219971,6.157036781311035,6.159999847412109,6.10370397567749,6.121480941772461,567000
2011-07-18,4.858703136444092,6.035555839538574,6.136295795440674,5.997036933898926,6.133333206176758,679725
2011-07-19,4.9684224128723145,6.171852111816406,6.171852111816406,6.065185070037842,6.097777843475342,681413
2011-07-20,4.954110145568848,6.154074192047119,6.186666965484619,6.059258937835693,6.186666965484619,623700
2011-07-21,5.049520969390869,6.272593021392822,6.328888893127441,6.168889045715332,6.192593097686768,768488
2011-07-22,4.966038703918457,6.168889045715332,6.242962837219238,6.165925979614258,6.242962837219238,532913
2011-07-25,4.904022216796875,6.091852188110352,6.1777777671813965,6.082962989807129,6.115555763244629,624375
2011-07-26,4.801455974578857,5.964444160461426,6.097777843475342,5.9555559158325195,6.097777843475342,741488
2011-07-27,4.593942165374756,5.706666946411133,5.905185222625732,5.635556221008301,5.6562957763671875,1260900
2011-07-28,4.531928062438965,5.629630088806152,5.774815082550049,5.62074089050293,5.721480846405029,866700
2011-07-29,4.553391933441162,5.6562957763671875,5.712593078613281,5.528889179229736,5.573332786560059,1163363
2011-08-01,4.49614953994751,5.5851850509643555,5.730370044708252,5.56148099899292,5.721480846405029,1327725
2011-08-02,4.4317474365234375,5.505185127258301,5.629630088806152,5.493332862854004,5.555555820465088,1297688
2011-08-03,4.481837749481201,5.567407131195068,5.605926036834717,5.3955559730529785,5.505185127258301,1099575
2011-08-04,4.384042739868164,5.445926189422607,5.576295852661133,5.445926189422607,5.478518962860107,2047275
2011-08-05,4.360189437866211,5.416296005249023,5.6562957763671875,5.38370418548584,5.505185127258301,2210625
2011-08-08,4.003424644470215,4.954073905944824,5.3955559730529785,4.95111083984375,5.244443893432617,2041538
2011-08-09,4.321880340576172,5.348147869110107,5.354074001312256,4.891851902008057,5.108148097991943,2238975
2011-08-10,4.060891628265381,5.0251851081848145,5.277037143707275,4.995555877685547,5.2266669273376465,1705388
2011-08-11,4.300332546234131,5.321481227874756,5.398519039154053,5.007407188415527,5.04888916015625,1330088
2011-08-12,4.319484233856201,5.345184803009033,5.431110858917236,5.235556125640869,5.368888854980469,978750
2011-08-15,4.400895118713379,5.445926189422607,5.448888778686523,5.339259147644043,5.398519039154053,523463
2011-08-16,4.341035842895508,5.371851921081543,5.422222137451172,5.291851997375488,5.354074001312256,726300
2011-08-17,4.362584114074707,5.398519039154053,5.451851844787598,5.315556049346924,5.386666774749756,666900
2011-08-18,4.115962505340576,5.093332767486572,5.271111011505127,5.051852226257324,5.1940741539001465,1256175
2011-08-19,4.07286262512207,5.039999961853027,5.188148021697998,4.986667156219482,5.02222204208374,1061438
2011-08-22,4.127934455871582,5.108148097991943,5.176296234130859,5.05481481552124,5.161480903625488,1373625
2011-08-23,4.403289794921875,5.448888778686523,5.448888778686523,5.105185031890869,5.149630069732666,1563300
2011-08-24,4.570896625518799,5.6562957763671875,5.677036762237549,5.416296005249023,5.445926189422607,1410075
2011-08-25,4.439204216003418,5.493332862854004,5.7362961769104,5.442963123321533,5.694815158843994,930488
2011-08-26,4.566107273101807,5.650370121002197,5.671111106872559,5.3659257888793945,5.454814910888672,1065825
2011-08-29,4.949210166931152,6.124444007873535,6.168889045715332,5.7362961769104,5.745184898376465,2110050
2011-08-30,5.001887798309326,6.189630031585693,6.272593021392822,6.07111120223999,6.109630107879639,1666238
2011-08-31,5.00667667388916,6.195556163787842,6.317037105560303,6.133333206176758,6.20444393157959,1342238
2011-09-01,4.891745567321777,6.053332805633545,6.337778091430664,6.0325927734375,6.2311110496521,1289250
2011-09-02,4.724137783050537,5.845925807952881,6.0444440841674805,5.8251848220825195,5.902222156524658,1318275
2011-09-06,4.681040287017822,5.792593002319336,5.857778072357178,5.608889102935791,5.608889102935791,1795163
2011-09-07,4.87738037109375,6.035555839538574,6.0444440841674805,5.866666793823242,5.8933329582214355,950738
2011-09-08,4.829490661621094,5.9762959480285645,6.109630107879639,5.949629783630371,5.979259014129639,1010813
2011-09-09,4.666672229766846,5.774815082550049,5.943704128265381,5.7362961769104,5.905185222625732,1215000
2011-09-12,4.676250457763672,5.7866668701171875,5.819259166717529,5.647407054901123,5.677036762237549,822150
2011-09-13,4.764842510223389,5.89629602432251,5.9229631423950195,5.780741214752197,5.828147888183594,709763
2011-09-14,4.831882953643799,5.979259014129639,6.065185070037842,5.804443836212158,5.9555559158325195,903825
2011-09-15,4.836675643920898,5.985185146331787,6.041481018066406,5.914073944091797,6.041481018066406,793463
2011-09-16,4.831882953643799,5.979259014129639,6.065185070037842,5.946667194366455,6.02666711807251,1525163
2011-09-19,4.750477313995361,5.878519058227539,5.920000076293945,5.792593002319336,5.8251848220825195,776588
2011-09-20,4.676250457763672,5.7866668701171875,5.988148212432861,5.780741214752197,5.890369892120361,988538
2011-09-21,4.511038303375244,5.582221984863281,5.837037086486816,5.570370197296143,5.792593002319336,967950
2011-09-22,4.405684471130371,5.451851844787598,5.564444065093994,5.3629631996154785,5.398519039154053,1253475
2011-09-23,4.436811447143555,5.49036979675293,5.534814834594727,5.416296005249023,5.425185203552246,1701675
2011-09-26,4.599627494812012,5.69185209274292,5.706666946411133,5.451851844787598,5.546667098999023,717188
2011-09-27,4.709770679473877,5.828147888183594,5.940741062164307,5.771852016448975,5.831110954284668,1028363
2011-09-28,4.463150978088379,5.522963047027588,5.851851940155029,5.519999980926514,5.813333034515381,1092150
2011-09-29,4.566107273101807,5.650370121002197,5.682962894439697,5.469629764556885,5.635556221008301,840038
2011-09-30,4.479910850524902,5.543704032897949,5.69185209274292,5.531851768493652,5.56148099899292,949725
2011-10-03,4.190187931060791,5.185184955596924,5.712593078613281,5.185184955596924,5.499258995056152,1767825
2011-10-04,4.47512149810791,5.537777900695801,5.549630165100098,5.1259260177612305,5.131852149963379,2475225
2011-10-05,4.5876569747924805,5.677036762237549,5.703703880310059,5.49036979675293,5.56148099899292,859950
2011-10-06,4.625968933105469,5.7244439125061035,5.730370044708252,5.599999904632568,5.647407054901123,1095188
2011-10-07,4.549350261688232,5.629630088806152,5.7688889503479,5.549630165100098,5.745184898376465,1057050
2011-10-10,4.7337164878845215,5.857778072357178,5.857778072357178,5.694815158843994,5.7362961769104,1056038
2011-10-11,4.750477313995361,5.878519058227539,5.911110877990723,5.798519134521484,5.813333034515381,849488
2011-10-12,4.858226299285889,6.011851787567139,6.059258937835693,5.902222156524658,5.917037010192871,1082363
2011-10-13,4.815124034881592,5.958518981933594,5.994073867797852,5.857778072357178,5.961481094360352,643950
2011-10-14,4.932451248168945,6.10370397567749,6.1066670417785645,5.970369815826416,6.029630184173584,585225
2011-10-17,4.819912910461426,5.964444160461426,6.059258937835693,5.946667194366455,6.059258937835693,1080675
2011-10-18,4.925268173217773,6.094814777374268,6.121480941772461,5.863704204559326,5.991110801696777,976388
2011-10-19,4.867804527282715,6.0237040519714355,6.2133331298828125,5.970369815826416,6.082962989807129,1081688
2011-10-20,4.858226299285889,6.011851787567139,6.038518905639648,5.8933329582214355,6.017777919769287,628763
2011-10-21,4.980339527130127,6.162962913513184,6.234074115753174,6.065185070037842,6.127407073974609,847800
2011-10-24,5.078508377075195,6.2844438552856445,6.340741157531738,6.130370140075684,6.162962913513184,897750
2011-10-25,4.9109015464782715,6.0770368576049805,6.272593021392822,6.050370216369629,6.251852035522461,970650
2011-10-26,5.157525062561035,6.3822221755981445,6.441481113433838,6.100740909576416,6.183703899383545,1252463
2011-10-27,5.607668876647949,6.939259052276611,7.034073829650879,6.551111221313477,6.722962856292725,1754663
2011-10-28,5.368230819702148,6.64296293258667,6.939259052276611,6.6340742111206055,6.936295986175537,1326375
2011-10-31,5.214990615844727,6.453332901000977,6.675556182861328,6.444444179534912,6.542222023010254,1584900
2011-11-01,4.970761299133301,6.151111125946045,6.394073963165283,6.139258861541748,6.331851959228516,1454625
2011-11-02,5.133579730987549,6.352592945098877,6.376296043395996,6.216296195983887,6.2755560874938965,1196775
2011-11-03,5.356257915496826,6.628148078918457,6.654815196990967,6.305184841156006,6.441481113433838,1176863
2011-11-04,5.246115207672119,6.491851806640625,6.6044440269470215,6.4148149490356445,6.6044440269470215,691538
2011-11-07,5.246115207672119,6.491851806640625,6.557036876678467,6.2755560874938965,6.503704071044922,736425
2011-11-08,5.35660982131958,6.607407093048096,6.622221946716309,6.33481502532959,6.503704071044922,786375
2011-11-09,5.051548957824707,6.2311110496521,6.441481113433838,6.219258785247803,6.420741081237793,956475
2011-11-10,5.101991653442383,6.293333053588867,6.355556011199951,6.20444393157959,6.355556011199951,827888
2011-11-11,5.188467025756836,6.400000095367432,6.41185188293457,6.30814790725708,6.340741157531738,991575
2011-11-14,5.06596040725708,6.248888969421387,6.361481189727783,6.198519229888916,6.355556011199951,932175
2011-11-15,5.154839038848877,6.358519077301025,6.394073963165283,6.157036781311035,6.195556163787842,859613
2011-11-16,5.0563554763793945,6.237037181854248,6.4148149490356445,6.225184917449951,6.269629955291748,669600
2011-11-17,5.037136554718018,6.2133331298828125,6.340741157531738,6.159999847412109,6.251852035522461,805613
2011-11-18,5.0563554763793945,6.237037181854248,6.278519153594971,6.180740833282471,6.222221851348877,506250
2011-11-21,4.876199245452881,6.014814853668213,6.133333206176758,5.943704128265381,6.133333206176758,980438
2011-11-22,4.837764739990234,5.9674072265625,6.053332805633545,5.931851863861084,5.991110801696777,1064138
2011-11-23,4.724865913391113,5.828147888183594,5.934814929962158,5.79555606842041,5.911110877990723,1005413
2011-11-25,4.674423694610596,5.765925884246826,5.905185222625732,5.765925884246826,5.801480770111084,572400
2011-11-28,4.950662136077881,6.1066670417785645,6.124444007873535,5.970369815826416,5.9762959480285645,842400
2011-11-29,4.936249256134033,6.088889122009277,6.162962913513184,6.029630184173584,6.133333206176758,736088
2011-11-30,5.3325910568237305,6.577777862548828,6.592593193054199,6.219258785247803,6.592593193054199,2205900
2011-12-01,5.265334129333496,6.494814872741699,6.64296293258667,6.494814872741699,6.571852207183838,1307813
2011-12-02,5.310972213745117,6.551111221313477,6.651852130889893,6.50963020324707,6.5659260749816895,748238
2011-12-05,5.344601154327393,6.592593193054199,6.690370082855225,6.545185089111328,6.660740852355957,792450
2011-12-06,5.3325910568237305,6.577777862548828,6.6666669845581055,6.542222023010254,6.595555782318115,860963
2011-12-07,5.234106063842773,6.456295967102051,6.5362958908081055,6.376296043395996,6.5362958908081055,1262250
2011-12-08,5.08277702331543,6.269629955291748,6.426667213439941,6.254815101623535,6.400000095367432,892688
2011-12-09,5.234106063842773,6.456295967102051,6.551111221313477,6.290369987487793,6.296296119689941,1266975
2011-12-12,5.267735481262207,6.497777938842773,6.497777938842773,6.349629878997803,6.364443778991699,1031738
2011-12-13,5.176457405090332,6.3851847648620605,6.628148078918457,6.355556011199951,6.562963008880615,1004738
2011-12-14,5.1644463539123535,6.370369911193848,6.3851847648620605,6.287406921386719,6.325925827026367,979763
2011-12-15,5.24371337890625,6.468148231506348,6.497777938842773,6.40592622756958,6.474073886871338,917325
2011-12-16,5.159641265869141,6.364443778991699,6.631111145019531,6.3466668128967285,6.527407169342041,2623725
2011-12-19,5.099591255187988,6.290369987487793,6.533332824707031,6.2755560874938965,6.4148149490356445,1008113
2011-12-20,5.308571815490723,6.548148155212402,6.61629581451416,6.420741081237793,6.423704147338867,1029038
2011-12-21,5.359013080596924,6.61037015914917,6.6340742111206055,6.453332901000977,6.5155558586120605,710775
2011-12-22,5.347002983093262,6.595555782318115,6.663703918457031,6.5362958908081055,6.631111145019531,614588
2011-12-23,5.361415386199951,6.613333225250244,6.651852130889893,6.559999942779541,6.61037015914917,383063
2011-12-27,5.38543701171875,6.64296293258667,6.663703918457031,6.527407169342041,6.571852207183838,480600
2011-12-28,5.262930870056152,6.491851806640625,6.628148078918457,6.485926151275635,6.628148078918457,552825
2011-12-29,5.387838363647461,6.645925998687744,6.663703918457031,6.5155558586120605,6.527407169342041,536963
2011-12-30,5.337395191192627,6.583703994750977,6.6666669845581055,6.580740928649902,6.625185012817383,564975
2012-01-03,5.35660982131958,6.607407093048096,6.764443874359131,6.5659260749816895,6.71407413482666,1264950
2012-01-04,5.306168556213379,6.545185089111328,6.6044440269470215,6.494814872741699,6.551111221313477,768150
2012-01-05,5.298961162567139,6.5362958908081055,6.574814796447754,6.402963161468506,6.503704071044922,583875
2012-01-06,5.272539138793945,6.503704071044922,6.554073810577393,6.432592868804932,6.521481037139893,791100
2012-01-09,5.24371337890625,6.468148231506348,6.530370235443115,6.43851900100708,6.530370235443115,770175
2012-01-10,5.284550189971924,6.518518924713135,6.551111221313477,6.491851806640625,6.551111221313477,727313
2012-01-11,5.279746055603027,6.512592792510986,6.53925895690918,6.471110820770264,6.485926151275635,618300
2012-01-12,5.289351940155029,6.524444103240967,6.530370235443115,6.447406768798828,6.512592792510986,662850
2012-01-13,5.282148361206055,6.5155558586120605,6.5362958908081055,6.417778015136719,6.43851900100708,607163
2012-01-17,5.31337308883667,6.554073810577393,6.645925998687744,6.551111221313477,6.580740928649902,694575
2012-01-18,5.351806640625,6.601480960845947,6.601480960845947,6.521481037139893,6.5362958908081055,532575
2012-01-19,5.3806304931640625,6.6370368003845215,6.696296215057373,6.580740928649902,6.6044440269470215,590963
2012-01-20,5.42867374420166,6.696296215057373,6.749629974365234,6.619258880615234,6.619258880615234,496125
2012-01-23,5.390240669250488,6.648889064788818,6.7051849365234375,6.518518924713135,6.675556182861328,611213
2012-01-24,5.46230411529541,6.737778186798096,6.761480808258057,6.559999942779541,6.6044440269470215,612225
2012-01-25,5.479115962982178,6.758519172668457,6.826666831970215,6.684443950653076,6.764443874359131,854888
2012-01-26,5.222094535827637,6.441481113433838,6.779259204864502,6.37925910949707,6.779259204864502,1203863
2012-01-27,5.226899147033691,6.447406768798828,6.4829630851745605,6.355556011199951,6.397037029266357,936225
2012-01-30,5.154839038848877,6.358519077301025,6.40592622756958,6.331851959228516,6.373332977294922,619650
2012-01-31,5.13802433013916,6.337778091430664,6.420741081237793,6.293333053588867,6.3851847648620605,845438
2012-02-01,5.229302406311035,6.450369834899902,6.4829630851745605,6.3437042236328125,6.3822221755981445,1455300
2012-02-02,5.16684627532959,6.373332977294922,6.480000019073486,6.364443778991699,6.480000019073486,717863
2012-02-03,5.320581912994385,6.562963008880615,6.651852130889893,6.465185165405273,6.50963020324707,887288
2012-02-06,5.236506938934326,6.459259033203125,6.5659260749816895,6.435555934906006,6.512592792510986,507938
2012-02-07,5.188467025756836,6.400000095367432,6.474073886871338,6.3851847648620605,6.453332901000977,552150
2012-02-08,5.149891376495361,6.328888893127441,6.432592868804932,6.287406921386719,6.417778015136719,569025
2012-02-09,5.135424613952637,6.311110973358154,6.355556011199951,6.2637038230896,6.3437042236328125,555525
2012-02-10,5.026930809020996,6.1777777671813965,6.2755560874938965,6.159999847412109,6.237037181854248,619650
2012-02-13,5.149891376495361,6.328888893127441,6.328888893127441,6.216296195983887,6.257778167724609,627075
2012-02-14,5.072739124298096,6.234074115753174,6.302221775054932,6.168889045715332,6.290369987487793,393863
2012-02-15,4.993176460266113,6.136295795440674,6.2844438552856445,6.1066670417785645,6.2637038230896,789413
2012-02-16,5.034163951873779,6.186666965484619,6.30814790725708,6.151111125946045,6.154074192047119,1026000
2012-02-17,4.990767002105713,6.133333206176758,6.2844438552856445,6.112593173980713,6.222221851348877,872438
2012-02-21,4.882269382476807,6.0,6.192593097686768,5.9674072265625,6.157036781311035,1526850
2012-02-22,4.957011699676514,6.091852188110352,6.121480941772461,6.0,6.038518905639648,1205888
2012-02-23,5.089615821838379,6.254815101623535,6.254815101623535,6.091852188110352,6.1066670417785645,796500
2012-02-24,5.055861949920654,6.2133331298828125,6.269629955291748,6.139258861541748,6.248888969421387,409725
2012-02-27,5.014875411987305,6.162962913513184,6.20444393157959,6.085926055908203,6.142221927642822,439088
2012-02-28,4.949779033660889,6.082962989807129,6.157036781311035,6.050370216369629,6.157036781311035,582525
2012-02-29,4.884681701660156,6.002963066101074,6.148148059844971,6.002963066101074,6.1066670417785645,1525500
2012-03-01,4.846105098724365,5.9555559158325195,6.056295871734619,5.946667194366455,6.02666711807251,1530225
2012-03-02,4.691802024841309,5.765925884246826,5.943704128265381,5.745184898376465,5.940741062164307,1697963
2012-03-05,4.802708148956299,5.902222156524658,5.908147811889648,5.71851921081543,5.762962818145752,866363
2012-03-06,4.85815954208374,5.970369815826416,6.053332805633545,5.810369968414307,5.810369968414307,2027700
2012-03-07,4.875036716461182,5.991110801696777,6.02666711807251,5.920000076293945,5.979259014129639,890325
2012-03-08,4.957011699676514,6.091852188110352,6.115555763244629,5.982222080230713,6.053332805633545,1099913
2012-03-09,5.055861949920654,6.2133331298828125,6.266666889190674,6.056295871734619,6.079999923706055,1220400
2012-03-12,5.067917823791504,6.228147983551025,6.239999771118164,6.148148059844971,6.222221851348877,1021613
2012-03-13,5.140244960784912,6.317037105560303,6.317037105560303,6.207406997680664,6.269629955291748,893700
2012-03-14,5.0221076011657715,6.171852111816406,6.293333053588867,6.159999847412109,6.293333053588867,913613
2012-03-15,5.075151443481445,6.237037181854248,6.248888969421387,6.148148059844971,6.165925979614258,666225
2012-03-16,5.043808460235596,6.198519229888916,6.311110973358154,6.189630031585693,6.248888969421387,1321313
2012-03-19,5.067917823791504,6.228147983551025,6.278519153594971,6.1451849937438965,6.1451849937438965,638888
2012-03-20,5.0221076011657715,6.171852111816406,6.2311110496521,6.162962913513184,6.171852111816406,517050
2012-03-21,5.031752109527588,6.183703899383545,6.225184917449951,6.151111125946045,6.20444393157959,700988
2012-03-22,4.983530521392822,6.124444007873535,6.183703899383545,6.038518905639648,6.1066670417785645,662850
2012-03-23,5.0486297607421875,6.20444393157959,6.20444393157959,6.056295871734619,6.127407073974609,628763
2012-03-26,5.152302265167236,6.331851959228516,6.331851959228516,6.2311110496521,6.272593021392822,847125
2012-03-27,5.111313343048096,6.28148078918457,6.340741157531738,6.251852035522461,6.317037105560303,604463
2012-03-28,5.099259853363037,6.266666889190674,6.320000171661377,6.207406997680664,6.272593021392822,703013
2012-03-29,5.111313343048096,6.28148078918457,6.299259185791016,6.162962913513184,6.248888969421387,621338
2012-03-30,5.1306023597717285,6.305184841156006,6.352592945098877,6.237037181854248,6.340741157531738,945675
2012-04-02,5.094437122344971,6.260741233825684,6.305184841156006,6.237037181854248,6.296296119689941,1132650
2012-04-03,5.055861949920654,6.2133331298828125,6.296296119689941,6.1748151779174805,6.237037181854248,958500
2012-04-04,4.97629976272583,6.115555763244629,6.1777777671813965,6.050370216369629,6.139258861541748,795488
2012-04-05,4.990767002105713,6.133333206176758,6.171852111816406,6.091852188110352,6.10370397567749,595688
2012-04-09,4.882269382476807,6.0,6.062222003936768,5.979259014129639,6.0237040519714355,869400
2012-04-10,4.884681701660156,6.002963066101074,6.0237040519714355,5.934814929962158,5.991110801696777,1473863
2012-04-11,4.981120586395264,6.121480941772461,6.121480941772461,6.0237040519714355,6.068148136138916,949050
2012-04-12,5.005230903625488,6.151111125946045,6.1748151779174805,6.0770368576049805,6.115555763244629,858263
2012-04-13,4.930489540100098,6.059258937835693,6.124444007873535,6.038518905639648,6.115555763244629,772538
2012-04-16,5.005230903625488,6.151111125946045,6.168889045715332,6.005926132202148,6.085926055908203,716175
2012-04-17,4.990767002105713,6.133333206176758,6.248888969421387,6.097777843475342,6.157036781311035,1292963
2012-04-18,5.002820014953613,6.148148059844971,6.159999847412109,6.074073791503906,6.085926055908203,885600
2012-04-19,4.940133094787598,6.07111120223999,6.186666965484619,5.991110801696777,6.154074192047119,907538
2012-04-20,5.0221076011657715,6.171852111816406,6.216296195983887,6.085926055908203,6.142221927642822,1005413
2012-04-23,4.879859924316406,5.997036933898926,6.094814777374268,5.958518981933594,6.094814777374268,914625
2012-04-24,5.029339790344238,6.180740833282471,6.192593097686768,5.970369815826416,6.011851787567139,989550
2012-04-25,5.1209588050842285,6.293333053588867,6.394073963165283,6.239999771118164,6.287406921386719,946350
2012-04-26,5.152302265167236,6.331851959228516,6.397037029266357,6.305184841156006,6.30814790725708,852525
2012-04-27,5.195700645446777,6.3851847648620605,6.40592622756958,6.311110973358154,6.349629878997803,1767488
2012-04-30,5.123370170593262,6.296296119689941,6.364443778991699,6.28148078918457,6.364443778991699,894375
2012-05-01,5.113725185394287,6.2844438552856445,6.453332901000977,6.2755560874938965,6.302221775054932,1459350
2012-05-02,5.176411151885986,6.361481189727783,6.37925910949707,6.2311110496521,6.239999771118164,1030388
2012-05-03,5.123370170593262,6.296296119689941,6.376296043395996,6.2459259033203125,6.376296043395996,1539338
2012-05-04,5.082382678985596,6.2459259033203125,6.287406921386719,6.210370063781738,6.251852035522461,1318950
2012-05-07,5.089615821838379,6.254815101623535,6.305184841156006,6.210370063781738,6.210370063781738,934875
2012-05-08,5.1694817543029785,6.328888893127441,6.358519077301025,6.151111125946045,6.171852111816406,1048613
2012-05-09,5.147699356079102,6.302221775054932,6.320000171661377,6.225184917449951,6.242962837219238,1140413
2012-05-10,5.152539253234863,6.30814790725708,6.3437042236328125,6.242962837219238,6.3437042236328125,539663
2012-05-11,5.1380205154418945,6.290369987487793,6.352592945098877,6.219258785247803,6.248888969421387,948375
2012-05-14,5.077513694763184,6.216296195983887,6.272593021392822,6.201480865478516,6.216296195983887,1105988
2012-05-15,5.135599136352539,6.287406921386719,6.305184841156006,6.183703899383545,6.195556163787842,1022625
2012-05-16,5.162220478057861,6.320000171661377,6.373332977294922,6.293333053588867,6.317037105560303,935213
2012-05-17,5.111398696899414,6.257778167724609,6.373332977294922,6.254815101623535,6.328888893127441,1669275
2012-05-18,5.036373138427734,6.165925979614258,6.299259185791016,6.1451849937438965,6.251852035522461,1615950
2012-05-21,5.099297046661377,6.242962837219238,6.296296119689941,6.130370140075684,6.162962913513184,1227488
2012-05-22,5.099297046661377,6.242962837219238,6.320000171661377,6.219258785247803,6.239999771118164,988875
2012-05-23,5.159801483154297,6.317037105560303,6.340741157531738,6.162962913513184,6.189630031585693,1005750
2012-05-24,5.191264629364014,6.355556011199951,6.370369911193848,6.219258785247803,6.322963237762451,958163
2012-05-25,5.125919342041016,6.2755560874938965,6.391110897064209,6.222221851348877,6.349629878997803,695588
2012-05-29,5.188844203948975,6.352592945098877,6.397037029266357,6.269629955291748,6.33481502532959,767475
2012-05-30,5.116237640380859,6.2637038230896,6.311110973358154,6.234074115753174,6.290369987487793,791438
2012-05-31,5.140440464019775,6.293333053588867,6.358519077301025,6.195556163787842,6.254815101623535,1715850
2012-06-01,5.009751319885254,6.133333206176758,6.239999771118164,6.115555763244629,6.1777777671813965,1263938
2012-06-04,5.070255279541016,6.207406997680664,6.254815101623535,6.136295795440674,6.171852111816406,988875
2012-06-05,5.1041364669799805,6.248888969421387,6.248888969421387,6.157036781311035,6.171852111816406,1038488
2012-06-06,5.205783367156982,6.373332977294922,6.376296043395996,6.257778167724609,6.257778167724609,800888
2012-06-07,5.111398696899414,6.257778167724609,6.465185165405273,6.257778167724609,6.441481113433838,1387125
2012-06-08,5.1694817543029785,6.328888893127441,6.388147830963135,6.219258785247803,6.219258785247803,1376663
2012-06-11,5.152539253234863,6.30814790725708,6.394073963165283,6.2844438552856445,6.394073963165283,2095200
2012-06-12,5.2178850173950195,6.388147830963135,6.397037029266357,6.257778167724609,6.340741157531738,1043888
2012-06-13,5.18400239944458,6.3466668128967285,6.447406768798828,6.322963237762451,6.391110897064209,1154588
2012-06-14,5.251769065856934,6.429629802703857,6.480000019073486,6.355556011199951,6.367406845092773,1036125
2012-06-15,5.268708229064941,6.450369834899902,6.521481037139893,6.417778015136719,6.432592868804932,1549125
2012-06-18,5.314693927764893,6.506667137145996,6.530370235443115,6.376296043395996,6.397037029266357,1210275
2012-06-19,5.3800368309021,6.586667060852051,6.622221946716309,6.503704071044922,6.518518924713135,1798200
2012-06-20,5.307432174682617,6.497777938842773,6.607407093048096,6.4829630851745605,6.595555782318115,715163
2012-06-21,5.121078014373779,6.269629955291748,6.5155558586120605,6.257778167724609,6.506667137145996,1504238
2012-06-22,5.154959678649902,6.311110973358154,6.397037029266357,6.257778167724609,6.311110973358154,18153450
2012-06-25,5.15012264251709,6.305184841156006,6.320000171661377,6.225184917449951,6.239999771118164,1167075
2012-06-26,5.1452789306640625,6.299259185791016,6.33481502532959,6.2459259033203125,6.311110973358154,922388
2012-06-27,5.234825134277344,6.408888816833496,6.417778015136719,6.3140740394592285,6.325925827026367,675338
2012-06-28,5.283229827880859,6.468148231506348,6.468148231506348,6.3140740394592285,6.3466668128967285,1176525
2012-06-29,5.413918495178223,6.628148078918457,6.660740852355957,6.491851806640625,6.592593193054199,1170788
2012-07-02,5.4308600425720215,6.648889064788818,6.651852130889893,6.5659260749816895,6.6044440269470215,692888
2012-07-03,5.467163562774658,6.693333148956299,6.708148002624512,6.6044440269470215,6.628148078918457,700313
2012-07-05,5.452642917633057,6.675556182861328,6.71999979019165,6.654815196990967,6.654815196990967,639225
2012-07-06,5.435699462890625,6.654815196990967,6.657777786254883,6.542222023010254,6.613333225250244,559238
2012-07-09,5.4792633056640625,6.708148002624512,6.708148002624512,6.592593193054199,6.6340742111206055,1033425
2012-07-10,5.411498546600342,6.625185012817383,6.776296138763428,6.589630126953125,6.740740776062012,429975
2012-07-11,5.4332804679870605,6.651852130889893,6.6666669845581055,6.601480960845947,6.619258880615234,525150
2012-07-12,5.462322235107422,6.68740701675415,6.71407413482666,6.574814796447754,6.61629581451416,700650
2012-07-13,5.561549186706543,6.808888912200928,6.814815044403076,6.690370082855225,6.7051849365234375,797850
2012-07-16,5.544607639312744,6.788147926330566,6.853332996368408,6.752593040466309,6.776296138763428,745538
2012-07-17,5.578492641448975,6.829629898071289,6.880000114440918,6.770370006561279,6.8355560302734375,527175
2012-07-18,5.658355712890625,6.9274067878723145,6.95111083984375,6.797037124633789,6.820741176605225,417488
2012-07-19,5.622054100036621,6.882963180541992,6.954073905944824,6.871110916137695,6.94518518447876,672300
2012-07-20,5.566390037536621,6.814815044403076,6.880000114440918,6.782221794128418,6.8414812088012695,546413
2012-07-23,5.5518670082092285,6.797037124633789,6.81777811050415,6.645925998687744,6.71999979019165,407025
2012-07-24,5.484103679656982,6.71407413482666,6.826666831970215,6.6666669845581055,6.826666831970215,542025
2012-07-25,5.626894474029541,6.888888835906982,6.924444198608398,6.761480808258057,6.761480808258057,758700
2012-07-26,5.694658279418945,6.971851825714111,7.0577778816223145,6.924444198608398,6.962963104248047,636525
2012-07-27,5.750322341918945,7.039999961853027,7.093332767486572,6.924444198608398,7.001481056213379,677363
2012-07-30,5.728539943695068,7.013332843780518,7.105185031890869,6.995555877685547,7.037036895751953,496125
2012-07-31,5.706758499145508,6.986667156219482,7.060740947723389,6.97777795791626,7.001481056213379,748238
2012-08-01,5.658355712890625,6.9274067878723145,7.037036895751953,6.924444198608398,7.02222204208374,395550
2012-08-02,5.687397480010986,6.962963104248047,6.965926170349121,6.859259128570557,6.888888835906982,636863
2012-08-03,5.78178596496582,7.078518867492676,7.161480903625488,7.013332843780518,7.066667079925537,544388
2012-08-06,5.772104263305664,7.066667079925537,7.114074230194092,7.028148174285889,7.105185031890869,572063
2012-08-07,5.7914628982543945,7.090370178222656,7.108148097991943,7.028148174285889,7.102221965789795,442125
2012-08-08,5.745327472686768,7.010369777679443,7.069630146026611,7.001481056213379,7.045926094055176,587250
2012-08-09,5.738042831420898,7.001481056213379,7.028148174285889,6.936295986175537,6.998518943786621,285525
2012-08-10,5.776896953582764,7.04888916015625,7.0725932121276855,6.939259052276611,7.031110763549805,433013
2012-08-13,5.74775505065918,7.013332843780518,7.034073829650879,6.939259052276611,7.019258975982666,383738
2012-08-14,5.752613067626953,7.019258975982666,7.063704013824463,6.97777795791626,7.0577778816223145,387113
2012-08-15,5.752613067626953,7.019258975982666,7.034073829650879,6.954073905944824,6.980741024017334,503888
2012-08-16,5.757469177246094,7.0251851081848145,7.051852226257324,6.9748148918151855,7.019258975982666,572738
2012-08-17,5.818175315856934,7.099258899688721,7.111111164093018,7.001481056213379,7.039999961853027,581175
2012-08-20,5.776896953582764,7.04888916015625,7.0962958335876465,7.010369777679443,7.060740947723389,453938
2012-08-21,5.733185768127441,6.995555877685547,7.090370178222656,6.962963104248047,7.051852226257324,629775
2012-08-22,5.684619426727295,6.936295986175537,7.02222204208374,6.900741100311279,7.004444122314453,461363
2012-08-23,5.684619426727295,6.936295986175537,6.948147773742676,6.868147850036621,6.933332920074463,497475
2012-08-24,5.682192325592041,6.933332920074463,6.965926170349121,6.897778034210205,6.897778034210205,456300
2012-08-27,5.66033935546875,6.906667232513428,6.95111083984375,6.882963180541992,6.95111083984375,451238
2012-08-28,5.696761608123779,6.95111083984375,6.971851825714111,6.888888835906982,6.894814968109131,371250
2012-08-29,5.677334785461426,6.9274067878723145,7.02222204208374,6.897778034210205,6.936295986175537,544050
2012-08-30,5.628770351409912,6.868147850036621,6.918519020080566,6.8355560302734375,6.894814968109131,500850
2012-08-31,5.653053283691406,6.897778034210205,6.930369853973389,6.838519096374512,6.924444198608398,532575
2012-09-04,5.716189861297607,6.9748148918151855,7.034073829650879,6.8355560302734375,6.930369853973389,859613
2012-09-05,5.7647552490234375,7.034073829650879,7.063704013824463,6.936295986175537,6.980741024017334,961875
2012-09-06,5.893454074859619,7.191111087799072,7.232593059539795,7.051852226257324,7.05481481552124,700988
2012-09-07,5.898311138153076,7.197037220001221,7.232593059539795,7.179258823394775,7.185184955596924,353363
2012-09-10,5.866743087768555,7.1585187911987305,7.217778205871582,7.149630069732666,7.197037220001221,337838
2012-09-11,5.832746505737305,7.117036819458008,7.197037220001221,7.111111164093018,7.1555562019348145,286200
2012-09-12,5.8157477378845215,7.0962958335876465,7.114074230194092,7.0577778816223145,7.105185031890869,338850
2012-09-13,5.835174083709717,7.119999885559082,7.15259313583374,7.007407188415527,7.078518867492676,478575
2012-09-14,5.857029914855957,7.146667003631592,7.208889007568359,7.111111164093018,7.146667003631592,762750
2012-09-17,5.7647552490234375,7.034073829650879,7.128889083862305,7.031110763549805,7.108148097991943,642938
2012-09-18,5.796323299407959,7.0725932121276855,7.108148097991943,7.013332843780518,7.039999961853027,602775
2012-09-19,5.796323299407959,7.0725932121276855,7.105185031890869,7.007407188415527,7.093332767486572,609188
2012-09-20,5.762324810028076,7.031110763549805,7.078518867492676,6.992592811584473,7.02222204208374,580500
2012-09-21,5.745327472686768,7.010369777679443,7.093332767486572,7.010369777679443,7.093332767486572,1608188
2012-09-24,5.76961088180542,7.039999961853027,7.087407112121582,6.965926170349121,6.992592811584473,507938
2012-09-25,5.70161771774292,6.957036972045898,7.081480979919434,6.957036972045898,7.069630146026611,617963
2012-09-26,5.6506242752075195,6.894814968109131,6.97777795791626,6.888888835906982,6.960000038146973,655763
2012-09-27,5.6676249504089355,6.915555953979492,6.95111083984375,6.891851902008057,6.933332920074463,405338
2012-09-28,5.679762840270996,6.930369853973389,6.989630222320557,6.8740739822387695,6.894814968109131,788738
2012-10-01,5.568064212799072,6.794074058532715,6.939259052276611,6.690370082855225,6.930369853973389,1618650
2012-10-02,5.648195743560791,6.891851902008057,6.9037041664123535,6.764443874359131,6.823703765869141,774225
2012-10-03,5.682192325592041,6.933332920074463,6.97777795791626,6.868147850036621,6.897778034210205,402638
2012-10-04,5.672479152679443,6.921481132507324,6.95111083984375,6.868147850036621,6.94518518447876,562613
2012-10-05,5.653053283691406,6.897778034210205,6.9748148918151855,6.885925769805908,6.94518518447876,581850
2012-10-08,5.640913963317871,6.882963180541992,6.9037041664123535,6.829629898071289,6.882963180541992,340200
2012-10-09,5.592346668243408,6.823703765869141,6.871110916137695,6.782221794128418,6.871110916137695,310838
2012-10-10,5.577775955200195,6.8059258460998535,6.859259128570557,6.797037124633789,6.8355560302734375,257850
2012-10-11,5.551063537597656,6.7733330726623535,6.862222194671631,6.7733330726623535,6.8444437980651855,428625
2012-10-12,5.543780326843262,6.764443874359131,6.802962779998779,6.71999979019165,6.791110992431641,576450
2012-10-15,5.582632064819336,6.811851978302002,6.820741176605225,6.737778186798096,6.755556106567383,375975
2012-10-16,5.565635681152344,6.791110992431641,6.8444437980651855,6.767406940460205,6.820741176605225,332775
2012-10-17,5.558350563049316,6.782221794128418,6.853332996368408,6.740740776062012,6.776296138763428,762413
2012-10-18,5.514642238616943,6.728888988494873,6.802962779998779,6.71407413482666,6.791110992431641,609188
2012-10-19,5.497642517089844,6.708148002624512,6.743703842163086,6.6370368003845215,6.702221870422363,550800
2012-10-22,5.393226623535156,6.580740928649902,6.728888988494873,6.568889141082764,6.711111068725586,615938
2012-10-23,5.446650505065918,6.645925998687744,6.672593116760254,6.373332977294922,6.506667137145996,1291950
2012-10-24,5.436935901641846,6.6340742111206055,6.71407413482666,6.503704071044922,6.660740852355957,644963
2012-10-25,5.502498626708984,6.71407413482666,6.770370006561279,6.61629581451416,6.702221870422363,793125
2012-10-26,5.456362724304199,6.657777786254883,6.758519172668457,6.631111145019531,6.725925922393799,371250
2012-10-31,5.504926681518555,6.717037200927734,6.740740776062012,6.6044440269470215,6.654815196990967,540338
2012-11-01,5.653053283691406,6.897778034210205,6.912592887878418,6.64296293258667,6.711111068725586,1257525
2012-11-02,5.682192325592041,6.933332920074463,7.051852226257324,6.906667232513428,6.9422221183776855,1283175
2012-11-05,5.6457672119140625,6.888888835906982,6.924444198608398,6.850369930267334,6.915555953979492,577800
2012-11-06,5.679762840270996,6.930369853973389,6.960000038146973,6.877037048339844,6.930369853973389,749588
2012-11-07,5.601387977600098,6.776296138763428,6.84740686416626,6.725925922393799,6.84740686416626,551475
2012-11-08,5.549954891204834,6.71407413482666,6.797037124633789,6.6666669845581055,6.767406940460205,812025
2012-11-09,5.5083184242248535,6.663703918457031,6.785184860229492,6.645925998687744,6.711111068725586,790425
2012-11-12,5.530362129211426,6.690370082855225,6.755556106567383,6.622221946716309,6.717037200927734,612900
2012-11-13,5.422595500946045,6.559999942779541,6.68740701675415,6.512592792510986,6.639999866485596,1035450
2012-11-14,5.3368706703186035,6.456295967102051,6.583703994750977,6.429629802703857,6.5659260749816895,680400
2012-11-15,5.30013370513916,6.41185188293457,6.50963020324707,6.376296043395996,6.462222099304199,566325
2012-11-16,5.307480812072754,6.420741081237793,6.441481113433838,6.3466668128967285,6.402963161468506,565650
2012-11-19,5.363813400268555,6.488889217376709,6.533332824707031,6.423704147338867,6.468148231506348,597713
2012-11-20,5.437291145324707,6.577777862548828,6.592593193054199,6.423704147338867,6.468148231506348,707063
2012-11-21,5.442190647125244,6.583703994750977,6.61629581451416,6.533332824707031,6.580740928649902,347288
2012-11-23,5.48382568359375,6.6340742111206055,6.651852130889893,6.5985188484191895,6.61037015914917,174488
2012-11-26,5.49362325668335,6.645925998687744,6.675556182861328,6.580740928649902,6.625185012817383,502538
2012-11-27,5.503420352935791,6.657777786254883,6.693333148956299,6.583703994750977,6.607407093048096,601088
2012-11-28,5.523013114929199,6.681480884552002,6.71999979019165,6.607407093048096,6.6340742111206055,515700
2012-11-29,5.56220006942749,6.728888988494873,6.752593040466309,6.684443950653076,6.71999979019165,388463
2012-11-30,5.576897144317627,6.74666690826416,6.752593040466309,6.7051849365234375,6.740740776062012,916313
2012-12-03,5.478926658630371,6.628148078918457,6.770370006561279,6.592593193054199,6.770370006561279,720900
2012-12-04,5.476476192474365,6.625185012817383,6.660740852355957,6.542222023010254,6.622221946716309,581175
2012-12-05,5.510768413543701,6.6666669845581055,6.722962856292725,6.628148078918457,6.628148078918457,1030725
2012-12-06,5.5279107093811035,6.68740701675415,6.722962856292725,6.645925998687744,6.660740852355957,641250
2012-12-07,5.486273765563965,6.6370368003845215,6.767406940460205,6.607407093048096,6.699258804321289,392513
2012-12-10,5.545055866241455,6.708148002624512,6.71999979019165,6.557036876678467,6.625185012817383,516713
2012-12-11,5.530362129211426,6.690370082855225,6.740740776062012,6.657777786254883,6.725925922393799,693563
2012-12-12,5.498520851135254,6.651852130889893,6.752593040466309,6.645925998687744,6.722962856292725,390150
2012-12-13,5.48382568359375,6.6340742111206055,6.711111068725586,6.625185012817383,6.672593116760254,710775
2012-12-14,5.434840679168701,6.574814796447754,6.657777786254883,6.551111221313477,6.619258880615234,239625
2012-12-17,5.459332466125488,6.6044440269470215,6.622221946716309,6.562963008880615,6.586667060852051,331088
2012-12-18,5.552404880523682,6.717037200927734,6.71999979019165,6.512592792510986,6.577777862548828,410063
2012-12-19,5.5083184242248535,6.663703918457031,6.71407413482666,6.657777786254883,6.7051849365234375,280800
2012-12-20,5.5181145668029785,6.675556182861328,6.702221870422363,6.64296293258667,6.693333148956299,667575
2012-12-21,5.417696952819824,6.554073810577393,6.639999866485596,6.521481037139893,6.580740928649902,1758713
2012-12-24,5.478926658630371,6.628148078918457,6.628148078918457,6.554073810577393,6.5659260749816895,299025
2012-12-26,5.407900333404541,6.542222023010254,6.660740852355957,6.530370235443115,6.622221946716309,669938
2012-12-27,5.383408546447754,6.512592792510986,6.559999942779541,6.462222099304199,6.559999942779541,738450
2012-12-28,5.295234680175781,6.40592622756958,6.50963020324707,6.394073963165283,6.477036952972412,730688
2012-12-31,5.398103713989258,6.530370235443115,6.551111221313477,6.3822221755981445,6.388147830963135,727313
2013-01-02,5.574446678161621,6.743703842163086,6.74666690826416,6.619258880615234,6.619258880615234,649688
2013-01-03,5.611184120178223,6.788147926330566,6.820741176605225,6.722962856292725,6.74666690826416,618300
2013-01-04,5.6454758644104,6.829629898071289,6.877037048339844,6.779259204864502,6.8059258460998535,639225
2013-01-07,5.665069103240967,6.853332996368408,6.894814968109131,6.788147926330566,6.811851978302002,792113
2013-01-08,5.6675190925598145,6.856296062469482,6.900741100311279,6.81777811050415,6.8414812088012695,738113
2013-01-09,5.7458930015563965,6.95111083984375,6.962963104248047,6.862222194671631,6.888888835906982,698288
2013-01-10,5.7703857421875,6.980741024017334,6.995555877685547,6.909629821777344,6.971851825714111,1026675
2013-01-11,5.7679362297058105,6.97777795791626,7.013332843780518,6.94518518447876,6.995555877685547,474525
2013-01-14,5.821818828582764,7.042963027954102,7.093332767486572,6.960000038146973,6.97777795791626,1015875
2013-01-15,5.772835731506348,6.983704090118408,7.034073829650879,6.960000038146973,6.995555877685547,529200
2013-01-16,5.758141040802002,6.965926170349121,6.983704090118408,6.900741100311279,6.9748148918151855,774900
2013-01-17,5.863455295562744,7.093332767486572,7.146667003631592,6.962963104248047,6.971851825714111,520088
2013-01-18,5.848759651184082,7.075555801391602,7.117036819458008,7.039999961853027,7.108148097991943,584888
2013-01-22,5.949179172515869,7.197037220001221,7.197037220001221,7.04888916015625,7.04888916015625,644963
2013-01-23,5.968773365020752,7.220740795135498,7.247406959533691,7.010369777679443,7.1644439697265625,1075950
2013-01-24,6.052047252655029,7.321481227874756,7.360000133514404,7.075555801391602,7.247406959533691,1084388
2013-01-25,6.09123420715332,7.368888854980469,7.428147792816162,7.318519115447998,7.354074001312256,860963
2013-01-28,6.042250633239746,7.309629917144775,7.38962984085083,7.268147945404053,7.3629631996154785,730688
2013-01-29,6.05694580078125,7.327406883239746,7.342222213745117,7.25333309173584,7.28000020980835,595013
2013-01-30,6.003061294555664,7.262221813201904,7.3333330154418945,7.241480827331543,7.324443817138672,706725
2013-01-31,6.054495811462402,7.324443817138672,7.4014811515808105,7.2651848793029785,7.28000020980835,3848850
2013-02-01,6.086337566375732,7.3629631996154785,7.437036991119385,7.28000020980835,7.38370418548584,1135350
2013-02-04,6.086337566375732,7.3629631996154785,7.380741119384766,7.321481227874756,7.327406883239746,698288
2013-02-05,6.132872104644775,7.419259071350098,7.425185203552246,7.345184803009033,7.404444217681885,823500
2013-02-06,6.145163059234619,7.407406806945801,7.410369873046875,7.327406883239746,7.3629631996154785,616275
2013-02-07,6.172201156616211,7.440000057220459,7.451851844787598,7.371851921081543,7.398519039154053,557550
2013-02-08,6.142703056335449,7.404444217681885,7.46074104309082,7.377778053283691,7.431110858917236,323663
2013-02-11,6.125497817993164,7.38370418548584,7.419259071350098,7.345184803009033,7.419259071350098,478913
2013-02-12,6.135331153869629,7.3955559730529785,7.454814910888672,7.380741119384766,7.38962984085083,666225
2013-02-13,6.159910202026367,7.425185203552246,7.431110858917236,7.339259147644043,7.380741119384766,656775
2013-02-14,6.189406871795654,7.46074104309082,7.472592830657959,7.374814987182617,7.392592906951904,400950
2013-02-15,6.206613540649414,7.481481075286865,7.511110782623291,7.445926189422607,7.4637041091918945,467100
2013-02-19,6.282812118530273,7.573332786560059,7.58814811706543,7.4844441413879395,7.4844441413879395,815063
2013-02-20,6.091085433959961,7.342222213745117,7.546667098999023,7.3333330154418945,7.546667098999023,1513688
2013-02-21,6.027174472808838,7.2651848793029785,7.35703706741333,7.2266669273376465,7.339259147644043,796500
2013-02-22,6.088627338409424,7.339259147644043,7.339259147644043,7.271111011505127,7.2948150634765625,594000
2013-02-25,5.965721607208252,7.191111087799072,7.380741119384766,7.191111087799072,7.368888854980469,509963
2013-02-26,6.027174472808838,7.2651848793029785,7.274074077606201,7.191111087799072,7.217778205871582,395213
2013-02-27,6.041924953460693,7.282962799072266,7.336296081542969,7.259259223937988,7.262221813201904,623025
2013-02-28,6.024716377258301,7.262221813201904,7.342222213745117,7.25333309173584,7.28000020980835,664875
2013-03-01,5.968181610107422,7.1940741539001465,7.241480827331543,7.066667079925537,7.2266669273376465,1393538
2013-03-04,5.926394939422607,7.143703937530518,7.176296234130859,7.063704013824463,7.173333168029785,859950
2013-03-05,5.995222568511963,7.2266669273376465,7.259259223937988,7.176296234130859,7.188148021697998,833625
2013-03-06,5.970638751983643,7.197037220001221,7.271111011505127,7.18222188949585,7.250370025634766,870075
2013-03-07,5.980472087860107,7.208889007568359,7.223703861236572,7.167407035827637,7.197037220001221,401625
2013-03-08,6.034549713134766,7.274074077606201,7.2948150634765625,7.202962875366211,7.271111011505127,529875
2013-03-11,5.965721607208252,7.191111087799072,7.256296157836914,7.1555562019348145,7.250370025634766,619988
2013-03-12,5.978015422821045,7.205925941467285,7.235556125640869,7.161480903625488,7.197037220001221,452925
2013-03-13,6.027174472808838,7.2651848793029785,7.28000020980835,7.199999809265137,7.220740795135498,274050
2013-03-14,6.027174472808838,7.2651848793029785,7.288888931274414,7.229629993438721,7.2651848793029785,408375
2013-03-15,5.978015422821045,7.205925941467285,7.247406959533691,7.140740871429443,7.247406959533691,1308825
2013-03-18,5.933768272399902,7.15259313583374,7.197037220001221,7.0962958335876465,7.117036819458008,480938
2013-03-19,5.955890655517578,7.179258823394775,7.217778205871582,7.108148097991943,7.188148021697998,486000
2013-03-20,5.9903059005737305,7.220740795135498,7.25333309173584,7.146667003631592,7.188148021697998,499838
2013-03-21,5.950976371765137,7.173333168029785,7.274074077606201,7.1585187911987305,7.191111087799072,430650
2013-03-22,5.948517322540283,7.170370101928711,7.191111087799072,7.102221965789795,7.185184955596924,641925
2013-03-25,5.992762565612793,7.223703861236572,7.256296157836914,7.149630069732666,7.205925941467285,390488
2013-03-26,6.014883995056152,7.250370025634766,7.262221813201904,7.202962875366211,7.220740795135498,612563
2013-03-27,5.978015422821045,7.205925941467285,7.2266669273376465,7.146667003631592,7.188148021697998,500850
2013-03-28,6.034549713134766,7.274074077606201,7.28592586517334,7.191111087799072,7.217778205871582,863663
2013-04-01,6.007510185241699,7.241480827331543,7.2651848793029785,7.131852149963379,7.238519191741943,661163
2013-04-02,5.997679233551025,7.229629993438721,7.324443817138672,7.199999809265137,7.28592586517334,654413
2013-04-03,5.754329681396484,6.936295986175537,7.220740795135498,6.924444198608398,7.220740795135498,897750
2013-04-04,5.776452541351318,6.962963104248047,7.066667079925537,6.897778034210205,6.954073905944824,615600
2013-04-05,5.683046817779541,6.850369930267334,6.885925769805908,6.785184860229492,6.885925769805908,399938
2013-04-08,5.724832534790039,6.900741100311279,6.906667232513428,6.811851978302002,6.868147850036621,410400
2013-04-09,5.695335865020752,6.865184783935547,6.948147773742676,6.853332996368408,6.9274067878723145,426263
2013-04-10,5.734666347503662,6.912592887878418,6.936295986175537,6.8444437980651855,6.891851902008057,663188
2013-04-11,5.796115398406982,6.986667156219482,6.992592811584473,6.856296062469482,6.856296062469482,384413
2013-04-12,5.791202068328857,6.980741024017334,7.013332843780518,6.915555953979492,6.965926170349121,450900
2013-04-15,5.5871806144714355,6.7348151206970215,6.957036972045898,6.71407413482666,6.957036972045898,635513
2013-04-16,5.636342525482178,6.794074058532715,6.814815044403076,6.7348151206970215,6.814815044403076,399600
2013-04-17,5.552767753601074,6.693333148956299,6.8059258460998535,6.654815196990967,6.755556106567383,468113
2013-04-18,5.538020133972168,6.675556182861328,6.7348151206970215,6.654815196990967,6.696296215057373,393863
2013-04-19,5.656008720397949,6.81777811050415,6.81777811050415,6.675556182861328,6.699258804321289,608513
2013-04-22,5.690419673919678,6.859259128570557,6.880000114440918,6.740740776062012,6.800000190734863,583200
2013-04-23,5.7715373039245605,6.957036972045898,6.998518943786621,6.906667232513428,6.924444198608398,489375
2013-04-24,5.759246826171875,6.9422221183776855,6.965926170349121,6.859259128570557,6.965926170349121,335813
2013-04-25,5.860027313232422,7.063704013824463,7.099258899688721,6.968889236450195,6.983704090118408,507938
2013-04-26,5.80595064163208,6.998518943786621,7.060740947723389,6.933332920074463,7.060740947723389,459675
2013-04-29,5.928852081298828,7.146667003631592,7.18222188949585,7.007407188415527,7.028148174285889,501188
2013-04-30,5.978015422821045,7.205925941467285,7.205925941467285,7.075555801391602,7.134815216064453,594000
2013-05-01,5.914104461669922,7.128889083862305,7.214815139770508,7.122962951660156,7.173333168029785,766800
2013-05-02,5.928852081298828,7.146667003631592,7.214815139770508,7.108148097991943,7.161480903625488,348300
2013-05-03,6.002594470977783,7.235556125640869,7.274074077606201,7.143703937530518,7.1940741539001465,359100
2013-05-06,5.9190216064453125,7.134815216064453,7.259259223937988,7.0962958335876465,7.238519191741943,385425
2013-05-07,6.012428283691406,7.247406959533691,7.250370025634766,7.102221965789795,7.1259260177612305,389138
2013-05-08,6.042031288146973,7.256296157836914,7.256296157836914,7.0962958335876465,7.1940741539001465,496125
2013-05-09,5.970486164093018,7.170370101928711,7.256296157836914,7.143703937530518,7.247406959533691,366525
2013-05-10,6.00009298324585,7.205925941467285,7.25333309173584,7.149630069732666,7.1940741539001465,289238
2013-05-13,5.940881729125977,7.134815216064453,7.205925941467285,7.122962951660156,7.197037220001221,304763
2013-05-14,6.034633159637451,7.247406959533691,7.250370025634766,7.084444046020508,7.1585187911987305,241650
2013-05-15,6.116045951843262,7.345184803009033,7.351110935211182,7.208889007568359,7.208889007568359,292613
2013-05-16,6.0272297859191895,7.238519191741943,7.371851921081543,7.220740795135498,7.315556049346924,235238
2013-05-17,6.029695510864258,7.241480827331543,7.300741195678711,7.185184955596924,7.247406959533691,473513
2013-05-20,6.014894008636475,7.223703861236572,7.2651848793029785,7.18222188949585,7.208889007568359,287213
2013-05-21,6.002561092376709,7.208889007568359,7.259259223937988,7.149630069732666,7.217778205871582,267638
2013-05-22,5.9581499099731445,7.1555562019348145,7.268147945404053,7.131852149963379,7.223703861236572,486338
2013-05-23,6.066705703735352,7.28592586517334,7.297778129577637,7.087407112121582,7.087407112121582,380363
2013-05-24,5.980354309082031,7.18222188949585,7.250370025634766,7.167407035827637,7.247406959533691,339863
2013-05-28,6.032163143157959,7.244443893432617,7.306666851043701,7.208889007568359,7.268147945404053,287888
2013-05-29,6.002561092376709,7.208889007568359,7.247406959533691,7.176296234130859,7.185184955596924,287888
2013-05-30,6.157988548278809,7.3955559730529785,7.46074104309082,7.288888931274414,7.288888931274414,506925
2013-05-31,6.232002258300781,7.4844441413879395,7.543704032897949,7.371851921081543,7.371851921081543,590288
2013-06-03,6.185127258300781,7.428147792816162,7.514073848724365,7.377778053283691,7.505185127258301,719550
2013-06-04,6.13824987411499,7.371851921081543,7.457777976989746,7.3659257888793945,7.416296005249023,287213
2013-06-05,6.113580226898193,7.342222213745117,7.428147792816162,7.342222213745117,7.3629631996154785,331088
2013-06-06,6.0864410400390625,7.309629917144775,7.368888854980469,7.277037143707275,7.351110935211182,595013
2013-06-07,6.116045951843262,7.345184803009033,7.4014811515808105,7.309629917144775,7.3629631996154785,342225
2013-06-10,6.143186569213867,7.377778053283691,7.398519039154053,7.3333330154418945,7.380741119384766,278100
2013-06-11,6.133318901062012,7.3659257888793945,7.392592906951904,7.282962799072266,7.282962799072266,352013
2013-06-12,6.113580226898193,7.342222213745117,7.428147792816162,7.33036994934082,7.404444217681885,413100
2013-06-13,6.190061092376709,7.4340739250183105,7.457777976989746,7.315556049346924,7.327406883239746,333788
2013-06-14,6.135784149169922,7.368888854980469,7.413332939147949,7.321481227874756,7.371851921081543,246713
2013-06-17,6.15058708190918,7.386666774749756,7.442963123321533,7.348147869110107,7.422222137451172,381375
2013-06-18,6.167858123779297,7.407406806945801,7.442963123321533,7.3629631996154785,7.398519039154053,496463
2013-06-19,6.108645915985107,7.336296081542969,7.419259071350098,7.31259298324585,7.38962984085083,303413
2013-06-20,6.076573371887207,7.297778129577637,7.351110935211182,7.259259223937988,7.262221813201904,707400
2013-06-21,6.10371208190918,7.33036994934082,7.348147869110107,7.288888931274414,7.300741195678711,1058063
2013-06-24,6.123448848724365,7.354074001312256,7.416296005249023,7.259259223937988,7.2651848793029785,695925
2013-06-25,6.1999311447143555,7.445926189422607,7.46074104309082,7.3333330154418945,7.416296005249023,733050
2013-06-26,6.229537010192871,7.481481075286865,7.552593231201172,7.475555896759033,7.481481075286865,863325
2013-06-27,6.333155632019043,7.605926036834717,7.650370121002197,7.502222061157227,7.514073848724365,401288
2013-06-28,6.389901161193848,7.674074172973633,7.730370044708252,7.579258918762207,7.611852169036865,986175
2013-07-01,6.6144118309021,7.943704128265381,7.946667194366455,7.697778224945068,7.697778224945068,746213
2013-07-02,6.703225612640381,8.050370216369629,8.082962989807129,7.908147811889648,7.961481094360352,849488
2013-07-03,6.648949146270752,7.985185146331787,8.008889198303223,7.869629859924316,8.002963066101074,839700
2013-07-05,6.700758457183838,8.047407150268555,8.053333282470703,7.914073944091797,8.008889198303223,443138
2013-07-08,6.671154499053955,8.011852264404297,8.10962963104248,7.982222080230713,8.085926055908203,594675
2013-07-09,6.648949146270752,7.985185146331787,8.038518905639648,7.970369815826416,8.038518905639648,636188
2013-07-10,6.639081001281738,7.97333288192749,8.035555839538574,7.946667194366455,7.9674072265625,465750
2013-07-11,6.685955047607422,8.029629707336426,8.088889122009277,7.979259014129639,8.041481018066406,541688
2013-07-12,6.705695629119873,8.053333282470703,8.053333282470703,8.011852264404297,8.011852264404297,372263
2013-07-15,6.710627555847168,8.059259414672852,8.085926055908203,7.97333288192749,8.047407150268555,417825
2013-07-16,6.7130937576293945,8.06222152709961,8.088889122009277,8.002963066101074,8.053333282470703,1000350
2013-07-17,6.787109851837158,8.151110649108887,8.162962913513184,8.082962989807129,8.118518829345703,1124888
2013-07-18,6.826582431793213,8.198518753051758,8.207406997680664,8.118518829345703,8.157036781311035,812025
2013-07-19,6.809315204620361,8.177778244018555,8.20444393157959,8.130370140075684,8.168889045715332,362138
2013-07-22,6.799445152282715,8.165925979614258,8.234073638916016,8.133333206176758,8.162962913513184,433688
2013-07-23,6.833985328674316,8.207406997680664,8.213333129882812,8.14222240447998,8.201480865478516,505913
2013-07-24,6.5107903480529785,7.819259166717529,8.293333053588867,7.4340739250183105,8.216296195983887,1811700
2013-07-25,6.434306621551514,7.727406978607178,7.845925807952881,7.679999828338623,7.831110954284668,514350
2013-07-26,6.35536003112793,7.632593154907227,7.71851921081543,7.5851850509643555,7.694815158843994,405338
2013-07-29,6.308483123779297,7.576295852661133,7.662221908569336,7.549630165100098,7.662221908569336,486338
2013-07-30,6.271476745605469,7.531851768493652,7.632593154907227,7.519999980926514,7.579258918762207,537638
2013-07-31,6.291215896606445,7.555555820465088,7.5851850509643555,7.487407207489014,7.537777900695801,619313
2013-08-01,6.333155632019043,7.605926036834717,7.66518497467041,7.579258918762207,7.582221984863281,1413113
2013-08-02,6.256675720214844,7.514073848724365,7.5851850509643555,7.502222061157227,7.56148099899292,848475
2013-08-05,6.2739434242248535,7.534814834594727,7.567407131195068,7.487407207489014,7.5170369148254395,528525
2013-08-06,6.246805191040039,7.502222061157227,7.570370197296143,7.487407207489014,7.546667098999023,468450
2013-08-07,6.231949329376221,7.457777976989746,7.487407207489014,7.419259071350098,7.466667175292969,310500
2013-08-08,6.2517571449279785,7.481481075286865,7.505185127258301,7.416296005249023,7.505185127258301,312863
2013-08-09,6.229474067687988,7.454814910888672,7.487407207489014,7.407406806945801,7.466667175292969,391163
2013-08-12,6.288896560668945,7.525926113128662,7.528889179229736,7.413332939147949,7.413332939147949,322313
2013-08-13,6.278992652893066,7.514073848724365,7.531851768493652,7.4340739250183105,7.511110782623291,240975
2013-08-14,6.229474067687988,7.454814910888672,7.487407207489014,7.437036991119385,7.481481075286865,189338
2013-08-15,6.113104343414307,7.315556049346924,7.419259071350098,7.28592586517334,7.3955559730529785,484313
2013-08-16,6.108151912689209,7.309629917144775,7.348147869110107,7.288888931274414,7.300741195678711,432675
2013-08-19,6.179955959320068,7.3955559730529785,7.404444217681885,7.282962799072266,7.309629917144775,305775
2013-08-20,6.239378452301025,7.466667175292969,7.487407207489014,7.377778053283691,7.4014811515808105,355388
2013-08-21,6.179955959320068,7.3955559730529785,7.469629764556885,7.3955559730529785,7.428147792816162,385425
2013-08-22,6.241854190826416,7.469629764556885,7.525926113128662,7.3659257888793945,7.422222137451172,180900
2013-08-23,6.24432897567749,7.472592830657959,7.493332862854004,7.392592906951904,7.487407207489014,298013
2013-08-26,6.256709575653076,7.487407207489014,7.543704032897949,7.472592830657959,7.496295928955078,210600
2013-08-27,6.24432897567749,7.472592830657959,7.502222061157227,7.413332939147949,7.413332939147949,619650
2013-08-28,6.224523067474365,7.448888778686523,7.4844441413879395,7.416296005249023,7.4844441413879395,318938
2013-08-29,6.246806621551514,7.475555896759033,7.49036979675293,7.431110858917236,7.442963123321533,365175
2013-08-30,6.127959251403809,7.3333330154418945,7.519999980926514,7.315556049346924,7.4637041091918945,754650
2013-09-03,6.019019603729248,7.202962875366211,7.481481075286865,7.137777805328369,7.413332939147949,1478250
2013-09-04,6.127959251403809,7.3333330154418945,7.371851921081543,7.18222188949585,7.18222188949585,630788
2013-09-05,6.137864589691162,7.345184803009033,7.428147792816162,7.309629917144775,7.327406883239746,452588
2013-09-06,6.145294189453125,7.354074001312256,7.4340739250183105,7.288888931274414,7.354074001312256,381713
2013-09-09,6.199763298034668,7.419259071350098,7.448888778686523,7.351110935211182,7.38370418548584,292950
2013-09-10,6.2839460372924805,7.519999980926514,7.522963047027588,7.451851844787598,7.4637041091918945,239288
2013-09-11,6.261661052703857,7.493332862854004,7.555555820465088,7.472592830657959,7.499258995056152,191363
2013-09-12,6.281468868255615,7.5170369148254395,7.56148099899292,7.481481075286865,7.502222061157227,246713
2013-09-13,6.293848514556885,7.531851768493652,7.564444065093994,7.499258995056152,7.549630165100098,253463
2013-09-16,6.360697269439697,7.611852169036865,7.6562957763671875,7.5851850509643555,7.5851850509643555,254475
2013-09-17,6.382981300354004,7.638518810272217,7.644443988800049,7.567407131195068,7.573332786560059,357750
2013-09-18,6.4547834396362305,7.7244439125061035,7.7540740966796875,7.582221984863281,7.626667022705078,451575
2013-09-19,6.462211608886719,7.733333110809326,7.757037162780762,7.697778224945068,7.745184898376465,292950
2013-09-20,6.415168762207031,7.677036762237549,7.792593002319336,7.671111106872559,7.765925884246826,1181250
2013-09-23,6.382981300354004,7.638518810272217,7.677036762237549,7.5851850509643555,7.638518810272217,395213
2013-09-24,6.439929008483887,7.706666946411133,7.712593078613281,7.56148099899292,7.62074089050293,441113
2013-09-25,6.437452793121338,7.703703880310059,7.733333110809326,7.662221908569336,7.697778224945068,803588
2013-09-26,6.556299209594727,7.845925807952881,7.8548150062561035,7.677036762237549,7.730370044708252,485663
2013-09-27,6.576106071472168,7.869629859924316,7.8933329582214355,7.7866668701171875,7.819259166717529,428625
2013-09-30,6.563725471496582,7.8548150062561035,7.8933329582214355,7.780741214752197,7.801480770111084,760388
2013-10-01,6.635529041290283,7.940741062164307,8.053333282470703,7.866666793823242,7.866666793823242,1190700
2013-10-02,6.561251163482666,7.851851940155029,7.908147811889648,7.783703804016113,7.908147811889648,320963
2013-10-03,6.548871040344238,7.837037086486816,7.872592926025391,7.7540740966796875,7.828147888183594,544388
2013-10-04,6.573630332946777,7.866666793823242,7.908147811889648,7.8222222328186035,7.851851940155029,382050
2013-10-07,6.496877193450928,7.774815082550049,7.920000076293945,7.765925884246826,7.774815082550049,790425
2013-10-08,6.486972808837891,7.762962818145752,7.810369968414307,7.757037162780762,7.777778148651123,463050
2013-10-09,6.494401931762695,7.771852016448975,7.860741138458252,7.739258766174316,7.783703804016113,442125
2013-10-10,6.633051872253418,7.937777996063232,7.9555559158325195,7.792593002319336,7.831110954284668,239625
2013-10-11,6.707330703735352,8.026666641235352,8.035555839538574,7.851851940155029,7.931851863861084,280463
2013-10-14,6.734565258026123,8.059259414672852,8.071110725402832,7.958518981933594,7.958518981933594,229163
2013-10-15,6.6974287033081055,8.014815330505371,8.06222152709961,8.0,8.029629707336426,268650
2013-10-16,6.761800765991211,8.091852188110352,8.145185470581055,8.026666641235352,8.035555839538574,349313
2013-10-17,6.84598445892334,8.19259262084961,8.210370063781738,8.053333282470703,8.071110725402832,455288
2013-10-18,6.855887413024902,8.20444393157959,8.28148078918457,8.112592697143555,8.22518539428711,478238
2013-10-21,6.8905510902404785,8.245925903320312,8.272592544555664,8.133333206176758,8.189629554748535,198450
2013-10-22,6.947498321533203,8.31407356262207,8.349630355834961,8.198518753051758,8.28148078918457,362475
2013-10-23,6.992062091827393,8.367406845092773,8.551111221313477,8.311111450195312,8.311111450195312,464063
2013-10-24,6.957400321960449,8.325925827026367,8.438518524169922,8.31407356262207,8.399999618530273,476888
2013-10-25,6.999492168426514,8.376296043395996,8.41185188293457,8.263704299926758,8.311111450195312,446850
2013-10-28,6.984637260437012,8.358518600463867,8.385185241699219,8.296296119689941,8.346667289733887,389813
2013-10-29,6.964829444885254,8.33481502532959,8.3970365524292,8.254815101623535,8.37925910949707,393863
2013-10-30,6.878170013427734,8.231110572814941,8.355555534362793,8.228148460388184,8.355555534362793,256163
2013-10-31,6.843507766723633,8.189629554748535,8.275555610656738,8.189629554748535,8.251852035522461,339525
2013-11-01,6.808844566345215,8.148147583007812,8.171852111816406,8.068147659301758,8.171852111816406,479250
2013-11-04,6.791512966156006,8.12740707397461,8.20444393157959,8.094815254211426,8.14222240447998,773888
2013-11-05,6.707330703735352,8.026666641235352,8.133333206176758,8.02074146270752,8.065184593200684,581175
2013-11-06,6.826972484588623,8.115555763244629,8.139259338378906,7.991110801696777,7.991110801696777,629100
2013-11-07,6.662466049194336,7.920000076293945,8.17481517791748,7.908147811889648,8.100741386413574,650363
2013-11-08,6.727270603179932,7.997036933898926,8.082962989807129,7.8933329582214355,7.946667194366455,696938
2013-11-11,6.80703067779541,8.091852188110352,8.118518829345703,7.985185146331787,8.014815330505371,1185300
2013-11-12,6.789583683013916,8.071110725402832,8.088889122009277,8.0,8.082962989807129,342225
2013-11-13,6.819491863250732,8.106666564941406,8.118518829345703,8.017778396606445,8.0325927734375,314550
2013-11-14,6.864358901977539,8.15999984741211,8.171852111816406,8.085926055908203,8.085926055908203,231863
2013-11-15,6.9316582679748535,8.239999771118164,8.266667366027832,8.121480941772461,8.157036781311035,393188
2013-11-18,6.949102878570557,8.260741233825684,8.349630355834961,8.222222328186035,8.222222328186035,404663
2013-11-19,6.94162654876709,8.251852035522461,8.299259185791016,8.12740707397461,8.23703670501709,3079688
2013-11-20,6.94162654876709,8.251852035522461,8.308148384094238,8.222222328186035,8.239999771118164,389138
2013-11-21,7.011415004730225,8.33481502532959,8.346667289733887,8.234073638916016,8.25777816772461,372600
2013-11-22,7.051295757293701,8.382222175598145,8.405925750732422,8.331851959228516,8.343704223632812,782663
2013-11-25,7.021386623382568,8.346667289733887,8.438518524169922,8.33481502532959,8.37925910949707,492413
2013-11-26,7.043819427490234,8.373332977294922,8.420741081237793,8.340741157531738,8.361480712890625,335475
2013-11-27,7.04132604598999,8.370369911193848,8.382222175598145,8.355555534362793,8.370369911193848,498825
2013-11-29,7.011415004730225,8.33481502532959,8.399999618530273,8.31407356262207,8.370369911193848,167400
2013-12-02,7.0911784172058105,8.429630279541016,8.524443626403809,8.28148078918457,8.331851959228516,454613
2013-12-03,7.1036376953125,8.444443702697754,8.479999542236328,8.408888816833496,8.429630279541016,538988
2013-12-04,7.108622074127197,8.450369834899902,8.521480560302734,8.37925910949707,8.444443702697754,498150
2013-12-05,7.163459300994873,8.515556335449219,8.551111221313477,8.420741081237793,8.465185165405273,650025
2013-12-06,7.180907726287842,8.536295890808105,8.604443550109863,8.497777938842773,8.562962532043457,698288
2013-12-09,7.250698089599609,8.619258880615234,8.622221946716309,8.479999542236328,8.527406692504883,575100
2013-12-10,7.22826623916626,8.5925931930542,8.628148078918457,8.58666706085205,8.5925931930542,820800
2013-12-11,7.230758190155029,8.595556259155273,8.625185012817383,8.589630126953125,8.610369682312012,1193738
2013-12-12,7.260667324066162,8.631111145019531,8.651851654052734,8.577777862548828,8.5925931930542,630788
2013-12-13,7.248206615447998,8.61629581451416,8.687406539916992,8.580740928649902,8.675556182861328,341213
2013-12-16,7.342920780181885,8.728889465332031,8.749629974365234,8.604443550109863,8.619258880615234,767138
2013-12-17,7.3179931640625,8.699258804321289,8.717037200927734,8.619258880615234,8.71407413482666,774563
2013-12-18,7.372828960418701,8.764444351196289,8.764444351196289,8.601481437683105,8.699258804321289,615938
2013-12-19,7.280608177185059,8.654814720153809,8.77629566192627,8.619258880615234,8.767407417297363,1482638
2013-12-20,7.38279914855957,8.77629566192627,8.805926322937012,8.58666706085205,8.645926475524902,1098225
2013-12-23,7.47252893447876,8.882963180541992,8.891852378845215,8.764444351196289,8.805926322937012,541350
2013-12-24,7.522377967834473,8.942221641540527,8.942221641540527,8.814814567565918,8.856295585632324,206213
2013-12-26,7.537334442138672,8.960000038146973,9.060741424560547,8.882963180541992,8.930370330810547,441450
2013-12-27,7.54232120513916,8.965926170349121,9.039999961853027,8.957036972045898,8.992592811584473,353700
2013-12-30,7.574718952178955,9.004444122314453,9.042963027954102,8.924444198608398,8.97185230255127,444150
2013-12-31,7.549797058105469,8.974815368652344,9.075555801391602,8.965926170349121,9.031110763549805,268650
2014-01-02,7.360368728637695,8.749629974365234,8.992592811584473,8.717037200927734,8.942221641540527,652050
2014-01-03,7.440128326416016,8.844444274902344,8.877037048339844,8.77629566192627,8.84148120880127,510638
2014-01-06,7.425173759460449,8.826666831970215,8.930370330810547,8.794074058532715,8.90666675567627,754313
2014-01-07,7.427664279937744,8.829629898071289,8.894815444946289,8.785184860229492,8.835556030273438,369225
2014-01-08,7.432651519775391,8.835556030273438,8.88888931274414,8.740740776062012,8.820740699768066,840038
2014-01-09,7.395264625549316,8.79111099243164,8.859258651733398,8.734814643859863,8.859258651733398,750938
2014-01-10,7.377816677093506,8.770369529724121,8.853333473205566,8.728889465332031,8.81185245513916,613913
2014-01-13,7.270639419555664,8.642963409423828,8.755556106567383,8.607406616210938,8.755556106567383,393525
2014-01-14,7.3379340171813965,8.722963333129883,8.743703842163086,8.607406616210938,8.678519248962402,657788
2014-01-15,7.330456256866455,8.71407413482666,8.752593040466309,8.696295738220215,8.708148002624512,400613
2014-01-16,7.315500259399414,8.696295738220215,8.743703842163086,8.663703918457031,8.720000267028809,464738
2014-01-17,7.290579319000244,8.666666984558105,8.720000267028809,8.619258880615234,8.657777786254883,403650
2014-01-21,7.3229780197143555,8.705184936523438,8.74666690826416,8.651851654052734,8.717037200927734,532913
2014-01-22,7.315500259399414,8.696295738220215,8.71407413482666,8.631111145019531,8.69333267211914,423563
2014-01-23,7.3229780197143555,8.705184936523438,8.705184936523438,8.601481437683105,8.640000343322754,474863
2014-01-24,7.2531890869140625,8.622221946716309,8.731851577758789,8.577777862548828,8.642963409423828,604463
2014-01-27,7.23574161529541,8.601481437683105,8.74666690826416,8.601481437683105,8.690369606018066,684450
2014-01-28,7.163459300994873,8.515556335449219,8.657777786254883,8.48888874053955,8.610369682312012,2431688
2014-01-29,7.233250617980957,8.598519325256348,8.660740852355957,8.447406768798828,8.5925931930542,1714163
2014-01-30,7.3130106925964355,8.69333267211914,8.74666690826416,8.607406616210938,8.690369606018066,949725
2014-01-31,7.183398723602295,8.53925895690918,8.64888858795166,8.515556335449219,8.57185173034668,940275
2014-02-03,6.767151355743408,8.04444408416748,8.610369682312012,8.041481018066406,8.521480560302734,2100263
2014-02-04,6.894270420074463,8.195555686950684,8.278518676757812,8.002963066101074,8.056296348571777,1691550
2014-02-05,6.849404811859131,8.14222240447998,8.210370063781738,8.10962963104248,8.171852111816406,360450
2014-02-06,6.968251705169678,8.251852035522461,8.254815101623535,8.091852188110352,8.148147583007812,703350
2014-02-07,7.098360061645508,8.405925750732422,8.41185188293457,8.290369987487793,8.30222225189209,749925
2014-02-10,7.083347797393799,8.388148307800293,8.402962684631348,8.343704223632812,8.37925910949707,791100
2014-02-11,7.168417930603027,8.48888874053955,8.497777938842773,8.3644437789917,8.376296043395996,431325
2014-02-12,7.263494968414307,8.601481437683105,8.619258880615234,8.491851806640625,8.491851806640625,627413
2014-02-13,7.326046943664551,8.675556182861328,8.702221870422363,8.53925895690918,8.53925895690918,353025
2014-02-14,7.401108264923096,8.764444351196289,8.835556030273438,8.690369606018066,8.690369606018066,769838
2014-02-18,7.501190662384033,8.882963180541992,8.980740547180176,8.770369529724121,8.797037124633789,1169100
2014-02-19,7.453653335571289,8.826666831970215,8.960000038146973,8.820740699768066,8.838519096374512,418163
2014-02-20,7.401108264923096,8.764444351196289,8.88888931274414,8.740740776062012,8.853333473205566,514350
2014-02-21,7.406115531921387,8.770369529724121,8.847407341003418,8.752593040466309,8.770369529724121,397575
2014-02-24,7.39109992980957,8.752593040466309,8.853333473205566,8.749629974365234,8.77629566192627,639900
2014-02-25,7.353569984436035,8.708148002624512,8.782221794128418,8.675556182861328,8.743703842163086,498488
2014-02-26,7.4036126136779785,8.767407417297363,8.877037048339844,8.71407413482666,8.743703842163086,532913
2014-02-27,7.376089572906494,8.734814643859863,8.838519096374512,8.71407413482666,8.737777709960938,426938
2014-02-28,7.471165657043457,8.847407341003418,8.885926246643066,8.725926399230957,8.74666690826416,580500
2014-03-03,7.416118621826172,8.782221794128418,8.862221717834473,8.717037200927734,8.773332595825195,637538
2014-03-04,7.5637431144714355,8.957036972045898,8.965926170349121,8.844444274902344,8.868147850036621,550463
2014-03-05,7.5162034034729,8.900740623474121,8.962963104248047,8.880000114440918,8.933333396911621,436725
2014-03-06,7.508697986602783,8.891852378845215,8.95111083984375,8.817777633666992,8.95111083984375,331763
2014-03-07,7.593767166137695,8.992592811584473,9.034073829650879,8.877037048339844,8.909629821777344,450563
2014-03-10,7.531219959259033,8.918519020080566,9.022221565246582,8.880000114440918,9.013333320617676,459000
2014-03-11,7.451149940490723,8.82370376586914,8.918519020080566,8.788147926330566,8.90666675567627,447525
2014-03-12,7.413619041442871,8.779258728027344,8.844444274902344,8.737777709960938,8.770369529724121,535275
2014-03-13,7.361077308654785,8.717037200927734,8.87407398223877,8.657777786254883,8.808889389038086,458325
2014-03-14,7.471165657043457,8.847407341003418,8.877037048339844,8.69333267211914,8.69333267211914,472163
2014-03-17,7.543728828430176,8.933333396911621,9.007407188415527,8.847407341003418,8.847407341003418,478913
2014-03-18,7.611283302307129,9.013333320617676,9.022221565246582,8.918519020080566,8.933333396911621,468788
2014-03-19,7.531219959259033,8.918519020080566,9.057778358459473,8.891852378845215,8.98370361328125,648675
2014-03-20,7.546230316162109,8.936296463012695,8.962963104248047,8.882963180541992,8.918519020080566,279450
2014-03-21,7.651317119598389,9.060741424560547,9.072592735290527,8.945184707641602,9.01629638671875,1665900
2014-03-24,7.523709297180176,8.909629821777344,9.096296310424805,8.880000114440918,9.078518867492676,423563
2014-03-25,7.536219120025635,8.924444198608398,8.97185230255127,8.859258651733398,8.933333396911621,502200
2014-03-26,7.498688220977783,8.880000114440918,9.037036895751953,8.856295585632324,8.998518943786621,419850
2014-03-27,7.478670597076416,8.856295585632324,8.903703689575195,8.800000190734863,8.900740623474121,379013
2014-03-28,7.476168632507324,8.853333473205566,9.001481056213379,8.835556030273438,8.894815444946289,297000
2014-03-31,7.566245079040527,8.960000038146973,9.007407188415527,8.838519096374512,8.87407398223877,438075
2014-04-01,7.738890171051025,9.164443969726562,9.179259300231934,8.936296463012695,8.989629745483398,661500
2014-04-02,7.696351528167725,9.114073753356934,9.20888900756836,8.97185230255127,9.194073677062988,533925
2014-04-03,7.66882848739624,9.081480979919434,9.161480903625488,9.045926094055176,9.143704414367676,320288
2014-04-04,7.556236267089844,8.948147773742676,9.105184555053711,8.814814567565918,9.105184555053711,784350
2014-04-07,7.533718109130859,8.921481132507324,9.019259452819824,8.859258651733398,8.936296463012695,480600
2014-04-08,7.568748950958252,8.962963104248047,8.998518943786621,8.820740699768066,8.894815444946289,287213
2014-04-09,7.616286277770996,9.019259452819824,9.02814769744873,8.88888931274414,8.962963104248047,223088
2014-04-10,7.426128387451172,8.794074058532715,9.12592601776123,8.74666690826416,8.995555877685547,469463
2014-04-11,7.421125411987305,8.788147926330566,8.882963180541992,8.687406539916992,8.743703842163086,687825
2014-04-14,7.408613681793213,8.773332595825195,8.891852378845215,8.728889465332031,8.865184783935547,330075
2014-04-15,7.388599872589111,8.749629974365234,8.882963180541992,8.696295738220215,8.785184860229492,387113
2014-04-16,7.441140651702881,8.81185245513916,8.847407341003418,8.764444351196289,8.773332595825195,397913
2014-04-17,7.481172561645508,8.859258651733398,8.936296463012695,8.808889389038086,8.808889389038086,374625
2014-04-21,7.506195545196533,8.88888931274414,8.962963104248047,8.856295585632324,8.856295585632324,351338
2014-04-22,7.528716564178467,8.915555953979492,9.004444122314453,8.868147850036621,8.868147850036621,395550
2014-04-23,7.556236267089844,8.948147773742676,9.054815292358398,8.84148120880127,8.912592887878418,276750
2014-04-24,7.533718109130859,8.921481132507324,9.013333320617676,8.82370376586914,8.998518943786621,437400
2014-04-25,7.466161251068115,8.84148120880127,8.924444198608398,8.820740699768066,8.915555953979492,311175
2014-04-28,7.553736209869385,8.945184707641602,8.97185230255127,8.829629898071289,8.880000114440918,471150
2014-04-29,7.483675479888916,8.862221717834473,9.013333320617676,8.844444274902344,8.962963104248047,264263
2014-04-30,7.526210784912109,8.912592887878418,8.95111083984375,8.835556030273438,8.882963180541992,517388
2014-05-01,7.531219959259033,8.918519020080566,8.954073905944824,8.826666831970215,8.936296463012695,402300
2014-05-02,7.538722038269043,8.927407264709473,8.98370361328125,8.877037048339844,8.88888931274414,296663
2014-05-05,7.521209239959717,8.90666675567627,8.960000038146973,8.802963256835938,8.871110916137695,335475
2014-05-06,7.463662624359131,8.838519096374512,8.933333396911621,8.82370376586914,8.862221717834473,384413
2014-05-07,7.590458869934082,8.957036972045898,8.965926170349121,8.829629898071289,8.829629898071289,493425
2014-05-08,7.492535591125488,8.84148120880127,9.04888916015625,8.838519096374512,8.95111083984375,482963
2014-05-09,7.572885036468506,8.936296463012695,8.939258575439453,8.829629898071289,8.829629898071289,360450
2014-05-12,7.645701885223389,9.022221565246582,9.117036819458008,8.962963104248047,8.98370361328125,313875
2014-05-13,7.567864894866943,8.930370330810547,9.031110763549805,8.915555953979492,9.001481056213379,260550
2014-05-14,7.485003471374512,8.832592964172363,8.915555953979492,8.82370376586914,8.885926246643066,423563
2014-05-15,7.525176048278809,8.880000114440918,8.885926246643066,8.773332595825195,8.829629898071289,610538
2014-05-16,7.572885036468506,8.936296463012695,8.957036972045898,8.832592964172363,8.856295585632324,364838
2014-05-19,7.623104572296143,8.995555877685547,9.034073829650879,8.90666675567627,8.939258575439453,285525
2014-05-20,7.510110378265381,8.862221717834473,8.989629745483398,8.817777633666992,8.965926170349121,508275
2014-05-21,7.542752742767334,8.900740623474121,8.954073905944824,8.853333473205566,8.891852378845215,262913
2014-05-22,7.567864894866943,8.930370330810547,8.98370361328125,8.909629821777344,8.924444198608398,284175
2014-05-23,7.66579008102417,9.045926094055176,9.072592735290527,8.942221641540527,8.942221641540527,268988
2014-05-27,7.703453540802002,9.090370178222656,9.15851879119873,9.051852226257324,9.117036819458008,220050
2014-05-28,7.710986137390137,9.099259376525879,9.197036743164062,9.039999961853027,9.081480979919434,487350
2014-05-29,7.67332124710083,9.054815292358398,9.229630470275879,9.019259452819824,9.131852149963379,254813
2014-05-30,7.7009406089782715,9.087407112121582,9.105184555053711,8.977778434753418,9.072592735290527,219038
2014-06-02,7.778781890869141,9.179259300231934,9.205925941467285,8.989629745483398,9.069629669189453,344250
2014-06-03,7.829001426696777,9.238518714904785,9.262222290039062,9.057778358459473,9.152592658996582,803925
2014-06-04,7.778781890869141,9.179259300231934,9.22370433807373,9.140741348266602,9.22370433807373,372938
2014-06-05,7.839038848876953,9.250370025634766,9.33036994934082,9.161480903625488,9.217778205871582,414788
2014-06-06,7.808910369873047,9.214815139770508,9.297778129577637,9.194073677062988,9.297778129577637,314550
2014-06-09,7.844059944152832,9.256296157836914,9.282962799072266,9.179259300231934,9.214815139770508,236588
2014-06-10,7.844059944152832,9.256296157836914,9.274073600769043,9.194073677062988,9.20888900756836,303413
2014-06-11,7.818954944610596,9.226667404174805,9.262222290039062,9.149629592895508,9.25333309173584,507938
2014-06-12,7.756181716918945,9.152592658996582,9.22370433807373,9.117036819458008,9.202962875366211,295313
2014-06-13,7.751156330108643,9.146666526794434,9.256296157836914,9.11111068725586,9.146666526794434,342563
2014-06-16,7.708473205566406,9.096296310424805,9.143704414367676,9.060741424560547,9.117036819458008,312525
2014-06-17,7.716004848480225,9.105184555053711,9.28592586517334,9.066666603088379,9.117036819458008,761063
2014-06-18,7.698430061340332,9.084444046020508,9.117036819458008,9.045926094055176,9.096296310424805,338513
2014-06-19,7.660767078399658,9.039999961853027,9.114073753356934,9.031110763549805,9.11111068725586,343238
2014-06-20,7.635657787322998,9.010370254516602,9.119999885559082,8.980740547180176,9.039999961853027,1058063
2014-06-23,7.562840938568115,8.924444198608398,9.045926094055176,8.921481132507324,9.045926094055176,442125
2014-06-24,7.500069618225098,8.850370407104492,8.954073905944824,8.838519096374512,8.918519020080566,479588
2014-06-25,7.500069618225098,8.850370407104492,8.903703689575195,8.764444351196289,8.805926322937012,835650
2014-06-26,7.452360153198242,8.794074058532715,8.844444274902344,8.731851577758789,8.820740699768066,746213
2014-06-27,7.449853897094727,8.79111099243164,8.865184783935547,8.782221794128418,8.802963256835938,1541025
2014-06-30,7.532711982727051,8.88888931274414,8.912592887878418,8.740740776062012,8.820740699768066,829913
2014-07-01,7.595484733581543,8.962963104248047,8.998518943786621,8.84148120880127,8.88888931274414,1225800
2014-07-02,7.62059211730957,8.992592811584473,9.039999961853027,8.930370330810547,8.954073905944824,848138
2014-07-03,7.650722503662109,9.02814769744873,9.039999961853027,8.97185230255127,9.025184631347656,718200
2014-07-07,7.587949752807617,8.954073905944824,9.037036895751953,8.930370330810547,9.013333320617676,482288
2014-07-08,7.502577781677246,8.853333473205566,8.957036972045898,8.835556030273438,8.939258575439453,641250
2014-07-09,7.437295913696289,8.77629566192627,8.897777557373047,8.758519172668457,8.87407398223877,517725
2014-07-10,7.422231197357178,8.758519172668457,8.802963256835938,8.622221946716309,8.657777786254883,644288
2014-07-11,7.429763317108154,8.767407417297363,8.81185245513916,8.725926399230957,8.752593040466309,340538
2014-07-14,7.417208671569824,8.752593040466309,8.82370376586914,8.722963333129883,8.82370376586914,418163
2014-07-15,7.354436874389648,8.678519248962402,8.81185245513916,8.634074211120605,8.71407413482666,638550
2014-07-16,7.319283962249756,8.63703727722168,8.711111068725586,8.527406692504883,8.711111068725586,914625
2014-07-17,7.266557216644287,8.574814796447754,8.705184936523438,8.562962532043457,8.631111145019531,536963
2014-07-18,7.316775321960449,8.634074211120605,8.690369606018066,8.574814796447754,8.604443550109863,378338
2014-07-21,7.306729316711426,8.622221946716309,8.642963409423828,8.530369758605957,8.595556259155273,260888
2014-07-22,7.329327583312988,8.64888858795166,8.720000267028809,8.619258880615234,8.63703727722168,467100
2014-07-23,7.329327583312988,8.64888858795166,8.720000267028809,8.545185089111328,8.720000267028809,511650
2014-07-24,7.37954568862915,8.708148002624512,8.764444351196289,8.628148078918457,8.654814720153809,385425
2014-07-25,7.321795463562012,8.640000343322754,8.699258804321289,8.61629581451416,8.678519248962402,347625
2014-07-28,7.309241771697998,8.625185012817383,8.696295738220215,8.565925598144531,8.660740852355957,492413
2014-07-29,7.254000186920166,8.5600004196167,8.66963005065918,8.557037353515625,8.645926475524902,600750
2014-07-30,7.213828086853027,8.512593269348145,8.5925931930542,8.503704071044922,8.562962532043457,374288
2014-07-31,7.108368873596191,8.388148307800293,8.527406692504883,8.352593421936035,8.44148063659668,843750
2014-08-01,7.078237533569336,8.352593421936035,8.45629596710205,8.31407356262207,8.388148307800293,1008788
2014-08-04,7.148542881011963,8.435556411743164,8.465185165405273,8.290369987487793,8.388148307800293,629775
2014-08-05,7.178675174713135,8.471111297607422,8.50963020324707,8.3970365524292,8.3970365524292,511650
2014-08-06,7.190013885498047,8.453332901000977,8.500741004943848,8.33481502532959,8.414814949035645,405675
2014-08-07,7.172374248504639,8.43259334564209,8.503704071044922,8.423704147338867,8.503704071044922,368550
2014-08-08,7.2429399490356445,8.515556335449219,8.533332824707031,8.426667213439941,8.435556411743164,307125
2014-08-11,7.268141269683838,8.545185089111328,8.595556259155273,8.515556335449219,8.574814796447754,501525
2014-08-12,7.28830099105835,8.568888664245605,8.5925931930542,8.4948148727417,8.515556335449219,464063
2014-08-13,7.361387252807617,8.654814720153809,8.66963005065918,8.545185089111328,8.5925931930542,306113
2014-08-14,7.368945598602295,8.663703918457031,8.705184936523438,8.634074211120605,8.68148136138916,375975
2014-08-15,7.381547927856445,8.678519248962402,8.749629974365234,8.61629581451416,8.711111068725586,456300
2014-08-18,7.4596710205078125,8.770369529724121,8.800000190734863,8.720000267028809,8.720000267028809,280800
2014-08-19,7.489912509918213,8.805926322937012,8.820740699768066,8.770369529724121,8.773332595825195,209588
2014-08-20,7.494954586029053,8.81185245513916,8.832592964172363,8.761481285095215,8.779258728027344,381038
2014-08-21,7.505031585693359,8.82370376586914,8.832592964172363,8.743703842163086,8.770369529724121,365513
2014-08-22,7.489912509918213,8.805926322937012,8.856295585632324,8.800000190734863,8.805926322937012,366525
2014-08-25,7.47731351852417,8.79111099243164,8.868147850036621,8.767407417297363,8.868147850036621,404663
2014-08-26,7.494954586029053,8.81185245513916,8.835556030273438,8.74666690826416,8.817777633666992,359438
2014-08-27,7.47731351852417,8.79111099243164,8.844444274902344,8.764444351196289,8.844444274902344,357750
2014-08-28,7.472271919250488,8.785184860229492,8.814814567565918,8.717037200927734,8.758519172668457,346613
2014-08-29,7.49747371673584,8.814814567565918,8.820740699768066,8.731851577758789,8.797037124633789,446850
2014-09-02,7.648683071136475,8.992592811584473,9.001481056213379,8.782221794128418,8.844444274902344,948038
2014-09-03,7.615921974182129,8.954073905944824,9.069629669189453,8.918519020080566,9.010370254516602,414450
2014-09-04,7.628521919250488,8.968889236450195,9.001481056213379,8.936296463012695,8.980740547180176,596025
2014-09-05,7.673884868621826,9.022221565246582,9.051852226257324,8.90666675567627,8.939258575439453,289238
2014-09-08,7.68396520614624,9.034073829650879,9.045926094055176,8.957036972045898,9.010370254516602,421875
2014-09-09,7.646164417266846,8.989629745483398,9.034073829650879,8.954073905944824,9.034073829650879,455288
2014-09-10,7.656244277954102,9.001481056213379,9.037036895751953,8.962963104248047,9.025184631347656,453263
2014-09-11,7.6512017250061035,8.995555877685547,9.037036895751953,8.936296463012695,8.954073905944824,376988
2014-09-12,7.615921974182129,8.954073905944824,9.013333320617676,8.921481132507324,9.004444122314453,278438
2014-09-15,7.615921974182129,8.954073905944824,9.004444122314453,8.915555953979492,8.980740547180176,251438
2014-09-16,7.605840682983398,8.942221641540527,9.013333320617676,8.868147850036621,8.945184707641602,608175
2014-09-17,7.595760345458984,8.930370330810547,8.97185230255127,8.885926246643066,8.924444198608398,313538
2014-09-18,7.570556163787842,8.900740623474121,8.957036972045898,8.885926246643066,8.957036972045898,323325
2014-09-19,7.52015495300293,8.84148120880127,8.957036972045898,8.84148120880127,8.945184707641602,900113
2014-09-22,7.472271919250488,8.785184860229492,8.850370407104492,8.752593040466309,8.820740699768066,395213
2014-09-23,7.3765082359313965,8.672593116760254,8.779258728027344,8.663703918457031,8.737777709960938,444150
2014-09-24,7.421868324279785,8.725926399230957,8.770369529724121,8.634074211120605,8.642963409423828,423563
2014-09-25,7.313503742218018,8.598519325256348,8.734814643859863,8.5925931930542,8.678519248962402,464738
2014-09-26,7.366424560546875,8.660740852355957,8.687406539916992,8.557037353515625,8.589630126953125,410063
2014-09-29,7.399186134338379,8.699258804321289,8.708148002624512,8.577777862548828,8.577777862548828,329400
2014-09-30,7.379025459289551,8.675556182861328,8.702221870422363,8.625185012817383,8.684444427490234,455963
2014-10-01,7.245457172393799,8.518519401550293,8.705184936523438,8.474074363708496,8.68148136138916,1402650
2014-10-02,7.2202558517456055,8.48888874053955,8.619258880615234,8.44148063659668,8.533332824707031,553838
2014-10-03,7.2303385734558105,8.500741004943848,8.548148155212402,8.491851806640625,8.545185089111328,339188
2014-10-06,7.222777843475342,8.491851806640625,8.545185089111328,8.447406768798828,8.530369758605957,282488
2014-10-07,7.157251358032227,8.414814949035645,8.479999542236328,8.391111373901367,8.438518524169922,654075
2014-10-08,7.247976303100586,8.521480560302734,8.536295890808105,8.325925827026367,8.405925750732422,537638
2014-10-09,7.205136775970459,8.471111297607422,8.524443626403809,8.423704147338867,8.491851806640625,879525
2014-10-10,7.094248294830322,8.340741157531738,8.50963020324707,8.33481502532959,8.497777938842773,439425
2014-10-13,6.973280429840088,8.198518753051758,8.367406845092773,8.186667442321777,8.346667289733887,384075
2014-10-14,7.05392599105835,8.293333053588867,8.305185317993164,8.183704376220703,8.239999771118164,747563
2014-10-15,7.091728210449219,8.337778091430664,8.417778015136719,8.186667442321777,8.186667442321777,841388
2014-10-16,7.19757604598999,8.4622220993042,8.465185165405273,8.183704376220703,8.183704376220703,1172813
2014-10-17,7.260579586029053,8.536295890808105,8.557037353515625,8.471111297607422,8.530369758605957,609188
2014-10-20,7.316020965576172,8.601481437683105,8.601481437683105,8.471111297607422,8.524443626403809,533250
2014-10-21,7.492433071136475,8.808889389038086,8.808889389038086,8.660740852355957,8.660740852355957,386100
2014-10-22,7.46722936630249,8.779258728027344,8.880000114440918,8.767407417297363,8.850370407104492,354713
2014-10-23,7.525193214416504,8.847407341003418,8.924444198608398,8.82370376586914,8.871110916137695,292613
2014-10-24,7.525193214416504,8.847407341003418,8.897777557373047,8.814814567565918,8.850370407104492,155588
2014-10-27,7.545355796813965,8.871110916137695,8.88888931274414,8.785184860229492,8.800000190734863,259875
2014-10-28,7.721767902374268,9.078518867492676,9.081480979919434,8.909629821777344,8.921481132507324,383738
2014-10-29,7.847777366638184,9.226667404174805,9.33036994934082,8.974815368652344,9.185185432434082,778275
2014-10-30,7.958662986755371,9.357036590576172,9.434074401855469,9.199999809265137,9.199999809265137,590625
2014-10-31,8.031746864318848,9.442962646484375,9.51111125946045,9.371851921081543,9.466667175292969,535613
2014-11-03,8.024185180664062,9.434074401855469,9.55851936340332,9.389630317687988,9.457777976989746,515363
2014-11-04,8.099788665771484,9.52296257019043,9.58814811706543,9.410369873046875,9.472593307495117,502200
2014-11-05,8.12247371673584,9.549630165100098,9.629630088806152,9.451851844787598,9.594074249267578,456638
2014-11-06,8.25055980682373,9.638519287109375,9.662221908569336,9.502222061157227,9.5377779006958,525150
2014-11-07,8.235336303710938,9.62074089050293,9.677037239074707,9.561481475830078,9.614814758300781,373275
2014-11-10,8.235336303710938,9.62074089050293,9.682963371276855,9.594074249267578,9.629630088806152,776588
2014-11-11,8.237875938415527,9.623703956604004,9.644444465637207,9.55851936340332,9.611851692199707,586238
2014-11-12,8.245478630065918,9.632593154907227,9.668148040771484,9.561481475830078,9.561481475830078,624038
2014-11-13,8.372296333312988,9.780740737915039,9.780740737915039,9.617777824401855,9.691851615905762,498488
2014-11-14,8.331717491149902,9.733332633972168,9.87259292602539,9.709630012512207,9.798519134521484,531900
2014-11-17,8.344400405883789,9.748147964477539,9.771851539611816,9.703703880310059,9.739258766174316,773888
2014-11-18,8.344400405883789,9.748147964477539,9.893333435058594,9.721481323242188,9.748147964477539,509288
2014-11-19,8.349471092224121,9.754074096679688,9.798519134521484,9.641481399536133,9.721481323242188,386100
2014-11-20,8.369757652282715,9.777777671813965,9.85777759552002,9.671111106872559,9.712593078613281,1144800
2014-11-21,8.215047836303711,9.597037315368652,9.863703727722168,9.56740665435791,9.863703727722168,427950
2014-11-24,8.313963890075684,9.712593078613281,9.721481323242188,9.591111183166504,9.641481399536133,564975
2014-11-25,8.293673515319824,9.688888549804688,9.765926361083984,9.656295776367188,9.733332633972168,724950
2014-11-26,8.242942810058594,9.629630088806152,9.730369567871094,9.611851692199707,9.706666946411133,334125
2014-11-28,8.25055980682373,9.638519287109375,9.736295700073242,9.611851692199707,9.688888549804688,268650
2014-12-01,8.164320945739746,9.5377779006958,9.706666946411133,9.520000457763672,9.629630088806152,376313
2014-12-02,8.240412712097168,9.626667022705078,9.6355562210083,9.496295928955078,9.525925636291504,331763
2014-12-03,8.273381233215332,9.66518497467041,9.691851615905762,9.573332786560059,9.650369644165039,292613
2014-12-04,8.260699272155762,9.650369644165039,9.715556144714355,9.579258918762207,9.66518497467041,391500
2014-12-05,8.433167457580566,9.851852416992188,9.881481170654297,9.650369644165039,9.650369644165039,639225
2014-12-08,8.33425235748291,9.736295700073242,9.985184669494629,9.706666946411133,9.881481170654297,577463
2014-12-09,8.341862678527832,9.745184898376465,9.771851539611816,9.5377779006958,9.641481399536133,411750
2014-12-10,8.235336303710938,9.62074089050293,9.834074020385742,9.605925559997559,9.754074096679688,322313
2014-12-11,8.286062240600586,9.680000305175781,9.842963218688965,9.644444465637207,9.680000305175781,314888
2014-12-12,8.311426162719727,9.709630012512207,9.760000228881836,9.608888626098633,9.608888626098633,394875
2014-12-15,8.265769958496094,9.656295776367188,9.822221755981445,9.644444465637207,9.751111030578613,877163
2014-12-16,8.265769958496094,9.656295776367188,9.828147888183594,9.600000381469727,9.626667022705078,631125
2014-12-17,8.390049934387207,9.801481246948242,9.813332557678223,9.478519439697266,9.671111106872559,470813
2014-12-18,8.496576309204102,9.925926208496094,9.93777847290039,9.798519134521484,9.92296314239502,569025
2014-12-19,8.357076644897461,9.76296329498291,9.925926208496094,9.748147964477539,9.905184745788574,1023300
2014-12-22,8.443315505981445,9.863703727722168,9.881481170654297,9.74222183227539,9.798519134521484,370238
2014-12-23,8.511794090270996,9.943703651428223,10.02074146270752,9.87259292602539,9.911110877990723,475538
2014-12-24,8.46613883972168,9.89037036895752,10.014815330505371,9.866666793823242,9.905184745788574,340200
2014-12-26,8.478824615478516,9.905184745788574,10.017778396606445,9.869629859924316,9.95555591583252,234900
2014-12-29,8.5701265335083,10.011852264404297,10.02074146270752,9.854814529418945,9.854814529418945,261225
2014-12-30,8.519401550292969,9.952592849731445,10.04444408416748,9.934815406799316,9.985184669494629,180563
2014-12-31,8.395124435424805,9.80740737915039,10.053333282470703,9.801481246948242,9.970370292663574,497475
2015-01-02,8.230265617370605,9.614814758300781,9.925926208496094,9.478519439697266,9.87259292602539,866025
2015-01-05,8.222658157348633,9.605925559997559,9.700740814208984,9.502222061157227,9.531851768493652,412763
2015-01-06,8.093306541442871,9.454814910888672,9.647406578063965,9.41333293914795,9.647406578063965,405675
2015-01-07,8.270848274230957,9.662221908569336,9.842963218688965,9.380741119384766,9.502222061157227,602775
2015-01-08,8.455998420715332,9.878519058227539,9.976296424865723,9.68592643737793,9.768889427185059,745875
2015-01-09,8.34693431854248,9.751111030578613,9.93777847290039,9.739258766174316,9.884444236755371,328050
2015-01-12,8.225192070007324,9.608888626098633,9.810370445251465,9.6029634475708,9.789629936218262,397575
2015-01-13,8.293673515319824,9.688888549804688,9.813332557678223,9.594074249267578,9.653332710266113,623700
2015-01-14,8.265769958496094,9.656295776367188,9.706666946411133,9.6029634475708,9.611851692199707,436388
2015-01-15,8.161786079406738,9.534814834594727,9.671111106872559,9.475556373596191,9.671111106872559,334463
2015-01-16,8.2962064743042,9.691851615905762,9.706666946411133,9.496295928955078,9.496295928955078,512325
2015-01-20,8.258162498474121,9.647406578063965,9.777777671813965,9.517037391662598,9.682963371276855,335813
2015-01-21,8.319034576416016,9.71851921081543,9.730369567871094,9.528888702392578,9.650369644165039,839363
2015-01-22,8.455998420715332,9.878519058227539,9.893333435058594,9.677037239074707,9.789629936218262,384075
2015-01-23,8.45092487335205,9.87259292602539,9.928889274597168,9.816295623779297,9.911110877990723,249075
2015-01-26,8.532082557678223,9.9674072265625,9.976296424865723,9.736295700073242,9.854814529418945,495113
2015-01-27,8.532082557678223,9.9674072265625,10.017778396606445,9.878519058227539,9.899258613586426,443475
2015-01-28,8.838974952697754,10.325925827026367,10.328888893127441,9.93777847290039,10.079999923706055,796163
2015-01-29,8.615779876708984,10.065184593200684,10.376296043395996,9.810370445251465,10.376296043395996,986513
2015-01-30,8.382442474365234,9.792593002319336,10.0325927734375,9.786666870117188,10.023703575134277,773888
2015-02-02,8.42809772491455,9.845926284790039,9.893333435058594,9.66518497467041,9.810370445251465,696263
2015-02-03,8.52447509765625,9.958518981933594,10.017778396606445,9.887407302856445,9.911110877990723,546413
2015-02-04,8.397659301757812,9.810370445251465,10.035555839538574,9.789629936218262,9.940740585327148,554513
2015-02-05,8.56758975982666,10.008889198303223,10.011852264404297,9.84000015258789,9.863703727722168,371925
2015-02-06,8.52686595916748,9.925926208496094,10.038518905639648,9.860740661621094,10.005926132202148,654750
2015-02-09,8.567590713500977,9.973333358764648,10.017778396606445,9.866666793823242,9.92296314239502,384413
2015-02-10,8.473417282104492,9.863703727722168,10.07703685760498,9.754074096679688,10.050370216369629,506925
2015-02-11,8.52686595916748,9.925926208496094,9.958518981933594,9.837037086486816,9.837037086486816,358763
2015-02-12,8.590498924255371,10.0,10.005926132202148,9.9022216796875,9.976296424865723,364838
2015-02-13,8.587952613830566,9.997036933898926,10.04444408416748,9.9022216796875,9.994073867797852,378675
2015-02-17,8.570137023925781,9.976296424865723,10.065184593200684,9.899258613586426,9.9674072265625,938588
2015-02-18,8.623589515686035,10.038518905639648,10.056296348571777,9.934815406799316,9.934815406799316,433013
2015-02-19,8.56505012512207,9.970370292663574,10.071110725402832,9.908147811889648,9.994073867797852,509288
2015-02-20,8.623589515686035,10.038518905639648,10.053333282470703,9.848889350891113,9.931852340698242,596700
2015-02-23,8.598136901855469,10.008889198303223,10.04444408416748,9.934815406799316,10.04444408416748,366188
2015-02-24,8.63631534576416,10.053333282470703,10.053333282470703,9.925926208496094,10.014815330505371,325688
2015-02-25,8.559954643249512,9.964444160461426,10.074073791503906,9.920000076293945,10.074073791503906,381375
2015-02-26,8.572683334350586,9.97925853729248,9.991110801696777,9.834074020385742,9.991110801696777,467438
2015-02-27,8.537049293518066,9.93777847290039,9.997036933898926,9.896295547485352,9.985184669494629,357413
2015-03-02,8.697404861450195,10.124444007873535,10.177778244018555,9.934815406799316,9.994073867797852,623700
2015-03-03,8.68976879119873,10.115555763244629,10.157036781311035,9.973333358764648,10.074073791503906,450563
2015-03-04,8.631226539611816,10.047407150268555,10.085926055908203,9.961481094360352,10.085926055908203,428288
2015-03-05,8.654129981994629,10.074073791503906,10.10962963104248,9.964444160461426,10.079999923706055,589613
2015-03-06,8.600683212280273,10.011852264404297,10.0977783203125,9.958518981933594,10.056296348571777,1132313
2015-03-09,8.656679153442383,10.07703685760498,10.151110649108887,9.988147735595703,10.029629707336426,525150
2015-03-10,8.437784194946289,9.822221755981445,10.071110725402832,9.798519134521484,10.026666641235352,524813
2015-03-11,8.567590713500977,9.973333358764648,10.20444393157959,9.777777671813965,10.20444393157959,748125
2015-03-12,8.582860946655273,9.991110801696777,10.053333282470703,9.915555953979492,10.0,541575
2015-03-13,8.827217102050781,10.275555610656738,10.284443855285645,10.017778396606445,10.017778396606445,955350
2015-03-16,9.010479927062988,10.48888874053955,10.524443626403809,10.30222225189209,10.337778091430664,890325
2015-03-17,9.147929191589355,10.64888858795166,10.662221908569336,10.426667213439941,10.4622220993042,844200
2015-03-18,9.212831497192383,10.724444389343262,10.777777671813965,10.48888874053955,10.64888858795166,673650
2015-03-19,9.308283805847168,10.835556030273438,10.93777847290039,10.720000267028809,10.93777847290039,885150
2015-03-20,9.426642417907715,10.973333358764648,11.035555839538574,10.804444313049316,10.880000114440918,1764000
2015-03-23,9.503005027770996,11.06222152709961,11.11111068725586,10.90666675567627,10.991110801696777,841725
2015-03-24,9.453369140625,11.004444122314453,11.102222442626953,10.986666679382324,11.088889122009277,660150
2015-03-25,9.281558990478516,10.804444313049316,11.088889122009277,10.782221794128418,11.066666603088379,559800
2015-03-26,9.293009757995605,10.817777633666992,10.884444236755371,10.702221870422363,10.751111030578613,438525
2015-03-27,9.365556716918945,10.9022216796875,10.915555953979492,10.768889427185059,10.800000190734863,385875
2015-03-30,9.430458068847656,10.977778434753418,11.071110725402832,10.875555992126465,10.95111083984375,610875
2015-03-31,9.441914558410645,10.991110801696777,11.035555839538574,10.9022216796875,10.942221641540527,646200
2015-04-01,9.419007301330566,10.964444160461426,11.017778396606445,10.826666831970215,11.017778396606445,549900
2015-04-02,9.522090911865234,11.084444046020508,11.217778205871582,10.93777847290039,10.942221641540527,1093275
2015-04-06,9.628995895385742,11.20888900756836,11.222222328186035,11.026666641235352,11.053333282470703,991575
2015-04-07,9.544999122619629,11.11111068725586,11.239999771118164,11.06222152709961,11.195555686950684,708075
2015-04-08,9.606088638305664,11.182222366333008,11.222222328186035,11.04444408416748,11.146666526794434,663075
2015-04-09,9.617541313171387,11.195555686950684,11.231110572814941,11.0977783203125,11.15999984741211,426600
2015-04-10,9.55263614654541,11.119999885559082,11.244443893432617,11.102222442626953,11.199999809265137,386775
2015-04-13,9.499185562133789,11.057778358459473,11.146666526794434,11.035555839538574,11.071110725402832,318825
2015-04-14,9.46863842010498,11.022221565246582,11.115555763244629,10.946666717529297,11.031110763549805,392400
2015-04-15,9.441914558410645,10.991110801696777,11.11111068725586,10.960000038146973,11.04888916015625,525375
2015-04-16,9.396100997924805,10.93777847290039,10.973333358764648,10.884444236755371,10.942221641540527,642375
2015-04-17,9.300649642944336,10.826666831970215,10.884444236755371,10.768889427185059,10.884444236755371,388350
2015-04-20,9.39991569519043,10.942221641540527,11.04444408416748,10.875555992126465,10.884444236755371,429975
2015-04-21,9.441914558410645,10.991110801696777,11.04444408416748,10.960000038146973,11.017778396606445,739800
2015-04-22,9.613725662231445,11.191110610961914,11.213333129882812,10.897777557373047,11.004444122314453,646425
2015-04-23,9.754989624023438,11.355555534362793,11.386667251586914,11.15999984741211,11.164443969726562,606150
2015-04-24,9.66717529296875,11.25333309173584,11.377778053283691,11.195555686950684,11.368888854980469,421875
2015-04-27,9.586999893188477,11.15999984741211,11.297778129577637,11.106666564941406,11.271110534667969,569250
2015-04-28,9.617541313171387,11.195555686950684,11.284443855285645,11.09333324432373,11.155555725097656,456750
2015-04-29,9.461002349853516,11.013333320617676,11.20888900756836,10.920000076293945,11.20444393157959,638100
2015-04-30,9.46863842010498,11.022221565246582,11.293333053588867,10.964444160461426,10.995555877685547,1058625
2015-05-01,9.464824676513672,11.017778396606445,11.115555763244629,10.968889236450195,11.075555801391602,695925
2015-05-04,9.476276397705078,11.031110763549805,11.088889122009277,10.982221603393555,11.06222152709961,591075
2015-05-05,9.380826950073242,10.920000076293945,11.09333324432373,10.862221717834473,10.995555877685547,577350
2015-05-06,9.354013442993164,10.853333473205566,10.946666717529297,10.786666870117188,10.946666717529297,547875
2015-05-07,9.319539070129395,10.813332557678223,10.933333396911621,10.760000228881836,10.817777633666992,487125
2015-05-08,9.32719898223877,10.822221755981445,10.986666679382324,10.804444313049316,10.893333435058594,512550
2015-05-11,9.33103084564209,10.826666831970215,10.884444236755371,10.764444351196289,10.79555606842041,476775
2015-05-12,9.28123664855957,10.768889427185059,10.808889389038086,10.613332748413086,10.786666870117188,637425
2015-05-13,9.277403831481934,10.764444351196289,10.866666793823242,10.74222183227539,10.817777633666992,360450
2015-05-14,9.419132232666016,10.928889274597168,10.93777847290039,10.79111099243164,10.813332557678223,360450
2015-05-15,9.415299415588379,10.924444198608398,10.946666717529297,10.853333473205566,10.9022216796875,276975
2015-05-18,9.399980545043945,10.90666675567627,10.95111083984375,10.866666793823242,10.897777557373047,375525
2015-05-19,9.449776649475098,10.964444160461426,10.991110801696777,10.928889274597168,10.93777847290039,560250
2015-05-20,9.44594669342041,10.960000038146973,11.0,10.897777557373047,10.982221603393555,409275
2015-05-21,9.399980545043945,10.90666675567627,11.004444122314453,10.848889350891113,10.933333396911621,358200
2015-05-22,9.419132232666016,10.928889274597168,10.995555877685547,10.871110916137695,10.9022216796875,436050
2015-05-26,9.376996994018555,10.880000114440918,10.960000038146973,10.835556030273438,10.871110916137695,1018800
2015-05-27,9.468929290771484,10.986666679382324,11.022221565246582,10.84000015258789,10.897777557373047,654525
2015-05-28,9.511059761047363,11.035555839538574,11.04888916015625,10.93777847290039,10.968889236450195,562950
2015-05-29,9.507232666015625,11.031110763549805,11.066666603088379,10.933333396911621,11.022221565246582,621450
2015-06-01,9.514893531799316,11.039999961853027,11.106666564941406,10.986666679382324,11.039999961853027,607725
2015-06-02,9.507232666015625,11.031110763549805,11.06222152709961,10.93777847290039,11.013333320617676,901575
2015-06-03,9.71407699584961,11.271110534667969,11.275555610656738,11.039999961853027,11.079999923706055,697950
2015-06-04,9.691094398498535,11.244443893432617,11.266667366027832,11.182222366333008,11.199999809265137,533025
2015-06-05,9.763870239257812,11.328888893127441,11.342222213745117,11.14222240447998,11.226667404174805,560925
2015-06-08,9.80984115600586,11.382222175598145,11.4622220993042,11.311111450195312,11.337778091430664,404550
2015-06-09,9.974549293518066,11.573332786560059,11.595556259155273,11.337778091430664,11.373332977294922,800775
2015-06-10,10.100954055786133,11.720000267028809,11.74222183227539,11.577777862548828,11.608888626098633,694350
2015-06-11,10.208209991455078,11.844444274902344,11.848889350891113,11.706666946411133,11.720000267028809,673200
2015-06-12,10.21586799621582,11.853333473205566,11.862221717834473,11.760000228881836,11.862221717834473,446850
2015-06-15,10.15841293334961,11.786666870117188,11.79555606842041,11.604443550109863,11.79555606842041,478350
2015-06-16,10.261833190917969,11.90666675567627,11.924444198608398,11.786666870117188,11.786666870117188,460350
2015-06-17,10.361427307128906,12.022221565246582,12.039999961853027,11.831110954284668,11.93777847290039,676575
2015-06-18,10.438036918640137,12.11111068725586,12.164443969726562,12.026666641235352,12.066666603088379,1039725
2015-06-19,10.388237953186035,12.053333282470703,12.248888969421387,12.017778396606445,12.155555725097656,1052775
2015-06-22,10.315461158752441,11.968889236450195,12.164443969726562,11.911110877990723,12.102222442626953,598275
2015-06-23,10.303974151611328,11.95555591583252,12.0,11.880000114440918,11.964444160461426,504000
2015-06-24,10.23885440826416,11.880000114440918,11.946666717529297,11.826666831970215,11.915555953979492,497925
2015-06-25,10.560613632202148,12.25333309173584,12.25777816772461,11.862221717834473,11.924444198608398,1081800
2015-06-26,10.648713111877441,12.355555534362793,12.4399995803833,12.177778244018555,12.271110534667969,2101050
2015-06-29,10.874710083007812,12.617777824401855,12.680000305175781,12.311111450195312,12.3644437789917,1970325
2015-06-30,10.928339004516602,12.680000305175781,12.88888931274414,12.479999542236328,12.684444427490234,6349275
2015-07-01,10.60274887084961,12.30222225189209,12.64888858795166,11.9022216796875,12.502222061157227,2522925
2015-07-02,10.38441276550293,12.04888916015625,12.30666732788086,11.968889236450195,12.293333053588867,1330875
2015-07-06,10.533798217773438,12.222222328186035,12.248888969421387,11.911110877990723,11.93777847290039,1030275
2015-07-07,10.614238739013672,12.315555572509766,12.319999694824219,12.106666564941406,12.275555610656738,1099350
2015-07-08,10.503155708312988,12.186667442321777,12.262222290039062,12.084444046020508,12.248888969421387,1228050
2015-07-09,10.461019515991211,12.137778282165527,12.324443817138672,12.0977783203125,12.30666732788086,944775
2015-07-10,10.552950859069824,12.244443893432617,12.271110534667969,12.168889045715332,12.226667404174805,983700
2015-07-13,10.598915100097656,12.297778129577637,12.368888854980469,12.199999809265137,12.30222225189209,1038825
2015-07-14,10.710000991821289,12.426667213439941,12.435556411743164,12.297778129577637,12.324443817138672,469125
2015-07-15,10.767455101013184,12.493332862854004,12.515556335449219,12.382222175598145,12.444443702697754,934200
2015-07-16,10.951322555541992,12.706666946411133,12.728889465332031,12.524443626403809,12.528888702392578,1060425
2015-07-17,10.870878219604492,12.613332748413086,12.720000267028809,12.520000457763672,12.711111068725586,929250
2015-07-20,10.958979606628418,12.715556144714355,12.728889465332031,12.577777862548828,12.595556259155273,1183500
2015-07-21,10.805760383605957,12.5377779006958,12.69777774810791,12.417778015136719,12.680000305175781,1199475
2015-07-22,10.97047233581543,12.728889465332031,12.728889465332031,12.48888874053955,12.48888874053955,608850
2015-07-23,10.958979606628418,12.715556144714355,12.831110954284668,12.684444427490234,12.706666946411133,877500
2015-07-24,10.847895622253418,12.58666706085205,12.69777774810791,12.502222061157227,12.688888549804688,586125
2015-07-27,10.836404800415039,12.573332786560059,12.613332748413086,12.466667175292969,12.533332824707031,781425
2015-07-28,10.88620376586914,12.631111145019531,12.680000305175781,12.444443702697754,12.568888664245605,808650
2015-07-29,11.062402725219727,12.835556030273438,12.88888931274414,12.493332862854004,12.58666706085205,1451925
2015-07-30,11.246267318725586,13.04888916015625,13.04888916015625,12.720000267028809,12.831110954284668,1681650
2015-07-31,11.108372688293457,12.88888931274414,13.137778282165527,12.880000114440918,13.088889122009277,866025
2015-08-03,11.058571815490723,12.831110954284668,12.95111083984375,12.782221794128418,12.884444236755371,1008675
2015-08-04,11.345857620239258,13.164443969726562,13.248888969421387,12.844444274902344,12.844444274902344,971550
2015-08-05,11.56419563293457,13.417778015136719,13.4622220993042,13.231110572814941,13.25777816772461,1252350
2015-08-06,11.310713768005371,13.088889122009277,13.457777976989746,12.982221603393555,13.386667251586914,1135575
2015-08-07,11.360640525817871,13.146666526794434,13.177778244018555,13.004444122314453,13.066666603088379,784350
2015-08-10,11.406726837158203,13.199999809265137,13.35111141204834,13.155555725097656,13.235555648803711,627525
2015-08-11,11.299192428588867,13.075555801391602,13.457777976989746,13.053333282470703,13.128889083862305,1205100
2015-08-12,11.356802940368652,13.14222240447998,13.151110649108887,12.844444274902344,13.022221565246582,522900
2015-08-13,11.414413452148438,13.20888900756836,13.311111450195312,13.084444046020508,13.128889083862305,841950
2015-08-14,11.464337348937988,13.266667366027832,13.30222225189209,13.15999984741211,13.191110610961914,392400
2015-08-17,11.6563720703125,13.48888874053955,13.506667137145996,13.177778244018555,13.20444393157959,870300
2015-08-18,11.591079711914062,13.41333293914795,13.520000457763672,13.373332977294922,13.471111297607422,611100
2015-08-19,11.483542442321777,13.288888931274414,13.41333293914795,13.271110534667969,13.35111141204834,475425
2015-08-20,11.160924911499023,12.915555953979492,13.239999771118164,12.90666675567627,13.20444393157959,901575
2015-08-21,10.83062744140625,12.533332824707031,12.897777557373047,12.528888702392578,12.84000015258789,1149300
2015-08-24,10.223809242248535,11.831110954284668,12.41333293914795,11.546667098999023,11.95555591583252,2244825
2015-08-25,10.53490161895752,12.191110610961914,12.373332977294922,12.0,12.25777816772461,1203300
2015-08-26,10.738456726074219,12.426667213439941,12.51111125946045,11.991110801696777,12.48888874053955,911475
2015-08-27,10.819112777709961,12.520000457763672,12.662221908569336,12.337778091430664,12.568888664245605,948150
2015-08-28,10.757658958435059,12.448888778686523,12.591111183166504,12.25777816772461,12.5377779006958,802350
2015-08-31,10.723091125488281,12.408888816833496,12.484443664550781,12.315555572509766,12.391111373901367,851850
2015-09-01,10.519538879394531,12.173333168029785,12.342222213745117,12.151110649108887,12.244443893432617,742950
2015-09-02,10.738456726074219,12.426667213439941,12.431111335754395,12.262222290039062,12.311111450195312,615825
2015-09-03,10.895922660827637,12.608888626098633,12.680000305175781,12.453332901000977,12.457777976989746,733725
2015-09-04,10.811429977416992,12.51111125946045,12.564443588256836,12.444443702697754,12.479999542236328,491850
2015-09-08,10.968897819519043,12.69333267211914,12.706666946411133,12.506667137145996,12.666666984558105,586800
2015-09-09,10.991936683654785,12.720000267028809,12.848889350891113,12.657777786254883,12.804444313049316,611100
2015-09-10,10.869040489196777,12.577777862548828,12.800000190734863,12.5377779006958,12.715556144714355,450900
2015-09-11,10.957374572753906,12.680000305175781,12.684444427490234,12.466667175292969,12.533332824707031,313875
2015-09-14,10.861357688903809,12.568888664245605,12.711111068725586,12.5377779006958,12.702221870422363,372825
2015-09-15,10.98809814453125,12.715556144714355,12.733332633972168,12.51111125946045,12.600000381469727,270450
2015-09-16,11.034183502197266,12.768889427185059,12.786666870117188,12.64888858795166,12.733332633972168,317925
2015-09-17,11.01882553100586,12.751111030578613,12.9022216796875,12.69333267211914,12.777777671813965,345825
2015-09-18,10.807588577270508,12.506667137145996,12.706666946411133,12.4622220993042,12.6355562210083,1418850
2015-09-21,10.911286354064941,12.626667022705078,12.804444313049316,12.533332824707031,12.582221984863281,1203075
2015-09-22,10.765337944030762,12.457777976989746,12.528888702392578,12.333333015441895,12.493332862854004,650250
2015-09-23,10.700053215026855,12.382222175598145,12.568888664245605,12.324443817138672,12.48888874053955,580500
2015-09-24,10.592511177062988,12.25777816772461,12.355555534362793,12.119999885559082,12.239999771118164,720000
2015-09-25,10.584831237792969,12.248888969421387,12.444443702697754,12.213333129882812,12.333333015441895,462150
2015-09-28,10.266058921813965,11.880000114440918,12.235555648803711,11.84000015258789,12.231110572814941,636975
2015-09-29,10.085546493530273,11.671111106872559,11.93777847290039,11.626667022705078,11.911110877990723,695925
2015-09-30,10.31982421875,11.942221641540527,12.022221565246582,11.782221794128418,11.817777633666992,1506150
2015-10-01,10.289098739624023,11.90666675567627,12.053333282470703,11.804444313049316,11.982221603393555,868275
2015-10-02,10.32750415802002,11.95111083984375,11.968889236450195,11.617777824401855,11.800000190734863,774225
2015-10-05,10.377437591552734,12.008889198303223,12.191110610961914,11.991110801696777,12.031110763549805,935550
2015-10-06,10.158519744873047,11.755556106567383,12.017778396606445,11.728889465332031,11.991110801696777,870975
2015-10-07,10.492654800415039,12.14222240447998,12.182222366333008,11.768889427185059,11.822221755981445,1133325
2015-10-08,10.60787582397461,12.275555610656738,12.324443817138672,12.079999923706055,12.106666564941406,444375
2015-10-09,10.723091125488281,12.408888816833496,12.426667213439941,12.248888969421387,12.288888931274414,393300
2015-10-12,10.784543991088867,12.479999542236328,12.577777862548828,12.3644437789917,12.395556449890137,572175
2015-10-13,10.696208953857422,12.377778053283691,12.622221946716309,12.373332977294922,12.448888778686523,469575
2015-10-14,10.604032516479492,12.271110534667969,12.493332862854004,12.244443893432617,12.377778053283691,341325
2015-10-15,10.542581558227539,12.199999809265137,12.426667213439941,12.195555686950684,12.30222225189209,615600
2015-10-16,10.561785697937012,12.222222328186035,12.266667366027832,12.133333206176758,12.217778205871582,839925
2015-10-19,10.415839195251465,12.053333282470703,12.386667251586914,12.04444408416748,12.20444393157959,1205550
2015-10-20,10.46576976776123,12.11111068725586,12.20888900756836,12.008889198303223,12.013333320617676,555975
2015-10-21,10.415839195251465,12.053333282470703,12.226667404174805,12.04888916015625,12.155555725097656,426600
2015-10-22,10.481133460998535,12.128889083862305,12.231110572814941,12.088889122009277,12.128889083862305,494775
2015-10-23,10.63092041015625,12.30222225189209,12.359999656677246,12.124444007873535,12.20444393157959,586350
2015-10-26,10.565629959106445,12.226667404174805,12.382222175598145,12.222222328186035,12.279999732971191,335925
2015-10-27,10.458087921142578,12.102222442626953,12.213333129882812,12.06222152709961,12.15999984741211,493650
2015-10-28,10.377437591552734,12.008889198303223,12.288888931274414,11.822221755981445,12.11111068725586,888075
2015-10-29,10.385117530822754,12.017778396606445,12.0977783203125,11.915555953979492,11.920000076293945,472500
2015-10-30,10.30062198638916,11.920000076293945,12.177778244018555,11.897777557373047,12.035555839538574,1029600
2015-11-02,10.227648735046387,11.835556030273438,12.008889198303223,11.800000190734863,11.933333396911621,836775
2015-11-03,10.239173889160156,11.848889350891113,11.88888931274414,11.666666984558105,11.79555606842041,1273500
2015-11-04,10.173882484436035,11.773332595825195,11.911110877990723,11.715556144714355,11.893333435058594,651825
2015-11-05,10.162359237670898,11.760000228881836,11.853333473205566,11.715556144714355,11.808889389038086,717975
2015-11-06,10.274500846862793,11.808889389038086,11.817777633666992,11.613332748413086,11.688888549804688,457425
2015-11-09,10.127558708190918,11.640000343322754,11.817777633666992,11.5600004196167,11.800000190734863,544725
2015-11-10,10.220364570617676,11.74666690826416,11.768889427185059,11.600000381469727,11.604443550109863,534375
2015-11-11,10.185561180114746,11.706666946411133,11.853333473205566,11.706666946411133,11.777777671813965,294525
2015-11-12,10.050213813781738,11.551111221313477,11.706666946411133,11.551111221313477,11.657777786254883,353475
2015-11-13,9.996079444885254,11.48888874053955,11.688888549804688,11.475556373596191,11.484443664550781,367650
2015-11-16,10.050213813781738,11.551111221313477,11.577777862548828,11.426667213439941,11.48888874053955,449100
2015-11-17,10.019278526306152,11.515556335449219,11.626667022705078,11.471111297607422,11.568888664245605,481500
2015-11-18,10.243566513061523,11.773332595825195,11.782221794128418,11.524443626403809,11.5377779006958,557100
2015-11-19,10.320903778076172,11.862221717834473,11.977778434753418,11.768889427185059,11.782221794128418,500400
2015-11-20,10.413708686828613,11.968889236450195,11.977778434753418,11.751111030578613,11.93777847290039,516150
2015-11-23,10.564523696899414,12.14222240447998,12.168889045715332,11.95111083984375,11.95555591583252,690075
2015-11-24,10.38664436340332,11.93777847290039,12.088889122009277,11.915555953979492,12.088889122009277,952875
2015-11-25,10.467846870422363,12.031110763549805,12.071110725402832,11.93777847290039,11.942221641540527,365175
2015-11-27,10.529720306396484,12.102222442626953,12.14222240447998,12.022221565246582,12.04444408416748,191025
2015-11-30,10.498783111572266,12.066666603088379,12.168889045715332,12.0,12.14222240447998,772875
2015-12-01,10.622530937194824,12.20888900756836,12.217778205871582,12.079999923706055,12.09333324432373,428175
2015-12-02,10.537453651428223,12.11111068725586,12.342222213745117,12.102222442626953,12.20888900756836,588825
2015-12-03,10.405976295471191,11.960000038146973,12.275555610656738,11.920000076293945,12.155555725097656,508725
2015-12-04,10.475584983825684,12.039999961853027,12.14222240447998,11.946666717529297,11.986666679382324,268200
2015-12-07,10.510382652282715,12.079999923706055,12.173333168029785,11.973333358764648,12.008889198303223,546750
2015-12-08,10.436915397644043,11.995555877685547,12.075555801391602,11.920000076293945,12.031110763549805,461925
2015-12-09,10.37890911102295,11.928889274597168,12.084444046020508,11.875555992126465,11.964444160461426,740475
2015-12-10,10.448512077331543,12.008889198303223,12.106666564941406,11.893333435058594,11.968889236450195,1057950
2015-12-11,10.204894065856934,11.728889465332031,12.017778396606445,11.69333267211914,11.920000076293945,762750
2015-12-14,10.023148536682129,11.520000457763672,11.728889465332031,11.444443702697754,11.724444389343262,903600
2015-12-15,10.057950019836426,11.5600004196167,11.631111145019531,11.431111335754395,11.600000381469727,742050
2015-12-16,10.344107627868652,11.88888931274414,11.920000076293945,11.600000381469727,11.640000343322754,790875
2015-12-17,10.251299858093262,11.782221794128418,12.031110763549805,11.782221794128418,11.946666717529297,464400
2015-12-18,10.119819641113281,11.631111145019531,11.737777709960938,11.497777938842773,11.737777709960938,2125350
2015-12-21,9.969011306762695,11.457777976989746,11.737777709960938,11.337778091430664,11.666666984558105,661275
2015-12-22,10.015419006347656,11.51111125946045,11.5600004196167,11.391111373901367,11.497777938842773,609075
2015-12-23,10.181694984436035,11.702221870422363,11.755556106567383,11.546667098999023,11.546667098999023,618075
2015-12-24,10.081154823303223,11.58666706085205,11.680000305175781,11.577777862548828,11.6355562210083,297225
2015-12-28,10.286100387573242,11.822221755981445,11.875555992126465,11.51111125946045,11.573332786560059,566550
2015-12-29,10.274500846862793,11.808889389038086,11.968889236450195,11.773332595825195,11.875555992126465,386325
2015-12-30,10.3247709274292,11.866666793823242,11.95555591583252,11.755556106567383,11.786666870117188,386100
2015-12-31,10.015419006347656,11.51111125946045,11.893333435058594,11.506667137145996,11.808889389038086,918675
2016-01-04,9.78339672088623,11.244443893432617,11.408888816833496,11.155555725097656,11.399999618530273,1022850
2016-01-05,9.748595237731934,11.20444393157959,11.386667251586914,11.199999809265137,11.244443893432617,647775
2016-01-06,9.617116928100586,11.053333282470703,11.168889045715332,10.866666793823242,11.066666603088379,969300
2016-01-07,9.388969421386719,10.79111099243164,10.986666679382324,10.724444389343262,10.848889350891113,747225
2016-01-08,9.327095031738281,10.720000267028809,10.88888931274414,10.680000305175781,10.813332557678223,938700
2016-01-11,9.311628341674805,10.702221870422363,10.822221755981445,10.528888702392578,10.751111030578613,2004975
2016-01-12,10.011548042297363,11.506667137145996,11.573332786560059,11.11111068725586,11.128889083862305,1666350
2016-01-13,9.78339672088623,11.244443893432617,11.573332786560059,11.20888900756836,11.542222023010254,1198575
2016-01-14,9.914875030517578,11.395556449890137,11.502222061157227,11.266667366027832,11.266667366027832,824625
2016-01-15,9.85300350189209,11.324443817138672,11.342222213745117,10.911110877990723,11.173333168029785,1682325
2016-01-19,9.864602088928223,11.337778091430664,11.497777938842773,11.248888969421387,11.48888874053955,1244475
2016-01-20,9.930344581604004,11.41333293914795,11.626667022705078,11.06222152709961,11.20444393157959,1368450
2016-01-21,9.856867790222168,11.328888893127441,11.497777938842773,11.266667366027832,11.431111335754395,807525
2016-01-22,10.092753410339355,11.600000381469727,11.604443550109863,11.399999618530273,11.4622220993042,622350
2016-01-25,9.999945640563965,11.493332862854004,11.662221908569336,11.453332901000977,11.595556259155273,463275
2016-01-26,10.228096961975098,11.755556106567383,11.786666870117188,11.506667137145996,11.515556335449219,682200
2016-01-27,10.123690605163574,11.6355562210083,12.0,11.546667098999023,11.880000114440918,867600
2016-01-28,10.193296432495117,11.715556144714355,11.835556030273438,11.58666706085205,11.711111068725586,929925
2016-01-29,10.653462409973145,12.244443893432617,12.25333309173584,11.684444427490234,11.733332633972168,1791675
2016-02-01,10.549055099487305,12.124444007873535,12.235555648803711,12.04444408416748,12.146666526794434,953550
2016-02-02,10.460115432739258,12.022221565246582,12.115555763244629,11.968889236450195,12.039999961853027,695025
2016-02-03,10.51811695098877,12.088889122009277,12.0977783203125,11.84000015258789,12.0977783203125,673650
2016-02-04,10.409842491149902,11.964444160461426,12.182222366333008,11.884444236755371,12.039999961853027,834075
2016-02-05,10.13142204284668,11.644444465637207,11.991110801696777,11.595556259155273,11.928889274597168,898200
2016-02-08,9.898515701293945,11.333333015441895,11.595556259155273,11.168889045715332,11.595556259155273,922050
2016-02-09,9.657848358154297,11.057778358459473,11.386667251586914,10.982221603393555,11.217778205871582,1521225
2016-02-10,9.778180122375488,11.195555686950684,11.3644437789917,11.079999923706055,11.128889083862305,812925
2016-02-11,9.646201133728027,11.04444408416748,11.09333324432373,10.893333435058594,11.04444408416748,989775
2016-02-12,9.972272872924805,11.417778015136719,11.600000381469727,11.15999984741211,11.222222328186035,974700
2016-02-16,10.41479206085205,11.924444198608398,11.964444160461426,11.5377779006958,11.542222023010254,995400
2016-02-17,10.453609466552734,11.968889236450195,12.031110763549805,11.84000015258789,11.973333358764648,776700
2016-02-18,10.434199333190918,11.946666717529297,12.04888916015625,11.911110877990723,11.95555591583252,873675
2016-02-19,10.542890548706055,12.071110725402832,12.182222366333008,11.893333435058594,11.911110877990723,909225
2016-02-22,10.639937400817871,12.182222366333008,12.288888931274414,12.088889122009277,12.168889045715332,583200
2016-02-23,10.507956504821777,12.031110763549805,12.279999732971191,11.982221603393555,12.102222442626953,1266075
2016-02-24,10.670989036560059,12.217778205871582,12.30222225189209,11.831110954284668,11.884444236755371,933750
2016-02-25,10.744742393493652,12.30222225189209,12.311111450195312,12.106666564941406,12.222222328186035,1026450
2016-02-26,10.775799751281738,12.337778091430664,12.35111141204834,12.231110572814941,12.35111141204834,1048275
2016-02-29,10.68651294708252,12.235555648803711,12.377778053283691,12.177778244018555,12.328888893127441,983025
2016-03-01,10.93882942199707,12.524443626403809,12.604443550109863,12.222222328186035,12.30222225189209,1386675
2016-03-02,10.93882942199707,12.524443626403809,12.551111221313477,12.346667289733887,12.4622220993042,990675
2016-03-03,11.094101905822754,12.702221870422363,12.715556144714355,12.426667213439941,12.497777938842773,974700
2016-03-04,11.129039764404297,12.74222183227539,12.826666831970215,12.675556182861328,12.711111068725586,1007325
2016-03-07,11.288190841674805,12.924444198608398,12.93777847290039,12.64888858795166,12.680000305175781,1198575
2016-03-08,10.981529235839844,12.573332786560059,12.884444236755371,12.546667098999023,12.875555992126465,1185300
2016-03-09,10.880602836608887,12.457777976989746,12.671111106872559,12.444443702697754,12.626667022705078,838125
2016-03-10,10.752506256103516,12.311111450195312,12.546667098999023,12.217778205871582,12.502222061157227,738675
2016-03-11,10.779680252075195,12.342222213745117,12.426667213439941,12.115555763244629,12.41333293914795,1032075
2016-03-14,10.709808349609375,12.262222290039062,12.3644437789917,12.222222328186035,12.328888893127441,664425
2016-03-15,10.6942777633667,12.244443893432617,12.266667366027832,12.15999984741211,12.199999809265137,629775
2016-03-16,10.721456527709961,12.275555610656738,12.30666732788086,12.133333206176758,12.151110649108887,768825
2016-03-17,10.752506256103516,12.311111450195312,12.35111141204834,12.25333309173584,12.275555610656738,596700
2016-03-18,10.857314109802246,12.431111335754395,12.448888778686523,12.30666732788086,12.333333015441895,1836000
2016-03-21,10.40314769744873,11.911110877990723,12.151110649108887,11.657777786254883,12.133333206176758,1905750
2016-03-22,10.519598007202148,12.04444408416748,12.226667404174805,11.777777671813965,11.786666870117188,1062675
2016-03-23,10.410910606384277,11.920000076293945,12.035555839538574,11.880000114440918,12.035555839538574,1257750
2016-03-24,10.399266242980957,11.90666675567627,11.93777847290039,11.800000190734863,11.893333435058594,1056375
2016-03-28,10.40314769744873,11.911110877990723,11.982221603393555,11.866666793823242,11.982221603393555,721350
2016-03-29,10.733097076416016,12.288888931274414,12.288888931274414,11.866666793823242,11.893333435058594,1057950
2016-03-30,10.577826499938965,12.11111068725586,12.422222137451172,12.088889122009277,12.337778091430664,2828250
2016-03-31,10.527362823486328,12.053333282470703,12.137778282165527,11.964444160461426,12.066666603088379,2151225
2016-04-01,10.620523452758789,12.15999984741211,12.173333168029785,11.93777847290039,11.982221603393555,1062450
2016-04-04,10.593352317810059,12.128889083862305,12.173333168029785,12.022221565246582,12.173333168029785,642825
2016-04-05,10.40703010559082,11.915555953979492,12.09333324432373,11.866666793823242,12.031110763549805,911700
2016-04-06,10.476900100708008,11.995555877685547,12.031110763549805,11.844444274902344,11.893333435058594,1074375
2016-04-07,10.449728965759277,11.964444160461426,11.973333358764648,11.862221717834473,11.933333396911621,738450
2016-04-08,10.46525764465332,11.982221603393555,12.075555801391602,11.93777847290039,12.057778358459473,336600
2016-04-11,10.40703010559082,11.915555953979492,12.137778282165527,11.90666675567627,12.057778358459473,581400
2016-04-12,10.430318832397461,11.942221641540527,12.017778396606445,11.85777759552002,11.924444198608398,495225
2016-04-13,10.488548278808594,12.008889198303223,12.013333320617676,11.764444351196289,12.013333320617676,673200
2016-04-14,10.41867446899414,11.928889274597168,12.022221565246582,11.9022216796875,12.022221565246582,346050
2016-04-15,10.515721321105957,12.039999961853027,12.04888916015625,11.880000114440918,11.928889274597168,640125
2016-04-18,10.523483276367188,12.04888916015625,12.0977783203125,11.964444160461426,11.964444160461426,411075
2016-04-19,10.49631118774414,12.017778396606445,12.084444046020508,11.95555591583252,12.084444046020508,449550
2016-04-20,10.542890548706055,12.071110725402832,12.11111068725586,11.933333396911621,12.079999923706055,565425
2016-04-21,10.387619018554688,11.893333435058594,12.106666564941406,11.84000015258789,12.039999961853027,606825
2016-04-22,10.457494735717773,11.973333358764648,12.035555839538574,11.88888931274414,11.88888931274414,871650
2016-04-25,10.387619018554688,11.893333435058594,11.973333358764648,11.808889389038086,11.924444198608398,566775
2016-04-26,10.39150333404541,11.897777557373047,12.013333320617676,11.862221717834473,11.90666675567627,649575
2016-04-27,10.30222225189209,11.79555606842041,12.124444007873535,11.64888858795166,11.897777557373047,1021500
2016-04-28,10.434199333190918,11.946666717529297,11.995555877685547,11.728889465332031,11.773332595825195,956250
2016-04-29,10.430318832397461,11.942221641540527,11.977778434753418,11.85777759552002,11.897777557373047,1092150
2016-05-02,10.492430686950684,12.013333320617676,12.066666603088379,11.920000076293945,11.95555591583252,735300
2016-05-03,10.480780601501465,12.0,12.053333282470703,11.866666793823242,11.946666717529297,520650
2016-05-04,10.480780601501465,12.0,12.071110725402832,11.928889274597168,11.928889274597168,804825
2016-05-05,10.492430686950684,12.013333320617676,12.084444046020508,11.942221641540527,12.04888916015625,542700
2016-05-06,10.648274421691895,12.146666526794434,12.146666526794434,11.813332557678223,11.897777557373047,850950
2016-05-09,10.632688522338867,12.128889083862305,12.217778205871582,12.084444046020508,12.115555763244629,558000
2016-05-10,10.753470420837402,12.266667366027832,12.271110534667969,12.11111068725586,12.15999984741211,666675
2016-05-11,10.621003150939941,12.115555763244629,12.293333053588867,12.079999923706055,12.244443893432617,537075
2016-05-12,10.776845932006836,12.293333053588867,12.311111450195312,12.04888916015625,12.128889083862305,1058400
2016-05-13,10.624898910522461,12.119999885559082,12.324443817138672,12.0977783203125,12.293333053588867,605025
2016-05-16,10.61320972442627,12.106666564941406,12.20444393157959,12.09333324432373,12.14222240447998,503325
2016-05-17,10.562559127807617,12.04888916015625,12.173333168029785,11.946666717529297,12.075555801391602,807075
2016-05-18,10.617104530334473,12.11111068725586,12.173333168029785,11.982221603393555,12.04444408416748,1087200
2016-05-19,10.695029258728027,12.199999809265137,12.213333129882812,12.035555839538574,12.053333282470703,978300
2016-05-20,10.749576568603516,12.262222290039062,12.319999694824219,12.146666526794434,12.275555610656738,989775
2016-05-23,10.722302436828613,12.231110572814941,12.333333015441895,12.231110572814941,12.293333053588867,781200
2016-05-24,11.033998489379883,12.58666706085205,12.591111183166504,12.271110534667969,12.271110534667969,672525
2016-05-25,10.921005249023438,12.457777976989746,12.613332748413086,12.426667213439941,12.58666706085205,768375
2016-05-26,10.98724365234375,12.533332824707031,12.555556297302246,12.453332901000977,12.466667175292969,370125
2016-05-27,11.072959899902344,12.631111145019531,12.688888549804688,12.497777938842773,12.497777938842773,684450
2016-05-31,11.072959899902344,12.631111145019531,12.728889465332031,12.551111221313477,12.657777786254883,2358900
2016-06-01,11.123608589172363,12.688888549804688,12.711111068725586,12.564443588256836,12.577777862548828,908550
2016-06-02,11.1781587600708,12.751111030578613,12.79111099243164,12.6355562210083,12.671111106872559,763650
2016-06-03,11.174261093139648,12.74666690826416,12.764444351196289,12.600000381469727,12.74222183227539,1413900
2016-06-06,11.236599922180176,12.817777633666992,12.844444274902344,12.671111106872559,12.760000228881836,979425
2016-06-07,11.213225364685059,12.79111099243164,12.875555992126465,12.768889427185059,12.808889389038086,663525
2016-06-08,11.20932674407959,12.786666870117188,12.817777633666992,12.702221870422363,12.760000228881836,644625
2016-06-09,11.221014976501465,12.800000190734863,12.831110954284668,12.675556182861328,12.69777774810791,388350
2016-06-10,11.143089294433594,12.711111068725586,12.755556106567383,12.6355562210083,12.737777709960938,435600
2016-06-13,11.065167427062988,12.622221946716309,12.715556144714355,12.595556259155273,12.657777786254883,509400
2016-06-14,10.995037078857422,12.542222023010254,12.613332748413086,12.506667137145996,12.555556297302246,621225
2016-06-15,10.97165584564209,12.515556335449219,12.604443550109863,12.502222061157227,12.582221984863281,396450
2016-06-16,10.98724365234375,12.533332824707031,12.551111221313477,12.391111373901367,12.448888778686523,356400
2016-06-17,10.827499389648438,12.35111141204834,12.595556259155273,12.311111450195312,12.546667098999023,1039950
2016-06-20,10.90541934967041,12.4399995803833,12.573332786560059,12.422222137451172,12.457777976989746,697275
2016-06-21,10.940485954284668,12.479999542236328,12.528888702392578,12.395556449890137,12.466667175292969,593100
2016-06-22,10.932696342468262,12.471111297607422,12.542222023010254,12.444443702697754,12.479999542236328,647100
2016-06-23,10.98724365234375,12.533332824707031,12.64888858795166,12.484443664550781,12.577777862548828,717300
2016-06-24,10.722302436828613,12.231110572814941,12.333333015441895,12.008889198303223,12.124444007873535,1238175
2016-06-27,10.61320972442627,12.106666564941406,12.133333206176758,11.915555953979492,12.088889122009277,1182600
2016-06-28,10.741786003112793,12.25333309173584,12.297778129577637,12.084444046020508,12.164443969726562,924300
2016-06-29,11.041789054870605,12.595556259155273,12.631111145019531,12.262222290039062,12.355555534362793,1074825
2016-06-30,11.404134750366211,13.008889198303223,13.008889198303223,12.577777862548828,12.604443550109863,1912725
2016-07-01,11.384653091430664,12.986666679382324,13.04888916015625,12.928889274597168,12.986666679382324,1089000
2016-07-05,11.40024185180664,13.004444122314453,13.04888916015625,12.871110916137695,12.946666717529297,744300
2016-07-06,11.330107688903809,12.924444198608398,13.0,12.871110916137695,12.928889274597168,706950
2016-07-07,11.302837371826172,12.893333435058594,12.991110801696777,12.826666831970215,12.946666717529297,487125
2016-07-08,11.415822982788086,13.022221565246582,13.088889122009277,13.0,13.035555839538574,607725
2016-07-11,11.458683013916016,13.071110725402832,13.0977783203125,13.004444122314453,13.057778358459473,418275
2016-07-12,11.47426700592041,13.088889122009277,13.20444393157959,13.06222152709961,13.15999984741211,627300
2016-07-13,11.454785346984863,13.066666603088379,13.173333168029785,13.039999961853027,13.102222442626953,538650
2016-07-14,11.388550758361816,12.991110801696777,13.146666526794434,12.95555591583252,13.124444007873535,713925
2016-07-15,11.333999633789062,12.928889274597168,13.022221565246582,12.880000114440918,13.022221565246582,676575
2016-07-18,11.29504108428955,12.884444236755371,13.013333320617676,12.85777759552002,12.928889274597168,603450
2016-07-19,11.279457092285156,12.866666793823242,12.9022216796875,12.804444313049316,12.848889350891113,346950
2016-07-20,11.396342277526855,13.0,13.039999961853027,12.9022216796875,12.9022216796875,518175
2016-07-21,11.376863479614258,12.977778434753418,13.06222152709961,12.973333358764648,13.017778396606445,535725
2016-07-22,11.431408882141113,13.039999961853027,13.102222442626953,12.946666717529297,12.95111083984375,342450
2016-07-25,11.380755424499512,12.982221603393555,13.075555801391602,12.93777847290039,13.026666641235352,624150
2016-07-26,11.36127758026123,12.960000038146973,13.04888916015625,12.924444198608398,12.973333358764648,497025
2016-07-27,10.913214683532715,12.448888778686523,12.662221908569336,12.222222328186035,12.30666732788086,1980000
2016-07-28,10.839186668395996,12.3644437789917,12.471111297607422,12.275555610656738,12.41333293914795,1478025
2016-07-29,10.979448318481445,12.524443626403809,12.582221984863281,12.324443817138672,12.355555534362793,1629225
2016-08-01,10.98334789276123,12.528888702392578,12.573332786560059,12.4399995803833,12.524443626403809,1114200
2016-08-02,10.932696342468262,12.471111297607422,12.551111221313477,12.422222137451172,12.497777938842773,839250
2016-08-03,10.924901962280273,12.4622220993042,12.497777938842773,12.391111373901367,12.484443664550781,735300
2016-08-04,10.757369995117188,12.271110534667969,12.502222061157227,12.25333309173584,12.453332901000977,1143900
2016-08-05,10.780746459960938,12.297778129577637,12.35111141204834,12.275555610656738,12.333333015441895,981675
2016-08-08,10.710359573364258,12.173333168029785,12.337778091430664,12.128889083862305,12.266667366027832,1811025
2016-08-09,10.913697242736816,12.404443740844727,12.422222137451172,12.168889045715332,12.20444393157959,2151675
2016-08-10,11.011453628540039,12.515556335449219,12.5377779006958,12.368888854980469,12.417778015136719,873675
2016-08-11,10.968443870544434,12.466667175292969,12.622221946716309,12.448888778686523,12.568888664245605,652725
2016-08-12,10.960618019104004,12.457777976989746,12.48888874053955,12.368888854980469,12.453332901000977,737100
2016-08-15,10.964527130126953,12.4622220993042,12.533332824707031,12.453332901000977,12.453332901000977,631125
2016-08-16,10.948891639709473,12.444443702697754,12.506667137145996,12.373332977294922,12.444443702697754,913950
2016-08-17,10.968443870544434,12.466667175292969,12.51111125946045,12.422222137451172,12.457777976989746,970650
2016-08-18,10.984084129333496,12.484443664550781,12.573332786560059,12.457777976989746,12.493332862854004,727200
2016-08-19,10.987992286682129,12.48888874053955,12.555556297302246,12.426667213439941,12.453332901000977,1405575
2016-08-22,10.976259231567383,12.475556373596191,12.506667137145996,12.422222137451172,12.479999542236328,744525
2016-08-23,10.991900444030762,12.493332862854004,12.640000343322754,12.484443664550781,12.506667137145996,670050
2016-08-24,10.972350120544434,12.471111297607422,12.5377779006958,12.453332901000977,12.51111125946045,651150
2016-08-25,10.980169296264648,12.479999542236328,12.551111221313477,12.448888778686523,12.520000457763672,680400
2016-08-26,10.976259231567383,12.475556373596191,12.626667022705078,12.448888778686523,12.515556335449219,716625
2016-08-29,11.00754451751709,12.51111125946045,12.58666706085205,12.484443664550781,12.524443626403809,627975
2016-08-30,11.011453628540039,12.515556335449219,12.520000457763672,12.448888778686523,12.502222061157227,375750
2016-08-31,11.144407272338867,12.666666984558105,12.680000305175781,12.466667175292969,12.502222061157227,938475
2016-09-01,11.261714935302734,12.800000190734863,12.844444274902344,12.675556182861328,12.675556182861328,1028925
2016-09-02,11.37511157989502,12.928889274597168,12.964444160461426,12.826666831970215,12.826666831970215,852300
2016-09-06,11.414216041564941,12.973333358764648,12.991110801696777,12.844444274902344,12.964444160461426,767250
2016-09-07,11.543258666992188,13.119999885559082,13.119999885559082,12.982221603393555,13.0,1156275
2016-09-08,11.35165023803711,12.9022216796875,13.09333324432373,12.884444236755371,13.09333324432373,571500
2016-09-09,11.206969261169434,12.737777709960938,12.871110916137695,12.733332633972168,12.85777759552002,1155150
2016-09-12,11.328191757202148,12.875555992126465,12.884444236755371,12.653332710266113,12.666666984558105,911700
2016-09-13,11.097478866577148,12.613332748413086,12.800000190734863,12.595556259155273,12.751111030578613,677250
2016-09-14,11.246072769165039,12.782221794128418,12.808889389038086,12.577777862548828,12.600000381469727,755550
2016-09-15,11.359471321105957,12.911110877990723,12.920000076293945,12.764444351196289,12.768889427185059,706950
2016-09-16,11.328191757202148,12.875555992126465,12.928889274597168,12.782221794128418,12.862221717834473,1912500
2016-09-19,11.33601188659668,12.884444236755371,12.995555877685547,12.835556030273438,12.862221717834473,1134225
2016-09-20,11.308635711669922,12.853333473205566,13.013333320617676,12.800000190734863,12.93777847290039,3770325
2016-09-21,11.31254768371582,12.85777759552002,12.946666717529297,12.764444351196289,12.866666793823242,721575
2016-09-22,11.492423057556152,13.06222152709961,13.088889122009277,12.880000114440918,12.942221641540527,934650
2016-09-23,11.382933616638184,12.93777847290039,13.057778358459473,12.893333435058594,13.013333320617676,674325
2016-09-26,11.230430603027344,12.764444351196289,12.88888931274414,12.755556106567383,12.866666793823242,520650
2016-09-27,11.257802963256836,12.79555606842041,12.808889389038086,12.680000305175781,12.74666690826416,785025
2016-09-28,11.320369720458984,12.866666793823242,12.871110916137695,12.737777709960938,12.853333473205566,607725
2016-09-29,11.29299545288086,12.835556030273438,12.924444198608398,12.786666870117188,12.866666793823242,1473300
2016-09-30,11.449409484863281,13.013333320617676,13.04444408416748,12.813332557678223,12.893333435058594,1217475
2016-10-03,11.422038078308105,12.982221603393555,13.084444046020508,12.95111083984375,12.977778434753418,950625
2016-10-04,11.328191757202148,12.875555992126465,13.039999961853027,12.866666793823242,12.995555877685547,1244250
2016-10-05,11.246072769165039,12.782221794128418,12.924444198608398,12.760000228881836,12.875555992126465,943200
2016-10-06,11.195240020751953,12.724444389343262,12.79555606842041,12.675556182861328,12.777777671813965,465075
2016-10-07,11.097478866577148,12.613332748413086,12.711111068725586,12.604443550109863,12.69333267211914,787950
2016-10-10,11.12485408782959,12.644444465637207,12.777777671813965,12.640000343322754,12.671111106872559,593775
2016-10-11,10.995813369750977,12.497777938842773,12.675556182861328,12.493332862854004,12.64888858795166,1354725
2016-10-12,11.031003952026367,12.5377779006958,12.555556297302246,12.48888874053955,12.497777938842773,412425
2016-10-13,11.054468154907227,12.564443588256836,12.591111183166504,12.453332901000977,12.479999542236328,429075
2016-10-14,11.027091979980469,12.533332824707031,12.666666984558105,12.524443626403809,12.608888626098633,556200
2016-10-17,11.023183822631836,12.528888702392578,12.58666706085205,12.502222061157227,12.506667137145996,430650
2016-10-18,11.050555229187012,12.5600004196167,12.671111106872559,12.551111221313477,12.6355562210083,405450
2016-10-19,11.038826942443848,12.546667098999023,12.653332710266113,12.506667137145996,12.595556259155273,1136025
2016-10-20,11.027091979980469,12.533332824707031,12.604443550109863,12.4622220993042,12.546667098999023,722250
2016-10-21,11.00754451751709,12.51111125946045,12.542222023010254,12.444443702697754,12.497777938842773,338625
2016-10-24,11.050555229187012,12.5600004196167,12.675556182861328,12.457777976989746,12.640000343322754,1539900
2016-10-25,11.003632545471191,12.506667137145996,12.58666706085205,12.466667175292969,12.5600004196167,1463400
2016-10-26,11.711400985717773,13.311111450195312,13.319999694824219,12.551111221313477,12.551111221313477,2318625
2016-10-27,12.008584022521973,13.64888858795166,13.688888549804688,13.35111141204834,13.35111141204834,1463625
2016-10-28,11.992942810058594,13.631111145019531,13.724444389343262,13.551111221313477,13.720000267028809,751050
2016-10-31,12.051596641540527,13.69777774810791,13.751111030578613,13.617777824401855,13.662221908569336,1334700
2016-11-01,11.942109107971191,13.573332786560059,13.733332633972168,13.551111221313477,13.724444389343262,1117575
2016-11-02,11.981212615966797,13.617777824401855,13.79555606842041,13.582221984863281,13.582221984863281,876150
2016-11-03,11.930376052856445,13.5600004196167,13.64888858795166,13.528888702392578,13.604443550109863,622575
2016-11-04,11.871725082397461,13.493332862854004,13.657777786254883,13.479999542236328,13.5600004196167,518175
2016-11-07,12.008584022521973,13.64888858795166,13.711111068725586,13.595556259155273,13.644444465637207,710325
2016-11-08,12.138468742370605,13.706666946411133,13.768889427185059,13.515556335449219,13.515556335449219,682425
2016-11-09,12.303783416748047,13.893333435058594,13.915555953979492,13.502222061157227,13.582221984863281,771300
2016-11-10,12.27229118347168,13.85777759552002,14.017778396606445,13.675556182861328,14.017778396606445,1083825
2016-11-11,12.189635276794434,13.764444351196289,13.884444236755371,13.720000267028809,13.884444236755371,999900
2016-11-14,12.185701370239258,13.760000228881836,13.808889389038086,13.631111145019531,13.724444389343262,1135350
2016-11-15,12.288034439086914,13.875555992126465,13.95111083984375,13.724444389343262,13.760000228881836,785025
2016-11-16,12.362821578979492,13.960000038146973,13.968889236450195,13.79111099243164,13.893333435058594,1122075
2016-11-17,12.417923927307129,14.022221565246582,14.173333168029785,13.964444160461426,14.0,810225
2016-11-18,12.646208763122559,14.279999732971191,14.30222225189209,13.95111083984375,14.04444408416748,1090350
2016-11-21,12.579297065734863,14.20444393157959,14.408888816833496,14.128889083862305,14.373332977294922,811800
2016-11-22,12.772157669067383,14.422222137451172,14.426667213439941,14.164443969726562,14.235555648803711,2096550
2016-11-23,12.720991134643555,14.3644437789917,14.377778053283691,14.235555648803711,14.328888893127441,1414800
2016-11-25,12.823324203491211,14.479999542236328,14.520000457763672,14.395556449890137,14.422222137451172,235125
2016-11-28,12.839070320129395,14.497777938842773,14.546667098999023,14.382222175598145,14.444443702697754,1392750
2016-11-29,12.75247859954834,14.399999618530273,14.546667098999023,14.342222213745117,14.48888874053955,904500
2016-11-30,12.646208763122559,14.279999732971191,14.448888778686523,14.271110534667969,14.426667213439941,1059075
2016-12-01,12.740671157836914,14.386667251586914,14.457777976989746,14.235555648803711,14.328888893127441,1021950
2016-12-02,12.807581901550293,14.4622220993042,14.475556373596191,14.35111141204834,14.399999618530273,661950
2016-12-05,12.921725273132324,14.591111183166504,14.608888626098633,14.502222061157227,14.577777862548828,589050
2016-12-06,13.039802551269531,14.724444389343262,14.764444351196289,14.524443626403809,14.622221946716309,863775
2016-12-07,13.197240829467773,14.9022216796875,14.928889274597168,14.617777824401855,14.733332633972168,998550
2016-12-08,13.417656898498535,15.151110649108887,15.168889045715332,14.817777633666992,14.928889274597168,1024425
2016-12-09,13.35861587524414,15.084444046020508,15.217778205871582,15.057778358459473,15.151110649108887,1041750
2016-12-12,13.189370155334473,14.893333435058594,15.04444408416748,14.808889389038086,15.04444408416748,1624725
2016-12-13,13.130329132080078,14.826666831970215,14.973333358764648,14.813332557678223,14.875555992126465,1168200
2016-12-14,13.0634183883667,14.751111030578613,14.911110877990723,14.702221870422363,14.822221755981445,783675
2016-12-15,13.090970039367676,14.782221794128418,14.866666793823242,14.724444389343262,14.786666870117188,729450
2016-12-16,13.0634183883667,14.751111030578613,14.862221717834473,14.737777709960938,14.768889427185059,2168100
2016-12-19,13.146077156066895,14.844444274902344,14.85777759552002,14.706666946411133,14.768889427185059,905175
2016-12-20,13.224790573120117,14.933333396911621,15.066666603088379,14.844444274902344,14.924444198608398,849150
2016-12-21,13.185434341430664,14.88888931274414,14.986666679382324,14.88888931274414,14.893333435058594,651150
2016-12-22,13.134269714355469,14.831110954284668,14.9022216796875,14.728889465332031,14.9022216796875,455175
2016-12-23,13.252344131469727,14.964444160461426,14.982221603393555,14.808889389038086,14.871110916137695,474750
2016-12-27,13.299576759338379,15.017778396606445,15.066666603088379,14.93777847290039,14.93777847290039,437400
2016-12-28,13.28777027130127,15.004444122314453,15.102222442626953,14.960000038146973,15.031110763549805,643050
2016-12-29,13.35861587524414,15.084444046020508,15.128889083862305,15.04444408416748,15.071110725402832,524700
2016-12-30,13.295641899108887,15.013333320617676,15.137778282165527,15.0,15.137778282165527,1057050
2017-01-03,13.181498527526855,14.884444236755371,15.11111068725586,14.822221755981445,15.11111068725586,1115775
2017-01-04,13.299576759338379,15.017778396606445,15.084444046020508,14.871110916137695,14.95555591583252,1201275
2017-01-05,13.23266315460205,14.942221641540527,15.008889198303223,14.853333473205566,14.973333358764648,2436525
2017-01-06,13.16181755065918,14.862221717834473,14.982221603393555,14.822221755981445,14.911110877990723,927450
2017-01-09,13.039802551269531,14.724444389343262,14.853333473205566,14.675556182861328,14.782221794128418,926325
2017-01-10,13.031929969787598,14.715556144714355,14.880000114440918,14.69333267211914,14.804444313049316,762750
2017-01-11,13.075226783752441,14.764444351196289,14.773332595825195,14.64888858795166,14.671111106872559,717075
2017-01-12,12.953214645385742,14.626667022705078,14.764444351196289,14.58666706085205,14.755556106567383,960300
2017-01-13,13.153944969177246,14.853333473205566,14.911110877990723,14.666666984558105,14.666666984558105,397350
2017-01-17,13.079163551330566,14.768889427185059,14.960000038146973,14.666666984558105,14.760000228881836,743850
2017-01-18,13.173626899719238,14.875555992126465,14.93777847290039,14.777777671813965,14.782221794128418,500850
2017-01-19,13.138203620910645,14.835556030273438,14.964444160461426,14.760000228881836,14.90666675567627,706050
2017-01-20,13.397974967956543,15.128889083862305,15.20888900756836,14.826666831970215,14.826666831970215,1783575
2017-01-23,13.12246036529541,14.817777633666992,15.177778244018555,14.684444427490234,15.173333168029785,1330200
2017-01-24,13.335000991821289,15.057778358459473,15.133333206176758,14.817777633666992,14.920000076293945,916875
2017-01-25,13.748276710510254,15.524443626403809,15.684444427490234,15.173333168029785,15.546667098999023,3708225
2017-01-26,13.972624778747559,15.777777671813965,15.848889350891113,15.564443588256836,15.64888858795166,1424250
2017-01-27,13.984435081481934,15.79111099243164,15.848889350891113,15.604443550109863,15.817777633666992,1186650
2017-01-30,13.846671104431152,15.6355562210083,15.848889350891113,15.475556373596191,15.800000190734863,882000
2017-01-31,13.87816047668457,15.671111106872559,15.733332633972168,15.564443588256836,15.662221908569336,837450
2017-02-01,13.767953872680664,15.546667098999023,15.813332557678223,15.466667175292969,15.773332595825195,894150
2017-02-02,13.783698081970215,15.564443588256836,15.577777862548828,15.444443702697754,15.546667098999023,791775
2017-02-03,14.000177383422852,15.808889389038086,15.826666831970215,15.58666706085205,15.6355562210083,819900
2017-02-06,13.992303848266602,15.800000190734863,15.862221717834473,15.728889465332031,15.831110954284668,668025
2017-02-07,14.153676986694336,15.982221603393555,15.982221603393555,15.831110954284668,15.848889350891113,957150
2017-02-08,14.108268737792969,15.880000114440918,16.0,15.79111099243164,15.986666679382324,1268550
2017-02-09,14.309643745422363,16.106666564941406,16.15999984741211,15.880000114440918,15.880000114440918,955575
2017-02-10,14.48338508605957,16.302221298217773,16.324443817138672,16.11111068725586,16.226667404174805,1053225
2017-02-13,14.507073402404785,16.328889846801758,16.573333740234375,16.27111053466797,16.426666259765625,1643400
2017-02-14,14.435999870300293,16.248889923095703,16.30666732788086,16.177778244018555,16.244443893432617,1032750
2017-02-15,14.49522876739502,16.315555572509766,16.342222213745117,16.20888900756836,16.239999771118164,630450
2017-02-16,14.589993476867676,16.422222137451172,16.422222137451172,16.293333053588867,16.31999969482422,617400
2017-02-17,14.582098960876465,16.413333892822266,16.41777801513672,16.324443817138672,16.391111373901367,754425
2017-02-21,14.554455757141113,16.382221221923828,16.471111297607422,16.31999969482422,16.413333892822266,957600
2017-02-22,14.554455757141113,16.382221221923828,16.426666259765625,16.315555572509766,16.413333892822266,783450
2017-02-23,14.574199676513672,16.404443740844727,16.48444366455078,16.34666633605957,16.44444465637207,756225
2017-02-24,14.570247650146484,16.399999618530273,16.413333892822266,16.324443817138672,16.373332977294922,862425
2017-02-27,14.589993476867676,16.422222137451172,16.49333381652832,16.391111373901367,16.422222137451172,1224675
2017-02-28,14.435999870300293,16.248889923095703,16.457778930664062,16.239999771118164,16.413333892822266,2088000
2017-03-01,14.582098960876465,16.413333892822266,16.488889694213867,16.360000610351562,16.431110382080078,1978650
2017-03-02,14.372822761535645,16.177778244018555,16.382221221923828,16.164443969726562,16.382221221923828,983700
2017-03-03,14.416257858276367,16.226667404174805,16.275556564331055,16.15999984741211,16.195556640625,903150
2017-03-06,14.341232299804688,16.142221450805664,16.213333129882812,16.102222442626953,16.142221450805664,893025
2017-03-07,14.282007217407227,16.0755558013916,16.191110610961914,16.044443130493164,16.04888916015625,1041300
2017-03-08,14.270162582397461,16.06222152709961,16.102222442626953,16.02666664123535,16.102222442626953,1035000
2017-03-09,14.226726531982422,16.01333236694336,16.0977783203125,15.946666717529297,16.07111167907715,948150
2017-03-10,14.400466918945312,16.20888900756836,16.30666732788086,16.093332290649414,16.11111068725586,1017225
2017-03-13,14.396514892578125,16.204444885253906,16.248889923095703,16.12444305419922,16.168888092041016,741825
2017-03-14,14.432049751281738,16.244443893432617,16.266666412353516,16.128889083862305,16.168888092041016,576900
2017-03-15,14.562355041503906,16.391111373901367,16.46666717529297,16.28444480895996,16.29777717590332,1799550
2017-03-16,14.554455757141113,16.382221221923828,16.44444465637207,16.34666633605957,16.399999618530273,785250
2017-03-17,14.570247650146484,16.399999618530273,16.488889694213867,16.351110458374023,16.373332977294922,3051450
2017-03-20,14.463640213012695,16.280000686645508,16.435556411743164,16.266666412353516,16.435556411743164,972000
2017-03-21,14.218829154968262,16.004444122314453,16.34666633605957,15.982221603393555,16.333332061767578,1231200
2017-03-22,14.226726531982422,16.01333236694336,16.084444046020508,15.924444198608398,15.982221603393555,927000
2017-03-23,14.222777366638184,16.008888244628906,16.13777732849121,15.946666717529297,16.017778396606445,889425
2017-03-24,14.238574028015137,16.02666664123535,16.12444305419922,15.960000038146973,16.04888916015625,1131750
2017-03-27,14.187239646911621,15.968889236450195,15.991110801696777,15.782221794128418,15.884444236755371,470475
2017-03-28,14.32543659210205,16.12444305419922,16.155555725097656,15.942221641540527,15.942221641540527,635850
2017-03-29,14.463640213012695,16.280000686645508,16.29777717590332,16.053333282470703,16.115556716918945,743400
2017-03-30,14.582098960876465,16.413333892822266,16.426666259765625,16.217777252197266,16.217777252197266,1066725
2017-03-31,14.661067962646484,16.502222061157227,16.551111221313477,16.35555648803711,16.39555549621582,1160325
2017-04-03,14.203032493591309,15.986666679382324,16.537778854370117,15.920000076293945,16.524444580078125,1618650
2017-04-04,14.341232299804688,16.142221450805664,16.204444885253906,15.973333358764648,15.973333358764648,1304550
2017-04-05,14.301751136779785,16.0977783203125,16.248889923095703,16.066667556762695,16.217777252197266,1264050
2017-04-06,14.337285995483398,16.13777732849121,16.151111602783203,15.986666679382324,16.1200008392334,824850
2017-04-07,14.388618469238281,16.195556640625,16.275556564331055,16.057777404785156,16.106666564941406,772425
2017-04-10,14.451796531677246,16.266666412353516,16.333332061767578,16.168888092041016,16.231111526489258,756225
2017-04-11,14.566306114196777,16.39555549621582,16.422222137451172,16.239999771118164,16.239999771118164,1511775
2017-04-12,14.396514892578125,16.204444885253906,16.399999618530273,16.182222366333008,16.373332977294922,895050
2017-04-13,14.289899826049805,16.084444046020508,16.27111053466797,16.079999923706055,16.18666648864746,909675
2017-04-17,14.522865295410156,16.34666633605957,16.351110458374023,16.11111068725586,16.1200008392334,893475
2017-04-18,14.61368465423584,16.448888778686523,16.488889694213867,16.213333129882812,16.302221298217773,1014300
2017-04-19,14.751888275146484,16.60444450378418,16.617778778076172,16.471111297607422,16.48444366455078,868500
2017-04-20,14.984851837158203,16.866666793823242,16.955556869506836,16.65333366394043,16.666667938232422,2131200
2017-04-21,14.925620079040527,16.799999237060547,16.91111183166504,16.697778701782227,16.86222267150879,1064925
2017-04-24,15.095412254333496,16.991111755371094,17.07111167907715,16.87555694580078,17.01333236694336,932625
2017-04-25,15.0598783493042,16.95111083984375,17.1200008392334,16.95111083984375,17.0222225189209,1288350
2017-04-26,15.00064754486084,16.884443283081055,16.991111755371094,16.55555534362793,16.9022216796875,2034675
2017-04-27,15.470526695251465,17.413333892822266,17.462221145629883,16.848888397216797,16.942222595214844,2192850
2017-04-28,15.332328796386719,17.25777816772461,17.50666618347168,17.226667404174805,17.413333892822266,1770975
2017-05-01,15.47842025756836,17.422222137451172,17.448888778686523,17.177778244018555,17.342222213745117,1209375
2017-05-02,15.450786590576172,17.391111373901367,17.502222061157227,17.31999969482422,17.422222137451172,1208250
2017-05-03,15.423140525817871,17.360000610351562,17.408889770507812,17.248889923095703,17.31999969482422,1058400
2017-05-04,15.640316009521484,17.60444450378418,17.60444450378418,17.386667251586914,17.422222137451172,924300
2017-05-05,15.794313430786133,17.77777862548828,17.84000015258789,17.58222198486328,17.635555267333984,1198575
2017-05-08,15.681451797485352,17.600000381469727,17.77777862548828,17.551111221313477,17.77777862548828,730800
2017-05-09,15.780455589294434,17.711111068725586,17.737777709960938,17.564443588256836,17.662221908569336,790875
2017-05-10,15.899245262145996,17.844444274902344,17.86222267150879,17.639999389648438,17.706666946411133,859950
2017-05-11,16.00617218017578,17.96444320678711,17.995555877685547,17.71555519104004,17.799999237060547,1021725
2017-05-12,16.08140754699707,18.04888916015625,18.0755558013916,17.893333435058594,17.92888832092285,1178775
2017-05-15,16.18040657043457,18.15999984741211,18.20888900756836,18.057777404785156,18.102222442626953,1551825
2017-05-16,16.1724910736084,18.151111602783203,18.22222137451172,18.093332290649414,18.217777252197266,1417500
2017-05-17,16.109130859375,18.079999923706055,18.177778244018555,17.866666793823242,18.151111602783203,2316600
2017-05-18,16.164566040039062,18.142221450805664,18.25777816772461,17.968889236450195,18.079999923706055,1035000
2017-05-19,16.4417667388916,18.453332901000977,18.471111297607422,18.182222366333008,18.22222137451172,1880550
2017-05-22,16.746681213378906,18.795555114746094,18.831111907958984,18.453332901000977,18.520000457763672,1401750
2017-05-23,16.83380126953125,18.893333435058594,18.991111755371094,18.72888946533203,18.804443359375,1316700
2017-05-24,16.960525512695312,19.03555679321289,19.133333206176758,18.97333335876465,19.008888244628906,1445625
2017-05-25,17.12683868408203,19.22222137451172,19.226667404174805,19.066667556762695,19.08888816833496,1793700
2017-05-26,17.059520721435547,19.14666748046875,19.342222213745117,19.08888816833496,19.22222137451172,1549800
2017-05-30,16.76251983642578,18.81333351135254,19.128889083862305,18.479999542236328,19.11111068725586,3523500
2017-05-31,17.055557250976562,19.142221450805664,19.302221298217773,18.77777862548828,18.77777862548828,11903175
2017-06-01,16.841716766357422,18.9022216796875,19.231111526489258,18.63111114501953,19.217777252197266,2487375
2017-06-02,17.051593780517578,19.13777732849121,19.266666412353516,18.920000076293945,18.9244441986084,1766475
2017-06-05,16.952598571777344,19.02666664123535,19.155555725097656,19.0222225189209,19.13777732849121,1114650
2017-06-06,16.81795883178711,18.87555694580078,19.057777404785156,18.85333251953125,18.933332443237305,1053000
2017-06-07,16.8021240234375,18.857778549194336,18.955556869506836,18.737777709960938,18.9022216796875,1707075
2017-06-08,16.885284423828125,18.95111083984375,18.9777774810791,18.684444427490234,18.87555694580078,932175
2017-06-09,16.81795883178711,18.87555694580078,18.982221603393555,18.719999313354492,18.96444320678711,928800
2017-06-12,16.92487907409668,18.995555877685547,18.995555877685547,18.87555694580078,18.893333435058594,1265850
2017-06-13,17.051593780517578,19.13777732849121,19.155555725097656,18.968889236450195,19.031110763549805,1705725
2017-06-14,17.118915557861328,19.213333129882812,19.373332977294922,19.128889083862305,19.213333129882812,1359450
2017-06-15,17.146636962890625,19.244443893432617,19.25777816772461,18.920000076293945,19.0,1331100
2017-06-16,17.138717651367188,19.23555564880371,19.27111053466797,19.0755558013916,19.0755558013916,2379825
2017-06-19,17.28919219970703,19.404443740844727,19.404443740844727,19.25777816772461,19.311111450195312,968175
2017-06-20,17.13079261779785,19.226667404174805,19.44444465637207,19.182222366333008,19.404443740844727,1226250
2017-06-21,16.905080795288086,18.97333335876465,19.231111526489258,18.93777847290039,19.22222137451172,1137825
2017-06-22,16.54472541809082,18.568889617919922,18.942222595214844,18.50666618347168,18.9022216796875,1953900
2017-06-23,16.635799407958984,18.671110153198242,18.737777709960938,18.537778854370117,18.577777862548828,1495125
2017-06-26,16.5684871673584,18.595556259155273,18.711111068725586,18.524444580078125,18.711111068725586,1023750
2017-06-27,16.307125091552734,18.302221298217773,18.591110229492188,18.302221298217773,18.568889617919922,1284750
2017-06-28,16.259605407714844,18.248889923095703,18.41777801513672,18.195556640625,18.404443740844727,1615275
2017-06-29,16.00617218017578,17.96444320678711,18.23555564880371,17.808889389038086,18.23555564880371,1814625
2017-06-30,16.121007919311523,18.093332290649414,18.177778244018555,18.0,18.031110763549805,1501650
2017-07-03,15.950724601745605,17.9022216796875,18.191110610961914,17.897777557373047,18.191110610961914,1038150
2017-07-05,16.184364318847656,18.164443969726562,18.217777252197266,17.733333587646484,17.9022216796875,2305800
2017-07-06,15.950724601745605,17.9022216796875,18.151111602783203,17.866666793823242,18.01333236694336,2099475
2017-07-07,16.204160690307617,18.18666648864746,18.253332138061523,17.87555694580078,17.955556869506836,1040850
2017-07-10,16.164566040039062,18.142221450805664,18.18666648864746,18.044443130493164,18.155555725097656,1260900
2017-07-11,16.140811920166016,18.115556716918945,18.217777252197266,18.01333236694336,18.115556716918945,893925
2017-07-12,16.31900405883789,18.315555572509766,18.404443740844727,18.217777252197266,18.217777252197266,1061550
2017-07-13,16.188325881958008,18.168888092041016,18.311111450195312,18.079999923706055,18.311111450195312,632475
2017-07-14,16.156652450561523,18.133333206176758,18.275556564331055,18.128889083862305,18.182222366333008,524025
2017-07-17,16.17645263671875,18.155555725097656,18.20888900756836,18.03555679321289,18.133333206176758,947925
2017-07-18,16.370479583740234,18.373332977294922,18.377777099609375,18.102222442626953,18.133333206176758,963675
2017-07-19,16.386329650878906,18.391111373901367,18.431110382080078,18.155555725097656,18.155555725097656,747450
2017-07-20,16.338808059692383,18.337778091430664,18.44444465637207,18.311111450195312,18.404443740844727,571950
2017-07-21,16.38235855102539,18.386667251586914,18.49333381652832,18.23555564880371,18.288888931274414,443025
2017-07-24,16.4417667388916,18.453332901000977,18.564443588256836,18.35555648803711,18.391111373901367,756225
2017-07-25,16.477399826049805,18.49333381652832,18.595556259155273,18.351110458374023,18.488889694213867,1779975
2017-07-26,17.221885681152344,19.328889846801758,19.50666618347168,18.502222061157227,18.559999465942383,1834650
2017-07-27,17.13475799560547,19.231111526489258,19.497777938842773,19.079999923706055,19.426666259765625,1311075
2017-07-28,17.23771095275879,19.34666633605957,19.39555549621582,19.226667404174805,19.231111526489258,807750
2017-07-31,17.19019317626953,19.293333053588867,19.48444366455078,19.293333053588867,19.431110382080078,1079100
2017-08-01,17.21000099182129,19.315555572509766,19.448888778686523,19.30666732788086,19.408889770507812,965250
2017-08-02,17.221885681152344,19.328889846801758,19.360000610351562,19.151111602783203,19.360000610351562,1329075
2017-08-03,17.42383575439453,19.55555534362793,19.573333740234375,19.324443817138672,19.333332061767578,1061325
2017-08-04,17.384235382080078,19.511110305786133,19.617778778076172,19.471111297607422,19.55555534362793,841050
2017-08-07,17.479278564453125,19.617778778076172,19.688888549804688,19.49333381652832,19.55555534362793,1070550
2017-08-08,17.592422485351562,19.69333267211914,19.84000015258789,19.568889617919922,19.60444450378418,1372050
2017-08-09,17.505081176757812,19.595556259155273,19.697778701782227,19.564443588256836,19.697778701782227,1274175
2017-08-10,17.294654846191406,19.360000610351562,19.542221069335938,19.266666412353516,19.528888702392578,875700
2017-08-11,17.254955291748047,19.315555572509766,19.542221069335938,19.066667556762695,19.231111526489258,1302975
2017-08-14,17.469350814819336,19.55555534362793,19.671110153198242,19.44444465637207,19.488889694213867,1357875
2017-08-15,17.449493408203125,19.53333282470703,19.626667022705078,19.386667251586914,19.55555534362793,938925
2017-08-16,17.54478645324707,19.639999389648438,19.724443435668945,19.559999465942383,19.559999465942383,907200
2017-08-17,17.465375900268555,19.551111221313477,19.751110076904297,19.546667098999023,19.600000381469727,821475
2017-08-18,17.33039093017578,19.399999618530273,19.577777862548828,19.399999618530273,19.528888702392578,1007775
2017-08-21,17.528900146484375,19.622222900390625,19.626667022705078,19.382221221923828,19.41777801513672,660375
2017-08-22,17.771093368530273,19.893333435058594,19.897777557373047,19.65333366394043,19.666667938232422,608175
2017-08-23,17.707569122314453,19.822221755981445,19.897777557373047,19.755556106567383,19.81333351135254,546750
2017-08-24,17.727418899536133,19.844444274902344,19.9777774810791,19.799999237060547,19.959999084472656,459675
2017-08-25,17.771093368530273,19.893333435058594,19.991111755371094,19.822221755981445,19.893333435058594,559575
2017-08-28,17.7949161529541,19.920000076293945,19.982221603393555,19.85333251953125,19.982221603393555,1317825
2017-08-29,17.584491729736328,19.684444427490234,19.9244441986084,19.662221908569336,19.82666778564453,1192050
2017-08-30,17.38200569152832,19.457778930664062,19.65333366394043,19.311111450195312,19.648889541625977,1379700
2017-08-31,17.63213348388672,19.737777709960938,19.746667861938477,19.391111373901367,19.50666618347168,1240425
2017-09-01,17.644041061401367,19.751110076904297,19.79111099243164,19.662221908569336,19.773332595825195,1072125
2017-09-05,17.596403121948242,19.697778701782227,19.79111099243164,19.617778778076172,19.719999313354492,1011600
2017-09-06,17.64006996154785,19.746667861938477,19.755556106567383,19.537778854370117,19.751110076904297,1139625
2017-09-07,17.667865753173828,19.77777862548828,19.817777633666992,19.648889541625977,19.737777709960938,913500
2017-09-08,17.72344970703125,19.84000015258789,19.86222267150879,19.586666107177734,19.733333587646484,1028700
2017-09-11,17.69168472290039,19.804443359375,19.959999084472656,19.760000228881836,19.9244441986084,1122300
2017-09-12,17.580522537231445,19.68000030517578,19.817777633666992,19.662221908569336,19.817777633666992,834075
2017-09-13,17.43362045288086,19.51555633544922,19.697778701782227,19.50666618347168,19.688888549804688,1135350
2017-09-14,17.6519832611084,19.760000228881836,19.77777862548828,19.475555419921875,19.51555633544922,1134675
2017-09-15,17.47332000732422,19.559999465942383,19.773332595825195,19.520000457763672,19.662221908569336,1336950
2017-09-18,17.39788055419922,19.475555419921875,19.600000381469727,19.408889770507812,19.600000381469727,819225
2017-09-19,17.54478645324707,19.639999389648438,19.671110153198242,19.431110382080078,19.475555419921875,983025
2017-09-20,17.636096954345703,19.74222183227539,19.760000228881836,19.626667022705078,19.626667022705078,861300
2017-09-21,17.648012161254883,19.755556106567383,19.795555114746094,19.697778701782227,19.733333587646484,571275
2017-09-22,17.75520896911621,19.87555694580078,19.982221603393555,19.77777862548828,19.77777862548828,938925
2017-09-25,17.826669692993164,19.955556869506836,19.96444320678711,19.831111907958984,19.906667709350586,699975
2017-09-26,18.10459327697754,20.266666412353516,20.324443817138672,19.955556869506836,19.955556869506836,1046025
2017-09-27,18.076810836791992,20.23555564880371,20.440000534057617,20.142221450805664,20.288888931274414,967050
2017-09-28,18.17209243774414,20.342222213745117,20.342222213745117,20.040000915527344,20.182222366333008,1161000
2017-09-29,18.318988800048828,20.50666618347168,20.542221069335938,20.280000686645508,20.29777717590332,1276200
2017-10-02,18.152238845825195,20.31999969482422,20.568889617919922,20.23555564880371,20.53333282470703,1160775
2017-10-03,18.315021514892578,20.502222061157227,20.511110305786133,20.280000686645508,20.35555648803711,1020150
2017-10-04,18.350749969482422,20.542221069335938,20.60444450378418,20.364444732666016,20.475555419921875,1460700
2017-10-05,18.318988800048828,20.50666618347168,20.595556259155273,20.462221145629883,20.573333740234375,715275
2017-10-06,18.608823776245117,20.831111907958984,20.84000015258789,20.36888885498047,20.471111297607422,1752075
2017-10-09,18.67235565185547,20.9022216796875,20.915555953979492,20.773332595825195,20.87555694580078,535275
2017-10-10,18.791461944580078,21.03555679321289,21.057777404785156,20.87555694580078,21.004444122314453,901125
2017-10-11,18.851015090942383,21.102222442626953,21.191110610961914,21.0222225189209,21.04888916015625,1256400
2017-10-12,18.89468765258789,21.151111602783203,21.302221298217773,21.0977783203125,21.0977783203125,975375
2017-10-13,18.90262794494629,21.15999984741211,21.275556564331055,21.093332290649414,21.217777252197266,862650
2017-10-16,18.926456451416016,21.18666648864746,21.462221145629883,21.02666664123535,21.13777732849121,816300
2017-10-17,18.982038497924805,21.248889923095703,21.288888931274414,21.15999984741211,21.200000762939453,1166400
2017-10-18,18.922481536865234,21.182222366333008,21.315555572509766,21.15999984741211,21.280000686645508,952650
2017-10-19,18.922481536865234,21.182222366333008,21.204444885253906,21.057777404785156,21.14666748046875,1017450
2017-10-20,18.9383602142334,21.200000762939453,21.244443893432617,21.164443969726562,21.217777252197266,1002150
2017-10-23,18.906599044799805,21.164443969726562,21.28444480895996,21.13777732849121,21.22222137451172,1300275
2017-10-24,18.719993591308594,20.955556869506836,21.18666648864746,20.844444274902344,21.133333206176758,1464975
2017-10-25,17.509052276611328,19.600000381469727,20.746667861938477,19.479999542236328,20.746667861938477,3606300
2017-10-26,17.485231399536133,19.573333740234375,19.648889541625977,19.51555633544922,19.600000381469727,2692350
2017-10-27,17.247013092041016,19.30666732788086,19.60444450378418,19.253332138061523,19.595556259155273,1820700
2017-10-30,17.16363525390625,19.213333129882812,19.475555419921875,19.191110610961914,19.377777099609375,1572525
2017-10-31,17.43362045288086,19.51555633544922,19.537778854370117,19.031110763549805,19.191110610961914,1653525
2017-11-01,17.350236892700195,19.422222137451172,19.622222900390625,19.248889923095703,19.564443588256836,1533825
2017-11-02,17.747276306152344,19.866666793823242,19.871110916137695,19.431110382080078,19.431110382080078,1137825
2017-11-03,17.9775447845459,20.12444305419922,20.177778244018555,19.8799991607666,19.897777557373047,1112850
2017-11-06,17.910058975219727,20.04888916015625,20.195556640625,19.946666717529297,20.0755558013916,1179450
2017-11-07,18.013280868530273,20.164443969726562,20.293333053588867,20.044443130493164,20.106666564941406,1553850
2017-11-08,17.961668014526367,20.106666564941406,20.200000762939453,20.008888244628906,20.200000762939453,669825
2017-11-09,17.83999252319336,19.87555694580078,20.079999923706055,19.746667861938477,19.946666717529297,667800
2017-11-10,17.947702407836914,19.995555877685547,20.0,19.835556030273438,19.848888397216797,693900
2017-11-13,18.087322235107422,20.151111602783203,20.17333221435547,19.835556030273438,19.942222595214844,1151550
2017-11-14,18.0673828125,20.128889083862305,20.333332061767578,20.040000915527344,20.128889083862305,877725
2017-11-15,17.923768997192383,19.968889236450195,20.115556716918945,19.95111083984375,20.053333282470703,1001025
2017-11-16,18.075361251831055,20.13777732849121,20.23555564880371,19.946666717529297,20.03555679321289,1096875
2017-11-17,17.95568084716797,20.004444122314453,20.226667404174805,19.9777774810791,20.1200008392334,1092375
2017-11-20,18.02748680114746,20.084444046020508,20.11111068725586,19.96444320678711,20.057777404785156,631575
2017-11-21,18.11126136779785,20.177778244018555,20.191110610961914,20.01333236694336,20.14666748046875,1085625
2017-11-22,18.07935333251953,20.142221450805664,20.20888900756836,20.0222225189209,20.18666648864746,689850
2017-11-24,18.039451599121094,20.0977783203125,20.244443893432617,20.044443130493164,20.191110610961914,318600
2017-11-27,18.04743766784668,20.106666564941406,20.31999969482422,20.0977783203125,20.0977783203125,906525
2017-11-28,18.09131622314453,20.155555725097656,20.231111526489258,20.066667556762695,20.128889083862305,1707975
2017-11-29,18.394506454467773,20.49333381652832,20.524444580078125,20.07111167907715,20.12444305419922,1322550
2017-11-30,18.49024200439453,20.600000381469727,20.768888473510742,20.373332977294922,20.462221145629883,1820700
2017-12-01,18.62986946105957,20.755556106567383,20.773332595825195,20.311111450195312,20.591110229492188,891225
2017-12-04,18.390518188476562,20.488889694213867,20.959999084472656,20.479999542236328,20.88888931274414,1591200
2017-12-05,18.187061309814453,20.262222290039062,20.591110229492188,20.253332138061523,20.559999465942383,1192725
2017-12-06,18.418437957763672,20.520000457763672,20.586666107177734,20.182222366333008,20.537778854370117,1609200
2017-12-07,18.534130096435547,20.648889541625977,20.786666870117188,20.39555549621582,20.511110305786133,1227825
2017-12-08,18.350618362426758,20.44444465637207,20.68000030517578,20.426666259765625,20.657777786254883,950175
2017-12-11,18.087322235107422,20.151111602783203,20.502222061157227,20.06222152709961,20.457778930664062,2088225
2017-12-12,18.071372985839844,20.133333206176758,20.275556564331055,20.008888244628906,20.155555725097656,3511350
2017-12-13,18.266847610473633,20.351110458374023,20.53333282470703,20.040000915527344,20.106666564941406,1502775
2017-12-14,18.230945587158203,20.311111450195312,20.49333381652832,20.280000686645508,20.360000610351562,1415925
2017-12-15,18.677738189697266,20.808889389038086,20.92888832092285,20.382221221923828,20.382221221923828,2891025
2017-12-18,18.68970489501953,20.822221755981445,20.93777847290039,20.608888626098633,20.804443359375,1231650
2017-12-19,18.71763038635254,20.85333251953125,20.942222595214844,20.719999313354492,20.746667861938477,1444050
2017-12-20,18.809385299682617,20.955556869506836,21.017778396606445,20.786666870117188,20.8799991607666,996750
2017-12-21,18.697683334350586,20.831111907958984,21.079999923706055,20.817777633666992,20.995555877685547,798975
2017-12-22,18.530132293701172,20.64444351196289,20.857778549194336,20.559999465942383,20.857778549194336,1019700
2017-12-26,18.617904663085938,20.74222183227539,20.86222267150879,20.58222198486328,20.635555267333984,407250
2017-12-27,18.66975975036621,20.799999237060547,20.87555694580078,20.70222282409668,20.760000228881836,696150
2017-12-28,18.581998825073242,20.70222282409668,20.9244441986084,20.648889541625977,20.893333435058594,711900
2017-12-29,18.562049865722656,20.68000030517578,20.844444274902344,20.622222900390625,20.711111068725586,1283400
2018-01-02,18.609920501708984,20.733333587646484,20.831111907958984,20.53333282470703,20.822221755981445,1621575
2018-01-03,18.542102813720703,20.657777786254883,20.844444274902344,20.573333740234375,20.64444351196289,1378350
2018-01-04,18.889171600341797,21.044443130493164,21.079999923706055,20.671110153198242,20.737777709960938,2834775
2018-01-05,18.79343032836914,20.93777847290039,21.084444046020508,20.786666870117188,21.053333282470703,1163700
2018-01-08,18.980924606323242,21.14666748046875,21.18666648864746,20.822221755981445,20.893333435058594,1878750
2018-01-09,19.00485610961914,21.17333221435547,21.20888900756836,21.01333236694336,21.142221450805664,1320075
2018-01-10,18.82534408569336,20.97333335876465,21.133333206176758,20.88888931274414,21.08888816833496,1100475
2018-01-11,19.024808883666992,21.195556640625,21.204444885253906,20.946666717529297,20.982221603393555,794475
2018-01-12,18.99688148498535,21.164443969726562,21.266666412353516,21.128889083862305,21.266666412353516,958725
2018-01-16,18.945016860961914,21.106666564941406,21.44444465637207,21.084444046020508,21.28444480895996,1428975
2018-01-17,19.024808883666992,21.195556640625,21.280000686645508,21.1200008392334,21.128889083862305,1167300
2018-01-18,18.98890495300293,21.155555725097656,21.302221298217773,21.115556716918945,21.200000762939453,883575
2018-01-19,19.100595474243164,21.280000686645508,21.337778091430664,21.128889083862305,21.20888900756836,863550
2018-01-22,19.100595474243164,21.280000686645508,21.399999618530273,21.164443969726562,21.280000686645508,1296225
2018-01-23,19.100595474243164,21.280000686645508,21.34666633605957,21.0755558013916,21.244443893432617,1178550
2018-01-24,20.141796112060547,22.440000534057617,23.017778396606445,21.675556182861328,21.675556182861328,3173400
2018-01-25,20.141796112060547,22.440000534057617,22.65333366394043,22.044443130493164,22.639999389648438,1599300
2018-01-26,20.18967056274414,22.49333381652832,22.53333282470703,22.302221298217773,22.53333282470703,1374075
2018-01-29,20.042072296142578,22.328889846801758,22.586666107177734,22.324443817138672,22.44444465637207,1120725
2018-01-30,19.82665252685547,22.08888816833496,22.41777801513672,21.91111183166504,22.262222290039062,1581300
2018-01-31,19.68303108215332,21.92888832092285,22.35555648803711,21.87555694580078,22.22222137451172,2220525
2018-02-01,19.611223220825195,21.848888397216797,21.955556869506836,21.65333366394043,21.915555953979492,1203075
2018-02-02,19.22825813293457,21.422222137451172,21.751110076904297,21.413333892822266,21.711111068725586,1577925
2018-02-05,18.66975975036621,20.799999237060547,21.440000534057617,20.786666870117188,21.399999618530273,1907100
2018-02-06,18.693695068359375,20.82666778564453,20.97333335876465,20.25777816772461,20.528888702392578,1850850
2018-02-07,19.00485610961914,21.17333221435547,21.360000610351562,20.666667938232422,20.77777862548828,1556325
2018-02-08,18.188655853271484,20.204444885253906,21.195556640625,20.200000762939453,21.195556640625,1757250
2018-02-09,18.340688705444336,20.373332977294922,20.648889541625977,19.871110916137695,20.41777801513672,1984050
2018-02-12,18.836816787719727,20.9244441986084,21.008888244628906,20.53333282470703,20.58222198486328,2464875
2018-02-13,18.876829147338867,20.968889236450195,21.079999923706055,20.817777633666992,20.91111183166504,1511325
2018-02-14,19.284931182861328,21.422222137451172,21.48444366455078,20.85333251953125,20.91111183166504,1576575
2018-02-15,19.50497817993164,21.666667938232422,21.684444427490234,21.457778930664062,21.559999465942383,1864350
2018-02-16,19.961103439331055,22.17333221435547,22.27111053466797,21.635555267333984,21.635555267333984,1686825
2018-02-20,19.985107421875,22.200000762939453,22.311111450195312,21.893333435058594,22.031110763549805,1982700
2018-02-21,19.997108459472656,22.213333129882812,22.333332061767578,22.0222225189209,22.18666648864746,2920500
2018-02-22,20.157155990600586,22.391111373901367,22.537778854370117,22.22222137451172,22.22222137451172,2099700
2018-02-23,20.477235794067383,22.746667861938477,22.746667861938477,22.20888900756836,22.453332901000977,2311425
2018-02-26,20.573261260986328,22.85333251953125,22.85333251953125,22.591110229492188,22.848888397216797,1261575
2018-02-27,20.37320899963379,22.63111114501953,22.884443283081055,22.50666618347168,22.84000015258789,2081250
2018-02-28,20.113143920898438,22.342222213745117,22.70222282409668,22.342222213745117,22.626667022705078,2287800
2018-03-01,19.785058975219727,21.9777774810791,22.382221221923828,21.857778549194336,22.360000610351562,1606500
2018-03-02,19.86907958984375,22.07111167907715,22.0977783203125,21.786666870117188,21.866666793823242,1118025
2018-03-05,20.10514259338379,22.333332061767578,22.413333892822266,21.9022216796875,21.995555877685547,1427625
2018-03-06,20.50124168395996,22.773332595825195,22.773332595825195,22.333332061767578,22.35555648803711,2930400
2018-03-07,20.889345169067383,23.204444885253906,23.226667404174805,22.564443588256836,22.577777862548828,2740050
2018-03-08,20.8973388671875,23.213333129882812,23.440000534057617,22.991111755371094,23.275556564331055,1126125
2018-03-09,21.15340805053711,23.497777938842773,23.524444580078125,23.231111526489258,23.253332138061523,967725
2018-03-12,21.133403778076172,23.475555419921875,23.55555534362793,23.351110458374023,23.55555534362793,844875
2018-03-13,20.8973388671875,23.213333129882812,23.55555534362793,23.168888092041016,23.479999542236328,819000
2018-03-14,20.689287185668945,22.982221603393555,23.266666412353516,22.915555953979492,23.248889923095703,1047150
2018-03-15,20.537250518798828,22.81333351135254,23.057777404785156,22.737777709960938,22.942222595214844,786150
2018-03-16,20.58926773071289,22.871110916137695,22.942222595214844,22.671110153198242,22.84000015258789,2377350
2018-03-19,20.593271255493164,22.87555694580078,23.08888816833496,22.773332595825195,22.8799991607666,1117575
2018-03-20,20.793319702148438,23.0977783203125,23.13777732849121,22.86222267150879,22.86222267150879,562275
2018-03-21,20.725296020507812,23.0222225189209,23.23555564880371,22.942222595214844,23.093332290649414,825975
2018-03-22,20.293188095092773,22.542221069335938,23.02666664123535,22.53333282470703,22.897777557373047,1056150
2018-03-23,20.02112579345703,22.239999771118164,22.551111221313477,22.231111526489258,22.426666259765625,931950
2018-03-26,20.653276443481445,22.942222595214844,22.991111755371094,22.462221145629883,22.528888702392578,1180800
2018-03-27,20.173152923583984,22.408889770507812,23.079999923706055,22.30666732788086,23.0,1156275
2018-03-28,20.193161010742188,22.431110382080078,22.608888626098633,22.244443893432617,22.408889770507812,754650
2018-03-29,20.417217254638672,22.68000030517578,22.866666793823242,22.408889770507812,22.568889617919922,1254150
2018-04-02,20.009111404418945,22.226667404174805,22.817777633666992,22.040000915527344,22.671110153198242,976725
2018-04-03,20.337196350097656,22.591110229492188,22.688888549804688,22.351110458374023,22.360000610351562,1373850
2018-04-04,20.573261260986328,22.85333251953125,22.91111183166504,22.342222213745117,22.34666633605957,2318850
2018-04-05,20.52125358581543,22.795555114746094,23.0,22.755556106567383,22.98666763305664,860400
2018-04-06,20.10114288330078,22.328889846801758,22.773332595825195,22.128889083862305,22.666667938232422,1258425
2018-04-09,20.28118324279785,22.528888702392578,22.755556106567383,22.422222137451172,22.457778930664062,1839375
2018-04-10,20.533252716064453,22.808889389038086,22.95111083984375,22.648889541625977,22.79111099243164,2380275
2018-04-11,20.44123077392578,22.706666946411133,22.82666778564453,22.573333740234375,22.69333267211914,835425
2018-04-12,20.533252716064453,22.808889389038086,22.906667709350586,22.72888946533203,22.755556106567383,668475
2018-04-13,20.525249481201172,22.799999237060547,22.92888832092285,22.684444427490234,22.9244441986084,656775
2018-04-16,21.061384201049805,23.39555549621582,23.39555549621582,22.9022216796875,23.004444122314453,2300400
2018-04-17,21.58551597595215,23.9777774810791,24.11111068725586,23.435556411743164,23.55555534362793,3778875
2018-04-18,21.465490341186523,23.844444274902344,24.066667556762695,23.591110229492188,23.995555877685547,1177425
2018-04-19,21.141403198242188,23.48444366455078,23.82666778564453,23.471111297607422,23.799999237060547,1327725
2018-04-20,20.869333267211914,23.182222366333008,23.448888778686523,23.102222442626953,23.399999618530273,1685925
2018-04-23,20.701295852661133,22.995555877685547,23.315555572509766,22.95111083984375,23.182222366333008,1654650
2018-04-24,20.27718734741211,22.524444580078125,23.191110610961914,22.391111373901367,23.11111068725586,1933650
2018-04-25,19.74504852294922,21.933332443237305,22.50666618347168,21.657777786254883,22.36888885498047,2338875
2018-04-26,19.661026000976562,21.84000015258789,22.066667556762695,21.733333587646484,21.831111907958984,1434150
2018-04-27,19.62901496887207,21.804443359375,21.92888832092285,21.706666946411133,21.835556030273438,815850
2018-04-30,19.412961959838867,21.564443588256836,22.01333236694336,21.559999465942383,21.844444274902344,1310850
2018-05-01,19.536996841430664,21.70222282409668,21.737777709960938,21.404443740844727,21.524444580078125,922050
2018-05-02,19.412961959838867,21.564443588256836,21.72888946533203,21.488889694213867,21.719999313354492,1269675
2018-05-03,19.436967849731445,21.591110229492188,21.768888473510742,21.386667251586914,21.551111221313477,1236375
2018-05-04,19.821063995361328,22.017778396606445,22.079999923706055,21.435556411743164,21.537778854370117,846450
2018-05-07,20.033117294311523,22.253332138061523,22.328889846801758,21.946666717529297,22.04888916015625,1116675
2018-05-08,19.9691104888916,22.182222366333008,22.28444480895996,22.08888816833496,22.195556640625,1028700
2018-05-09,19.916940689086914,22.06222152709961,22.27111053466797,21.920000076293945,22.151111602783203,1152900
2018-05-10,19.94904899597168,22.0977783203125,22.217777252197266,22.057777404785156,22.0977783203125,887400
2018-05-11,20.28206443786621,22.46666717529297,22.577777862548828,22.07111167907715,22.07111167907715,2096775
2018-05-14,20.17774200439453,22.351110458374023,22.524444580078125,22.311111450195312,22.475555419921875,975825
2018-05-15,20.117565155029297,22.28444480895996,22.324443817138672,22.093332290649414,22.213333129882812,750150
2018-05-16,20.08546257019043,22.248889923095703,22.422222137451172,22.217777252197266,22.315555572509766,690750
2018-05-17,20.061384201049805,22.22222137451172,22.35555648803711,22.155555725097656,22.30666732788086,924750
2018-05-18,20.10552215576172,22.27111053466797,22.422222137451172,22.244443893432617,22.25777816772461,1372500
2018-05-21,20.39039421081543,22.586666107177734,22.60444450378418,22.413333892822266,22.422222137451172,703800
2018-05-22,20.0894718170166,22.253332138061523,22.64444351196289,22.226667404174805,22.64444351196289,783225
2018-05-23,20.101512908935547,22.266666412353516,22.275556564331055,22.06222152709961,22.191110610961914,931500
2018-05-24,20.189783096313477,22.364444732666016,22.404443740844727,22.20888900756836,22.27111053466797,649800
2018-05-25,20.10953140258789,22.275556564331055,22.44444465637207,22.253332138061523,22.351110458374023,572625
2018-05-29,20.197805404663086,22.373332977294922,22.586666107177734,22.066667556762695,22.13777732849121,1128825
2018-05-30,20.49873161315918,22.706666946411133,22.884443283081055,22.48444366455078,22.48444366455078,1904400
2018-05-31,19.9691104888916,22.1200008392334,22.737777709960938,22.1200008392334,22.675556182861328,1314000
2018-06-01,20.065401077270508,22.226667404174805,22.36888885498047,22.044443130493164,22.25777816772461,1204200
2018-06-04,20.619094848632812,22.84000015258789,23.008888244628906,22.58222198486328,22.58222198486328,1948950
2018-06-05,20.79964256286621,23.040000915527344,23.106666564941406,22.817777633666992,22.866666793823242,849600
2018-06-06,21.084516525268555,23.35555648803711,23.364444732666016,23.053333282470703,23.084444046020508,1059975
2018-06-07,21.18482780456543,23.46666717529297,23.591110229492188,23.377777099609375,23.404443740844727,1200600
2018-06-08,21.18883514404297,23.471111297607422,23.648889541625977,23.324443817138672,23.524444580078125,978300
2018-06-11,20.96013641357422,23.217777252197266,23.591110229492188,23.155555725097656,23.46666717529297,1032750
2018-06-12,21.180816650390625,23.462221145629883,23.462221145629883,23.244443893432617,23.253332138061523,957150
2018-06-13,20.80365562438965,23.044443130493164,23.622222900390625,23.040000915527344,23.51555633544922,1083375
2018-06-14,20.97217559814453,23.231111526489258,23.253332138061523,22.959999084472656,23.115556716918945,955800
2018-06-15,21.112607955932617,23.386667251586914,23.440000534057617,23.004444122314453,23.22222137451172,1670625
2018-06-18,21.236984252929688,23.524444580078125,23.591110229492188,23.040000915527344,23.239999771118164,1505925
2018-06-19,21.152729034423828,23.431110382080078,23.475555419921875,23.155555725097656,23.364444732666016,1023300
2018-06-20,21.04038429260254,23.30666732788086,23.542221069335938,23.28444480895996,23.431110382080078,570825
2018-06-21,21.03636932373047,23.302221298217773,23.399999618530273,23.142221450805664,23.311111450195312,480600
2018-06-22,21.028348922729492,23.293333053588867,23.46666717529297,23.133333206176758,23.373332977294922,1194075
2018-06-25,20.92001724243164,23.17333221435547,23.280000686645508,22.96444320678711,23.27111053466797,846000
2018-06-26,20.883907318115234,23.133333206176758,23.431110382080078,23.12444305419922,23.217777252197266,720675
2018-06-27,20.783597946166992,23.0222225189209,23.275556564331055,23.0,23.231111526489258,827550
2018-06-28,21.05242347717285,23.31999969482422,23.408889770507812,22.959999084472656,23.04888916015625,1500300
2018-06-29,21.096559524536133,23.36888885498047,23.528888702392578,23.34666633605957,23.471111297607422,1212075
2018-07-02,21.313213348388672,23.608888626098633,23.635555267333984,23.151111602783203,23.351110458374023,1060425
2018-07-03,21.196866989135742,23.479999542236328,23.671110153198242,23.391111373901367,23.65333366394043,497250
2018-07-05,21.321243286132812,23.617778778076172,23.648889541625977,23.315555572509766,23.595556259155273,1766475
2018-07-06,21.64222526550293,23.97333335876465,24.12444305419922,23.617778778076172,23.622222900390625,769500
2018-07-09,22.059507369995117,24.435556411743164,24.502222061157227,24.04888916015625,24.04888916015625,1265175
2018-07-10,22.067523956298828,24.44444465637207,24.471111297607422,24.288888931274414,24.471111297607422,1116675
2018-07-11,22.1036376953125,24.48444366455078,24.657777786254883,24.27111053466797,24.328889846801758,1054575
2018-07-12,22.40455436706543,24.817777633666992,24.871110916137695,24.502222061157227,24.622222900390625,940725
2018-07-13,22.163816452026367,24.551111221313477,24.93777847290039,24.542221069335938,24.817777633666992,960975
2018-07-16,22.07956314086914,24.457778930664062,24.635555267333984,24.39555549621582,24.524444580078125,919800
2018-07-17,22.039438247680664,24.413333892822266,24.502222061157227,24.25777816772461,24.426666259765625,822375
2018-07-18,22.268138885498047,24.666667938232422,24.68000030517578,24.311111450195312,24.399999618530273,822825
2018-07-19,22.268138885498047,24.666667938232422,24.799999237060547,24.577777862548828,24.600000381469727,931275
2018-07-20,22.416597366333008,24.831111907958984,24.893333435058594,24.551111221313477,24.617778778076172,763425
2018-07-23,22.488821029663086,24.91111183166504,25.102222442626953,24.786666870117188,24.799999237060547,1022850
2018-07-24,22.232030868530273,24.626667022705078,24.959999084472656,24.448888778686523,24.91111183166504,1164150
2018-07-25,22.40455436706543,24.817777633666992,24.897777557373047,24.168888092041016,24.46666717529297,1360575
2018-07-26,22.504858016967773,24.92888832092285,24.97333335876465,24.648889541625977,24.808889389038086,1343025
2018-07-27,22.39251708984375,24.804443359375,25.093332290649414,24.626667022705078,24.98666763305664,919350
2018-07-30,21.866912841796875,24.22222137451172,24.817777633666992,24.17333221435547,24.77777862548828,1013400
2018-07-31,22.04345703125,24.41777801513672,24.617778778076172,24.231111526489258,24.311111450195312,1006425
2018-08-01,22.484811782836914,24.906667709350586,24.933332443237305,24.426666259765625,24.426666259765625,830925
2018-08-02,22.70548439025879,25.151111602783203,25.426666259765625,24.85333251953125,24.85333251953125,960300
2018-08-03,22.617212295532227,25.053333282470703,25.20888900756836,24.81333351135254,25.13777732849121,866025
2018-08-06,22.821840286254883,25.280000686645508,25.431110382080078,24.884443283081055,25.084444046020508,1106100
2018-08-07,22.613191604614258,25.04888916015625,25.426666259765625,25.008888244628906,25.333332061767578,698625
2018-08-08,22.56906509399414,25.0,25.102222442626953,24.91111183166504,25.04888916015625,572175
2018-08-09,22.524816513061523,24.88888931274414,25.11111068725586,24.871110916137695,24.982221603393555,601650
2018-08-10,22.61732292175293,24.991111755371094,25.191110610961914,24.751110076904297,24.82666778564453,397575
2018-08-13,22.58917236328125,24.959999084472656,25.391111373901367,24.88888931274414,25.03555679321289,515925
2018-08-14,22.82649040222168,25.22222137451172,25.311111450195312,24.97333335876465,25.053333282470703,456075
2018-08-15,22.79833221435547,25.191110610961914,25.23555564880371,24.959999084472656,25.093332290649414,567675
2018-08-16,22.995426177978516,25.408889770507812,25.488889694213867,25.164443969726562,25.333332061767578,577125
2018-08-17,23.003467559814453,25.41777801513672,25.55555534362793,25.311111450195312,25.413333892822266,847575
2018-08-20,23.116085052490234,25.542221069335938,25.617778778076172,25.422222137451172,25.497777938842773,685125
2018-08-21,23.208602905273438,25.64444351196289,25.768888473510742,25.502222061157227,25.551111221313477,1003050
2018-08-22,23.264917373657227,25.706666946411133,25.831111907958984,25.546667098999023,25.595556259155273,747000
2018-08-23,23.381561279296875,25.835556030273438,25.848888397216797,25.568889617919922,25.684444427490234,865575
2018-08-24,23.558542251586914,26.031110763549805,26.106666564941406,25.85333251953125,25.8799991607666,714825
2018-08-27,23.932619094848633,26.44444465637207,26.453332901000977,26.11111068725586,26.115556716918945,1151325
2018-08-28,23.96077537536621,26.475555419921875,26.657777786254883,26.333332061767578,26.573333740234375,964800
2018-08-29,24.03317642211914,26.55555534362793,26.648889541625977,26.422222137451172,26.488889694213867,713475
2018-08-30,24.145795822143555,26.68000030517578,26.768888473510742,26.497777938842773,26.577777862548828,887400
2018-08-31,24.165904998779297,26.70222282409668,26.76444435119629,26.559999465942383,26.626667022705078,982575
2018-09-04,24.3348445892334,26.88888931274414,26.897777557373047,26.600000381469727,26.675556182861328,734850
2018-09-05,24.30266761779785,26.85333251953125,26.93777847290039,26.617778778076172,26.822221755981445,1028700
2018-09-06,24.58824920654297,27.168888092041016,27.253332138061523,26.844444274902344,26.844444274902344,728775
2018-09-07,24.74913787841797,27.34666633605957,27.48444366455078,27.12444305419922,27.142221450805664,908550
2018-09-10,25.010587692260742,27.635555267333984,27.684444427490234,27.408889770507812,27.46666717529297,1024200
2018-09-11,25.195615768432617,27.84000015258789,27.97333335876465,27.573333740234375,27.684444427490234,1756575
2018-09-12,25.533491134643555,28.213333129882812,28.35555648803711,27.844444274902344,27.8799991607666,1581975
2018-09-13,25.630022048950195,28.31999969482422,28.435556411743164,28.14666748046875,28.35555648803711,1177200
2018-09-14,25.509357452392578,28.18666648864746,28.382221221923828,28.079999923706055,28.324443817138672,1996200
2018-09-17,25.44500160217285,28.115556716918945,28.266666412353516,27.93777847290039,28.200000762939453,1493550
2018-09-18,25.807003021240234,28.51555633544922,28.617778778076172,28.133333206176758,28.133333206176758,1549350
2018-09-19,25.11919593811035,27.755556106567383,28.44444465637207,27.671110153198242,28.44444465637207,2978550
2018-09-20,25.23986053466797,27.88888931274414,27.93777847290039,27.71555519104004,27.9022216796875,1906425
2018-09-21,25.143327713012695,27.782222747802734,28.12444305419922,27.755556106567383,27.98666763305664,5266800
2018-09-24,24.829580307006836,27.435556411743164,27.782222747802734,27.399999618530273,27.782222747802734,2317500
2018-09-25,25.131258010864258,27.768888473510742,27.786666870117188,27.337778091430664,27.53333282470703,2414250
2018-09-26,24.262449264526367,26.808889389038086,27.573333740234375,26.746667861938477,27.564443588256836,4913550
2018-09-27,23.83608627319336,26.337778091430664,26.884443283081055,26.28444480895996,26.8799991607666,4365675
2018-09-28,24.411272048950195,26.97333335876465,27.01333236694336,26.053333282470703,26.253332138061523,57655350
2018-10-01,23.739545822143555,26.231111526489258,27.11111068725586,26.128889083862305,27.066667556762695,3356325
2018-10-02,23.912504196166992,26.422222137451172,26.688888549804688,26.293333053588867,26.35555648803711,3246750
2018-10-03,23.65508270263672,26.13777732849121,26.595556259155273,26.12444305419922,26.46666717529297,2610450
2018-10-04,23.751615524291992,26.244443893432617,26.31999969482422,25.893333435058594,25.942222595214844,1978200
2018-10-05,23.844127655029297,26.34666633605957,26.58222198486328,26.226667404174805,26.333332061767578,2191950
2018-10-08,23.703344345092773,26.191110610961914,26.386667251586914,25.9022216796875,26.28444480895996,1886625
2018-10-09,23.7757511138916,26.27111053466797,26.546667098999023,26.17333221435547,26.191110610961914,1820700
2018-10-10,22.77821922302246,25.168888092041016,26.20888900756836,25.14666748046875,26.204444885253906,2397375
2018-10-11,22.343814849853516,24.688888549804688,25.20888900756836,24.64444351196289,25.0755558013916,2168550
2018-10-12,22.585155487060547,24.955556869506836,25.08888816833496,24.613332748413086,25.01333236694336,2487825
2018-10-15,22.65352439880371,25.031110763549805,25.20888900756836,24.724443435668945,24.92888832092285,1493325
2018-10-16,23.148265838623047,25.577777862548828,25.595556259155273,25.04888916015625,25.195556640625,2115450
2018-10-17,23.075864791870117,25.497777938842773,25.755556106567383,25.29777717590332,25.63111114501953,1644300
2018-10-18,22.721906661987305,25.106666564941406,25.63111114501953,25.044443130493164,25.462221145629883,1731825
2018-10-19,22.882801055908203,25.28444480895996,25.537778854370117,25.15999984741211,25.231111526489258,1766250
2018-10-22,22.927043914794922,25.333332061767578,25.573333740234375,25.248889923095703,25.373332977294922,1270800
2018-10-23,22.697772979736328,25.079999923706055,25.28444480895996,24.657777786254883,24.955556869506836,2553750
2018-10-24,23.04369354248047,25.462221145629883,26.079999923706055,25.07111167907715,25.559999465942383,3330900
2018-10-25,22.822467803955078,25.217777252197266,25.53333282470703,24.82666778564453,25.53333282470703,2536425
2018-10-26,22.91899871826172,25.324443817138672,25.48444366455078,24.737777709960938,24.9022216796875,3328200
2018-10-29,23.091957092285156,25.51555633544922,26.04888916015625,25.204444885253906,25.64444351196289,2474775
2018-10-30,23.437877655029297,25.897777557373047,25.92888832092285,25.453332901000977,25.568889617919922,3223800
2018-10-31,23.811948776245117,26.311111450195312,26.626667022705078,26.031110763549805,26.11111068725586,2624625
2018-11-01,23.63094139099121,26.11111068725586,26.391111373901367,26.057777404785156,26.275556564331055,3649725
2018-11-02,23.87228012084961,26.377777099609375,26.524444580078125,26.044443130493164,26.25777816772461,2785725
2018-11-05,23.904464721679688,26.413333892822266,26.49333381652832,26.15999984741211,26.35555648803711,2049300
2018-11-06,23.86021614074707,26.364444732666016,26.488889694213867,26.280000686645508,26.46666717529297,2055375
2018-11-07,24.74913787841797,27.34666633605957,27.39555549621582,26.422222137451172,26.55555534362793,2015550
2018-11-08,25.02227783203125,27.564443588256836,27.564443588256836,27.18666648864746,27.248889923095703,1954575
2018-11-09,24.760038375854492,27.275556564331055,27.591110229492188,27.0222225189209,27.435556411743164,1897875
2018-11-12,24.356576919555664,26.831111907958984,27.36888885498047,26.79111099243164,27.248889923095703,1465425
2018-11-13,24.1871280670166,26.64444351196289,26.959999084472656,26.50666618347168,26.920000076293945,1488375
2018-11-14,24.207304000854492,26.666667938232422,26.9244441986084,26.520000457763672,26.773332595825195,1367100
2018-11-15,24.566375732421875,27.06222152709961,27.128889083862305,26.351110458374023,26.520000457763672,1694925
2018-11-16,24.94562530517578,27.479999542236328,27.564443588256836,26.8799991607666,26.942222595214844,6931800
2018-11-19,24.760038375854492,27.275556564331055,27.551111221313477,27.057777404785156,27.48444366455078,4092525
2018-11-20,24.489715576171875,26.9777774810791,27.315555572509766,26.93777847290039,27.0755558013916,1634625
2018-11-21,24.332368850708008,26.804443359375,27.177778244018555,26.76444435119629,27.07111167907715,1660500
2018-11-23,24.207304000854492,26.666667938232422,26.906667709350586,26.573333740234375,26.65333366394043,704475
2018-11-26,24.65513801574707,27.15999984741211,27.164443969726562,26.786666870117188,26.88888931274414,1500750
2018-11-27,24.925447463989258,27.457778930664062,27.46666717529297,27.03555679321289,27.12444305419922,1488375
2018-11-28,25.611326217651367,28.213333129882812,28.248889923095703,27.497777938842773,27.497777938842773,1885950
2018-11-29,25.720260620117188,28.333332061767578,28.440000534057617,27.982221603393555,28.14666748046875,1338525
2018-11-30,25.643600463867188,28.248889923095703,28.537778854370117,28.226667404174805,28.382221221923828,2279475
2018-12-03,25.736400604248047,28.351110458374023,28.53333282470703,27.719999313354492,28.49333381652832,2615400
2018-12-04,25.219974517822266,27.782222747802734,28.63111114501953,27.746667861938477,28.373332977294922,3013650
2018-12-06,23.78367805480957,26.200000762939453,27.262222290039062,25.568889617919922,26.755556106567383,4462200
2018-12-07,23.097797393798828,25.44444465637207,26.408889770507812,25.324443817138672,26.151111602783203,2061450
2018-12-10,23.146211624145508,25.497777938842773,25.573333740234375,24.96444320678711,25.44444465637207,1716750
2018-12-11,23.13612937927246,25.48666763305664,25.979999542236328,25.239999771118164,25.979999542236328,1495050
2018-12-12,23.16638946533203,25.520000457763672,26.02666664123535,25.51333236694336,25.626667022705078,1711650
2018-12-13,22.736713409423828,25.046667098999023,25.520000457763672,24.366666793823242,25.46666717529297,2478300
2018-12-14,22.14967918395996,24.399999618530273,25.139999389648438,24.253332138061523,24.666667938232422,2489100
2018-12-17,21.695789337158203,23.899999618530273,24.446666717529297,23.780000686645508,24.3799991607666,1623900
2018-12-18,21.61107063293457,23.80666732788086,24.260000228881836,23.6200008392334,24.073333740234375,1952850
2018-12-19,21.362939834594727,23.53333282470703,24.440000534057617,23.413333892822266,23.81999969482422,1654200
2018-12-20,21.24795913696289,23.406667709350586,23.64666748046875,23.17333221435547,23.453332901000977,2852550
2018-12-21,20.94536781311035,23.073333740234375,23.906667709350586,22.893333435058594,23.433332443237305,3757350
2018-12-24,20.44911766052246,22.52666664123535,23.100000381469727,22.50666618347168,23.0,896400
2018-12-26,21.296369552612305,23.459999084472656,23.479999542236328,22.5,22.626667022705078,1688550
2018-12-27,21.689743041992188,23.893333435058594,23.893333435058594,23.01333236694336,23.200000762939453,1478850
2018-12-28,21.58686065673828,23.780000686645508,24.073333740234375,23.53333282470703,23.926666259765625,1975200
2018-12-31,21.847097396850586,24.066667556762695,24.166667938232422,23.773332595825195,23.946666717529297,1632750
2019-01-02,21.647377014160156,23.84666633605957,23.893333435058594,23.280000686645508,23.833332061767578,1723500
2019-01-03,21.393205642700195,23.566667556762695,23.860000610351562,23.239999771118164,23.773332595825195,1710000
2019-01-04,22.08915901184082,24.333332061767578,24.413333892822266,23.68000030517578,23.85333251953125,978750
2019-01-07,22.14967918395996,24.399999618530273,24.67333221435547,24.266666412353516,24.273332595825195,1264800
2019-01-08,22.549104690551758,24.84000015258789,24.893333435058594,24.219999313354492,24.64666748046875,1791300
2019-01-09,23.002992630004883,25.34000015258789,25.440000534057617,24.80666732788086,25.020000457763672,1568700
2019-01-10,23.396358489990234,25.773332595825195,25.793333053588867,25.200000762939453,25.34000015258789,1229250
2019-01-11,23.178489685058594,25.53333282470703,25.82666778564453,25.446666717529297,25.666667938232422,1137300
2019-01-14,23.22085189819336,25.579999923706055,25.626667022705078,25.100000381469727,25.333332061767578,2303100
2019-01-15,23.35399055480957,25.726667404174805,25.84000015258789,25.46666717529297,25.69333267211914,993450
2019-01-16,23.087711334228516,25.433332443237305,25.799999237060547,25.260000228881836,25.700000762939453,2180250
2019-01-17,22.936420440673828,25.266666412353516,25.6200008392334,25.113332748413086,25.34666633605957,1421400
2019-01-18,23.408458709716797,25.786666870117188,25.873332977294922,25.32666778564453,25.333332061767578,1588650
2019-01-22,23.239011764526367,25.600000381469727,26.066667556762695,25.333332061767578,25.84000015258789,3242100
2019-01-23,22.51279067993164,24.799999237060547,24.799999237060547,23.386667251586914,24.19333267211914,8977650
2019-01-24,22.863798141479492,25.18666648864746,25.200000762939453,24.266666412353516,24.706666946411133,3728700
2019-01-25,23.075611114501953,25.420000076293945,25.793333053588867,25.17333221435547,25.34666633605957,3040050
2019-01-28,22.609621047973633,24.906667709350586,25.34666633605957,24.753332138061523,25.219999313354492,1609800
2019-01-29,22.349390029907227,24.6200008392334,25.053333282470703,24.579999923706055,25.02666664123535,1664850
2019-01-30,22.415956497192383,24.69333267211914,24.81999969482422,24.31333351135254,24.633333206176758,2720550
2019-01-31,22.536998748779297,24.82666778564453,25.00666618347168,24.613332748413086,24.69333267211914,2190450
2019-02-01,22.645931243896484,24.946666717529297,25.17333221435547,24.746667861938477,24.933332443237305,3370050
2019-02-04,22.337284088134766,24.606666564941406,24.953332901000977,24.52666664123535,24.913333892822266,2520150
2019-02-05,22.785123825073242,25.100000381469727,25.1200008392334,24.566667556762695,24.67333221435547,1879050
2019-02-06,22.63382339477539,24.933332443237305,25.100000381469727,24.780000686645508,25.066667556762695,1216500
2019-02-07,22.76091957092285,25.073333740234375,25.100000381469727,24.713333129882812,24.753332138061523,1374600
2019-02-08,22.976360321044922,25.239999771118164,25.239999771118164,24.873332977294922,24.920000076293945,1635750
2019-02-11,23.231250762939453,25.520000457763672,25.546667098999023,25.273332595825195,25.30666732788086,2483850
2019-02-12,23.656055450439453,25.98666763305664,26.01333236694336,25.633333206176758,25.64666748046875,2136600
2019-02-13,23.89274024963379,26.246667861938477,26.273332595825195,25.98666763305664,26.03333282470703,2827350
2019-02-14,24.080873489379883,26.453332901000977,26.520000457763672,26.046667098999023,26.046667098999023,2487450
2019-02-15,24.341827392578125,26.739999771118164,26.913333892822266,26.626667022705078,26.69333267211914,6211950
2019-02-19,24.099082946777344,26.47333335876465,26.766666412353516,26.280000686645508,26.753332138061523,2137500
2019-02-20,23.880603790283203,26.233333587646484,26.520000457763672,26.086666107177734,26.47333335876465,1590150
2019-02-21,24.044462203979492,26.413333892822266,26.479999542236328,26.03333282470703,26.219999313354492,1184250
2019-02-22,23.929157257080078,26.286666870117188,26.5,26.266666412353516,26.426666259765625,2161050
2019-02-25,23.7713623046875,26.113332748413086,26.46666717529297,26.106666564941406,26.246667861938477,1907850
2019-02-26,23.765296936035156,26.106666564941406,26.446666717529297,26.086666107177734,26.126667022705078,1287450
2019-02-27,23.844186782836914,26.19333267211914,26.260000228881836,25.920000076293945,26.00666618347168,823950
2019-02-28,24.068735122680664,26.440000534057617,26.479999542236328,26.079999923706055,26.18666648864746,1637400
2019-03-01,24.141563415527344,26.520000457763672,26.64666748046875,26.31333351135254,26.633333206176758,1616250
2019-03-04,24.457138061523438,26.866666793823242,26.926666259765625,26.48666763305664,26.69333267211914,2316000
2019-03-05,24.432857513427734,26.84000015258789,27.053333282470703,26.82666778564453,26.833332061767578,1370550
2019-03-06,24.40251350402832,26.80666732788086,26.96666717529297,26.68666648864746,26.799999237060547,1295100
2019-03-07,24.256866455078125,26.64666748046875,26.799999237060547,26.573333740234375,26.733333587646484,1786650
2019-03-08,24.341827392578125,26.739999771118164,26.746667861938477,26.446666717529297,26.51333236694336,1206450
2019-03-11,24.699886322021484,27.133333206176758,27.166667938232422,26.753332138061523,26.766666412353516,2977500
2019-03-12,24.68775749206543,27.1200008392334,27.260000228881836,27.040000915527344,27.200000762939453,1501200
2019-03-13,24.912294387817383,27.366666793823242,27.399999618530273,27.14666748046875,27.260000228881836,1383150
2019-03-14,24.89408302307129,27.34666633605957,27.46666717529297,27.15999984741211,27.34666633605957,1646400
2019-03-15,24.554241180419922,26.97333335876465,27.31333351135254,26.906667709350586,27.093332290649414,3081750
2019-03-18,24.87588119506836,27.32666778564453,27.34666633605957,26.99333381652832,26.99333381652832,1152450
2019-03-19,24.77877426147461,27.219999313354492,27.406667709350586,27.126667022705078,27.366666793823242,1216200
2019-03-20,24.608856201171875,27.03333282470703,27.18000030517578,26.85333251953125,27.14666748046875,1491000
2019-03-21,24.936567306518555,27.393333435058594,27.433332443237305,26.940000534057617,26.98666763305664,744000
2019-03-22,24.505691528320312,26.920000076293945,27.34000015258789,26.913333892822266,27.293333053588867,997800
2019-03-25,24.62099838256836,27.046667098999023,27.219999313354492,26.81999969482422,26.899999618530273,1406700
2019-03-26,24.87588119506836,27.32666778564453,27.386667251586914,27.040000915527344,27.113332748413086,1019700
2019-03-27,25.00939178466797,27.47333335876465,27.553333282470703,27.266666412353516,27.333332061767578,1274700
2019-03-28,25.300695419311523,27.793333053588867,27.833332061767578,27.406667709350586,27.546667098999023,865500
2019-03-29,25.258211135864258,27.746667861938477,27.906667709350586,27.666667938232422,27.82666778564453,1867200
2019-04-01,25.46454620361328,27.97333335876465,28.00666618347168,27.746667861938477,27.893333435058594,1006650
2019-04-02,25.409927368164062,27.913333892822266,28.01333236694336,27.780000686645508,28.0,1131300
2019-04-03,25.585927963256836,28.106666564941406,28.260000228881836,27.96666717529297,28.020000457763672,736650
2019-04-04,25.306766510009766,27.799999237060547,28.133333206176758,27.633333206176758,28.1200008392334,908400
2019-04-05,25.33104133605957,27.82666778564453,27.940000534057617,27.700000762939453,27.85333251953125,1066200
2019-04-08,25.373525619506836,27.873332977294922,27.886667251586914,27.593332290649414,27.793333053588867,893850
2019-04-09,25.288562774658203,27.780000686645508,27.893333435058594,27.726667404174805,27.786666870117188,490200
2019-04-10,25.391727447509766,27.893333435058594,27.959999084472656,27.766666412353516,27.799999237060547,598650
2019-04-11,25.73764419555664,28.273332595825195,28.393333435058594,27.940000534057617,28.01333236694336,1404450
2019-04-12,26.053218841552734,28.6200008392334,28.64666748046875,28.286666870117188,28.333332061767578,1690800
2019-04-15,26.132110595703125,28.706666946411133,28.899999618530273,28.666667938232422,28.700000762939453,1094550
2019-04-16,26.186729431152344,28.766666412353516,28.85333251953125,28.67333221435547,28.80666732788086,809700
2019-04-17,26.065353393554688,28.633333206176758,28.8799991607666,28.540000915527344,28.80666732788086,832650
2019-04-18,26.277772903442383,28.866666793823242,28.933332443237305,28.600000381469727,28.600000381469727,1042950
2019-04-22,26.368793487548828,28.96666717529297,29.020000457763672,28.68666648864746,28.866666793823242,819450
2019-04-23,26.550861358642578,29.166667938232422,29.273332595825195,28.959999084472656,29.020000457763672,2023650
2019-04-24,23.880603790283203,26.233333587646484,27.933332443237305,26.079999923706055,27.899999618530273,7598850
2019-04-25,23.734952926635742,26.073333740234375,26.3799991607666,25.84666633605957,26.239999771118164,4557000
2019-04-26,23.728879928588867,26.066667556762695,26.233333587646484,25.899999618530273,26.226667404174805,2022900
2019-04-29,23.60750961303711,25.933332443237305,26.1200008392334,25.799999237060547,26.073333740234375,1738800
2019-04-30,23.467926025390625,25.780000686645508,26.0,25.65333366394043,25.979999542236328,2223750
2019-05-01,22.539403915405273,24.760000228881836,25.786666870117188,24.68666648864746,25.786666870117188,3028500
2019-05-02,22.770017623901367,25.01333236694336,25.166667938232422,24.593332290649414,24.773332595825195,5215200
2019-05-03,22.976360321044922,25.239999771118164,25.48666763305664,24.85333251953125,25.086666107177734,2401800
2019-05-06,22.800363540649414,25.046667098999023,25.1200008392334,24.81999969482422,24.920000076293945,1341600
2019-05-07,22.30272102355957,24.5,24.933332443237305,24.35333251953125,24.833332061767578,2516100
2019-05-08,22.290584564208984,24.48666763305664,24.65333366394043,24.393333435058594,24.453332901000977,2148000
2019-05-09,22.202335357666016,24.31999969482422,24.420000076293945,23.786666870117188,24.246667861938477,1963050
2019-05-10,22.177995681762695,24.293333053588867,24.360000610351562,23.85333251953125,24.233333587646484,1952100
2019-05-13,21.727615356445312,23.799999237060547,24.00666618347168,23.639999389648438,23.926666259765625,1581300
2019-05-14,21.98932647705078,24.086666107177734,24.239999771118164,23.899999618530273,23.899999618530273,1558500
2019-05-15,22.104957580566406,24.213333129882812,24.273332595825195,23.80666732788086,23.860000610351562,1082100
2019-05-16,22.45796012878418,24.600000381469727,24.613332748413086,24.253332138061523,24.280000686645508,1588950
2019-05-17,22.44577980041504,24.586666107177734,24.860000610351562,24.366666793823242,24.386667251586914,2189550
2019-05-20,22.530986785888672,24.68000030517578,24.706666946411133,24.49333381652832,24.49333381652832,1313700
2019-05-21,22.847471237182617,25.02666664123535,25.073333740234375,24.799999237060547,24.84000015258789,1135500
2019-05-22,22.8231258392334,25.0,25.273332595825195,24.926666259765625,25.00666618347168,1216500
2019-05-23,22.433612823486328,24.573333740234375,24.84666633605957,24.333332061767578,24.84666633605957,1586850
2019-05-24,22.53708267211914,24.68666648864746,24.85333251953125,24.553333282470703,24.746667861938477,833250
2019-05-28,22.26319694519043,24.386667251586914,24.860000610351562,24.31333351135254,24.766666412353516,2781450
2019-05-29,22.470130920410156,24.613332748413086,24.65333366394043,24.15999984741211,24.260000228881836,1608750
2019-05-30,22.963106155395508,25.15333366394043,25.18666648864746,24.64666748046875,24.666667938232422,1445100
2019-05-31,22.865732192993164,25.046667098999023,25.273332595825195,24.85333251953125,24.886667251586914,2027400
2019-06-03,22.713571548461914,24.8799991607666,25.293333053588867,24.753332138061523,25.01333236694336,2542500
2019-06-04,23.10917091369629,25.31333351135254,25.34000015258789,24.899999618530273,24.953332901000977,1231200
2019-06-05,23.121347427368164,25.32666778564453,25.47333335876465,25.066667556762695,25.440000534057617,1285350
2019-06-06,23.10917091369629,25.31333351135254,25.426666259765625,25.066667556762695,25.31999969482422,1112550
2019-06-07,23.425657272338867,25.65999984741211,25.873332977294922,25.32666778564453,25.47333335876465,1411050
2019-06-10,23.26133155822754,25.479999542236328,25.913333892822266,25.446666717529297,25.773332595825195,1144200
2019-06-11,22.847471237182617,25.02666664123535,25.553333282470703,24.899999618530273,25.52666664123535,1398150
2019-06-12,22.99962615966797,25.19333267211914,25.273332595825195,25.046667098999023,25.046667098999023,1222650
2019-06-13,22.975282669067383,25.166667938232422,25.373332977294922,25.066667556762695,25.266666412353516,822900
2019-06-14,22.914419174194336,25.100000381469727,25.18666648864746,24.920000076293945,25.133333206176758,1033200
2019-06-17,22.810955047607422,24.98666763305664,25.31333351135254,24.97333335876465,25.15333366394043,848400
2019-06-18,22.938762664794922,25.126667022705078,25.286666870117188,25.066667556762695,25.066667556762695,1528350
2019-06-19,23.036142349243164,25.233333587646484,25.286666870117188,25.00666618347168,25.113332748413086,1449750
2019-06-20,23.10917091369629,25.31333351135254,25.50666618347168,25.18666648864746,25.333332061767578,1913550
2019-06-21,22.871816635131836,25.053333282470703,25.246667861938477,25.00666618347168,25.233333587646484,2004600
2019-06-24,22.305801391601562,24.433332443237305,25.126667022705078,24.399999618530273,24.953332901000977,2004900
2019-06-25,22.299718856811523,24.426666259765625,24.579999923706055,24.233333587646484,24.446666717529297,2269950
2019-06-26,21.55112075805664,23.606666564941406,23.626667022705078,22.666667938232422,23.18666648864746,10637850
2019-06-27,22.293630599975586,24.420000076293945,24.579999923706055,23.600000381469727,23.606666564941406,6194550
2019-06-28,21.831083297729492,23.913333892822266,24.406667709350586,23.540000915527344,24.406667709350586,5452950
2019-07-01,22.0562686920166,24.15999984741211,24.3799991607666,24.00666618347168,24.073333740234375,1762500
2019-07-02,22.32406234741211,24.453332901000977,24.706666946411133,24.15333366394043,24.15333366394043,2799600
2019-07-03,22.555335998535156,24.706666946411133,24.82666778564453,24.553333282470703,24.566667556762695,1054350
2019-07-05,22.63445281982422,24.793333053588867,24.81333351135254,24.52666664123535,24.666667938232422,1191000
2019-07-08,22.555335998535156,24.706666946411133,24.799999237060547,24.479999542236328,24.726667404174805,1880550
2019-07-09,22.530986785888672,24.68000030517578,24.700000762939453,24.406667709350586,24.613332748413086,1126350
2019-07-10,22.658798217773438,24.81999969482422,25.0,24.65999984741211,24.65999984741211,1438050
2019-07-11,22.683143615722656,24.84666633605957,24.920000076293945,24.65999984741211,24.85333251953125,781200
2019-07-12,22.798784255981445,24.97333335876465,25.046667098999023,24.613332748413086,24.866666793823242,994050
2019-07-15,22.926589965820312,25.113332748413086,25.239999771118164,24.926666259765625,24.97333335876465,1036350
2019-07-16,22.98745346069336,25.18000030517578,25.399999618530273,25.086666107177734,25.086666107177734,1228350
2019-07-17,23.005712509155273,25.200000762939453,25.49333381652832,25.14666748046875,25.18666648864746,1259850
2019-07-18,23.066572189331055,25.266666412353516,25.399999618530273,25.133333206176758,25.18000030517578,945600
2019-07-19,23.017887115478516,25.213333129882812,25.399999618530273,25.18666648864746,25.3799991607666,1416450
2019-07-22,23.145689010620117,25.35333251953125,25.520000457763672,25.066667556762695,25.206666946411133,1729350
2019-07-23,23.218727111816406,25.433332443237305,25.559999465942383,25.18666648864746,25.49333381652832,2863800
2019-07-24,20.790346145629883,22.773332595825195,25.020000457763672,22.53333282470703,25.020000457763672,13406100
2019-07-25,20.705135345458984,22.68000030517578,23.106666564941406,22.040000915527344,22.459999084472656,3725850
2019-07-26,20.85120964050293,22.84000015258789,22.99333381652832,22.0,22.793333053588867,3811050
2019-07-29,20.61993408203125,22.586666107177734,23.126667022705078,22.479999542236328,22.84000015258789,1771500
2019-07-30,20.699052810668945,22.67333221435547,22.860000610351562,22.406667709350586,22.53333282470703,2447250
2019-07-31,20.406919479370117,22.35333251953125,22.80666732788086,22.273332595825195,22.666667938232422,1479450
2019-08-01,20.126955032348633,22.046667098999023,22.719999313354492,22.00666618347168,22.3799991607666,2849550
2019-08-02,20.090438842773438,22.00666618347168,22.093332290649414,21.706666946411133,21.953332901000977,2752950
2019-08-05,19.567028045654297,21.433332443237305,21.82666778564453,21.246667861938477,21.67333221435547,3392100
2019-08-06,19.7861270904541,21.67333221435547,21.979999542236328,21.440000534057617,21.553333282470703,4066800
2019-08-07,19.913936614990234,21.81333351135254,21.899999618530273,21.206666946411133,21.479999542236328,3405750
2019-08-08,20.277233123779297,22.139999389648438,22.17333221435547,21.780000686645508,21.953332901000977,1849950
2019-08-09,20.10626792907715,21.953332901000977,22.253332138061523,21.946666717529297,22.15333366394043,1120650
2019-08-12,19.843719482421875,21.666667938232422,21.926666259765625,21.479999542236328,21.84666633605957,1506150
2019-08-13,19.880355834960938,21.706666946411133,21.913333892822266,21.50666618347168,21.53333282470703,1235850
2019-08-14,19.660551071166992,21.46666717529297,21.69333267211914,21.34666633605957,21.440000534057617,2311050
2019-08-15,19.87425422668457,21.700000762939453,21.739999771118164,21.420000076293945,21.559999465942383,1564650
2019-08-16,20.179534912109375,22.03333282470703,22.360000610351562,21.84000015258789,21.84000015258789,2212350
2019-08-19,20.30165672302246,22.166667938232422,22.31999969482422,21.979999542236328,22.253332138061523,1613700
2019-08-20,20.246700286865234,22.106666564941406,22.19333267211914,21.81333351135254,22.053333282470703,1998150
2019-08-21,20.289440155029297,22.15333366394043,22.31333351135254,22.046667098999023,22.286666870117188,1168050
2019-08-22,20.155115127563477,22.00666618347168,22.266666412353516,21.946666717529297,22.126667022705078,1267200
2019-08-23,19.520109176635742,21.31333351135254,21.920000076293945,21.219999313354492,21.84666633605957,1798050
2019-08-26,19.367475509643555,21.14666748046875,21.52666664123535,21.079999923706055,21.360000610351562,2066700
2019-08-27,19.25146484375,21.020000457763672,21.719999313354492,20.99333381652832,21.34000015258789,1859850
2019-08-28,19.532329559326172,21.32666778564453,21.34000015258789,20.906667709350586,20.953332901000977,1414200
2019-08-29,19.92920684814453,21.760000228881836,21.799999237060547,21.540000915527344,21.540000915527344,1336650
2019-08-30,20.032997131347656,21.873332977294922,21.99333381652832,21.753332138061523,21.886667251586914,1785150
2019-09-03,20.23448944091797,22.093332290649414,22.113332748413086,21.700000762939453,21.706666946411133,2824950
2019-09-04,20.50314712524414,22.386667251586914,22.440000534057617,22.073333740234375,22.273332595825195,1968300
2019-09-05,20.881702423095703,22.799999237060547,23.086666107177734,22.553333282470703,22.6200008392334,3673800
2019-09-06,20.710742950439453,22.613332748413086,22.913333892822266,22.52666664123535,22.80666732788086,1578750
2019-09-09,20.95496940612793,22.8799991607666,22.893333435058594,22.5,22.700000762939453,1716900
2019-09-10,21.10150718688965,23.040000915527344,23.17333221435547,22.579999923706055,22.81333351135254,2361450
2019-09-11,21.254154205322266,23.206666946411133,23.299999237060547,22.97333335876465,23.093332290649414,1790850
2019-09-12,21.199203491210938,23.14666748046875,23.246667861938477,23.046667098999023,23.200000762939453,1348200
2019-09-13,21.08930206298828,23.02666664123535,23.31333351135254,22.873332977294922,23.286666870117188,1443900
2019-09-16,21.150352478027344,23.093332290649414,23.166667938232422,22.860000610351562,22.913333892822266,1908150
2019-09-17,21.370159149169922,23.333332061767578,23.360000610351562,23.073333740234375,23.126667022705078,1978950
2019-09-18,21.10761833190918,23.046667098999023,23.32666778564453,22.81333351135254,23.32666778564453,2113050
2019-09-19,21.223617553710938,23.17333221435547,23.239999771118164,22.99333381652832,23.079999923706055,1530900
2019-09-20,21.095401763916016,23.03333282470703,23.3799991607666,23.02666664123535,23.233333587646484,4973550
2019-09-23,20.808429718017578,22.719999313354492,23.166667938232422,22.67333221435547,23.020000457763672,1962600
2019-09-24,20.81454086303711,22.726667404174805,22.85333251953125,22.546667098999023,22.786666870117188,1834800
2019-09-25,20.753477096557617,22.65999984741211,22.979999542236328,22.6200008392334,22.84000015258789,1735950
2019-09-26,20.64967918395996,22.546667098999023,22.760000228881836,22.479999542236328,22.666667938232422,1774200
2019-09-27,20.417665481567383,22.293333053588867,22.559999465942383,21.946666717529297,22.559999465942383,1912800
2019-09-30,20.802326202392578,22.713333129882812,22.780000686645508,22.280000686645508,22.31999969482422,3663750
2019-10-01,20.45429801940918,22.333332061767578,22.940000534057617,22.32666778564453,22.793333053588867,1709550
2019-10-02,20.399343490600586,22.273332595825195,22.393333435058594,22.046667098999023,22.166667938232422,2069850
2019-10-03,20.76569366455078,22.67333221435547,22.706666946411133,22.02666664123535,22.253332138061523,1382250
2019-10-04,21.040447235107422,22.97333335876465,23.113332748413086,22.706666946411133,22.760000228881836,1340700
2019-10-07,20.8939151763916,22.81333351135254,22.98666763305664,22.766666412353516,22.953332901000977,965250
2019-10-08,20.790111541748047,22.700000762939453,22.953332901000977,22.579999923706055,22.65333366394043,1740000
2019-10-09,21.05876922607422,22.99333381652832,23.086666107177734,22.780000686645508,22.886667251586914,1729500
2019-10-10,21.26025390625,23.213333129882812,23.226667404174805,22.893333435058594,22.98666763305664,930300
2019-10-11,21.47396469116211,23.446666717529297,23.67333221435547,23.333332061767578,23.459999084472656,1886250
2019-10-14,21.40679359436035,23.373332977294922,23.440000534057617,23.246667861938477,23.360000610351562,1015050
2019-10-15,21.547231674194336,23.52666664123535,23.606666564941406,23.399999618530273,23.47333335876465,872400
2019-10-16,21.608293533325195,23.593332290649414,23.639999389648438,23.399999618530273,23.51333236694336,1234650
2019-10-17,21.754825592041016,23.753332138061523,23.860000610351562,23.606666564941406,23.68000030517578,2633400
2019-10-18,21.956315994262695,23.97333335876465,24.166667938232422,23.700000762939453,23.773332595825195,1252500
2019-10-21,22.359296798706055,24.413333892822266,24.420000076293945,23.953332901000977,24.100000381469727,1752000
2019-10-22,21.968528747558594,23.98666763305664,24.293333053588867,23.860000610351562,24.093332290649414,3043200
2019-10-23,23.525493621826172,25.68666648864746,26.713333129882812,24.833332061767578,24.833332061767578,5722350
2019-10-24,23.5682373046875,25.733333587646484,25.786666870117188,25.280000686645508,25.68666648864746,1708950
2019-10-25,23.433908462524414,25.586666107177734,25.84000015258789,25.426666259765625,25.68666648864746,1313700
2019-10-28,23.201887130737305,25.333332061767578,25.98666763305664,25.30666732788086,25.68000030517578,2809050
2019-10-29,23.305679321289062,25.446666717529297,25.5,25.206666946411133,25.293333053588867,1968000
2019-10-30,23.275163650512695,25.413333892822266,25.64666748046875,25.373332977294922,25.446666717529297,1212750
2019-10-31,23.269052505493164,25.406667709350586,25.606666564941406,25.239999771118164,25.373332977294922,1260450
2019-11-01,23.610973358154297,25.780000686645508,25.799999237060547,25.386667251586914,25.53333282470703,1460850
2019-11-04,23.5865535736084,25.753332138061523,25.99333381652832,25.50666618347168,25.913333892822266,1131150
2019-11-05,23.617082595825195,25.786666870117188,25.873332977294922,25.65999984741211,25.773332595825195,1079550
2019-11-06,23.458332061767578,25.613332748413086,26.059999465942383,25.586666107177734,26.01333236694336,1319250
2019-11-07,23.835357666015625,25.920000076293945,26.053333282470703,25.566667556762695,25.566667556762695,1680150
2019-11-08,23.712749481201172,25.786666870117188,25.979999542236328,25.706666946411133,25.866666793823242,1066200
2019-11-11,23.504310607910156,25.559999465942383,25.719999313354492,25.51333236694336,25.600000381469727,684750
2019-11-12,22.989351272583008,25.0,25.593332290649414,24.98666763305664,25.559999465942383,1673250
2019-11-13,22.952566146850586,24.959999084472656,25.213333129882812,24.873332977294922,24.873332977294922,3817800
2019-11-14,22.97709083557129,24.98666763305664,25.00666618347168,24.5,24.959999084472656,5553000
2019-11-15,22.486650466918945,24.453332901000977,25.219999313354492,24.440000534057617,25.093332290649414,4583400
2019-11-18,22.49890899658203,24.46666717529297,24.64666748046875,24.213333129882812,24.559999465942383,6826350
2019-11-19,22.449867248535156,24.413333892822266,24.719999313354492,24.34000015258789,24.586666107177734,2006400
2019-11-20,22.42534637451172,24.386667251586914,24.579999923706055,24.299999237060547,24.420000076293945,1572600
2019-11-21,21.928768157958984,23.84666633605957,24.459999084472656,23.793333053588867,24.453332901000977,1544250
2019-11-22,21.750988006591797,23.65333366394043,23.899999618530273,23.633333206176758,23.84000015258789,1640850
2019-11-25,21.646778106689453,23.540000915527344,23.793333053588867,23.53333282470703,23.773332595825195,2113650
2019-11-26,21.93490219116211,23.85333251953125,23.96666717529297,23.53333282470703,23.53333282470703,1988850
2019-11-27,21.9962100982666,23.920000076293945,24.0,23.799999237060547,23.953332901000977,1227300
2019-11-29,21.97781753540039,23.899999618530273,24.126667022705078,23.793333053588867,23.926666259765625,978150
2019-12-02,21.726469039916992,23.626667022705078,24.0,23.579999923706055,23.860000610351562,1884300
2019-12-03,21.671295166015625,23.566667556762695,23.69333267211914,23.34666633605957,23.426666259765625,2013600
2019-12-04,21.53029441833496,23.413333892822266,23.906667709350586,23.31999969482422,23.606666564941406,2270250
2019-12-05,21.107288360595703,22.953332901000977,23.426666259765625,22.899999618530273,23.3799991607666,2068050
2019-12-06,20.99693489074707,22.833332061767578,23.260000228881836,22.81333351135254,23.126667022705078,1891350
2019-12-09,21.21763801574707,23.073333740234375,23.34000015258789,22.766666412353516,22.80666732788086,2787150
2019-12-10,20.647499084472656,22.453332901000977,23.073333740234375,22.413333892822266,23.073333740234375,1902450
2019-12-11,20.51876449584961,22.31333351135254,22.48666763305664,22.260000228881836,22.420000076293945,1390050
2019-12-12,20.37775421142578,22.15999984741211,22.34000015258789,22.040000915527344,22.226667404174805,2250750
2019-12-13,20.19997215270996,21.96666717529297,22.14666748046875,21.860000610351562,22.1200008392334,2624550
2019-12-16,20.212234497070312,21.979999542236328,22.426666259765625,21.97333335876465,22.106666564941406,2028450
2019-12-17,20.224498748779297,21.99333381652832,22.133333206176758,21.81999969482422,22.053333282470703,2597700
2019-12-18,20.19997215270996,21.96666717529297,22.113332748413086,21.866666793823242,22.03333282470703,2298150
2019-12-19,20.077367782592773,21.833332061767578,22.059999465942383,21.753332138061523,21.959999084472656,2130150
2019-12-20,20.396154403686523,22.18000030517578,22.266666412353516,21.84000015258789,21.940000534057617,2958150
2019-12-23,20.46358299255371,22.253332138061523,22.366666793823242,22.073333740234375,22.260000228881836,1387650
2019-12-24,20.218366622924805,21.98666763305664,22.226667404174805,21.97333335876465,22.213333129882812,402300
2019-12-26,20.13254165649414,21.893333435058594,22.200000762939453,21.84000015258789,22.040000915527344,1402350
2019-12-27,20.022188186645508,21.773332595825195,22.053333282470703,21.766666412353516,21.940000534057617,2565000
2019-12-30,20.15706443786621,21.920000076293945,22.059999465942383,21.68000030517578,21.833332061767578,1485600
2019-12-31,20.328716278076172,22.106666564941406,22.126667022705078,21.8799991607666,21.926666259765625,1335300
2020-01-02,20.439067840576172,22.226667404174805,22.393333435058594,22.059999465942383,22.15999984741211,2978700
2020-01-03,20.371625900268555,22.15333366394043,22.17333221435547,21.84000015258789,21.99333381652832,1647300
2020-01-06,20.371625900268555,22.15333366394043,22.19333267211914,21.866666793823242,22.059999465942383,1316550
2020-01-07,20.383892059326172,22.166667938232422,22.266666412353516,21.933332443237305,22.106666564941406,2470050
2020-01-08,20.365501403808594,22.14666748046875,22.226667404174805,21.99333381652832,22.14666748046875,1995150
2020-01-09,20.690412521362305,22.5,22.586666107177734,22.14666748046875,22.18666648864746,1707000
2020-01-10,21.29120635986328,23.15333366394043,23.440000534057617,22.46666717529297,22.540000915527344,5502750
2020-01-13,21.444461822509766,23.31999969482422,23.393333435058594,23.15999984741211,23.15999984741211,1654500
2020-01-14,21.48737907409668,23.366666793823242,23.49333381652832,23.219999313354492,23.266666412353516,2960400
2020-01-15,21.60386085510254,23.49333381652832,23.52666664123535,23.31999969482422,23.386667251586914,1691550
2020-01-16,21.849075317382812,23.760000228881836,23.81999969482422,23.50666618347168,23.52666664123535,2113350
2020-01-17,21.983949661254883,23.906667709350586,23.97333335876465,23.773332595825195,23.85333251953125,2268600
2020-01-21,22.002338409423828,23.926666259765625,24.053333282470703,23.733333587646484,23.893333435058594,2556750
2020-01-22,22.118816375732422,24.053333282470703,24.200000762939453,23.97333335876465,24.02666664123535,1683600
2020-01-23,22.443737030029297,24.406667709350586,24.440000534057617,23.933332443237305,24.01333236694336,1600800
2020-01-24,22.443737030029297,24.406667709350586,24.606666564941406,24.273332595825195,24.453332901000977,2704800
2020-01-27,22.216907501220703,24.15999984741211,24.293333053588867,23.920000076293945,24.066667556762695,2022300
2020-01-28,22.517301559448242,24.48666763305664,24.49333381652832,24.219999313354492,24.286666870117188,2283750
2020-01-29,23.17326545715332,25.200000762939453,25.393333435058594,24.573333740234375,24.639999389648438,5422350
2020-01-30,23.430744171142578,25.479999542236328,25.49333381652832,25.00666618347168,25.17333221435547,2757450
2020-01-31,23.26521873474121,25.299999237060547,25.65999984741211,25.213333129882812,25.47333335876465,2701200
2020-02-03,23.590139389038086,25.65333366394043,25.959999084472656,25.31999969482422,25.333332061767578,3242550
2020-02-04,23.89666175842285,25.98666763305664,26.18000030517578,25.80666732788086,25.926666259765625,1597950
2020-02-05,23.89666175842285,25.98666763305664,26.32666778564453,25.893333435058594,26.213333129882812,1534050
2020-02-06,24.111228942871094,26.219999313354492,26.226667404174805,25.84666633605957,26.01333236694336,1768800
2020-02-07,23.729976654052734,25.726667404174805,26.15999984741211,25.68000030517578,26.126667022705078,1656000
2020-02-10,23.963645935058594,25.979999542236328,26.02666664123535,25.566667556762695,25.706666946411133,1005000
2020-02-11,24.289552688598633,26.333332061767578,26.373332977294922,25.933332443237305,26.053333282470703,1930050
2020-02-12,24.387948989868164,26.440000534057617,26.726667404174805,26.246667861938477,26.34000015258789,1711050
2020-02-13,24.48018455505371,26.540000915527344,26.64666748046875,26.266666412353516,26.333332061767578,871350
2020-02-14,24.486328125,26.546667098999023,26.766666412353516,26.48666763305664,26.586666107177734,815100
2020-02-18,24.228063583374023,26.266666412353516,26.53333282470703,26.233333587646484,26.51333236694336,1758000
2020-02-19,24.424840927124023,26.479999542236328,26.600000381469727,26.34666633605957,26.34666633605957,1067850
2020-02-20,24.578569412231445,26.64666748046875,26.713333129882812,26.35333251953125,26.453332901000977,1171800
2020-02-21,24.86143684387207,26.953332901000977,26.979999542236328,26.446666717529297,26.546667098999023,984150
2020-02-24,24.387948989868164,26.440000534057617,26.886667251586914,26.260000228881836,26.260000228881836,1747350
2020-02-25,23.77301788330078,25.773332595825195,26.559999465942383,25.739999771118164,26.46666717529297,1218300
2020-02-26,23.90215301513672,25.913333892822266,26.373332977294922,25.766666412353516,25.920000076293945,1432350
2020-02-27,23.158090591430664,25.106666564941406,25.99333381652832,25.100000381469727,25.579999923706055,1707600
2020-02-28,23.022808074951172,24.959999084472656,25.086666107177734,24.18000030517578,24.566667556762695,3349800
2020-03-02,24.049741744995117,26.073333740234375,26.1200008392334,24.626667022705078,25.02666664123535,3286050
2020-03-03,23.453262329101562,25.426666259765625,26.600000381469727,25.18000030517578,26.113332748413086,1642500
2020-03-04,24.64621353149414,26.719999313354492,26.733333587646484,25.766666412353516,25.940000534057617,1554750
2020-03-05,25.039766311645508,27.14666748046875,27.246667861938477,25.98666763305664,26.19333267211914,2376750
2020-03-06,24.44329071044922,26.5,26.97333335876465,25.706666946411133,26.586666107177734,2379300
2020-03-09,23.539348602294922,25.520000457763672,26.14666748046875,24.979999542236328,24.979999542236328,2218950
2020-03-10,24.812246322631836,26.899999618530273,26.920000076293945,25.81999969482422,26.106666564941406,2473500
2020-03-11,23.631587982177734,25.6200008392334,26.479999542236328,25.299999237060547,26.299999237060547,2064600
2020-03-12,21.134984970092773,22.913333892822266,25.399999618530273,22.719999313354492,23.99333381652832,3073350
2020-03-13,23.25648307800293,25.213333129882812,25.213333129882812,23.1200008392334,23.69333267211914,3148500
2020-03-16,21.983592987060547,23.833332061767578,24.586666107177734,22.040000915527344,23.30666732788086,2841450
2020-03-17,23.434810638427734,25.406667709350586,25.65999984741211,23.600000381469727,24.286666870117188,6031950
2020-03-18,22.764545440673828,24.68000030517578,24.81999969482422,23.69333267211914,23.933332443237305,4975200
2020-03-19,21.8913516998291,23.733333587646484,24.746667861938477,23.299999237060547,24.746667861938477,3336150
2020-03-20,21.522390365600586,23.333332061767578,24.126667022705078,22.860000610351562,23.933332443237305,5031450
2020-03-23,19.413198471069336,21.046667098999023,23.18666648864746,20.766666412353516,23.0,2560350
2020-03-24,20.790632247924805,22.540000915527344,23.18666648864746,21.579999923706055,21.739999771118164,2827800
2020-03-25,20.040424346923828,21.726667404174805,22.440000534057617,20.479999542236328,22.35333251953125,3593850
2020-03-26,20.71683692932129,22.459999084472656,22.67333221435547,21.46666717529297,21.899999618530273,2903700
2020-03-27,21.067344665527344,22.84000015258789,23.47333335876465,21.84666633605957,21.84666633605957,3028500
2020-03-30,22.03892707824707,23.893333435058594,24.546667098999023,23.03333282470703,23.293333053588867,4344750
2020-03-31,22.223407745361328,24.093332290649414,25.14666748046875,23.553333282470703,23.926666259765625,5964750
2020-04-01,21.620784759521484,23.440000534057617,23.80666732788086,22.586666107177734,23.46666717529297,2704650
2020-04-02,21.940542221069336,23.786666870117188,23.84666633605957,22.68000030517578,22.8799991607666,2916450
2020-04-03,22.16806983947754,24.03333282470703,24.48666763305664,23.546667098999023,23.546667098999023,2142900
2020-04-06,22.87523078918457,24.799999237060547,24.96666717529297,23.899999618530273,24.586666107177734,2659950
2020-04-07,22.10042381286621,23.959999084472656,25.15999984741211,23.933332443237305,24.959999084472656,1642200
2020-04-08,22.08197593688965,23.940000534057617,24.219999313354492,23.520000457763672,24.059999465942383,1173150
2020-04-09,22.14961814880371,24.01333236694336,24.299999237060547,23.84666633605957,23.96666717529297,2362950
2020-04-13,22.057376861572266,23.913333892822266,24.239999771118164,23.02666664123535,23.81999969482422,1205700
2020-04-14,23.108901977539062,25.053333282470703,25.18666648864746,24.113332748413086,24.360000610351562,1713000
2020-04-15,22.660005569458008,24.566667556762695,25.139999389648438,24.47333335876465,24.84000015258789,945450
2020-04-16,23.576242446899414,25.559999465942383,25.600000381469727,24.64666748046875,24.64666748046875,1864050
2020-04-17,23.957494735717773,25.97333335876465,26.366666793823242,25.719999313354492,26.020000457763672,1659750
2020-04-20,23.354873657226562,25.31999969482422,25.959999084472656,25.280000686645508,25.959999084472656,1825050
2020-04-21,22.789138793945312,24.706666946411133,25.200000762939453,24.459999084472656,25.200000762939453,1397550
2020-04-22,23.182695388793945,25.133333206176758,25.31333351135254,24.559999465942383,24.940000534057617,1369200
2020-04-23,23.090450286865234,25.03333282470703,25.286666870117188,24.893333435058594,25.086666107177734,1421850
2020-04-24,23.453262329101562,25.426666259765625,25.52666664123535,24.940000534057617,25.219999313354492,2697450
2020-04-27,24.28341293334961,26.32666778564453,26.446666717529297,25.546667098999023,25.613332748413086,2170050
2020-04-28,25.015174865722656,27.1200008392334,27.260000228881836,26.299999237060547,26.31999969482422,3357750
2020-04-29,24.664663314819336,26.739999771118164,27.293333053588867,26.020000457763672,27.253332138061523,2893800
2020-04-30,24.59702491760254,26.666667938232422,26.719999313354492,25.82666778564453,26.420000076293945,2675850
2020-05-01,24.59702491760254,26.666667938232422,26.766666412353516,26.113332748413086,26.30666732788086,1608600
2020-05-04,25.015174865722656,27.1200008392334,27.206666946411133,26.453332901000977,26.626667022705078,1714200
2020-05-05,25.482513427734375,27.626667022705078,27.886667251586914,27.293333053588867,27.333332061767578,2066250
2020-05-06,25.4210205078125,27.559999465942383,27.940000534057617,27.520000457763672,27.719999313354492,1227600
2020-05-07,25.648534774780273,27.80666732788086,27.99333381652832,27.540000915527344,27.886667251586914,1756200
2020-05-08,26.055177688598633,28.19333267211914,28.31999969482422,27.873332977294922,28.0,1571250
2020-05-11,26.153749465942383,28.299999237060547,28.53333282470703,28.053333282470703,28.246667861938477,1924050
2020-05-12,25.358970642089844,27.440000534057617,28.459999084472656,27.3799991607666,28.35333251953125,3057150
2020-05-13,24.66893196105957,26.69333267211914,27.713333129882812,26.50666618347168,27.386667251586914,3942450
2020-05-14,24.804481506347656,26.84000015258789,26.84000015258789,25.84000015258789,26.47333335876465,5062950
2020-05-15,24.644290924072266,26.666667938232422,27.200000762939453,26.47333335876465,26.726667404174805,10401300
2020-05-18,24.280786514282227,26.273332595825195,27.333332061767578,26.15999984741211,27.253332138061523,5233950
2020-05-19,24.151405334472656,26.133333206176758,26.639999389648438,26.040000915527344,26.18666648864746,3070800
2020-05-20,24.102113723754883,26.079999923706055,26.64666748046875,25.780000686645508,26.64666748046875,2216400
2020-05-21,23.80638313293457,25.760000228881836,26.133333206176758,25.719999313354492,25.97333335876465,1473450
2020-05-22,23.861831665039062,25.81999969482422,25.899999618530273,25.520000457763672,25.746667861938477,1572750
2020-05-26,24.02202033996582,25.99333381652832,26.266666412353516,25.85333251953125,26.086666107177734,1960650
2020-05-27,24.471776962280273,26.479999542236328,26.48666763305664,25.68666648864746,26.03333282470703,1895250
2020-05-28,24.69357681274414,26.719999313354492,27.040000915527344,26.633333206176758,26.67333221435547,2510250
2020-05-29,25.753284454345703,27.866666793823242,27.926666259765625,26.566667556762695,26.666667938232422,5325750
2020-06-01,26.012048721313477,28.14666748046875,28.453332901000977,27.8799991607666,27.959999084472656,2388000
2020-06-02,26.431001663208008,28.600000381469727,28.639999389648438,27.926666259765625,28.293333053588867,2547000
2020-06-03,27.484546661376953,29.739999771118164,29.866666793823242,28.446666717529297,28.780000686645508,2686800
2020-06-04,26.81298828125,29.01333236694336,31.299999237060547,27.84000015258789,29.51333236694336,8083050
2020-06-05,26.757532119750977,28.953332901000977,29.260000228881836,28.246667861938477,29.18666648864746,3662100
2020-06-08,27.459897994995117,29.713333129882812,29.726667404174805,28.65333366394043,28.706666946411133,1879950
2020-06-09,26.800662994384766,29.0,29.67333221435547,28.833332061767578,29.459999084472656,1556250
2020-06-10,26.78834342956543,28.98666763305664,29.420000076293945,28.700000762939453,29.126667022705078,1421550
2020-06-11,25.89498519897461,28.020000457763672,28.920000076293945,27.920000076293945,28.5,1524600
2020-06-12,25.51300048828125,27.606666564941406,28.49333381652832,27.226667404174805,28.479999542236328,1157550
2020-06-15,25.8456974029541,27.96666717529297,28.100000381469727,27.020000457763672,27.206666946411133,1028250
2020-06-16,26.104467391967773,28.246667861938477,28.700000762939453,28.03333282470703,28.520000457763672,1316400
2020-06-17,26.098295211791992,28.239999771118164,28.559999465942383,28.126667022705078,28.286666870117188,921450
2020-06-18,26.098295211791992,28.239999771118164,28.399999618530273,28.020000457763672,28.18666648864746,772350
2020-06-19,25.784090042114258,27.899999618530273,28.713333129882812,27.726667404174805,28.600000381469727,1813650
2020-06-22,25.827219009399414,27.946666717529297,28.0,27.700000762939453,27.899999618530273,878100
2020-06-23,25.685508728027344,27.793333053588867,28.233333587646484,27.739999771118164,28.233333587646484,762750
2020-06-24,25.322010040283203,27.399999618530273,27.860000610351562,27.30666732788086,27.666667938232422,1109850
2020-06-25,25.722476959228516,27.833332061767578,27.873332977294922,27.086666107177734,27.413333892822266,1553400
2020-06-26,25.439067840576172,27.52666664123535,28.15333366394043,27.5,27.926666259765625,3168000
2020-06-29,25.648540496826172,27.753332138061523,27.99333381652832,27.566667556762695,27.906667709350586,1083000
2020-06-30,26.116785049438477,28.260000228881836,28.34666633605957,27.773332595825195,27.84000015258789,1861950
2020-07-01,26.35090446472168,28.51333236694336,28.733333587646484,28.273332595825195,28.399999618530273,1577550
2020-07-02,26.529579162597656,28.706666946411133,28.899999618530273,28.520000457763672,28.67333221435547,924900
2020-07-06,26.338584899902344,28.5,29.133333206176758,28.406667709350586,28.953332901000977,1642950
2020-07-07,28.10681915283203,30.413333892822266,30.913333892822266,28.81333351135254,29.333332061767578,3475950
2020-07-08,27.700178146362305,29.97333335876465,30.433332443237305,29.906667709350586,30.266666412353516,2010150
2020-07-09,28.2115478515625,30.52666664123535,30.940000534057617,29.979999542236328,29.979999542236328,1886700
2020-07-10,27.6632137298584,29.933332443237305,30.546667098999023,29.920000076293945,30.52666664123535,1595550
2020-07-13,27.392126083374023,29.639999389648438,30.393333435058594,29.586666107177734,29.97333335876465,1209150
2020-07-14,27.940467834472656,30.233333587646484,30.246667861938477,29.48666763305664,29.633333206176758,1494150
2020-07-15,29.02481460571289,31.406667709350586,31.520000457763672,30.393333435058594,30.50666618347168,1714350
2020-07-16,28.9570369720459,31.333332061767578,31.540000915527344,31.166667938232422,31.440000534057617,868950
2020-07-17,29.437602996826172,31.85333251953125,31.97333335876465,31.453332901000977,31.520000457763672,2038950
2020-07-20,29.437602996826172,31.85333251953125,32.220001220703125,31.69333267211914,31.753332138061523,1091250
2020-07-21,29.3082218170166,31.713333129882812,32.08000183105469,31.579999923706055,31.96666717529297,1668600
2020-07-22,29.985933303833008,32.4466667175293,32.5533332824707,31.780000686645508,31.946666717529297,1006950
2020-07-23,30.041393280029297,32.50666809082031,33.03333282470703,32.43333435058594,32.52000045776367,1009950
2020-07-24,29.992101669311523,32.45333480834961,32.633331298828125,32.31999969482422,32.49333190917969,1245150
2020-07-27,30.361757278442383,32.85333251953125,32.959999084472656,32.64666748046875,32.77333450317383,1379250
2020-07-28,30.09683609008789,32.56666564941406,32.880001068115234,32.5533332824707,32.71333312988281,1303200
2020-07-29,31.57549476623535,34.16666793823242,34.61333465576172,32.720001220703125,32.720001220703125,2597250
2020-07-30,31.80960464477539,34.41999816894531,34.46666717529297,33.720001220703125,34.060001373291016,1239750
2020-07-31,32.28402328491211,34.93333435058594,34.96666717529297,34.30666732788086,34.41999816894531,1755750
2020-08-03,32.61671447753906,35.293331146240234,35.779998779296875,35.14666748046875,35.20000076293945,1735950
2020-08-04,32.96173858642578,35.66666793823242,35.766666412353516,35.16666793823242,35.18000030517578,1333200
2020-08-05,33.20818328857422,35.93333435058594,36.220001220703125,35.59333419799805,35.880001068115234,1201350
2020-08-06,33.04182815551758,35.753334045410156,35.939998626708984,35.47999954223633,35.880001068115234,1709250
2020-08-07,33.85013961791992,36.573333740234375,36.573333740234375,35.70000076293945,35.78666687011719,1574250
2020-08-10,33.800777435302734,36.52000045776367,36.7400016784668,35.959999084472656,36.41999816894531,1217400
2020-08-11,33.473751068115234,36.16666793823242,36.753334045410156,36.08000183105469,36.5,1789200
2020-08-12,33.65269088745117,36.36000061035156,36.599998474121094,36.18000030517578,36.21333312988281,1280700
2020-08-13,33.936519622802734,36.66666793823242,36.95333480834961,36.03333282470703,36.30666732788086,910500
2020-08-14,33.76992416381836,36.48666763305664,36.720001220703125,36.313331604003906,36.6533317565918,795300
2020-08-17,33.85630798339844,36.58000183105469,36.959999084472656,36.48666763305664,36.573333740234375,1260900
2020-08-18,33.640357971191406,36.3466682434082,36.68000030517578,36.246665954589844,36.54666519165039,1157400
2020-08-19,33.54161834716797,36.2400016784668,36.58000183105469,36.086666107177734,36.50666809082031,734100
2020-08-20,33.83778762817383,36.560001373291016,36.64666748046875,36.09333419799805,36.16666793823242,875400
2020-08-21,33.89949035644531,36.62666702270508,36.7599983215332,36.393333435058594,36.59333419799805,1332300
2020-08-24,34.115455627441406,36.86000061035156,36.96666717529297,36.56666564941406,36.78666687011719,780000
2020-08-25,33.76992416381836,36.48666763305664,36.939998626708984,36.366668701171875,36.939998626708984,1017300
2020-08-26,34.49801254272461,37.27333450317383,37.426666259765625,36.32666778564453,36.47999954223633,912750
2020-08-27,34.047584533691406,36.78666687011719,37.67333221435547,36.78666687011719,37.43333435058594,1034700
2020-08-28,33.94886779785156,36.68000030517578,36.99333190917969,36.58000183105469,36.79999923706055,1214100
2020-08-31,34.02290344238281,36.7599983215332,36.959999084472656,36.633331298828125,36.753334045410156,1834200
2020-09-01,34.38078689575195,37.14666748046875,37.3466682434082,36.633331298828125,36.77333450317383,1717650
2020-09-02,35.15823745727539,37.98666763305664,38.106666564941406,37.0533332824707,37.30666732788086,1565250
2020-09-03,33.64651870727539,36.35333251953125,37.793331146240234,36.106666564941406,37.78666687011719,1422450
2020-09-04,33.683536529541016,36.393333435058594,36.71333312988281,35.866668701171875,36.3466682434082,1707900
2020-09-08,33.22694778442383,35.900001525878906,36.34000015258789,35.720001220703125,36.2400016784668,2602500
2020-09-09,34.25120544433594,37.00666809082031,37.119998931884766,36.29999923706055,36.29999923706055,2061150
2020-09-10,33.37501525878906,36.060001373291016,37.2599983215332,36.040000915527344,37.06666564941406,1893150
2020-09-11,33.39354705810547,36.08000183105469,36.46666717529297,35.880001068115234,36.33333206176758,1400700
2020-09-14,33.49842834472656,36.19333267211914,36.526668548583984,36.01333236694336,36.253334045410156,1668600
2020-09-15,33.800777435302734,36.52000045776367,36.8466682434082,36.22666549682617,36.2400016784668,1631700
2020-09-16,33.07267761230469,35.733333587646484,36.706668853759766,35.633331298828125,36.573333740234375,1390500
2020-09-17,33.08502197265625,35.746665954589844,35.893333435058594,35.133331298828125,35.4466667175293,1503150
2020-09-18,32.34459686279297,34.9466667175293,36.22666549682617,34.866668701171875,35.66666793823242,4317450
2020-09-21,32.295230865478516,34.893333435058594,35.00666809082031,34.38666534423828,34.84000015258789,1655550
2020-09-22,32.6407585144043,35.266666412353516,35.37333297729492,34.813331604003906,34.880001068115234,1133400
2020-09-23,32.270538330078125,34.866668701171875,35.61333465576172,34.746665954589844,35.2400016784668,1282950
2020-09-24,32.671607971191406,35.29999923706055,35.53333282470703,34.753334045410156,35.060001373291016,895650
2020-09-25,33.10352325439453,35.766666412353516,35.893333435058594,35.09333419799805,35.09333419799805,1273950
2020-09-28,33.726722717285156,36.439998626708984,36.779998779296875,36.11333465576172,36.11333465576172,1075800
2020-09-29,33.62800216674805,36.33333206176758,36.66666793823242,36.31999969482422,36.43333435058594,981900
2020-09-30,33.43672561645508,36.12666702270508,36.59333419799805,35.913333892822266,36.5,2076150
2020-10-01,33.202247619628906,35.87333297729492,36.5,35.68000030517578,36.41999816894531,1363350
2020-10-02,33.6094970703125,36.313331604003906,36.70000076293945,35.54666519165039,35.606666564941406,1012800
2020-10-05,34.35609817504883,37.119998931884766,37.19333267211914,36.36000061035156,36.380001068115234,2379750
2020-10-06,34.55353927612305,37.33333206176758,37.97999954223633,36.67333221435547,37.106666564941406,1684350
2020-10-07,35.23844528198242,38.073333740234375,38.233333587646484,37.54666519165039,37.619998931884766,1596300
2020-10-08,35.182918548583984,38.01333236694336,38.21333312988281,37.70000076293945,38.1533317565918,733500
2020-10-09,35.46057891845703,38.313331604003906,38.35333251953125,37.793331146240234,38.233333587646484,898650
2020-10-12,36.0467529296875,38.9466667175293,38.98666763305664,38.34000015258789,38.45333480834961,1252800
2020-10-13,36.244205474853516,39.15999984741211,39.29999923706055,38.746665954589844,38.866668701171875,925200
2020-10-14,36.275062561035156,39.19333267211914,39.4466667175293,38.87333297729492,39.11333465576172,801750
2020-10-15,36.69462966918945,39.64666748046875,39.95333480834961,38.720001220703125,38.96666717529297,2472750
2020-10-16,36.87974166870117,39.8466682434082,40.47999954223633,39.70000076293945,39.813331604003906,1500000
2020-10-19,36.540374755859375,39.47999954223633,40.2400016784668,39.1533317565918,39.79999923706055,1716000
2020-10-20,36.86739730834961,39.83333206176758,40.31999969482422,39.599998474121094,39.62666702270508,1170750
2020-10-21,36.5341911315918,39.473331451416016,40.06666564941406,39.413333892822266,39.93333435058594,981600
2020-10-22,36.68229675292969,39.633331298828125,39.80666732788086,39.20000076293945,39.58000183105469,1317900
2020-10-23,37.14506530761719,40.133331298828125,40.35333251953125,39.47999954223633,39.65999984741211,1137900
2020-10-26,36.71315002441406,39.66666793823242,39.939998626708984,39.35333251953125,39.939998626708984,1679100
2020-10-27,36.58356857299805,39.526668548583984,39.893333435058594,39.293331146240234,39.77333450317383,1466250
2020-10-28,37.860816955566406,40.90666580200195,41.619998931884766,38.119998931884766,38.880001068115234,3656100
2020-10-29,36.52804183959961,39.46666717529297,41.14666748046875,39.46666717529297,41.14666748046875,3349950
2020-10-30,35.695045471191406,38.56666564941406,39.426666259765625,38.206668853759766,39.2599983215332,2415750
2020-11-02,35.880157470703125,38.766666412353516,39.293331146240234,38.586666107177734,38.78666687011719,2150100
2020-11-03,36.663780212402344,39.61333465576172,39.70000076293945,39.00666809082031,39.11333465576172,1962150
2020-11-04,37.84230041503906,40.88666534423828,41.2400016784668,39.573333740234375,39.78666687011719,1592400
2020-11-05,39.051673889160156,42.19333267211914,42.560001373291016,41.33333206176758,41.35333251953125,1665600
2020-11-06,38.97146987915039,42.106666564941406,42.586666107177734,41.93333435058594,42.2400016784668,939450
2020-11-09,35.25075149536133,37.959999084472656,43.0,37.959999084472656,42.633331298828125,2544450
2020-11-10,35.17026901245117,37.87333297729492,38.58000183105469,37.459999084472656,37.973331451416016,1852500
2020-11-11,36.767520904541016,39.59333419799805,39.753334045410156,37.926666259765625,38.06666564941406,1527900
2020-11-12,36.24130630493164,39.026668548583984,39.959999084472656,38.85333251953125,39.68000030517578,807750
2020-11-13,36.42082977294922,39.220001220703125,39.56666564941406,38.766666412353516,39.19333267211914,876900
2020-11-16,36.48273468017578,39.28666687011719,39.439998626708984,37.90666580200195,39.08000183105469,1276050
2020-11-17,35.906986236572266,38.66666793823242,39.70000076293945,38.459999084472656,39.16666793823242,1157250
2020-11-18,35.684120178222656,38.426666259765625,39.106666564941406,38.34000015258789,38.686668395996094,1243050
2020-11-19,36.340335845947266,39.133331298828125,39.30666732788086,38.220001220703125,38.67333221435547,1449150
2020-11-20,35.67173767089844,38.413333892822266,39.279998779296875,38.32666778564453,39.266666412353516,1353600
2020-11-23,35.337432861328125,38.0533332824707,38.766666412353516,37.813331604003906,38.633331298828125,1491600
2020-11-24,34.99692916870117,37.686668395996094,38.16666793823242,37.59333419799805,38.12666702270508,2351850
2020-11-25,34.63166809082031,37.293331146240234,38.00666809082031,37.1533317565918,37.686668395996094,1687650
2020-11-27,35.30647659301758,38.02000045776367,38.03333282470703,37.099998474121094,37.40666580200195,738000
2020-11-30,35.39934158325195,38.119998931884766,38.313331604003906,37.573333740234375,38.11333465576172,5461200
2020-12-01,35.62221145629883,38.36000061035156,38.779998779296875,37.913333892822266,37.959999084472656,1936650
2020-12-02,34.148773193359375,36.77333450317383,38.36000061035156,36.766666412353516,38.36000061035156,1429950
2020-12-03,34.142608642578125,36.766666412353516,37.3466682434082,36.65999984741211,36.65999984741211,1442400
2020-12-04,34.39022445678711,37.03333282470703,37.41999816894531,36.7599983215332,36.7599983215332,1101000
2020-12-07,34.67500305175781,37.34000015258789,37.606666564941406,36.866668701171875,37.03333282470703,1013550
2020-12-08,34.97836685180664,37.66666793823242,37.77333450317383,36.926666259765625,37.206668853759766,1837800
2020-12-09,33.7773323059082,36.37333297729492,38.01333236694336,36.33333206176758,37.779998779296875,1624350
2020-12-10,33.51730728149414,36.09333419799805,36.56666564941406,35.880001068115234,36.33333206176758,1430400
2020-12-11,34.05282211303711,36.66999816894531,37.150001525878906,35.9900016784668,36.2599983215332,1706800
2020-12-14,35.71506881713867,38.459999084472656,38.61000061035156,36.52000045776367,36.66999816894531,2180900
2020-12-15,36.151527404785156,38.93000030517578,39.38999938964844,38.20000076293945,38.7400016784668,1538900
2020-12-16,36.40226364135742,39.20000076293945,39.88999938964844,39.060001373291016,39.11000061035156,1489700
2020-12-17,37.34016799926758,40.209999084472656,40.2599983215332,39.130001068115234,39.290000915527344,1488500
2020-12-18,37.70233154296875,40.599998474121094,40.91999816894531,39.97999954223633,40.18000030517578,4273600
2020-12-21,36.931583404541016,39.77000045776367,40.2400016784668,38.810001373291016,40.0099983215332,1658300
2020-12-22,37.93449401855469,40.849998474121094,40.939998626708984,39.77000045776367,39.86000061035156,1141000
2020-12-23,36.996578216552734,39.84000015258789,41.220001220703125,39.810001373291016,40.959999084472656,932900
2020-12-24,37.191593170166016,40.04999923706055,40.40999984741211,39.84000015258789,40.0099983215332,412000
2020-12-28,36.04008865356445,38.810001373291016,40.25,38.540000915527344,40.2400016784668,1315300
2020-12-29,35.39934158325195,38.119998931884766,39.13999938964844,37.939998626708984,39.04999923706055,1187100
2020-12-30,35.52006530761719,38.25,38.619998931884766,37.869998931884766,37.88999938964844,1059900
2020-12-31,36.281532287597656,39.06999969482422,39.130001068115234,37.849998474121094,38.27000045776367,2936500
2021-01-04,35.510772705078125,38.2400016784668,39.97999954223633,38.02000045776367,39.310001373291016,1628500
2021-01-05,36.09580612182617,38.869998931884766,38.939998626708984,38.02000045776367,38.06999969482422,1352200
2021-01-06,36.69013595581055,39.5099983215332,39.84000015258789,38.27000045776367,38.58000183105469,1378500
2021-01-07,37.30302810668945,40.16999816894531,40.2599983215332,39.400001525878906,39.650001525878906,1238100
2021-01-08,37.88806915283203,40.79999923706055,40.86000061035156,40.150001525878906,40.27000045776367,1179900
2021-01-11,37.99021530151367,40.90999984741211,41.22999954223633,40.5,40.5,797000
2021-01-12,38.54738998413086,41.5099983215332,41.7599983215332,40.900001525878906,41.0,981500
2021-01-13,37.0151481628418,39.86000061035156,41.83000183105469,39.810001373291016,41.83000183105469,1228200
2021-01-14,34.79573440551758,37.470001220703125,39.790000915527344,37.380001068115234,39.790000915527344,1741200
2021-01-15,34.58214569091797,37.2400016784668,38.0,37.02000045776367,37.470001220703125,2153100
2021-01-19,34.2292594909668,36.86000061035156,37.650001525878906,36.470001220703125,37.470001220703125,1671500
2021-01-20,35.065032958984375,37.7599983215332,37.959999084472656,36.619998931884766,37.0,1295300
2021-01-21,34.54499816894531,37.20000076293945,37.86000061035156,37.04999923706055,37.61000061035156,1161400
2021-01-22,34.377845764160156,37.02000045776367,37.279998779296875,36.2599983215332,37.209999084472656,1605600
2021-01-25,34.498565673828125,37.150001525878906,37.189998626708984,36.380001068115234,36.939998626708984,1474800
2021-01-26,34.39641571044922,37.040000915527344,37.36000061035156,35.689998626708984,37.2400016784668,2122600
2021-01-27,32.455589294433594,34.95000076293945,36.689998626708984,34.09000015258789,36.40999984741211,3657400
2021-01-28,33.41207504272461,35.97999954223633,36.400001525878906,34.650001525878906,35.29999923706055,1899200
2021-01-29,33.44921875,36.02000045776367,36.5099983215332,35.7400016784668,35.880001068115234,2705200
2021-02-01,33.634944915771484,36.220001220703125,36.75,35.88999938964844,36.59000015258789,2225900
2021-02-02,34.35927200317383,37.0,37.349998474121094,36.31999969482422,36.43000030517578,1466900
2021-02-03,33.997108459472656,36.61000061035156,37.470001220703125,36.18000030517578,36.9900016784668,1492300
2021-02-04,34.52642822265625,37.18000030517578,37.290000915527344,36.58000183105469,36.66999816894531,1347800
2021-02-05,34.87001419067383,37.54999923706055,37.599998474121094,37.18000030517578,37.459999084472656,1846900
2021-02-08,34.57284927368164,37.22999954223633,37.95000076293945,36.91999816894531,37.779998779296875,1310000
2021-02-09,35.28943634033203,37.91999816894531,37.97999954223633,37.130001068115234,37.34000015258789,1282400
2021-02-10,35.29874801635742,37.93000030517578,38.2400016784668,37.58000183105469,38.099998474121094,1354100
2021-02-11,35.03817367553711,37.650001525878906,38.31999969482422,37.45000076293945,38.060001373291016,1278400
2021-02-12,34.982330322265625,37.59000015258789,37.65999984741211,37.15999984741211,37.380001068115234,909500
2021-02-16,34.28436279296875,36.84000015258789,37.619998931884766,36.83000183105469,37.58000183105469,1384200
2021-02-17,34.061012268066406,36.599998474121094,36.7599983215332,36.060001373291016,36.65999984741211,1024600
2021-02-18,34.02379608154297,36.560001373291016,36.91999816894531,36.31999969482422,36.400001525878906,991800
2021-02-19,33.3258171081543,35.810001373291016,36.68000030517578,35.7599983215332,36.68000030517578,1798400
2021-02-22,32.64645767211914,35.08000183105469,35.7599983215332,35.0099983215332,35.70000076293945,1737400
2021-02-23,32.9349479675293,35.38999938964844,35.540000915527344,34.599998474121094,35.0,1220900
2021-02-24,33.00009536743164,35.459999084472656,35.88999938964844,34.810001373291016,35.34000015258789,1353900
2021-02-25,31.641374588012695,34.0,35.75,33.86000061035156,35.29999923706055,1473000
2021-02-26,30.86894989013672,33.16999816894531,34.18000030517578,33.130001068115234,34.040000915527344,2042400
2021-03-01,31.70651626586914,34.06999969482422,34.43000030517578,33.2599983215332,33.2599983215332,1370600
2021-03-02,31.176067352294922,33.5,34.15999984741211,33.41999816894531,34.09000015258789,1142400
2021-03-03,30.208209991455078,32.459999084472656,33.5,32.45000076293945,33.5,1342000
2021-03-04,29.687055587768555,31.899999618530273,32.779998779296875,31.579999923706055,32.45000076293945,1175600
2021-03-05,30.654909133911133,32.939998626708984,33.040000915527344,31.440000534057617,32.15999984741211,1169400
2021-03-08,30.236133575439453,32.4900016784668,33.27000045776367,32.470001220703125,33.02000045776367,1096100
2021-03-09,30.63629722595215,32.91999816894531,33.59000015258789,32.7599983215332,32.959999084472656,1395600
2021-03-10,30.962013244628906,33.27000045776367,33.56999969482422,32.97999954223633,33.0099983215332,915800
2021-03-11,30.943403244018555,33.25,33.86000061035156,33.220001220703125,33.599998474121094,998400
2021-03-12,30.74797248840332,33.040000915527344,33.43000030517578,32.630001068115234,33.20000076293945,1072500
2021-03-15,31.287742614746094,33.619998931884766,33.790000915527344,32.56999969482422,33.029998779296875,1207100
2021-03-16,30.692138671875,32.97999954223633,33.650001525878906,32.83000183105469,33.40999984741211,1179800
2021-03-17,30.40363311767578,32.66999816894531,33.08000183105469,32.58000183105469,32.88999938964844,1288900
2021-03-18,30.720046997070312,33.0099983215332,33.36000061035156,32.20000076293945,32.529998779296875,1452600
2021-03-19,31.43663787841797,33.779998779296875,34.0099983215332,32.36000061035156,33.040000915527344,7450000
2021-03-22,31.985706329345703,34.369998931884766,34.4900016784668,33.540000915527344,33.97999954223633,2130500
2021-03-23,31.604145050048828,33.959999084472656,34.650001525878906,33.900001525878906,34.31999969482422,1499700
2021-03-24,31.46455192565918,33.810001373291016,34.04999923706055,33.470001220703125,33.7400016784668,1226700
2021-03-25,31.557615280151367,33.90999984741211,34.06999969482422,33.310001373291016,33.810001373291016,1287200
2021-03-26,31.818193435668945,34.189998626708984,34.29999923706055,33.63999938964844,33.95000076293945,1172200
2021-03-29,31.808881759643555,34.18000030517578,34.43000030517578,33.93000030517578,34.119998931884766,1362700
2021-03-30,31.56692123413086,33.91999816894531,34.20000076293945,33.79999923706055,34.150001525878906,876800
2021-03-31,32.032230377197266,34.41999816894531,34.959999084472656,33.93000030517578,33.959999084472656,1885900
2021-04-01,32.41379165649414,34.83000183105469,35.16999816894531,34.5,34.7599983215332,1083600
2021-04-05,32.9349479675293,35.38999938964844,35.52000045776367,34.849998474121094,34.849998474121094,1151100
2021-04-06,32.84188461303711,35.290000915527344,35.70000076293945,35.0099983215332,35.36000061035156,1026500
2021-04-07,32.08807373046875,34.47999954223633,35.31999969482422,34.470001220703125,35.31999969482422,857800
2021-04-08,32.53478240966797,34.959999084472656,35.060001373291016,34.52000045776367,34.7400016784668,1574300
2021-04-09,32.97217559814453,35.43000030517578,35.5,34.83000183105469,34.95000076293945,721800
2021-04-12,33.14899826049805,35.619998931884766,35.630001068115234,35.20000076293945,35.400001525878906,982800
2021-04-13,32.48824691772461,34.90999984741211,35.47999954223633,34.810001373291016,35.290000915527344,2143800
2021-04-14,32.29281234741211,34.70000076293945,35.2400016784668,34.560001373291016,34.959999084472656,1365600
2021-04-15,32.78605270385742,35.22999954223633,35.2599983215332,34.7400016784668,34.88999938964844,934500
2021-04-16,32.823272705078125,35.27000045776367,35.400001525878906,35.0,35.400001525878906,913100
2021-04-19,32.39518737792969,34.810001373291016,35.400001525878906,34.650001525878906,35.29999923706055,1113000
2021-04-20,32.73951721191406,35.18000030517578,35.29999923706055,34.75,34.75,898200
2021-04-21,32.73951721191406,35.18000030517578,35.52000045776367,35.099998474121094,35.2400016784668,863600
2021-04-22,32.84188461303711,35.290000915527344,35.689998626708984,35.25,35.29999923706055,1468900
2021-04-23,33.31650161743164,35.79999923706055,35.9900016784668,35.29999923706055,35.38999938964844,1321400
2021-04-26,33.41887283325195,35.90999984741211,36.220001220703125,35.72999954223633,35.869998931884766,1742000
2021-04-27,33.428184509277344,35.91999816894531,36.279998779296875,35.5,36.04999923706055,1784600
2021-04-28,33.88419723510742,36.40999984741211,37.400001525878906,36.13999938964844,36.630001068115234,1577600
2021-04-29,34.768287658691406,37.36000061035156,37.5,36.25,36.650001525878906,1676500
2021-04-30,34.69384002685547,37.279998779296875,37.34000015258789,36.86000061035156,37.2599983215332,1784100
2021-05-03,35.13124084472656,37.75,38.11000061035156,37.45000076293945,37.5,1287100
2021-05-04,35.000953674316406,37.61000061035156,37.880001068115234,37.25,37.650001525878906,1214000
2021-05-05,34.52632522583008,37.099998474121094,38.08000183105469,37.02000045776367,37.90999984741211,1037500
2021-05-06,34.405338287353516,36.970001220703125,37.15999984741211,36.529998779296875,37.040000915527344,876600
2021-05-07,34.619842529296875,37.119998931884766,37.2400016784668,36.630001068115234,36.810001373291016,881000
2021-05-10,34.71311950683594,37.220001220703125,37.689998626708984,36.9900016784668,37.15999984741211,724700
2021-05-11,34.461307525634766,36.95000076293945,37.02000045776367,36.56999969482422,36.900001525878906,946200
2021-05-12,33.34212875366211,35.75,36.689998626708984,35.75,36.599998474121094,1159700
2021-05-13,33.89238739013672,36.34000015258789,36.540000915527344,35.72999954223633,35.880001068115234,882800
2021-05-14,34.43332290649414,36.91999816894531,37.099998474121094,36.22999954223633,36.45000076293945,959600
2021-05-17,33.66855239868164,36.099998474121094,36.939998626708984,35.91999816894531,36.630001068115234,1237700
2021-05-18,33.01569747924805,35.400001525878906,36.119998931884766,35.380001068115234,35.95000076293945,1303500
2021-05-19,32.5866813659668,34.939998626708984,35.119998931884766,34.38999938964844,35.0,1421600
2021-05-20,32.6985969543457,35.060001373291016,35.31999969482422,34.939998626708984,35.119998931884766,1497200
2021-05-21,32.68927001953125,35.04999923706055,35.439998626708984,34.900001525878906,35.189998626708984,4957400
2021-05-24,32.08305358886719,34.400001525878906,35.369998931884766,34.31999969482422,35.369998931884766,1942400
2021-05-25,31.737966537475586,34.029998779296875,34.52000045776367,33.849998474121094,34.52000045776367,1735400
2021-05-26,31.579431533813477,33.86000061035156,34.34000015258789,33.630001068115234,34.060001373291016,1681500
2021-05-27,31.579431533813477,33.86000061035156,34.29999923706055,33.72999954223633,33.939998626708984,2225800
2021-05-28,31.79393768310547,34.09000015258789,34.41999816894531,33.97999954223633,34.09000015258789,1245100
2021-06-01,31.486160278320312,33.7599983215332,34.40999984741211,33.65999984741211,34.27000045776367,853500
2021-06-02,31.635377883911133,33.91999816894531,34.0099983215332,33.56999969482422,33.7400016784668,1245400
2021-06-03,30.86128807067871,33.09000015258789,33.77000045776367,33.0099983215332,33.689998626708984,1273100
2021-06-04,30.95454216003418,33.189998626708984,33.400001525878906,33.11000061035156,33.22999954223633,713800
2021-06-07,30.590816497802734,32.79999923706055,33.290000915527344,32.65999984741211,33.209999084472656,1098700
2021-06-08,30.88925552368164,33.119998931884766,33.150001525878906,32.7599983215332,32.9900016784668,906000
2021-06-09,30.823984146118164,33.04999923706055,33.59000015258789,33.0099983215332,33.38999938964844,1274500
2021-06-10,30.95454216003418,33.189998626708984,33.279998779296875,33.0099983215332,33.08000183105469,1079500
2021-06-11,31.07579803466797,33.31999969482422,33.400001525878906,33.0,33.290000915527344,1090600
2021-06-14,31.374242782592773,33.63999938964844,33.66999816894531,33.2599983215332,33.36000061035156,910100
2021-06-15,31.514141082763672,33.790000915527344,33.790000915527344,33.45000076293945,33.72999954223633,1657800
2021-06-16,30.935890197753906,33.16999816894531,33.90999984741211,33.15999984741211,33.90999984741211,1131200
2021-06-17,31.122425079345703,33.369998931884766,33.4900016784668,32.90999984741211,32.97999954223633,999300
2021-06-18,30.86128807067871,33.09000015258789,33.40999984741211,33.040000915527344,33.13999938964844,2011400
2021-06-21,31.458179473876953,33.72999954223633,33.88999938964844,33.2599983215332,33.310001373291016,1185900
2021-06-22,31.654029846191406,33.939998626708984,34.0,33.65999984741211,33.790000915527344,1806000
2021-06-23,31.355592727661133,33.619998931884766,34.09000015258789,33.58000183105469,34.09000015258789,783100
2021-06-24,31.61673355102539,33.900001525878906,33.970001220703125,33.650001525878906,33.79999923706055,839000
2021-06-25,31.74730110168457,34.040000915527344,34.09000015258789,33.790000915527344,34.04999923706055,1463900
2021-06-28,31.682010650634766,33.970001220703125,34.34000015258789,33.709999084472656,34.18000030517578,1021900
2021-06-29,32.1016960144043,34.41999816894531,34.66999816894531,33.709999084472656,33.86000061035156,1109900
2021-06-30,31.89651870727539,34.20000076293945,34.650001525878906,33.9900016784668,34.400001525878906,1171400
2021-07-01,32.27891159057617,34.61000061035156,34.65999984741211,34.27000045776367,34.34000015258789,844400
2021-07-02,32.32554244995117,34.65999984741211,34.7599983215332,34.459999084472656,34.709999084472656,825500
2021-07-06,32.596012115478516,34.95000076293945,34.9900016784668,34.29999923706055,34.70000076293945,968400
2021-07-07,33.1835823059082,35.58000183105469,35.619998931884766,34.77000045776367,34.880001068115234,1295800
2021-07-08,32.6519660949707,35.0099983215332,35.36000061035156,34.91999816894531,35.18000030517578,840800
2021-07-09,33.00636672973633,35.38999938964844,35.47999954223633,35.099998474121094,35.22999954223633,700600
2021-07-12,32.978397369384766,35.36000061035156,35.459999084472656,35.16999816894531,35.369998931884766,865700
2021-07-13,32.95973205566406,35.34000015258789,35.68000030517578,35.18000030517578,35.29999923706055,850500
2021-07-14,32.978397369384766,35.36000061035156,35.52000045776367,34.97999954223633,35.439998626708984,1069200
2021-07-15,33.13694763183594,35.529998779296875,35.56999969482422,35.119998931884766,35.130001068115234,760800
2021-07-16,33.54730224609375,35.970001220703125,36.41999816894531,35.619998931884766,35.689998626708984,1265200
2021-07-19,33.82710647583008,36.27000045776367,36.43000030517578,35.599998474121094,35.689998626708984,1855600
2021-07-20,34.80638122558594,37.31999969482422,37.36000061035156,36.380001068115234,36.43000030517578,1864600
2021-07-21,34.88099670410156,37.400001525878906,37.529998779296875,37.20000076293945,37.20000076293945,1357700
2021-07-22,35.10482406616211,37.63999938964844,37.869998931884766,37.2599983215332,37.45000076293945,750000
2021-07-23,35.347320556640625,37.900001525878906,38.040000915527344,37.72999954223633,37.75,753500
2021-07-26,34.8530158996582,37.369998931884766,37.83000183105469,37.099998474121094,37.77000045776367,1122500
2021-07-27,34.647830963134766,37.150001525878906,37.4900016784668,36.97999954223633,37.2599983215332,1407500
2021-07-28,34.35871124267578,36.84000015258789,37.2599983215332,35.900001525878906,36.63999938964844,2430600
2021-07-29,35.28203582763672,37.83000183105469,38.439998626708984,37.189998626708984,37.279998779296875,1926800
2021-07-30,35.748348236083984,38.33000183105469,38.470001220703125,37.68000030517578,37.849998474121094,1203400
2021-08-02,35.944217681884766,38.540000915527344,38.7400016784668,38.09000015258789,38.5,1013700
2021-08-03,36.363914489746094,38.9900016784668,39.02000045776367,38.459999084472656,38.540000915527344,1129100
2021-08-04,36.373226165771484,39.0,39.31999969482422,38.79999923706055,38.95000076293945,1194600
2021-08-05,35.822967529296875,38.40999984741211,39.13999938964844,38.130001068115234,39.13999938964844,1246200
2021-08-06,35.58980941772461,38.15999984741211,38.59000015258789,38.06999969482422,38.439998626708984,1038600
2021-08-09,35.21596145629883,37.68000030517578,38.33000183105469,37.47999954223633,38.22999954223633,1006600
2021-08-10,34.93558883666992,37.380001068115234,37.689998626708984,37.36000061035156,37.599998474121094,777000
2021-08-11,34.944923400878906,37.38999938964844,37.65999984741211,37.09000015258789,37.400001525878906,721200
2021-08-12,34.75799560546875,37.189998626708984,37.310001373291016,37.099998474121094,37.220001220703125,646000
2021-08-13,34.72062683105469,37.150001525878906,37.220001220703125,36.90999984741211,37.20000076293945,910800
2021-08-16,35.12249755859375,37.58000183105469,37.630001068115234,36.86000061035156,37.0099983215332,951200
2021-08-17,35.46831130981445,37.95000076293945,37.970001220703125,37.27000045776367,37.5099983215332,1358200
2021-08-18,35.35615539550781,37.83000183105469,38.150001525878906,37.7599983215332,37.88999938964844,1065100
2021-08-19,36.23468017578125,38.77000045776367,38.959999084472656,37.560001373291016,37.72999954223633,1087600
2021-08-20,36.75807189941406,39.33000183105469,39.4900016784668,38.72999954223633,38.849998474121094,872200
2021-08-23,35.87018585205078,38.380001068115234,39.38999938964844,38.380001068115234,39.349998474121094,862300
2021-08-24,35.56175994873047,38.04999923706055,38.52000045776367,37.97999954223633,38.47999954223633,823500
2021-08-25,35.720645904541016,38.220001220703125,38.45000076293945,37.86000061035156,37.95000076293945,654600
2021-08-26,35.832801818847656,38.34000015258789,38.400001525878906,38.040000915527344,38.18000030517578,564700
2021-08-27,36.085147857666016,38.61000061035156,38.91999816894531,38.310001373291016,38.5,752800
2021-08-30,36.599178314208984,39.15999984741211,39.189998626708984,38.59000015258789,38.77000045776367,822400
2021-08-31,36.374874114990234,38.91999816894531,39.36000061035156,38.7400016784668,39.220001220703125,1395300
2021-09-01,36.374874114990234,38.91999816894531,39.130001068115234,38.59000015258789,38.9900016784668,1115200
2021-09-02,37.001060485839844,39.59000015258789,39.61000061035156,38.97999954223633,39.02000045776367,852000
2021-09-03,37.11320495605469,39.709999084472656,40.11000061035156,39.369998931884766,39.43000030517578,903200
2021-09-07,36.03841781616211,38.560001373291016,39.939998626708984,38.52000045776367,39.869998931884766,1340900
2021-09-08,36.66459274291992,39.22999954223633,39.400001525878906,38.38999938964844,38.5,1740700
2021-09-09,36.0571174621582,38.58000183105469,39.59000015258789,38.47999954223633,39.310001373291016,1478200
2021-09-10,36.40291213989258,38.95000076293945,39.33000183105469,38.5,38.72999954223633,995400
2021-09-13,35.43091583251953,37.90999984741211,39.2599983215332,37.52000045776367,39.15999984741211,1489200
2021-09-14,35.2626953125,37.72999954223633,38.220001220703125,37.650001525878906,38.04999923706055,1203100
2021-09-15,34.76734924316406,37.20000076293945,37.720001220703125,37.13999938964844,37.720001220703125,2002000
2021-09-16,35.187931060791016,37.650001525878906,37.83000183105469,37.220001220703125,37.27000045776367,1672100
2021-09-17,34.71127700805664,37.13999938964844,37.88999938964844,36.709999084472656,37.56999969482422,4880100
2021-09-20,34.65520095825195,37.08000183105469,37.189998626708984,36.5,36.77000045776367,1671200
2021-09-21,34.944923400878906,37.38999938964844,37.7400016784668,37.189998626708984,37.2400016784668,1638900
2021-09-22,35.08511734008789,37.540000915527344,37.72999954223633,37.22999954223633,37.529998779296875,1060500
2021-09-23,35.07577133178711,37.529998779296875,37.91999816894531,37.439998626708984,37.7599983215332,839000
2021-09-24,35.038387298583984,37.4900016784668,37.529998779296875,37.220001220703125,37.47999954223633,656200
2021-09-27,34.18790054321289,36.58000183105469,37.369998931884766,36.5099983215332,37.369998931884766,888900
2021-09-28,33.34675598144531,35.68000030517578,36.470001220703125,35.400001525878906,36.22999954223633,1202800
2021-09-29,33.69255447387695,36.04999923706055,36.220001220703125,35.7400016784668,35.779998779296875,807500
2021-09-30,33.01963424682617,35.33000183105469,36.310001373291016,35.310001373291016,36.15999984741211,1139500
2021-10-01,33.300018310546875,35.630001068115234,35.869998931884766,34.779998779296875,35.52000045776367,1140900
2021-10-04,33.14113235473633,35.459999084472656,35.810001373291016,35.04999923706055,35.59000015258789,1172500
2021-10-05,33.561710357666016,35.90999984741211,36.02000045776367,35.34000015258789,35.529998779296875,957800
2021-10-06,34.0009651184082,36.380001068115234,36.470001220703125,35.650001525878906,35.650001525878906,1059300
2021-10-07,34.337425231933594,36.7400016784668,37.33000183105469,36.65999984741211,36.68000030517578,909700
2021-10-08,34.29069519042969,36.689998626708984,36.849998474121094,36.29999923706055,36.66999816894531,652200
2021-10-11,33.748626708984375,36.11000061035156,36.810001373291016,36.08000183105469,36.630001068115234,477400
2021-10-12,33.683204650878906,36.040000915527344,36.34000015258789,35.959999084472656,36.22999954223633,544400
2021-10-13,34.18790054321289,36.58000183105469,36.599998474121094,35.84000015258789,36.15999984741211,1000400
2021-10-14,34.76734924316406,37.20000076293945,37.33000183105469,36.779998779296875,36.939998626708984,813400
2021-10-15,34.860816955566406,37.29999923706055,37.630001068115234,37.220001220703125,37.43000030517578,814600
2021-10-18,35.62718963623047,38.119998931884766,38.130001068115234,37.130001068115234,37.22999954223633,1098700
2021-10-19,35.81410217285156,38.31999969482422,38.36000061035156,37.939998626708984,38.29999923706055,619600
2021-10-20,35.91691970825195,38.43000030517578,38.66999816894531,38.33000183105469,38.47999954223633,721000
2021-10-21,36.06644821166992,38.59000015258789,38.65999984741211,38.15999984741211,38.529998779296875,928800
2021-10-22,36.533756256103516,39.09000015258789,39.15999984741211,38.5099983215332,38.61000061035156,836400
2021-10-25,36.68330001831055,39.25,39.400001525878906,38.79999923706055,39.029998779296875,968700
2021-10-26,36.75807189941406,39.33000183105469,39.70000076293945,39.20000076293945,39.43000030517578,1057200
2021-10-27,32.78599166870117,35.08000183105469,39.060001373291016,35.06999969482422,38.84000015258789,2064200
2021-10-28,32.54298782348633,34.81999969482422,35.279998779296875,34.63999938964844,34.790000915527344,1796100
2021-10-29,32.92618179321289,35.22999954223633,35.369998931884766,34.41999816894531,34.720001220703125,1995200
2021-11-01,31.96352195739746,34.20000076293945,35.36000061035156,34.040000915527344,35.2400016784668,1543200
2021-11-02,32.83271026611328,35.130001068115234,35.56999969482422,34.220001220703125,34.220001220703125,1923800
2021-11-03,32.8233757019043,35.119998931884766,35.209999084472656,34.27000045776367,35.099998474121094,1213500
2021-11-04,33.91685485839844,36.290000915527344,36.54999923706055,35.2400016784668,35.310001373291016,2060100
2021-11-05,33.51497268676758,35.86000061035156,36.5,35.709999084472656,36.380001068115234,1126100
2021-11-08,33.41217803955078,35.75,36.08000183105469,35.36000061035156,35.900001525878906,1264800
2021-11-09,33.29944610595703,35.45000076293945,35.790000915527344,35.2599983215332,35.560001373291016,1084700
2021-11-10,33.59064865112305,35.7599983215332,35.790000915527344,35.29999923706055,35.29999923706055,954500
2021-11-11,33.46852493286133,35.630001068115234,35.970001220703125,35.4900016784668,35.970001220703125,572400
2021-11-12,33.80669403076172,35.9900016784668,36.099998474121094,35.58000183105469,35.75,704200
2021-11-15,33.703365325927734,35.880001068115234,36.310001373291016,35.720001220703125,35.970001220703125,957600
2021-11-16,33.85366439819336,36.040000915527344,36.369998931884766,35.849998474121094,35.939998626708984,874600
2021-11-17,33.778507232666016,35.959999084472656,36.11000061035156,35.4900016784668,36.11000061035156,910300
2021-11-18,33.477928161621094,35.63999938964844,36.09000015258789,35.5,35.9900016784668,818900
2021-11-19,33.271270751953125,35.41999816894531,35.900001525878906,35.25,35.779998779296875,1930800
2021-11-22,33.10218811035156,35.2400016784668,35.880001068115234,35.09000015258789,35.41999816894531,1780700
2021-11-23,33.7221565246582,35.900001525878906,35.95000076293945,35.09000015258789,35.130001068115234,1293000
2021-11-24,33.81608581542969,36.0,36.34000015258789,35.79999923706055,35.86000061035156,1071500
2021-11-26,33.308837890625,35.459999084472656,36.25,35.400001525878906,35.70000076293945,957300
2021-11-29,33.186729431152344,35.33000183105469,35.779998779296875,34.91999816894531,35.66999816894531,1639500
2021-11-30,31.26109504699707,33.279998779296875,35.20000076293945,33.2400016784668,35.20000076293945,6421000
2021-12-01,30.002382278442383,31.940000534057617,33.70000076293945,31.920000076293945,33.5,2084400
2021-12-02,30.312366485595703,32.27000045776367,32.810001373291016,32.09000015258789,32.09000015258789,1631900
2021-12-03,29.842697143554688,31.770000457763672,32.61000061035156,31.43000030517578,32.45000076293945,2026400
2021-12-06,30.237218856811523,32.189998626708984,32.41999816894531,31.56999969482422,32.11000061035156,2840100
2021-12-07,30.519023895263672,32.4900016784668,32.900001525878906,32.41999816894531,32.650001525878906,2413900
2021-12-08,31.063831329345703,33.06999969482422,33.099998474121094,32.279998779296875,32.40999984741211,2462200
2021-12-09,30.293575286865234,32.25,33.119998931884766,32.209999084472656,33.060001373291016,1245600
2021-12-10,29.97420310974121,31.90999984741211,32.380001068115234,31.739999771118164,32.290000915527344,1720600
2021-12-13,30.349945068359375,32.310001373291016,32.4900016784668,31.8700008392334,31.950000762939453,2105000
2021-12-14,30.37811851501465,32.34000015258789,32.790000915527344,32.15999984741211,32.22999954223633,3004100
2021-12-15,30.547203063964844,32.52000045776367,32.83000183105469,32.209999084472656,32.279998779296875,3581200
2021-12-16,30.941720962524414,32.939998626708984,33.08000183105469,32.45000076293945,32.650001525878906,2896700
2021-12-17,30.78203010559082,32.77000045776367,33.16999816894531,32.45000076293945,32.810001373291016,4845000
2021-12-20,30.218433380126953,32.16999816894531,32.63999938964844,31.920000076293945,32.56999969482422,2654300
2021-12-21,30.603565216064453,32.58000183105469,32.720001220703125,32.119998931884766,32.41999816894531,2346200
2021-12-22,30.6599178314209,32.63999938964844,32.709999084472656,32.380001068115234,32.52000045776367,891600
2021-12-23,30.791427612304688,32.779998779296875,33.060001373291016,32.70000076293945,32.720001220703125,1037900
2021-12-27,31.09201431274414,33.099998474121094,33.16999816894531,32.66999816894531,32.900001525878906,940200
2021-12-28,31.48653793334961,33.52000045776367,33.709999084472656,33.119998931884766,33.349998474121094,2884900
2021-12-29,31.51471519470215,33.54999923706055,33.86000061035156,33.40999984741211,33.540000915527344,4301500
2021-12-30,31.599245071411133,33.63999938964844,33.77000045776367,33.20000076293945,33.45000076293945,1098600
2021-12-31,32.13467788696289,34.209999084472656,34.45000076293945,33.619998931884766,33.66999816894531,1288000
2022-01-03,31.561683654785156,33.599998474121094,34.40999984741211,33.08000183105469,34.220001220703125,1876400
2022-01-04,31.834089279174805,33.88999938964844,34.189998626708984,33.31999969482422,33.400001525878906,1781800
2022-01-05,30.904142379760742,32.900001525878906,33.959999084472656,32.880001068115234,33.849998474121094,2547000
2022-01-06,31.51471519470215,33.54999923706055,33.68000030517578,32.72999954223633,32.7400016784668,1697500
2022-01-07,31.646223068237305,33.689998626708984,33.88999938964844,33.5,33.599998474121094,2407600
2022-01-10,31.73076057434082,33.779998779296875,33.79999923706055,32.84000015258789,33.650001525878906,2549300
2022-01-11,31.561683654785156,33.599998474121094,33.90999984741211,33.04999923706055,33.72999954223633,2215400
2022-01-12,31.8153018951416,33.869998931884766,34.04999923706055,33.56999969482422,33.689998626708984,1855400
2022-01-13,31.467750549316406,33.5,34.130001068115234,33.220001220703125,33.90999984741211,1985800
2022-01-14,30.631738662719727,32.61000061035156,33.13999938964844,32.5,33.119998931884766,1673200
2022-01-18,29.78633689880371,31.709999084472656,32.20000076293945,31.40999984741211,31.8799991607666,1824100
2022-01-19,30.049346923828125,31.989999771118164,32.08000183105469,31.540000915527344,31.719999313354492,1882100
2022-01-20,29.729976654052734,31.649999618530273,32.529998779296875,31.6200008392334,32.15999984741211,1441900
2022-01-21,29.41999626159668,31.31999969482422,31.979999542236328,31.270000457763672,31.65999984741211,1685100
2022-01-24,29.964813232421875,31.899999618530273,31.93000030517578,30.40999984741211,30.959999084472656,2583100
2022-01-25,29.363636016845703,31.260000228881836,31.700000762939453,30.8700008392334,31.329999923706055,3328500
2022-01-26,27.898273468017578,29.700000762939453,30.479999542236328,29.34000015258789,30.020000457763672,10402900
2022-01-27,27.212556838989258,28.969999313354492,30.06999969482422,28.510000228881836,29.889999389648438,3361200
2022-01-28,28.142498016357422,29.959999084472656,29.969999313354492,28.549999237060547,28.989999771118164,2436800
2022-01-31,28.97850799560547,30.850000381469727,30.940000534057617,29.790000915527344,29.889999389648438,3883800
2022-02-01,29.147586822509766,31.030000686645508,31.170000076293945,30.6200008392334,31.020000457763672,1389400
2022-02-02,29.551498413085938,31.459999084472656,31.59000015258789,30.81999969482422,30.93000030517578,1506500
2022-02-03,28.85638999938965,30.719999313354492,31.389999389648438,30.670000076293945,31.219999313354492,1555600
2022-02-04,28.60277557373047,30.450000762939453,30.690000534057617,29.950000762939453,30.5,2403600
2022-02-07,28.64034652709961,30.489999771118164,30.770000457763672,30.350000381469727,30.549999237060547,2564600
2022-02-08,28.565200805664062,30.40999984741211,30.639999389648438,30.219999313354492,30.3799991607666,1422400
2022-02-09,29.54532814025879,31.350000381469727,31.3700008392334,30.579999923706055,30.579999923706055,1727400
2022-02-10,29.149511337280273,30.93000030517578,31.290000915527344,30.600000381469727,30.770000457763672,2243500
2022-02-11,28.96102523803711,30.729999542236328,31.299999237060547,30.459999084472656,30.989999771118164,2242100
2022-02-14,29.064687728881836,30.84000015258789,31.030000686645508,30.549999237060547,30.700000762939453,1705100
2022-02-15,29.498210906982422,31.299999237060547,31.350000381469727,30.8700008392334,31.270000457763672,2020800
2022-02-16,29.56418228149414,31.3700008392334,31.520000457763672,30.75,31.209999084472656,1262500
2022-02-17,29.39454460144043,31.190000534057617,31.459999084472656,31.079999923706055,31.25,1192900
2022-02-18,29.337993621826172,31.1299991607666,31.6200008392334,30.690000534057617,31.229999542236328,2978700
2022-02-22,29.206050872802734,30.989999771118164,31.329999923706055,30.770000457763672,30.969999313354492,2605300
2022-02-23,28.565200805664062,30.309999465942383,31.350000381469727,30.260000228881836,31.149999618530273,2033800
2022-02-24,29.780941009521484,31.600000381469727,31.670000076293945,29.81999969482422,29.940000534057617,2366400
2022-02-25,30.280427932739258,32.130001068115234,32.220001220703125,31.59000015258789,31.600000381469727,2477700
2022-02-28,30.75164794921875,32.630001068115234,32.70000076293945,31.8799991607666,31.889999389648438,2365600
2022-03-01,31.251134872436523,33.15999984741211,33.40999984741211,32.290000915527344,32.650001525878906,2437600
2022-03-02,32.118186950683594,34.08000183105469,34.22999954223633,33.18000030517578,33.209999084472656,2379000
2022-03-03,31.552717208862305,33.47999954223633,34.29999923706055,33.31999969482422,34.2599983215332,2788700
2022-03-04,32.05221176147461,34.0099983215332,34.09000015258789,32.88999938964844,33.31999969482422,1877600
2022-03-07,32.00508499145508,33.959999084472656,34.130001068115234,33.470001220703125,34.06999969482422,2155800
2022-03-08,30.695100784301758,32.56999969482422,33.84000015258789,32.43000030517578,33.630001068115234,3502400
2022-03-09,30.836471557617188,32.720001220703125,33.38999938964844,32.66999816894531,32.9900016784668,1401600
2022-03-10,30.723379135131836,32.599998474121094,32.619998931884766,32.16999816894531,32.33000183105469,1258700
2022-03-11,30.346405029296875,32.20000076293945,32.849998474121094,32.099998474121094,32.66999816894531,1965400
2022-03-14,31.43962860107422,33.36000061035156,33.470001220703125,32.220001220703125,32.459999084472656,1767300
2022-03-15,31.505599975585938,33.43000030517578,33.7599983215332,33.04999923706055,33.619998931884766,1395500
2022-03-16,31.816600799560547,33.7599983215332,33.91999816894531,33.13999938964844,33.439998626708984,1836800
2022-03-17,32.278385162353516,34.25,34.279998779296875,33.54999923706055,33.77000045776367,1449400
2022-03-18,32.23126983642578,34.20000076293945,34.369998931884766,33.84000015258789,34.34000015258789,2855700
2022-03-21,31.882572174072266,33.83000183105469,34.400001525878906,33.5,34.09000015258789,1458800
2022-03-22,31.769472122192383,33.709999084472656,34.04999923706055,33.619998931884766,33.84000015258789,1354700
2022-03-23,31.496173858642578,33.41999816894531,33.650001525878906,33.2400016784668,33.56999969482422,900700
2022-03-24,31.609264373779297,33.540000915527344,33.790000915527344,33.209999084472656,33.61000061035156,771100
2022-03-25,31.863723754882812,33.810001373291016,33.91999816894531,33.470001220703125,33.68000030517578,597800
2022-03-28,32.43861389160156,34.41999816894531,34.41999816894531,33.779998779296875,33.84000015258789,643900
2022-03-29,33.126583099365234,35.150001525878906,35.2599983215332,34.7400016784668,34.7400016784668,1103100
2022-03-30,33.39989471435547,35.439998626708984,35.439998626708984,34.95000076293945,35.130001068115234,835800
2022-03-31,33.03234100341797,35.04999923706055,35.70000076293945,35.040000915527344,35.5,1455300
2022-04-01,32.806156158447266,34.810001373291016,35.060001373291016,34.45000076293945,35.060001373291016,903500
2022-04-04,33.07004165649414,35.09000015258789,35.189998626708984,34.619998931884766,34.88999938964844,830200
2022-04-05,32.84385299682617,34.849998474121094,35.54999923706055,34.790000915527344,35.04999923706055,862700
2022-04-06,32.975799560546875,34.9900016784668,35.11000061035156,34.560001373291016,34.720001220703125,1352400
2022-04-07,33.4941291809082,35.540000915527344,35.66999816894531,34.849998474121094,34.9900016784668,1458000
2022-04-08,33.35276794433594,35.38999938964844,35.75,35.33000183105469,35.52000045776367,911200
2022-04-11,33.51298141479492,35.560001373291016,35.90999984741211,35.40999984741211,35.52000045776367,985400
2022-04-12,33.390464782714844,35.43000030517578,35.93000030517578,35.36000061035156,35.54999923706055,1063600
2022-04-13,33.43758010864258,35.47999954223633,35.7599983215332,35.369998931884766,35.369998931884766,708100
2022-04-14,32.89097595214844,34.900001525878906,35.7400016784668,34.86000061035156,35.599998474121094,919400
2022-04-18,32.31608581542969,34.290000915527344,35.02000045776367,34.060001373291016,34.84000015258789,831200
2022-04-19,32.598819732666016,34.59000015258789,34.779998779296875,34.290000915527344,34.34000015258789,1111800
2022-04-20,32.598819732666016,34.59000015258789,34.86000061035156,34.43000030517578,34.86000061035156,1508100
2022-04-21,32.523414611816406,34.5099983215332,34.9900016784668,34.400001525878906,34.81999969482422,930500
2022-04-22,31.64695930480957,33.58000183105469,34.5,33.540000915527344,34.380001068115234,1136000
2022-04-25,31.477327346801758,33.400001525878906,33.619998931884766,32.7599983215332,33.52000045776367,1366600
2022-04-26,30.836471557617188,32.720001220703125,33.38999938964844,32.689998626708984,33.31999969482422,2413900
2022-04-27,31.580984115600586,33.5099983215332,34.5099983215332,32.0,32.86000061035156,1839900
2022-04-28,32.448036193847656,34.43000030517578,34.630001068115234,33.52000045776367,33.7599983215332,1582900
2022-04-29,31.609264373779297,33.540000915527344,34.209999084472656,33.470001220703125,34.20000076293945,1810700
2022-05-02,31.28883171081543,33.20000076293945,34.02000045776367,32.88999938964844,33.52000045776367,1995900
2022-05-03,30.827043533325195,32.709999084472656,33.56999969482422,32.529998779296875,33.27000045776367,2316800
2022-05-04,32.10875701904297,34.06999969482422,34.130001068115234,32.58000183105469,32.63999938964844,1855100
2022-05-05,31.496173858642578,33.41999816894531,34.0,33.130001068115234,33.90999984741211,1466400
2022-05-06,32.07106018066406,34.029998779296875,34.130001068115234,32.90999984741211,33.310001373291016,1888900
2022-05-09,31.768596649169922,33.61000061035156,34.2400016784668,33.45000076293945,33.689998626708984,1833200
2022-05-10,31.078582763671875,32.880001068115234,34.220001220703125,32.4900016784668,33.90999984741211,1910300
2022-05-11,31.381052017211914,33.20000076293945,33.79999923706055,32.68000030517578,32.869998931884766,2199200
2022-05-12,31.40940284729004,33.22999954223633,33.5099983215332,32.81999969482422,33.060001373291016,1946700
2022-05-13,32.184486389160156,34.04999923706055,34.29999923706055,33.529998779296875,33.54999923706055,1100900
2022-05-16,32.90283966064453,34.810001373291016,34.91999816894531,33.75,33.970001220703125,1245600
2022-05-17,33.45106506347656,35.38999938964844,35.5,34.63999938964844,35.08000183105469,1313000
2022-05-18,32.51530456542969,34.400001525878906,35.13999938964844,34.29999923706055,35.0,1665800
2022-05-19,32.44913864135742,34.33000183105469,34.86000061035156,33.66999816894531,34.18000030517578,1362600
2022-05-20,33.34709167480469,35.279998779296875,35.29999923706055,34.459999084472656,34.58000183105469,1985200
2022-05-23,33.28092575073242,35.209999084472656,35.630001068115234,34.97999954223633,35.56999969482422,1223200
2022-05-24,33.271480560302734,35.20000076293945,35.4900016784668,34.470001220703125,35.13999938964844,2796300
2022-05-25,33.3848991394043,35.31999969482422,35.5099983215332,34.70000076293945,35.209999084472656,1818300
2022-05-26,34.26395797729492,36.25,36.36000061035156,35.65999984741211,35.709999084472656,1305100
2022-05-27,34.60422134399414,36.61000061035156,36.970001220703125,36.41999816894531,36.470001220703125,1472200
2022-05-31,33.51723098754883,35.459999084472656,36.2599983215332,35.27000045776367,36.2599983215332,6265400
2022-06-01,33.07297897338867,34.9900016784668,35.349998474121094,34.720001220703125,35.0099983215332,1765100
2022-06-02,32.883934020996094,34.790000915527344,35.31999969482422,34.40999984741211,35.13999938964844,2028800
2022-06-03,33.00681686401367,34.91999816894531,35.06999969482422,34.34000015258789,34.41999816894531,1258400
2022-06-06,33.120243072509766,35.040000915527344,35.43000030517578,34.9900016784668,35.15999984741211,1216300
2022-06-07,33.5550422668457,35.5,35.54999923706055,34.58000183105469,34.7599983215332,988400
2022-06-08,32.93119430541992,34.84000015258789,35.310001373291016,34.7400016784668,35.20000076293945,840500
2022-06-09,32.2884521484375,34.15999984741211,35.09000015258789,34.13999938964844,34.720001220703125,935400
2022-06-10,32.080509185791016,33.939998626708984,34.209999084472656,33.47999954223633,33.7400016784668,1281600
2022-06-13,31.17310905456543,32.97999954223633,33.61000061035156,32.81999969482422,33.310001373291016,1359700
2022-06-14,30.98406219482422,32.779998779296875,33.2400016784668,32.459999084472656,32.97999954223633,1470700
2022-06-15,30.974605560302734,32.77000045776367,33.16999816894531,32.5099983215332,33.04999923706055,1628000
2022-06-16,30.265701293945312,32.02000045776367,32.540000915527344,31.809999465942383,32.2400016784668,1355300
2022-06-17,30.03885269165039,31.780000686645508,32.189998626708984,31.43000030517578,31.860000610351562,2429300
2022-06-21,30.672142028808594,32.45000076293945,32.66999816894531,32.0,32.06999969482422,1341500
2022-06-22,31.239274978637695,33.04999923706055,33.11000061035156,32.099998474121094,32.189998626708984,1109800
2022-06-23,32.27900695800781,34.150001525878906,34.16999816894531,33.130001068115234,33.220001220703125,904700
2022-06-24,33.1864013671875,35.11000061035156,35.130001068115234,34.400001525878906,34.650001525878906,1744600
2022-06-27,33.34709167480469,35.279998779296875,35.38999938964844,34.68000030517578,35.150001525878906,1110200
2022-06-28,32.61928176879883,34.5099983215332,35.40999984741211,34.459999084472656,35.31999969482422,924400
2022-06-29,33.054073333740234,34.970001220703125,35.02000045776367,34.5,34.65999984741211,1115300
2022-06-30,33.00681686401367,34.91999816894531,35.029998779296875,34.599998474121094,34.810001373291016,2840200
2022-07-01,33.082427978515625,35.0,35.27000045776367,34.59000015258789,34.869998931884766,1677200
2022-07-05,33.06352615356445,34.97999954223633,35.0,34.02000045776367,34.720001220703125,1445500
2022-07-06,33.92367172241211,35.88999938964844,36.09000015258789,34.869998931884766,35.119998931884766,1891900
2022-07-07,34.585323333740234,36.59000015258789,36.75,35.7599983215332,35.79999923706055,1626900
2022-07-08,34.69874954223633,36.709999084472656,36.88999938964844,36.18000030517578,36.33000183105469,1321700
2022-07-11,34.92560958862305,36.95000076293945,37.0099983215332,36.599998474121094,36.650001525878906,1009500
2022-07-12,33.933135986328125,35.900001525878906,37.220001220703125,35.560001373291016,36.88999938964844,1681400
2022-07-13,33.39435958862305,35.33000183105469,35.849998474121094,35.22999954223633,35.45000076293945,1311700
2022-07-14,33.233665466308594,35.15999984741211,35.380001068115234,34.63999938964844,35.029998779296875,993600
2022-07-15,33.649559020996094,35.599998474121094,35.79999923706055,35.40999984741211,35.560001373291016,882400
2022-07-18,33.25257110595703,35.18000030517578,35.86000061035156,35.09000015258789,35.630001068115234,1059400
2022-07-19,34.443538665771484,36.439998626708984,36.529998779296875,35.38999938964844,35.5,1321700
2022-07-20,34.443538665771484,36.439998626708984,36.880001068115234,36.2400016784668,36.40999984741211,1652900
2022-07-21,34.55697250366211,36.560001373291016,36.58000183105469,36.15999984741211,36.5,657100
2022-07-22,34.47189712524414,36.470001220703125,37.029998779296875,36.22999954223633,36.619998931884766,1705700
2022-07-25,34.49079895019531,36.4900016784668,36.599998474121094,36.22999954223633,36.41999816894531,1021100
2022-07-26,34.235595703125,36.220001220703125,36.66999816894531,35.880001068115234,36.310001373291016,1444600
2022-07-27,33.42271423339844,35.36000061035156,36.880001068115234,34.060001373291016,36.880001068115234,3418100
2022-07-28,36.456844329833984,38.56999969482422,39.20000076293945,35.560001373291016,35.689998626708984,3139500
2022-07-29,36.456844329833984,38.56999969482422,39.04999923706055,38.27000045776367,38.43000030517578,2636000
2022-08-01,36.957801818847656,39.099998474121094,39.150001525878906,38.209999084472656,38.459999084472656,1302100
2022-08-02,36.419029235839844,38.529998779296875,39.099998474121094,38.47999954223633,39.08000183105469,926000
2022-08-03,36.16382598876953,38.2599983215332,38.689998626708984,38.2400016784668,38.66999816894531,1631500
2022-08-04,35.672325134277344,37.7400016784668,38.279998779296875,37.369998931884766,38.16999816894531,1956100
2022-08-05,35.539981842041016,37.599998474121094,37.77000045776367,37.06999969482422,37.369998931884766,1008100
2022-08-08,35.71012496948242,37.779998779296875,38.04999923706055,37.59000015258789,37.81999969482422,1136500
2022-08-09,35.10358810424805,37.040000915527344,37.70000076293945,36.939998626708984,37.70000076293945,1085300
2022-08-10,35.37841796875,37.33000183105469,37.709999084472656,36.97999954223633,37.59000015258789,1952900
2022-08-11,34.73397445678711,36.650001525878906,37.4900016784668,36.56999969482422,37.220001220703125,1160200
2022-08-12,35.0372428894043,36.970001220703125,37.09000015258789,36.45000076293945,36.68000030517578,1385500
2022-08-15,34.97090530395508,36.900001525878906,37.060001373291016,36.58000183105469,36.689998626708984,1113600
2022-08-16,35.530059814453125,37.4900016784668,37.880001068115234,36.56999969482422,36.56999969482422,1733500
2022-08-17,35.10358810424805,37.040000915527344,37.31999969482422,36.91999816894531,37.0,1681500
2022-08-18,35.24573516845703,37.189998626708984,37.2599983215332,37.0099983215332,37.130001068115234,1332300
2022-08-19,34.629722595214844,36.540000915527344,37.099998474121094,36.43000030517578,37.08000183105469,1327300
2022-08-22,34.49704360961914,36.400001525878906,36.7400016784668,36.08000183105469,36.22999954223633,1860100
2022-08-23,33.937896728515625,35.810001373291016,36.310001373291016,35.720001220703125,36.18000030517578,1120700
2022-08-24,33.72938537597656,35.59000015258789,36.0099983215332,35.279998779296875,35.9900016784668,1015300
2022-08-25,33.80520248413086,35.66999816894531,35.720001220703125,35.34000015258789,35.709999084472656,717000
2022-08-26,32.67742156982422,34.47999954223633,35.689998626708984,34.459999084472656,35.66999816894531,1099400
2022-08-29,32.26042175292969,34.040000915527344,34.380001068115234,34.02000045776367,34.20000076293945,1054600
2022-08-30,32.08035659790039,33.849998474121094,34.119998931884766,33.65999984741211,34.04999923706055,1024600
2022-08-31,31.995059967041016,33.7599983215332,33.95000076293945,33.560001373291016,33.95000076293945,2505800
2022-09-01,32.3741455078125,34.15999984741211,34.16999816894531,33.380001068115234,33.66999816894531,1356400
2022-09-02,31.976106643676758,33.7400016784668,34.5099983215332,33.560001373291016,34.5,942600
2022-09-06,33.909454345703125,35.779998779296875,36.09000015258789,34.439998626708984,34.72999954223633,3111900
2022-09-07,34.08005142211914,35.959999084472656,36.18000030517578,35.58000183105469,35.84000015258789,1800900
2022-09-08,34.335933685302734,36.22999954223633,36.27000045776367,35.66999816894531,35.7400016784668,1112100
2022-09-09,34.23168182373047,36.119998931884766,36.45000076293945,35.970001220703125,36.209999084472656,1096000
2022-09-12,34.36436080932617,36.2599983215332,36.40999984741211,36.060001373291016,36.150001525878906,902600
2022-09-13,34.05161666870117,35.93000030517578,36.38999938964844,35.56999969482422,35.72999954223633,1549900
2022-09-14,34.43070602416992,36.33000183105469,36.81999969482422,35.97999954223633,36.02000045776367,1368800
2022-09-15,33.92841339111328,35.79999923706055,36.27000045776367,35.689998626708984,36.2599983215332,1167100
2022-09-16,33.71043395996094,35.56999969482422,35.7400016784668,35.22999954223633,35.56999969482422,2346900
2022-09-19,34.335933685302734,36.22999954223633,36.25,35.290000915527344,35.38999938964844,977200
2022-09-20,33.890499114990234,35.7599983215332,36.16999816894531,35.4900016784668,36.040000915527344,833700
2022-09-21,33.64409637451172,35.5,36.34000015258789,35.45000076293945,36.0099983215332,691500
2022-09-22,33.07546615600586,34.900001525878906,35.40999984741211,34.83000183105469,35.34000015258789,576600
2022-09-23,32.96173095703125,34.779998779296875,34.97999954223633,34.290000915527344,34.70000076293945,857800
2022-09-26,32.81957244873047,34.630001068115234,35.040000915527344,34.41999816894531,34.77000045776367,832500
2022-09-27,32.54473876953125,34.34000015258789,35.0,34.20000076293945,34.91999816894531,737700
2022-09-28,33.07546615600586,34.900001525878906,35.06999969482422,34.25,34.59000015258789,905200
2022-09-29,33.302921295166016,35.13999938964844,35.25,34.689998626708984,34.779998779296875,888300
2022-09-30,32.8669548034668,34.68000030517578,35.61000061035156,34.63999938964844,35.13999938964844,1338000
2022-10-03,33.53036117553711,35.380001068115234,35.630001068115234,34.720001220703125,34.90999984741211,1308900
2022-10-04,35.16044998168945,37.099998474121094,37.119998931884766,35.599998474121094,35.75,1462500
2022-10-05,34.76239776611328,36.68000030517578,37.099998474121094,36.18000030517578,36.779998779296875,1000800
2022-10-06,35.18888473510742,37.130001068115234,37.189998626708984,36.45000076293945,36.630001068115234,1283100
2022-10-07,34.26959228515625,36.15999984741211,36.9900016784668,36.060001373291016,36.84000015258789,1153000
2022-10-10,34.544429779052734,36.45000076293945,36.630001068115234,36.0,36.31999969482422,759700
2022-10-11,34.459136962890625,36.36000061035156,36.619998931884766,36.029998779296875,36.40999984741211,1014200
2022-10-12,34.307498931884766,36.20000076293945,36.560001373291016,36.16999816894531,36.560001373291016,1175000
2022-10-13,34.17482376098633,36.060001373291016,36.36000061035156,34.529998779296875,35.47999954223633,1596500
2022-10-14,33.18918991088867,35.02000045776367,36.560001373291016,34.47999954223633,36.459999084472656,2380300
2022-10-17,34.25062942504883,36.13999938964844,36.25,35.400001525878906,35.400001525878906,1091200
2022-10-18,34.7529182434082,36.66999816894531,36.939998626708984,36.349998474121094,36.66999816894531,991800
2022-10-19,34.95194625854492,36.880001068115234,36.90999984741211,36.290000915527344,36.54999923706055,1036300
2022-10-20,34.108482360839844,35.9900016784668,37.08000183105469,35.650001525878906,36.900001525878906,1297000
2022-10-21,34.525474548339844,36.43000030517578,36.540000915527344,35.65999984741211,36.029998779296875,1169600
2022-10-24,34.38331985473633,36.279998779296875,37.20000076293945,36.27000045776367,36.939998626708984,1405700
2022-10-25,34.061092376708984,35.939998626708984,36.08000183105469,35.060001373291016,35.81999969482422,2005800
2022-10-26,37.482357025146484,39.54999923706055,39.88999938964844,36.970001220703125,37.65999984741211,3618100
2022-10-27,38.875511169433594,41.02000045776367,41.310001373291016,39.84000015258789,40.0,2531500
2022-10-28,39.68107604980469,41.869998931884766,41.900001525878906,41.0,41.04999923706055,1987000
2022-10-31,39.88010025024414,42.08000183105469,42.2400016784668,41.470001220703125,41.58000183105469,2158400
2022-11-01,39.99382019042969,42.20000076293945,42.599998474121094,41.65999984741211,42.2400016784668,1459900
2022-11-02,39.68107604980469,41.869998931884766,43.060001373291016,41.849998474121094,42.119998931884766,1602600
2022-11-03,40.0791130065918,42.290000915527344,42.7400016784668,41.5099983215332,41.56999969482422,1388300
2022-11-04,39.71898651123047,41.90999984741211,43.0,41.560001373291016,42.540000915527344,1509300
2022-11-07,39.56734848022461,41.75,42.0,41.54999923706055,41.90999984741211,1261000
2022-11-08,39.804283142089844,42.0,42.689998626708984,41.66999816894531,41.810001373291016,1455700
2022-11-09,39.50006866455078,41.54999923706055,42.06999969482422,41.4900016784668,41.75,1131900
2022-11-10,39.94688415527344,42.02000045776367,42.86000061035156,41.470001220703125,42.72999954223633,2134200
2022-11-11,39.53809356689453,41.59000015258789,42.20000076293945,41.2599983215332,42.20000076293945,2092700
2022-11-14,39.813785552978516,41.880001068115234,42.470001220703125,41.61000061035156,41.65999984741211,1500200
2022-11-15,39.42401123046875,41.470001220703125,42.209999084472656,41.36000061035156,42.040000915527344,1171500
2022-11-16,39.95639419555664,42.029998779296875,42.540000915527344,41.619998931884766,41.66999816894531,1020100
2022-11-17,39.775760650634766,41.84000015258789,41.849998474121094,41.02000045776367,41.77000045776367,1092100
2022-11-18,40.365169525146484,42.459999084472656,42.72999954223633,41.630001068115234,42.20000076293945,1616900
2022-11-21,40.04194259643555,42.119998931884766,42.65999984741211,41.939998626708984,42.599998474121094,1162700
2022-11-22,37.58924102783203,39.540000915527344,40.290000915527344,39.310001373291016,39.869998931884766,4804200
2022-11-23,37.76035690307617,39.720001220703125,39.97999954223633,39.529998779296875,39.72999954223633,1774700
2022-11-25,38.017032623291016,39.9900016784668,40.150001525878906,39.779998779296875,39.86000061035156,597200
2022-11-28,37.817386627197266,39.779998779296875,40.34000015258789,39.66999816894531,39.779998779296875,1751300
2022-11-29,37.864925384521484,39.83000183105469,39.939998626708984,39.34000015258789,39.779998779296875,1660900
2022-11-30,38.444820404052734,40.439998626708984,40.59000015258789,39.529998779296875,39.86000061035156,3007100
2022-12-01,38.39729309082031,40.38999938964844,40.7400016784668,39.849998474121094,40.689998626708984,1601100
2022-12-02,38.48285675048828,40.47999954223633,40.59000015258789,39.68000030517578,39.9900016784668,1221700
2022-12-05,37.64626693725586,39.599998474121094,40.16999816894531,39.25,40.0,1344200
2022-12-06,37.27550506591797,39.209999084472656,39.939998626708984,39.20000076293945,39.72999954223633,1581200
2022-12-07,37.532196044921875,39.47999954223633,39.63999938964844,39.150001525878906,39.150001525878906,1045000
2022-12-08,37.30403137207031,39.2400016784668,39.68000030517578,39.04999923706055,39.439998626708984,892400
2022-12-09,36.61004638671875,38.5099983215332,39.38999938964844,38.40999984741211,39.310001373291016,1899000
2022-12-12,36.44844436645508,38.34000015258789,38.93000030517578,38.15999984741211,38.810001373291016,2313500
2022-12-13,36.410404205322266,38.29999923706055,39.04999923706055,38.099998474121094,39.04999923706055,2313500
2022-12-14,36.248802185058594,38.130001068115234,38.66999816894531,37.88999938964844,38.40999984741211,2566300
2022-12-15,35.35516357421875,37.189998626708984,38.060001373291016,37.150001525878906,37.83000183105469,2591500
2022-12-16,34.94639205932617,36.7599983215332,37.04999923706055,36.5,36.939998626708984,4912000
2022-12-19,35.11751174926758,36.939998626708984,37.18000030517578,36.619998931884766,36.66999816894531,2142400
2022-12-20,35.28862380981445,37.119998931884766,37.33000183105469,36.83000183105469,36.90999984741211,1939700
2022-12-21,35.5452995300293,37.38999938964844,37.470001220703125,36.93000030517578,37.33000183105469,1198000
2022-12-22,35.14603042602539,36.970001220703125,37.04999923706055,36.52000045776367,37.04999923706055,1198700
2022-12-23,35.28862380981445,37.119998931884766,37.25,36.849998474121094,36.970001220703125,710800
2022-12-27,35.19355773925781,37.02000045776367,37.18000030517578,36.77000045776367,37.08000183105469,645100
2022-12-28,34.73724365234375,36.540000915527344,37.25,36.5099983215332,36.959999084472656,920400
2022-12-29,34.851322174072266,36.65999984741211,37.0099983215332,36.5099983215332,36.72999954223633,866900
2022-12-30,34.73724365234375,36.540000915527344,36.709999084472656,36.15999984741211,36.5,1142900
2023-01-03,34.74674987792969,36.54999923706055,36.83000183105469,36.220001220703125,36.61000061035156,1257500
2023-01-04,35.11751174926758,36.939998626708984,37.41999816894531,36.63999938964844,36.77000045776367,1516400
2023-01-05,34.518592834472656,36.310001373291016,36.83000183105469,36.2599983215332,36.7400016784668,1394100
2023-01-06,34.72773742675781,36.529998779296875,36.939998626708984,36.41999816894531,36.599998474121094,1344800
2023-01-09,34.72773742675781,36.529998779296875,36.939998626708984,36.349998474121094,36.540000915527344,1398400
2023-01-10,34.699214935302734,36.5,36.619998931884766,36.34000015258789,36.400001525878906,1037800
2023-01-11,35.85902404785156,37.720001220703125,37.810001373291016,36.689998626708984,36.689998626708984,1879900
2023-01-12,35.697418212890625,37.54999923706055,37.720001220703125,37.34000015258789,37.720001220703125,889100
2023-01-13,35.91606903076172,37.779998779296875,37.86000061035156,37.41999816894531,37.41999816894531,861500
2023-01-17,35.39320755004883,37.22999954223633,38.130001068115234,37.22999954223633,37.90999984741211,1231500
2023-01-18,34.870330810546875,36.68000030517578,37.470001220703125,36.619998931884766,37.470001220703125,1150700
2023-01-19,34.06227493286133,35.83000183105469,36.63999938964844,35.79999923706055,36.540000915527344,1231300
2023-01-20,34.32846450805664,36.11000061035156,36.25,35.61000061035156,35.810001373291016,1192200
2023-01-23,34.366485595703125,36.150001525878906,36.40999984741211,35.900001525878906,36.18000030517578,1012100
2023-01-24,34.52809524536133,36.31999969482422,36.41999816894531,35.79999923706055,36.2400016784668,1085300
2023-01-25,34.54711151123047,36.34000015258789,36.66999816894531,35.77000045776367,36.029998779296875,1232800
2023-01-26,34.35697555541992,36.13999938964844,36.709999084472656,35.91999816894531,36.529998779296875,1029400
2023-01-27,34.24290084838867,36.02000045776367,36.150001525878906,35.720001220703125,36.029998779296875,910900
2023-01-30,33.919673919677734,35.68000030517578,36.18000030517578,35.68000030517578,35.970001220703125,1025900
2023-01-31,34.604156494140625,36.400001525878906,36.400001525878906,35.619998931884766,35.81999969482422,1620200
2023-02-01,34.54711151123047,36.34000015258789,36.58000183105469,35.79999923706055,36.18000030517578,1202200
2023-02-02,34.32846450805664,36.11000061035156,36.75,36.060001373291016,36.470001220703125,1519200
2023-02-03,33.919673919677734,35.68000030517578,36.09000015258789,35.58000183105469,35.959999084472656,1487400
2023-02-06,33.900665283203125,35.65999984741211,36.13999938964844,35.36000061035156,35.540000915527344,1651500
2023-02-07,33.96719741821289,35.72999954223633,35.81999969482422,34.88999938964844,35.38999938964844,1350100
2023-02-08,33.786582946777344,35.540000915527344,35.86000061035156,35.41999816894531,35.54999923706055,1232100
2023-02-09,33.786582946777344,35.40999984741211,35.7599983215332,35.29999923706055,35.5,1322300
2023-02-10,34.29228210449219,35.939998626708984,36.060001373291016,35.369998931884766,35.369998931884766,1078600
2023-02-13,34.30183029174805,35.95000076293945,36.31999969482422,35.810001373291016,35.9900016784668,1784400
2023-02-14,34.00603485107422,35.63999938964844,35.9900016784668,35.47999954223633,35.939998626708984,1204600
2023-02-15,34.26365280151367,35.90999984741211,35.9900016784668,35.4900016784668,35.540000915527344,1223100
2023-02-16,34.52127456665039,36.18000030517578,36.22999954223633,35.20000076293945,35.4900016784668,1997200
2023-02-17,34.635772705078125,36.29999923706055,36.529998779296875,36.0,36.18000030517578,1835500
2023-02-21,33.75794982910156,35.380001068115234,36.20000076293945,35.220001220703125,36.119998931884766,2000600
2023-02-22,33.796119689941406,35.41999816894531,35.849998474121094,35.279998779296875,35.560001373291016,1468800
2023-02-23,33.67208480834961,35.290000915527344,35.79999923706055,34.959999084472656,35.59000015258789,1174100
2023-02-24,33.50987243652344,35.119998931884766,35.349998474121094,34.939998626708984,34.939998626708984,955700
2023-02-27,33.49079132080078,35.099998474121094,35.470001220703125,34.880001068115234,35.310001373291016,1020900
2023-02-28,33.586219787597656,35.20000076293945,35.33000183105469,35.0099983215332,35.06999969482422,1933000
2023-03-01,32.96601104736328,34.54999923706055,35.20000076293945,34.290000915527344,35.099998474121094,1273700
2023-03-02,33.357208251953125,34.959999084472656,35.040000915527344,34.38999938964844,34.5,948600
2023-03-03,33.70070266723633,35.31999969482422,35.459999084472656,34.97999954223633,35.060001373291016,1456100
2023-03-06,33.70070266723633,35.31999969482422,35.5,35.09000015258789,35.290000915527344,1336000
2023-03-07,33.500335693359375,35.11000061035156,35.41999816894531,34.790000915527344,35.380001068115234,1196700
2023-03-08,33.42400360107422,35.029998779296875,35.189998626708984,34.779998779296875,35.08000183105469,1390300
2023-03-09,33.21408462524414,34.810001373291016,35.33000183105469,34.77000045776367,35.20000076293945,1067600
2023-03-10,33.080509185791016,34.66999816894531,35.119998931884766,34.560001373291016,34.84000015258789,1550100
2023-03-13,33.43354034423828,35.040000915527344,35.33000183105469,34.5,34.540000915527344,1712800
2023-03-14,34.196868896484375,35.84000015258789,35.959999084472656,35.349998474121094,35.369998931884766,1693200
2023-03-15,34.49265670776367,36.150001525878906,36.25,35.310001373291016,35.61000061035156,2147500
2023-03-16,34.81706619262695,36.4900016784668,36.70000076293945,36.09000015258789,36.22999954223633,2115100
2023-03-17,34.41632080078125,36.06999969482422,36.63999938964844,35.849998474121094,36.56999969482422,2568100
2023-03-20,34.88385772705078,36.560001373291016,36.779998779296875,36.189998626708984,36.189998626708984,1424000
2023-03-21,35.084232330322266,36.77000045776367,36.83000183105469,36.52000045776367,36.72999954223633,1424500
2023-03-22,34.71211242675781,36.380001068115234,36.970001220703125,36.36000061035156,36.790000915527344,927700
2023-03-23,34.5117301940918,36.16999816894531,36.5,36.0099983215332,36.290000915527344,818300
2023-03-24,34.941104888916016,36.619998931884766,36.650001525878906,36.029998779296875,36.189998626708984,1057000
2023-03-27,35.05561065673828,36.7400016784668,37.029998779296875,36.630001068115234,36.75,931900
2023-03-28,35.16056442260742,36.849998474121094,37.0,36.65999984741211,36.689998626708984,756300
2023-03-29,35.313228607177734,37.0099983215332,37.18000030517578,36.83000183105469,36.97999954223633,826100
2023-03-30,35.494510650634766,37.20000076293945,37.290000915527344,37.0,37.099998474121094,905700
2023-03-31,35.80937957763672,37.529998779296875,37.58000183105469,37.220001220703125,37.290000915527344,2496800
2023-04-03,35.733055114746094,37.45000076293945,37.65999984741211,37.22999954223633,37.33000183105469,1391900
2023-04-04,35.79984664916992,37.52000045776367,37.58000183105469,37.2599983215332,37.529998779296875,1409200
2023-04-05,36.79216766357422,38.560001373291016,38.7400016784668,37.529998779296875,37.65999984741211,1669100
2023-04-06,37.00208282470703,38.779998779296875,38.88999938964844,38.459999084472656,38.459999084472656,1154300
2023-04-10,36.782623291015625,38.54999923706055,38.70000076293945,38.38999938964844,38.599998474121094,1235500
2023-04-11,36.925743103027344,38.70000076293945,38.959999084472656,38.52000045776367,38.68000030517578,1227700
2023-04-12,37.37418746948242,39.16999816894531,39.209999084472656,38.66999816894531,38.81999969482422,1552200
2023-04-13,37.49824142456055,39.29999923706055,39.40999984741211,38.810001373291016,39.220001220703125,1216500
2023-04-14,37.021156311035156,38.79999923706055,39.34000015258789,38.619998931884766,39.119998931884766,1081100
2023-04-17,37.183372497558594,38.970001220703125,39.130001068115234,38.66999816894531,38.95000076293945,961700
2023-04-18,37.40281295776367,39.20000076293945,39.290000915527344,38.869998931884766,39.029998779296875,1094500
2023-04-19,37.35511779785156,39.150001525878906,39.290000915527344,39.0,39.220001220703125,770800
2023-04-20,38.07073211669922,39.900001525878906,39.93000030517578,39.16999816894531,39.18000030517578,1208000
2023-04-21,37.8131103515625,39.630001068115234,40.27000045776367,39.529998779296875,40.02000045776367,1230800
2023-04-24,38.08026885986328,39.90999984741211,39.97999954223633,39.70000076293945,39.720001220703125,1266700
2023-04-25,37.89898681640625,39.720001220703125,39.95000076293945,39.54999923706055,39.869998931884766,1355400
2023-04-26,37.5173225402832,39.31999969482422,39.54999923706055,39.209999084472656,39.209999084472656,1324000
2023-04-27,39.692787170410156,41.599998474121094,41.90999984741211,39.779998779296875,39.84000015258789,2647600
2023-04-28,40.31299591064453,42.25,42.59000015258789,41.79999923706055,42.0,2049900
2023-05-01,39.3779182434082,41.27000045776367,42.2400016784668,41.15999984741211,42.22999954223633,2734200
2023-05-02,39.893165588378906,41.810001373291016,42.06999969482422,41.18000030517578,41.27000045776367,1700600
2023-05-03,39.74050521850586,41.650001525878906,42.2599983215332,41.59000015258789,41.880001068115234,1040600
2023-05-04,39.921783447265625,41.84000015258789,42.02000045776367,41.38999938964844,41.619998931884766,881800
2023-05-05,39.8549919128418,41.77000045776367,42.13999938964844,41.470001220703125,41.81999969482422,1163600
2023-05-08,39.759578704833984,41.66999816894531,41.880001068115234,41.5,41.689998626708984,1067100
2023-05-09,39.788299560546875,41.56999969482422,42.0,41.529998779296875,41.66999816894531,1173100
2023-05-10,40.45829391479492,42.27000045776367,42.439998626708984,41.65999984741211,41.689998626708984,1350000
2023-05-11,40.58272171020508,42.400001525878906,42.43000030517578,41.97999954223633,42.279998779296875,1271400
2023-05-12,40.755008697509766,42.58000183105469,42.81999969482422,42.349998474121094,42.560001373291016,1092600
2023-05-15,40.51572036743164,42.33000183105469,42.56999969482422,41.900001525878906,42.47999954223633,1573600
2023-05-16,40.18071746826172,41.97999954223633,42.220001220703125,41.709999084472656,42.18000030517578,1343900
2023-05-17,39.87443923950195,41.65999984741211,42.290000915527344,41.36000061035156,42.130001068115234,1392200
2023-05-18,39.395870208740234,41.15999984741211,41.650001525878906,40.83000183105469,41.599998474121094,1566800
2023-05-19,39.29058074951172,41.04999923706055,41.40999984741211,41.029998779296875,41.27000045776367,1253800
2023-05-22,38.94601058959961,40.689998626708984,41.16999816894531,40.529998779296875,40.95000076293945,1331700
2023-05-23,38.1324462890625,39.84000015258789,40.5,39.63999938964844,40.470001220703125,1722400
2023-05-24,38.18986892700195,39.900001525878906,40.13999938964844,39.709999084472656,40.02000045776367,1560200
2023-05-25,37.74958801269531,39.439998626708984,39.779998779296875,39.38999938964844,39.75,1297400
2023-05-26,37.64430618286133,39.33000183105469,39.66999816894531,39.2400016784668,39.43000030517578,1210000
2023-05-30,37.73044204711914,39.41999816894531,39.58000183105469,39.20000076293945,39.31999969482422,1389300
2023-05-31,37.63473129272461,39.31999969482422,39.720001220703125,38.90999984741211,39.5099983215332,7846200
2023-06-01,38.496158599853516,40.220001220703125,40.279998779296875,39.47999954223633,39.86000061035156,1882000
2023-06-02,38.88858413696289,40.630001068115234,40.7400016784668,40.15999984741211,40.220001220703125,1342800
2023-06-05,39.40543746948242,41.16999816894531,41.189998626708984,40.709999084472656,40.720001220703125,1433000
2023-06-06,39.61600875854492,41.38999938964844,41.41999816894531,40.959999084472656,41.150001525878906,1593600
2023-06-07,39.38630294799805,41.150001525878906,41.5099983215332,41.06999969482422,41.22999954223633,1565200
2023-06-08,39.34800720214844,41.11000061035156,41.52000045776367,40.9900016784668,41.060001373291016,1945700
2023-06-09,39.05129623413086,40.79999923706055,41.150001525878906,40.66999816894531,41.040000915527344,1403700
2023-06-12,39.204437255859375,40.959999084472656,41.0,40.290000915527344,40.900001525878906,1138300
2023-06-13,39.137447357177734,40.88999938964844,41.02000045776367,40.77000045776367,40.959999084472656,1062200
2023-06-14,39.137447357177734,40.88999938964844,40.95000076293945,40.560001373291016,40.709999084472656,1347700
2023-06-15,39.85529327392578,41.63999938964844,41.7599983215332,40.689998626708984,40.9900016784668,1594200
2023-06-16,39.3288688659668,41.09000015258789,41.88999938964844,40.939998626708984,41.650001525878906,2401700
2023-06-20,39.156585693359375,40.90999984741211,41.150001525878906,40.70000076293945,41.0,1515300
2023-06-21,39.45330047607422,41.220001220703125,41.290000915527344,40.400001525878906,40.93000030517578,1066600
2023-06-22,39.817012786865234,41.599998474121094,41.689998626708984,41.06999969482422,41.25,816300
2023-06-23,39.61600875854492,41.38999938964844,41.91999816894531,41.380001068115234,41.599998474121094,1894000
2023-06-26,39.88400650024414,41.66999816894531,41.849998474121094,41.310001373291016,41.5099983215332,1090000
2023-06-27,40.477439880371094,42.290000915527344,42.31999969482422,41.7400016784668,41.810001373291016,1143700
2023-06-28,40.55400466918945,42.369998931884766,42.5099983215332,42.15999984741211,42.380001068115234,1035800
2023-06-29,40.678443908691406,42.5,42.59000015258789,42.130001068115234,42.34000015258789,868400
2023-06-30,40.99429702758789,42.83000183105469,42.95000076293945,42.5,42.619998931884766,1402900
2023-07-03,40.50614547729492,42.31999969482422,42.7400016784668,42.0099983215332,42.54999923706055,835500
2023-07-05,41.1761474609375,43.02000045776367,43.06999969482422,42.400001525878906,42.709999084472656,1558000
2023-07-06,41.616424560546875,43.47999954223633,43.7400016784668,42.849998474121094,42.88999938964844,1871900
2023-07-07,41.31015396118164,43.15999984741211,43.470001220703125,42.91999816894531,43.209999084472656,1691400
2023-07-10,41.42500305175781,43.279998779296875,43.630001068115234,43.18000030517578,43.22999954223633,1323000
2023-07-11,41.82701110839844,43.70000076293945,43.75,42.959999084472656,43.22999954223633,1394200
2023-07-12,42.037574768066406,43.91999816894531,44.150001525878906,43.459999084472656,43.900001525878906,1486500
2023-07-13,42.14284896850586,44.029998779296875,44.15999984741211,43.65999984741211,43.95000076293945,1160000
2023-07-14,42.63100051879883,44.540000915527344,44.56999969482422,43.88999938964844,44.060001373291016,1108400
2023-07-17,42.67885971069336,44.59000015258789,44.83000183105469,44.34000015258789,44.43000030517578,968600
2023-07-18,42.57356643676758,44.47999954223633,44.65999984741211,44.20000076293945,44.5,1471500
2023-07-19,42.45871353149414,44.36000061035156,44.70000076293945,44.029998779296875,44.459999084472656,1142500
2023-07-20,42.468284606933594,44.369998931884766,44.380001068115234,43.75,44.349998474121094,1151200
2023-07-21,42.61186218261719,44.52000045776367,44.790000915527344,44.369998931884766,44.4900016784668,1564900
2023-07-24,42.832000732421875,44.75,44.849998474121094,44.4900016784668,44.619998931884766,1338400
2023-07-25,42.90857696533203,44.83000183105469,45.040000915527344,44.52000045776367,44.540000915527344,1062900
2023-07-26,42.879859924316406,44.79999923706055,44.869998931884766,44.43000030517578,44.599998474121094,1878400
2023-07-27,39.070438385009766,40.81999969482422,44.27000045776367,40.77000045776367,44.11000061035156,4083600
2023-07-28,38.88858413696289,40.630001068115234,41.2400016784668,40.29999923706055,41.13999938964844,2456300
2023-07-31,39.080013275146484,40.83000183105469,40.959999084472656,40.130001068115234,40.790000915527344,1948200
2023-08-01,38.88858413696289,40.630001068115234,41.040000915527344,40.459999084472656,40.790000915527344,1316100
2023-08-02,39.52986526489258,41.29999923706055,41.4900016784668,40.400001525878906,40.630001068115234,1892700
2023-08-03,38.94601058959961,40.689998626708984,41.189998626708984,40.529998779296875,41.099998474121094,1388300
2023-08-04,38.553585052490234,40.279998779296875,40.900001525878906,40.209999084472656,40.900001525878906,1044300
2023-08-07,38.687583923339844,40.41999816894531,40.4900016784668,40.0099983215332,40.31999969482422,848200
2023-08-08,38.71630096435547,40.45000076293945,40.540000915527344,40.02000045776367,40.439998626708984,1222400
2023-08-09,39.1387939453125,40.7599983215332,40.939998626708984,40.369998931884766,40.369998931884766,1034100
2023-08-10,39.14840316772461,40.77000045776367,41.060001373291016,40.47999954223633,40.72999954223633,914800
2023-08-11,39.3980598449707,41.029998779296875,41.04999923706055,40.54999923706055,40.650001525878906,1064200
2023-08-14,39.72453689575195,41.369998931884766,41.40999984741211,40.900001525878906,41.09000015258789,1019800
2023-08-15,39.302040100097656,40.93000030517578,41.36000061035156,40.90999984741211,41.18000030517578,1418900
2023-08-16,39.73414611816406,41.380001068115234,41.54999923706055,40.97999954223633,41.02000045776367,1632400
2023-08-17,38.72591018676758,40.33000183105469,41.400001525878906,40.31999969482422,41.34000015258789,1146500
2023-08-18,38.706695556640625,40.310001373291016,40.61000061035156,40.150001525878906,40.290000915527344,1091700
2023-08-21,38.274593353271484,39.86000061035156,40.2599983215332,39.599998474121094,40.11000061035156,1031600
2023-08-22,37.7752799987793,39.34000015258789,39.970001220703125,39.29999923706055,39.849998474121094,1519400
2023-08-23,38.0345344543457,39.61000061035156,39.63999938964844,39.25,39.47999954223633,1458600
2023-08-24,37.48720932006836,39.040000915527344,39.66999816894531,39.02000045776367,39.5099983215332,1072800
2023-08-25,37.8040771484375,39.369998931884766,39.4900016784668,39.099998474121094,39.18000030517578,1186300
2023-08-28,38.197776794433594,39.779998779296875,39.880001068115234,39.31999969482422,39.36000061035156,827200
2023-08-29,38.197776794433594,39.779998779296875,39.849998474121094,39.5,39.779998779296875,848200
2023-08-30,38.457035064697266,40.04999923706055,40.38999938964844,39.599998474121094,39.959999084472656,1188300
2023-08-31,37.996131896972656,39.56999969482422,40.2599983215332,39.54999923706055,40.09000015258789,2336000
2023-09-01,37.8040771484375,39.369998931884766,39.900001525878906,39.16999816894531,39.84000015258789,999100
2023-09-05,36.45977020263672,37.970001220703125,39.22999954223633,37.95000076293945,39.220001220703125,2129000
2023-09-06,36.56539535522461,38.08000183105469,38.380001068115234,37.88999938964844,38.02000045776367,1643000
2023-09-07,34.29926300048828,35.720001220703125,36.099998474121094,34.709999084472656,34.88999938964844,22378800
2023-09-08,34.67375564575195,36.11000061035156,36.349998474121094,35.7599983215332,36.029998779296875,6326100
2023-09-11,34.683345794677734,36.119998931884766,36.79999923706055,36.060001373291016,36.5,6062400
2023-09-12,34.59693145751953,36.029998779296875,36.220001220703125,35.77000045776367,36.029998779296875,3877300
2023-09-13,35.192264556884766,36.650001525878906,36.689998626708984,36.130001068115234,36.15999984741211,3928100
2023-09-14,35.59556579589844,37.06999969482422,37.400001525878906,36.630001068115234,36.790000915527344,3972900
2023-09-15,35.557159423828125,37.029998779296875,37.33000183105469,36.900001525878906,37.08000183105469,6595500
2023-09-18,36.68062210083008,38.20000076293945,38.40999984741211,37.06999969482422,37.06999969482422,4693900
2023-09-19,36.69022750854492,38.209999084472656,38.29999923706055,37.869998931884766,38.27000045776367,2896400
2023-09-20,37.14152526855469,38.68000030517578,38.970001220703125,38.36000061035156,38.47999954223633,2326900
2023-09-21,36.43095397949219,37.939998626708984,38.66999816894531,37.790000915527344,38.66999816894531,2452100
2023-09-22,35.941246032714844,37.43000030517578,38.52000045776367,37.40999984741211,37.95000076293945,9677800
2023-09-25,35.77800369262695,37.2599983215332,37.459999084472656,36.83000183105469,37.2400016784668,1892500
2023-09-26,35.68198776245117,37.15999984741211,37.349998474121094,36.9900016784668,37.279998779296875,2458200
2023-09-27,35.95085144042969,37.439998626708984,37.650001525878906,37.06999969482422,37.279998779296875,2609300
2023-09-28,36.152503967285156,37.650001525878906,37.849998474121094,37.29999923706055,37.689998626708984,2754100
2023-09-29,35.84521484375,37.33000183105469,38.16999816894531,37.290000915527344,37.900001525878906,2537700
2023-10-02,35.1634635925293,36.619998931884766,37.470001220703125,36.25,37.290000915527344,3930600
2023-10-03,34.82738494873047,36.27000045776367,36.90999984741211,36.119998931884766,36.61000061035156,2643100
2023-10-04,34.52970886230469,35.959999084472656,35.9900016784668,34.93000030517578,35.189998626708984,4893100
2023-10-05,34.43369674682617,35.86000061035156,36.47999954223633,35.560001373291016,36.0,3517000
2023-10-06,34.64494323730469,36.08000183105469,36.16999816894531,35.27000045776367,35.65999984741211,2470800
2023-10-09,34.94261169433594,36.38999938964844,36.4900016784668,35.88999938964844,36.06999969482422,1418600
2023-10-10,35.1634635925293,36.619998931884766,36.720001220703125,36.02000045776367,36.470001220703125,1700600
2023-10-11,34.875389099121094,36.31999969482422,36.70000076293945,36.15999984741211,36.689998626708984,1572400
2023-10-12,34.33766555786133,35.7599983215332,36.540000915527344,35.619998931884766,36.459999084472656,1437000
2023-10-13,34.48170471191406,35.90999984741211,36.0,35.7599983215332,35.93000030517578,1738400
2023-10-16,34.99061584472656,36.439998626708984,36.54999923706055,35.810001373291016,36.150001525878906,2213500
2023-10-17,35.05783462524414,36.5099983215332,36.66999816894531,36.040000915527344,36.209999084472656,1743800
2023-10-18,34.491302490234375,35.91999816894531,36.41999816894531,35.84000015258789,36.40999984741211,1601100
2023-10-19,31.610628128051758,32.91999816894531,34.189998626708984,32.189998626708984,33.959999084472656,9196800
2023-10-20,31.735462188720703,33.04999923706055,33.63999938964844,32.849998474121094,33.5,2974900
2023-10-23,31.850683212280273,33.16999816894531,33.41999816894531,32.90999984741211,33.0099983215332,2747700
2023-10-24,32.321197509765625,33.65999984741211,33.70000076293945,32.939998626708984,33.279998779296875,3132100
2023-10-25,32.96454620361328,34.33000183105469,34.529998779296875,33.58000183105469,33.9900016784668,4509900
2023-10-26,34.28965377807617,35.709999084472656,38.0,35.540000915527344,36.779998779296875,4317300
2023-10-27,34.66415023803711,36.099998474121094,36.650001525878906,35.709999084472656,35.810001373291016,3010400
2023-10-30,35.38431167602539,36.849998474121094,37.099998474121094,36.15999984741211,36.25,2710200
2023-10-31,36.11408996582031,37.61000061035156,37.810001373291016,37.13999938964844,37.45000076293945,2751000
2023-11-01,35.73959732055664,37.220001220703125,37.599998474121094,36.83000183105469,37.599998474121094,2652200
2023-11-02,36.1909065246582,37.689998626708984,37.88999938964844,37.060001373291016,37.29999923706055,2587400
2023-11-03,36.603797912597656,38.119998931884766,38.36000061035156,37.81999969482422,38.029998779296875,1495400
2023-11-06,36.48857498168945,38.0,38.2400016784668,37.81999969482422,38.060001373291016,1201900
2023-11-07,36.69022750854492,38.209999084472656,38.31999969482422,37.880001068115234,37.88999938964844,1172400
2023-11-08,36.57500076293945,38.09000015258789,38.34000015258789,37.77000045776367,38.34000015258789,1689200
2023-11-09,36.49787521362305,37.86000061035156,38.11000061035156,37.61000061035156,38.09000015258789,1763200
2023-11-10,37.01844787597656,38.400001525878906,38.41999816894531,37.810001373291016,38.0,1552200
2023-11-13,37.33656692504883,38.72999954223633,38.75,38.22999954223633,38.290000915527344,1217100
2023-11-14,38.059593200683594,39.47999954223633,39.61000061035156,38.88999938964844,39.130001068115234,3910900
2023-11-15,37.625770568847656,39.029998779296875,39.59000015258789,38.95000076293945,39.56999969482422,1694200
2023-11-16,38.213829040527344,39.63999938964844,39.720001220703125,39.029998779296875,39.119998931884766,1668100
2023-11-17,38.021026611328125,39.439998626708984,39.83000183105469,39.209999084472656,39.779998779296875,1886900
2023-11-20,38.339149475097656,39.77000045776367,39.88999938964844,39.20000076293945,39.380001068115234,1345500
2023-11-21,38.63800048828125,40.08000183105469,40.33000183105469,39.7400016784668,39.7599983215332,1815000
2023-11-22,38.580162048339844,40.02000045776367,40.33000183105469,39.90999984741211,40.0,4002200
2023-11-24,38.68620681762695,40.130001068115234,40.279998779296875,39.619998931884766,39.86000061035156,781900
2023-11-27,38.821170806884766,40.27000045776367,40.459999084472656,39.869998931884766,40.08000183105469,1495300
2023-11-28,38.531959533691406,39.970001220703125,40.43000030517578,39.95000076293945,40.15999984741211,2297200
2023-11-29,38.744049072265625,40.189998626708984,40.220001220703125,39.720001220703125,39.939998626708984,2065700
2023-11-30,39.274253845214844,40.7400016784668,40.779998779296875,39.939998626708984,40.13999938964844,3993900
2023-12-01,39.438140869140625,40.90999984741211,40.970001220703125,40.5,40.7599983215332,1496800
2023-12-04,39.65022659301758,41.130001068115234,41.369998931884766,40.869998931884766,40.869998931884766,1421300
2023-12-05,39.515262603759766,40.9900016784668,41.119998931884766,40.77000045776367,41.11000061035156,974900
2023-12-06,39.8623161315918,41.349998474121094,41.52000045776367,41.099998474121094,41.18000030517578,1972400
2023-12-07,39.871944427490234,41.36000061035156,41.459999084472656,40.95000076293945,41.310001373291016,1685300
2023-12-08,39.93943405151367,41.43000030517578,41.61000061035156,41.279998779296875,41.40999984741211,1412700
2023-12-11,40.132240295410156,41.630001068115234,41.86000061035156,41.439998626708984,41.439998626708984,2155700
2023-12-12,40.5371208190918,42.04999923706055,42.06999969482422,41.459999084472656,41.720001220703125,1237800
2023-12-13,41.906036376953125,43.470001220703125,43.5,42.15999984741211,42.25,2287100
2023-12-14,41.202308654785156,42.7400016784668,43.90999984741211,42.41999816894531,43.880001068115234,2829400
2023-12-15,40.63352584838867,42.150001525878906,42.720001220703125,41.83000183105469,42.349998474121094,4866500
2023-12-18,41.105899810791016,42.63999938964844,42.84000015258789,42.25,42.380001068115234,1327000
2023-12-19,40.99021530151367,42.52000045776367,42.81999969482422,42.439998626708984,42.61000061035156,1616000
2023-12-20,40.816688537597656,42.34000015258789,43.02000045776367,42.06999969482422,42.25,1320800
2023-12-21,41.269779205322266,42.810001373291016,42.81999969482422,42.220001220703125,42.400001525878906,1622400
2023-12-22,41.43366622924805,42.97999954223633,43.06999969482422,42.709999084472656,42.959999084472656,1089600
2023-12-26,41.71323013305664,43.27000045776367,43.41999816894531,42.91999816894531,42.91999816894531,1189500
2023-12-27,42.069923400878906,43.63999938964844,43.70000076293945,43.029998779296875,43.099998474121094,1492700
2023-12-28,42.19524002075195,43.77000045776367,43.86000061035156,43.439998626708984,43.849998474121094,3541000
2023-12-29,42.098838806152344,43.66999816894531,43.97999954223633,43.63999938964844,43.849998474121094,1322400
2024-01-02,41.71323013305664,43.27000045776367,43.72999954223633,43.040000915527344,43.560001373291016,1743000
2024-01-03,40.72028732299805,42.2400016784668,43.349998474121094,42.2400016784668,43.310001373291016,1790000
2024-01-04,41.2504997253418,42.790000915527344,42.88999938964844,42.29999923706055,42.369998931884766,1959600
2024-01-05,41.16374206542969,42.70000076293945,42.880001068115234,42.529998779296875,42.58000183105469,1810800
2024-01-08,41.32761764526367,42.869998931884766,42.97999954223633,42.59000015258789,42.79999923706055,1365900
2024-01-09,41.51078414916992,43.060001373291016,43.11000061035156,42.599998474121094,42.7599983215332,1045100
2024-01-10,41.732505798339844,43.290000915527344,43.29999923706055,42.939998626708984,42.970001220703125,1575000
2024-01-11,42.272361755371094,43.849998474121094,43.93000030517578,43.34000015258789,43.369998931884766,1348200
2024-01-12,42.17596435546875,43.75,44.209999084472656,43.70000076293945,43.9900016784668,1350000
2024-01-16,42.10847854614258,43.68000030517578,43.810001373291016,43.5099983215332,43.560001373291016,1398700
2024-01-17,41.80963134765625,43.369998931884766,43.779998779296875,43.34000015258789,43.5,1723200
2024-01-18,42.14704132080078,43.720001220703125,43.779998779296875,43.33000183105469,43.369998931884766,952600
2024-01-19,42.542293548583984,44.130001068115234,44.13999938964844,43.470001220703125,43.91999816894531,1176200
2024-01-22,42.49409103393555,44.08000183105469,44.43000030517578,43.939998626708984,44.20000076293945,994500
2024-01-23,42.62905502319336,44.220001220703125,44.27000045776367,43.90999984741211,44.08000183105469,1044500
2024-01-24,41.732505798339844,43.290000915527344,44.2400016784668,43.279998779296875,44.220001220703125,2254600
2024-01-25,41.462581634521484,43.0099983215332,43.40999984741211,42.47999954223633,43.40999984741211,2617800
2024-01-26,41.67466735839844,43.22999954223633,43.31999969482422,42.75,43.11000061035156,1499300
2024-01-29,41.69395446777344,43.25,43.34000015258789,42.880001068115234,43.22999954223633,1699400
2024-01-30,41.983158111572266,43.54999923706055,43.689998626708984,43.0,43.310001373291016,1478100
2024-01-31,41.75179672241211,43.310001373291016,43.7400016784668,43.130001068115234,43.56999969482422,1902800
2024-02-01,42.648338317871094,44.2400016784668,44.25,42.779998779296875,43.2400016784668,1269000
2024-02-02,42.43624496459961,44.02000045776367,44.310001373291016,43.70000076293945,44.119998931884766,1134400
2024-02-05,41.95423889160156,43.52000045776367,43.95000076293945,43.290000915527344,43.88999938964844,1263600
2024-02-06,42.42660903930664,44.0099983215332,44.099998474121094,43.59000015258789,43.59000015258789,1230600
2024-02-07,42.609771728515625,44.20000076293945,44.29999923706055,43.619998931884766,44.13999938964844,1600300
2024-02-08,42.156681060791016,43.72999954223633,44.34000015258789,43.689998626708984,44.11000061035156,2406000
2024-02-09,41.915672302246094,43.47999954223633,44.119998931884766,43.20000076293945,43.7599983215332,1921300
2024-02-12,42.00244140625,43.56999969482422,43.63999938964844,43.119998931884766,43.41999816894531,1849000
2024-02-13,42.272361755371094,43.849998474121094,44.0,43.33000183105469,43.459999084472656,2582700
2024-02-14,42.65797424316406,44.25,44.40999984741211,43.779998779296875,43.97999954223633,2541300
2024-02-15,40.21900177001953,41.720001220703125,42.790000915527344,41.33000183105469,42.099998474121094,5222300
2024-02-16,39.57310104370117,41.04999923706055,41.9900016784668,40.40999984741211,41.709999084472656,3789200
2024-02-20,39.62147903442383,40.95000076293945,41.54999923706055,40.7599983215332,40.880001068115234,4560000
2024-02-21,40.027854919433594,41.369998931884766,41.41999816894531,40.880001068115234,40.88999938964844,2756800
2024-02-22,40.472930908203125,41.83000183105469,42.029998779296875,41.29999923706055,41.29999923706055,4731600
2024-02-23,41.1985969543457,42.58000183105469,42.619998931884766,41.63999938964844,41.790000915527344,1439300
2024-02-26,41.5372428894043,42.93000030517578,43.380001068115234,42.54999923706055,42.66999816894531,3008000
2024-02-27,41.305030822753906,42.689998626708984,43.0,42.369998931884766,42.779998779296875,1701300
2024-02-28,42.059722900390625,43.470001220703125,43.5099983215332,42.779998779296875,43.11000061035156,1494100
2024-02-29,42.64026641845703,44.06999969482422,44.16999816894531,43.41999816894531,43.68000030517578,2870300
2024-03-01,42.57252883911133,44.0,44.029998779296875,43.119998931884766,43.31999969482422,2008700
2024-03-04,43.617496490478516,45.08000183105469,45.2400016784668,44.0099983215332,44.0099983215332,2590100
2024-03-05,42.84344482421875,44.279998779296875,45.150001525878906,44.18000030517578,45.150001525878906,1720700
2024-03-06,43.35625076293945,44.810001373291016,44.9900016784668,44.150001525878906,44.4900016784668,1656400
2024-03-07,43.77230453491211,45.2400016784668,45.599998474121094,44.970001220703125,45.599998474121094,1662600
2024-03-08,43.97549057006836,45.45000076293945,45.47999954223633,45.0099983215332,45.11000061035156,1561300
2024-03-11,44.24639892578125,45.72999954223633,45.939998626708984,44.779998779296875,45.40999984741211,1902200
2024-03-12,44.30446243286133,45.790000915527344,46.130001068115234,45.459999084472656,45.72999954223633,1928300
2024-03-13,44.768882751464844,46.27000045776367,46.38999938964844,45.650001525878906,45.79999923706055,1619300
2024-03-14,44.44960021972656,45.939998626708984,46.33000183105469,45.380001068115234,46.27000045776367,1820800
2024-03-15,44.84628677368164,46.349998474121094,46.400001525878906,45.4900016784668,45.4900016784668,2258900
2024-03-18,45.146236419677734,46.65999984741211,47.029998779296875,46.380001068115234,46.400001525878906,1565900
2024-03-19,45.48487854003906,47.0099983215332,47.08000183105469,46.5,46.84000015258789,1887700
2024-03-20,45.31072235107422,46.83000183105469,47.45000076293945,46.77000045776367,47.220001220703125,1752400
2024-03-21,45.01077651977539,46.52000045776367,46.9900016784668,46.41999816894531,46.79999923706055,2318500
2024-03-22,45.03012466430664,46.540000915527344,46.790000915527344,46.15999984741211,46.709999084472656,1149800
2024-03-25,44.41089630126953,45.900001525878906,46.5,45.900001525878906,46.5,1096800
2024-03-26,44.35283660888672,45.84000015258789,46.04999923706055,45.689998626708984,45.84000015258789,1884100
2024-03-27,45.184932708740234,46.70000076293945,46.81999969482422,46.130001068115234,46.189998626708984,3864600
2024-03-28,44.768882751464844,46.27000045776367,46.849998474121094,46.130001068115234,46.779998779296875,1365300
2024-04-01,44.23673629760742,45.720001220703125,46.34000015258789,45.650001525878906,46.290000915527344,1587600
2024-04-02,44.052894592285156,45.529998779296875,45.959999084472656,45.470001220703125,45.630001068115234,1663900
2024-04-03,43.99483871459961,45.470001220703125,45.86000061035156,45.38999938964844,45.5,1289000
2024-04-04,43.12403869628906,44.56999969482422,45.65999984741211,44.5,45.65999984741211,1662500
2024-04-05,43.89808654785156,45.369998931884766,45.47999954223633,44.619998931884766,44.689998626708984,1465500
2024-04-08,43.60781478881836,45.06999969482422,45.47999954223633,44.95000076293945,45.2599983215332,1475300
2024-04-09,43.549766540527344,45.0099983215332,45.400001525878906,44.7400016784668,45.209999084472656,1578500
2024-04-10,43.685218811035156,45.150001525878906,45.40999984741211,44.52000045776367,44.630001068115234,1420100
2024-04-11,43.19176483154297,44.63999938964844,45.130001068115234,44.630001068115234,45.130001068115234,1646200
2024-04-12,42.91117477416992,44.349998474121094,44.63999938964844,43.91999816894531,44.45000076293945,1820600
2024-04-15,41.875885009765625,43.279998779296875,44.27000045776367,43.189998626708984,44.119998931884766,1704700
2024-04-16,41.9049186706543,43.310001373291016,43.689998626708984,43.27000045776367,43.439998626708984,1747900
2024-04-17,41.61465072631836,43.0099983215332,43.5099983215332,42.810001373291016,43.41999816894531,1425400
2024-04-18,41.063140869140625,42.439998626708984,42.95000076293945,41.720001220703125,42.470001220703125,2055100
2024-04-19,41.13087463378906,42.5099983215332,42.72999954223633,42.189998626708984,42.58000183105469,2080600
2024-04-22,41.08249282836914,42.459999084472656,42.880001068115234,42.290000915527344,42.790000915527344,3352500
2024-04-23,41.26633071899414,42.650001525878906,42.7599983215332,42.25,42.599998474121094,2519700
2024-04-24,41.479190826416016,42.869998931884766,42.95000076293945,42.34000015258789,42.59000015258789,4283500
2024-04-25,42.83377456665039,44.27000045776367,44.75,43.18000030517578,43.599998474121094,2448400
2024-04-26,43.44333267211914,44.900001525878906,45.279998779296875,44.439998626708984,44.470001220703125,1688300
2024-04-29,43.31754684448242,44.77000045776367,45.130001068115234,44.58000183105469,45.0,1174400
2024-04-30,43.11436462402344,44.560001373291016,45.33000183105469,44.290000915527344,44.4900016784668,1463700
2024-05-01,43.23046875,44.68000030517578,45.0,44.290000915527344,44.54999923706055,2473100
2024-05-02,43.28852844238281,44.7400016784668,44.959999084472656,44.369998931884766,44.810001373291016,2119100
2024-05-03,44.623756408691406,46.119998931884766,46.22999954223633,44.849998474121094,45.04999923706055,1947300
2024-05-06,45.57196044921875,47.099998474121094,47.11000061035156,46.220001220703125,46.279998779296875,1629300
2024-05-07,45.66871643066406,47.20000076293945,47.619998931884766,46.97999954223633,47.33000183105469,1487100
2024-05-08,45.12688446044922,46.63999938964844,47.689998626708984,46.599998474121094,47.34000015258789,964800
2024-05-09,45.63163757324219,47.0099983215332,47.18000030517578,46.400001525878906,46.58000183105469,2841500
2024-05-10,45.262779235839844,46.630001068115234,47.20000076293945,46.540000915527344,47.18000030517578,1377600
2024-05-13,45.04922866821289,46.40999984741211,46.75,46.33000183105469,46.68000030517578,860900
2024-05-14,45.544273376464844,46.91999816894531,47.27000045776367,46.36000061035156,46.5099983215332,2172400
2024-05-15,45.78694152832031,47.16999816894531,47.40999984741211,46.939998626708984,47.040000915527344,1411700
2024-05-16,45.689876556396484,47.06999969482422,47.220001220703125,46.630001068115234,47.040000915527344,1443600
2024-05-17,44.77743911743164,46.130001068115234,47.189998626708984,46.09000015258789,46.970001220703125,1110200
2024-05-20,45.418094635009766,46.790000915527344,46.79999923706055,45.79999923706055,46.2599983215332,1317400
2024-05-21,45.136592864990234,46.5,46.91999816894531,46.310001373291016,46.79999923706055,1107300
2024-05-22,44.758026123046875,46.11000061035156,46.630001068115234,46.04999923706055,46.470001220703125,1177000
2024-05-23,44.0494270324707,45.380001068115234,46.130001068115234,45.2400016784668,46.11000061035156,1093800
2024-05-24,44.83567810058594,46.189998626708984,46.25,45.45000076293945,45.61000061035156,1216800
2024-05-28,44.80656433105469,46.15999984741211,46.650001525878906,45.70000076293945,46.2400016784668,1367700
2024-05-29,44.020301818847656,45.349998474121094,45.91999816894531,45.0,45.83000183105469,1220900
2024-05-30,44.515357971191406,45.86000061035156,45.9900016784668,45.29999923706055,45.540000915527344,2774100
2024-05-31,44.3503303527832,45.689998626708984,46.369998931884766,45.25,45.97999954223633,3002800
2024-06-03,44.69007873535156,46.040000915527344,46.22999954223633,45.4900016784668,45.66999816894531,1440500
2024-06-04,45.91313552856445,47.29999923706055,47.31999969482422,45.939998626708984,45.95000076293945,1501600
2024-06-05,46.05873489379883,47.45000076293945,47.66999816894531,47.060001373291016,47.43000030517578,1112800
2024-06-06,46.0199089050293,47.40999984741211,47.59000015258789,46.79999923706055,47.43000030517578,1361000
2024-06-07,45.20453643798828,46.56999969482422,47.40999984741211,46.56999969482422,47.20000076293945,1131700
2024-06-10,45.418094635009766,46.790000915527344,46.84000015258789,46.220001220703125,46.47999954223633,912200
2024-06-11,45.942256927490234,47.33000183105469,47.34000015258789,46.599998474121094,46.709999084472656,1083100
2024-06-12,46.514957427978516,47.91999816894531,48.029998779296875,47.369998931884766,47.58000183105469,1097800
2024-06-13,46.45671463012695,47.86000061035156,48.0099983215332,47.25,47.91999816894531,775900
2024-06-14,47.077945709228516,48.5,48.59000015258789,47.52000045776367,47.709999084472656,2086900
2024-06-17,47.80596160888672,49.25,49.560001373291016,48.130001068115234,48.40999984741211,1379400
2024-06-18,48.29130172729492,49.75,49.88999938964844,48.97999954223633,49.20000076293945,1415300
2024-06-20,47.90302658081055,49.349998474121094,50.09000015258789,49.09000015258789,49.58000183105469,1895600
2024-06-21,47.90302658081055,49.349998474121094,49.66999816894531,49.15999984741211,49.349998474121094,2615900
2024-06-24,48.45631408691406,49.91999816894531,50.08000183105469,49.31999969482422,49.349998474121094,1959400
2024-06-25,48.398075103759766,49.86000061035156,50.0,49.619998931884766,49.93000030517578,1259800
2024-06-26,47.990386962890625,49.439998626708984,49.790000915527344,49.349998474121094,49.65999984741211,901400
2024-06-27,47.90302658081055,49.349998474121094,49.650001525878906,49.189998626708984,49.61000061035156,1070100
2024-06-28,47.35944747924805,48.790000915527344,49.5,48.65999984741211,49.45000076293945,3590900
2024-07-01,46.90322494506836,48.31999969482422,49.099998474121094,48.02000045776367,49.02000045776367,1301300
2024-07-02,47.70889663696289,49.150001525878906,49.189998626708984,48.18000030517578,48.36000061035156,1148800
2024-07-03,48.815467834472656,50.290000915527344,50.310001373291016,49.349998474121094,49.4900016784668,1226600
2024-07-05,48.922245025634766,50.400001525878906,50.45000076293945,49.630001068115234,50.290000915527344,1474500
2024-07-08,48.45631408691406,49.91999816894531,50.83000183105469,49.790000915527344,50.4900016784668,1362900
2024-07-09,48.28158950805664,49.7400016784668,50.0,49.65999984741211,49.91999816894531,1118700
2024-07-10,48.14569854736328,49.599998474121094,50.02000045776367,49.5099983215332,49.880001068115234,1270700
2024-07-11,47.922447204589844,49.369998931884766,49.66999816894531,49.349998474121094,49.66999816894531,1288700
2024-07-12,47.961265563964844,49.40999984741211,49.59000015258789,49.040000915527344,49.369998931884766,2047500
2024-07-15,46.90322494506836,48.31999969482422,49.43000030517578,48.27000045776367,49.36000061035156,2157500
2024-07-16,47.81565856933594,49.2599983215332,49.290000915527344,48.349998474121094,48.470001220703125,1803000
2024-07-17,47.89332580566406,49.34000015258789,49.66999816894531,49.040000915527344,49.18000030517578,1388900
2024-07-18,47.80596160888672,49.25,49.72999954223633,49.0,49.34000015258789,1351400
2024-07-19,47.990386962890625,49.439998626708984,49.68000030517578,49.150001525878906,49.150001525878906,1127000
2024-07-22,49.1649055480957,50.650001525878906,50.65999984741211,49.459999084472656,49.599998474121094,1254800
2024-07-23,48.48543930053711,49.95000076293945,50.869998931884766,49.86000061035156,50.709999084472656,1281900
2024-07-24,48.48543930053711,49.95000076293945,50.540000915527344,49.810001373291016,50.119998931884766,1524300
2024-07-25,45.35984802246094,46.72999954223633,49.40999984741211,46.63999938964844,49.38999938964844,3335700
2024-07-26,44.58330154418945,45.93000030517578,46.7599983215332,45.58000183105469,46.72999954223633,2683800
2024-07-29,46.1849250793457,47.58000183105469,47.75,46.060001373291016,46.130001068115234,1984500
2024-07-30,46.56349182128906,47.970001220703125,48.099998474121094,47.40999984741211,47.56999969482422,2327500
2024-07-31,46.5052490234375,47.90999984741211,48.88999938964844,47.849998474121094,48.33000183105469,2318100
2024-08-01,46.01020050048828,47.400001525878906,48.220001220703125,47.38999938964844,47.88999938964844,2205900
2024-08-02,46.60232162475586,48.0099983215332,48.279998779296875,46.95000076293945,47.22999954223633,1614900
2024-08-05,46.233463287353516,47.630001068115234,48.599998474121094,47.439998626708984,48.220001220703125,2009300
2024-08-06,46.44700241088867,47.849998474121094,48.54999923706055,47.56999969482422,47.72999954223633,1611600
2024-08-07,46.00049591064453,47.38999938964844,48.540000915527344,47.38999938964844,48.13999938964844,2399500
2024-08-08,46.214046478271484,47.61000061035156,47.66999816894531,46.869998931884766,47.349998474121094,1017800
2024-08-09,46.388771057128906,47.790000915527344,48.06999969482422,47.43000030517578,47.61000061035156,1512700
2024-08-12,46.52509307861328,47.779998779296875,48.27000045776367,47.59000015258789,47.70000076293945,1734100
2024-08-13,47.206703186035156,48.47999954223633,48.689998626708984,47.5099983215332,48.33000183105469,1955300
2024-08-14,47.22618103027344,48.5,48.63999938964844,48.349998474121094,48.369998931884766,1190200
2024-08-15,47.76173400878906,49.04999923706055,49.08000183105469,48.5,48.709999084472656,1169900
2024-08-16,46.914588928222656,48.18000030517578,49.150001525878906,48.130001068115234,49.119998931884766,1742100
2024-08-19,47.839637756347656,49.130001068115234,49.13999938964844,48.060001373291016,48.18000030517578,852400
2024-08-20,48.199913024902344,49.5,49.59000015258789,48.75,49.08000183105469,1548800
2024-08-21,48.735469818115234,50.04999923706055,50.38999938964844,49.380001068115234,49.709999084472656,1471900
2024-08-22,48.93022155761719,50.25,50.41999816894531,50.0099983215332,50.13999938964844,985700
2024-08-23,48.82310104370117,50.13999938964844,50.45000076293945,49.869998931884766,50.349998474121094,1070900
2024-08-26,48.3946647644043,49.70000076293945,50.5,49.65999984741211,50.220001220703125,1220700
2024-08-27,48.25834274291992,49.560001373291016,49.93000030517578,49.189998626708984,49.63999938964844,1949900
2024-08-28,48.93022155761719,50.25,50.41999816894531,49.5099983215332,49.70000076293945,1250200
2024-08-29,48.78416061401367,50.099998474121094,50.86000061035156,50.029998779296875,50.31999969482422,1004000
2024-08-30,48.86205291748047,50.18000030517578,50.400001525878906,49.70000076293945,50.099998474121094,1340000
2024-09-03,49.163909912109375,50.4900016784668,51.279998779296875,50.25,50.40999984741211,1589500
2024-09-04,49.39760971069336,50.72999954223633,50.939998626708984,50.349998474121094,50.54999923706055,885900
2024-09-05,48.988643646240234,50.310001373291016,50.939998626708984,50.0099983215332,50.619998931884766,1323800
2024-09-06,48.28755187988281,49.59000015258789,50.75,49.459999084472656,50.400001525878906,1137400
2024-09-09,48.355709075927734,49.65999984741211,49.95000076293945,49.43000030517578,49.95000076293945,1725100
2024-09-10,49.78710174560547,51.130001068115234,51.150001525878906,49.709999084472656,49.709999084472656,1301300
2024-09-11,48.326499938964844,49.630001068115234,50.5,48.65999984741211,49.9900016784668,2972000
2024-09-12,48.832847595214844,50.150001525878906,50.22999954223633,49.02000045776367,49.61000061035156,1617300
2024-09-13,49.144439697265625,50.470001220703125,50.720001220703125,50.040000915527344,50.11000061035156,1644800
2024-09-16,49.57288360595703,50.90999984741211,51.04999923706055,50.59000015258789,50.720001220703125,815300
2024-09-17,50.050010681152344,51.400001525878906,51.900001525878906,50.88999938964844,50.88999938964844,1294300
2024-09-18,48.93022155761719,50.25,51.959999084472656,50.20000076293945,51.400001525878906,1241000
2024-09-19,48.78416061401367,50.099998474121094,50.86000061035156,49.90999984741211,50.86000061035156,1226600
2024-09-20,48.832847595214844,50.150001525878906,50.43000030517578,49.5099983215332,49.77000045776367,3254300
2024-09-23,49.17365646362305,50.5,50.720001220703125,49.90999984741211,50.27000045776367,852900
2024-09-24,49.39760971069336,50.72999954223633,50.79999923706055,50.279998779296875,50.47999954223633,1014600
2024-09-25,49.426822662353516,50.7599983215332,51.099998474121094,50.400001525878906,50.93000030517578,1586900
2024-09-26,48.735469818115234,50.04999923706055,51.0,49.970001220703125,50.77000045776367,948900
2024-09-27,48.63809585571289,49.95000076293945,50.41999816894531,49.720001220703125,50.20000076293945,1588100
2024-09-30,49.25155258178711,50.58000183105469,50.720001220703125,49.90999984741211,50.02000045776367,1949100
2024-10-01,49.18338394165039,50.5099983215332,51.08000183105469,50.18000030517578,50.619998931884766,1900100
2024-10-02,49.04706573486328,50.369998931884766,50.45000076293945,49.900001525878906,50.29999923706055,775100
2024-10-03,48.42387390136719,49.72999954223633,50.31999969482422,49.59000015258789,50.209999084472656,1514000
2024-10-04,48.51150131225586,49.81999969482422,50.0,49.209999084472656,49.650001525878906,1031200
2024-10-07,47.42092514038086,48.70000076293945,49.4900016784668,48.650001525878906,49.439998626708984,1073800
2024-10-08,48.00516891479492,49.29999923706055,49.56999969482422,49.13999938964844,49.29999923706055,1336000
2024-10-09,48.52124786376953,49.83000183105469,49.93000030517578,49.2599983215332,49.380001068115234,1068000
2024-10-10,47.95648193359375,49.25,49.90999984741211,49.209999084472656,49.7599983215332,979100
2024-10-11,48.355709075927734,49.65999984741211,49.66999816894531,49.189998626708984,49.380001068115234,1363800
2024-10-14,48.84257888793945,50.15999984741211,50.29999923706055,49.779998779296875,49.86000061035156,752600
2024-10-15,48.657569885253906,49.970001220703125,50.70000076293945,49.83000183105469,50.52000045776367,1166000
2024-10-16,47.85911178588867,49.150001525878906,50.2400016784668,49.11000061035156,49.91999816894531,1648300
2024-10-17,48.16096878051758,49.459999084472656,49.56999969482422,48.86000061035156,49.52000045776367,1217500
2024-10-18,48.82310104370117,50.13999938964844,50.189998626708984,49.33000183105469,49.650001525878906,1145700
2024-10-21,48.53099060058594,49.84000015258789,50.41999816894531,49.79999923706055,50.11000061035156,1374400
2024-10-22,48.229122161865234,49.529998779296875,49.779998779296875,48.83000183105469,49.619998931884766,809600
2024-10-23,48.44335174560547,49.75,49.939998626708984,49.38999938964844,49.63999938964844,1462100
2024-10-24,45.25923156738281,46.47999954223633,48.13999938964844,45.95000076293945,47.61000061035156,3481300
2024-10-25,45.317665100097656,46.540000915527344,47.560001373291016,46.34000015258789,47.060001373291016,1660700
2024-10-28,46.01874542236328,47.2599983215332,47.290000915527344,46.540000915527344,46.86000061035156,2341200
2024-10-29,46.07716369628906,47.31999969482422,47.79999923706055,47.20000076293945,47.2599983215332,1635500
2024-10-30,45.580570220947266,46.810001373291016,47.380001068115234,46.72999954223633,47.099998474121094,1491700
2024-10-31,45.901893615722656,47.13999938964844,47.27000045776367,46.540000915527344,46.75,2469800
2024-11-01,46.086910247802734,47.33000183105469,47.619998931884766,46.97999954223633,47.25,3123100
2024-11-04,46.602989196777344,47.86000061035156,47.900001525878906,47.209999084472656,47.29999923706055,1299300
2024-11-05,47.274864196777344,48.54999923706055,48.560001373291016,47.7599983215332,47.880001068115234,1402700
2024-11-06,47.3430290222168,48.619998931884766,49.470001220703125,47.650001525878906,49.189998626708984,2280500
2024-11-07,47.75200271606445,49.040000915527344,49.25,48.56999969482422,48.88999938964844,1504700
2024-11-08,48.86205291748047,50.18000030517578,50.45000076293945,49.27000045776367,49.400001525878906,1466700
2024-11-11,49.543670654296875,50.880001068115234,51.11000061035156,50.369998931884766,50.439998626708984,1879600
2024-11-12,49.90024185180664,51.08000183105469,51.38999938964844,50.66999816894531,50.880001068115234,1611200
2024-11-13,50.10538864135742,51.290000915527344,52.15999984741211,51.099998474121094,51.27000045776367,2016700
2024-11-14,48.952640533447266,50.11000061035156,51.290000915527344,49.93000030517578,51.040000915527344,1523400
2024-11-15,48.75726318359375,49.90999984741211,50.220001220703125,49.54999923706055,50.220001220703125,2461000
2024-11-18,48.89402770996094,50.04999923706055,50.540000915527344,49.88999938964844,49.9900016784668,1186200
2024-11-19,48.36650085449219,49.5099983215332,49.91999816894531,49.459999084472656,49.81999969482422,1196000
2024-11-20,48.29811477661133,49.439998626708984,49.61000061035156,48.869998931884766,49.54999923706055,1013800
2024-11-21,48.483726501464844,49.630001068115234,49.65999984741211,48.68000030517578,49.279998779296875,1359000
2024-11-22,49.460636138916016,50.630001068115234,50.689998626708984,49.779998779296875,49.86000061035156,763300
2024-11-25,50.04677200317383,51.22999954223633,51.52000045776367,50.880001068115234,50.959999084472656,1929200
2024-11-26,50.398460388183594,51.59000015258789,51.72999954223633,51.099998474121094,51.5099983215332,2523800
2024-11-27,49.9783935546875,51.15999984741211,52.060001373291016,51.13999938964844,51.75,2313300
2024-11-29,49.16756057739258,50.33000183105469,51.08000183105469,50.04999923706055,51.040000915527344,1521800
2024-12-02,48.70841598510742,49.86000061035156,50.33000183105469,49.41999816894531,50.27000045776367,2194900
2024-12-03,48.513031005859375,49.65999984741211,50.02000045776367,49.189998626708984,49.810001373291016,1389800
2024-12-04,48.513031005859375,49.65999984741211,49.849998474121094,49.310001373291016,49.459999084472656,1052600
2024-12-05,47.721744537353516,48.849998474121094,49.45000076293945,48.81999969482422,49.400001525878906,1532300
2024-12-06,48.2785758972168,49.41999816894531,49.77000045776367,49.150001525878906,49.220001220703125,1289500
2024-12-09,47.555667877197266,48.68000030517578,49.5,48.47999954223633,49.31999969482422,1384100
2024-12-10,47.99527359008789,49.130001068115234,49.400001525878906,48.380001068115234,48.689998626708984,1222400
2024-12-11,47.87804412841797,49.0099983215332,49.560001373291016,48.83000183105469,49.22999954223633,1242600
2024-12-12,47.64358901977539,48.77000045776367,49.459999084472656,48.61000061035156,49.349998474121094,1137500
2024-12-13,47.64358901977539,48.77000045776367,49.0099983215332,48.47999954223633,48.849998474121094,1745000
2024-12-16,47.42866897583008,48.54999923706055,49.689998626708984,48.4900016784668,48.95000076293945,2311500
2024-12-17,47.106292724609375,48.220001220703125,48.88999938964844,48.209999084472656,48.470001220703125,1313800
2024-12-18,46.09031677246094,47.18000030517578,48.459999084472656,47.150001525878906,48.099998474121094,1520200
2024-12-19,45.92423629760742,47.0099983215332,47.5,46.7400016784668,47.029998779296875,1757800
2024-12-20,45.83631896972656,46.91999816894531,47.380001068115234,46.72999954223633,46.7400016784668,4863300
2024-12-23,45.4650993347168,46.540000915527344,46.650001525878906,46.18000030517578,46.59000015258789,1766100
2024-12-24,45.52370834350586,46.599998474121094,46.68000030517578,46.41999816894531,46.470001220703125,691200
2024-12-26,45.7679328918457,46.849998474121094,46.900001525878906,46.13999938964844,46.2400016784668,981200
2024-12-27,45.601863861083984,46.68000030517578,46.90999984741211,46.369998931884766,46.56999969482422,1355600
2024-12-30,45.33810043334961,46.40999984741211,46.650001525878906,46.04999923706055,46.2599983215332,1169300
2024-12-31,45.279483795166016,46.349998474121094,46.54999923706055,46.189998626708984,46.41999816894531,1264900
2025-01-02,44.97663879394531,46.040000915527344,46.65999984741211,45.880001068115234,46.58000183105469,1053100
2025-01-03,45.10364532470703,46.16999816894531,46.349998474121094,45.95000076293945,46.0,1274000
2025-01-06,44.59565353393555,45.650001525878906,46.15999984741211,45.52000045776367,45.9900016784668,1021500
2025-01-07,44.69334411621094,45.75,46.130001068115234,45.34000015258789,45.77000045776367,2248700
2025-01-08,45.279483795166016,46.349998474121094,46.45000076293945,45.54999923706055,45.900001525878906,2701400
2025-01-10,45.02549743652344,46.09000015258789,46.5099983215332,46.0,46.0,1339400
2025-01-13,45.40647888183594,46.47999954223633,46.619998931884766,45.77000045776367,46.0,1251900
2025-01-14,45.7679328918457,46.849998474121094,46.97999954223633,46.2400016784668,46.369998931884766,1547500
2025-01-15,45.92423629760742,47.0099983215332,47.41999816894531,46.66999816894531,47.310001373291016,1725200
2025-01-16,47.18444061279297,48.29999923706055,48.34000015258789,46.959999084472656,47.0,2152400
2025-01-17,47.31144714355469,48.43000030517578,48.970001220703125,48.20000076293945,48.689998626708984,1986900
2025-01-21,47.51659393310547,48.63999938964844,49.06999969482422,48.47999954223633,48.560001373291016,1563800
2025-01-22,47.34075164794922,48.459999084472656,48.790000915527344,48.29999923706055,48.599998474121094,1572100
2025-01-23,47.49705505371094,48.619998931884766,48.63999938964844,48.220001220703125,48.52000045776367,1133200
2025-01-24,47.252830505371094,48.369998931884766,48.75,48.16999816894531,48.61000061035156,1085900
2025-01-27,48.356727600097656,49.5,49.720001220703125,48.380001068115234,48.380001068115234,1541100
2025-01-28,48.18088912963867,49.31999969482422,50.150001525878906,49.25,49.279998779296875,2054600
2025-01-29,47.624053955078125,48.75,49.939998626708984,48.70000076293945,49.189998626708984,1481000
2025-01-30,48.571651458740234,49.720001220703125,49.7400016784668,49.04999923706055,49.08000183105469,1170600
2025-01-31,48.356727600097656,49.5,49.790000915527344,49.20000076293945,49.4900016784668,1771700
2025-02-03,48.503273010253906,49.650001525878906,49.84000015258789,49.08000183105469,49.25,1777800
2025-02-04,47.946434020996094,49.08000183105469,49.72999954223633,49.06999969482422,49.54999923706055,1159600
2025-02-05,48.47395706176758,49.619998931884766,49.970001220703125,49.439998626708984,49.5,1400300
2025-02-06,49.099178314208984,50.2599983215332,50.2599983215332,49.470001220703125,49.5099983215332,1387200
2025-02-07,48.923336029052734,50.08000183105469,50.279998779296875,49.58000183105469,50.16999816894531,2428700
2025-02-10,48.815879821777344,49.970001220703125,50.2599983215332,49.5099983215332,50.2599983215332,1306900
2025-02-11,48.78657150268555,49.939998626708984,50.11000061035156,49.7599983215332,50.0099983215332,2413100
2025-02-12,48.94287109375,50.099998474121094,50.279998779296875,49.15999984741211,49.310001373291016,2895000
2025-02-13,50.7208366394043,51.91999816894531,52.84000015258789,50.11000061035156,50.56999969482422,3707900
2025-02-14,49.55832290649414,50.72999954223633,52.150001525878906,50.58000183105469,52.11000061035156,2819000
2025-02-18,48.85495376586914,50.0099983215332,50.810001373291016,49.75,50.56999969482422,1980900
2025-02-19,49.58762741088867,50.7599983215332,50.83000183105469,49.849998474121094,49.9900016784668,1393600
2025-02-20,50.14447021484375,51.33000183105469,51.43000030517578,50.38999938964844,50.560001373291016,1847000
2025-02-21,50.10538864135742,51.290000915527344,51.5,50.65999984741211,51.2599983215332,1781600
2025-02-24,50.23237991333008,51.41999816894531,51.7599983215332,51.25,51.31999969482422,1233000
2025-02-25,50.35490036010742,51.380001068115234,51.68000030517578,51.20000076293945,51.400001525878906,1563700
2025-02-26,50.24708938598633,51.27000045776367,51.790000915527344,50.849998474121094,51.029998779296875,1427400
2025-02-27,50.3745002746582,51.400001525878906,51.709999084472656,51.09000015258789,51.16999816894531,1567300
2025-02-28,51.34474182128906,52.38999938964844,52.4900016784668,51.54999923706055,51.7400016784668,1606400
2025-03-03,51.952369689941406,53.0099983215332,53.189998626708984,52.290000915527344,52.290000915527344,2678600
2025-03-04,51.47214889526367,52.52000045776367,53.720001220703125,52.380001068115234,53.22999954223633,2076000
2025-03-05,51.56034851074219,52.61000061035156,52.86000061035156,52.060001373291016,52.060001373291016,1390400
2025-03-06,50.66851043701172,51.70000076293945,52.36000061035156,51.4900016784668,52.150001525878906,1646900
2025-03-07,50.746910095214844,51.779998779296875,51.86000061035156,50.810001373291016,51.38999938964844,1782400
2025-03-10,51.236934661865234,52.279998779296875,53.54999923706055,51.59000015258789,51.779998779296875,2446000
2025-03-11,50.87432098388672,51.90999984741211,52.689998626708984,51.84000015258789,52.31999969482422,2867700
2025-03-12,49.55125045776367,50.560001373291016,52.439998626708984,50.52000045776367,51.90999984741211,2878400
2025-03-13,49.71786117553711,50.72999954223633,50.79999923706055,50.150001525878906,50.54999923706055,1495200
2025-03-14,50.3745002746582,51.400001525878906,51.459999084472656,50.599998474121094,50.630001068115234,1345100
2025-03-17,50.76651382446289,51.79999923706055,52.060001373291016,51.220001220703125,51.25,1280900
2025-03-18,50.8939208984375,51.93000030517578,51.97999954223633,51.400001525878906,51.54999923706055,1574600
2025-03-19,50.99192428588867,52.029998779296875,52.349998474121094,51.79999923706055,51.81999969482422,1960500
2025-03-20,50.64890670776367,51.68000030517578,52.2599983215332,51.34000015258789,52.08000183105469,1445300
2025-03-21,50.59990310668945,51.630001068115234,51.810001373291016,51.18000030517578,51.439998626708984,3167400
2025-03-24,51.27613830566406,52.31999969482422,52.470001220703125,51.4900016784668,52.279998779296875,1561000
2025-03-25,51.28594207763672,52.33000183105469,52.790000915527344,51.939998626708984,52.220001220703125,1818500
2025-03-26,51.99156951904297,53.04999923706055,53.689998626708984,52.5099983215332,52.689998626708984,2513300
2025-03-27,52.707000732421875,53.779998779296875,54.0,53.060001373291016,53.189998626708984,1645900
2025-03-28,52.001373291015625,53.060001373291016,53.95000076293945,52.970001220703125,53.84000015258789,1798000
2025-03-31,52.952022552490234,54.029998779296875,54.220001220703125,53.22999954223633,53.380001068115234,2199400
2025-04-01,53.27543640136719,54.36000061035156,54.40999984741211,53.81999969482422,53.869998931884766,1867100
2025-04-02,53.638057708740234,54.72999954223633,54.849998474121094,54.119998931884766,54.36000061035156,2299600
2025-04-03,54.78470993041992,55.900001525878906,56.2599983215332,54.22999954223633,54.65999984741211,3247400
2025-04-04,51.1683349609375,52.209999084472656,55.91999816894531,52.099998474121094,55.40999984741211,4217800
2025-04-07,49.933475494384766,50.95000076293945,52.90999984741211,49.72999954223633,51.13999938964844,4297300
2025-04-08,49.639461517333984,50.650001525878906,52.099998474121094,50.189998626708984,51.90999984741211,2865400
2025-04-09,52.05038070678711,53.11000061035156,53.56999969482422,50.150001525878906,50.5,2903400
2025-04-10,53.030426025390625,54.11000061035156,54.529998779296875,52.400001525878906,52.810001373291016,2759100
2025-04-11,54.1182861328125,55.220001220703125,55.900001525878906,53.5099983215332,53.849998474121094,3977800
2025-04-14,54.57890319824219,55.689998626708984,55.959999084472656,55.06999969482422,55.29999923706055,1641200
2025-04-15,54.2554817199707,55.36000061035156,56.0,55.09000015258789,55.779998779296875,1206400
2025-04-16,53.912471771240234,55.0099983215332,55.72999954223633,54.72999954223633,55.38999938964844,1693900
2025-04-17,54.66710662841797,55.779998779296875,56.08000183105469,55.119998931884766,55.529998779296875,2046200
2025-04-21,53.638057708740234,54.72999954223633,55.81999969482422,54.130001068115234,55.630001068115234,1213000
2025-04-22,54.549503326416016,55.65999984741211,55.90999984741211,54.97999954223633,55.04999923706055,1813600
2025-04-23,53.83406448364258,54.93000030517578,55.810001373291016,54.63999938964844,55.65999984741211,4086900
2025-04-24,54.3632926940918,55.470001220703125,56.310001373291016,51.77000045776367,53.939998626708984,3360300
2025-04-25,54.20648956298828,55.310001373291016,56.0099983215332,54.810001373291016,55.529998779296875,2572100
2025-04-28,54.90231704711914,56.02000045776367,56.150001525878906,55.2400016784668,55.869998931884766,2147600
2025-04-29,55.21593475341797,56.34000015258789,56.540000915527344,55.72999954223633,55.90999984741211,1562400
2025-04-30,55.99017333984375,57.130001068115234,57.20000076293945,55.77000045776367,56.369998931884766,2043300
2025-05-01,54.951316833496094,56.06999969482422,56.599998474121094,55.650001525878906,56.540000915527344,2609500
2025-05-02,55.53935241699219,56.66999816894531,56.95000076293945,56.209999084472656,56.470001220703125,2522800
2025-05-05,55.843162536621094,56.97999954223633,57.34000015258789,56.279998779296875,56.630001068115234,1931700
2025-05-06,55.67655563354492,56.810001373291016,57.189998626708984,56.459999084472656,56.709999084472656,2173500
2025-05-07,55.77456283569336,56.90999984741211,57.16999816894531,56.45000076293945,56.45000076293945,1327200
2025-05-08,55.55895233154297,56.689998626708984,57.43000030517578,56.619998931884766,56.869998931884766,1472400
2025-05-09,55.588356018066406,56.720001220703125,56.86000061035156,56.36000061035156,56.540000915527344,1321900
2025-05-12,54.7774543762207,55.72999954223633,56.83000183105469,55.099998474121094,56.439998626708984,2160700
2025-05-13,53.91249084472656,54.849998474121094,55.810001373291016,54.7599983215332,55.56999969482422,2189400
2025-05-14,54.02061080932617,54.959999084472656,55.04999923706055,54.58000183105469,54.84000015258789,1822000
2025-05-15,55.40651321411133,56.369998931884766,56.380001068115234,55.290000915527344,55.400001525878906,2360700
2025-05-16,55.986427307128906,56.959999084472656,57.06999969482422,56.34000015258789,56.41999816894531,4605500
2025-05-19,56.44839096069336,57.43000030517578,57.45000076293945,56.70000076293945,56.77000045776367,1531100
2025-05-20,56.33045196533203,57.310001373291016,57.630001068115234,57.06999969482422,57.33000183105469,1564000
2025-05-21,56.02574157714844,57.0,57.459999084472656,56.810001373291016,57.02000045776367,1374400
2025-05-22,55.7800178527832,56.75,57.040000915527344,56.36000061035156,56.939998626708984,1322200
2025-05-23,55.89796829223633,56.869998931884766,57.099998474121094,56.189998626708984,56.72999954223633,1332800
2025-05-27,56.36975860595703,57.349998474121094,57.43000030517578,56.79999923706055,56.970001220703125,1523200
2025-05-28,55.77019119262695,56.7400016784668,57.5,56.650001525878906,57.209999084472656,1401900
2025-05-29,55.94710922241211,56.91999816894531,57.06999969482422,56.380001068115234,56.45000076293945,1304400
2025-05-30,56.27146911621094,57.25,57.47999954223633,56.849998474121094,57.290000915527344,3986800
2025-06-02,57.5787467956543,58.58000183105469,58.619998931884766,57.4900016784668,57.779998779296875,2314200
2025-06-03,57.342838287353516,58.34000015258789,58.650001525878906,57.7599983215332,58.650001525878906,2029800
2025-06-04,57.0479736328125,58.040000915527344,58.560001373291016,57.939998626708984,58.470001220703125,1308600
2025-06-05,56.84156036376953,57.83000183105469,58.08000183105469,57.40999984741211,58.04999923706055,1383800
2025-06-06,56.78258514404297,57.77000045776367,58.22999954223633,57.54999923706055,57.83000183105469,887500
2025-06-09,56.084716796875,57.060001373291016,57.61000061035156,56.11000061035156,57.560001373291016,1853500
2025-06-10,55.89796829223633,56.869998931884766,57.33000183105469,56.630001068115234,57.08000183105469,1620700
2025-06-11,56.01591873168945,56.9900016784668,57.04999923706055,56.33000183105469,56.97999954223633,1224000
2025-06-12,56.310787200927734,57.290000915527344,57.400001525878906,56.95000076293945,57.220001220703125,1334100
2025-06-13,55.907798767089844,56.880001068115234,57.58000183105469,56.58000183105469,57.099998474121094,1780600
2025-06-16,55.75053405761719,56.720001220703125,57.33000183105469,56.599998474121094,56.970001220703125,1114400
2025-06-17,55.44582748413086,56.40999984741211,56.9900016784668,56.08000183105469,56.560001373291016,1856300
2025-06-18,55.1214714050293,56.08000183105469,56.790000915527344,55.939998626708984,56.56999969482422,1772900
2025-06-20,55.51463317871094,56.47999954223633,56.720001220703125,55.93000030517578,56.2400016784668,3411700
2025-06-23,56.15352249145508,57.130001068115234,57.16999816894531,56.619998931884766,56.779998779296875,1299600
2025-06-24,56.53685760498047,57.52000045776367,57.599998474121094,56.61000061035156,57.220001220703125,1507000
2025-06-25,55.18044662475586,56.13999938964844,57.540000915527344,56.06999969482422,57.4900016784668,1391700
2025-06-26,54.728309631347656,55.68000030517578,56.59000015258789,55.41999816894531,56.380001068115234,1428600
2025-06-27,55.20992660522461,56.16999816894531,56.41999816894531,55.54999923706055,55.61000061035156,2824100
2025-06-30,55.45565414428711,56.41999816894531,56.59000015258789,55.72999954223633,56.099998474121094,2351200
2025-07-01,55.67189407348633,56.63999938964844,57.25,56.33000183105469,56.470001220703125,1897000
2025-07-02,54.688987731933594,55.63999938964844,56.56999969482422,54.970001220703125,56.279998779296875,1400400
2025-07-03,55.475311279296875,56.439998626708984,56.439998626708984,55.540000915527344,55.66999816894531,690200
2025-07-07,55.26890563964844,56.22999954223633,56.939998626708984,56.0,56.58000183105469,1313300
2025-07-08,54.54155349731445,55.4900016784668,56.20000076293945,55.27000045776367,55.90999984741211,1460900
2025-07-09,54.85608673095703,55.810001373291016,55.84000015258789,55.040000915527344,55.40999984741211,1098900
2025-07-10,54.66933059692383,55.619998931884766,55.959999084472656,55.2400016784668,55.709999084472656,1594400
2025-07-11,54.31548309326172,55.2599983215332,55.63999938964844,54.849998474121094,55.63999938964844,1427700
2025-07-14,54.78728485107422,55.7400016784668,55.90999984741211,54.9900016784668,55.06999969482422,1024500
2025-07-15,54.109073638916016,55.04999923706055,55.7400016784668,55.040000915527344,55.5,1760800
2025-07-16,54.70865249633789,55.65999984741211,55.72999954223633,54.959999084472656,55.029998779296875,1469300
2025-07-17,54.8167724609375,55.77000045776367,56.06999969482422,55.45000076293945,55.59000015258789,1511600
2025-07-18,54.84625244140625,55.79999923706055,56.310001373291016,55.75,55.849998474121094,1416400
2025-07-21,54.453094482421875,55.400001525878906,56.209999084472656,55.38999938964844,55.869998931884766,1352800
2025-07-22,54.56121063232422,55.5099983215332,55.84000015258789,55.209999084472656,55.59000015258789,1628600
2025-07-23,54.21718978881836,55.15999984741211,55.630001068115234,54.810001373291016,55.29999923706055,3110800
2025-07-24,57.03813934326172,58.029998779296875,58.5099983215332,55.900001525878906,56.22999954223633,3496200
2025-07-25,57.09711456298828,58.09000015258789,58.5,57.5,57.86000061035156,2051200
2025-07-28,56.28129577636719,57.2599983215332,58.20000076293945,57.18000030517578,57.90999984741211,1456100
2025-07-29,56.34027862548828,57.31999969482422,57.66999816894531,56.91999816894531,57.470001220703125,1731100
2025-07-30,56.65480422973633,57.63999938964844,57.90999984741211,57.04999923706055,57.13999938964844,1548800
2025-07-31,56.2911262512207,57.27000045776367,57.91999816894531,57.15999984741211,57.45000076293945,1645500
2025-08-01,56.75309753417969,57.7400016784668,57.79999923706055,56.869998931884766,57.779998779296875,1919600
2025-08-04,57.46078872680664,58.459999084472656,58.59000015258789,57.70000076293945,57.75,1832100
2025-08-05,57.1265983581543,58.119998931884766,58.959999084472656,58.099998474121094,58.45000076293945,1458400
2025-08-06,57.333011627197266,58.33000183105469,58.41999816894531,57.77000045776367,58.11000061035156,1470500
2025-08-07,57.50993347167969,58.5099983215332,58.86000061035156,58.31999969482422,58.540000915527344,1186700
2025-08-08,57.63771057128906,58.63999938964844,59.099998474121094,58.470001220703125,58.5,966100
2025-08-11,57.57364273071289,58.40999984741211,58.81999969482422,58.290000915527344,58.599998474121094,935000
2025-08-12,57.051231384277344,57.880001068115234,58.40999984741211,57.54999923706055,58.40999984741211,1563800
2025-08-13,57.28779602050781,58.119998931884766,58.18000030517578,57.630001068115234,57.970001220703125,1132900
2025-08-14,56.59782028198242,57.41999816894531,58.16999816894531,57.41999816894531,58.16999816894531,1161200
2025-08-15,56.50910949707031,57.33000183105469,57.540000915527344,57.02000045776367,57.349998474121094,1150300
2025-08-18,56.272544860839844,57.09000015258789,57.47999954223633,56.83000183105469,57.20000076293945,1453800
2025-08-19,57.11037063598633,57.939998626708984,57.97999954223633,57.11000061035156,57.130001068115234,1196900
2025-08-20,57.603214263916016,58.439998626708984,58.959999084472656,58.18000030517578,58.31999969482422,1156600
2025-08-21,57.16950988769531,58.0,58.349998474121094,57.61000061035156,58.16999816894531,909800
2025-08-22,57.15966033935547,57.9900016784668,58.38999938964844,57.849998474121094,58.22999954223633,1117500
2025-08-25,55.82898712158203,56.63999938964844,57.90999984741211,56.56999969482422,57.79999923706055,1096200
2025-08-26,55.66142654418945,56.470001220703125,56.97999954223633,56.310001373291016,56.779998779296875,2565100
2025-08-27,55.85855484008789,56.66999816894531,56.75,56.220001220703125,56.43000030517578,1542900
2025-08-28,55.434715270996094,56.2400016784668,56.68000030517578,55.900001525878906,56.47999954223633,1463700
2025-08-29,55.73041915893555,56.540000915527344,56.560001373291016,56.150001525878906,56.2599983215332,1881500
2025-09-02,55.85855484008789,56.66999816894531,56.91999816894531,56.36000061035156,56.40999984741211,1453100
2025-09-03,55.493858337402344,56.29999923706055,56.720001220703125,56.04999923706055,56.56999969482422,1396800
2025-09-04,56.045841217041016,56.86000061035156,56.880001068115234,56.31999969482422,56.31999969482422,915900
2025-09-05,55.7107048034668,56.52000045776367,56.93000030517578,55.880001068115234,56.79999923706055,1184200
2025-09-08,56.311973571777344,57.130001068115234,57.189998626708984,56.2599983215332,56.52000045776367,1250300
2025-09-09,56.49924850463867,57.31999969482422,57.36000061035156,56.529998779296875,57.25,1428600
2025-09-10,55.5628547668457,56.369998931884766,57.2400016784668,56.15999984741211,57.02000045776367,1475700
2025-09-11,57.3863639831543,58.220001220703125,58.349998474121094,56.400001525878906,56.630001068115234,1353400
2025-09-12,56.54853439331055,57.369998931884766,58.400001525878906,57.16999816894531,57.9900016784668,1806500
2025-09-15,55.62199020385742,56.43000030517578,57.72999954223633,56.33000183105469,57.2599983215332,1769700
2025-09-16,54.439178466796875,55.22999954223633,56.2400016784668,55.0,56.06999969482422,2344800
2025-09-17,55.336143493652344,56.13999938964844,56.40999984741211,55.40999984741211,55.40999984741211,2913500
2025-09-18,54.93201446533203,55.72999954223633,56.20000076293945,55.65999984741211,55.81999969482422,1662100
2025-09-19,54.71516418457031,55.5099983215332,55.95000076293945,55.290000915527344,55.95000076293945,2622600
2025-09-22,54.76445007324219,55.560001373291016,55.709999084472656,55.130001068115234,55.380001068115234,1931600
2025-09-23,54.606746673583984,55.400001525878906,55.599998474121094,54.650001525878906,55.47999954223633,1750600
2025-09-24,55.30657958984375,56.11000061035156,56.20000076293945,55.029998779296875,55.349998474121094,1612800
2025-09-25,55.6318473815918,56.439998626708984,56.9900016784668,56.119998931884766,56.220001220703125,2039100
2025-09-26,57.59335708618164,58.43000030517578,58.47999954223633,56.90999984741211,57.25,2067000
2025-09-29,57.682071685791016,58.52000045776367,58.709999084472656,58.279998779296875,58.58000183105469,2145600
2025-09-30,57.898921966552734,58.7400016784668,59.119998931884766,58.16999816894531,58.349998474121094,2890300
2025-10-01,57.29765701293945,58.130001068115234,58.880001068115234,57.25,58.52000045776367,2124200
2025-10-02,57.475074768066406,58.310001373291016,58.61000061035156,57.65999984741211,57.81999969482422,1474400
2025-10-03,57.869346618652344,58.709999084472656,59.029998779296875,57.900001525878906,58.029998779296875,1143900
2025-10-06,57.484928131103516,58.31999969482422,58.779998779296875,58.16999816894531,58.65999984741211,1133600
2025-10-07,57.14979934692383,57.97999954223633,58.4900016784668,57.779998779296875,58.36000061035156,1153800
2025-10-08,57.28779602050781,58.119998931884766,58.310001373291016,57.38999938964844,58.09000015258789,1634700
2025-10-09,55.77970504760742,56.59000015258789,58.060001373291016,56.560001373291016,58.060001373291016,1621500
2025-10-10,56.183834075927734,57.0,57.34000015258789,56.40999984741211,56.7599983215332,2454800
2025-10-13,55.286861419677734,56.09000015258789,57.040000915527344,55.58000183105469,56.599998474121094,1851800
2025-10-14,56.075408935546875,56.88999938964844,56.970001220703125,55.88999938964844,56.279998779296875,1914900
2025-10-15,55.21786880493164,56.02000045776367,56.91999816894531,55.709999084472656,56.59000015258789,1749200
2025-10-16,54.44903564453125,55.2400016784668,55.970001220703125,54.7400016784668,55.84000015258789,1662100
2025-10-17,55.02072525024414,55.81999969482422,55.88999938964844,55.2599983215332,55.400001525878906,1253700
2025-10-20,55.267147064208984,56.06999969482422,56.209999084472656,55.59000015258789,55.77000045776367,1092900
2025-10-21,55.52342987060547,56.33000183105469,56.4900016784668,55.7599983215332,55.970001220703125,1088400
2025-10-22,55.888126373291016,56.70000076293945,57.040000915527344,56.119998931884766,56.33000183105469,1657600
2025-10-23,55.976844787597656,56.790000915527344,57.47999954223633,56.33000183105469,57.2599983215332,1808200
2025-10-24,55.78955841064453,56.599998474121094,57.38999938964844,56.2599983215332,57.290000915527344,1138900
2025-10-27,55.42485809326172,56.22999954223633,56.880001068115234,55.91999816894531,56.56999969482422,1722600
2025-10-28,55.247432708740234,56.04999923706055,56.52000045776367,55.06999969482422,56.02000045776367,1822600
2025-10-29,53.09864807128906,53.869998931884766,56.2599983215332,53.7400016784668,56.2599983215332,3630300
2025-10-30,56.962520599365234,57.790000915527344,57.970001220703125,54.650001525878906,55.18000030517578,3843300
2025-10-31,56.785099029541016,57.61000061035156,58.880001068115234,57.040000915527344,58.060001373291016,3454200
2025-11-03,57.662353515625,58.5,58.560001373291016,56.81999969482422,57.4900016784668,3465600
2025-11-04,58.76631546020508,59.619998931884766,59.65999984741211,58.439998626708984,59.119998931884766,3035800
2025-11-05,58.81560134887695,59.66999816894531,60.349998474121094,59.380001068115234,59.90999984741211,2675400
2025-11-06,57.81020736694336,58.650001525878906,59.630001068115234,58.41999816894531,59.5,2457600
2025-11-07,57.770774841308594,58.61000061035156,58.88999938964844,58.290000915527344,58.88999938964844,1985300
2025-11-10,57.902286529541016,58.560001373291016,58.790000915527344,57.61000061035156,57.95000076293945,1989900
2025-11-11,57.872623443603516,58.529998779296875,59.099998474121094,58.25,58.65999984741211,10525300
2025-11-12,57.82318115234375,58.47999954223633,59.060001373291016,58.08000183105469,58.970001220703125,7939300
2025-11-13,56.962955474853516,57.61000061035156,58.43000030517578,57.20000076293945,57.9900016784668,3370500
2025-11-14,57.566104888916016,58.220001220703125,58.5099983215332,57.650001525878906,57.77000045776367,2749200
2025-11-17,57.30902099609375,57.959999084472656,58.709999084472656,57.88999938964844,58.27000045776367,3001500
2025-11-18,57.95172119140625,58.61000061035156,59.029998779296875,57.689998626708984,57.97999954223633,3351700
2025-11-19,58.683414459228516,59.349998474121094,59.4900016784668,58.5,58.5,2548700
2025-11-20,58.960269927978516,59.630001068115234,60.099998474121094,58.810001373291016,59.459999084472656,2746500
2025-11-21,59.63262939453125,60.310001373291016,60.619998931884766,59.5099983215332,59.88999938964844,2274200
2025-11-24,59.44476318359375,60.119998931884766,60.279998779296875,59.59000015258789,60.11000061035156,3504400
2025-11-25,60.532413482666016,61.220001220703125,61.459999084472656,60.0,60.380001068115234,2328600
2025-11-26,60.80926513671875,61.5,61.70000076293945,61.189998626708984,61.47999954223633,1927000
2025-11-28,60.789485931396484,61.47999954223633,61.84000015258789,61.38999938964844,61.38999938964844,1014700
2025-12-01,60.49285888671875,61.18000030517578,61.65999984741211,61.08000183105469,61.2599983215332,2332700
2025-12-02,60.216007232666016,60.900001525878906,61.56999969482422,60.58000183105469,61.33000183105469,1737700
2025-12-03,59.939151763916016,60.619998931884766,61.2400016784668,60.459999084472656,61.2400016784668,1710500
2025-12-04,59.66229248046875,60.34000015258789,61.029998779296875,60.150001525878906,60.77000045776367,1978000
2025-12-05,60.71038818359375,61.400001525878906,61.599998474121094,60.7599983215332,60.77000045776367,2276300
2025-12-08,59.860050201416016,60.540000915527344,61.40999984741211,60.4900016784668,61.220001220703125,3075200
2025-12-09,57.358463287353516,58.0099983215332,60.9900016784668,57.540000915527344,60.130001068115234,3467700
2025-12-10,58.10992431640625,58.77000045776367,59.18000030517578,57.75,58.02000045776367,3190100
2025-12-11,58.82184600830078,59.4900016784668,59.72999954223633,58.689998626708984,59.11000061035156,2018600
2025-12-12,59.375553131103516,60.04999923706055,60.060001373291016,59.45000076293945,59.72999954223633,2132600
2025-12-15,59.34588623046875,60.02000045776367,60.66999816894531,59.79999923706055,60.20000076293945,2082400
2025-12-16,58.79217529296875,59.459999084472656,60.459999084472656,59.2599983215332,59.41999816894531,2564300
2025-12-17,59.563419342041016,60.2400016784668,61.029998779296875,59.459999084472656,60.099998474121094,3913700
2025-12-18,59.513980865478516,60.189998626708984,60.95000076293945,59.9900016784668,60.02000045776367,2766600
2025-12-19,59.385440826416016,60.060001373291016,60.5,59.630001068115234,59.84000015258789,5805700
2025-12-22,60.45330810546875,61.13999938964844,61.18000030517578,59.619998931884766,59.83000183105469,2412200
2025-12-23,60.057804107666016,60.7400016784668,61.2400016784668,60.560001373291016,60.599998474121094,1582700
2025-12-24,59.97869873046875,60.65999984741211,60.880001068115234,60.27000045776367,60.540000915527344,975000
2025-12-26,59.91937255859375,60.599998474121094,60.900001525878906,60.290000915527344,60.900001525878906,1354300
2025-12-29,60.08746337890625,60.77000045776367,61.099998474121094,60.45000076293945,60.84000015258789,2086000
2025-12-30,59.75128173828125,60.43000030517578,60.619998931884766,60.2599983215332,60.470001220703125,1766800
2025-12-31,59.34588623046875,60.02000045776367,60.529998779296875,59.86000061035156,60.439998626708984,2658600
2026-01-02,58.34722900390625,59.0099983215332,60.02000045776367,58.599998474121094,59.75,2318400
2026-01-05,58.26812744140625,58.93000030517578,59.439998626708984,58.34000015258789,58.349998474121094,2365400
2026-01-06,58.841617584228516,59.5099983215332,59.84000015258789,57.959999084472656,58.40999984741211,2541700
2026-01-07,58.78228759765625,59.45000076293945,60.119998931884766,59.31999969482422,59.86000061035156,2144500
2026-01-08,59.53375244140625,60.209999084472656,60.22999954223633,59.189998626708984,59.38999938964844,1920600
2026-01-09,59.99847412109375,60.68000030517578,61.34000015258789,59.95000076293945,60.060001373291016,2049000
2026-01-12,60.324764251708984,61.0099983215332,61.25,60.529998779296875,60.880001068115234,1553500
2026-01-13,60.947689056396484,61.63999938964844,61.65999984741211,60.4900016784668,60.9900016784668,1838200
2026-01-14,61.46185302734375,62.15999984741211,62.20000076293945,61.43000030517578,61.540000915527344,1719200
2026-01-15,61.471736907958984,62.16999816894531,62.720001220703125,61.779998779296875,62.33000183105469,2067900
2026-01-16,62.02545166015625,62.72999954223633,62.810001373291016,61.900001525878906,62.06999969482422,2124800
2026-01-20,62.40118408203125,63.11000061035156,63.27000045776367,61.95000076293945,62.459999084472656,2881500
2026-01-21,62.589046478271484,63.29999923706055,63.560001373291016,62.599998474121094,63.41999816894531,2932800
2026-01-22,62.60882568359375,63.31999969482422,63.54999923706055,62.95000076293945,63.380001068115234,1862500
2026-01-23,62.203426361083984,62.90999984741211,63.560001373291016,62.720001220703125,63.279998779296875,1781100
2026-01-26,62.549495697021484,63.2599983215332,63.63999938964844,62.91999816894531,63.0,1139700
2026-01-27,62.77691650390625,63.4900016784668,63.84000015258789,63.189998626708984,63.279998779296875,2197600
2026-01-28,62.12432861328125,62.83000183105469,63.310001373291016,62.5099983215332,63.11000061035156,2745300
2026-01-29,62.322078704833984,63.029998779296875,63.34000015258789,62.09000015258789,62.65999984741211,2665900
2026-01-30,62.628597259521484,63.34000015258789,63.36000061035156,62.209999084472656,62.91999816894531,2310500
2026-02-02,62.796688079833984,63.5099983215332,63.709999084472656,62.779998779296875,63.52000045776367,2647600
2026-02-03,62.27264404296875,62.97999954223633,63.22999954223633,62.529998779296875,62.810001373291016,2905000
2026-02-04,62.796688079833984,63.5099983215332,63.83000183105469,62.4900016784668,63.20000076293945,2357500
2026-02-05,63.74590301513672,64.47000122070312,64.77999877929688,63.72999954223633,63.93000030517578,2842500
2026-02-06,64.11174774169922,64.83999633789062,65.02999877929688,64.0,64.48999786376953,1777100
2026-02-09,63.587703704833984,64.30999755859375,64.9000015258789,64.23999786376953,64.81999969482422,1881700
2026-02-10,64.24028778076172,64.97000122070312,65.12000274658203,64.27999877929688,64.41000366210938,2827000
2026-02-11,64.86321258544922,65.5999984741211,66.13999938964844,64.68000030517578,65.0,5094600
2026-02-12,58.03082275390625,58.689998626708984,60.36000061035156,55.36000061035156,55.650001525878906,15116100
2026-02-13,57.407901763916016,58.060001373291016,59.849998474121094,57.97999954223633,58.27000045776367,7634600
2026-02-17,59.405216217041016,60.08000183105469,60.61000061035156,58.68000030517578,59.349998474121094,5611300
2026-02-18,59.57330322265625,60.25,60.439998626708984,59.2400016784668,59.880001068115234,4982100
2026-02-19,60.23577880859375,60.91999816894531,61.290000915527344,60.34000015258789,60.5,2954300
2026-02-20,60.66094970703125,61.349998474121094,61.38999938964844,60.540000915527344,60.790000915527344,3809300
2026-02-23,59.701847076416016,60.380001068115234,61.689998626708984,60.349998474121094,61.06999969482422,4098100
2026-02-24,59.83038330078125,60.5099983215332,60.61000061035156,59.709999084472656,60.36000061035156,2961500
2026-02-25,58.64323806762695,59.130001068115234,60.439998626708984,58.720001220703125,60.2400016784668,3539400
2026-02-26,59.26805114746094,59.7599983215332,60.060001373291016,59.380001068115234,59.66999816894531,2397400
2026-02-27,60.38874816894531,60.88999938964844,60.88999938964844,59.619998931884766,60.0,3555600
2026-03-02,60.37883377075195,60.880001068115234,61.209999084472656,60.209999084472656,60.75,1986500
2026-03-03,59.6746711730957,60.16999816894531,60.790000915527344,59.5099983215332,60.54999923706055,1866900
2026-03-04,57.52253723144531,58.0,60.04999923706055,57.79999923706055,59.869998931884766,3701800
2026-03-05,57.691139221191406,58.16999816894531,58.65999984741211,57.15999984741211,57.63999938964844,3914900
2026-03-06,57.800235748291016,58.279998779296875,58.43000030517578,57.060001373291016,57.630001068115234,2076100
2026-03-09,57.09607696533203,57.56999969482422,58.20000076293945,56.779998779296875,57.83000183105469,3321700
2026-03-10,55.81669616699219,56.279998779296875,57.77000045776367,55.470001220703125,57.75,3734200
2026-03-11,55.61834716796875,56.08000183105469,56.27000045776367,55.349998474121094,56.15999984741211,2913300
2026-03-12,55.13237762451172,55.59000015258789,56.97999954223633,55.38999938964844,56.2400016784668,3190700
2026-03-13,54.67616653442383,55.130001068115234,56.599998474121094,55.0099983215332,56.15999984741211,2813400
2026-03-16,54.547237396240234,55.0,55.650001525878906,54.7599983215332,55.220001220703125,2376300
2026-03-17,55.38032150268555,55.84000015258789,55.97999954223633,55.16999816894531,55.400001525878906,2032400
2026-03-18,53.466209411621094,53.90999984741211,56.119998931884766,53.83000183105469,55.279998779296875,2628400
2026-03-19,53.64472961425781,54.09000015258789,54.52000045776367,53.470001220703125,53.720001220703125,2616800
2026-03-20,52.821556091308594,53.2599983215332,54.279998779296875,52.84000015258789,54.09000015258789,7548600
2026-03-23,52.771968841552734,53.209999084472656,54.150001525878906,53.11000061035156,53.47999954223633,2426200
2026-03-24,52.851314544677734,53.290000915527344,53.959999084472656,52.689998626708984,53.0,2704400
2026-03-25,53.03974533081055,53.47999954223633,54.15999984741211,52.380001068115234,53.90999984741211,2504000
2026-03-26,52.37526321411133,52.810001373291016,53.810001373291016,52.599998474121094,53.209999084472656,2503700
2026-03-27,52.028141021728516,52.459999084472656,53.0099983215332,52.31999969482422,52.70000076293945,2491300
2026-03-30,52.603370666503906,53.040000915527344,53.279998779296875,52.43000030517578,52.95000076293945,3161600
2026-03-31,52.9703254699707,53.40999984741211,54.029998779296875,52.79999923706055,54.029998779296875,3790800
2026-04-01,53.04966735839844,53.4900016784668,54.099998474121094,53.33000183105469,53.34000015258789,3591800
2026-04-02,53.48604202270508,53.93000030517578,54.279998779296875,53.15999984741211,53.31999969482422,2618800
2026-04-06,53.68439865112305,54.130001068115234,54.540000915527344,53.5,53.540000915527344,1610700
2026-04-07,53.257938385009766,53.70000076293945,54.16999816894531,53.470001220703125,54.15999984741211,2219900
2026-04-08,54.24970626831055,54.70000076293945,54.91999816894531,53.70000076293945,54.25,2266500
2026-04-09,55.33073425292969,55.790000915527344,55.9900016784668,54.25,54.459999084472656,3155000
2026-04-10,53.783573150634766,54.22999954223633,55.970001220703125,54.04999923706055,55.630001068115234,2726600
2026-04-13,54.21003723144531,54.65999984741211,54.68000030517578,53.709999084472656,54.290000915527344,2095100
2026-04-14,54.348880767822266,54.79999923706055,55.540000915527344,54.65999984741211,54.65999984741211,2706500
2026-04-15,53.93233871459961,54.380001068115234,55.0,53.97999954223633,54.599998474121094,2675200
2026-04-16,54.04143524169922,54.4900016784668,54.779998779296875,54.220001220703125,54.29999923706055,2258400
2026-04-17,54.547237396240234,55.0,55.65999984741211,54.58000183105469,54.650001525878906,2422900
2026-04-20,54.44805908203125,54.900001525878906,55.36000061035156,54.709999084472656,54.970001220703125,2400200
2026-04-21,54.259620666503906,54.709999084472656,55.06999969482422,54.18000030517578,54.709999084472656,3293100
2026-04-22,54.864601135253906,55.31999969482422,55.5,54.43000030517578,54.7599983215332,3731100
2026-04-23,56.52085494995117,56.9900016784668,57.439998626708984,54.81999969482422,54.900001525878906,5421500
2026-04-24,56.134063720703125,56.599998474121094,56.970001220703125,55.900001525878906,56.25,2484500
2026-04-27,55.50925064086914,55.970001220703125,57.36000061035156,55.86000061035156,57.0,3544100
2026-04-28,55.28114318847656,55.7400016784668,56.47999954223633,55.380001068115234,56.41999816894531,2051000
2026-04-29,54.8745231628418,55.33000183105469,55.81999969482422,54.9900016784668,55.619998931884766,1878400
2026-04-30,55.27122497558594,55.72999954223633,55.83000183105469,54.9900016784668,55.349998474121094,2508600
2026-05-01,54.329044342041016,54.779998779296875,56.20000076293945,54.63999938964844,56.119998931884766,1924300
2026-05-04,53.7042350769043,54.150001525878906,54.959999084472656,53.869998931884766,54.959999084472656,2932500
2026-05-05,53.6645622253418,54.11000061035156,54.52000045776367,53.27000045776367,54.02000045776367,2940200
2026-05-06,53.74390411376953,54.189998626708984,54.83000183105469,53.790000915527344,54.2400016784668,2543900
2026-05-07,53.942256927490234,54.38999938964844,54.63999938964844,53.869998931884766,54.15999984741211,1994700
2026-05-08,53.38686752319336,53.83000183105469,54.7400016784668,53.599998474121094,54.58000183105469,2407000
2026-05-11,52.62358856201172,52.880001068115234,54.099998474121094,52.5099983215332,53.86000061035156,2992200
2026-05-12,52.72310256958008,52.97999954223633,53.16999816894531,52.540000915527344,53.0099983215332,2808200
2026-05-13,52.56387710571289,52.81999969482422,53.400001525878906,51.95000076293945,52.720001220703125,3063500
2026-05-14,53.16096878051758,53.41999816894531,53.470001220703125,52.43000030517578,53.2599983215332,3088800
2026-05-15,53.16096878051758,53.41999816894531,53.939998626708984,53.2599983215332,53.77000045776367,4099100
2026-05-18,54.34519958496094,54.61000061035156,55.18000030517578,53.59000015258789,53.599998474121094,3013200
2026-05-19,53.47941970825195,53.7400016784668,54.95000076293945,53.68000030517578,54.52000045776367,3508200
2026-05-20,53.011695861816406,53.27000045776367,54.47999954223633,52.970001220703125,54.47999954223633,2533000
2026-05-21,52.762908935546875,53.02000045776367,53.529998779296875,52.400001525878906,52.900001525878906,2574300
2026-05-22,53.200775146484375,53.459999084472656,53.619998931884766,52.970001220703125,53.130001068115234,2083200
2026-05-26,52.90222930908203,53.15999984741211,53.529998779296875,52.93000030517578,53.47999954223633,2503600
2026-05-27,50.135711669921875,50.380001068115234,52.439998626708984,50.02000045776367,51.810001373291016,6781400
2026-05-28,49.180362701416016,49.41999816894531,50.31999969482422,49.38999938964844,49.66999816894531,4139800
2026-05-29,47.36918640136719,47.599998474121094,48.63999938964844,46.849998474121094,48.5,11454400
2026-06-01,46.095394134521484,46.31999969482422,47.810001373291016,46.06999969482422,47.540000915527344,6088100
2026-06-02,44.82160568237305,45.040000915527344,47.029998779296875,44.630001068115234,46.459999084472656,8153300
2026-06-03,45.56796646118164,45.790000915527344,45.810001373291016,44.43000030517578,45.11000061035156,6317800
2026-06-04,46.2745246887207,46.5,47.290000915527344,46.2599983215332,47.11000061035156,5462800
2026-06-05,46.871612548828125,47.099998474121094,47.86000061035156,46.720001220703125,47.0,4685000
2026-06-08,46.3541374206543,46.58000183105469,47.209999084472656,46.56999969482422,47.09000015258789,6478700
2026-06-09,47.29952621459961,47.529998779296875,47.970001220703125,46.400001525878906,46.63999938964844,5138400
2026-06-10,47.53836441040039,47.77000045776367,48.52000045776367,47.470001220703125,47.81999969482422,3508200
2026-06-11,46.82185745239258,47.04999923706055,47.7400016784668,46.84000015258789,47.06999969482422,3752800
2026-06-12,46.961177825927734,47.189998626708984,47.2400016784668,46.470001220703125,47.06999969482422,2626600
2026-06-15,46.672584533691406,46.900001525878906,47.349998474121094,46.650001525878906,47.060001373291016,2396700
2026-06-16,46.56311798095703,46.790000915527344,47.47999954223633,46.75,47.099998474121094,4080300
2026-06-17,44.91116714477539,45.130001068115234,46.529998779296875,44.720001220703125,46.27000045776367,4389400
2026-06-18,44.74198913574219,44.959999084472656,45.36000061035156,44.619998931884766,45.209999084472656,5894000
2026-06-22,44.19465637207031,44.40999984741211,44.560001373291016,44.09000015258789,44.290000915527344,4349000
2026-06-23,44.42354202270508,44.63999938964844,45.27000045776367,44.25,45.209999084472656,3599700
2026-06-24,44.32402801513672,44.540000915527344,45.15999984741211,44.439998626708984,44.93000030517578,5151600
2026-06-25,42.592464447021484,42.79999923706055,44.2400016784668,42.70000076293945,44.0099983215332,6156300
2026-06-26,43.060184478759766,43.27000045776367,43.43000030517578,42.61000061035156,42.900001525878906,7153100
2026-06-29,42.07498550415039,42.279998779296875,43.59000015258789,41.93000030517578,43.38999938964844,6019400
2026-06-30,41.53760528564453,41.7400016784668,42.119998931884766,41.5,42.040000915527344,4501300
2026-07-01,41.935665130615234,42.13999938964844,43.040000915527344,42.0,42.0,3489400
2026-07-02,43.169654846191406,43.380001068115234,43.63999938964844,42.54999923706055,42.56999969482422,4274900
2026-07-06,42.522804260253906,42.72999954223633,43.41999816894531,42.31999969482422,43.34000015258789,4628900
2026-07-07,43.40848922729492,43.619998931884766,44.29999923706055,43.29999923706055,43.54999923706055,4332300
2026-07-08,44.73204040527344,44.95000076293945,45.119998931884766,43.619998931884766,44.06999969482422,6273500
2026-07-09,44.552913665771484,44.77000045776367,45.470001220703125,44.2599983215332,44.63999938964844,5458700
2026-07-10,44.25436782836914,44.470001220703125,44.86000061035156,43.7599983215332,44.65999984741211,3586400
2026-07-13,44.70218276977539,44.91999816894531,45.040000915527344,44.36000061035156,44.66999816894531,2918700
2026-07-14,44.07524108886719,44.290000915527344,44.70000076293945,44.20000076293945,44.290000915527344,3655600
2026-07-15,43.54780960083008,43.7599983215332,44.81999969482422,43.41999816894531,44.34000015258789,4302800
2026-07-16,45.239566802978516,45.459999084472656,45.70000076293945,44.470001220703125,44.470001220703125,4620300
2026-07-17,44.891265869140625,45.11000061035156,46.36000061035156,44.93000030517578,46.18000030517578,5527600
2026-07-20,44.5230598449707,44.7400016784668,45.189998626708984,44.54999923706055,45.11000061035156,5140600
2026-07-21,43.64732360839844,43.86000061035156,44.459999084472656,43.81999969482422,44.08000183105469,5441300
2026-07-22,43.25921630859375,43.470001220703125,44.599998474121094,43.09000015258789,44.54999923706055,6591600
2026-07-23,39.248756408691406,39.439998626708984,39.790000915527344,36.59000015258789,37.33000183105469,18006600
2026-07-24,38.373023986816406,38.560001373291016,39.04999923706055,37.900001525878906,38.79999923706055,9489800
2026-07-27,38.880550384521484,39.06999969482422,39.630001068115234,38.599998474121094,38.95000076293945,6591100
2026-07-28,38.820838928222656,39.0099983215332,40.150001525878906,38.689998626708984,39.66999816894531,7149900
2026-07-29,38.562103271484375,38.75,39.77000045776367,38.689998626708984,39.40999984741211,5939300
2026-07-30,38.164039611816406,38.349998474121094,38.56999969482422,36.9900016784668,37.47999954223633,9567500
2026-07-31,37.785884857177734,37.970001220703125,38.209999084472656,37.54999923706055,38.0,5601300
2026-08-03,38.004817962646484,38.189998626708984,38.52000045776367,38.060001373291016,38.08000183105469,6048800
2026-08-04,37.62666320800781,37.810001373291016,38.06999969482422,37.54999923706055,37.81999969482422,3803000
2026-08-05,37.38782501220703,37.56999969482422,37.86000061035156,36.9900016784668,37.810001373291016,5099500
2026-08-06,36.65141296386719,36.83000183105469,37.75,36.349998474121094,37.75,6314800
2026-08-07,37.557003021240234,37.7400016784668,37.849998474121094,36.689998626708984,36.75,5675200
2026-08-10,37.22999954223633,37.22999954223633,37.5099983215332,36.959999084472656,37.380001068115234,4902200
2026-08-11,37.0099983215332,37.0099983215332,37.31999969482422,36.83000183105469,37.08000183105469,5658500
2026-08-12,36.52000045776367,36.52000045776367,36.970001220703125,36.29999923706055,36.47999954223633,6167300
2026-08-13,36.220001220703125,36.220001220703125,37.029998779296875,36.189998626708984,36.79999923706055,5405200
2026-08-14,36.20000076293945,36.20000076293945,36.5,35.970001220703125,36.45000076293945,3629400
2026-08-17,36.02000045776367,36.02000045776367,36.599998474121094,35.91999816894531,36.09000015258789,3946400
2026-08-18,36.31999969482422,36.31999969482422,36.59000015258789,35.83000183105469,36.25,4009400
2026-08-19,36.2599983215332,36.2599983215332,37.2599983215332,36.25,36.5,4121100
2026-08-20,36.380001068115234,36.380001068115234,36.5099983215332,35.880001068115234,36.13999938964844,3574900
2026-08-21,36.90999984741211,36.90999984741211,37.209999084472656,36.36000061035156,36.470001220703125,3772500
2026-08-24,37.2599983215332,37.2599983215332,37.72999954223633,37.08000183105469,37.08000183105469,3391400
2026-08-25,36.36000061035156,36.36000061035156,36.959999084472656,36.150001525878906,36.88999938964844,4639300
2026-08-26,36.70000076293945,36.70000076293945,37.470001220703125,36.2599983215332,36.33000183105469,6356000
2026-08-27,35.939998626708984,35.939998626708984,36.56999969482422,35.810001373291016,36.56999969482422,2736500
2026-08-28,36.380001068115234,36.380001068115234,36.5099983215332,35.970001220703125,36.06999969482422,2723400
2026-08-31,36.06999969482422,36.06999969482422,36.63999938964844,35.95000076293945,36.16999816894531,5060100
2026-09-01,36.189998626708984,36.189998626708984,36.470001220703125,35.849998474121094,36.18000030517578,3766400
2026-09-02,35.709999084472656,35.709999084472656,36.119998931884766,35.47999954223633,36.099998474121094,4935800
2026-09-03,35.709999084472656,35.709999084472656,36.439998626708984,35.470001220703125,36.060001373291016,5050500
2026-09-04,35.86000061035156,35.86000061035156,36.22999954223633,35.25,35.459999084472656,5236800
2026-09-08,34.95000076293945,34.95000076293945,35.650001525878906,34.95000076293945,35.61000061035156,5833300
2026-09-09,34.540000915527344,34.540000915527344,34.880001068115234,34.349998474121094,34.869998931884766,4328700
2026-09-10,34.560001373291016,34.560001373291016,35.33000183105469,34.470001220703125,34.810001373291016,5260300
2026-09-11,34.72999954223633,34.72999954223633,34.88999938964844,34.439998626708984,34.72999954223633,3265200
